{
	"ASASSN-15rw":{
		"schema":"https://github.com/astrocatalogs/supernovae/blob/a0bc0b9/SCHEMA.md",
		"name":"ASASSN-15rw",
		"sources":[
			{
				"name":"2016ApJ...827L..40S",
				"bibcode":"2016ApJ...827L..40S",
				"reference":"Smartt et al. (2016)",
				"alias":"1"
			},
			{
				"name":"2016A&A...594A..13P",
				"bibcode":"2016A&A...594A..13P",
				"reference":"Planck Collaboration et al. (2016)",
				"alias":"2"
			},
			{
				"name":"2015ATel.8212....1B",
				"bibcode":"2015ATel.8212....1B",
				"reference":"Brown et al. (2015)",
				"alias":"3"
			},
			{
				"name":"2015ATel.8239....1K",
				"bibcode":"2015ATel.8239....1K",
				"reference":"Kilpatrick et al. (2015)",
				"alias":"4"
			},
			{
				"name":"ATel 8249",
				"bibcode":"2015ATel.8249....1R",
				"reference":"Rui, Zhang, & Wang (2015)",
				"url":"http://www.astronomerstelegram.org/?read=8249",
				"alias":"5"
			},
			{
				"name":"2011ApJ...737..103S",
				"bibcode":"2011ApJ...737..103S",
				"reference":"Schlafly & Finkbeiner (2011)",
				"alias":"6"
			},
			{
				"name":"Catalina Sky Survey",
				"bibcode":"2009ApJ...696..870D",
				"reference":"Drake et al. (2009)",
				"url":"http://nesssi.cacr.caltech.edu/catalina/AllSN.html",
				"alias":"7"
			},
			{
				"name":"Pan-STARRS 3Pi",
				"url":"http://psweb.mp.qub.ac.uk/ps1threepi/psdb/",
				"alias":"8"
			},
			{
				"name":"ASAS-SN Supernovae",
				"url":"http://www.astronomy.ohio-state.edu/~assassin/sn_list.html",
				"alias":"9"
			},
			{
				"name":"Latest Supernovae",
				"secondary":true,
				"url":"http://www.rochesterastronomy.org/snimages/snredshiftall.html",
				"alias":"10"
			},
			{
				"name":"The Open Supernova Catalog",
				"bibcode":"2017ApJ...835...64G",
				"reference":"Guillochon et al. (2017)",
				"secondary":true,
				"url":"https://sne.space",
				"alias":"11"
			},
			{
				"name":"SIMBAD astronomical database",
				"bibcode":"2000A&AS..143....9W",
				"reference":"Wenger et al. (2000)",
				"secondary":true,
				"url":"http://simbad.u-strasbg.fr/",
				"alias":"12"
			}
		],
		"alias":[
			{
				"value":"ASASSN-15rw",
				"source":"1,3,7,8,9,10,12"
			},
			{
				"value":"CSS151031:021558+121414",
				"source":"3,8,10"
			},
			{
				"value":"MLS151211:021558+121414",
				"source":"3,7,10,11"
			},
			{
				"value":"PS15coh",
				"source":"1,3,10,11"
			},
			{
				"value":"iPTF15fev",
				"source":"1"
			}
		],
		"claimedtype":[
			{
				"value":"Ia",
				"source":"1,3,4,5,9,10,12"
			}
		],
		"comovingdist":[
			{
				"value":"83.3",
				"derived":true,
				"u_value":"Mpc",
				"source":"2,3,9,11"
			}
		],
		"dec":[
			{
				"value":"+12:14:14.60",
				"u_value":"degrees",
				"source":"3,12"
			},
			{
				"value":"+12:14:14.6",
				"u_value":"degrees",
				"source":"3,10"
			},
			{
				"value":"+12:14:13.6",
				"u_value":"degrees",
				"source":"1,3,8"
			},
			{
				"value":"+12:14:13.92",
				"u_value":"degrees",
				"source":"3,7,9"
			}
		],
		"discoverdate":[
			{
				"value":"2015/10/24",
				"source":"3,10"
			}
		],
		"discoverer":[
			{
				"value":"ASAS-SN",
				"source":"3,10"
			}
		],
		"ebv":[
			{
				"value":"0.1197",
				"derived":true,
				"e_value":"0.0054",
				"source":"6,11"
			}
		],
		"host":[
			{
				"value":"GALEXASC J021558.44+121415.2",
				"source":"3,9"
			}
		],
		"hostdec":[
			{
				"value":"+12:14:15.2",
				"derived":true,
				"u_value":"degrees",
				"source":"11"
			}
		],
		"hostoffsetang":[
			{
				"value":"1.56",
				"u_value":"arcseconds",
				"source":"3,9"
			}
		],
		"hostoffsetdist":[
			{
				"value":"0.618",
				"source":"2,3,9,11,12"
			}
		],
		"hostra":[
			{
				"value":"02:15:58.44",
				"derived":true,
				"u_value":"hours",
				"source":"11"
			}
		],
		"lumdist":[
			{
				"value":"84.85",
				"derived":true,
				"u_value":"Mpc",
				"source":"2,3,9,11"
			}
		],
		"maxabsmag":[
			{
				"value":"-18.62",
				"derived":true,
				"source":"2,3,9,11"
			}
		],
		"maxappmag":[
			{
				"value":"16",
				"derived":true,
				"source":"3,8,11"
			}
		],
		"maxband":[
			{
				"value":"r",
				"derived":true,
				"source":"3,8,11"
			}
		],
		"maxdate":[
			{
				"value":"2015/11/18",
				"derived":true,
				"source":"3,8,11"
			}
		],
		"maxvisualabsmag":[
			{
				"value":"-18.64",
				"derived":true,
				"source":"2,3,9,11"
			}
		],
		"maxvisualappmag":[
			{
				"value":"16",
				"derived":true,
				"source":"3,8,11"
			}
		],
		"maxvisualband":[
			{
				"value":"r",
				"derived":true,
				"source":"3,8,11"
			}
		],
		"maxvisualdate":[
			{
				"value":"2015/11/18",
				"derived":true,
				"source":"3,8,11"
			}
		],
		"ra":[
			{
				"value":"02:15:58.150",
				"u_value":"hours",
				"source":"3,12"
			},
			{
				"value":"02:15:58.15",
				"u_value":"hours",
				"source":"3,10"
			},
			{
				"value":"02:15:58.44",
				"u_value":"hours",
				"source":"3,8"
			},
			{
				"value":"02:15:58.45",
				"u_value":"hours",
				"source":"1"
			},
			{
				"value":"02:15:58.464",
				"u_value":"hours",
				"source":"7"
			},
			{
				"value":"02:15:58.488",
				"u_value":"hours",
				"source":"3,9"
			}
		],
		"redshift":[
			{
				"value":"0.0189",
				"source":"3,9"
			}
		],
		"velocity":[
			{
				"value":"5610",
				"u_value":"km/s",
				"source":"11"
			}
		],
		"photometry":[
			{
				"band":"C",
				"e_magnitude":"1.0",
				"host":true,
				"magnitude":"18.0",
				"telescope":"Catalina Schmidt",
				"source":"7"
			},
			{
				"time":"53642.440002",
				"band":"C",
				"e_magnitude":"0.022396",
				"e_time":"0.125",
				"includeshost":true,
				"magnitude":"17.44392",
				"telescope":"Catalina Schmidt",
				"u_time":"MJD",
				"source":"7"
			},
			{
				"time":"53642.47998",
				"band":"C",
				"e_magnitude":"0.022608",
				"e_time":"0.125",
				"includeshost":true,
				"magnitude":"17.516525",
				"telescope":"Catalina Schmidt",
				"u_time":"MJD",
				"source":"7"
			},
			{
				"time":"53642.519989",
				"band":"C",
				"e_magnitude":"0.022568",
				"e_time":"0.125",
				"includeshost":true,
				"magnitude":"17.463631",
				"telescope":"Catalina Schmidt",
				"u_time":"MJD",
				"source":"7"
			},
			{
				"time":"53642.559998",
				"band":"C",
				"e_magnitude":"0.022133",
				"e_time":"0.125",
				"includeshost":true,
				"magnitude":"17.434107",
				"telescope":"Catalina Schmidt",
				"u_time":"MJD",
				"source":"7"
			},
			{
				"time":"53667.440002",
				"band":"C",
				"e_magnitude":"0.026788",
				"e_time":"0.125",
				"includeshost":true,
				"magnitude":"17.582478",
				"telescope":"Catalina Schmidt",
				"u_time":"MJD",
				"source":"7"
			},
			{
				"time":"53667.47998",
				"band":"C",
				"e_magnitude":"0.027171",
				"e_time":"0.125",
				"includeshost":true,
				"magnitude":"17.566406",
				"telescope":"Catalina Schmidt",
				"u_time":"MJD",
				"source":"7"
			},
			{
				"time":"53667.519989",
				"band":"C",
				"e_magnitude":"0.026307",
				"e_time":"0.125",
				"includeshost":true,
				"magnitude":"17.500814",
				"telescope":"Catalina Schmidt",
				"u_time":"MJD",
				"source":"7"
			},
			{
				"time":"53667.559998",
				"band":"C",
				"e_magnitude":"0.025812",
				"e_time":"0.125",
				"includeshost":true,
				"magnitude":"17.448053",
				"telescope":"Catalina Schmidt",
				"u_time":"MJD",
				"source":"7"
			},
			{
				"time":"53702.440002",
				"band":"C",
				"e_magnitude":"0.031583",
				"e_time":"0.125",
				"includeshost":true,
				"magnitude":"17.475082",
				"telescope":"Catalina Schmidt",
				"u_time":"MJD",
				"source":"7"
			},
			{
				"time":"53702.47998",
				"band":"C",
				"e_magnitude":"0.030787",
				"e_time":"0.125",
				"includeshost":true,
				"magnitude":"17.394932",
				"telescope":"Catalina Schmidt",
				"u_time":"MJD",
				"source":"7"
			},
			{
				"time":"53702.519989",
				"band":"C",
				"e_magnitude":"0.030224",
				"e_time":"0.125",
				"includeshost":true,
				"magnitude":"17.383356",
				"telescope":"Catalina Schmidt",
				"u_time":"MJD",
				"source":"7"
			},
			{
				"time":"53702.559998",
				"band":"C",
				"e_magnitude":"0.030767",
				"e_time":"0.125",
				"includeshost":true,
				"magnitude":"17.462599",
				"telescope":"Catalina Schmidt",
				"u_time":"MJD",
				"source":"7"
			},
			{
				"time":"53703.440002",
				"band":"C",
				"e_magnitude":"0.031248",
				"e_time":"0.125",
				"includeshost":true,
				"magnitude":"17.42395",
				"telescope":"Catalina Schmidt",
				"u_time":"MJD",
				"source":"7"
			},
			{
				"time":"53703.47998",
				"band":"C",
				"e_magnitude":"0.033028",
				"e_time":"0.125",
				"includeshost":true,
				"magnitude":"17.557117",
				"telescope":"Catalina Schmidt",
				"u_time":"MJD",
				"source":"7"
			},
			{
				"time":"53703.519989",
				"band":"C",
				"e_magnitude":"0.030693",
				"e_time":"0.125",
				"includeshost":true,
				"magnitude":"17.396931",
				"telescope":"Catalina Schmidt",
				"u_time":"MJD",
				"source":"7"
			},
			{
				"time":"53703.559998",
				"band":"C",
				"e_magnitude":"0.03037",
				"e_time":"0.125",
				"includeshost":true,
				"magnitude":"17.343166",
				"telescope":"Catalina Schmidt",
				"u_time":"MJD",
				"source":"7"
			},
			{
				"time":"53708.440002",
				"band":"C",
				"e_magnitude":"0.031875",
				"e_time":"0.125",
				"includeshost":true,
				"magnitude":"17.508696",
				"telescope":"Catalina Schmidt",
				"u_time":"MJD",
				"source":"7"
			},
			{
				"time":"53708.47998",
				"band":"C",
				"e_magnitude":"0.031374",
				"e_time":"0.125",
				"includeshost":true,
				"magnitude":"17.497396",
				"telescope":"Catalina Schmidt",
				"u_time":"MJD",
				"source":"7"
			},
			{
				"time":"53708.519989",
				"band":"C",
				"e_magnitude":"0.030513",
				"e_time":"0.125",
				"includeshost":true,
				"magnitude":"17.42127",
				"telescope":"Catalina Schmidt",
				"u_time":"MJD",
				"source":"7"
			},
			{
				"time":"53708.559998",
				"band":"C",
				"e_magnitude":"0.031981",
				"e_time":"0.125",
				"includeshost":true,
				"magnitude":"17.44338",
				"telescope":"Catalina Schmidt",
				"u_time":"MJD",
				"source":"7"
			},
			{
				"time":"53735.440002",
				"band":"C",
				"e_magnitude":"0.026999",
				"e_time":"0.125",
				"includeshost":true,
				"magnitude":"17.411343",
				"telescope":"Catalina Schmidt",
				"u_time":"MJD",
				"source":"7"
			},
			{
				"time":"53735.47998",
				"band":"C",
				"e_magnitude":"0.026576",
				"e_time":"0.125",
				"includeshost":true,
				"magnitude":"17.407681",
				"telescope":"Catalina Schmidt",
				"u_time":"MJD",
				"source":"7"
			},
			{
				"time":"53735.519989",
				"band":"C",
				"e_magnitude":"0.027775",
				"e_time":"0.125",
				"includeshost":true,
				"magnitude":"17.482986",
				"telescope":"Catalina Schmidt",
				"u_time":"MJD",
				"source":"7"
			},
			{
				"time":"53735.559998",
				"band":"C",
				"e_magnitude":"0.027978",
				"e_time":"0.125",
				"includeshost":true,
				"magnitude":"17.36915",
				"telescope":"Catalina Schmidt",
				"u_time":"MJD",
				"source":"7"
			},
			{
				"time":"53740.440002",
				"band":"C",
				"e_magnitude":"0.031892",
				"e_time":"0.125",
				"includeshost":true,
				"magnitude":"17.577881",
				"telescope":"Catalina Schmidt",
				"u_time":"MJD",
				"source":"7"
			},
			{
				"time":"53740.47998",
				"band":"C",
				"e_magnitude":"0.030456",
				"e_time":"0.125",
				"includeshost":true,
				"magnitude":"17.407322",
				"telescope":"Catalina Schmidt",
				"u_time":"MJD",
				"source":"7"
			},
			{
				"time":"53740.519989",
				"band":"C",
				"e_magnitude":"0.030473",
				"e_time":"0.125",
				"includeshost":true,
				"magnitude":"17.3748",
				"telescope":"Catalina Schmidt",
				"u_time":"MJD",
				"source":"7"
			},
			{
				"time":"53740.559998",
				"band":"C",
				"e_magnitude":"0.030622",
				"e_time":"0.125",
				"includeshost":true,
				"magnitude":"17.500544",
				"telescope":"Catalina Schmidt",
				"u_time":"MJD",
				"source":"7"
			},
			{
				"time":"53763.440002",
				"band":"C",
				"e_magnitude":"0.03172",
				"e_time":"0.125",
				"includeshost":true,
				"magnitude":"17.512985",
				"telescope":"Catalina Schmidt",
				"u_time":"MJD",
				"source":"7"
			},
			{
				"time":"53763.480042",
				"band":"C",
				"e_magnitude":"0.031815",
				"e_time":"0.125",
				"includeshost":true,
				"magnitude":"17.624535",
				"telescope":"Catalina Schmidt",
				"u_time":"MJD",
				"source":"7"
			},
			{
				"time":"53763.52002",
				"band":"C",
				"e_magnitude":"0.031643",
				"e_time":"0.125",
				"includeshost":true,
				"magnitude":"17.556562",
				"telescope":"Catalina Schmidt",
				"u_time":"MJD",
				"source":"7"
			},
			{
				"time":"53763.559998",
				"band":"C",
				"e_magnitude":"0.030642",
				"e_time":"0.125",
				"includeshost":true,
				"magnitude":"17.457476",
				"telescope":"Catalina Schmidt",
				"u_time":"MJD",
				"source":"7"
			},
			{
				"time":"54003.440002",
				"band":"C",
				"e_magnitude":"0.03134",
				"e_time":"0.125",
				"includeshost":true,
				"magnitude":"17.390768",
				"telescope":"Catalina Schmidt",
				"u_time":"MJD",
				"source":"7"
			},
			{
				"time":"54003.480042",
				"band":"C",
				"e_magnitude":"0.030848",
				"e_time":"0.125",
				"includeshost":true,
				"magnitude":"17.496939",
				"telescope":"Catalina Schmidt",
				"u_time":"MJD",
				"source":"7"
			},
			{
				"time":"54003.52002",
				"band":"C",
				"e_magnitude":"0.031563",
				"e_time":"0.125",
				"includeshost":true,
				"magnitude":"17.495279",
				"telescope":"Catalina Schmidt",
				"u_time":"MJD",
				"source":"7"
			},
			{
				"time":"54003.559998",
				"band":"C",
				"e_magnitude":"0.031886",
				"e_time":"0.125",
				"includeshost":true,
				"magnitude":"17.471472",
				"telescope":"Catalina Schmidt",
				"u_time":"MJD",
				"source":"7"
			},
			{
				"time":"54024.440002",
				"band":"C",
				"e_magnitude":"0.03366",
				"e_time":"0.125",
				"includeshost":true,
				"magnitude":"17.458632",
				"telescope":"Catalina Schmidt",
				"u_time":"MJD",
				"source":"7"
			},
			{
				"time":"54035.440002",
				"band":"C",
				"e_magnitude":"0.02724",
				"e_time":"0.125",
				"includeshost":true,
				"magnitude":"17.467354",
				"telescope":"Catalina Schmidt",
				"u_time":"MJD",
				"source":"7"
			},
			{
				"time":"54035.480042",
				"band":"C",
				"e_magnitude":"0.027174",
				"e_time":"0.125",
				"includeshost":true,
				"magnitude":"17.54048",
				"telescope":"Catalina Schmidt",
				"u_time":"MJD",
				"source":"7"
			},
			{
				"time":"54035.52002",
				"band":"C",
				"e_magnitude":"0.027088",
				"e_time":"0.125",
				"includeshost":true,
				"magnitude":"17.487514",
				"telescope":"Catalina Schmidt",
				"u_time":"MJD",
				"source":"7"
			},
			{
				"time":"54035.559998",
				"band":"C",
				"e_magnitude":"0.027068",
				"e_time":"0.125",
				"includeshost":true,
				"magnitude":"17.488312",
				"telescope":"Catalina Schmidt",
				"u_time":"MJD",
				"source":"7"
			},
			{
				"time":"54037.440002",
				"band":"C",
				"e_magnitude":"0.031079",
				"e_time":"0.125",
				"includeshost":true,
				"magnitude":"17.498587",
				"telescope":"Catalina Schmidt",
				"u_time":"MJD",
				"source":"7"
			},
			{
				"time":"54037.480042",
				"band":"C",
				"e_magnitude":"0.030627",
				"e_time":"0.125",
				"includeshost":true,
				"magnitude":"17.417919",
				"telescope":"Catalina Schmidt",
				"u_time":"MJD",
				"source":"7"
			},
			{
				"time":"54037.52002",
				"band":"C",
				"e_magnitude":"0.034973",
				"e_time":"0.125",
				"includeshost":true,
				"magnitude":"17.557842",
				"telescope":"Catalina Schmidt",
				"u_time":"MJD",
				"source":"7"
			},
			{
				"time":"54037.559998",
				"band":"C",
				"e_magnitude":"0.031314",
				"e_time":"0.125",
				"includeshost":true,
				"magnitude":"17.437943",
				"telescope":"Catalina Schmidt",
				"u_time":"MJD",
				"source":"7"
			},
			{
				"time":"54052.440002",
				"band":"C",
				"e_magnitude":"0.031142",
				"e_time":"0.125",
				"includeshost":true,
				"magnitude":"17.444889",
				"telescope":"Catalina Schmidt",
				"u_time":"MJD",
				"source":"7"
			},
			{
				"time":"54052.480042",
				"band":"C",
				"e_magnitude":"0.030825",
				"e_time":"0.125",
				"includeshost":true,
				"magnitude":"17.441959",
				"telescope":"Catalina Schmidt",
				"u_time":"MJD",
				"source":"7"
			},
			{
				"time":"54052.52002",
				"band":"C",
				"e_magnitude":"0.029875",
				"e_time":"0.125",
				"includeshost":true,
				"magnitude":"17.399784",
				"telescope":"Catalina Schmidt",
				"u_time":"MJD",
				"source":"7"
			},
			{
				"time":"54052.559998",
				"band":"C",
				"e_magnitude":"0.030424",
				"e_time":"0.125",
				"includeshost":true,
				"magnitude":"17.363602",
				"telescope":"Catalina Schmidt",
				"u_time":"MJD",
				"source":"7"
			},
			{
				"time":"54061.440002",
				"band":"C",
				"e_magnitude":"0.032207",
				"e_time":"0.125",
				"includeshost":true,
				"magnitude":"17.543951",
				"telescope":"Catalina Schmidt",
				"u_time":"MJD",
				"source":"7"
			},
			{
				"time":"54061.480042",
				"band":"C",
				"e_magnitude":"0.030647",
				"e_time":"0.125",
				"includeshost":true,
				"magnitude":"17.436543",
				"telescope":"Catalina Schmidt",
				"u_time":"MJD",
				"source":"7"
			},
			{
				"time":"54061.52002",
				"band":"C",
				"e_magnitude":"0.031168",
				"e_time":"0.125",
				"includeshost":true,
				"magnitude":"17.433617",
				"telescope":"Catalina Schmidt",
				"u_time":"MJD",
				"source":"7"
			},
			{
				"time":"54061.559998",
				"band":"C",
				"e_magnitude":"0.031248",
				"e_time":"0.125",
				"includeshost":true,
				"magnitude":"17.482101",
				"telescope":"Catalina Schmidt",
				"u_time":"MJD",
				"source":"7"
			},
			{
				"time":"54083.440002",
				"band":"C",
				"e_magnitude":"0.03281",
				"e_time":"0.125",
				"includeshost":true,
				"magnitude":"17.463717",
				"telescope":"Catalina Schmidt",
				"u_time":"MJD",
				"source":"7"
			},
			{
				"time":"54083.480042",
				"band":"C",
				"e_magnitude":"0.031617",
				"e_time":"0.125",
				"includeshost":true,
				"magnitude":"17.41161",
				"telescope":"Catalina Schmidt",
				"u_time":"MJD",
				"source":"7"
			},
			{
				"time":"54083.52002",
				"band":"C",
				"e_magnitude":"0.033116",
				"e_time":"0.125",
				"includeshost":true,
				"magnitude":"17.55308",
				"telescope":"Catalina Schmidt",
				"u_time":"MJD",
				"source":"7"
			},
			{
				"time":"54083.559998",
				"band":"C",
				"e_magnitude":"0.032699",
				"e_time":"0.125",
				"includeshost":true,
				"magnitude":"17.487797",
				"telescope":"Catalina Schmidt",
				"u_time":"MJD",
				"source":"7"
			},
			{
				"time":"54110.440002",
				"band":"C",
				"e_magnitude":"0.0314",
				"e_time":"0.125",
				"includeshost":true,
				"magnitude":"17.463646",
				"telescope":"Catalina Schmidt",
				"u_time":"MJD",
				"source":"7"
			},
			{
				"time":"54110.480042",
				"band":"C",
				"e_magnitude":"0.032003",
				"e_time":"0.125",
				"includeshost":true,
				"magnitude":"17.437664",
				"telescope":"Catalina Schmidt",
				"u_time":"MJD",
				"source":"7"
			},
			{
				"time":"54110.52002",
				"band":"C",
				"e_magnitude":"0.032135",
				"e_time":"0.125",
				"includeshost":true,
				"magnitude":"17.474518",
				"telescope":"Catalina Schmidt",
				"u_time":"MJD",
				"source":"7"
			},
			{
				"time":"54110.559998",
				"band":"C",
				"e_magnitude":"0.031723",
				"e_time":"0.125",
				"includeshost":true,
				"magnitude":"17.422991",
				"telescope":"Catalina Schmidt",
				"u_time":"MJD",
				"source":"7"
			},
			{
				"time":"54137.440002",
				"band":"C",
				"e_magnitude":"0.031709",
				"e_time":"0.125",
				"includeshost":true,
				"magnitude":"17.500744",
				"telescope":"Catalina Schmidt",
				"u_time":"MJD",
				"source":"7"
			},
			{
				"time":"54137.480042",
				"band":"C",
				"e_magnitude":"0.030667",
				"e_time":"0.125",
				"includeshost":true,
				"magnitude":"17.414515",
				"telescope":"Catalina Schmidt",
				"u_time":"MJD",
				"source":"7"
			},
			{
				"time":"54137.52002",
				"band":"C",
				"e_magnitude":"0.032078",
				"e_time":"0.125",
				"includeshost":true,
				"magnitude":"17.466434",
				"telescope":"Catalina Schmidt",
				"u_time":"MJD",
				"source":"7"
			},
			{
				"time":"54137.559998",
				"band":"C",
				"e_magnitude":"0.032207",
				"e_time":"0.125",
				"includeshost":true,
				"magnitude":"17.486944",
				"telescope":"Catalina Schmidt",
				"u_time":"MJD",
				"source":"7"
			},
			{
				"time":"54348.440063",
				"band":"C",
				"e_magnitude":"0.029594",
				"e_time":"0.125",
				"includeshost":true,
				"magnitude":"17.309412",
				"telescope":"Catalina Schmidt",
				"u_time":"MJD",
				"source":"7"
			},
			{
				"time":"54348.47998",
				"band":"C",
				"e_magnitude":"0.030653",
				"e_time":"0.125",
				"includeshost":true,
				"magnitude":"17.51129",
				"telescope":"Catalina Schmidt",
				"u_time":"MJD",
				"source":"7"
			},
			{
				"time":"54348.52002",
				"band":"C",
				"e_magnitude":"0.029889",
				"e_time":"0.125",
				"includeshost":true,
				"magnitude":"17.416904",
				"telescope":"Catalina Schmidt",
				"u_time":"MJD",
				"source":"7"
			},
			{
				"time":"54348.560059",
				"band":"C",
				"e_magnitude":"0.029792",
				"e_time":"0.125",
				"includeshost":true,
				"magnitude":"17.489607",
				"telescope":"Catalina Schmidt",
				"u_time":"MJD",
				"source":"7"
			},
			{
				"time":"54368.440063",
				"band":"C",
				"e_magnitude":"0.034884",
				"e_time":"0.125",
				"includeshost":true,
				"magnitude":"17.408897",
				"telescope":"Catalina Schmidt",
				"u_time":"MJD",
				"source":"7"
			},
			{
				"time":"54368.47998",
				"band":"C",
				"e_magnitude":"0.034072",
				"e_time":"0.125",
				"includeshost":true,
				"magnitude":"17.484169",
				"telescope":"Catalina Schmidt",
				"u_time":"MJD",
				"source":"7"
			},
			{
				"time":"54368.52002",
				"band":"C",
				"e_magnitude":"0.036613",
				"e_time":"0.125",
				"includeshost":true,
				"magnitude":"17.550158",
				"telescope":"Catalina Schmidt",
				"u_time":"MJD",
				"source":"7"
			},
			{
				"time":"54368.560059",
				"band":"C",
				"e_magnitude":"0.035428",
				"e_time":"0.125",
				"includeshost":true,
				"magnitude":"17.558664",
				"telescope":"Catalina Schmidt",
				"u_time":"MJD",
				"source":"7"
			},
			{
				"time":"54403.440063",
				"band":"C",
				"e_magnitude":"0.02809",
				"e_time":"0.125",
				"includeshost":true,
				"magnitude":"17.35248",
				"telescope":"Catalina Schmidt",
				"u_time":"MJD",
				"source":"7"
			},
			{
				"time":"54403.47998",
				"band":"C",
				"e_magnitude":"0.02932",
				"e_time":"0.125",
				"includeshost":true,
				"magnitude":"17.441034",
				"telescope":"Catalina Schmidt",
				"u_time":"MJD",
				"source":"7"
			},
			{
				"time":"54403.52002",
				"band":"C",
				"e_magnitude":"0.029208",
				"e_time":"0.125",
				"includeshost":true,
				"magnitude":"17.502172",
				"telescope":"Catalina Schmidt",
				"u_time":"MJD",
				"source":"7"
			},
			{
				"time":"54403.560059",
				"band":"C",
				"e_magnitude":"0.029989",
				"e_time":"0.125",
				"includeshost":true,
				"magnitude":"17.55661",
				"telescope":"Catalina Schmidt",
				"u_time":"MJD",
				"source":"7"
			},
			{
				"time":"54408.440063",
				"band":"C",
				"e_magnitude":"0.029243",
				"e_time":"0.125",
				"includeshost":true,
				"magnitude":"17.445572",
				"telescope":"Catalina Schmidt",
				"u_time":"MJD",
				"source":"7"
			},
			{
				"time":"54408.47998",
				"band":"C",
				"e_magnitude":"0.028639",
				"e_time":"0.125",
				"includeshost":true,
				"magnitude":"17.424854",
				"telescope":"Catalina Schmidt",
				"u_time":"MJD",
				"source":"7"
			},
			{
				"time":"54408.52002",
				"band":"C",
				"e_magnitude":"0.029071",
				"e_time":"0.125",
				"includeshost":true,
				"magnitude":"17.382566",
				"telescope":"Catalina Schmidt",
				"u_time":"MJD",
				"source":"7"
			},
			{
				"time":"54408.560059",
				"band":"C",
				"e_magnitude":"0.0293",
				"e_time":"0.125",
				"includeshost":true,
				"magnitude":"17.43741",
				"telescope":"Catalina Schmidt",
				"u_time":"MJD",
				"source":"7"
			},
			{
				"time":"54440.440063",
				"band":"C",
				"e_magnitude":"0.028356",
				"e_time":"0.125",
				"includeshost":true,
				"magnitude":"17.424732",
				"telescope":"Catalina Schmidt",
				"u_time":"MJD",
				"source":"7"
			},
			{
				"time":"54440.47998",
				"band":"C",
				"e_magnitude":"0.028607",
				"e_time":"0.125",
				"includeshost":true,
				"magnitude":"17.471224",
				"telescope":"Catalina Schmidt",
				"u_time":"MJD",
				"source":"7"
			},
			{
				"time":"54440.52002",
				"band":"C",
				"e_magnitude":"0.028982",
				"e_time":"0.125",
				"includeshost":true,
				"magnitude":"17.51306",
				"telescope":"Catalina Schmidt",
				"u_time":"MJD",
				"source":"7"
			},
			{
				"time":"54440.560059",
				"band":"C",
				"e_magnitude":"0.028175",
				"e_time":"0.125",
				"includeshost":true,
				"magnitude":"17.422249",
				"telescope":"Catalina Schmidt",
				"u_time":"MJD",
				"source":"7"
			},
			{
				"time":"54465.440063",
				"band":"C",
				"e_magnitude":"0.029726",
				"e_time":"0.125",
				"includeshost":true,
				"magnitude":"17.462864",
				"telescope":"Catalina Schmidt",
				"u_time":"MJD",
				"source":"7"
			},
			{
				"time":"54465.47998",
				"band":"C",
				"e_magnitude":"0.02869",
				"e_time":"0.125",
				"includeshost":true,
				"magnitude":"17.427238",
				"telescope":"Catalina Schmidt",
				"u_time":"MJD",
				"source":"7"
			},
			{
				"time":"54465.52002",
				"band":"C",
				"e_magnitude":"0.029577",
				"e_time":"0.125",
				"includeshost":true,
				"magnitude":"17.454117",
				"telescope":"Catalina Schmidt",
				"u_time":"MJD",
				"source":"7"
			},
			{
				"time":"54465.560059",
				"band":"C",
				"e_magnitude":"0.029134",
				"e_time":"0.125",
				"includeshost":true,
				"magnitude":"17.488255",
				"telescope":"Catalina Schmidt",
				"u_time":"MJD",
				"source":"7"
			},
			{
				"time":"54531.440063",
				"band":"C",
				"e_magnitude":"0.030338",
				"e_time":"0.125",
				"includeshost":true,
				"magnitude":"17.405111",
				"telescope":"Catalina Schmidt",
				"u_time":"MJD",
				"source":"7"
			},
			{
				"time":"54531.47998",
				"band":"C",
				"e_magnitude":"0.029915",
				"e_time":"0.125",
				"includeshost":true,
				"magnitude":"17.372221",
				"telescope":"Catalina Schmidt",
				"u_time":"MJD",
				"source":"7"
			},
			{
				"time":"54531.52002",
				"band":"C",
				"e_magnitude":"0.029703",
				"e_time":"0.125",
				"includeshost":true,
				"magnitude":"17.39847",
				"telescope":"Catalina Schmidt",
				"u_time":"MJD",
				"source":"7"
			},
			{
				"time":"54531.560059",
				"band":"C",
				"e_magnitude":"0.031179",
				"e_time":"0.125",
				"includeshost":true,
				"magnitude":"17.438744",
				"telescope":"Catalina Schmidt",
				"u_time":"MJD",
				"source":"7"
			},
			{
				"time":"54715.440063",
				"band":"C",
				"e_magnitude":"0.037024",
				"e_time":"0.125",
				"includeshost":true,
				"magnitude":"17.43404",
				"telescope":"Catalina Schmidt",
				"u_time":"MJD",
				"source":"7"
			},
			{
				"time":"54715.47998",
				"band":"C",
				"e_magnitude":"0.037408",
				"e_time":"0.125",
				"includeshost":true,
				"magnitude":"17.44557",
				"telescope":"Catalina Schmidt",
				"u_time":"MJD",
				"source":"7"
			},
			{
				"time":"54715.52002",
				"band":"C",
				"e_magnitude":"0.037777",
				"e_time":"0.125",
				"includeshost":true,
				"magnitude":"17.446943",
				"telescope":"Catalina Schmidt",
				"u_time":"MJD",
				"source":"7"
			},
			{
				"time":"54715.560059",
				"band":"C",
				"e_magnitude":"0.037239",
				"e_time":"0.125",
				"includeshost":true,
				"magnitude":"17.43375",
				"telescope":"Catalina Schmidt",
				"u_time":"MJD",
				"source":"7"
			},
			{
				"time":"54762.440063",
				"band":"C",
				"e_magnitude":"0.028891",
				"e_time":"0.125",
				"includeshost":true,
				"magnitude":"17.430725",
				"telescope":"Catalina Schmidt",
				"u_time":"MJD",
				"source":"7"
			},
			{
				"time":"54762.47998",
				"band":"C",
				"e_magnitude":"0.030172",
				"e_time":"0.125",
				"includeshost":true,
				"magnitude":"17.510477",
				"telescope":"Catalina Schmidt",
				"u_time":"MJD",
				"source":"7"
			},
			{
				"time":"54762.52002",
				"band":"C",
				"e_magnitude":"0.029265",
				"e_time":"0.125",
				"includeshost":true,
				"magnitude":"17.434444",
				"telescope":"Catalina Schmidt",
				"u_time":"MJD",
				"source":"7"
			},
			{
				"time":"54762.560059",
				"band":"C",
				"e_magnitude":"0.029829",
				"e_time":"0.125",
				"includeshost":true,
				"magnitude":"17.485832",
				"telescope":"Catalina Schmidt",
				"u_time":"MJD",
				"source":"7"
			},
			{
				"time":"54778.440063",
				"band":"C",
				"e_magnitude":"0.029368",
				"e_time":"0.125",
				"includeshost":true,
				"magnitude":"17.459761",
				"telescope":"Catalina Schmidt",
				"u_time":"MJD",
				"source":"7"
			},
			{
				"time":"54778.47998",
				"band":"C",
				"e_magnitude":"0.029397",
				"e_time":"0.125",
				"includeshost":true,
				"magnitude":"17.434656",
				"telescope":"Catalina Schmidt",
				"u_time":"MJD",
				"source":"7"
			},
			{
				"time":"54778.52002",
				"band":"C",
				"e_magnitude":"0.028419",
				"e_time":"0.125",
				"includeshost":true,
				"magnitude":"17.373976",
				"telescope":"Catalina Schmidt",
				"u_time":"MJD",
				"source":"7"
			},
			{
				"time":"54778.560059",
				"band":"C",
				"e_magnitude":"0.030916",
				"e_time":"0.125",
				"includeshost":true,
				"magnitude":"17.669905",
				"telescope":"Catalina Schmidt",
				"u_time":"MJD",
				"source":"7"
			},
			{
				"time":"54829.440063",
				"band":"C",
				"e_magnitude":"0.029331",
				"e_time":"0.125",
				"includeshost":true,
				"magnitude":"17.6019",
				"telescope":"Catalina Schmidt",
				"u_time":"MJD",
				"source":"7"
			},
			{
				"time":"54829.47998",
				"band":"C",
				"e_magnitude":"0.030207",
				"e_time":"0.125",
				"includeshost":true,
				"magnitude":"17.662872",
				"telescope":"Catalina Schmidt",
				"u_time":"MJD",
				"source":"7"
			},
			{
				"time":"54829.52002",
				"band":"C",
				"e_magnitude":"0.030149",
				"e_time":"0.125",
				"includeshost":true,
				"magnitude":"17.53021",
				"telescope":"Catalina Schmidt",
				"u_time":"MJD",
				"source":"7"
			},
			{
				"time":"54829.560059",
				"band":"C",
				"e_magnitude":"0.029251",
				"e_time":"0.125",
				"includeshost":true,
				"magnitude":"17.414459",
				"telescope":"Catalina Schmidt",
				"u_time":"MJD",
				"source":"7"
			},
			{
				"time":"54848.440063",
				"band":"C",
				"e_magnitude":"0.030049",
				"e_time":"0.125",
				"includeshost":true,
				"magnitude":"17.485371",
				"telescope":"Catalina Schmidt",
				"u_time":"MJD",
				"source":"7"
			},
			{
				"time":"54848.47998",
				"band":"C",
				"e_magnitude":"0.030169",
				"e_time":"0.125",
				"includeshost":true,
				"magnitude":"17.591341",
				"telescope":"Catalina Schmidt",
				"u_time":"MJD",
				"source":"7"
			},
			{
				"time":"54848.52002",
				"band":"C",
				"e_magnitude":"0.030044",
				"e_time":"0.125",
				"includeshost":true,
				"magnitude":"17.543356",
				"telescope":"Catalina Schmidt",
				"u_time":"MJD",
				"source":"7"
			},
			{
				"time":"54848.560059",
				"band":"C",
				"e_magnitude":"0.029966",
				"e_time":"0.125",
				"includeshost":true,
				"magnitude":"17.515387",
				"telescope":"Catalina Schmidt",
				"u_time":"MJD",
				"source":"7"
			},
			{
				"time":"55106.440063",
				"band":"C",
				"e_magnitude":"0.038495",
				"e_time":"0.125",
				"includeshost":true,
				"magnitude":"17.464441",
				"telescope":"Catalina Schmidt",
				"u_time":"MJD",
				"source":"7"
			},
			{
				"time":"55106.47998",
				"band":"C",
				"e_magnitude":"0.040074",
				"e_time":"0.125",
				"includeshost":true,
				"magnitude":"17.580799",
				"telescope":"Catalina Schmidt",
				"u_time":"MJD",
				"source":"7"
			},
			{
				"time":"55106.52002",
				"band":"C",
				"e_magnitude":"0.039273",
				"e_time":"0.125",
				"includeshost":true,
				"magnitude":"17.443489",
				"telescope":"Catalina Schmidt",
				"u_time":"MJD",
				"source":"7"
			},
			{
				"time":"55106.560059",
				"band":"C",
				"e_magnitude":"0.038444",
				"e_time":"0.125",
				"includeshost":true,
				"magnitude":"17.348764",
				"telescope":"Catalina Schmidt",
				"u_time":"MJD",
				"source":"7"
			},
			{
				"time":"55122.440063",
				"band":"C",
				"e_magnitude":"0.03138",
				"e_time":"0.125",
				"includeshost":true,
				"magnitude":"17.477638",
				"telescope":"Catalina Schmidt",
				"u_time":"MJD",
				"source":"7"
			},
			{
				"time":"55122.47998",
				"band":"C",
				"e_magnitude":"0.031672",
				"e_time":"0.125",
				"includeshost":true,
				"magnitude":"17.474894",
				"telescope":"Catalina Schmidt",
				"u_time":"MJD",
				"source":"7"
			},
			{
				"time":"55122.52002",
				"band":"C",
				"e_magnitude":"0.031611",
				"e_time":"0.125",
				"includeshost":true,
				"magnitude":"17.574537",
				"telescope":"Catalina Schmidt",
				"u_time":"MJD",
				"source":"7"
			},
			{
				"time":"55122.560059",
				"band":"C",
				"e_magnitude":"0.031835",
				"e_time":"0.125",
				"includeshost":true,
				"magnitude":"17.545246",
				"telescope":"Catalina Schmidt",
				"u_time":"MJD",
				"source":"7"
			},
			{
				"time":"55146.440063",
				"band":"C",
				"e_magnitude":"0.032061",
				"e_time":"0.125",
				"includeshost":true,
				"magnitude":"17.43911",
				"telescope":"Catalina Schmidt",
				"u_time":"MJD",
				"source":"7"
			},
			{
				"time":"55146.47998",
				"band":"C",
				"e_magnitude":"0.031151",
				"e_time":"0.125",
				"includeshost":true,
				"magnitude":"17.463285",
				"telescope":"Catalina Schmidt",
				"u_time":"MJD",
				"source":"7"
			},
			{
				"time":"55146.52002",
				"band":"C",
				"e_magnitude":"0.031048",
				"e_time":"0.125",
				"includeshost":true,
				"magnitude":"17.47113",
				"telescope":"Catalina Schmidt",
				"u_time":"MJD",
				"source":"7"
			},
			{
				"time":"55146.560059",
				"band":"C",
				"e_magnitude":"0.03273",
				"e_time":"0.125",
				"includeshost":true,
				"magnitude":"17.528282",
				"telescope":"Catalina Schmidt",
				"u_time":"MJD",
				"source":"7"
			},
			{
				"time":"55184.440063",
				"band":"C",
				"e_magnitude":"0.032327",
				"e_time":"0.125",
				"includeshost":true,
				"magnitude":"17.513094",
				"telescope":"Catalina Schmidt",
				"u_time":"MJD",
				"source":"7"
			},
			{
				"time":"55184.47998",
				"band":"C",
				"e_magnitude":"0.031142",
				"e_time":"0.125",
				"includeshost":true,
				"magnitude":"17.463415",
				"telescope":"Catalina Schmidt",
				"u_time":"MJD",
				"source":"7"
			},
			{
				"time":"55184.52002",
				"band":"C",
				"e_magnitude":"0.031703",
				"e_time":"0.125",
				"includeshost":true,
				"magnitude":"17.486437",
				"telescope":"Catalina Schmidt",
				"u_time":"MJD",
				"source":"7"
			},
			{
				"time":"55184.560059",
				"band":"C",
				"e_magnitude":"0.03265",
				"e_time":"0.125",
				"includeshost":true,
				"magnitude":"17.498127",
				"telescope":"Catalina Schmidt",
				"u_time":"MJD",
				"source":"7"
			},
			{
				"time":"55240.440063",
				"band":"C",
				"e_magnitude":"0.033291",
				"e_time":"0.125",
				"includeshost":true,
				"magnitude":"17.497513",
				"telescope":"Catalina Schmidt",
				"u_time":"MJD",
				"source":"7"
			},
			{
				"time":"55240.47998",
				"band":"C",
				"e_magnitude":"0.032799",
				"e_time":"0.125",
				"includeshost":true,
				"magnitude":"17.40584",
				"telescope":"Catalina Schmidt",
				"u_time":"MJD",
				"source":"7"
			},
			{
				"time":"55240.52002",
				"band":"C",
				"e_magnitude":"0.034427",
				"e_time":"0.125",
				"includeshost":true,
				"magnitude":"17.559713",
				"telescope":"Catalina Schmidt",
				"u_time":"MJD",
				"source":"7"
			},
			{
				"time":"55240.560059",
				"band":"C",
				"e_magnitude":"0.033111",
				"e_time":"0.125",
				"includeshost":true,
				"magnitude":"17.411886",
				"telescope":"Catalina Schmidt",
				"u_time":"MJD",
				"source":"7"
			},
			{
				"time":"55456.439941",
				"band":"C",
				"e_magnitude":"0.029612",
				"e_time":"0.125",
				"includeshost":true,
				"magnitude":"17.540327",
				"telescope":"Catalina Schmidt",
				"u_time":"MJD",
				"source":"7"
			},
			{
				"time":"55456.47998",
				"band":"C",
				"e_magnitude":"0.030284",
				"e_time":"0.125",
				"includeshost":true,
				"magnitude":"17.52033",
				"telescope":"Catalina Schmidt",
				"u_time":"MJD",
				"source":"7"
			},
			{
				"time":"55456.52002",
				"band":"C",
				"e_magnitude":"0.029283",
				"e_time":"0.125",
				"includeshost":true,
				"magnitude":"17.48667",
				"telescope":"Catalina Schmidt",
				"u_time":"MJD",
				"source":"7"
			},
			{
				"time":"55456.559814",
				"band":"C",
				"e_magnitude":"0.02966",
				"e_time":"0.125",
				"includeshost":true,
				"magnitude":"17.492813",
				"telescope":"Catalina Schmidt",
				"u_time":"MJD",
				"source":"7"
			},
			{
				"time":"55497.439941",
				"band":"C",
				"e_magnitude":"0.028708",
				"e_time":"0.125",
				"includeshost":true,
				"magnitude":"17.400761",
				"telescope":"Catalina Schmidt",
				"u_time":"MJD",
				"source":"7"
			},
			{
				"time":"55497.47998",
				"band":"C",
				"e_magnitude":"0.029243",
				"e_time":"0.125",
				"includeshost":true,
				"magnitude":"17.50194",
				"telescope":"Catalina Schmidt",
				"u_time":"MJD",
				"source":"7"
			},
			{
				"time":"55497.52002",
				"band":"C",
				"e_magnitude":"0.029483",
				"e_time":"0.125",
				"includeshost":true,
				"magnitude":"17.486263",
				"telescope":"Catalina Schmidt",
				"u_time":"MJD",
				"source":"7"
			},
			{
				"time":"55497.559814",
				"band":"C",
				"e_magnitude":"0.029506",
				"e_time":"0.125",
				"includeshost":true,
				"magnitude":"17.555779",
				"telescope":"Catalina Schmidt",
				"u_time":"MJD",
				"source":"7"
			},
			{
				"time":"55528.439941",
				"band":"C",
				"e_magnitude":"0.033694",
				"e_time":"0.125",
				"includeshost":true,
				"magnitude":"17.461349",
				"telescope":"Catalina Schmidt",
				"u_time":"MJD",
				"source":"7"
			},
			{
				"time":"55528.47998",
				"band":"C",
				"e_magnitude":"0.033013",
				"e_time":"0.125",
				"includeshost":true,
				"magnitude":"17.425133",
				"telescope":"Catalina Schmidt",
				"u_time":"MJD",
				"source":"7"
			},
			{
				"time":"55528.52002",
				"band":"C",
				"e_magnitude":"0.033777",
				"e_time":"0.125",
				"includeshost":true,
				"magnitude":"17.462463",
				"telescope":"Catalina Schmidt",
				"u_time":"MJD",
				"source":"7"
			},
			{
				"time":"55528.559814",
				"band":"C",
				"e_magnitude":"0.033154",
				"e_time":"0.125",
				"includeshost":true,
				"magnitude":"17.447557",
				"telescope":"Catalina Schmidt",
				"u_time":"MJD",
				"source":"7"
			},
			{
				"time":"55544.439941",
				"band":"C",
				"e_magnitude":"0.036907",
				"e_time":"0.125",
				"includeshost":true,
				"magnitude":"17.596058",
				"telescope":"Catalina Schmidt",
				"u_time":"MJD",
				"source":"7"
			},
			{
				"time":"55544.47998",
				"band":"C",
				"e_magnitude":"0.037096",
				"e_time":"0.125",
				"includeshost":true,
				"magnitude":"17.450939",
				"telescope":"Catalina Schmidt",
				"u_time":"MJD",
				"source":"7"
			},
			{
				"time":"55544.52002",
				"band":"C",
				"e_magnitude":"0.035886",
				"e_time":"0.125",
				"includeshost":true,
				"magnitude":"17.370275",
				"telescope":"Catalina Schmidt",
				"u_time":"MJD",
				"source":"7"
			},
			{
				"time":"55544.559814",
				"band":"C",
				"e_magnitude":"0.03697",
				"e_time":"0.125",
				"includeshost":true,
				"magnitude":"17.548889",
				"telescope":"Catalina Schmidt",
				"u_time":"MJD",
				"source":"7"
			},
			{
				"time":"55565.439941",
				"band":"C",
				"e_magnitude":"0.029903",
				"e_time":"0.125",
				"includeshost":true,
				"magnitude":"17.492485",
				"telescope":"Catalina Schmidt",
				"u_time":"MJD",
				"source":"7"
			},
			{
				"time":"55565.47998",
				"band":"C",
				"e_magnitude":"0.030024",
				"e_time":"0.125",
				"includeshost":true,
				"magnitude":"17.448521",
				"telescope":"Catalina Schmidt",
				"u_time":"MJD",
				"source":"7"
			},
			{
				"time":"55565.52002",
				"band":"C",
				"e_magnitude":"0.029732",
				"e_time":"0.125",
				"includeshost":true,
				"magnitude":"17.510738",
				"telescope":"Catalina Schmidt",
				"u_time":"MJD",
				"source":"7"
			},
			{
				"time":"55565.559814",
				"band":"C",
				"e_magnitude":"0.029323",
				"e_time":"0.125",
				"includeshost":true,
				"magnitude":"17.425053",
				"telescope":"Catalina Schmidt",
				"u_time":"MJD",
				"source":"7"
			},
			{
				"time":"55889.439941",
				"band":"C",
				"e_magnitude":"0.03019",
				"e_time":"0.125",
				"includeshost":true,
				"magnitude":"17.455717",
				"telescope":"Catalina Schmidt",
				"u_time":"MJD",
				"source":"7"
			},
			{
				"time":"55889.47998",
				"band":"C",
				"e_magnitude":"0.030962",
				"e_time":"0.125",
				"includeshost":true,
				"magnitude":"17.576647",
				"telescope":"Catalina Schmidt",
				"u_time":"MJD",
				"source":"7"
			},
			{
				"time":"55889.52002",
				"band":"C",
				"e_magnitude":"0.03023",
				"e_time":"0.125",
				"includeshost":true,
				"magnitude":"17.474894",
				"telescope":"Catalina Schmidt",
				"u_time":"MJD",
				"source":"7"
			},
			{
				"time":"55889.559814",
				"band":"C",
				"e_magnitude":"0.030098",
				"e_time":"0.125",
				"includeshost":true,
				"magnitude":"17.492371",
				"telescope":"Catalina Schmidt",
				"u_time":"MJD",
				"source":"7"
			},
			{
				"time":"55925.439941",
				"band":"C",
				"e_magnitude":"0.031102",
				"e_time":"0.125",
				"includeshost":true,
				"magnitude":"17.489344",
				"telescope":"Catalina Schmidt",
				"u_time":"MJD",
				"source":"7"
			},
			{
				"time":"55925.47998",
				"band":"C",
				"e_magnitude":"0.030833",
				"e_time":"0.125",
				"includeshost":true,
				"magnitude":"17.447659",
				"telescope":"Catalina Schmidt",
				"u_time":"MJD",
				"source":"7"
			},
			{
				"time":"55925.52002",
				"band":"C",
				"e_magnitude":"0.032501",
				"e_time":"0.125",
				"includeshost":true,
				"magnitude":"17.514389",
				"telescope":"Catalina Schmidt",
				"u_time":"MJD",
				"source":"7"
			},
			{
				"time":"55925.559814",
				"band":"C",
				"e_magnitude":"0.031142",
				"e_time":"0.125",
				"includeshost":true,
				"magnitude":"17.453735",
				"telescope":"Catalina Schmidt",
				"u_time":"MJD",
				"source":"7"
			},
			{
				"time":"56195.439941",
				"band":"C",
				"e_magnitude":"0.03299",
				"e_time":"0.125",
				"includeshost":true,
				"magnitude":"17.489937",
				"telescope":"Catalina Schmidt",
				"u_time":"MJD",
				"source":"7"
			},
			{
				"time":"56195.47998",
				"band":"C",
				"e_magnitude":"0.033028",
				"e_time":"0.125",
				"includeshost":true,
				"magnitude":"17.482834",
				"telescope":"Catalina Schmidt",
				"u_time":"MJD",
				"source":"7"
			},
			{
				"time":"56195.52002",
				"band":"C",
				"e_magnitude":"0.033265",
				"e_time":"0.125",
				"includeshost":true,
				"magnitude":"17.493048",
				"telescope":"Catalina Schmidt",
				"u_time":"MJD",
				"source":"7"
			},
			{
				"time":"56195.559814",
				"band":"C",
				"e_magnitude":"0.032928",
				"e_time":"0.125",
				"includeshost":true,
				"magnitude":"17.482359",
				"telescope":"Catalina Schmidt",
				"u_time":"MJD",
				"source":"7"
			},
			{
				"time":"56234.439941",
				"band":"C",
				"e_magnitude":"0.033895",
				"e_time":"0.125",
				"includeshost":true,
				"magnitude":"17.569391",
				"telescope":"Catalina Schmidt",
				"u_time":"MJD",
				"source":"7"
			},
			{
				"time":"56234.47998",
				"band":"C",
				"e_magnitude":"0.032573",
				"e_time":"0.125",
				"includeshost":true,
				"magnitude":"17.479952",
				"telescope":"Catalina Schmidt",
				"u_time":"MJD",
				"source":"7"
			},
			{
				"time":"56234.52002",
				"band":"C",
				"e_magnitude":"0.032026",
				"e_time":"0.125",
				"includeshost":true,
				"magnitude":"17.384018",
				"telescope":"Catalina Schmidt",
				"u_time":"MJD",
				"source":"7"
			},
			{
				"time":"56234.559814",
				"band":"C",
				"e_magnitude":"0.032312",
				"e_time":"0.125",
				"includeshost":true,
				"magnitude":"17.408829",
				"telescope":"Catalina Schmidt",
				"u_time":"MJD",
				"source":"7"
			},
			{
				"time":"56246.439941",
				"band":"C",
				"e_magnitude":"0.031972",
				"e_time":"0.125",
				"includeshost":true,
				"magnitude":"17.410685",
				"telescope":"Catalina Schmidt",
				"u_time":"MJD",
				"source":"7"
			},
			{
				"time":"56246.47998",
				"band":"C",
				"e_magnitude":"0.034481",
				"e_time":"0.125",
				"includeshost":true,
				"magnitude":"17.528994",
				"telescope":"Catalina Schmidt",
				"u_time":"MJD",
				"source":"7"
			},
			{
				"time":"56246.52002",
				"band":"C",
				"e_magnitude":"0.03269",
				"e_time":"0.125",
				"includeshost":true,
				"magnitude":"17.452602",
				"telescope":"Catalina Schmidt",
				"u_time":"MJD",
				"source":"7"
			},
			{
				"time":"56246.559814",
				"band":"C",
				"e_magnitude":"0.032304",
				"e_time":"0.125",
				"includeshost":true,
				"magnitude":"17.468248",
				"telescope":"Catalina Schmidt",
				"u_time":"MJD",
				"source":"7"
			},
			{
				"time":"56267.439941",
				"band":"C",
				"e_magnitude":"0.032767",
				"e_time":"0.125",
				"includeshost":true,
				"magnitude":"17.452066",
				"telescope":"Catalina Schmidt",
				"u_time":"MJD",
				"source":"7"
			},
			{
				"time":"56267.47998",
				"band":"C",
				"e_magnitude":"0.03919",
				"e_time":"0.125",
				"includeshost":true,
				"magnitude":"17.636751",
				"telescope":"Catalina Schmidt",
				"u_time":"MJD",
				"source":"7"
			},
			{
				"time":"56267.52002",
				"band":"C",
				"e_magnitude":"0.03289",
				"e_time":"0.125",
				"includeshost":true,
				"magnitude":"17.435587",
				"telescope":"Catalina Schmidt",
				"u_time":"MJD",
				"source":"7"
			},
			{
				"time":"56267.559814",
				"band":"C",
				"e_magnitude":"0.032865",
				"e_time":"0.125",
				"includeshost":true,
				"magnitude":"17.518444",
				"telescope":"Catalina Schmidt",
				"u_time":"MJD",
				"source":"7"
			},
			{
				"time":"56325.439941",
				"band":"C",
				"e_magnitude":"0.033709",
				"e_time":"0.125",
				"includeshost":true,
				"magnitude":"17.517864",
				"telescope":"Catalina Schmidt",
				"u_time":"MJD",
				"source":"7"
			},
			{
				"time":"56325.47998",
				"band":"C",
				"e_magnitude":"0.034212",
				"e_time":"0.125",
				"includeshost":true,
				"magnitude":"17.533319",
				"telescope":"Catalina Schmidt",
				"u_time":"MJD",
				"source":"7"
			},
			{
				"time":"56325.52002",
				"band":"C",
				"e_magnitude":"0.033445",
				"e_time":"0.125",
				"includeshost":true,
				"magnitude":"17.406336",
				"telescope":"Catalina Schmidt",
				"u_time":"MJD",
				"source":"7"
			},
			{
				"time":"56325.559814",
				"band":"C",
				"e_magnitude":"0.037654",
				"e_time":"0.125",
				"includeshost":true,
				"magnitude":"17.508251",
				"telescope":"Catalina Schmidt",
				"u_time":"MJD",
				"source":"7"
			},
			{
				"time":"56331.439941",
				"band":"C",
				"e_magnitude":"0.03358",
				"e_time":"0.125",
				"includeshost":true,
				"magnitude":"17.491905",
				"telescope":"Catalina Schmidt",
				"u_time":"MJD",
				"source":"7"
			},
			{
				"time":"56331.47998",
				"band":"C",
				"e_magnitude":"0.03497",
				"e_time":"0.125",
				"includeshost":true,
				"magnitude":"17.47267",
				"telescope":"Catalina Schmidt",
				"u_time":"MJD",
				"source":"7"
			},
			{
				"time":"56331.52002",
				"band":"C",
				"e_magnitude":"0.036518",
				"e_time":"0.125",
				"includeshost":true,
				"magnitude":"17.425167",
				"telescope":"Catalina Schmidt",
				"u_time":"MJD",
				"source":"7"
			},
			{
				"time":"56331.559814",
				"band":"C",
				"e_magnitude":"0.036584",
				"e_time":"0.125",
				"includeshost":true,
				"magnitude":"17.491148",
				"telescope":"Catalina Schmidt",
				"u_time":"MJD",
				"source":"7"
			},
			{
				"time":"56353.439941",
				"band":"C",
				"e_magnitude":"0.030676",
				"e_time":"0.125",
				"includeshost":true,
				"magnitude":"17.533146",
				"telescope":"Catalina Schmidt",
				"u_time":"MJD",
				"source":"7"
			},
			{
				"time":"56353.47998",
				"band":"C",
				"e_magnitude":"0.031271",
				"e_time":"0.125",
				"includeshost":true,
				"magnitude":"17.513958",
				"telescope":"Catalina Schmidt",
				"u_time":"MJD",
				"source":"7"
			},
			{
				"time":"56353.52002",
				"band":"C",
				"e_magnitude":"0.028481",
				"e_time":"0.125",
				"includeshost":true,
				"magnitude":"17.261578",
				"telescope":"Catalina Schmidt",
				"u_time":"MJD",
				"source":"7"
			},
			{
				"time":"56353.559814",
				"band":"C",
				"e_magnitude":"0.02829",
				"e_time":"0.125",
				"includeshost":true,
				"magnitude":"17.136587",
				"telescope":"Catalina Schmidt",
				"u_time":"MJD",
				"source":"7"
			},
			{
				"time":"56588.439941",
				"band":"C",
				"e_magnitude":"0.03247",
				"e_time":"0.125",
				"includeshost":true,
				"magnitude":"17.438629",
				"telescope":"Catalina Schmidt",
				"u_time":"MJD",
				"source":"7"
			},
			{
				"time":"56588.47998",
				"band":"C",
				"e_magnitude":"0.032401",
				"e_time":"0.125",
				"includeshost":true,
				"magnitude":"17.500397",
				"telescope":"Catalina Schmidt",
				"u_time":"MJD",
				"source":"7"
			},
			{
				"time":"56588.52002",
				"band":"C",
				"e_magnitude":"0.032321",
				"e_time":"0.125",
				"includeshost":true,
				"magnitude":"17.52404",
				"telescope":"Catalina Schmidt",
				"u_time":"MJD",
				"source":"7"
			},
			{
				"time":"56588.559814",
				"band":"C",
				"e_magnitude":"0.03176",
				"e_time":"0.125",
				"includeshost":true,
				"magnitude":"17.45669",
				"telescope":"Catalina Schmidt",
				"u_time":"MJD",
				"source":"7"
			},
			{
				"time":"56597.439941",
				"band":"C",
				"e_magnitude":"0.032664",
				"e_time":"0.125",
				"includeshost":true,
				"magnitude":"17.511559",
				"telescope":"Catalina Schmidt",
				"u_time":"MJD",
				"source":"7"
			},
			{
				"time":"56597.47998",
				"band":"C",
				"e_magnitude":"0.032633",
				"e_time":"0.125",
				"includeshost":true,
				"magnitude":"17.572662",
				"telescope":"Catalina Schmidt",
				"u_time":"MJD",
				"source":"7"
			},
			{
				"time":"56597.52002",
				"band":"C",
				"e_magnitude":"0.03279",
				"e_time":"0.125",
				"includeshost":true,
				"magnitude":"17.55479",
				"telescope":"Catalina Schmidt",
				"u_time":"MJD",
				"source":"7"
			},
			{
				"time":"56597.559814",
				"band":"C",
				"e_magnitude":"0.032384",
				"e_time":"0.125",
				"includeshost":true,
				"magnitude":"17.473572",
				"telescope":"Catalina Schmidt",
				"u_time":"MJD",
				"source":"7"
			},
			{
				"time":"56657.439941",
				"band":"C",
				"e_magnitude":"0.033093",
				"e_time":"0.125",
				"includeshost":true,
				"magnitude":"17.545725",
				"telescope":"Catalina Schmidt",
				"u_time":"MJD",
				"source":"7"
			},
			{
				"time":"56657.47998",
				"band":"C",
				"e_magnitude":"0.033016",
				"e_time":"0.125",
				"includeshost":true,
				"magnitude":"17.546906",
				"telescope":"Catalina Schmidt",
				"u_time":"MJD",
				"source":"7"
			},
			{
				"time":"56657.52002",
				"band":"C",
				"e_magnitude":"0.032939",
				"e_time":"0.125",
				"includeshost":true,
				"magnitude":"17.493824",
				"telescope":"Catalina Schmidt",
				"u_time":"MJD",
				"source":"7"
			},
			{
				"time":"56657.559814",
				"band":"C",
				"e_magnitude":"0.031949",
				"e_time":"0.125",
				"includeshost":true,
				"magnitude":"17.363047",
				"telescope":"Catalina Schmidt",
				"u_time":"MJD",
				"source":"7"
			},
			{
				"time":"56696.439941",
				"band":"C",
				"e_magnitude":"0.033729",
				"e_time":"0.125",
				"includeshost":true,
				"magnitude":"17.514135",
				"telescope":"Catalina Schmidt",
				"u_time":"MJD",
				"source":"7"
			},
			{
				"time":"56696.47998",
				"band":"C",
				"e_magnitude":"0.031654",
				"e_time":"0.125",
				"includeshost":true,
				"magnitude":"17.413895",
				"telescope":"Catalina Schmidt",
				"u_time":"MJD",
				"source":"7"
			},
			{
				"time":"56696.52002",
				"band":"C",
				"e_magnitude":"0.034647",
				"e_time":"0.125",
				"includeshost":true,
				"magnitude":"17.570553",
				"telescope":"Catalina Schmidt",
				"u_time":"MJD",
				"source":"7"
			},
			{
				"time":"56696.559814",
				"band":"C",
				"e_time":"0.125",
				"includeshost":true,
				"magnitude":"17.816875",
				"telescope":"Catalina Schmidt",
				"u_time":"MJD",
				"upperlimit":true,
				"source":"7"
			},
			{
				"time":"56837.439941",
				"band":"C",
				"e_magnitude":"0.042432",
				"e_time":"0.125",
				"includeshost":true,
				"magnitude":"17.535585",
				"telescope":"Catalina Schmidt",
				"u_time":"MJD",
				"source":"7"
			},
			{
				"time":"56837.47998",
				"band":"C",
				"e_magnitude":"0.040941",
				"e_time":"0.125",
				"includeshost":true,
				"magnitude":"17.496666",
				"telescope":"Catalina Schmidt",
				"u_time":"MJD",
				"source":"7"
			},
			{
				"time":"56837.52002",
				"band":"C",
				"e_magnitude":"0.042475",
				"e_time":"0.125",
				"includeshost":true,
				"magnitude":"17.56955",
				"telescope":"Catalina Schmidt",
				"u_time":"MJD",
				"source":"7"
			},
			{
				"time":"56837.559814",
				"band":"C",
				"e_magnitude":"0.042031",
				"e_time":"0.125",
				"includeshost":true,
				"magnitude":"17.573307",
				"telescope":"Catalina Schmidt",
				"u_time":"MJD",
				"source":"7"
			},
			{
				"time":"56923.439941",
				"band":"C",
				"e_magnitude":"0.036158",
				"e_time":"0.125",
				"includeshost":true,
				"magnitude":"17.588579",
				"telescope":"Catalina Schmidt",
				"u_time":"MJD",
				"source":"7"
			},
			{
				"time":"56923.47998",
				"band":"C",
				"e_magnitude":"0.036567",
				"e_time":"0.125",
				"includeshost":true,
				"magnitude":"17.638391",
				"telescope":"Catalina Schmidt",
				"u_time":"MJD",
				"source":"7"
			},
			{
				"time":"56923.52002",
				"band":"C",
				"e_magnitude":"0.035182",
				"e_time":"0.125",
				"includeshost":true,
				"magnitude":"17.441664",
				"telescope":"Catalina Schmidt",
				"u_time":"MJD",
				"source":"7"
			},
			{
				"time":"56923.559814",
				"band":"C",
				"e_magnitude":"0.036876",
				"e_time":"0.125",
				"includeshost":true,
				"magnitude":"17.523418",
				"telescope":"Catalina Schmidt",
				"u_time":"MJD",
				"source":"7"
			},
			{
				"time":"56935.439941",
				"band":"C",
				"e_magnitude":"0.030916",
				"e_time":"0.125",
				"includeshost":true,
				"magnitude":"17.396749",
				"telescope":"Catalina Schmidt",
				"u_time":"MJD",
				"source":"7"
			},
			{
				"time":"56935.47998",
				"band":"C",
				"e_magnitude":"0.030038",
				"e_time":"0.125",
				"includeshost":true,
				"magnitude":"17.379612",
				"telescope":"Catalina Schmidt",
				"u_time":"MJD",
				"source":"7"
			},
			{
				"time":"56935.52002",
				"band":"C",
				"e_magnitude":"0.03085",
				"e_time":"0.125",
				"includeshost":true,
				"magnitude":"17.395737",
				"telescope":"Catalina Schmidt",
				"u_time":"MJD",
				"source":"7"
			},
			{
				"time":"56935.559814",
				"band":"C",
				"e_magnitude":"0.031254",
				"e_time":"0.125",
				"includeshost":true,
				"magnitude":"17.516449",
				"telescope":"Catalina Schmidt",
				"u_time":"MJD",
				"source":"7"
			},
			{
				"time":"56951.439941",
				"band":"C",
				"e_magnitude":"0.031837",
				"e_time":"0.125",
				"includeshost":true,
				"magnitude":"17.552454",
				"telescope":"Catalina Schmidt",
				"u_time":"MJD",
				"source":"7"
			},
			{
				"time":"56951.47998",
				"band":"C",
				"e_magnitude":"0.031978",
				"e_time":"0.125",
				"includeshost":true,
				"magnitude":"17.550762",
				"telescope":"Catalina Schmidt",
				"u_time":"MJD",
				"source":"7"
			},
			{
				"time":"56951.52002",
				"band":"C",
				"e_magnitude":"0.031912",
				"e_time":"0.125",
				"includeshost":true,
				"magnitude":"17.559782",
				"telescope":"Catalina Schmidt",
				"u_time":"MJD",
				"source":"7"
			},
			{
				"time":"56951.559814",
				"band":"C",
				"e_magnitude":"0.031165",
				"e_time":"0.125",
				"includeshost":true,
				"magnitude":"17.48657",
				"telescope":"Catalina Schmidt",
				"u_time":"MJD",
				"source":"7"
			},
			{
				"time":"56955.439941",
				"band":"C",
				"e_magnitude":"0.032679",
				"e_time":"0.125",
				"includeshost":true,
				"magnitude":"17.595089",
				"telescope":"Catalina Schmidt",
				"u_time":"MJD",
				"source":"7"
			},
			{
				"time":"56955.47998",
				"band":"C",
				"e_magnitude":"0.032387",
				"e_time":"0.125",
				"includeshost":true,
				"magnitude":"17.588623",
				"telescope":"Catalina Schmidt",
				"u_time":"MJD",
				"source":"7"
			},
			{
				"time":"56955.52002",
				"band":"C",
				"e_magnitude":"0.031932",
				"e_time":"0.125",
				"includeshost":true,
				"magnitude":"17.484051",
				"telescope":"Catalina Schmidt",
				"u_time":"MJD",
				"source":"7"
			},
			{
				"time":"56955.559814",
				"band":"C",
				"e_magnitude":"0.032561",
				"e_time":"0.125",
				"includeshost":true,
				"magnitude":"17.520569",
				"telescope":"Catalina Schmidt",
				"u_time":"MJD",
				"source":"7"
			},
			{
				"time":"56961.439941",
				"band":"C",
				"e_magnitude":"0.032541",
				"e_time":"0.125",
				"includeshost":true,
				"magnitude":"17.569437",
				"telescope":"Catalina Schmidt",
				"u_time":"MJD",
				"source":"7"
			},
			{
				"time":"56961.47998",
				"band":"C",
				"e_magnitude":"0.032536",
				"e_time":"0.125",
				"includeshost":true,
				"magnitude":"17.512352",
				"telescope":"Catalina Schmidt",
				"u_time":"MJD",
				"source":"7"
			},
			{
				"time":"56961.52002",
				"band":"C",
				"e_magnitude":"0.031746",
				"e_time":"0.125",
				"includeshost":true,
				"magnitude":"17.4723",
				"telescope":"Catalina Schmidt",
				"u_time":"MJD",
				"source":"7"
			},
			{
				"time":"56961.559814",
				"band":"C",
				"e_magnitude":"0.031546",
				"e_time":"0.125",
				"includeshost":true,
				"magnitude":"17.418243",
				"telescope":"Catalina Schmidt",
				"u_time":"MJD",
				"source":"7"
			},
			{
				"time":"57040.439941",
				"band":"C",
				"e_magnitude":"0.032332",
				"e_time":"0.125",
				"includeshost":true,
				"magnitude":"17.53648",
				"telescope":"Catalina Schmidt",
				"u_time":"MJD",
				"source":"7"
			},
			{
				"time":"57040.47998",
				"band":"C",
				"e_magnitude":"0.032753",
				"e_time":"0.125",
				"includeshost":true,
				"magnitude":"17.48591",
				"telescope":"Catalina Schmidt",
				"u_time":"MJD",
				"source":"7"
			},
			{
				"time":"57040.52002",
				"band":"C",
				"e_magnitude":"0.032312",
				"e_time":"0.125",
				"includeshost":true,
				"magnitude":"17.531097",
				"telescope":"Catalina Schmidt",
				"u_time":"MJD",
				"source":"7"
			},
			{
				"time":"57040.559814",
				"band":"C",
				"e_magnitude":"0.031514",
				"e_time":"0.125",
				"includeshost":true,
				"magnitude":"17.440041",
				"telescope":"Catalina Schmidt",
				"u_time":"MJD",
				"source":"7"
			},
			{
				"time":"57079.439941",
				"band":"C",
				"e_magnitude":"0.031448",
				"e_time":"0.125",
				"includeshost":true,
				"magnitude":"17.383314",
				"telescope":"Catalina Schmidt",
				"u_time":"MJD",
				"source":"7"
			},
			{
				"time":"57079.47998",
				"band":"C",
				"e_magnitude":"0.032041",
				"e_time":"0.125",
				"includeshost":true,
				"magnitude":"17.375996",
				"telescope":"Catalina Schmidt",
				"u_time":"MJD",
				"source":"7"
			},
			{
				"time":"57079.52002",
				"band":"C",
				"e_magnitude":"0.032424",
				"e_time":"0.125",
				"includeshost":true,
				"magnitude":"17.379608",
				"telescope":"Catalina Schmidt",
				"u_time":"MJD",
				"source":"7"
			},
			{
				"time":"57079.559814",
				"band":"C",
				"e_magnitude":"0.032968",
				"e_time":"0.125",
				"includeshost":true,
				"magnitude":"17.458103",
				"telescope":"Catalina Schmidt",
				"u_time":"MJD",
				"source":"7"
			},
			{
				"time":"57298.439941",
				"band":"C",
				"e_magnitude":"0.029921",
				"e_time":"0.125",
				"includeshost":true,
				"magnitude":"17.423597",
				"telescope":"Catalina Schmidt",
				"u_time":"MJD",
				"source":"7"
			},
			{
				"time":"57298.47998",
				"band":"C",
				"e_magnitude":"0.029898",
				"e_time":"0.125",
				"includeshost":true,
				"magnitude":"17.498016",
				"telescope":"Catalina Schmidt",
				"u_time":"MJD",
				"source":"7"
			},
			{
				"time":"57298.52002",
				"band":"C",
				"e_magnitude":"0.029546",
				"e_time":"0.125",
				"includeshost":true,
				"magnitude":"17.486271",
				"telescope":"Catalina Schmidt",
				"u_time":"MJD",
				"source":"7"
			},
			{
				"time":"57298.559814",
				"band":"C",
				"e_magnitude":"0.030481",
				"e_time":"0.125",
				"includeshost":true,
				"magnitude":"17.492117",
				"telescope":"Catalina Schmidt",
				"u_time":"MJD",
				"source":"7"
			},
			{
				"time":"57317.3571912488",
				"band":"r",
				"e_magnitude":"0.0136085",
				"instrument":"GPC",
				"magnitude":"16.5928",
				"telescope":"Pan-STARRS1",
				"u_time":"MJD",
				"source":"3,8"
			},
			{
				"time":"57317.3694362185",
				"band":"r",
				"e_magnitude":"0.0146891",
				"instrument":"GPC",
				"magnitude":"16.5617",
				"telescope":"Pan-STARRS1",
				"u_time":"MJD",
				"source":"3,8"
			},
			{
				"time":"57317.3816913226",
				"band":"r",
				"e_magnitude":"0.0122726",
				"instrument":"GPC",
				"magnitude":"16.538",
				"telescope":"Pan-STARRS1",
				"u_time":"MJD",
				"source":"3,8"
			},
			{
				"time":"57317.3941787928",
				"band":"r",
				"e_magnitude":"0.0133487",
				"instrument":"GPC",
				"magnitude":"16.5352",
				"telescope":"Pan-STARRS1",
				"u_time":"MJD",
				"source":"3,8"
			},
			{
				"time":"57329.439941",
				"band":"C",
				"e_magnitude":"0.00979",
				"e_time":"0.125",
				"includeshost":true,
				"magnitude":"15.069148",
				"telescope":"Catalina Schmidt",
				"u_time":"MJD",
				"source":"7"
			},
			{
				"time":"57329.47998",
				"band":"C",
				"e_magnitude":"0.009805",
				"e_time":"0.125",
				"includeshost":true,
				"magnitude":"15.172683",
				"telescope":"Catalina Schmidt",
				"u_time":"MJD",
				"source":"7"
			},
			{
				"time":"57329.52002",
				"band":"C",
				"e_magnitude":"0.009768",
				"e_time":"0.125",
				"includeshost":true,
				"magnitude":"15.076403",
				"telescope":"Catalina Schmidt",
				"u_time":"MJD",
				"source":"7"
			},
			{
				"time":"57329.559814",
				"band":"C",
				"e_magnitude":"0.009808",
				"e_time":"0.125",
				"includeshost":true,
				"magnitude":"15.030954",
				"telescope":"Catalina Schmidt",
				"u_time":"MJD",
				"source":"7"
			},
			{
				"time":"57344.2942474747",
				"band":"r",
				"e_magnitude":"0.00660936",
				"instrument":"GPC",
				"magnitude":"16.0725",
				"telescope":"Pan-STARRS1",
				"u_time":"MJD",
				"source":"3,8"
			},
			{
				"time":"57344.3045664723",
				"band":"r",
				"e_magnitude":"0.00651222",
				"instrument":"GPC",
				"magnitude":"16.0574",
				"telescope":"Pan-STARRS1",
				"u_time":"MJD",
				"source":"3,8"
			},
			{
				"time":"57344.3148851031",
				"band":"r",
				"e_magnitude":"0.0106289",
				"instrument":"GPC",
				"magnitude":"16.0004",
				"telescope":"Pan-STARRS1",
				"u_time":"MJD",
				"source":"3,8"
			},
			{
				"time":"57344.3252757201",
				"band":"r",
				"e_magnitude":"0.00706287",
				"instrument":"GPC",
				"magnitude":"16.0491",
				"telescope":"Pan-STARRS1",
				"u_time":"MJD",
				"source":"3,8"
			},
			{
				"time":"57360.2542847293",
				"band":"w",
				"e_magnitude":"0.00768811",
				"instrument":"GPC",
				"magnitude":"16.6905",
				"telescope":"Pan-STARRS1",
				"u_time":"MJD",
				"source":"3,8"
			},
			{
				"time":"57360.2648943486",
				"band":"w",
				"e_magnitude":"0.00681743",
				"instrument":"GPC",
				"magnitude":"16.689",
				"telescope":"Pan-STARRS1",
				"u_time":"MJD",
				"source":"3,8"
			},
			{
				"time":"57360.2754592217",
				"band":"w",
				"e_magnitude":"0.00748548",
				"instrument":"GPC",
				"magnitude":"16.6776",
				"telescope":"Pan-STARRS1",
				"u_time":"MJD",
				"source":"3,8"
			},
			{
				"time":"57360.2861381403",
				"band":"w",
				"e_magnitude":"0.00804434",
				"instrument":"GPC",
				"magnitude":"16.6764",
				"telescope":"Pan-STARRS1",
				"u_time":"MJD",
				"source":"3,8"
			},
			{
				"time":"57367.439941",
				"band":"C",
				"e_magnitude":"0.018339",
				"e_time":"0.125",
				"includeshost":true,
				"magnitude":"16.191307",
				"telescope":"Catalina Schmidt",
				"u_time":"MJD",
				"source":"7"
			},
			{
				"time":"57367.47998",
				"band":"C",
				"e_magnitude":"0.018519",
				"e_time":"0.125",
				"includeshost":true,
				"magnitude":"16.264664",
				"telescope":"Catalina Schmidt",
				"u_time":"MJD",
				"source":"7"
			},
			{
				"time":"57367.52002",
				"band":"C",
				"e_magnitude":"0.018373",
				"e_time":"0.125",
				"includeshost":true,
				"magnitude":"16.242111",
				"telescope":"Catalina Schmidt",
				"u_time":"MJD",
				"source":"7"
			},
			{
				"time":"57367.560059",
				"band":"C",
				"e_magnitude":"0.018977",
				"e_time":"0.125",
				"includeshost":true,
				"magnitude":"16.243643",
				"telescope":"Catalina Schmidt",
				"u_time":"MJD",
				"source":"7"
			},
			{
				"time":"57387.2105895273",
				"band":"z",
				"e_magnitude":"0.0280228",
				"instrument":"GPC",
				"magnitude":"17.8813",
				"telescope":"Pan-STARRS1",
				"u_time":"MJD",
				"source":"3,8"
			},
			{
				"time":"57391.2960993062",
				"band":"w",
				"e_magnitude":"0.0119672",
				"instrument":"GPC",
				"magnitude":"17.9489",
				"telescope":"Pan-STARRS1",
				"u_time":"MJD",
				"source":"3,8"
			},
			{
				"time":"57391.3090810535",
				"band":"w",
				"e_magnitude":"0.0125335",
				"instrument":"GPC",
				"magnitude":"17.9707",
				"telescope":"Pan-STARRS1",
				"u_time":"MJD",
				"source":"3,8"
			},
			{
				"time":"57391.3220367887",
				"band":"w",
				"e_magnitude":"0.0137603",
				"instrument":"GPC",
				"magnitude":"17.9441",
				"telescope":"Pan-STARRS1",
				"u_time":"MJD",
				"source":"3,8"
			},
			{
				"time":"57391.3350356204",
				"band":"w",
				"e_magnitude":"0.0124741",
				"instrument":"GPC",
				"magnitude":"17.9647",
				"telescope":"Pan-STARRS1",
				"u_time":"MJD",
				"source":"3,8"
			},
			{
				"time":"57400.2798204186",
				"band":"w",
				"e_magnitude":"0.0245889",
				"instrument":"GPC",
				"magnitude":"18.2514",
				"telescope":"Pan-STARRS1",
				"u_time":"MJD",
				"source":"3,8"
			},
			{
				"time":"57400.2922490222",
				"band":"w",
				"e_magnitude":"0.0238181",
				"instrument":"GPC",
				"magnitude":"18.243",
				"telescope":"Pan-STARRS1",
				"u_time":"MJD",
				"source":"3,8"
			},
			{
				"time":"57400.3046509903",
				"band":"w",
				"e_magnitude":"0.0298086",
				"instrument":"GPC",
				"magnitude":"18.2886",
				"telescope":"Pan-STARRS1",
				"u_time":"MJD",
				"source":"3,8"
			},
			{
				"time":"57400.3170002174",
				"band":"w",
				"e_magnitude":"0.023256",
				"instrument":"GPC",
				"magnitude":"18.2426",
				"telescope":"Pan-STARRS1",
				"u_time":"MJD",
				"source":"3,8"
			},
			{
				"time":"57411.2369206309",
				"band":"i",
				"e_magnitude":"0.0376234",
				"instrument":"GPC",
				"magnitude":"18.6558",
				"telescope":"Pan-STARRS1",
				"u_time":"MJD",
				"source":"3,8"
			},
			{
				"time":"57411.249344891",
				"band":"i",
				"e_magnitude":"0.0413869",
				"instrument":"GPC",
				"magnitude":"18.6171",
				"telescope":"Pan-STARRS1",
				"u_time":"MJD",
				"source":"3,8"
			},
			{
				"time":"57411.2617517462",
				"band":"i",
				"e_magnitude":"0.0425105",
				"instrument":"GPC",
				"magnitude":"18.6296",
				"telescope":"Pan-STARRS1",
				"u_time":"MJD",
				"source":"3,8"
			},
			{
				"time":"57438.2231848682",
				"band":"z",
				"e_magnitude":"0.170993",
				"instrument":"GPC",
				"magnitude":"20.2343",
				"telescope":"Pan-STARRS1",
				"u_time":"MJD",
				"source":"3,8"
			}
		]
	}
}