{
	"ASASSN-15b":{
		"schema":"https://github.com/astrocatalogs/supernovae/blob/a0bc0b9/SCHEMA.md",
		"name":"ASASSN-15b",
		"sources":[
			{
				"name":"Latest Supernovae",
				"secondary":true,
				"url":"http://www.rochesterastronomy.org/snimages/snredshiftall.html",
				"alias":"1"
			},
			{
				"name":"The Open Supernova Catalog",
				"bibcode":"2017ApJ...835...64G",
				"reference":"Guillochon et al. (2017)",
				"secondary":true,
				"url":"https://sne.space",
				"alias":"2"
			}
		],
		"alias":[
			{
				"value":"ASASSN-15b",
				"source":"1"
			}
		],
		"discoverdate":[
			{
				"value":"2015",
				"derived":true,
				"source":"2"
			}
		]
	}
}