{
	"ASASSN-15ss":{
		"schema":"https://github.com/astrocatalogs/supernovae/blob/a0bc0b9/SCHEMA.md",
		"name":"ASASSN-15ss",
		"sources":[
			{
				"name":"2016A&A...594A..13P",
				"bibcode":"2016A&A...594A..13P",
				"reference":"Planck Collaboration et al. (2016)",
				"alias":"1"
			},
			{
				"name":"2015ATel.8273....1B",
				"bibcode":"2015ATel.8273....1B",
				"reference":"Brown et al. (2015)",
				"alias":"2"
			},
			{
				"name":"2015ATel.8279....1P",
				"bibcode":"2015ATel.8279....1P",
				"reference":"Piascik & Steele (2015)",
				"alias":"3"
			},
			{
				"name":"ATel 8277",
				"bibcode":"2015ATel.8277....1B",
				"reference":"Balanutsa et al. (2015)",
				"url":"http://www.astronomerstelegram.org/?read=8277",
				"alias":"4"
			},
			{
				"name":"2011ApJ...737..103S",
				"bibcode":"2011ApJ...737..103S",
				"reference":"Schlafly & Finkbeiner (2011)",
				"alias":"5"
			},
			{
				"name":"ASAS-SN Supernovae",
				"url":"http://www.astronomy.ohio-state.edu/~assassin/sn_list.html",
				"alias":"6"
			},
			{
				"name":"Latest Supernovae",
				"secondary":true,
				"url":"http://www.rochesterastronomy.org/snimages/snredshiftall.html",
				"alias":"7"
			},
			{
				"name":"The Open Supernova Catalog",
				"bibcode":"2017ApJ...835...64G",
				"reference":"Guillochon et al. (2017)",
				"secondary":true,
				"url":"https://sne.space",
				"alias":"8"
			},
			{
				"name":"SIMBAD astronomical database",
				"bibcode":"2000A&AS..143....9W",
				"reference":"Wenger et al. (2000)",
				"secondary":true,
				"url":"http://simbad.u-strasbg.fr/",
				"alias":"9"
			}
		],
		"alias":[
			{
				"value":"ASASSN-15ss",
				"source":"2,6,7,9"
			}
		],
		"claimedtype":[
			{
				"value":"Ia",
				"source":"2,3,4,6,7,9"
			}
		],
		"comovingdist":[
			{
				"value":"156.06",
				"derived":true,
				"u_value":"Mpc",
				"source":"1,2,6,8"
			}
		],
		"dec":[
			{
				"value":"-14:15:26.94",
				"u_value":"degrees",
				"source":"2,9"
			},
			{
				"value":"-14:15:26.9",
				"u_value":"degrees",
				"source":"2,7"
			},
			{
				"value":"-14:15:27",
				"u_value":"degrees",
				"source":"2,6"
			}
		],
		"discoverdate":[
			{
				"value":"2015/11/11",
				"source":"2,7"
			}
		],
		"discoverer":[
			{
				"value":"ASAS-SN",
				"source":"2,7"
			}
		],
		"ebv":[
			{
				"value":"0.1992",
				"derived":true,
				"e_value":"0.0017",
				"source":"5,8"
			}
		],
		"host":[
			{
				"value":"MCG -02-16-04",
				"source":"2,7"
			},
			{
				"value":"MCG -02-16-004",
				"source":"2,6"
			}
		],
		"hostoffsetang":[
			{
				"value":"22.02",
				"u_value":"arcseconds",
				"source":"2,6"
			}
		],
		"lumdist":[
			{
				"value":"161.61",
				"derived":true,
				"u_value":"Mpc",
				"source":"1,2,6,8"
			}
		],
		"maxabsmag":[
			{
				"value":"-18.9044",
				"derived":true,
				"source":"1,2,6,8"
			}
		],
		"maxappmag":[
			{
				"value":"17.1",
				"derived":true,
				"source":"2,7,8"
			}
		],
		"maxdate":[
			{
				"value":"2015/11/10",
				"derived":true,
				"source":"2,7,8"
			}
		],
		"maxvisualabsmag":[
			{
				"value":"-18.9423",
				"derived":true,
				"source":"1,2,6,8"
			}
		],
		"maxvisualappmag":[
			{
				"value":"17.1",
				"derived":true,
				"source":"2,7,8"
			}
		],
		"maxvisualdate":[
			{
				"value":"2015/11/10",
				"derived":true,
				"source":"2,7,8"
			}
		],
		"ra":[
			{
				"value":"06:12:33.398",
				"u_value":"hours",
				"source":"2,9"
			},
			{
				"value":"06:12:33.40",
				"u_value":"hours",
				"source":"2,7"
			},
			{
				"value":"06:12:33.408",
				"u_value":"hours",
				"source":"2,6"
			}
		],
		"redshift":[
			{
				"value":"0.035558",
				"source":"2,6"
			}
		],
		"velocity":[
			{
				"value":"10471",
				"u_value":"km/s",
				"source":"8"
			}
		],
		"photometry":[
			{
				"time":"57336.5",
				"magnitude":"17.1",
				"u_time":"MJD",
				"source":"2,7"
			}
		]
	}
}