{
	"ASASSN-16mh":{
		"schema":"https://github.com/astrocatalogs/supernovae/blob/a0bc0b9/SCHEMA.md",
		"name":"ASASSN-16mh",
		"sources":[
			{
				"name":"2011ApJ...737..103S",
				"bibcode":"2011ApJ...737..103S",
				"reference":"Schlafly & Finkbeiner (2011)",
				"alias":"1"
			},
			{
				"name":"Transient Name Server",
				"url":"https://wis-tns.weizmann.ac.il/",
				"alias":"2"
			},
			{
				"name":"Latest Supernovae",
				"secondary":true,
				"url":"http://www.rochesterastronomy.org/snimages/snredshiftall.html",
				"alias":"3"
			},
			{
				"name":"The Open Supernova Catalog",
				"bibcode":"2017ApJ...835...64G",
				"reference":"Guillochon et al. (2017)",
				"secondary":true,
				"url":"https://sne.space",
				"alias":"4"
			}
		],
		"alias":[
			{
				"value":"ASASSN-16mh",
				"source":"2,3"
			},
			{
				"value":"AT2016hoc",
				"source":"2,3"
			}
		],
		"dec":[
			{
				"value":"-05:05:48.59",
				"u_value":"degrees",
				"source":"2,3"
			}
		],
		"discoverdate":[
			{
				"value":"2016/10/27.61",
				"source":"2"
			}
		],
		"discoverer":[
			{
				"value":"ASAS-SN",
				"source":"2,3"
			}
		],
		"ebv":[
			{
				"value":"0.0657",
				"derived":true,
				"e_value":"0.0021",
				"source":"1,4"
			}
		],
		"host":[
			{
				"value":"Uncatalogued",
				"source":"2"
			}
		],
		"maxappmag":[
			{
				"value":"16.1",
				"derived":true,
				"source":"2,4"
			}
		],
		"maxband":[
			{
				"value":"V",
				"derived":true,
				"source":"2,4"
			}
		],
		"maxdate":[
			{
				"value":"2016/10/27",
				"derived":true,
				"source":"2,4"
			}
		],
		"maxvisualappmag":[
			{
				"value":"16.1",
				"derived":true,
				"source":"2,4"
			}
		],
		"maxvisualband":[
			{
				"value":"V",
				"derived":true,
				"source":"2,4"
			}
		],
		"maxvisualdate":[
			{
				"value":"2016/10/27",
				"derived":true,
				"source":"2,4"
			}
		],
		"ra":[
			{
				"value":"09:43:59.05",
				"u_value":"hours",
				"source":"2"
			},
			{
				"value":"09:43:59.050",
				"u_value":"hours",
				"source":"2,3"
			}
		],
		"photometry":[
			{
				"time":"57681.1",
				"band":"V",
				"instrument":"Brutus",
				"magnitude":"17.1",
				"system":"Vega",
				"telescope":"ASASSN-1",
				"u_time":"MJD",
				"upperlimit":true,
				"source":"2"
			},
			{
				"time":"57688.11",
				"band":"V",
				"e_magnitude":"0.1",
				"instrument":"Brutus",
				"magnitude":"16.1",
				"system":"Vega",
				"telescope":"ASASSN-1",
				"u_time":"MJD",
				"source":"2"
			},
			{
				"time":"57689.14",
				"band":"V",
				"e_magnitude":"0.1",
				"instrument":"Brutus",
				"magnitude":"16.3",
				"system":"Vega",
				"telescope":"ASASSN-1",
				"u_time":"MJD",
				"source":"2"
			}
		]
	}
}