{
	"ASASSN-15ir":{
		"schema":"https://github.com/astrocatalogs/supernovae/blob/a0bc0b9/SCHEMA.md",
		"name":"ASASSN-15ir",
		"sources":[
			{
				"name":"2016A&A...594A..13P",
				"bibcode":"2016A&A...594A..13P",
				"reference":"Planck Collaboration et al. (2016)",
				"alias":"1"
			},
			{
				"name":"2015ATel.7493....1H",
				"bibcode":"2015ATel.7493....1H",
				"reference":"Holoien et al. (2015)",
				"alias":"2"
			},
			{
				"name":"2015ATel.7519....1P",
				"bibcode":"2015ATel.7519....1P",
				"reference":"Pan et al. (2015)",
				"alias":"3"
			},
			{
				"name":"2011ApJ...737..103S",
				"bibcode":"2011ApJ...737..103S",
				"reference":"Schlafly & Finkbeiner (2011)",
				"alias":"4"
			},
			{
				"name":"ASAS-SN Supernovae",
				"url":"http://www.astronomy.ohio-state.edu/~assassin/sn_list.html",
				"alias":"5"
			},
			{
				"name":"Latest Supernovae",
				"secondary":true,
				"url":"http://www.rochesterastronomy.org/snimages/snredshiftall.html",
				"alias":"6"
			},
			{
				"name":"The Open Supernova Catalog",
				"bibcode":"2017ApJ...835...64G",
				"reference":"Guillochon et al. (2017)",
				"secondary":true,
				"url":"https://sne.space",
				"alias":"7"
			},
			{
				"name":"SIMBAD astronomical database",
				"bibcode":"2000A&AS..143....9W",
				"reference":"Wenger et al. (2000)",
				"secondary":true,
				"url":"http://simbad.u-strasbg.fr/",
				"alias":"8"
			}
		],
		"alias":[
			{
				"value":"ASASSN-15ir",
				"source":"2,5,6,8"
			}
		],
		"claimedtype":[
			{
				"value":"II",
				"source":"2,3,5,6,8"
			}
		],
		"comovingdist":[
			{
				"value":"56.224",
				"derived":true,
				"u_value":"Mpc",
				"source":"1,2,5,7"
			}
		],
		"dec":[
			{
				"value":"-21:38:07.95",
				"u_value":"degrees",
				"source":"2,8"
			},
			{
				"value":"-21:38:07.9",
				"u_value":"degrees",
				"source":"2,6"
			},
			{
				"value":"-21:38:07.8",
				"u_value":"degrees",
				"source":"2,5"
			}
		],
		"discoverdate":[
			{
				"value":"2015/05/08",
				"source":"2,6"
			}
		],
		"discoverer":[
			{
				"value":"ASAS-SN",
				"source":"2,6"
			}
		],
		"ebv":[
			{
				"value":"0.054",
				"derived":true,
				"e_value":"0.0019",
				"source":"4,7"
			}
		],
		"host":[
			{
				"value":"ESO 569-G9",
				"source":"2,6"
			},
			{
				"value":"ESO 569-G009",
				"source":"2,5"
			}
		],
		"hostoffsetang":[
			{
				"value":"12.47",
				"u_value":"arcseconds",
				"source":"2,5"
			}
		],
		"lumdist":[
			{
				"value":"56.9409",
				"derived":true,
				"u_value":"Mpc",
				"source":"1,2,5,7"
			}
		],
		"maxabsmag":[
			{
				"value":"-17.1634",
				"derived":true,
				"source":"1,2,5,7"
			}
		],
		"maxappmag":[
			{
				"value":"16.6",
				"derived":true,
				"source":"2,6,7"
			}
		],
		"maxdate":[
			{
				"value":"2015/05/10",
				"derived":true,
				"source":"2,6,7"
			}
		],
		"maxvisualabsmag":[
			{
				"value":"-17.1771",
				"derived":true,
				"source":"1,2,5,7"
			}
		],
		"maxvisualappmag":[
			{
				"value":"16.6",
				"derived":true,
				"source":"2,6,7"
			}
		],
		"maxvisualdate":[
			{
				"value":"2015/05/10",
				"derived":true,
				"source":"2,6,7"
			}
		],
		"ra":[
			{
				"value":"10:48:30.300",
				"u_value":"hours",
				"source":"2,8"
			},
			{
				"value":"10:48:30.30",
				"u_value":"hours",
				"source":"2,6"
			},
			{
				"value":"10:48:30.24",
				"u_value":"hours",
				"source":"2,5"
			}
		],
		"redshift":[
			{
				"value":"0.012742",
				"source":"2,5"
			}
		],
		"velocity":[
			{
				"value":"3795.6",
				"u_value":"km/s",
				"source":"7"
			}
		],
		"photometry":[
			{
				"time":"57152.5",
				"magnitude":"16.6",
				"u_time":"MJD",
				"source":"2,6"
			}
		]
	}
}