{
	"ASASSN-15ug":{
		"schema":"https://github.com/astrocatalogs/supernovae/blob/a0bc0b9/SCHEMA.md",
		"name":"ASASSN-15ug",
		"sources":[
			{
				"name":"2016ATel.8543....1F",
				"bibcode":"2016ATel.8543....1F",
				"reference":"Falco et al. (2016)",
				"alias":"1"
			},
			{
				"name":"2016A&A...594A..13P",
				"bibcode":"2016A&A...594A..13P",
				"reference":"Planck Collaboration et al. (2016)",
				"alias":"2"
			},
			{
				"name":"ATel 8436",
				"bibcode":"2015ATel.8436....1M",
				"reference":"Masi et al. (2015)",
				"url":"http://www.astronomerstelegram.org/?read=8436",
				"alias":"3"
			},
			{
				"name":"ATel 8439",
				"bibcode":"2015ATel.8439....1T",
				"reference":"Turatto et al. (2015)",
				"url":"http://www.astronomerstelegram.org/?read=8439",
				"alias":"4"
			},
			{
				"name":"2011ApJ...737..103S",
				"bibcode":"2011ApJ...737..103S",
				"reference":"Schlafly & Finkbeiner (2011)",
				"alias":"5"
			},
			{
				"name":"Transient Name Server",
				"url":"https://wis-tns.weizmann.ac.il/",
				"alias":"6"
			},
			{
				"name":"Gaia Photometric Science Alerts",
				"url":"http://gsaweb.ast.cam.ac.uk/alerts/alertsindex",
				"alias":"7"
			},
			{
				"name":"ASAS-SN Supernovae",
				"url":"http://www.astronomy.ohio-state.edu/~assassin/sn_list.html",
				"alias":"8"
			},
			{
				"name":"CPCS Alert 26150",
				"url":"http://gsaweb.ast.cam.ac.uk/followup/get_alert_lc_data?alert_id=26150",
				"alias":"9"
			},
			{
				"name":"Asiago Supernova Catalogue",
				"secondary":true,
				"url":"http://graspa.oapd.inaf.it/cgi-bin/sncat.php",
				"alias":"10"
			},
			{
				"name":"Cambridge Photometric Calibration Server",
				"secondary":true,
				"url":"http://gsaweb.ast.cam.ac.uk/followup/",
				"alias":"11"
			},
			{
				"name":"Latest Supernovae",
				"secondary":true,
				"url":"http://www.rochesterastronomy.org/snimages/snredshiftall.html",
				"alias":"12"
			},
			{
				"name":"The Open Supernova Catalog",
				"bibcode":"2017ApJ...835...64G",
				"reference":"Guillochon et al. (2017)",
				"secondary":true,
				"url":"https://sne.space",
				"alias":"13"
			},
			{
				"name":"WISeREP",
				"bibcode":"2012PASP..124..668Y",
				"reference":"Yaron & Gal-Yam (2012)",
				"secondary":true,
				"url":"http://wiserep.weizmann.ac.il/",
				"alias":"14"
			},
			{
				"name":"SIMBAD astronomical database",
				"bibcode":"2000A&AS..143....9W",
				"reference":"Wenger et al. (2000)",
				"secondary":true,
				"url":"http://simbad.u-strasbg.fr/",
				"alias":"15"
			}
		],
		"alias":[
			{
				"value":"ASASSN-15ug",
				"source":"3,10,12,15"
			},
			{
				"value":"AT2016dpd",
				"source":"3,6,7,8,10,12,14"
			},
			{
				"value":"Gaia16abc",
				"source":"3,6,11,12"
			}
		],
		"claimedtype":[
			{
				"value":"Ia",
				"source":"1,15"
			},
			{
				"value":"II",
				"source":"1,8"
			},
			{
				"value":"II P",
				"source":"3,7,12"
			}
		],
		"comovingdist":[
			{
				"value":"97.7",
				"derived":true,
				"u_value":"Mpc",
				"source":"2,3,8,13"
			}
		],
		"dec":[
			{
				"value":"+63:14:59.60",
				"u_value":"degrees",
				"source":"6"
			},
			{
				"value":"+63:14:59.89",
				"u_value":"degrees",
				"source":"3,4,10,15"
			},
			{
				"value":"+63:14:59.9",
				"u_value":"degrees",
				"source":"3,12"
			},
			{
				"value":"+63:14:59.64",
				"u_value":"degrees",
				"source":"7,11"
			},
			{
				"value":"+63:15:00",
				"u_value":"degrees",
				"source":"3,8"
			}
		],
		"discoverdate":[
			{
				"value":"2016/01/25.625",
				"source":"6"
			}
		],
		"discoverer":[
			{
				"value":"GaiaAlerts",
				"source":"6"
			},
			{
				"value":"ASAS-SN",
				"source":"3,4,10,12"
			}
		],
		"ebv":[
			{
				"value":"0.0768",
				"derived":true,
				"e_value":"0.0021",
				"source":"5,13"
			}
		],
		"hostoffsetang":[
			{
				"value":"1.84",
				"u_value":"arcseconds",
				"source":"3,8"
			}
		],
		"lumdist":[
			{
				"value":"99.91",
				"derived":true,
				"u_value":"Mpc",
				"source":"2,3,8,13"
			}
		],
		"maxabsmag":[
			{
				"value":"-20.73",
				"derived":true,
				"source":"2,3,8,13"
			}
		],
		"maxappmag":[
			{
				"value":"14.24",
				"derived":true,
				"source":"9,11,13"
			}
		],
		"maxband":[
			{
				"value":"i",
				"derived":true,
				"source":"9,11,13"
			}
		],
		"maxdate":[
			{
				"value":"2016/02/18",
				"derived":true,
				"source":"9,11,13"
			}
		],
		"maxvisualabsmag":[
			{
				"value":"-18.69",
				"derived":true,
				"source":"2,3,8,13"
			}
		],
		"maxvisualappmag":[
			{
				"value":"16.31",
				"derived":true,
				"source":"9,11,13"
			}
		],
		"maxvisualband":[
			{
				"value":"B",
				"derived":true,
				"source":"9,11,13"
			}
		],
		"maxvisualdate":[
			{
				"value":"2016/02/17",
				"derived":true,
				"source":"9,11,13"
			}
		],
		"ra":[
			{
				"value":"06:45:01.70",
				"u_value":"hours",
				"source":"6"
			},
			{
				"value":"06:45:01.682",
				"u_value":"hours",
				"source":"3,4,10,15"
			},
			{
				"value":"06:45:01.68",
				"u_value":"hours",
				"source":"3,7,8,11,12"
			}
		],
		"redshift":[
			{
				"value":"0.0222",
				"source":"3,8"
			}
		],
		"velocity":[
			{
				"value":"6580",
				"u_value":"km/s",
				"source":"13"
			}
		],
		"photometry":[
			{
				"time":"57363.4489931",
				"band":"G",
				"instrument":"Gaia-photometric",
				"magnitude":"21.5",
				"observer":"Robot",
				"telescope":"Gaia",
				"u_time":"MJD",
				"upperlimit":true,
				"source":"6"
			},
			{
				"time":"57412.125",
				"band":"G",
				"e_magnitude":"0.2",
				"instrument":"Gaia-photometric",
				"magnitude":"17.42",
				"observer":"Robot",
				"telescope":"Gaia",
				"u_time":"MJD",
				"source":"6"
			},
			{
				"time":"57412.626",
				"band":"G",
				"e_magnitude":"0.0",
				"magnitude":"17.42",
				"telescope":"GAIA",
				"u_time":"MJD",
				"source":"7"
			},
			{
				"time":"57412.700",
				"band":"G",
				"e_magnitude":"0.0",
				"magnitude":"17.4",
				"telescope":"GAIA",
				"u_time":"MJD",
				"source":"7"
			},
			{
				"time":"57412.876",
				"band":"G",
				"e_magnitude":"0.0",
				"magnitude":"17.53",
				"telescope":"GAIA",
				"u_time":"MJD",
				"source":"7"
			},
			{
				"time":"57412.950",
				"band":"G",
				"e_magnitude":"0.0",
				"magnitude":"17.4",
				"telescope":"GAIA",
				"u_time":"MJD",
				"source":"7"
			},
			{
				"time":"57420.0591",
				"band":"B",
				"e_magnitude":"0.0361",
				"magnitude":"18.868",
				"observatory":"ObsMontsec-Umut Burg",
				"u_time":"MJD",
				"source":"9,11"
			},
			{
				"time":"57420.0627",
				"band":"B",
				"e_magnitude":"0.0331",
				"magnitude":"18.9413",
				"observatory":"ObsMontsec-Umut Burg",
				"u_time":"MJD",
				"source":"9,11"
			},
			{
				"time":"57420.0662",
				"band":"B",
				"e_magnitude":"0.0345",
				"magnitude":"19.0057",
				"observatory":"ObsMontsec-Umut Burg",
				"u_time":"MJD",
				"source":"9,11"
			},
			{
				"time":"57420.0815",
				"band":"V",
				"e_magnitude":"0.0238",
				"magnitude":"17.8775",
				"observatory":"ObsMontsec-Umut Burg",
				"u_time":"MJD",
				"source":"9,11"
			},
			{
				"time":"57420.0851",
				"band":"V",
				"e_magnitude":"0.0253",
				"magnitude":"17.8672",
				"observatory":"ObsMontsec-Umut Burg",
				"u_time":"MJD",
				"source":"9,11"
			},
			{
				"time":"57420.0886",
				"band":"V",
				"e_magnitude":"0.0234",
				"magnitude":"17.8528",
				"observatory":"ObsMontsec-Umut Burg",
				"u_time":"MJD",
				"source":"9,11"
			},
			{
				"time":"57420.1024",
				"band":"r",
				"e_magnitude":"0.0124",
				"magnitude":"17.4588",
				"observatory":"ObsMontsec-Umut Burg",
				"u_time":"MJD",
				"source":"9,11"
			},
			{
				"time":"57420.106",
				"band":"r",
				"e_magnitude":"0.013",
				"magnitude":"17.4455",
				"observatory":"ObsMontsec-Umut Burg",
				"u_time":"MJD",
				"source":"9,11"
			},
			{
				"time":"57420.1095",
				"band":"r",
				"e_magnitude":"0.0132",
				"magnitude":"17.453",
				"observatory":"ObsMontsec-Umut Burg",
				"u_time":"MJD",
				"source":"9,11"
			},
			{
				"time":"57420.1252",
				"band":"i",
				"e_magnitude":"0.0201",
				"magnitude":"17.1398",
				"observatory":"ObsMontsec-Umut Burg",
				"u_time":"MJD",
				"source":"9,11"
			},
			{
				"time":"57420.1287",
				"band":"i",
				"e_magnitude":"0.0213",
				"magnitude":"17.2185",
				"observatory":"ObsMontsec-Umut Burg",
				"u_time":"MJD",
				"source":"9,11"
			},
			{
				"time":"57420.1323",
				"band":"i",
				"e_magnitude":"0.0231",
				"magnitude":"17.2131",
				"observatory":"ObsMontsec-Umut Burg",
				"u_time":"MJD",
				"source":"9,11"
			},
			{
				"time":"57420.953",
				"band":"G",
				"e_magnitude":"0.0",
				"magnitude":"17.7",
				"telescope":"GAIA",
				"u_time":"MJD",
				"source":"7"
			},
			{
				"time":"57421.0394",
				"band":"B",
				"magnitude":"19.3945",
				"observatory":"ObsMontsec-Umut Burg",
				"u_time":"MJD",
				"source":"9,11"
			},
			{
				"time":"57421.0429",
				"band":"B",
				"magnitude":"19.1669",
				"observatory":"ObsMontsec-Umut Burg",
				"u_time":"MJD",
				"source":"9,11"
			},
			{
				"time":"57421.0465",
				"band":"B",
				"magnitude":"18.5784",
				"observatory":"ObsMontsec-Umut Burg",
				"u_time":"MJD",
				"source":"9,11"
			},
			{
				"time":"57421.0502",
				"band":"V",
				"magnitude":"18.9668",
				"observatory":"ObsMontsec-Umut Burg",
				"u_time":"MJD",
				"source":"9,11"
			},
			{
				"time":"57421.0537",
				"band":"V",
				"magnitude":"18.6108",
				"observatory":"ObsMontsec-Umut Burg",
				"u_time":"MJD",
				"source":"9,11"
			},
			{
				"time":"57421.129",
				"band":"G",
				"e_magnitude":"0.0",
				"magnitude":"17.71",
				"telescope":"GAIA",
				"u_time":"MJD",
				"source":"7"
			},
			{
				"time":"57421.203",
				"band":"G",
				"e_magnitude":"0.0",
				"magnitude":"17.68",
				"telescope":"GAIA",
				"u_time":"MJD",
				"source":"7"
			},
			{
				"time":"57422.0338",
				"band":"B",
				"e_magnitude":"0.038",
				"magnitude":"19.1597",
				"observatory":"ObsMontsec-Umut Burg",
				"u_time":"MJD",
				"source":"9,11"
			},
			{
				"time":"57422.0373",
				"band":"B",
				"magnitude":"20.8865",
				"observatory":"ObsMontsec-Umut Burg",
				"u_time":"MJD",
				"source":"9,11"
			},
			{
				"time":"57422.0408",
				"band":"B",
				"e_magnitude":"0.0437",
				"magnitude":"19.6663",
				"observatory":"ObsMontsec-Umut Burg",
				"u_time":"MJD",
				"source":"9,11"
			},
			{
				"time":"57422.0446",
				"band":"V",
				"e_magnitude":"0.0253",
				"magnitude":"17.9736",
				"observatory":"ObsMontsec-Umut Burg",
				"u_time":"MJD",
				"source":"9,11"
			},
			{
				"time":"57422.0481",
				"band":"V",
				"e_magnitude":"0.0245",
				"magnitude":"17.9845",
				"observatory":"ObsMontsec-Umut Burg",
				"u_time":"MJD",
				"source":"9,11"
			},
			{
				"time":"57422.0516",
				"band":"V",
				"e_magnitude":"0.0254",
				"magnitude":"18.013",
				"observatory":"ObsMontsec-Umut Burg",
				"u_time":"MJD",
				"source":"9,11"
			},
			{
				"time":"57422.0553",
				"band":"r",
				"e_magnitude":"0.0143",
				"magnitude":"17.5667",
				"observatory":"ObsMontsec-Umut Burg",
				"u_time":"MJD",
				"source":"9,11"
			},
			{
				"time":"57422.0589",
				"band":"r",
				"e_magnitude":"0.0139",
				"magnitude":"17.5874",
				"observatory":"ObsMontsec-Umut Burg",
				"u_time":"MJD",
				"source":"9,11"
			},
			{
				"time":"57422.0624",
				"band":"r",
				"e_magnitude":"0.0146",
				"magnitude":"17.5795",
				"observatory":"ObsMontsec-Umut Burg",
				"u_time":"MJD",
				"source":"9,11"
			},
			{
				"time":"57422.0661",
				"band":"i",
				"e_magnitude":"0.0212",
				"magnitude":"17.3153",
				"observatory":"ObsMontsec-Umut Burg",
				"u_time":"MJD",
				"source":"9,11"
			},
			{
				"time":"57422.0697",
				"band":"i",
				"e_magnitude":"0.0215",
				"magnitude":"17.3112",
				"observatory":"ObsMontsec-Umut Burg",
				"u_time":"MJD",
				"source":"9,11"
			},
			{
				"time":"57422.0732",
				"band":"i",
				"e_magnitude":"0.0215",
				"magnitude":"17.1988",
				"observatory":"ObsMontsec-Umut Burg",
				"u_time":"MJD",
				"source":"9,11"
			},
			{
				"time":"57422.9602",
				"band":"B",
				"e_magnitude":"0.033",
				"magnitude":"19.0455",
				"observatory":"ObsMontsec-Umut Burg",
				"u_time":"MJD",
				"source":"9,11"
			},
			{
				"time":"57422.9637",
				"band":"B",
				"e_magnitude":"0.0303",
				"magnitude":"19.0795",
				"observatory":"ObsMontsec-Umut Burg",
				"u_time":"MJD",
				"source":"9,11"
			},
			{
				"time":"57422.9673",
				"band":"B",
				"e_magnitude":"0.0306",
				"magnitude":"19.0205",
				"observatory":"ObsMontsec-Umut Burg",
				"u_time":"MJD",
				"source":"9,11"
			},
			{
				"time":"57422.9896",
				"band":"V",
				"e_magnitude":"0.02",
				"magnitude":"18.0148",
				"observatory":"ObsMontsec-Umut Burg",
				"u_time":"MJD",
				"source":"9,11"
			},
			{
				"time":"57422.9931",
				"band":"V",
				"e_magnitude":"0.0208",
				"magnitude":"18.049",
				"observatory":"ObsMontsec-Umut Burg",
				"u_time":"MJD",
				"source":"9,11"
			},
			{
				"time":"57423.0117",
				"band":"r",
				"e_magnitude":"0.0114",
				"magnitude":"17.5742",
				"observatory":"ObsMontsec-Umut Burg",
				"u_time":"MJD",
				"source":"9,11"
			},
			{
				"time":"57423.0153",
				"band":"r",
				"e_magnitude":"0.0117",
				"magnitude":"17.5471",
				"observatory":"ObsMontsec-Umut Burg",
				"u_time":"MJD",
				"source":"9,11"
			},
			{
				"time":"57423.0188",
				"band":"r",
				"e_magnitude":"0.0113",
				"magnitude":"17.5695",
				"observatory":"ObsMontsec-Umut Burg",
				"u_time":"MJD",
				"source":"9,11"
			},
			{
				"time":"57423.034",
				"band":"i",
				"e_magnitude":"0.0186",
				"magnitude":"17.3013",
				"observatory":"ObsMontsec-Umut Burg",
				"u_time":"MJD",
				"source":"9,11"
			},
			{
				"time":"57423.0376",
				"band":"i",
				"e_magnitude":"0.0176",
				"magnitude":"17.301",
				"observatory":"ObsMontsec-Umut Burg",
				"u_time":"MJD",
				"source":"9,11"
			},
			{
				"time":"57423.0411",
				"band":"i",
				"e_magnitude":"0.0194",
				"magnitude":"17.4002",
				"observatory":"ObsMontsec-Umut Burg",
				"u_time":"MJD",
				"source":"9,11"
			},
			{
				"time":"57423.9598",
				"band":"B",
				"e_magnitude":"0.0379",
				"magnitude":"19.1136",
				"observatory":"ObsMontsec-Umut Burg",
				"u_time":"MJD",
				"source":"9,11"
			},
			{
				"time":"57423.9634",
				"band":"B",
				"e_magnitude":"0.0469",
				"magnitude":"19.0656",
				"observatory":"ObsMontsec-Umut Burg",
				"u_time":"MJD",
				"source":"9,11"
			},
			{
				"time":"57423.9669",
				"band":"B",
				"e_magnitude":"0.0624",
				"magnitude":"19.2447",
				"observatory":"ObsMontsec-Umut Burg",
				"u_time":"MJD",
				"source":"9,11"
			},
			{
				"time":"57423.9895",
				"band":"V",
				"e_magnitude":"0.0349",
				"magnitude":"17.9095",
				"observatory":"ObsMontsec-Umut Burg",
				"u_time":"MJD",
				"source":"9,11"
			},
			{
				"time":"57423.993",
				"band":"V",
				"e_magnitude":"0.0536",
				"magnitude":"18.0547",
				"observatory":"ObsMontsec-Umut Burg",
				"u_time":"MJD",
				"source":"9,11"
			},
			{
				"time":"57423.9965",
				"band":"V",
				"e_magnitude":"0.0638",
				"magnitude":"18.3213",
				"observatory":"ObsMontsec-Umut Burg",
				"u_time":"MJD",
				"source":"9,11"
			},
			{
				"time":"57424.0117",
				"band":"r",
				"e_magnitude":"0.02",
				"magnitude":"17.582",
				"observatory":"ObsMontsec-Umut Burg",
				"u_time":"MJD",
				"source":"9,11"
			},
			{
				"time":"57424.0152",
				"band":"r",
				"e_magnitude":"0.019",
				"magnitude":"17.5968",
				"observatory":"ObsMontsec-Umut Burg",
				"u_time":"MJD",
				"source":"9,11"
			},
			{
				"time":"57424.0188",
				"band":"r",
				"e_magnitude":"0.031",
				"magnitude":"17.6087",
				"observatory":"ObsMontsec-Umut Burg",
				"u_time":"MJD",
				"source":"9,11"
			},
			{
				"time":"57424.0341",
				"band":"i",
				"e_magnitude":"0.0275",
				"magnitude":"17.6113",
				"observatory":"ObsMontsec-Umut Burg",
				"u_time":"MJD",
				"source":"9,11"
			},
			{
				"time":"57424.0376",
				"band":"i",
				"e_magnitude":"0.0287",
				"magnitude":"17.68",
				"observatory":"ObsMontsec-Umut Burg",
				"u_time":"MJD",
				"source":"9,11"
			},
			{
				"time":"57424.0411",
				"band":"i",
				"e_magnitude":"0.0317",
				"magnitude":"17.6489",
				"observatory":"ObsMontsec-Umut Burg",
				"u_time":"MJD",
				"source":"9,11"
			},
			{
				"time":"57425.9078",
				"band":"B",
				"e_magnitude":"0.0439",
				"magnitude":"19.162",
				"observatory":"ObsMontsec-Umut Burg",
				"u_time":"MJD",
				"source":"9,11"
			},
			{
				"time":"57425.9114",
				"band":"B",
				"e_magnitude":"0.0512",
				"magnitude":"19.245",
				"observatory":"ObsMontsec-Umut Burg",
				"u_time":"MJD",
				"source":"9,11"
			},
			{
				"time":"57425.9149",
				"band":"B",
				"e_magnitude":"0.0508",
				"magnitude":"19.263",
				"observatory":"ObsMontsec-Umut Burg",
				"u_time":"MJD",
				"source":"9,11"
			},
			{
				"time":"57425.9186",
				"band":"V",
				"e_magnitude":"0.0291",
				"magnitude":"18.2026",
				"observatory":"ObsMontsec-Umut Burg",
				"u_time":"MJD",
				"source":"9,11"
			},
			{
				"time":"57425.9222",
				"band":"V",
				"e_magnitude":"0.0292",
				"magnitude":"18.2225",
				"observatory":"ObsMontsec-Umut Burg",
				"u_time":"MJD",
				"source":"9,11"
			},
			{
				"time":"57425.9257",
				"band":"V",
				"e_magnitude":"0.0289",
				"magnitude":"18.1916",
				"observatory":"ObsMontsec-Umut Burg",
				"u_time":"MJD",
				"source":"9,11"
			},
			{
				"time":"57425.9295",
				"band":"r",
				"e_magnitude":"0.017",
				"magnitude":"17.6334",
				"observatory":"ObsMontsec-Umut Burg",
				"u_time":"MJD",
				"source":"9,11"
			},
			{
				"time":"57425.933",
				"band":"r",
				"e_magnitude":"0.0148",
				"magnitude":"17.6932",
				"observatory":"ObsMontsec-Umut Burg",
				"u_time":"MJD",
				"source":"9,11"
			},
			{
				"time":"57425.9366",
				"band":"r",
				"e_magnitude":"0.0144",
				"magnitude":"17.7114",
				"observatory":"ObsMontsec-Umut Burg",
				"u_time":"MJD",
				"source":"9,11"
			},
			{
				"time":"57425.9404",
				"band":"i",
				"e_magnitude":"0.0222",
				"magnitude":"17.5333",
				"observatory":"ObsMontsec-Umut Burg",
				"u_time":"MJD",
				"source":"9,11"
			},
			{
				"time":"57425.944",
				"band":"i",
				"e_magnitude":"0.0204",
				"magnitude":"17.5118",
				"observatory":"ObsMontsec-Umut Burg",
				"u_time":"MJD",
				"source":"9,11"
			},
			{
				"time":"57425.9475",
				"band":"i",
				"e_magnitude":"0.0189",
				"magnitude":"17.5166",
				"observatory":"ObsMontsec-Umut Burg",
				"u_time":"MJD",
				"source":"9,11"
			},
			{
				"time":"57426.8923",
				"band":"B",
				"magnitude":"20.0092",
				"observatory":"ObsMontsec-Umut Burg",
				"u_time":"MJD",
				"source":"9,11"
			},
			{
				"time":"57426.8958",
				"band":"B",
				"magnitude":"19.8265",
				"observatory":"ObsMontsec-Umut Burg",
				"u_time":"MJD",
				"source":"9,11"
			},
			{
				"time":"57426.8993",
				"band":"B",
				"magnitude":"19.53",
				"observatory":"ObsMontsec-Umut Burg",
				"u_time":"MJD",
				"source":"9,11"
			},
			{
				"time":"57426.9031",
				"band":"V",
				"magnitude":"18.2869",
				"observatory":"ObsMontsec-Umut Burg",
				"u_time":"MJD",
				"source":"9,11"
			},
			{
				"time":"57426.9101",
				"band":"V",
				"magnitude":"18.6592",
				"observatory":"ObsMontsec-Umut Burg",
				"u_time":"MJD",
				"source":"9,11"
			},
			{
				"time":"57426.914",
				"band":"r",
				"magnitude":"17.8161",
				"observatory":"ObsMontsec-Umut Burg",
				"u_time":"MJD",
				"source":"9,11"
			},
			{
				"time":"57426.9175",
				"band":"r",
				"magnitude":"17.8161",
				"observatory":"ObsMontsec-Umut Burg",
				"u_time":"MJD",
				"source":"9,11"
			},
			{
				"time":"57432.973",
				"band":"B",
				"magnitude":"18.0554",
				"observatory":"ObsMontsec-Umut Burg",
				"u_time":"MJD",
				"source":"9,11"
			},
			{
				"time":"57432.9765",
				"band":"B",
				"magnitude":"18.8609",
				"observatory":"ObsMontsec-Umut Burg",
				"u_time":"MJD",
				"source":"9,11"
			},
			{
				"time":"57432.98",
				"band":"B",
				"magnitude":"19.1902",
				"observatory":"ObsMontsec-Umut Burg",
				"u_time":"MJD",
				"source":"9,11"
			},
			{
				"time":"57432.9838",
				"band":"V",
				"magnitude":"18.4389",
				"observatory":"ObsMontsec-Umut Burg",
				"u_time":"MJD",
				"source":"9,11"
			},
			{
				"time":"57432.9873",
				"band":"V",
				"magnitude":"18.4389",
				"observatory":"ObsMontsec-Umut Burg",
				"u_time":"MJD",
				"source":"9,11"
			},
			{
				"time":"57432.9908",
				"band":"V",
				"magnitude":"18.4389",
				"observatory":"ObsMontsec-Umut Burg",
				"u_time":"MJD",
				"source":"9,11"
			},
			{
				"time":"57432.9945",
				"band":"r",
				"magnitude":"16.0438",
				"observatory":"ObsMontsec-Umut Burg",
				"u_time":"MJD",
				"source":"9,11"
			},
			{
				"time":"57432.9981",
				"band":"r",
				"magnitude":"17.1797",
				"observatory":"ObsMontsec-Umut Burg",
				"u_time":"MJD",
				"source":"9,11"
			},
			{
				"time":"57433.0053",
				"band":"i",
				"magnitude":"18.2639",
				"observatory":"ObsMontsec-Umut Burg",
				"u_time":"MJD",
				"source":"9,11"
			},
			{
				"time":"57433.0089",
				"band":"i",
				"magnitude":"18.5066",
				"observatory":"ObsMontsec-Umut Burg",
				"u_time":"MJD",
				"source":"9,11"
			},
			{
				"time":"57433.0124",
				"band":"i",
				"magnitude":"18.7697",
				"observatory":"ObsMontsec-Umut Burg",
				"u_time":"MJD",
				"source":"9,11"
			},
			{
				"time":"57435.9755",
				"band":"B",
				"magnitude":"18.449",
				"observatory":"ObsMontsec-Umut Burg",
				"u_time":"MJD",
				"source":"9,11"
			},
			{
				"time":"57435.9791",
				"band":"B",
				"magnitude":"17.2824",
				"observatory":"ObsMontsec-Umut Burg",
				"u_time":"MJD",
				"source":"9,11"
			},
			{
				"time":"57435.9826",
				"band":"B",
				"magnitude":"16.3075",
				"observatory":"ObsMontsec-Umut Burg",
				"u_time":"MJD",
				"source":"9,11"
			},
			{
				"time":"57435.9864",
				"band":"V",
				"magnitude":"16.3367",
				"observatory":"ObsMontsec-Umut Burg",
				"u_time":"MJD",
				"source":"9,11"
			},
			{
				"time":"57435.9899",
				"band":"V",
				"magnitude":"16.9602",
				"observatory":"ObsMontsec-Umut Burg",
				"u_time":"MJD",
				"source":"9,11"
			},
			{
				"time":"57435.9935",
				"band":"V",
				"magnitude":"17.6266",
				"observatory":"ObsMontsec-Umut Burg",
				"u_time":"MJD",
				"source":"9,11"
			},
			{
				"time":"57435.9973",
				"band":"r",
				"magnitude":"18.2894",
				"observatory":"ObsMontsec-Umut Burg",
				"u_time":"MJD",
				"source":"9,11"
			},
			{
				"time":"57436.0008",
				"band":"r",
				"magnitude":"17.8917",
				"observatory":"ObsMontsec-Umut Burg",
				"u_time":"MJD",
				"source":"9,11"
			},
			{
				"time":"57436.0044",
				"band":"r",
				"magnitude":"18.1975",
				"observatory":"ObsMontsec-Umut Burg",
				"u_time":"MJD",
				"source":"9,11"
			},
			{
				"time":"57436.0082",
				"band":"i",
				"magnitude":"16.8743",
				"observatory":"ObsMontsec-Umut Burg",
				"u_time":"MJD",
				"source":"9,11"
			},
			{
				"time":"57436.0117",
				"band":"i",
				"magnitude":"16.4075",
				"observatory":"ObsMontsec-Umut Burg",
				"u_time":"MJD",
				"source":"9,11"
			},
			{
				"time":"57436.0152",
				"band":"i",
				"magnitude":"14.2432",
				"observatory":"ObsMontsec-Umut Burg",
				"u_time":"MJD",
				"source":"9,11"
			},
			{
				"time":"57461.333",
				"band":"G",
				"e_magnitude":"0.0",
				"magnitude":"18.55",
				"telescope":"GAIA",
				"u_time":"MJD",
				"source":"7"
			},
			{
				"time":"57461.407",
				"band":"G",
				"e_magnitude":"0.0",
				"magnitude":"18.57",
				"telescope":"GAIA",
				"u_time":"MJD",
				"source":"7"
			},
			{
				"time":"57490.642",
				"band":"G",
				"e_magnitude":"0.0",
				"magnitude":"18.93",
				"telescope":"GAIA",
				"u_time":"MJD",
				"source":"7"
			},
			{
				"time":"57516.815",
				"band":"G",
				"e_magnitude":"0.0",
				"magnitude":"19.47",
				"telescope":"GAIA",
				"u_time":"MJD",
				"source":"7"
			},
			{
				"time":"57516.889",
				"band":"G",
				"e_magnitude":"0.0",
				"magnitude":"19.44",
				"telescope":"GAIA",
				"u_time":"MJD",
				"source":"7"
			}
		],
		"spectra":[
			{
				"time":"57374.0",
				"filename":"ASASSNm15ug_2015-12-18_22:42:45_Asiago.ascii",
				"instrument":"Ekar - AFOSC",
				"observer":"Turatto",
				"reducer":"Unknown",
				"reduction":"final",
				"survey":"Asiago",
				"u_fluxes":"erg/s/cm^2/Angstrom",
				"u_time":"MJD",
				"u_wavelengths":"Angstrom",
				"data":[
					[
						"3326.042199",
						"-3.424654501e-18"
					],
					[
						"3330.803809",
						"2.291149213e-16"
					],
					[
						"3335.56542",
						"1.571497712e-16"
					],
					[
						"3340.327031",
						"-7.43894576e-17"
					],
					[
						"3345.088641",
						"1.9564097e-17"
					],
					[
						"3349.850252",
						"1.506878892e-16"
					],
					[
						"3354.611863",
						"1.730083324e-16"
					],
					[
						"3359.373473",
						"1.831390582e-16"
					],
					[
						"3364.135084",
						"-8.900355527e-17"
					],
					[
						"3368.896695",
						"8.280253294e-17"
					],
					[
						"3373.658305",
						"2.03835931e-17"
					],
					[
						"3378.419916",
						"1.357490735e-16"
					],
					[
						"3383.181527",
						"1.321490776e-16"
					],
					[
						"3387.943137",
						"4.719403546e-17"
					],
					[
						"3392.704748",
						"1.616589776e-16"
					],
					[
						"3397.466359",
						"5.395133344e-17"
					],
					[
						"3402.227969",
						"1.328325009e-16"
					],
					[
						"3406.98958",
						"1.250451182e-16"
					],
					[
						"3411.751191",
						"1.198557444e-16"
					],
					[
						"3416.512801",
						"6.747394313e-17"
					],
					[
						"3421.274412",
						"7.927174227e-17"
					],
					[
						"3426.036023",
						"2.525303001e-16"
					],
					[
						"3430.797634",
						"2.212473616e-16"
					],
					[
						"3435.559244",
						"1.666254097e-16"
					],
					[
						"3440.320855",
						"1.725766632e-16"
					],
					[
						"3445.082466",
						"8.514831128e-17"
					],
					[
						"3449.844076",
						"2.315694375e-16"
					],
					[
						"3454.605687",
						"1.650573135e-16"
					],
					[
						"3459.367298",
						"1.225684733e-16"
					],
					[
						"3464.128908",
						"1.475766181e-16"
					],
					[
						"3468.890519",
						"9.330570178e-17"
					],
					[
						"3473.65213",
						"7.625717848e-17"
					],
					[
						"3478.41374",
						"9.17083697e-17"
					],
					[
						"3483.175351",
						"1.597812909e-16"
					],
					[
						"3487.936962",
						"1.286307013e-16"
					],
					[
						"3492.698572",
						"1.305493897e-16"
					],
					[
						"3497.460183",
						"1.39322785e-16"
					],
					[
						"3502.221794",
						"6.943702139e-17"
					],
					[
						"3506.983404",
						"9.13224734e-17"
					],
					[
						"3511.745015",
						"1.3949554e-16"
					],
					[
						"3516.506626",
						"1.385131009e-16"
					],
					[
						"3521.268236",
						"1.258573169e-16"
					],
					[
						"3526.029847",
						"9.325653417e-17"
					],
					[
						"3530.791458",
						"8.623682141e-17"
					],
					[
						"3535.553068",
						"1.090430247e-16"
					],
					[
						"3540.314679",
						"1.154221754e-16"
					],
					[
						"3545.07629",
						"1.331444869e-16"
					],
					[
						"3549.8379",
						"1.262063871e-16"
					],
					[
						"3554.599511",
						"1.316444975e-16"
					],
					[
						"3559.361122",
						"1.380043649e-16"
					],
					[
						"3564.122732",
						"1.471530752e-16"
					],
					[
						"3568.884343",
						"1.415979287e-16"
					],
					[
						"3573.645954",
						"1.160284789e-16"
					],
					[
						"3578.407565",
						"9.665228263e-17"
					],
					[
						"3583.169175",
						"9.71289041e-17"
					],
					[
						"3587.930786",
						"1.043630949e-16"
					],
					[
						"3592.692397",
						"1.349970671e-16"
					],
					[
						"3597.454007",
						"1.443628031e-16"
					],
					[
						"3602.215618",
						"1.40097251e-16"
					],
					[
						"3606.977229",
						"1.32909872e-16"
					],
					[
						"3611.738839",
						"1.254176406e-16"
					],
					[
						"3616.50045",
						"1.335797825e-16"
					],
					[
						"3621.262061",
						"1.348303604e-16"
					],
					[
						"3626.023671",
						"1.240514427e-16"
					],
					[
						"3630.785282",
						"1.324613416e-16"
					],
					[
						"3635.546893",
						"1.035206809e-16"
					],
					[
						"3640.308503",
						"1.36956744e-16"
					],
					[
						"3645.070114",
						"1.542896321e-16"
					],
					[
						"3649.831725",
						"1.796575542e-16"
					],
					[
						"3654.593335",
						"1.562340889e-16"
					],
					[
						"3659.354946",
						"1.350099976e-16"
					],
					[
						"3664.116557",
						"1.407639983e-16"
					],
					[
						"3668.878167",
						"1.505938156e-16"
					],
					[
						"3673.639778",
						"1.616386885e-16"
					],
					[
						"3678.401389",
						"1.109331787e-16"
					],
					[
						"3683.162999",
						"1.285300367e-16"
					],
					[
						"3687.92461",
						"1.328537296e-16"
					],
					[
						"3692.686221",
						"1.249434213e-16"
					],
					[
						"3697.447831",
						"1.291929591e-16"
					],
					[
						"3702.209442",
						"1.697888528e-16"
					],
					[
						"3706.971053",
						"1.468992432e-16"
					],
					[
						"3711.732663",
						"1.306490352e-16"
					],
					[
						"3716.494274",
						"1.331453737e-16"
					],
					[
						"3721.255885",
						"1.196109783e-16"
					],
					[
						"3726.017496",
						"1.405637941e-16"
					],
					[
						"3730.779106",
						"1.582469171e-16"
					],
					[
						"3735.540717",
						"1.457564369e-16"
					],
					[
						"3740.302328",
						"1.434608321e-16"
					],
					[
						"3745.063938",
						"1.456689411e-16"
					],
					[
						"3749.825549",
						"1.490239195e-16"
					],
					[
						"3754.58716",
						"1.70835309e-16"
					],
					[
						"3759.34877",
						"1.649666942e-16"
					],
					[
						"3764.110381",
						"1.585363906e-16"
					],
					[
						"3768.871992",
						"1.677300333e-16"
					],
					[
						"3773.633602",
						"1.32018436e-16"
					],
					[
						"3778.395213",
						"1.253693068e-16"
					],
					[
						"3783.156824",
						"1.621148137e-16"
					],
					[
						"3787.918434",
						"1.705267111e-16"
					],
					[
						"3792.680045",
						"1.816266941e-16"
					],
					[
						"3797.441656",
						"1.441108637e-16"
					],
					[
						"3802.203266",
						"1.630104981e-16"
					],
					[
						"3806.964877",
						"1.536350345e-16"
					],
					[
						"3811.726488",
						"1.502814325e-16"
					],
					[
						"3816.488098",
						"1.575342713e-16"
					],
					[
						"3821.249709",
						"1.381684643e-16"
					],
					[
						"3826.01132",
						"1.370341152e-16"
					],
					[
						"3830.77293",
						"1.411792297e-16"
					],
					[
						"3835.534541",
						"1.383551822e-16"
					],
					[
						"3840.296152",
						"1.521108252e-16"
					],
					[
						"3845.057762",
						"1.63529544e-16"
					],
					[
						"3849.819373",
						"1.531637533e-16"
					],
					[
						"3854.580984",
						"1.455120944e-16"
					],
					[
						"3859.342594",
						"1.497650468e-16"
					],
					[
						"3864.104205",
						"1.488937014e-16"
					],
					[
						"3868.865816",
						"1.432502517e-16"
					],
					[
						"3873.627427",
						"1.545610665e-16"
					],
					[
						"3878.389037",
						"1.5932789e-16"
					],
					[
						"3883.150648",
						"1.500907178e-16"
					],
					[
						"3887.912259",
						"1.501008689e-16"
					],
					[
						"3892.673869",
						"1.575812948e-16"
					],
					[
						"3897.43548",
						"1.553275651e-16"
					],
					[
						"3902.197091",
						"1.663634118e-16"
					],
					[
						"3906.958701",
						"1.549929739e-16"
					],
					[
						"3911.720312",
						"1.495471873e-16"
					],
					[
						"3916.481923",
						"1.559454889e-16"
					],
					[
						"3921.243533",
						"1.512508485e-16"
					],
					[
						"3926.005144",
						"1.504102874e-16"
					],
					[
						"3930.766755",
						"1.589800506e-16"
					],
					[
						"3935.528365",
						"1.520311114e-16"
					],
					[
						"3940.289976",
						"1.329767744e-16"
					],
					[
						"3945.051587",
						"1.538067704e-16"
					],
					[
						"3949.813197",
						"1.449743608e-16"
					],
					[
						"3954.574808",
						"1.566526688e-16"
					],
					[
						"3959.336419",
						"1.542200563e-16"
					],
					[
						"3964.098029",
						"1.689157206e-16"
					],
					[
						"3968.85964",
						"1.725150813e-16"
					],
					[
						"3973.621251",
						"1.502456719e-16"
					],
					[
						"3978.382861",
						"1.497205776e-16"
					],
					[
						"3983.144472",
						"1.524157041e-16"
					],
					[
						"3987.906083",
						"1.554248681e-16"
					],
					[
						"3992.667693",
						"1.709996731e-16"
					],
					[
						"3997.429304",
						"1.589329212e-16"
					],
					[
						"4002.190915",
						"1.521653e-16"
					],
					[
						"4006.952525",
						"1.620191122e-16"
					],
					[
						"4011.714136",
						"1.636813879e-16"
					],
					[
						"4016.475747",
						"1.598937477e-16"
					],
					[
						"4021.237358",
						"1.483973798e-16"
					],
					[
						"4025.998968",
						"1.46979129e-16"
					],
					[
						"4030.760579",
						"1.65494184e-16"
					],
					[
						"4035.52219",
						"1.681390443e-16"
					],
					[
						"4040.2838",
						"1.430321408e-16"
					],
					[
						"4045.045411",
						"1.343340124e-16"
					],
					[
						"4049.807022",
						"1.572254086e-16"
					],
					[
						"4054.568632",
						"1.692764508e-16"
					],
					[
						"4059.330243",
						"1.580875161e-16"
					],
					[
						"4064.091854",
						"1.400879469e-16"
					],
					[
						"4068.853464",
						"1.454015301e-16"
					],
					[
						"4073.615075",
						"1.462816106e-16"
					],
					[
						"4078.376686",
						"1.392034327e-16"
					],
					[
						"4083.138296",
						"1.293420634e-16"
					],
					[
						"4087.899907",
						"1.456638986e-16"
					],
					[
						"4092.661518",
						"1.477478246e-16"
					],
					[
						"4097.423128",
						"1.49778242e-16"
					],
					[
						"4102.184739",
						"1.623425597e-16"
					],
					[
						"4106.94635",
						"1.584224912e-16"
					],
					[
						"4111.70796",
						"1.485885843e-16"
					],
					[
						"4116.469571",
						"1.54260833e-16"
					],
					[
						"4121.231182",
						"1.693326858e-16"
					],
					[
						"4125.992792",
						"1.45574841e-16"
					],
					[
						"4130.754403",
						"1.498530853e-16"
					],
					[
						"4135.516014",
						"1.587386462e-16"
					],
					[
						"4140.277624",
						"1.53963048e-16"
					],
					[
						"4145.039235",
						"1.49640758e-16"
					],
					[
						"4149.800846",
						"1.597874318e-16"
					],
					[
						"4154.562456",
						"1.629243522e-16"
					],
					[
						"4159.324067",
						"1.655819975e-16"
					],
					[
						"4164.085678",
						"1.486721758e-16"
					],
					[
						"4168.847289",
						"1.455675354e-16"
					],
					[
						"4173.608899",
						"1.470411874e-16"
					],
					[
						"4178.37051",
						"1.347159051e-16"
					],
					[
						"4183.132121",
						"1.550893504e-16"
					],
					[
						"4187.893731",
						"1.513672626e-16"
					],
					[
						"4192.655342",
						"1.41567409e-16"
					],
					[
						"4197.416953",
						"1.563042471e-16"
					],
					[
						"4202.178563",
						"1.593295444e-16"
					],
					[
						"4206.940174",
						"1.525314432e-16"
					],
					[
						"4211.701785",
						"1.668833842e-16"
					],
					[
						"4216.463395",
						"1.541112523e-16"
					],
					[
						"4221.225006",
						"1.497214114e-16"
					],
					[
						"4225.986617",
						"1.574840316e-16"
					],
					[
						"4230.748227",
						"1.571859819e-16"
					],
					[
						"4235.509838",
						"1.416055917e-16"
					],
					[
						"4240.271449",
						"1.524141027e-16"
					],
					[
						"4245.033059",
						"1.47166138e-16"
					],
					[
						"4249.79467",
						"1.529344456e-16"
					],
					[
						"4254.556281",
						"1.49813963e-16"
					],
					[
						"4259.317891",
						"1.484616352e-16"
					],
					[
						"4264.079502",
						"1.40901297e-16"
					],
					[
						"4268.841113",
						"1.265157262e-16"
					],
					[
						"4273.602723",
						"1.439663916e-16"
					],
					[
						"4278.364334",
						"1.573720512e-16"
					],
					[
						"4283.125945",
						"1.600673498e-16"
					],
					[
						"4287.887555",
						"1.5620795e-16"
					],
					[
						"4292.649166",
						"1.568595301e-16"
					],
					[
						"4297.410777",
						"1.493132606e-16"
					],
					[
						"4302.172387",
						"1.555007966e-16"
					],
					[
						"4306.933998",
						"1.455896509e-16"
					],
					[
						"4311.695609",
						"1.430810437e-16"
					],
					[
						"4316.45722",
						"1.440168166e-16"
					],
					[
						"4321.21883",
						"1.711117594e-16"
					],
					[
						"4325.980441",
						"1.616775329e-16"
					],
					[
						"4330.742052",
						"1.440909849e-16"
					],
					[
						"4335.503662",
						"1.478819602e-16"
					],
					[
						"4340.265273",
						"1.552241212e-16"
					],
					[
						"4345.026884",
						"1.579397353e-16"
					],
					[
						"4349.788494",
						"1.582721693e-16"
					],
					[
						"4354.550105",
						"1.278748567e-16"
					],
					[
						"4359.311716",
						"1.46570118e-16"
					],
					[
						"4364.073326",
						"1.522590162e-16"
					],
					[
						"4368.834937",
						"1.495883875e-16"
					],
					[
						"4373.596548",
						"1.435000073e-16"
					],
					[
						"4378.358158",
						"1.553481057e-16"
					],
					[
						"4383.119769",
						"1.607325883e-16"
					],
					[
						"4387.88138",
						"1.540312606e-16"
					],
					[
						"4392.64299",
						"1.501017292e-16"
					],
					[
						"4397.404601",
						"1.586165147e-16"
					],
					[
						"4402.166212",
						"1.465072919e-16"
					],
					[
						"4406.927822",
						"1.458208644e-16"
					],
					[
						"4411.689433",
						"1.552306196e-16"
					],
					[
						"4416.451044",
						"1.554608934e-16"
					],
					[
						"4421.212654",
						"1.543270736e-16"
					],
					[
						"4425.974265",
						"1.499705714e-16"
					],
					[
						"4430.735876",
						"1.458406903e-16"
					],
					[
						"4435.497486",
						"1.493264823e-16"
					],
					[
						"4440.259097",
						"1.635359761e-16"
					],
					[
						"4445.020708",
						"1.653424195e-16"
					],
					[
						"4449.782318",
						"1.488932911e-16"
					],
					[
						"4454.543929",
						"1.577693229e-16"
					],
					[
						"4459.30554",
						"1.594393675e-16"
					],
					[
						"4464.067151",
						"1.571266234e-16"
					],
					[
						"4468.828761",
						"1.513813842e-16"
					],
					[
						"4473.590372",
						"1.545863584e-16"
					],
					[
						"4478.351983",
						"1.557456421e-16"
					],
					[
						"4483.113593",
						"1.499762889e-16"
					],
					[
						"4487.875204",
						"1.546326673e-16"
					],
					[
						"4492.636815",
						"1.445840772e-16"
					],
					[
						"4497.398425",
						"1.413750664e-16"
					],
					[
						"4502.160036",
						"1.483912123e-16"
					],
					[
						"4506.921647",
						"1.439473466e-16"
					],
					[
						"4511.683257",
						"1.423234256e-16"
					],
					[
						"4516.444868",
						"1.541043305e-16"
					],
					[
						"4521.206479",
						"1.710269502e-16"
					],
					[
						"4525.968089",
						"1.651487004e-16"
					],
					[
						"4530.7297",
						"1.454619871e-16"
					],
					[
						"4535.491311",
						"1.442824408e-16"
					],
					[
						"4540.252921",
						"1.515604391e-16"
					],
					[
						"4545.014532",
						"1.549750936e-16"
					],
					[
						"4549.776143",
						"1.479374674e-16"
					],
					[
						"4554.537753",
						"1.432467974e-16"
					],
					[
						"4559.299364",
						"1.528941454e-16"
					],
					[
						"4564.060975",
						"1.537955208e-16"
					],
					[
						"4568.822585",
						"1.530308882e-16"
					],
					[
						"4573.584196",
						"1.641010927e-16"
					],
					[
						"4578.345807",
						"1.606566729e-16"
					],
					[
						"4583.107417",
						"1.435831754e-16"
					],
					[
						"4587.869028",
						"1.47566639e-16"
					],
					[
						"4592.630639",
						"1.513041851e-16"
					],
					[
						"4597.392249",
						"1.432240996e-16"
					],
					[
						"4602.15386",
						"1.557397393e-16"
					],
					[
						"4606.915471",
						"1.52824596e-16"
					],
					[
						"4611.677082",
						"1.493727515e-16"
					],
					[
						"4616.438692",
						"1.564940751e-16"
					],
					[
						"4621.200303",
						"1.516144242e-16"
					],
					[
						"4625.961914",
						"1.521272232e-16"
					],
					[
						"4630.723524",
						"1.500819827e-16"
					],
					[
						"4635.485135",
						"1.597278616e-16"
					],
					[
						"4640.246746",
						"1.515020732e-16"
					],
					[
						"4645.008356",
						"1.595196371e-16"
					],
					[
						"4649.769967",
						"1.558570534e-16"
					],
					[
						"4654.531578",
						"1.587320023e-16"
					],
					[
						"4659.293188",
						"1.442328497e-16"
					],
					[
						"4664.054799",
						"1.425546921e-16"
					],
					[
						"4668.81641",
						"1.453014744e-16"
					],
					[
						"4673.57802",
						"1.665581765e-16"
					],
					[
						"4678.339631",
						"1.577537454e-16"
					],
					[
						"4683.101242",
						"1.51992267e-16"
					],
					[
						"4687.862852",
						"1.468733955e-16"
					],
					[
						"4692.624463",
						"1.334999364e-16"
					],
					[
						"4697.386074",
						"1.501185507e-16"
					],
					[
						"4702.147684",
						"1.549357462e-16"
					],
					[
						"4706.909295",
						"1.419212703e-16"
					],
					[
						"4711.670906",
						"1.459945194e-16"
					],
					[
						"4716.432516",
						"1.552884693e-16"
					],
					[
						"4721.194127",
						"1.455063769e-16"
					],
					[
						"4725.955738",
						"1.50530844e-16"
					],
					[
						"4730.717348",
						"1.573677763e-16"
					],
					[
						"4735.478959",
						"1.477592728e-16"
					],
					[
						"4740.24057",
						"1.550890063e-16"
					],
					[
						"4745.00218",
						"1.578655141e-16"
					],
					[
						"4749.763791",
						"1.520061504e-16"
					],
					[
						"4754.525402",
						"1.496047856e-16"
					],
					[
						"4759.287012",
						"1.424160699e-16"
					],
					[
						"4764.048623",
						"1.444031562e-16"
					],
					[
						"4768.810234",
						"1.466620475e-16"
					],
					[
						"4773.571845",
						"1.544776073e-16"
					],
					[
						"4778.333455",
						"1.544532154e-16"
					],
					[
						"4783.095066",
						"1.485494487e-16"
					],
					[
						"4787.856677",
						"1.526740889e-16"
					],
					[
						"4792.618287",
						"1.480297013e-16"
					],
					[
						"4797.379898",
						"1.498663864e-16"
					],
					[
						"4802.141509",
						"1.366457373e-16"
					],
					[
						"4806.903119",
						"1.369308301e-16"
					],
					[
						"4811.66473",
						"1.344935193e-16"
					],
					[
						"4816.426341",
						"1.345713933e-16"
					],
					[
						"4821.187951",
						"1.433741171e-16"
					],
					[
						"4825.949562",
						"1.451169271e-16"
					],
					[
						"4830.711173",
						"1.434542146e-16"
					],
					[
						"4835.472783",
						"1.396031132e-16"
					],
					[
						"4840.234394",
						"1.43468323e-16"
					],
					[
						"4844.996005",
						"1.498281376e-16"
					],
					[
						"4849.757615",
						"1.47801148e-16"
					],
					[
						"4854.519226",
						"1.397740153e-16"
					],
					[
						"4859.280837",
						"1.449319695e-16"
					],
					[
						"4864.042447",
						"1.444386919e-16"
					],
					[
						"4868.804058",
						"1.346283034e-16"
					],
					[
						"4873.565669",
						"1.398796959e-16"
					],
					[
						"4878.327279",
						"1.477553024e-16"
					],
					[
						"4883.08889",
						"1.505771529e-16"
					],
					[
						"4887.850501",
						"1.429074813e-16"
					],
					[
						"4892.612111",
						"1.476601964e-16"
					],
					[
						"4897.373722",
						"1.49288379e-16"
					],
					[
						"4902.135333",
						"1.415610431e-16"
					],
					[
						"4906.896943",
						"1.520846333e-16"
					],
					[
						"4911.658554",
						"1.526613701e-16"
					],
					[
						"4916.420165",
						"1.406899888e-16"
					],
					[
						"4921.181776",
						"1.45864791e-16"
					],
					[
						"4925.943386",
						"1.536033237e-16"
					],
					[
						"4930.704997",
						"1.551745301e-16"
					],
					[
						"4935.466608",
						"1.546822452e-16"
					],
					[
						"4940.228218",
						"1.438894705e-16"
					],
					[
						"4944.989829",
						"1.434317815e-16"
					],
					[
						"4949.75144",
						"1.526920751e-16"
					],
					[
						"4954.51305",
						"1.381895078e-16"
					],
					[
						"4959.274661",
						"1.437876147e-16"
					],
					[
						"4964.036272",
						"1.341616676e-16"
					],
					[
						"4968.797882",
						"1.386524378e-16"
					],
					[
						"4973.559493",
						"1.428799395e-16"
					],
					[
						"4978.321104",
						"1.329405108e-16"
					],
					[
						"4983.082714",
						"1.451035995e-16"
					],
					[
						"4987.844325",
						"1.437434367e-16"
					],
					[
						"4992.605936",
						"1.423440191e-16"
					],
					[
						"4997.367546",
						"1.537080117e-16"
					],
					[
						"5002.129157",
						"1.501372119e-16"
					],
					[
						"5006.890768",
						"1.425416425e-16"
					],
					[
						"5011.652378",
						"1.39597303e-16"
					],
					[
						"5016.413989",
						"1.385013483e-16"
					],
					[
						"5021.1756",
						"1.383524293e-16"
					],
					[
						"5025.93721",
						"1.36180478e-16"
					],
					[
						"5030.698821",
						"1.370208009e-16"
					],
					[
						"5035.460432",
						"1.391088959e-16"
					],
					[
						"5040.222042",
						"1.419567266e-16"
					],
					[
						"5044.983653",
						"1.404081518e-16"
					],
					[
						"5049.745264",
						"1.408598454e-16"
					],
					[
						"5054.506874",
						"1.447789477e-16"
					],
					[
						"5059.268485",
						"1.421124086e-16"
					],
					[
						"5064.030096",
						"1.354239585e-16"
					],
					[
						"5068.791707",
						"1.352337863e-16"
					],
					[
						"5073.553317",
						"1.423917706e-16"
					],
					[
						"5078.314928",
						"1.5277253e-16"
					],
					[
						"5083.076539",
						"1.467843776e-16"
					],
					[
						"5087.838149",
						"1.357719302e-16"
					],
					[
						"5092.59976",
						"1.453477038e-16"
					],
					[
						"5097.361371",
						"1.470397977e-16"
					],
					[
						"5102.122981",
						"1.432020503e-16"
					],
					[
						"5106.884592",
						"1.347838266e-16"
					],
					[
						"5111.646203",
						"1.388023494e-16"
					],
					[
						"5116.407813",
						"1.44438639e-16"
					],
					[
						"5121.169424",
						"1.490858191e-16"
					],
					[
						"5125.931035",
						"1.424886368e-16"
					],
					[
						"5130.692645",
						"1.363790675e-16"
					],
					[
						"5135.454256",
						"1.346621847e-16"
					],
					[
						"5140.215867",
						"1.420526927e-16"
					],
					[
						"5144.977477",
						"1.384075129e-16"
					],
					[
						"5149.739088",
						"1.37881651e-16"
					],
					[
						"5154.500699",
						"1.422258845e-16"
					],
					[
						"5159.262309",
						"1.37708949e-16"
					],
					[
						"5164.02392",
						"1.3375578e-16"
					],
					[
						"5168.785531",
						"1.373026379e-16"
					],
					[
						"5173.547141",
						"1.399474453e-16"
					],
					[
						"5178.308752",
						"1.465379572e-16"
					],
					[
						"5183.070363",
						"1.430727586e-16"
					],
					[
						"5187.831973",
						"1.38912199e-16"
					],
					[
						"5192.593584",
						"1.420830271e-16"
					],
					[
						"5197.355195",
						"1.372178287e-16"
					],
					[
						"5202.116805",
						"1.388647784e-16"
					],
					[
						"5206.878416",
						"1.466895364e-16"
					],
					[
						"5211.640027",
						"1.470804421e-16"
					],
					[
						"5216.401638",
						"1.401915761e-16"
					],
					[
						"5221.163248",
						"1.358805357e-16"
					],
					[
						"5225.924859",
						"1.370514529e-16"
					],
					[
						"5230.68647",
						"1.250006887e-16"
					],
					[
						"5235.44808",
						"1.27702287e-16"
					],
					[
						"5240.209691",
						"1.384530542e-16"
					],
					[
						"5244.971302",
						"1.410299269e-16"
					],
					[
						"5249.732912",
						"1.39815639e-16"
					],
					[
						"5254.494523",
						"1.3763801e-16"
					],
					[
						"5259.256134",
						"1.384208405e-16"
					],
					[
						"5264.017744",
						"1.38859405e-16"
					],
					[
						"5268.779355",
						"1.38714205e-16"
					],
					[
						"5273.540966",
						"1.401649872e-16"
					],
					[
						"5278.302576",
						"1.382558543e-16"
					],
					[
						"5283.064187",
						"1.410529424e-16"
					],
					[
						"5287.825798",
						"1.384920045e-16"
					],
					[
						"5292.587408",
						"1.422327269e-16"
					],
					[
						"5297.349019",
						"1.452810529e-16"
					],
					[
						"5302.11063",
						"1.359012483e-16"
					],
					[
						"5306.87224",
						"1.346246638e-16"
					],
					[
						"5311.633851",
						"1.338556505e-16"
					],
					[
						"5316.395462",
						"1.247332777e-16"
					],
					[
						"5321.157072",
						"1.306689008e-16"
					],
					[
						"5325.918683",
						"1.343791301e-16"
					],
					[
						"5330.680294",
						"1.317934164e-16"
					],
					[
						"5335.441904",
						"1.352243499e-16"
					],
					[
						"5340.203515",
						"1.381982958e-16"
					],
					[
						"5344.965126",
						"1.345919074e-16"
					],
					[
						"5349.726736",
						"1.289518194e-16"
					],
					[
						"5354.488347",
						"1.343315771e-16"
					],
					[
						"5359.249958",
						"1.374353044e-16"
					],
					[
						"5364.011569",
						"1.445634307e-16"
					],
					[
						"5368.773179",
						"1.345636509e-16"
					],
					[
						"5373.53479",
						"1.293999263e-16"
					],
					[
						"5378.296401",
						"1.268933044e-16"
					],
					[
						"5383.058011",
						"1.349212047e-16"
					],
					[
						"5387.819622",
						"1.32018714e-16"
					],
					[
						"5392.581233",
						"1.39060218e-16"
					],
					[
						"5397.342843",
						"1.258344603e-16"
					],
					[
						"5402.104454",
						"1.306107599e-16"
					],
					[
						"5406.866065",
						"1.381948944e-16"
					],
					[
						"5411.627675",
						"1.306652215e-16"
					],
					[
						"5416.389286",
						"1.26059824e-16"
					],
					[
						"5421.150897",
						"1.272576477e-16"
					],
					[
						"5425.912507",
						"1.371644921e-16"
					],
					[
						"5430.674118",
						"1.301080459e-16"
					],
					[
						"5435.435729",
						"1.384112716e-16"
					],
					[
						"5440.197339",
						"1.378046902e-16"
					],
					[
						"5444.95895",
						"1.244858515e-16"
					],
					[
						"5449.720561",
						"1.230026835e-16"
					],
					[
						"5454.482171",
						"1.169924289e-16"
					],
					[
						"5459.243782",
						"1.165277387e-16"
					],
					[
						"5464.005393",
						"1.306039969e-16"
					],
					[
						"5468.767003",
						"1.381611719e-16"
					],
					[
						"5473.528614",
						"1.325156576e-16"
					],
					[
						"5478.290225",
						"1.292687024e-16"
					],
					[
						"5483.051835",
						"1.302067782e-16"
					],
					[
						"5487.813446",
						"1.420247274e-16"
					],
					[
						"5492.575057",
						"1.245838029e-16"
					],
					[
						"5497.336667",
						"1.180051891e-16"
					],
					[
						"5502.098278",
						"1.338915568e-16"
					],
					[
						"5506.859889",
						"1.227181202e-16"
					],
					[
						"5511.6215",
						"1.184232264e-16"
					],
					[
						"5516.38311",
						"1.183801203e-16"
					],
					[
						"5521.144721",
						"1.265199084e-16"
					],
					[
						"5525.906332",
						"1.339492741e-16"
					],
					[
						"5530.667942",
						"1.327878067e-16"
					],
					[
						"5535.429553",
						"1.196378849e-16"
					],
					[
						"5540.191164",
						"1.203530321e-16"
					],
					[
						"5544.952774",
						"1.34719955e-16"
					],
					[
						"5549.714385",
						"1.376342248e-16"
					],
					[
						"5554.475996",
						"1.29628837e-16"
					],
					[
						"5559.237606",
						"1.258599904e-16"
					],
					[
						"5563.999217",
						"1.256123259e-16"
					],
					[
						"5568.760828",
						"1.250753732e-16"
					],
					[
						"5573.522438",
						"1.225620014e-16"
					],
					[
						"5578.284049",
						"1.298741192e-16"
					],
					[
						"5583.04566",
						"1.461667715e-16"
					],
					[
						"5587.80727",
						"1.346932999e-16"
					],
					[
						"5592.568881",
						"1.165328209e-16"
					],
					[
						"5597.330492",
						"1.210100385e-16"
					],
					[
						"5602.092102",
						"1.28191078e-16"
					],
					[
						"5606.853713",
						"1.230763622e-16"
					],
					[
						"5611.615324",
						"1.167955467e-16"
					],
					[
						"5616.376934",
						"1.201070485e-16"
					],
					[
						"5621.138545",
						"1.261060667e-16"
					],
					[
						"5625.900156",
						"1.130457318e-16"
					],
					[
						"5630.661766",
						"1.239769038e-16"
					],
					[
						"5635.423377",
						"1.329829154e-16"
					],
					[
						"5640.184988",
						"1.257706284e-16"
					],
					[
						"5644.946598",
						"1.259223399e-16"
					],
					[
						"5649.708209",
						"1.241772932e-16"
					],
					[
						"5654.46982",
						"1.275701499e-16"
					],
					[
						"5659.231431",
						"1.298560536e-16"
					],
					[
						"5663.993041",
						"1.316567397e-16"
					],
					[
						"5668.754652",
						"1.242855282e-16"
					],
					[
						"5673.516263",
						"1.233784485e-16"
					],
					[
						"5678.277873",
						"1.330251479e-16"
					],
					[
						"5683.039484",
						"1.21145352e-16"
					],
					[
						"5687.801095",
						"1.15719934e-16"
					],
					[
						"5692.562705",
						"1.278746715e-16"
					],
					[
						"5697.324316",
						"1.300987285e-16"
					],
					[
						"5702.085927",
						"1.270523083e-16"
					],
					[
						"5706.847537",
						"1.252660879e-16"
					],
					[
						"5711.609148",
						"1.229453897e-16"
					],
					[
						"5716.370759",
						"1.211590237e-16"
					],
					[
						"5721.132369",
						"1.209981668e-16"
					],
					[
						"5725.89398",
						"1.26330226e-16"
					],
					[
						"5730.655591",
						"1.114845442e-16"
					],
					[
						"5735.417201",
						"1.186186263e-16"
					],
					[
						"5740.178812",
						"1.259882761e-16"
					],
					[
						"5744.940423",
						"1.246900923e-16"
					],
					[
						"5749.702033",
						"1.215472427e-16"
					],
					[
						"5754.463644",
						"1.196899906e-16"
					],
					[
						"5759.225255",
						"1.303495959e-16"
					],
					[
						"5763.986865",
						"1.384255124e-16"
					],
					[
						"5768.748476",
						"1.287817511e-16"
					],
					[
						"5773.510087",
						"1.221188444e-16"
					],
					[
						"5778.271697",
						"1.226779126e-16"
					],
					[
						"5783.033308",
						"1.11750142e-16"
					],
					[
						"5787.794919",
						"1.063492085e-16"
					],
					[
						"5792.556529",
						"1.194530331e-16"
					],
					[
						"5797.31814",
						"1.190250433e-16"
					],
					[
						"5802.079751",
						"1.15349132e-16"
					],
					[
						"5806.841362",
						"1.260730986e-16"
					],
					[
						"5811.602972",
						"1.182174503e-16"
					],
					[
						"5816.364583",
						"1.242511836e-16"
					],
					[
						"5821.126194",
						"1.064141785e-16"
					],
					[
						"5825.887804",
						"1.341498753e-16"
					],
					[
						"5830.649415",
						"1.236897861e-16"
					],
					[
						"5835.411026",
						"1.258514936e-16"
					],
					[
						"5840.172636",
						"1.19636429e-16"
					],
					[
						"5844.934247",
						"1.182171459e-16"
					],
					[
						"5849.695858",
						"1.351041771e-16"
					],
					[
						"5854.457468",
						"1.196815865e-16"
					],
					[
						"5859.219079",
						"1.122572897e-16"
					],
					[
						"5863.98069",
						"1.177456132e-16"
					],
					[
						"5868.7423",
						"1.131351203e-16"
					],
					[
						"5873.503911",
						"1.237666146e-16"
					],
					[
						"5878.265522",
						"1.276984489e-16"
					],
					[
						"5883.027132",
						"1.133444565e-16"
					],
					[
						"5887.788743",
						"1.107240079e-16"
					],
					[
						"5892.550354",
						"1.183451802e-16"
					],
					[
						"5897.311964",
						"1.264321082e-16"
					],
					[
						"5902.073575",
						"1.203531777e-16"
					],
					[
						"5906.835186",
						"1.169832836e-16"
					],
					[
						"5911.596796",
						"1.137812608e-16"
					],
					[
						"5916.358407",
						"1.196227706e-16"
					],
					[
						"5921.120018",
						"1.156129563e-16"
					],
					[
						"5925.881628",
						"1.213700937e-16"
					],
					[
						"5930.643239",
						"1.10071144e-16"
					],
					[
						"5935.40485",
						"1.065414585e-16"
					],
					[
						"5940.16646",
						"1.261785012e-16"
					],
					[
						"5944.928071",
						"1.26835137e-16"
					],
					[
						"5949.689682",
						"1.127795385e-16"
					],
					[
						"5954.451293",
						"1.109666034e-16"
					],
					[
						"5959.212903",
						"1.227373505e-16"
					],
					[
						"5963.974514",
						"1.27616697e-16"
					],
					[
						"5968.736125",
						"1.220130049e-16"
					],
					[
						"5973.497735",
						"1.105498301e-16"
					],
					[
						"5978.259346",
						"1.163382945e-16"
					],
					[
						"5983.020957",
						"1.195019625e-16"
					],
					[
						"5987.782567",
						"1.049944123e-16"
					],
					[
						"5992.544178",
						"1.135007473e-16"
					],
					[
						"5997.305789",
						"1.12089736e-16"
					],
					[
						"6002.067399",
						"1.022638958e-16"
					],
					[
						"6006.82901",
						"1.221897701e-16"
					],
					[
						"6011.590621",
						"1.247353953e-16"
					],
					[
						"6016.352231",
						"1.226454474e-16"
					],
					[
						"6021.113842",
						"1.137029765e-16"
					],
					[
						"6025.875453",
						"1.158532358e-16"
					],
					[
						"6030.637063",
						"1.128327163e-16"
					],
					[
						"6035.398674",
						"1.13327635e-16"
					],
					[
						"6040.160285",
						"1.198509798e-16"
					],
					[
						"6044.921895",
						"1.118894127e-16"
					],
					[
						"6049.683506",
						"1.083644587e-16"
					],
					[
						"6054.445117",
						"1.1472291e-16"
					],
					[
						"6059.206727",
						"1.064963209e-16"
					],
					[
						"6063.968338",
						"1.005198549e-16"
					],
					[
						"6068.729949",
						"1.144718177e-16"
					],
					[
						"6073.491559",
						"1.143970935e-16"
					],
					[
						"6078.25317",
						"1.02661988e-16"
					],
					[
						"6083.014781",
						"1.140472027e-16"
					],
					[
						"6087.776391",
						"1.226311272e-16"
					],
					[
						"6092.538002",
						"1.096052031e-16"
					],
					[
						"6097.299613",
						"1.103136866e-16"
					],
					[
						"6102.061224",
						"1.182880584e-16"
					],
					[
						"6106.822834",
						"1.054511815e-16"
					],
					[
						"6111.584445",
						"9.716495594e-17"
					],
					[
						"6116.346056",
						"1.064037627e-16"
					],
					[
						"6121.107666",
						"1.183866054e-16"
					],
					[
						"6125.869277",
						"1.190463515e-16"
					],
					[
						"6130.630888",
						"1.088308826e-16"
					],
					[
						"6135.392498",
						"1.176775859e-16"
					],
					[
						"6140.154109",
						"1.134543061e-16"
					],
					[
						"6144.91572",
						"1.142090919e-16"
					],
					[
						"6149.67733",
						"1.117562565e-16"
					],
					[
						"6154.438941",
						"1.041630627e-16"
					],
					[
						"6159.200552",
						"1.096377543e-16"
					],
					[
						"6163.962162",
						"1.06444718e-16"
					],
					[
						"6168.723773",
						"1.035020197e-16"
					],
					[
						"6173.485384",
						"1.050822986e-16"
					],
					[
						"6178.246994",
						"9.988604267e-17"
					],
					[
						"6183.008605",
						"1.000236591e-16"
					],
					[
						"6187.770216",
						"9.923541548e-17"
					],
					[
						"6192.531826",
						"1.093483139e-16"
					],
					[
						"6197.293437",
						"1.112103835e-16"
					],
					[
						"6202.055048",
						"1.06025761e-16"
					],
					[
						"6206.816658",
						"1.189483339e-16"
					],
					[
						"6211.578269",
						"1.229164318e-16"
					],
					[
						"6216.33988",
						"1.095768738e-16"
					],
					[
						"6221.10149",
						"1.133549518e-16"
					],
					[
						"6225.863101",
						"1.091269339e-16"
					],
					[
						"6230.624712",
						"9.579886385e-17"
					],
					[
						"6235.386322",
						"1.065325845e-16"
					],
					[
						"6240.147933",
						"1.072370644e-16"
					],
					[
						"6244.909544",
						"1.026648534e-16"
					],
					[
						"6249.671155",
						"1.140423323e-16"
					],
					[
						"6254.432765",
						"1.147809979e-16"
					],
					[
						"6259.194376",
						"1.004817781e-16"
					],
					[
						"6263.955987",
						"9.719679909e-17"
					],
					[
						"6268.717597",
						"1.051287332e-16"
					],
					[
						"6273.479208",
						"1.05425208e-16"
					],
					[
						"6278.240819",
						"1.020183952e-16"
					],
					[
						"6283.002429",
						"1.025299766e-16"
					],
					[
						"6287.76404",
						"9.665410243e-17"
					],
					[
						"6292.525651",
						"1.051907652e-16"
					],
					[
						"6297.287261",
						"1.131789939e-16"
					],
					[
						"6302.048872",
						"9.704827715e-17"
					],
					[
						"6306.810483",
						"1.023249351e-16"
					],
					[
						"6311.572093",
						"1.057465578e-16"
					],
					[
						"6316.333704",
						"9.930205977e-17"
					],
					[
						"6321.095315",
						"1.021599754e-16"
					],
					[
						"6325.856925",
						"1.071621682e-16"
					],
					[
						"6330.618536",
						"9.849113822e-17"
					],
					[
						"6335.380147",
						"9.647131537e-17"
					],
					[
						"6340.141757",
						"1.000585793e-16"
					],
					[
						"6344.903368",
						"1.024433741e-16"
					],
					[
						"6349.664979",
						"1.045599639e-16"
					],
					[
						"6354.426589",
						"9.876899812e-17"
					],
					[
						"6359.1882",
						"9.714463377e-17"
					],
					[
						"6363.949811",
						"1.021171672e-16"
					],
					[
						"6368.711421",
						"9.292810376e-17"
					],
					[
						"6373.473032",
						"8.830155686e-17"
					],
					[
						"6378.234643",
						"1.012931695e-16"
					],
					[
						"6382.996253",
						"1.001537514e-16"
					],
					[
						"6387.757864",
						"9.275605681e-17"
					],
					[
						"6392.519475",
						"1.01056351e-16"
					],
					[
						"6397.281086",
						"9.042355306e-17"
					],
					[
						"6402.042696",
						"9.203657511e-17"
					],
					[
						"6406.804307",
						"9.202550413e-17"
					],
					[
						"6411.565918",
						"1.02299888e-16"
					],
					[
						"6416.327528",
						"9.592862533e-17"
					],
					[
						"6421.089139",
						"1.001565638e-16"
					],
					[
						"6425.85075",
						"9.920246723e-17"
					],
					[
						"6430.61236",
						"1.010899677e-16"
					],
					[
						"6435.373971",
						"1.056103443e-16"
					],
					[
						"6440.135582",
						"9.841402514e-17"
					],
					[
						"6444.897192",
						"9.331114794e-17"
					],
					[
						"6449.658803",
						"9.855208489e-17"
					],
					[
						"6454.420414",
						"9.389338383e-17"
					],
					[
						"6459.182024",
						"8.9809613e-17"
					],
					[
						"6463.943635",
						"9.558292339e-17"
					],
					[
						"6468.705246",
						"9.140821563e-17"
					],
					[
						"6473.466856",
						"1.001946604e-16"
					],
					[
						"6478.228467",
						"9.679153353e-17"
					],
					[
						"6482.990078",
						"9.309204434e-17"
					],
					[
						"6487.751688",
						"9.062494176e-17"
					],
					[
						"6492.513299",
						"9.377700282e-17"
					],
					[
						"6497.27491",
						"9.240034929e-17"
					],
					[
						"6502.03652",
						"9.347158789e-17"
					],
					[
						"6506.798131",
						"9.708225112e-17"
					],
					[
						"6511.559742",
						"8.981034753e-17"
					],
					[
						"6516.321352",
						"9.144007201e-17"
					],
					[
						"6521.082963",
						"1.022955801e-16"
					],
					[
						"6525.844574",
						"8.840847492e-17"
					],
					[
						"6530.606184",
						"7.557507212e-17"
					],
					[
						"6535.367795",
						"8.82464931e-17"
					],
					[
						"6540.129406",
						"9.785582381e-17"
					],
					[
						"6544.891016",
						"8.589198635e-17"
					],
					[
						"6549.652627",
						"8.450575738e-17"
					],
					[
						"6554.414238",
						"1.032186806e-16"
					],
					[
						"6559.175849",
						"9.947457656e-17"
					],
					[
						"6563.937459",
						"8.6291594e-17"
					],
					[
						"6568.69907",
						"7.970139312e-17"
					],
					[
						"6573.460681",
						"9.06781394e-17"
					],
					[
						"6578.222291",
						"9.645000719e-17"
					],
					[
						"6582.983902",
						"9.18967882e-17"
					],
					[
						"6587.745513",
						"9.31285594e-17"
					],
					[
						"6592.507123",
						"9.127140657e-17"
					],
					[
						"6597.268734",
						"8.503949401e-17"
					],
					[
						"6602.030345",
						"8.771229986e-17"
					],
					[
						"6606.791955",
						"8.115326715e-17"
					],
					[
						"6611.553566",
						"8.811937198e-17"
					],
					[
						"6616.315177",
						"8.732938141e-17"
					],
					[
						"6621.076787",
						"8.843802181e-17"
					],
					[
						"6625.838398",
						"9.378729295e-17"
					],
					[
						"6630.600009",
						"9.687724929e-17"
					],
					[
						"6635.361619",
						"1.03381344e-16"
					],
					[
						"6640.12323",
						"9.724383589e-17"
					],
					[
						"6644.884841",
						"8.985288447e-17"
					],
					[
						"6649.646451",
						"8.807906513e-17"
					],
					[
						"6654.408062",
						"8.734325158e-17"
					],
					[
						"6659.169673",
						"8.441230582e-17"
					],
					[
						"6663.931283",
						"6.917699551e-17"
					],
					[
						"6668.692894",
						"8.737439989e-17"
					],
					[
						"6673.454505",
						"8.559011837e-17"
					],
					[
						"6678.216115",
						"8.729346854e-17"
					],
					[
						"6682.977726",
						"9.475207671e-17"
					],
					[
						"6687.739337",
						"9.361793268e-17"
					],
					[
						"6692.500947",
						"9.822137808e-17"
					],
					[
						"6697.262558",
						"8.820177903e-17"
					],
					[
						"6702.024169",
						"8.709249674e-17"
					],
					[
						"6706.78578",
						"8.733659443e-17"
					],
					[
						"6711.54739",
						"9.884778542e-17"
					],
					[
						"6716.309001",
						"1.04276671e-16"
					],
					[
						"6721.070612",
						"8.907118555e-17"
					],
					[
						"6725.832222",
						"7.98327891e-17"
					],
					[
						"6730.593833",
						"8.171095232e-17"
					],
					[
						"6735.355444",
						"8.920721375e-17"
					],
					[
						"6740.117054",
						"8.564568505e-17"
					],
					[
						"6744.878665",
						"8.507739212e-17"
					],
					[
						"6749.640276",
						"8.666024524e-17"
					],
					[
						"6754.401886",
						"9.635736297e-17"
					],
					[
						"6759.163497",
						"8.985516749e-17"
					],
					[
						"6763.925108",
						"7.950351166e-17"
					],
					[
						"6768.686718",
						"8.059699811e-17"
					],
					[
						"6773.448329",
						"8.05423314e-17"
					],
					[
						"6778.20994",
						"8.688543689e-17"
					],
					[
						"6782.97155",
						"7.777471742e-17"
					],
					[
						"6787.733161",
						"7.783598834e-17"
					],
					[
						"6792.494772",
						"8.600174329e-17"
					],
					[
						"6797.256382",
						"8.32780493e-17"
					],
					[
						"6802.017993",
						"7.748221974e-17"
					],
					[
						"6806.779604",
						"8.772085622e-17"
					],
					[
						"6811.541214",
						"9.59481865e-17"
					],
					[
						"6816.302825",
						"9.231900766e-17"
					],
					[
						"6821.064436",
						"8.395060669e-17"
					],
					[
						"6825.826046",
						"7.722869219e-17"
					],
					[
						"6830.587657",
						"9.948144547e-17"
					],
					[
						"6835.349268",
						"9.411629246e-17"
					],
					[
						"6840.110878",
						"7.734813707e-17"
					],
					[
						"6844.872489",
						"7.461793812e-17"
					],
					[
						"6849.6341",
						"7.672401275e-17"
					],
					[
						"6854.395711",
						"8.827550398e-17"
					],
					[
						"6859.157321",
						"8.537043905e-17"
					],
					[
						"6863.918932",
						"8.194908107e-17"
					],
					[
						"6868.680543",
						"7.841897862e-17"
					],
					[
						"6873.442153",
						"7.601157863e-17"
					],
					[
						"6878.203764",
						"7.239022162e-17"
					],
					[
						"6882.965375",
						"7.14332332e-17"
					],
					[
						"6887.726985",
						"7.472261948e-17"
					],
					[
						"6892.488596",
						"7.96928897e-17"
					],
					[
						"6897.250207",
						"9.214769525e-17"
					],
					[
						"6902.011817",
						"8.989385969e-17"
					],
					[
						"6906.773428",
						"7.500401971e-17"
					],
					[
						"6911.535039",
						"8.06071228e-17"
					],
					[
						"6916.296649",
						"7.888975027e-17"
					],
					[
						"6921.05826",
						"7.236819214e-17"
					],
					[
						"6925.819871",
						"7.923884695e-17"
					],
					[
						"6930.581481",
						"7.30127776e-17"
					],
					[
						"6935.343092",
						"7.63197001e-17"
					],
					[
						"6940.104703",
						"8.627462687e-17"
					],
					[
						"6944.866313",
						"8.21467243e-17"
					],
					[
						"6949.627924",
						"7.560331537e-17"
					],
					[
						"6954.389535",
						"7.880774027e-17"
					],
					[
						"6959.151145",
						"7.613924238e-17"
					],
					[
						"6963.912756",
						"8.267516036e-17"
					],
					[
						"6968.674367",
						"8.238080318e-17"
					],
					[
						"6973.435977",
						"7.431747303e-17"
					],
					[
						"6978.197588",
						"7.35080735e-17"
					],
					[
						"6982.959199",
						"7.209337627e-17"
					],
					[
						"6987.720809",
						"7.496205187e-17"
					],
					[
						"6992.48242",
						"8.01483552e-17"
					],
					[
						"6997.244031",
						"7.427784777e-17"
					],
					[
						"7002.005642",
						"6.960133255e-17"
					],
					[
						"7006.767252",
						"6.892983395e-17"
					],
					[
						"7011.528863",
						"7.349774366e-17"
					],
					[
						"7016.290474",
						"7.611672322e-17"
					],
					[
						"7021.052084",
						"7.337344158e-17"
					],
					[
						"7025.813695",
						"7.654257565e-17"
					],
					[
						"7030.575306",
						"7.591506982e-17"
					],
					[
						"7035.336916",
						"8.013829668e-17"
					],
					[
						"7040.098527",
						"7.520761864e-17"
					],
					[
						"7044.860138",
						"7.401454626e-17"
					],
					[
						"7049.621748",
						"7.624381786e-17"
					],
					[
						"7054.383359",
						"7.457390564e-17"
					],
					[
						"7059.14497",
						"7.690393446e-17"
					],
					[
						"7063.90658",
						"7.657903777e-17"
					],
					[
						"7068.668191",
						"7.518081137e-17"
					],
					[
						"7073.429802",
						"7.969167209e-17"
					],
					[
						"7078.191412",
						"7.57620414e-17"
					],
					[
						"7082.953023",
						"7.006974177e-17"
					],
					[
						"7087.714634",
						"7.278835357e-17"
					],
					[
						"7092.476244",
						"6.817762898e-17"
					],
					[
						"7097.237855",
						"6.575827128e-17"
					],
					[
						"7101.999466",
						"6.555125113e-17"
					],
					[
						"7106.761076",
						"7.640290786e-17"
					],
					[
						"7111.522687",
						"6.870016229e-17"
					],
					[
						"7116.284298",
						"6.047278569e-17"
					],
					[
						"7121.045908",
						"6.025818857e-17"
					],
					[
						"7125.807519",
						"5.444267542e-17"
					],
					[
						"7130.56913",
						"6.609983731e-17"
					],
					[
						"7135.33074",
						"6.879583069e-17"
					],
					[
						"7140.092351",
						"5.875475802e-17"
					],
					[
						"7144.853962",
						"6.314645842e-17"
					],
					[
						"7149.615573",
						"6.6976437e-17"
					],
					[
						"7154.377183",
						"6.910419039e-17"
					],
					[
						"7159.138794",
						"7.138502512e-17"
					],
					[
						"7163.900405",
						"7.167504788e-17"
					],
					[
						"7168.662015",
						"6.908341823e-17"
					],
					[
						"7173.423626",
						"5.554173706e-17"
					],
					[
						"7178.185237",
						"5.556963621e-17"
					],
					[
						"7182.946847",
						"6.685603921e-17"
					],
					[
						"7187.708458",
						"5.413296576e-17"
					],
					[
						"7192.470069",
						"4.923227136e-17"
					],
					[
						"7197.231679",
						"6.41939073e-17"
					],
					[
						"7201.99329",
						"6.050497956e-17"
					],
					[
						"7206.754901",
						"5.712236672e-17"
					],
					[
						"7211.516511",
						"5.930002887e-17"
					],
					[
						"7216.278122",
						"6.941849917e-17"
					],
					[
						"7221.039733",
						"6.732188748e-17"
					],
					[
						"7225.801343",
						"5.657329746e-17"
					],
					[
						"7230.562954",
						"7.121977428e-17"
					],
					[
						"7235.324565",
						"7.357246124e-17"
					],
					[
						"7240.086175",
						"6.851923473e-17"
					],
					[
						"7244.847786",
						"6.391226223e-17"
					],
					[
						"7249.609397",
						"6.26764941e-17"
					],
					[
						"7254.371007",
						"6.392050757e-17"
					],
					[
						"7259.132618",
						"6.675301883e-17"
					],
					[
						"7263.894229",
						"6.942589747e-17"
					],
					[
						"7268.655839",
						"5.497349045e-17"
					],
					[
						"7273.41745",
						"8.140572929e-17"
					],
					[
						"7278.179061",
						"7.665460237e-17"
					],
					[
						"7282.940671",
						"6.601927654e-17"
					]
				],
				"source":"14"
			}
		]
	}
}