{
	"ASASSN-15qy":{
		"schema":"https://github.com/astrocatalogs/supernovae/blob/a0bc0b9/SCHEMA.md",
		"name":"ASASSN-15qy",
		"sources":[
			{
				"name":"2016A&A...594A..13P",
				"bibcode":"2016A&A...594A..13P",
				"reference":"Planck Collaboration et al. (2016)",
				"alias":"1"
			},
			{
				"name":"2015ATel.8153....1B",
				"bibcode":"2015ATel.8153....1B",
				"reference":"Brimacombe et al. (2015)",
				"alias":"2"
			},
			{
				"name":"2015ATel.8155....1C",
				"bibcode":"2015ATel.8155....1C",
				"reference":"Campbell et al. (2015)",
				"alias":"3"
			},
			{
				"name":"2011ApJ...737..103S",
				"bibcode":"2011ApJ...737..103S",
				"reference":"Schlafly & Finkbeiner (2011)",
				"alias":"4"
			},
			{
				"name":"ASAS-SN Supernovae",
				"url":"http://www.astronomy.ohio-state.edu/~assassin/sn_list.html",
				"alias":"5"
			},
			{
				"name":"Latest Supernovae",
				"secondary":true,
				"url":"http://www.rochesterastronomy.org/snimages/snredshiftall.html",
				"alias":"6"
			},
			{
				"name":"The Open Supernova Catalog",
				"bibcode":"2017ApJ...835...64G",
				"reference":"Guillochon et al. (2017)",
				"secondary":true,
				"url":"https://sne.space",
				"alias":"7"
			},
			{
				"name":"WISeREP",
				"bibcode":"2012PASP..124..668Y",
				"reference":"Yaron & Gal-Yam (2012)",
				"secondary":true,
				"url":"http://wiserep.weizmann.ac.il/",
				"alias":"8"
			},
			{
				"name":"SIMBAD astronomical database",
				"bibcode":"2000A&AS..143....9W",
				"reference":"Wenger et al. (2000)",
				"secondary":true,
				"url":"http://simbad.u-strasbg.fr/",
				"alias":"9"
			}
		],
		"alias":[
			{
				"value":"ASASSN-15qy",
				"source":"2,5,6,8,9"
			}
		],
		"claimedtype":[
			{
				"value":"Ia",
				"source":"2,3,5,6,8,9"
			}
		],
		"comovingdist":[
			{
				"value":"100",
				"derived":true,
				"u_value":"Mpc",
				"source":"1,2,5,6,7,8"
			}
		],
		"dec":[
			{
				"value":"-33:21:02.71",
				"u_value":"degrees",
				"source":"2,9"
			},
			{
				"value":"-33:21:02.7",
				"u_value":"degrees",
				"source":"2,6"
			},
			{
				"value":"-33:21:02.52",
				"u_value":"degrees",
				"source":"2,5"
			}
		],
		"discoverdate":[
			{
				"value":"2015/10/11",
				"source":"2,6"
			}
		],
		"discoverer":[
			{
				"value":"ASAS-SN",
				"source":"2,6"
			}
		],
		"ebv":[
			{
				"value":"0.0118",
				"derived":true,
				"e_value":"0.0004",
				"source":"4,7"
			}
		],
		"host":[
			{
				"value":"2MASX J00011837-3321048",
				"source":"2,5"
			}
		],
		"hostdec":[
			{
				"value":"-33:21:04.8",
				"derived":true,
				"u_value":"degrees",
				"source":"7"
			}
		],
		"hostoffsetang":[
			{
				"value":"1.96",
				"u_value":"arcseconds",
				"source":"2,5"
			}
		],
		"hostoffsetdist":[
			{
				"value":"0.923",
				"source":"1,2,5,6,7,8,9"
			}
		],
		"hostra":[
			{
				"value":"00:01:18.37",
				"derived":true,
				"u_value":"hours",
				"source":"7"
			}
		],
		"lumdist":[
			{
				"value":"140",
				"derived":true,
				"u_value":"Mpc",
				"source":"1,2,5,6,7,8"
			}
		],
		"maxabsmag":[
			{
				"value":"-19",
				"derived":true,
				"source":"1,2,5,6,7,8"
			}
		],
		"maxappmag":[
			{
				"value":"16.4",
				"derived":true,
				"source":"2,6,7"
			}
		],
		"maxdate":[
			{
				"value":"2015/10/18",
				"derived":true,
				"source":"2,6,7"
			}
		],
		"maxvisualabsmag":[
			{
				"value":"-19",
				"derived":true,
				"source":"1,2,5,6,7,8"
			}
		],
		"maxvisualappmag":[
			{
				"value":"16.4",
				"derived":true,
				"source":"2,6,7"
			}
		],
		"maxvisualdate":[
			{
				"value":"2015/10/18",
				"derived":true,
				"source":"2,6,7"
			}
		],
		"ra":[
			{
				"value":"00:01:18.260",
				"u_value":"hours",
				"source":"2,9"
			},
			{
				"value":"00:01:18.26",
				"u_value":"hours",
				"source":"2,6"
			},
			{
				"value":"00:01:18.3",
				"u_value":"hours",
				"source":"2,5"
			}
		],
		"redshift":[
			{
				"value":"0.03",
				"source":"2,5,6,8"
			}
		],
		"velocity":[
			{
				"value":"9000",
				"u_value":"km/s",
				"source":"7"
			}
		],
		"photometry":[
			{
				"time":"57313.5",
				"magnitude":"16.4",
				"u_time":"MJD",
				"source":"2,6"
			}
		],
		"spectra":[
			{
				"time":"57307.0",
				"filename":"tASASSN-15qy_20151011_Gr13_Free_slit1.0_1_f.asci",
				"instrument":"ESO-NTT - EFOSC2-NTT",
				"observer":"Lyman/Campbell",
				"redshift":"0.03",
				"reducer":"Fraser",
				"reduction":"rapid",
				"survey":"PESSTO",
				"u_fluxes":"erg/s/cm^2/Angstrom",
				"u_time":"MJD",
				"u_wavelengths":"Angstrom",
				"data":[
					[
						"3637.332275",
						"1.62931e-15"
					],
					[
						"3642.856216",
						"1.65541e-15"
					],
					[
						"3648.380157",
						"1.56968e-15"
					],
					[
						"3653.904099",
						"1.66537e-15"
					],
					[
						"3659.42804",
						"1.20003e-15"
					],
					[
						"3664.951981",
						"1.10805e-15"
					],
					[
						"3670.475922",
						"1.0121e-15"
					],
					[
						"3675.999863",
						"1.06705e-15"
					],
					[
						"3681.523804",
						"9.40567e-16"
					],
					[
						"3687.047745",
						"1.00811e-15"
					],
					[
						"3692.571686",
						"8.91435e-16"
					],
					[
						"3698.095627",
						"7.90025e-16"
					],
					[
						"3703.619568",
						"8.47658e-16"
					],
					[
						"3709.143509",
						"7.5492e-16"
					],
					[
						"3714.66745",
						"7.11707e-16"
					],
					[
						"3720.191391",
						"6.70762e-16"
					],
					[
						"3725.715332",
						"7.38942e-16"
					],
					[
						"3731.239273",
						"7.90711e-16"
					],
					[
						"3736.763214",
						"7.14049e-16"
					],
					[
						"3742.287155",
						"7.49848e-16"
					],
					[
						"3747.811096",
						"7.93001e-16"
					],
					[
						"3753.335037",
						"7.4279e-16"
					],
					[
						"3758.858978",
						"7.18172e-16"
					],
					[
						"3764.382919",
						"5.98099e-16"
					],
					[
						"3769.90686",
						"7.13085e-16"
					],
					[
						"3775.430801",
						"5.82923e-16"
					],
					[
						"3780.954742",
						"5.64974e-16"
					],
					[
						"3786.478683",
						"5.86289e-16"
					],
					[
						"3792.002625",
						"5.47022e-16"
					],
					[
						"3797.526566",
						"5.49237e-16"
					],
					[
						"3803.050507",
						"5.25215e-16"
					],
					[
						"3808.574448",
						"4.83476e-16"
					],
					[
						"3814.098389",
						"5.14037e-16"
					],
					[
						"3819.62233",
						"4.9889e-16"
					],
					[
						"3825.146271",
						"5.42335e-16"
					],
					[
						"3830.670212",
						"5.16492e-16"
					],
					[
						"3836.194153",
						"5.44181e-16"
					],
					[
						"3841.718094",
						"5.04743e-16"
					],
					[
						"3847.242035",
						"4.90911e-16"
					],
					[
						"3852.765976",
						"5.19623e-16"
					],
					[
						"3858.289917",
						"5.3251e-16"
					],
					[
						"3863.813858",
						"5.13311e-16"
					],
					[
						"3869.337799",
						"6.122e-16"
					],
					[
						"3874.86174",
						"6.12541e-16"
					],
					[
						"3880.385681",
						"6.02285e-16"
					],
					[
						"3885.909622",
						"5.88134e-16"
					],
					[
						"3891.433563",
						"6.14708e-16"
					],
					[
						"3896.957504",
						"6.81969e-16"
					],
					[
						"3902.481445",
						"6.55202e-16"
					],
					[
						"3908.005386",
						"7.2019e-16"
					],
					[
						"3913.529327",
						"7.91589e-16"
					],
					[
						"3919.053268",
						"8.34361e-16"
					],
					[
						"3924.577209",
						"9.26782e-16"
					],
					[
						"3930.101151",
						"9.27066e-16"
					],
					[
						"3935.625092",
						"1.033e-15"
					],
					[
						"3941.149033",
						"1.04622e-15"
					],
					[
						"3946.672974",
						"1.12178e-15"
					],
					[
						"3952.196915",
						"1.25321e-15"
					],
					[
						"3957.720856",
						"1.31318e-15"
					],
					[
						"3963.244797",
						"1.40668e-15"
					],
					[
						"3968.768738",
						"1.39054e-15"
					],
					[
						"3974.292679",
						"1.4927e-15"
					],
					[
						"3979.81662",
						"1.62478e-15"
					],
					[
						"3985.340561",
						"1.71747e-15"
					],
					[
						"3990.864502",
						"1.76277e-15"
					],
					[
						"3996.388443",
						"1.77693e-15"
					],
					[
						"4001.912384",
						"1.82343e-15"
					],
					[
						"4007.436325",
						"1.82409e-15"
					],
					[
						"4012.960266",
						"1.88896e-15"
					],
					[
						"4018.484207",
						"1.90197e-15"
					],
					[
						"4024.008148",
						"1.98582e-15"
					],
					[
						"4029.532089",
						"1.98517e-15"
					],
					[
						"4035.05603",
						"2.08608e-15"
					],
					[
						"4040.579971",
						"2.05883e-15"
					],
					[
						"4046.103912",
						"1.95135e-15"
					],
					[
						"4051.627853",
						"1.90496e-15"
					],
					[
						"4057.151794",
						"1.85042e-15"
					],
					[
						"4062.675735",
						"1.73001e-15"
					],
					[
						"4068.199677",
						"1.64326e-15"
					],
					[
						"4073.723618",
						"1.56861e-15"
					],
					[
						"4079.247559",
						"1.53592e-15"
					],
					[
						"4084.7715",
						"1.47256e-15"
					],
					[
						"4090.295441",
						"1.44207e-15"
					],
					[
						"4095.819382",
						"1.4664e-15"
					],
					[
						"4101.343323",
						"1.40079e-15"
					],
					[
						"4106.867264",
						"1.44966e-15"
					],
					[
						"4112.391205",
						"1.37688e-15"
					],
					[
						"4117.915146",
						"1.4099e-15"
					],
					[
						"4123.439087",
						"1.51007e-15"
					],
					[
						"4128.963028",
						"1.45749e-15"
					],
					[
						"4134.486969",
						"1.49908e-15"
					],
					[
						"4140.01091",
						"1.55546e-15"
					],
					[
						"4145.534851",
						"1.60642e-15"
					],
					[
						"4151.058792",
						"1.55809e-15"
					],
					[
						"4156.582733",
						"1.64146e-15"
					],
					[
						"4162.106674",
						"1.74675e-15"
					],
					[
						"4167.630615",
						"1.75341e-15"
					],
					[
						"4173.154556",
						"1.77131e-15"
					],
					[
						"4178.678497",
						"1.80327e-15"
					],
					[
						"4184.202438",
						"1.83802e-15"
					],
					[
						"4189.726379",
						"1.89889e-15"
					],
					[
						"4195.25032",
						"1.90799e-15"
					],
					[
						"4200.774261",
						"1.97959e-15"
					],
					[
						"4206.298203",
						"1.93043e-15"
					],
					[
						"4211.822144",
						"1.94438e-15"
					],
					[
						"4217.346085",
						"1.95483e-15"
					],
					[
						"4222.870026",
						"1.85902e-15"
					],
					[
						"4228.393967",
						"1.95001e-15"
					],
					[
						"4233.917908",
						"1.92922e-15"
					],
					[
						"4239.441849",
						"1.88351e-15"
					],
					[
						"4244.96579",
						"1.90435e-15"
					],
					[
						"4250.489731",
						"1.87006e-15"
					],
					[
						"4256.013672",
						"1.87083e-15"
					],
					[
						"4261.537613",
						"1.85542e-15"
					],
					[
						"4267.061554",
						"1.79758e-15"
					],
					[
						"4272.585495",
						"1.74253e-15"
					],
					[
						"4278.109436",
						"1.76971e-15"
					],
					[
						"4283.633377",
						"1.7277e-15"
					],
					[
						"4289.157318",
						"1.74815e-15"
					],
					[
						"4294.681259",
						"1.69195e-15"
					],
					[
						"4300.2052",
						"1.61009e-15"
					],
					[
						"4305.729141",
						"1.56805e-15"
					],
					[
						"4311.253082",
						"1.5844e-15"
					],
					[
						"4316.777023",
						"1.62398e-15"
					],
					[
						"4322.300964",
						"1.55319e-15"
					],
					[
						"4327.824905",
						"1.5435e-15"
					],
					[
						"4333.348846",
						"1.53938e-15"
					],
					[
						"4338.872787",
						"1.49365e-15"
					],
					[
						"4344.396729",
						"1.5049e-15"
					],
					[
						"4349.92067",
						"1.46833e-15"
					],
					[
						"4355.444611",
						"1.43566e-15"
					],
					[
						"4360.968552",
						"1.4759e-15"
					],
					[
						"4366.492493",
						"1.37028e-15"
					],
					[
						"4372.016434",
						"1.39143e-15"
					],
					[
						"4377.540375",
						"1.35736e-15"
					],
					[
						"4383.064316",
						"1.30166e-15"
					],
					[
						"4388.588257",
						"1.24004e-15"
					],
					[
						"4394.112198",
						"1.19896e-15"
					],
					[
						"4399.636139",
						"1.10411e-15"
					],
					[
						"4405.16008",
						"9.84805e-16"
					],
					[
						"4410.684021",
						"9.90961e-16"
					],
					[
						"4416.207962",
						"9.47175e-16"
					],
					[
						"4421.731903",
						"8.94958e-16"
					],
					[
						"4427.255844",
						"8.61694e-16"
					],
					[
						"4432.779785",
						"8.49267e-16"
					],
					[
						"4438.303726",
						"8.58423e-16"
					],
					[
						"4443.827667",
						"8.29779e-16"
					],
					[
						"4449.351608",
						"8.78038e-16"
					],
					[
						"4454.875549",
						"8.41315e-16"
					],
					[
						"4460.39949",
						"8.87225e-16"
					],
					[
						"4465.923431",
						"8.76875e-16"
					],
					[
						"4471.447372",
						"9.59814e-16"
					],
					[
						"4476.971313",
						"9.6105e-16"
					],
					[
						"4482.495255",
						"9.69323e-16"
					],
					[
						"4488.019196",
						"9.89964e-16"
					],
					[
						"4493.543137",
						"1.03382e-15"
					],
					[
						"4499.067078",
						"1.09813e-15"
					],
					[
						"4504.591019",
						"1.08067e-15"
					],
					[
						"4510.11496",
						"1.05724e-15"
					],
					[
						"4515.638901",
						"1.15857e-15"
					],
					[
						"4521.162842",
						"1.13372e-15"
					],
					[
						"4526.686783",
						"1.10842e-15"
					],
					[
						"4532.210724",
						"1.13197e-15"
					],
					[
						"4537.734665",
						"1.11032e-15"
					],
					[
						"4543.258606",
						"1.16901e-15"
					],
					[
						"4548.782547",
						"1.17114e-15"
					],
					[
						"4554.306488",
						"1.19597e-15"
					],
					[
						"4559.830429",
						"1.12565e-15"
					],
					[
						"4565.35437",
						"1.14971e-15"
					],
					[
						"4570.878311",
						"1.13228e-15"
					],
					[
						"4576.402252",
						"1.20787e-15"
					],
					[
						"4581.926193",
						"1.18886e-15"
					],
					[
						"4587.450134",
						"1.18001e-15"
					],
					[
						"4592.974075",
						"1.21421e-15"
					],
					[
						"4598.498016",
						"1.26505e-15"
					],
					[
						"4604.021957",
						"1.30483e-15"
					],
					[
						"4609.545898",
						"1.33616e-15"
					],
					[
						"4615.069839",
						"1.35119e-15"
					],
					[
						"4620.593781",
						"1.36016e-15"
					],
					[
						"4626.117722",
						"1.41776e-15"
					],
					[
						"4631.641663",
						"1.44664e-15"
					],
					[
						"4637.165604",
						"1.45549e-15"
					],
					[
						"4642.689545",
						"1.48909e-15"
					],
					[
						"4648.213486",
						"1.55926e-15"
					],
					[
						"4653.737427",
						"1.47262e-15"
					],
					[
						"4659.261368",
						"1.48165e-15"
					],
					[
						"4664.785309",
						"1.54579e-15"
					],
					[
						"4670.30925",
						"1.53306e-15"
					],
					[
						"4675.833191",
						"1.45681e-15"
					],
					[
						"4681.357132",
						"1.51634e-15"
					],
					[
						"4686.881073",
						"1.47393e-15"
					],
					[
						"4692.405014",
						"1.46945e-15"
					],
					[
						"4697.928955",
						"1.48049e-15"
					],
					[
						"4703.452896",
						"1.43356e-15"
					],
					[
						"4708.976837",
						"1.44579e-15"
					],
					[
						"4714.500778",
						"1.43738e-15"
					],
					[
						"4720.024719",
						"1.44166e-15"
					],
					[
						"4725.54866",
						"1.43273e-15"
					],
					[
						"4731.072601",
						"1.38269e-15"
					],
					[
						"4736.596542",
						"1.41039e-15"
					],
					[
						"4742.120483",
						"1.41116e-15"
					],
					[
						"4747.644424",
						"1.36769e-15"
					],
					[
						"4753.168365",
						"1.33434e-15"
					],
					[
						"4758.692307",
						"1.3179e-15"
					],
					[
						"4764.216248",
						"1.29672e-15"
					],
					[
						"4769.740189",
						"1.28249e-15"
					],
					[
						"4775.26413",
						"1.22337e-15"
					],
					[
						"4780.788071",
						"1.19428e-15"
					],
					[
						"4786.312012",
						"1.1387e-15"
					],
					[
						"4791.835953",
						"1.12039e-15"
					],
					[
						"4797.359894",
						"1.09395e-15"
					],
					[
						"4802.883835",
						"1.06079e-15"
					],
					[
						"4808.407776",
						"1.06023e-15"
					],
					[
						"4813.931717",
						"1.00552e-15"
					],
					[
						"4819.455658",
						"1.0575e-15"
					],
					[
						"4824.979599",
						"9.97149e-16"
					],
					[
						"4830.50354",
						"1.01622e-15"
					],
					[
						"4836.027481",
						"1.05029e-15"
					],
					[
						"4841.551422",
						"9.95062e-16"
					],
					[
						"4847.075363",
						"1.00213e-15"
					],
					[
						"4852.599304",
						"1.01905e-15"
					],
					[
						"4858.123245",
						"9.76481e-16"
					],
					[
						"4863.647186",
						"9.85356e-16"
					],
					[
						"4869.171127",
						"9.5368e-16"
					],
					[
						"4874.695068",
						"1.01334e-15"
					],
					[
						"4880.219009",
						"9.74433e-16"
					],
					[
						"4885.74295",
						"9.47281e-16"
					],
					[
						"4891.266891",
						"9.52538e-16"
					],
					[
						"4896.790833",
						"9.53217e-16"
					],
					[
						"4902.314774",
						"8.7936e-16"
					],
					[
						"4907.838715",
						"8.8024e-16"
					],
					[
						"4913.362656",
						"8.66427e-16"
					],
					[
						"4918.886597",
						"8.83472e-16"
					],
					[
						"4924.410538",
						"8.90232e-16"
					],
					[
						"4929.934479",
						"8.98096e-16"
					],
					[
						"4935.45842",
						"9.14631e-16"
					],
					[
						"4940.982361",
						"8.6017e-16"
					],
					[
						"4946.506302",
						"8.29233e-16"
					],
					[
						"4952.030243",
						"8.07845e-16"
					],
					[
						"4957.554184",
						"7.88516e-16"
					],
					[
						"4963.078125",
						"7.71646e-16"
					],
					[
						"4968.602066",
						"6.7929e-16"
					],
					[
						"4974.126007",
						"6.92635e-16"
					],
					[
						"4979.649948",
						"6.68499e-16"
					],
					[
						"4985.173889",
						"6.34308e-16"
					],
					[
						"4990.69783",
						"6.14308e-16"
					],
					[
						"4996.221771",
						"6.20476e-16"
					],
					[
						"5001.745712",
						"6.33441e-16"
					],
					[
						"5007.269653",
						"6.70834e-16"
					],
					[
						"5012.793594",
						"6.64517e-16"
					],
					[
						"5018.317535",
						"6.6025e-16"
					],
					[
						"5023.841476",
						"6.24541e-16"
					],
					[
						"5029.365417",
						"6.81841e-16"
					],
					[
						"5034.889359",
						"7.16978e-16"
					],
					[
						"5040.4133",
						"7.06885e-16"
					],
					[
						"5045.937241",
						"7.20024e-16"
					],
					[
						"5051.461182",
						"7.63062e-16"
					],
					[
						"5056.985123",
						"7.58314e-16"
					],
					[
						"5062.509064",
						"7.76553e-16"
					],
					[
						"5068.033005",
						"7.79279e-16"
					],
					[
						"5073.556946",
						"7.76276e-16"
					],
					[
						"5079.080887",
						"8.11729e-16"
					],
					[
						"5084.604828",
						"8.20918e-16"
					],
					[
						"5090.128769",
						"8.29048e-16"
					],
					[
						"5095.65271",
						"8.40942e-16"
					],
					[
						"5101.176651",
						"8.00085e-16"
					],
					[
						"5106.700592",
						"8.10369e-16"
					],
					[
						"5112.224533",
						"8.16459e-16"
					],
					[
						"5117.748474",
						"8.3475e-16"
					],
					[
						"5123.272415",
						"8.61187e-16"
					],
					[
						"5128.796356",
						"8.84409e-16"
					],
					[
						"5134.320297",
						"8.70915e-16"
					],
					[
						"5139.844238",
						"8.3992e-16"
					],
					[
						"5145.368179",
						"8.87862e-16"
					],
					[
						"5150.89212",
						"8.824e-16"
					],
					[
						"5156.416061",
						"8.56896e-16"
					],
					[
						"5161.940002",
						"8.60026e-16"
					],
					[
						"5167.463943",
						"8.79612e-16"
					],
					[
						"5172.987885",
						"9.12655e-16"
					],
					[
						"5178.511826",
						"9.08255e-16"
					],
					[
						"5184.035767",
						"8.81087e-16"
					],
					[
						"5189.559708",
						"8.8026e-16"
					],
					[
						"5195.083649",
						"9.13586e-16"
					],
					[
						"5200.60759",
						"8.91305e-16"
					],
					[
						"5206.131531",
						"9.37862e-16"
					],
					[
						"5211.655472",
						"9.47078e-16"
					],
					[
						"5217.179413",
						"9.24555e-16"
					],
					[
						"5222.703354",
						"9.41415e-16"
					],
					[
						"5228.227295",
						"9.48671e-16"
					],
					[
						"5233.751236",
						"9.77885e-16"
					],
					[
						"5239.275177",
						"9.53624e-16"
					],
					[
						"5244.799118",
						"9.72391e-16"
					],
					[
						"5250.323059",
						"1.00467e-15"
					],
					[
						"5255.847",
						"1.0073e-15"
					],
					[
						"5261.370941",
						"1.01225e-15"
					],
					[
						"5266.894882",
						"1.04407e-15"
					],
					[
						"5272.418823",
						"1.01471e-15"
					],
					[
						"5277.942764",
						"9.93458e-16"
					],
					[
						"5283.466705",
						"1.01299e-15"
					],
					[
						"5288.990646",
						"9.90849e-16"
					],
					[
						"5294.514587",
						"1.00456e-15"
					],
					[
						"5300.038528",
						"9.5405e-16"
					],
					[
						"5305.562469",
						"9.75459e-16"
					],
					[
						"5311.086411",
						"9.8488e-16"
					],
					[
						"5316.610352",
						"9.57882e-16"
					],
					[
						"5322.134293",
						"9.60348e-16"
					],
					[
						"5327.658234",
						"9.41652e-16"
					],
					[
						"5333.182175",
						"9.78075e-16"
					],
					[
						"5338.706116",
						"9.0583e-16"
					],
					[
						"5344.230057",
						"1.00148e-15"
					],
					[
						"5349.753998",
						"9.74099e-16"
					],
					[
						"5355.277939",
						"9.77548e-16"
					],
					[
						"5360.80188",
						"9.84154e-16"
					],
					[
						"5366.325821",
						"9.71203e-16"
					],
					[
						"5371.849762",
						"9.34453e-16"
					],
					[
						"5377.373703",
						"9.22622e-16"
					],
					[
						"5382.897644",
						"9.10597e-16"
					],
					[
						"5388.421585",
						"8.55451e-16"
					],
					[
						"5393.945526",
						"8.23727e-16"
					],
					[
						"5399.469467",
						"8.22036e-16"
					],
					[
						"5404.993408",
						"8.08626e-16"
					],
					[
						"5410.517349",
						"7.35711e-16"
					],
					[
						"5416.04129",
						"7.29677e-16"
					],
					[
						"5421.565231",
						"6.82039e-16"
					],
					[
						"5427.089172",
						"6.89825e-16"
					],
					[
						"5432.613113",
						"7.1138e-16"
					],
					[
						"5438.137054",
						"6.8493e-16"
					],
					[
						"5443.660995",
						"6.62088e-16"
					],
					[
						"5449.184937",
						"6.37503e-16"
					],
					[
						"5454.708878",
						"6.52147e-16"
					],
					[
						"5460.232819",
						"6.76513e-16"
					],
					[
						"5465.75676",
						"6.46503e-16"
					],
					[
						"5471.280701",
						"6.42143e-16"
					],
					[
						"5476.804642",
						"6.74972e-16"
					],
					[
						"5482.328583",
						"7.04988e-16"
					],
					[
						"5487.852524",
						"6.67821e-16"
					],
					[
						"5493.376465",
						"6.7898e-16"
					],
					[
						"5498.900406",
						"6.98668e-16"
					],
					[
						"5504.424347",
						"6.89121e-16"
					],
					[
						"5509.948288",
						"7.22623e-16"
					],
					[
						"5515.472229",
						"7.4132e-16"
					],
					[
						"5520.99617",
						"7.09809e-16"
					],
					[
						"5526.520111",
						"7.19751e-16"
					],
					[
						"5532.044052",
						"7.25807e-16"
					],
					[
						"5537.567993",
						"7.68855e-16"
					],
					[
						"5543.091934",
						"7.41494e-16"
					],
					[
						"5548.615875",
						"7.3219e-16"
					],
					[
						"5554.139816",
						"6.90636e-16"
					],
					[
						"5559.663757",
						"6.77151e-16"
					],
					[
						"5565.187698",
						"6.93e-16"
					],
					[
						"5570.711639",
						"7.03617e-16"
					],
					[
						"5576.23558",
						"6.89109e-16"
					],
					[
						"5581.759521",
						"6.31576e-16"
					],
					[
						"5587.283463",
						"6.60521e-16"
					],
					[
						"5592.807404",
						"5.67003e-16"
					],
					[
						"5598.331345",
						"6.1649e-16"
					],
					[
						"5603.855286",
						"5.7381e-16"
					],
					[
						"5609.379227",
						"5.82565e-16"
					],
					[
						"5614.903168",
						"5.58367e-16"
					],
					[
						"5620.427109",
						"5.72262e-16"
					],
					[
						"5625.95105",
						"5.59098e-16"
					],
					[
						"5631.474991",
						"5.42597e-16"
					],
					[
						"5636.998932",
						"5.75575e-16"
					],
					[
						"5642.522873",
						"5.70831e-16"
					],
					[
						"5648.046814",
						"5.83915e-16"
					],
					[
						"5653.570755",
						"6.23721e-16"
					],
					[
						"5659.094696",
						"6.24371e-16"
					],
					[
						"5664.618637",
						"6.40303e-16"
					],
					[
						"5670.142578",
						"6.59171e-16"
					],
					[
						"5675.666519",
						"6.90213e-16"
					],
					[
						"5681.19046",
						"7.17229e-16"
					],
					[
						"5686.714401",
						"7.05131e-16"
					],
					[
						"5692.238342",
						"7.67764e-16"
					],
					[
						"5697.762283",
						"7.37299e-16"
					],
					[
						"5703.286224",
						"8.057e-16"
					],
					[
						"5708.810165",
						"8.00223e-16"
					],
					[
						"5714.334106",
						"8.20958e-16"
					],
					[
						"5719.858047",
						"8.33166e-16"
					],
					[
						"5725.381989",
						"8.12588e-16"
					],
					[
						"5730.90593",
						"8.49512e-16"
					],
					[
						"5736.429871",
						"8.25842e-16"
					],
					[
						"5741.953812",
						"7.89693e-16"
					],
					[
						"5747.477753",
						"7.87869e-16"
					],
					[
						"5753.001694",
						"8.41236e-16"
					],
					[
						"5758.525635",
						"8.07484e-16"
					],
					[
						"5764.049576",
						"8.098e-16"
					],
					[
						"5769.573517",
						"7.89003e-16"
					],
					[
						"5775.097458",
						"7.92263e-16"
					],
					[
						"5780.621399",
						"7.96933e-16"
					],
					[
						"5786.14534",
						"7.83079e-16"
					],
					[
						"5791.669281",
						"8.07619e-16"
					],
					[
						"5797.193222",
						"8.23718e-16"
					],
					[
						"5802.717163",
						"7.95796e-16"
					],
					[
						"5808.241104",
						"7.92741e-16"
					],
					[
						"5813.765045",
						"7.93736e-16"
					],
					[
						"5819.288986",
						"7.92571e-16"
					],
					[
						"5824.812927",
						"7.63299e-16"
					],
					[
						"5830.336868",
						"7.80609e-16"
					],
					[
						"5835.860809",
						"7.95633e-16"
					],
					[
						"5841.38475",
						"7.95147e-16"
					],
					[
						"5846.908691",
						"7.72559e-16"
					],
					[
						"5852.432632",
						"7.86784e-16"
					],
					[
						"5857.956573",
						"7.3335e-16"
					],
					[
						"5863.480515",
						"6.8154e-16"
					],
					[
						"5869.004456",
						"6.89558e-16"
					],
					[
						"5874.528397",
						"6.77374e-16"
					],
					[
						"5880.052338",
						"6.53961e-16"
					],
					[
						"5885.576279",
						"6.2123e-16"
					],
					[
						"5891.10022",
						"5.98434e-16"
					],
					[
						"5896.624161",
						"5.92607e-16"
					],
					[
						"5902.148102",
						"5.62198e-16"
					],
					[
						"5907.672043",
						"5.37972e-16"
					],
					[
						"5913.195984",
						"5.52237e-16"
					],
					[
						"5918.719925",
						"5.63425e-16"
					],
					[
						"5924.243866",
						"5.95293e-16"
					],
					[
						"5929.767807",
						"5.55557e-16"
					],
					[
						"5935.291748",
						"5.38403e-16"
					],
					[
						"5940.815689",
						"5.52555e-16"
					],
					[
						"5946.33963",
						"5.72332e-16"
					],
					[
						"5951.863571",
						"6.01602e-16"
					],
					[
						"5957.387512",
						"5.96909e-16"
					],
					[
						"5962.911453",
						"6.12763e-16"
					],
					[
						"5968.435394",
						"6.27854e-16"
					],
					[
						"5973.959335",
						"6.51107e-16"
					],
					[
						"5979.483276",
						"6.5134e-16"
					],
					[
						"5985.007217",
						"6.67067e-16"
					],
					[
						"5990.531158",
						"7.00198e-16"
					],
					[
						"5996.055099",
						"6.91671e-16"
					],
					[
						"6001.579041",
						"7.07617e-16"
					],
					[
						"6007.102982",
						"7.12056e-16"
					],
					[
						"6012.626923",
						"7.35453e-16"
					],
					[
						"6018.150864",
						"7.59473e-16"
					],
					[
						"6023.674805",
						"7.17034e-16"
					],
					[
						"6029.198746",
						"7.41742e-16"
					],
					[
						"6034.722687",
						"7.91823e-16"
					],
					[
						"6040.246628",
						"7.19811e-16"
					],
					[
						"6045.770569",
						"7.264e-16"
					],
					[
						"6051.29451",
						"7.26079e-16"
					],
					[
						"6056.818451",
						"7.30719e-16"
					],
					[
						"6062.342392",
						"7.66976e-16"
					],
					[
						"6067.866333",
						"7.56117e-16"
					],
					[
						"6073.390274",
						"7.7982e-16"
					],
					[
						"6078.914215",
						"7.6183e-16"
					],
					[
						"6084.438156",
						"7.61905e-16"
					],
					[
						"6089.962097",
						"7.61028e-16"
					],
					[
						"6095.486038",
						"7.6027e-16"
					],
					[
						"6101.009979",
						"7.82508e-16"
					],
					[
						"6106.53392",
						"7.89713e-16"
					],
					[
						"6112.057861",
						"7.69315e-16"
					],
					[
						"6117.581802",
						"7.93099e-16"
					],
					[
						"6123.105743",
						"7.84277e-16"
					],
					[
						"6128.629684",
						"7.51655e-16"
					],
					[
						"6134.153625",
						"7.76555e-16"
					],
					[
						"6139.677567",
						"7.55326e-16"
					],
					[
						"6145.201508",
						"7.62794e-16"
					],
					[
						"6150.725449",
						"7.32511e-16"
					],
					[
						"6156.24939",
						"7.63303e-16"
					],
					[
						"6161.773331",
						"7.68672e-16"
					],
					[
						"6167.297272",
						"7.20929e-16"
					],
					[
						"6172.821213",
						"7.32513e-16"
					],
					[
						"6178.345154",
						"7.35512e-16"
					],
					[
						"6183.869095",
						"7.32664e-16"
					],
					[
						"6189.393036",
						"6.8035e-16"
					],
					[
						"6194.916977",
						"6.71875e-16"
					],
					[
						"6200.440918",
						"6.33459e-16"
					],
					[
						"6205.964859",
						"5.89108e-16"
					],
					[
						"6211.4888",
						"5.49517e-16"
					],
					[
						"6217.012741",
						"5.17484e-16"
					],
					[
						"6222.536682",
						"4.96356e-16"
					],
					[
						"6228.060623",
						"4.62963e-16"
					],
					[
						"6233.584564",
						"4.18809e-16"
					],
					[
						"6239.108505",
						"4.19035e-16"
					],
					[
						"6244.632446",
						"3.7456e-16"
					],
					[
						"6250.156387",
						"3.46041e-16"
					],
					[
						"6255.680328",
						"3.18522e-16"
					],
					[
						"6261.204269",
						"3.31788e-16"
					],
					[
						"6266.72821",
						"3.06293e-16"
					],
					[
						"6272.252151",
						"2.85485e-16"
					],
					[
						"6277.776093",
						"2.9075e-16"
					],
					[
						"6283.300034",
						"2.7696e-16"
					],
					[
						"6288.823975",
						"2.72125e-16"
					],
					[
						"6294.347916",
						"2.48851e-16"
					],
					[
						"6299.871857",
						"2.54344e-16"
					],
					[
						"6305.395798",
						"2.67887e-16"
					],
					[
						"6310.919739",
						"2.53778e-16"
					],
					[
						"6316.44368",
						"2.71362e-16"
					],
					[
						"6321.967621",
						"3.00242e-16"
					],
					[
						"6327.491562",
						"3.0964e-16"
					],
					[
						"6333.015503",
						"3.29033e-16"
					],
					[
						"6338.539444",
						"3.38167e-16"
					],
					[
						"6344.063385",
						"3.36935e-16"
					],
					[
						"6349.587326",
						"3.29114e-16"
					],
					[
						"6355.111267",
						"3.62578e-16"
					],
					[
						"6360.635208",
						"3.6356e-16"
					],
					[
						"6366.159149",
						"4.08471e-16"
					],
					[
						"6371.68309",
						"4.25436e-16"
					],
					[
						"6377.207031",
						"4.67865e-16"
					],
					[
						"6382.730972",
						"4.41783e-16"
					],
					[
						"6388.254913",
						"4.59389e-16"
					],
					[
						"6393.778854",
						"4.93929e-16"
					],
					[
						"6399.302795",
						"5.00879e-16"
					],
					[
						"6404.826736",
						"5.28403e-16"
					],
					[
						"6410.350677",
						"5.54469e-16"
					],
					[
						"6415.874619",
						"5.64969e-16"
					],
					[
						"6421.39856",
						"5.76597e-16"
					],
					[
						"6426.922501",
						"5.99324e-16"
					],
					[
						"6432.446442",
						"6.24831e-16"
					],
					[
						"6437.970383",
						"6.10438e-16"
					],
					[
						"6443.494324",
						"6.30433e-16"
					],
					[
						"6449.018265",
						"6.45504e-16"
					],
					[
						"6454.542206",
						"6.56874e-16"
					],
					[
						"6460.066147",
						"6.65916e-16"
					],
					[
						"6465.590088",
						"6.66592e-16"
					],
					[
						"6471.114029",
						"6.71004e-16"
					],
					[
						"6476.63797",
						"6.79086e-16"
					],
					[
						"6482.161911",
						"6.90807e-16"
					],
					[
						"6487.685852",
						"6.93729e-16"
					],
					[
						"6493.209793",
						"6.99375e-16"
					],
					[
						"6498.733734",
						"7.22839e-16"
					],
					[
						"6504.257675",
						"6.88083e-16"
					],
					[
						"6509.781616",
						"6.84856e-16"
					],
					[
						"6515.305557",
						"7.01777e-16"
					],
					[
						"6520.829498",
						"7.06017e-16"
					],
					[
						"6526.353439",
						"6.89553e-16"
					],
					[
						"6531.87738",
						"6.72142e-16"
					],
					[
						"6537.401321",
						"7.10529e-16"
					],
					[
						"6542.925262",
						"7.11235e-16"
					],
					[
						"6548.449203",
						"7.07482e-16"
					],
					[
						"6553.973145",
						"6.74286e-16"
					],
					[
						"6559.497086",
						"6.90287e-16"
					],
					[
						"6565.021027",
						"6.8101e-16"
					],
					[
						"6570.544968",
						"6.94437e-16"
					],
					[
						"6576.068909",
						"6.78961e-16"
					],
					[
						"6581.59285",
						"6.91237e-16"
					],
					[
						"6587.116791",
						"6.76351e-16"
					],
					[
						"6592.640732",
						"6.43302e-16"
					],
					[
						"6598.164673",
						"6.92193e-16"
					],
					[
						"6603.688614",
						"6.36205e-16"
					],
					[
						"6609.212555",
						"6.52504e-16"
					],
					[
						"6614.736496",
						"6.29434e-16"
					],
					[
						"6620.260437",
						"6.39349e-16"
					],
					[
						"6625.784378",
						"6.64353e-16"
					],
					[
						"6631.308319",
						"6.27415e-16"
					],
					[
						"6636.83226",
						"6.38837e-16"
					],
					[
						"6642.356201",
						"6.12169e-16"
					],
					[
						"6647.880142",
						"5.93493e-16"
					],
					[
						"6653.404083",
						"6.09527e-16"
					],
					[
						"6658.928024",
						"6.16671e-16"
					],
					[
						"6664.451965",
						"5.99459e-16"
					],
					[
						"6669.975906",
						"6.07884e-16"
					],
					[
						"6675.499847",
						"5.85968e-16"
					],
					[
						"6681.023788",
						"5.47022e-16"
					],
					[
						"6686.547729",
						"5.81682e-16"
					],
					[
						"6692.071671",
						"6.03652e-16"
					],
					[
						"6697.595612",
						"5.74247e-16"
					],
					[
						"6703.119553",
						"5.59713e-16"
					],
					[
						"6708.643494",
						"5.67907e-16"
					],
					[
						"6714.167435",
						"5.56459e-16"
					],
					[
						"6719.691376",
						"5.33334e-16"
					],
					[
						"6725.215317",
						"5.42894e-16"
					],
					[
						"6730.739258",
						"5.20608e-16"
					],
					[
						"6736.263199",
						"5.24951e-16"
					],
					[
						"6741.78714",
						"5.5147e-16"
					],
					[
						"6747.311081",
						"5.6423e-16"
					],
					[
						"6752.835022",
						"5.50509e-16"
					],
					[
						"6758.358963",
						"5.76123e-16"
					],
					[
						"6763.882904",
						"5.73512e-16"
					],
					[
						"6769.406845",
						"5.2813e-16"
					],
					[
						"6774.930786",
						"5.21804e-16"
					],
					[
						"6780.454727",
						"4.94748e-16"
					],
					[
						"6785.978668",
						"5.05678e-16"
					],
					[
						"6791.502609",
						"5.29967e-16"
					],
					[
						"6797.02655",
						"4.88362e-16"
					],
					[
						"6802.550491",
						"5.10987e-16"
					],
					[
						"6808.074432",
						"4.93851e-16"
					],
					[
						"6813.598373",
						"4.76881e-16"
					],
					[
						"6819.122314",
						"4.97335e-16"
					],
					[
						"6824.646255",
						"4.69752e-16"
					],
					[
						"6830.170197",
						"4.91422e-16"
					],
					[
						"6835.694138",
						"4.75601e-16"
					],
					[
						"6841.218079",
						"4.71182e-16"
					],
					[
						"6846.74202",
						"4.44643e-16"
					],
					[
						"6852.265961",
						"4.61167e-16"
					],
					[
						"6857.789902",
						"4.70285e-16"
					],
					[
						"6863.313843",
						"4.3403e-16"
					],
					[
						"6868.837784",
						"3.99133e-16"
					],
					[
						"6874.361725",
						"3.75601e-16"
					],
					[
						"6879.885666",
						"3.84389e-16"
					],
					[
						"6885.409607",
						"4.13474e-16"
					],
					[
						"6890.933548",
						"4.20076e-16"
					],
					[
						"6896.457489",
						"4.25385e-16"
					],
					[
						"6901.98143",
						"4.18045e-16"
					],
					[
						"6907.505371",
						"4.12055e-16"
					],
					[
						"6913.029312",
						"4.26657e-16"
					],
					[
						"6918.553253",
						"4.69666e-16"
					],
					[
						"6924.077194",
						"4.41784e-16"
					],
					[
						"6929.601135",
						"4.34975e-16"
					],
					[
						"6935.125076",
						"4.24526e-16"
					],
					[
						"6940.649017",
						"4.08443e-16"
					],
					[
						"6946.172958",
						"4.09885e-16"
					],
					[
						"6951.696899",
						"3.94292e-16"
					],
					[
						"6957.22084",
						"4.25542e-16"
					],
					[
						"6962.744781",
						"4.03375e-16"
					],
					[
						"6968.268723",
						"4.09718e-16"
					],
					[
						"6973.792664",
						"4.23712e-16"
					],
					[
						"6979.316605",
						"4.13546e-16"
					],
					[
						"6984.840546",
						"4.36231e-16"
					],
					[
						"6990.364487",
						"4.01652e-16"
					],
					[
						"6995.888428",
						"4.08405e-16"
					],
					[
						"7001.412369",
						"3.80527e-16"
					],
					[
						"7006.93631",
						"4.22218e-16"
					],
					[
						"7012.460251",
						"4.09622e-16"
					],
					[
						"7017.984192",
						"4.04074e-16"
					],
					[
						"7023.508133",
						"4.02251e-16"
					],
					[
						"7029.032074",
						"3.98135e-16"
					],
					[
						"7034.556015",
						"4.1465e-16"
					],
					[
						"7040.079956",
						"4.07978e-16"
					],
					[
						"7045.603897",
						"4.25403e-16"
					],
					[
						"7051.127838",
						"4.11569e-16"
					],
					[
						"7056.651779",
						"3.90007e-16"
					],
					[
						"7062.17572",
						"4.08779e-16"
					],
					[
						"7067.699661",
						"4.24865e-16"
					],
					[
						"7073.223602",
						"4.228e-16"
					],
					[
						"7078.747543",
						"4.11465e-16"
					],
					[
						"7084.271484",
						"4.00771e-16"
					],
					[
						"7089.795425",
						"4.04678e-16"
					],
					[
						"7095.319366",
						"4.22351e-16"
					],
					[
						"7100.843308",
						"3.70477e-16"
					],
					[
						"7106.367249",
						"3.58675e-16"
					],
					[
						"7111.89119",
						"3.90223e-16"
					],
					[
						"7117.415131",
						"3.98818e-16"
					],
					[
						"7122.939072",
						"4.08888e-16"
					],
					[
						"7128.463013",
						"3.95212e-16"
					],
					[
						"7133.986954",
						"3.8255e-16"
					],
					[
						"7139.510895",
						"3.71216e-16"
					],
					[
						"7145.034836",
						"4.06391e-16"
					],
					[
						"7150.558777",
						"4.15417e-16"
					],
					[
						"7156.082718",
						"3.7107e-16"
					],
					[
						"7161.606659",
						"3.67575e-16"
					],
					[
						"7167.1306",
						"3.44564e-16"
					],
					[
						"7172.654541",
						"3.67524e-16"
					],
					[
						"7178.178482",
						"3.62031e-16"
					],
					[
						"7183.702423",
						"3.5463e-16"
					],
					[
						"7189.226364",
						"3.48735e-16"
					],
					[
						"7194.750305",
						"3.35775e-16"
					],
					[
						"7200.274246",
						"3.44979e-16"
					],
					[
						"7205.798187",
						"3.34745e-16"
					],
					[
						"7211.322128",
						"3.34761e-16"
					],
					[
						"7216.846069",
						"3.53563e-16"
					],
					[
						"7222.37001",
						"3.52474e-16"
					],
					[
						"7227.893951",
						"3.6354e-16"
					],
					[
						"7233.417892",
						"3.55426e-16"
					],
					[
						"7238.941834",
						"3.49151e-16"
					],
					[
						"7244.465775",
						"3.34988e-16"
					],
					[
						"7249.989716",
						"3.55285e-16"
					],
					[
						"7255.513657",
						"3.44217e-16"
					],
					[
						"7261.037598",
						"3.29698e-16"
					],
					[
						"7266.561539",
						"3.48705e-16"
					],
					[
						"7272.08548",
						"3.48309e-16"
					],
					[
						"7277.609421",
						"3.07278e-16"
					],
					[
						"7283.133362",
						"3.23451e-16"
					],
					[
						"7288.657303",
						"3.1517e-16"
					],
					[
						"7294.181244",
						"3.44536e-16"
					],
					[
						"7299.705185",
						"3.33976e-16"
					],
					[
						"7305.229126",
						"3.31531e-16"
					],
					[
						"7310.753067",
						"3.19913e-16"
					],
					[
						"7316.277008",
						"3.47781e-16"
					],
					[
						"7321.800949",
						"3.40036e-16"
					],
					[
						"7327.32489",
						"3.2362e-16"
					],
					[
						"7332.848831",
						"3.17878e-16"
					],
					[
						"7338.372772",
						"3.52806e-16"
					],
					[
						"7343.896713",
						"3.57523e-16"
					],
					[
						"7349.420654",
						"3.43175e-16"
					],
					[
						"7354.944595",
						"3.29882e-16"
					],
					[
						"7360.468536",
						"3.28689e-16"
					],
					[
						"7365.992477",
						"3.4985e-16"
					],
					[
						"7371.516418",
						"3.51091e-16"
					],
					[
						"7377.040359",
						"3.44296e-16"
					],
					[
						"7382.564301",
						"3.27065e-16"
					],
					[
						"7388.088242",
						"3.64637e-16"
					],
					[
						"7393.612183",
						"3.31287e-16"
					],
					[
						"7399.136124",
						"3.32387e-16"
					],
					[
						"7404.660065",
						"3.11474e-16"
					],
					[
						"7410.184006",
						"3.2747e-16"
					],
					[
						"7415.707947",
						"3.41988e-16"
					],
					[
						"7421.231888",
						"3.13735e-16"
					],
					[
						"7426.755829",
						"3.60425e-16"
					],
					[
						"7432.27977",
						"3.39427e-16"
					],
					[
						"7437.803711",
						"3.26997e-16"
					],
					[
						"7443.327652",
						"3.71404e-16"
					],
					[
						"7448.851593",
						"3.31912e-16"
					],
					[
						"7454.375534",
						"3.16362e-16"
					],
					[
						"7459.899475",
						"3.49888e-16"
					],
					[
						"7465.423416",
						"3.24976e-16"
					],
					[
						"7470.947357",
						"3.26313e-16"
					],
					[
						"7476.471298",
						"3.16392e-16"
					],
					[
						"7481.995239",
						"3.1013e-16"
					],
					[
						"7487.51918",
						"3.37832e-16"
					],
					[
						"7493.043121",
						"3.39383e-16"
					],
					[
						"7498.567062",
						"3.38431e-16"
					],
					[
						"7504.091003",
						"3.29999e-16"
					],
					[
						"7509.614944",
						"3.02076e-16"
					],
					[
						"7515.138885",
						"3.00135e-16"
					],
					[
						"7520.662827",
						"3.1069e-16"
					],
					[
						"7526.186768",
						"3.32277e-16"
					],
					[
						"7531.710709",
						"3.1088e-16"
					],
					[
						"7537.23465",
						"2.91695e-16"
					],
					[
						"7542.758591",
						"2.86755e-16"
					],
					[
						"7548.282532",
						"2.73474e-16"
					],
					[
						"7553.806473",
						"2.76302e-16"
					],
					[
						"7559.330414",
						"2.8949e-16"
					],
					[
						"7564.854355",
						"3.12578e-16"
					],
					[
						"7570.378296",
						"3.04708e-16"
					],
					[
						"7575.902237",
						"2.61873e-16"
					],
					[
						"7581.426178",
						"2.58338e-16"
					],
					[
						"7586.950119",
						"2.74911e-16"
					],
					[
						"7592.47406",
						"2.56775e-16"
					],
					[
						"7597.998001",
						"2.14798e-16"
					],
					[
						"7603.521942",
						"1.51997e-16"
					],
					[
						"7609.045883",
						"1.07264e-16"
					],
					[
						"7614.569824",
						"1.08608e-16"
					],
					[
						"7620.093765",
						"1.16997e-16"
					],
					[
						"7625.617706",
						"1.59297e-16"
					],
					[
						"7631.141647",
						"1.42476e-16"
					],
					[
						"7636.665588",
						"1.39213e-16"
					],
					[
						"7642.189529",
						"1.47215e-16"
					],
					[
						"7647.71347",
						"1.32906e-16"
					],
					[
						"7653.237412",
						"1.48552e-16"
					],
					[
						"7658.761353",
						"1.32864e-16"
					],
					[
						"7664.285294",
						"1.62266e-16"
					],
					[
						"7669.809235",
						"1.84748e-16"
					],
					[
						"7675.333176",
						"1.78721e-16"
					],
					[
						"7680.857117",
						"1.6681e-16"
					],
					[
						"7686.381058",
						"1.70868e-16"
					],
					[
						"7691.904999",
						"1.94568e-16"
					],
					[
						"7697.42894",
						"1.83686e-16"
					],
					[
						"7702.952881",
						"1.85331e-16"
					],
					[
						"7708.476822",
						"1.92764e-16"
					],
					[
						"7714.000763",
						"1.9835e-16"
					],
					[
						"7719.524704",
						"1.95114e-16"
					],
					[
						"7725.048645",
						"2.30425e-16"
					],
					[
						"7730.572586",
						"2.09492e-16"
					],
					[
						"7736.096527",
						"2.45899e-16"
					],
					[
						"7741.620468",
						"2.1647e-16"
					],
					[
						"7747.144409",
						"2.20394e-16"
					],
					[
						"7752.66835",
						"2.23843e-16"
					],
					[
						"7758.192291",
						"2.41542e-16"
					],
					[
						"7763.716232",
						"2.79414e-16"
					],
					[
						"7769.240173",
						"2.34042e-16"
					],
					[
						"7774.764114",
						"2.1843e-16"
					],
					[
						"7780.288055",
						"2.43108e-16"
					],
					[
						"7785.811996",
						"2.56314e-16"
					],
					[
						"7791.335938",
						"2.92201e-16"
					],
					[
						"7796.859879",
						"2.85899e-16"
					],
					[
						"7802.38382",
						"2.66116e-16"
					],
					[
						"7807.907761",
						"2.56241e-16"
					],
					[
						"7813.431702",
						"2.73933e-16"
					],
					[
						"7818.955643",
						"2.75333e-16"
					],
					[
						"7824.479584",
						"2.69395e-16"
					],
					[
						"7830.003525",
						"2.92227e-16"
					],
					[
						"7835.527466",
						"2.80889e-16"
					],
					[
						"7841.051407",
						"2.76257e-16"
					],
					[
						"7846.575348",
						"2.9035e-16"
					],
					[
						"7852.099289",
						"2.83653e-16"
					],
					[
						"7857.62323",
						"3.08647e-16"
					],
					[
						"7863.147171",
						"2.7598e-16"
					],
					[
						"7868.671112",
						"3.12793e-16"
					],
					[
						"7874.195053",
						"3.29826e-16"
					],
					[
						"7879.718994",
						"2.65906e-16"
					],
					[
						"7885.242935",
						"3.0967e-16"
					],
					[
						"7890.766876",
						"3.38061e-16"
					],
					[
						"7896.290817",
						"3.05813e-16"
					],
					[
						"7901.814758",
						"2.88786e-16"
					],
					[
						"7907.338699",
						"3.01216e-16"
					],
					[
						"7912.86264",
						"2.91682e-16"
					],
					[
						"7918.386581",
						"2.58888e-16"
					],
					[
						"7923.910522",
						"3.00383e-16"
					],
					[
						"7929.434463",
						"3.24179e-16"
					],
					[
						"7934.958405",
						"3.00624e-16"
					],
					[
						"7940.482346",
						"3.12444e-16"
					],
					[
						"7946.006287",
						"3.28651e-16"
					],
					[
						"7951.530228",
						"3.18647e-16"
					],
					[
						"7957.054169",
						"2.9992e-16"
					],
					[
						"7962.57811",
						"2.77747e-16"
					],
					[
						"7968.102051",
						"3.2463e-16"
					],
					[
						"7973.625992",
						"3.1061e-16"
					],
					[
						"7979.149933",
						"3.39095e-16"
					],
					[
						"7984.673874",
						"2.99542e-16"
					],
					[
						"7990.197815",
						"3.1227e-16"
					],
					[
						"7995.721756",
						"3.32846e-16"
					],
					[
						"8001.245697",
						"3.1385e-16"
					],
					[
						"8006.769638",
						"3.3061e-16"
					],
					[
						"8012.293579",
						"2.91889e-16"
					],
					[
						"8017.81752",
						"2.76168e-16"
					],
					[
						"8023.341461",
						"3.22892e-16"
					],
					[
						"8028.865402",
						"3.0844e-16"
					],
					[
						"8034.389343",
						"2.96002e-16"
					],
					[
						"8039.913284",
						"3.17842e-16"
					],
					[
						"8045.437225",
						"2.92766e-16"
					],
					[
						"8050.961166",
						"3.07191e-16"
					],
					[
						"8056.485107",
						"3.29061e-16"
					],
					[
						"8062.009048",
						"3.23283e-16"
					],
					[
						"8067.53299",
						"2.84708e-16"
					],
					[
						"8073.056931",
						"2.57595e-16"
					],
					[
						"8078.580872",
						"2.77641e-16"
					],
					[
						"8084.104813",
						"3.27702e-16"
					],
					[
						"8089.628754",
						"3.37339e-16"
					],
					[
						"8095.152695",
						"2.89665e-16"
					],
					[
						"8100.676636",
						"3.05166e-16"
					],
					[
						"8106.200577",
						"2.9679e-16"
					],
					[
						"8111.724518",
						"2.6745e-16"
					],
					[
						"8117.248459",
						"2.93273e-16"
					],
					[
						"8122.7724",
						"3.16617e-16"
					],
					[
						"8128.296341",
						"2.49282e-16"
					],
					[
						"8133.820282",
						"2.97584e-16"
					],
					[
						"8139.344223",
						"2.59011e-16"
					],
					[
						"8144.868164",
						"2.2912e-16"
					],
					[
						"8150.392105",
						"2.72742e-16"
					],
					[
						"8155.916046",
						"2.69015e-16"
					],
					[
						"8161.439987",
						"2.38672e-16"
					],
					[
						"8166.963928",
						"2.24444e-16"
					],
					[
						"8172.487869",
						"2.5022e-16"
					],
					[
						"8178.01181",
						"2.38795e-16"
					],
					[
						"8183.535751",
						"2.14053e-16"
					],
					[
						"8189.059692",
						"2.3252e-16"
					],
					[
						"8194.583633",
						"2.25821e-16"
					],
					[
						"8200.107574",
						"2.42634e-16"
					],
					[
						"8205.631515",
						"2.43191e-16"
					],
					[
						"8211.155457",
						"2.43823e-16"
					],
					[
						"8216.679398",
						"2.63241e-16"
					],
					[
						"8222.203339",
						"2.32813e-16"
					],
					[
						"8227.72728",
						"1.86274e-16"
					],
					[
						"8233.251221",
						"2.32732e-16"
					],
					[
						"8238.775162",
						"2.25052e-16"
					],
					[
						"8244.299103",
						"2.2146e-16"
					],
					[
						"8249.823044",
						"2.0758e-16"
					],
					[
						"8255.346985",
						"2.05239e-16"
					],
					[
						"8260.870926",
						"2.40194e-16"
					],
					[
						"8266.394867",
						"2.18785e-16"
					],
					[
						"8271.918808",
						"2.72975e-16"
					],
					[
						"8277.442749",
						"2.39539e-16"
					],
					[
						"8282.96669",
						"1.78923e-16"
					],
					[
						"8288.490631",
						"2.22928e-16"
					],
					[
						"8294.014572",
						"1.99215e-16"
					],
					[
						"8299.538513",
						"2.08459e-16"
					],
					[
						"8305.062454",
						"1.89019e-16"
					],
					[
						"8310.586395",
						"1.61267e-16"
					],
					[
						"8316.110336",
						"1.44009e-16"
					],
					[
						"8321.634277",
						"1.69088e-16"
					],
					[
						"8327.158218",
						"1.89588e-16"
					],
					[
						"8332.682159",
						"1.61203e-16"
					],
					[
						"8338.2061",
						"1.94528e-16"
					],
					[
						"8343.730042",
						"1.70664e-16"
					],
					[
						"8349.253983",
						"1.4582e-16"
					],
					[
						"8354.777924",
						"1.5569e-16"
					],
					[
						"8360.301865",
						"1.63882e-16"
					],
					[
						"8365.825806",
						"1.71297e-16"
					],
					[
						"8371.349747",
						"1.59363e-16"
					],
					[
						"8376.873688",
						"1.36029e-16"
					],
					[
						"8382.397629",
						"1.3679e-16"
					],
					[
						"8387.92157",
						"1.40374e-16"
					],
					[
						"8393.445511",
						"1.45809e-16"
					],
					[
						"8398.969452",
						"1.14707e-16"
					],
					[
						"8404.493393",
						"7.7647e-17"
					],
					[
						"8410.017334",
						"1.49169e-16"
					],
					[
						"8415.541275",
						"1.29893e-16"
					],
					[
						"8421.065216",
						"1.2732e-16"
					],
					[
						"8426.589157",
						"1.58148e-16"
					],
					[
						"8432.113098",
						"1.355e-16"
					],
					[
						"8437.637039",
						"1.32355e-16"
					],
					[
						"8443.16098",
						"1.30366e-16"
					],
					[
						"8448.684921",
						"1.57667e-16"
					],
					[
						"8454.208862",
						"1.08211e-16"
					],
					[
						"8459.732803",
						"1.11156e-16"
					],
					[
						"8465.256744",
						"1.30632e-16"
					],
					[
						"8470.780685",
						"1.42978e-16"
					],
					[
						"8476.304626",
						"1.52593e-16"
					],
					[
						"8481.828568",
						"1.4409e-16"
					],
					[
						"8487.352509",
						"1.60532e-16"
					],
					[
						"8492.87645",
						"1.3455e-16"
					],
					[
						"8498.400391",
						"1.16991e-16"
					],
					[
						"8503.924332",
						"1.86136e-16"
					],
					[
						"8509.448273",
						"1.73308e-16"
					],
					[
						"8514.972214",
						"1.02127e-16"
					],
					[
						"8520.496155",
						"1.25096e-16"
					],
					[
						"8526.020096",
						"1.38268e-16"
					],
					[
						"8531.544037",
						"1.69057e-16"
					],
					[
						"8537.067978",
						"1.42501e-16"
					],
					[
						"8542.591919",
						"9.55123e-17"
					],
					[
						"8548.11586",
						"1.64224e-16"
					],
					[
						"8553.639801",
						"1.38908e-16"
					],
					[
						"8559.163742",
						"1.2582e-16"
					],
					[
						"8564.687683",
						"1.43371e-16"
					],
					[
						"8570.211624",
						"1.42244e-16"
					],
					[
						"8575.735565",
						"1.62886e-16"
					],
					[
						"8581.259506",
						"1.9065e-16"
					],
					[
						"8586.783447",
						"1.75652e-16"
					],
					[
						"8592.307388",
						"1.99456e-16"
					],
					[
						"8597.831329",
						"1.83244e-16"
					],
					[
						"8603.35527",
						"1.82459e-16"
					],
					[
						"8608.879211",
						"1.51825e-16"
					],
					[
						"8614.403152",
						"1.7477e-16"
					],
					[
						"8619.927094",
						"1.78222e-16"
					],
					[
						"8625.451035",
						"1.54198e-16"
					],
					[
						"8630.974976",
						"2.51666e-16"
					],
					[
						"8636.498917",
						"2.31616e-16"
					],
					[
						"8642.022858",
						"2.11352e-16"
					],
					[
						"8647.546799",
						"2.08401e-16"
					],
					[
						"8653.07074",
						"1.72791e-16"
					],
					[
						"8658.594681",
						"1.87111e-16"
					],
					[
						"8664.118622",
						"2.324e-16"
					],
					[
						"8669.642563",
						"2.70778e-16"
					],
					[
						"8675.166504",
						"2.61879e-16"
					],
					[
						"8680.690445",
						"2.67695e-16"
					],
					[
						"8686.214386",
						"2.51923e-16"
					],
					[
						"8691.738327",
						"2.26319e-16"
					],
					[
						"8697.262268",
						"2.40362e-16"
					],
					[
						"8702.786209",
						"2.26267e-16"
					],
					[
						"8708.31015",
						"2.53005e-16"
					],
					[
						"8713.834091",
						"2.736e-16"
					],
					[
						"8719.358032",
						"3.04915e-16"
					],
					[
						"8724.881973",
						"2.74757e-16"
					],
					[
						"8730.405914",
						"2.79534e-16"
					],
					[
						"8735.929855",
						"2.54086e-16"
					],
					[
						"8741.453796",
						"2.91215e-16"
					],
					[
						"8746.977737",
						"3.02126e-16"
					],
					[
						"8752.501678",
						"2.599e-16"
					],
					[
						"8758.02562",
						"3.34077e-16"
					],
					[
						"8763.549561",
						"2.44087e-16"
					],
					[
						"8769.073502",
						"2.34988e-16"
					],
					[
						"8774.597443",
						"2.67784e-16"
					],
					[
						"8780.121384",
						"2.60775e-16"
					],
					[
						"8785.645325",
						"2.47699e-16"
					],
					[
						"8791.169266",
						"2.53309e-16"
					],
					[
						"8796.693207",
						"3.04622e-16"
					],
					[
						"8802.217148",
						"3.00615e-16"
					],
					[
						"8807.741089",
						"2.7457e-16"
					],
					[
						"8813.26503",
						"2.80355e-16"
					],
					[
						"8818.788971",
						"3.27404e-16"
					],
					[
						"8824.312912",
						"3.51592e-16"
					],
					[
						"8829.836853",
						"3.54726e-16"
					],
					[
						"8835.360794",
						"3.2219e-16"
					],
					[
						"8840.884735",
						"2.79543e-16"
					],
					[
						"8846.408676",
						"2.82136e-16"
					],
					[
						"8851.932617",
						"2.64068e-16"
					],
					[
						"8857.456558",
						"2.97735e-16"
					],
					[
						"8862.980499",
						"3.21572e-16"
					],
					[
						"8868.50444",
						"3.16147e-16"
					],
					[
						"8874.028381",
						"2.76254e-16"
					],
					[
						"8879.552322",
						"3.02139e-16"
					],
					[
						"8885.076263",
						"3.10191e-16"
					],
					[
						"8890.600204",
						"2.96753e-16"
					],
					[
						"8896.124146",
						"3.34957e-16"
					],
					[
						"8901.648087",
						"3.12776e-16"
					],
					[
						"8907.172028",
						"2.51539e-16"
					],
					[
						"8912.695969",
						"2.92482e-16"
					],
					[
						"8918.21991",
						"2.42836e-16"
					],
					[
						"8923.743851",
						"2.66359e-16"
					],
					[
						"8929.267792",
						"2.94863e-16"
					],
					[
						"8934.791733",
						"3.06576e-16"
					],
					[
						"8940.315674",
						"2.76547e-16"
					],
					[
						"8945.839615",
						"2.56328e-16"
					],
					[
						"8951.363556",
						"2.81212e-16"
					],
					[
						"8956.887497",
						"2.09862e-16"
					],
					[
						"8962.411438",
						"2.44071e-16"
					],
					[
						"8967.935379",
						"2.98356e-16"
					],
					[
						"8973.45932",
						"3.12005e-16"
					],
					[
						"8978.983261",
						"2.26638e-16"
					],
					[
						"8984.507202",
						"2.0645e-16"
					],
					[
						"8990.031143",
						"2.40784e-16"
					],
					[
						"8995.555084",
						"2.28372e-16"
					],
					[
						"9001.079025",
						"2.37797e-16"
					],
					[
						"9006.602966",
						"2.69655e-16"
					],
					[
						"9012.126907",
						"2.27773e-16"
					],
					[
						"9017.650848",
						"2.1635e-16"
					],
					[
						"9023.174789",
						"2.39182e-16"
					],
					[
						"9028.69873",
						"2.04527e-16"
					],
					[
						"9034.222672",
						"2.57434e-16"
					],
					[
						"9039.746613",
						"2.32936e-16"
					],
					[
						"9045.270554",
						"2.74074e-16"
					],
					[
						"9050.794495",
						"2.45468e-16"
					],
					[
						"9056.318436",
						"2.29952e-16"
					],
					[
						"9061.842377",
						"1.66884e-16"
					],
					[
						"9067.366318",
						"2.34981e-16"
					],
					[
						"9072.890259",
						"2.11856e-16"
					],
					[
						"9078.4142",
						"2.02026e-16"
					],
					[
						"9083.938141",
						"1.85654e-16"
					],
					[
						"9089.462082",
						"1.76609e-16"
					],
					[
						"9094.986023",
						"2.01096e-16"
					],
					[
						"9100.509964",
						"1.41694e-16"
					],
					[
						"9106.033905",
						"1.8227e-16"
					],
					[
						"9111.557846",
						"1.85816e-16"
					],
					[
						"9117.081787",
						"1.61455e-16"
					],
					[
						"9122.605728",
						"1.97893e-16"
					],
					[
						"9128.129669",
						"2.28084e-16"
					],
					[
						"9133.65361",
						"2.3605e-16"
					],
					[
						"9139.177551",
						"2.41344e-16"
					],
					[
						"9144.701492",
						"1.40495e-16"
					],
					[
						"9150.225433",
						"1.65619e-16"
					],
					[
						"9155.749374",
						"1.74123e-16"
					],
					[
						"9161.273315",
						"2.21519e-16"
					],
					[
						"9166.797256",
						"1.79121e-16"
					],
					[
						"9172.321198",
						"1.74238e-16"
					],
					[
						"9177.845139",
						"1.52242e-16"
					],
					[
						"9183.36908",
						"1.4054e-16"
					],
					[
						"9188.893021",
						"1.8208e-16"
					],
					[
						"9194.416962",
						"1.5306e-16"
					],
					[
						"9199.940903",
						"1.07544e-16"
					],
					[
						"9205.464844",
						"1.86848e-16"
					],
					[
						"9210.988785",
						"2.20426e-16"
					],
					[
						"9216.512726",
						"9.17495e-17"
					],
					[
						"9222.036667",
						"1.36647e-16"
					],
					[
						"9227.560608",
						"1.48231e-16"
					],
					[
						"9233.084549",
						"1.74188e-16"
					],
					[
						"9238.60849",
						"1.72942e-16"
					],
					[
						"9244.132431",
						"1.71061e-16"
					],
					[
						"9249.656372",
						"1.6943e-16"
					],
					[
						"9255.180313",
						"1.65822e-16"
					],
					[
						"9260.704254",
						"1.63667e-16"
					],
					[
						"9266.228195",
						"1.61267e-16"
					],
					[
						"9271.752136",
						"1.57682e-16"
					],
					[
						"9277.276077",
						"1.54998e-16"
					],
					[
						"9282.800018",
						"1.52145e-16"
					],
					[
						"9288.323959",
						"1.49534e-16"
					],
					[
						"9293.8479",
						"1.46363e-16"
					]
				],
				"source":"8"
			}
		]
	}
}