{
	"ASASSN-15ol":{
		"schema":"https://github.com/astrocatalogs/supernovae/blob/a0bc0b9/SCHEMA.md",
		"name":"ASASSN-15ol",
		"sources":[
			{
				"name":"2016A&A...594A..13P",
				"bibcode":"2016A&A...594A..13P",
				"reference":"Planck Collaboration et al. (2016)",
				"alias":"1"
			},
			{
				"name":"2015ATel.7915....1D",
				"bibcode":"2015ATel.7915....1D",
				"reference":"Dong et al. (2015)",
				"alias":"2"
			},
			{
				"name":"2015ATel.7926....1A",
				"bibcode":"2015ATel.7926....1A",
				"reference":"Ashall et al. (2015)",
				"alias":"3"
			},
			{
				"name":"2011ApJ...737..103S",
				"bibcode":"2011ApJ...737..103S",
				"reference":"Schlafly & Finkbeiner (2011)",
				"alias":"4"
			},
			{
				"name":"ASAS-SN Supernovae",
				"url":"http://www.astronomy.ohio-state.edu/~assassin/sn_list.html",
				"alias":"5"
			},
			{
				"name":"Latest Supernovae",
				"secondary":true,
				"url":"http://www.rochesterastronomy.org/snimages/snredshiftall.html",
				"alias":"6"
			},
			{
				"name":"The Open Supernova Catalog",
				"bibcode":"2017ApJ...835...64G",
				"reference":"Guillochon et al. (2017)",
				"secondary":true,
				"url":"https://sne.space",
				"alias":"7"
			},
			{
				"name":"WISeREP",
				"bibcode":"2012PASP..124..668Y",
				"reference":"Yaron & Gal-Yam (2012)",
				"secondary":true,
				"url":"http://wiserep.weizmann.ac.il/",
				"alias":"8"
			},
			{
				"name":"SIMBAD astronomical database",
				"bibcode":"2000A&AS..143....9W",
				"reference":"Wenger et al. (2000)",
				"secondary":true,
				"url":"http://simbad.u-strasbg.fr/",
				"alias":"9"
			}
		],
		"alias":[
			{
				"value":"ASASSN-15ol",
				"source":"2,5,6,8,9"
			}
		],
		"claimedtype":[
			{
				"value":"Ia",
				"source":"2,3,5,6,8,9"
			}
		],
		"comovingdist":[
			{
				"value":"87.123",
				"derived":true,
				"u_value":"Mpc",
				"source":"1,2,5,7"
			}
		],
		"dec":[
			{
				"value":"-56:41:42.50",
				"u_value":"degrees",
				"source":"2,9"
			},
			{
				"value":"-56:41:42.5",
				"u_value":"degrees",
				"source":"2,6"
			},
			{
				"value":"-56:41:42.36",
				"u_value":"degrees",
				"source":"2,5"
			}
		],
		"discoverdate":[
			{
				"value":"2015/08/15",
				"source":"2,6"
			}
		],
		"discoverer":[
			{
				"value":"ASAS-SN",
				"source":"2,6"
			}
		],
		"ebv":[
			{
				"value":"0.0252",
				"derived":true,
				"e_value":"0.0009",
				"source":"4,7"
			}
		],
		"host":[
			{
				"value":"NGC 745",
				"source":"2,6"
			},
			{
				"value":"NGC 0745",
				"source":"2,5"
			}
		],
		"hostoffsetang":[
			{
				"value":"15",
				"u_value":"arcseconds",
				"source":"2,5"
			}
		],
		"lumdist":[
			{
				"value":"88.846",
				"derived":true,
				"u_value":"Mpc",
				"source":"1,2,5,7"
			}
		],
		"maxabsmag":[
			{
				"value":"-18.8219",
				"derived":true,
				"source":"1,2,5,7"
			}
		],
		"maxappmag":[
			{
				"value":"15.9",
				"derived":true,
				"source":"2,6,7"
			}
		],
		"maxdate":[
			{
				"value":"2015/08/17",
				"derived":true,
				"source":"2,6,7"
			}
		],
		"maxvisualabsmag":[
			{
				"value":"-18.8432",
				"derived":true,
				"source":"1,2,5,7"
			}
		],
		"maxvisualappmag":[
			{
				"value":"15.9",
				"derived":true,
				"source":"2,6,7"
			}
		],
		"maxvisualdate":[
			{
				"value":"2015/08/17",
				"derived":true,
				"source":"2,6,7"
			}
		],
		"ra":[
			{
				"value":"01:54:06.040",
				"u_value":"hours",
				"source":"2,9"
			},
			{
				"value":"01:54:06.04",
				"u_value":"hours",
				"source":"2,6"
			},
			{
				"value":"01:54:06.048",
				"u_value":"hours",
				"source":"2,5"
			}
		],
		"redshift":[
			{
				"value":"0.019777",
				"source":"2,5"
			}
		],
		"velocity":[
			{
				"value":"5870.4",
				"u_value":"km/s",
				"source":"7"
			}
		],
		"photometry":[
			{
				"time":"57251.5",
				"magnitude":"15.9",
				"u_time":"MJD",
				"source":"2,6"
			}
		],
		"spectra":[
			{
				"time":"57253.0",
				"filename":"tASASSN-15ol_20150818_Gr13_Free_slit1.0_1_f.asci",
				"instrument":"ESO-NTT - EFOSC2-NTT",
				"observer":"Ashall,Prentice",
				"redshift":"0.02",
				"reducer":"Inserra",
				"reduction":"rapid",
				"survey":"PESSTO",
				"u_fluxes":"erg/s/cm^2/Angstrom",
				"u_time":"MJD",
				"u_wavelengths":"Angstrom",
				"data":[
					[
						"3642.047852",
						"3.12373e-15"
					],
					[
						"3647.56578",
						"2.96131e-15"
					],
					[
						"3653.083709",
						"3.00467e-15"
					],
					[
						"3658.601637",
						"2.9889e-15"
					],
					[
						"3664.119566",
						"2.97643e-15"
					],
					[
						"3669.637495",
						"2.97136e-15"
					],
					[
						"3675.155423",
						"2.86873e-15"
					],
					[
						"3680.673352",
						"3.0025e-15"
					],
					[
						"3686.19128",
						"2.96773e-15"
					],
					[
						"3691.709209",
						"2.98023e-15"
					],
					[
						"3697.227138",
						"3.04793e-15"
					],
					[
						"3702.745066",
						"2.97389e-15"
					],
					[
						"3708.262995",
						"3.04771e-15"
					],
					[
						"3713.780923",
						"2.94081e-15"
					],
					[
						"3719.298852",
						"2.95006e-15"
					],
					[
						"3724.816781",
						"2.93058e-15"
					],
					[
						"3730.334709",
						"2.79817e-15"
					],
					[
						"3735.852638",
						"2.72938e-15"
					],
					[
						"3741.370566",
						"2.5624e-15"
					],
					[
						"3746.888495",
						"2.45866e-15"
					],
					[
						"3752.406424",
						"2.17095e-15"
					],
					[
						"3757.924352",
						"1.98972e-15"
					],
					[
						"3763.442281",
						"1.8196e-15"
					],
					[
						"3768.960209",
						"1.70384e-15"
					],
					[
						"3774.478138",
						"1.68514e-15"
					],
					[
						"3779.996067",
						"1.6071e-15"
					],
					[
						"3785.513995",
						"1.53436e-15"
					],
					[
						"3791.031924",
						"1.55538e-15"
					],
					[
						"3796.549852",
						"1.69174e-15"
					],
					[
						"3802.067781",
						"1.77172e-15"
					],
					[
						"3807.58571",
						"1.79399e-15"
					],
					[
						"3813.103638",
						"1.71794e-15"
					],
					[
						"3818.621567",
						"1.66778e-15"
					],
					[
						"3824.139495",
						"1.54126e-15"
					],
					[
						"3829.657424",
						"1.43801e-15"
					],
					[
						"3835.175353",
						"1.45963e-15"
					],
					[
						"3840.693281",
						"1.39521e-15"
					],
					[
						"3846.21121",
						"1.41813e-15"
					],
					[
						"3851.729138",
						"1.37792e-15"
					],
					[
						"3857.247067",
						"1.38584e-15"
					],
					[
						"3862.764996",
						"1.39087e-15"
					],
					[
						"3868.282924",
						"1.41681e-15"
					],
					[
						"3873.800853",
						"1.49672e-15"
					],
					[
						"3879.318781",
						"1.57223e-15"
					],
					[
						"3884.83671",
						"1.67815e-15"
					],
					[
						"3890.354639",
						"1.81405e-15"
					],
					[
						"3895.872567",
						"1.9258e-15"
					],
					[
						"3901.390496",
						"2.06288e-15"
					],
					[
						"3906.908424",
						"2.23664e-15"
					],
					[
						"3912.426353",
						"2.42832e-15"
					],
					[
						"3917.944282",
						"2.54849e-15"
					],
					[
						"3923.46221",
						"2.68502e-15"
					],
					[
						"3928.980139",
						"2.87832e-15"
					],
					[
						"3934.498067",
						"2.87228e-15"
					],
					[
						"3940.015996",
						"2.99743e-15"
					],
					[
						"3945.533925",
						"3.01602e-15"
					],
					[
						"3951.051853",
						"3.19869e-15"
					],
					[
						"3956.569782",
						"3.2331e-15"
					],
					[
						"3962.08771",
						"3.32168e-15"
					],
					[
						"3967.605639",
						"3.39123e-15"
					],
					[
						"3973.123568",
						"3.39513e-15"
					],
					[
						"3978.641496",
						"3.40175e-15"
					],
					[
						"3984.159425",
						"3.58807e-15"
					],
					[
						"3989.677353",
						"3.70536e-15"
					],
					[
						"3995.195282",
						"3.74683e-15"
					],
					[
						"4000.713211",
						"3.84518e-15"
					],
					[
						"4006.231139",
						"3.87157e-15"
					],
					[
						"4011.749068",
						"3.83297e-15"
					],
					[
						"4017.266996",
						"3.58383e-15"
					],
					[
						"4022.784925",
						"3.46819e-15"
					],
					[
						"4028.302854",
						"3.44544e-15"
					],
					[
						"4033.820782",
						"3.28515e-15"
					],
					[
						"4039.338711",
						"3.10605e-15"
					],
					[
						"4044.856639",
						"2.97772e-15"
					],
					[
						"4050.374568",
						"2.86962e-15"
					],
					[
						"4055.892497",
						"2.73919e-15"
					],
					[
						"4061.410425",
						"2.71946e-15"
					],
					[
						"4066.928354",
						"2.63951e-15"
					],
					[
						"4072.446282",
						"2.62145e-15"
					],
					[
						"4077.964211",
						"2.58334e-15"
					],
					[
						"4083.48214",
						"2.61582e-15"
					],
					[
						"4089.000068",
						"2.70743e-15"
					],
					[
						"4094.517997",
						"2.79111e-15"
					],
					[
						"4100.035925",
						"2.88407e-15"
					],
					[
						"4105.553854",
						"3.02291e-15"
					],
					[
						"4111.071783",
						"3.03161e-15"
					],
					[
						"4116.589711",
						"3.12231e-15"
					],
					[
						"4122.10764",
						"3.27695e-15"
					],
					[
						"4127.625568",
						"3.27428e-15"
					],
					[
						"4133.143497",
						"3.30598e-15"
					],
					[
						"4138.661426",
						"3.36825e-15"
					],
					[
						"4144.179354",
						"3.44132e-15"
					],
					[
						"4149.697283",
						"3.49958e-15"
					],
					[
						"4155.215211",
						"3.4667e-15"
					],
					[
						"4160.73314",
						"3.50308e-15"
					],
					[
						"4166.251069",
						"3.45058e-15"
					],
					[
						"4171.768997",
						"3.44972e-15"
					],
					[
						"4177.286926",
						"3.43261e-15"
					],
					[
						"4182.804854",
						"3.39812e-15"
					],
					[
						"4188.322783",
						"3.30153e-15"
					],
					[
						"4193.840712",
						"3.21875e-15"
					],
					[
						"4199.35864",
						"3.14044e-15"
					],
					[
						"4204.876569",
						"3.09451e-15"
					],
					[
						"4210.394497",
						"3.09016e-15"
					],
					[
						"4215.912426",
						"3.08351e-15"
					],
					[
						"4221.430355",
						"3.03525e-15"
					],
					[
						"4226.948283",
						"3.01313e-15"
					],
					[
						"4232.466212",
						"2.92646e-15"
					],
					[
						"4237.98414",
						"2.88953e-15"
					],
					[
						"4243.502069",
						"2.88881e-15"
					],
					[
						"4249.019998",
						"2.86892e-15"
					],
					[
						"4254.537926",
						"2.81656e-15"
					],
					[
						"4260.055855",
						"2.81688e-15"
					],
					[
						"4265.573783",
						"2.65198e-15"
					],
					[
						"4271.091712",
						"2.63669e-15"
					],
					[
						"4276.609641",
						"2.51711e-15"
					],
					[
						"4282.127569",
						"2.50051e-15"
					],
					[
						"4287.645498",
						"2.44224e-15"
					],
					[
						"4293.163426",
						"2.3578e-15"
					],
					[
						"4298.681355",
						"2.39106e-15"
					],
					[
						"4304.199284",
						"2.28471e-15"
					],
					[
						"4309.717212",
						"2.18163e-15"
					],
					[
						"4315.235141",
						"2.18372e-15"
					],
					[
						"4320.753069",
						"2.14945e-15"
					],
					[
						"4326.270998",
						"2.11966e-15"
					],
					[
						"4331.788927",
						"2.08254e-15"
					],
					[
						"4337.306855",
						"2.03197e-15"
					],
					[
						"4342.824784",
						"1.99888e-15"
					],
					[
						"4348.342712",
						"1.98377e-15"
					],
					[
						"4353.860641",
						"1.91576e-15"
					],
					[
						"4359.37857",
						"1.87014e-15"
					],
					[
						"4364.896498",
						"1.83822e-15"
					],
					[
						"4370.414427",
						"1.73996e-15"
					],
					[
						"4375.932355",
						"1.79009e-15"
					],
					[
						"4381.450284",
						"1.76002e-15"
					],
					[
						"4386.968213",
						"1.72653e-15"
					],
					[
						"4392.486141",
						"1.77867e-15"
					],
					[
						"4398.00407",
						"1.7965e-15"
					],
					[
						"4403.521998",
						"1.82629e-15"
					],
					[
						"4409.039927",
						"1.8612e-15"
					],
					[
						"4414.557856",
						"1.94855e-15"
					],
					[
						"4420.075784",
						"1.97431e-15"
					],
					[
						"4425.593713",
						"2.04154e-15"
					],
					[
						"4431.111641",
						"2.02964e-15"
					],
					[
						"4436.62957",
						"2.04445e-15"
					],
					[
						"4442.147499",
						"2.05812e-15"
					],
					[
						"4447.665427",
						"2.05985e-15"
					],
					[
						"4453.183356",
						"2.14982e-15"
					],
					[
						"4458.701284",
						"2.12222e-15"
					],
					[
						"4464.219213",
						"2.119e-15"
					],
					[
						"4469.737142",
						"2.12806e-15"
					],
					[
						"4475.25507",
						"2.06953e-15"
					],
					[
						"4480.772999",
						"1.99803e-15"
					],
					[
						"4486.290927",
						"1.99813e-15"
					],
					[
						"4491.808856",
						"1.99505e-15"
					],
					[
						"4497.326785",
						"1.98399e-15"
					],
					[
						"4502.844713",
						"1.96793e-15"
					],
					[
						"4508.362642",
						"1.9806e-15"
					],
					[
						"4513.88057",
						"1.95806e-15"
					],
					[
						"4519.398499",
						"2.04679e-15"
					],
					[
						"4524.916428",
						"2.09373e-15"
					],
					[
						"4530.434356",
						"2.14899e-15"
					],
					[
						"4535.952285",
						"2.23064e-15"
					],
					[
						"4541.470213",
						"2.23283e-15"
					],
					[
						"4546.988142",
						"2.3423e-15"
					],
					[
						"4552.506071",
						"2.38508e-15"
					],
					[
						"4558.023999",
						"2.39271e-15"
					],
					[
						"4563.541928",
						"2.45058e-15"
					],
					[
						"4569.059856",
						"2.54449e-15"
					],
					[
						"4574.577785",
						"2.55818e-15"
					],
					[
						"4580.095714",
						"2.53178e-15"
					],
					[
						"4591.131571",
						"2.53958e-15"
					],
					[
						"4596.649499",
						"2.59019e-15"
					],
					[
						"4602.167428",
						"2.54529e-15"
					],
					[
						"4607.685357",
						"2.57139e-15"
					],
					[
						"4613.203285",
						"2.57278e-15"
					],
					[
						"4618.721214",
						"2.46755e-15"
					],
					[
						"4624.239142",
						"2.4779e-15"
					],
					[
						"4629.757071",
						"2.46702e-15"
					],
					[
						"4635.275",
						"2.47783e-15"
					],
					[
						"4640.792928",
						"2.41484e-15"
					],
					[
						"4646.310857",
						"2.51075e-15"
					],
					[
						"4651.828785",
						"2.51389e-15"
					],
					[
						"4657.346714",
						"2.46909e-15"
					],
					[
						"4662.864643",
						"2.51598e-15"
					],
					[
						"4668.382571",
						"2.49233e-15"
					],
					[
						"4673.9005",
						"2.48189e-15"
					],
					[
						"4679.418428",
						"2.50082e-15"
					],
					[
						"4684.936357",
						"2.46751e-15"
					],
					[
						"4690.454286",
						"2.493e-15"
					],
					[
						"4695.972214",
						"2.45342e-15"
					],
					[
						"4701.490143",
						"2.42921e-15"
					],
					[
						"4707.008071",
						"2.31004e-15"
					],
					[
						"4712.526",
						"2.23891e-15"
					],
					[
						"4718.043929",
						"2.17855e-15"
					],
					[
						"4723.561857",
						"2.08931e-15"
					],
					[
						"4729.079786",
						"2.04981e-15"
					],
					[
						"4734.597714",
						"2.05367e-15"
					],
					[
						"4740.115643",
						"1.99406e-15"
					],
					[
						"4745.633572",
						"1.94274e-15"
					],
					[
						"4751.1515",
						"1.97964e-15"
					],
					[
						"4756.669429",
						"1.9407e-15"
					],
					[
						"4762.187357",
						"1.99083e-15"
					],
					[
						"4767.705286",
						"1.98278e-15"
					],
					[
						"4773.223215",
						"1.93872e-15"
					],
					[
						"4778.741143",
						"1.96397e-15"
					],
					[
						"4784.259072",
						"1.95441e-15"
					],
					[
						"4789.777",
						"1.98815e-15"
					],
					[
						"4795.294929",
						"1.90525e-15"
					],
					[
						"4800.812858",
						"1.89148e-15"
					],
					[
						"4806.330786",
						"1.85583e-15"
					],
					[
						"4811.848715",
						"1.85068e-15"
					],
					[
						"4817.366643",
						"1.75583e-15"
					],
					[
						"4822.884572",
						"1.70674e-15"
					],
					[
						"4828.402501",
						"1.65065e-15"
					],
					[
						"4833.920429",
						"1.66144e-15"
					],
					[
						"4839.438358",
						"1.7065e-15"
					],
					[
						"4844.956286",
						"1.76154e-15"
					],
					[
						"4850.474215",
						"1.72444e-15"
					],
					[
						"4855.992144",
						"1.7644e-15"
					],
					[
						"4861.510072",
						"1.81491e-15"
					],
					[
						"4867.028001",
						"1.84585e-15"
					],
					[
						"4872.545929",
						"1.85069e-15"
					],
					[
						"4878.063858",
						"1.80128e-15"
					],
					[
						"4883.581787",
						"1.7473e-15"
					],
					[
						"4889.099715",
						"1.70523e-15"
					],
					[
						"4894.617644",
						"1.64762e-15"
					],
					[
						"4900.135572",
						"1.59294e-15"
					],
					[
						"4905.653501",
						"1.53311e-15"
					],
					[
						"4911.17143",
						"1.45901e-15"
					],
					[
						"4916.689358",
						"1.39121e-15"
					],
					[
						"4922.207287",
						"1.32147e-15"
					],
					[
						"4927.725215",
						"1.27172e-15"
					],
					[
						"4933.243144",
						"1.24084e-15"
					],
					[
						"4938.761073",
						"1.227e-15"
					],
					[
						"4944.279001",
						"1.22101e-15"
					],
					[
						"4949.79693",
						"1.21965e-15"
					],
					[
						"4955.314858",
						"1.222e-15"
					],
					[
						"4960.832787",
						"1.24498e-15"
					],
					[
						"4966.350716",
						"1.28446e-15"
					],
					[
						"4971.868644",
						"1.31468e-15"
					],
					[
						"4977.386573",
						"1.33907e-15"
					],
					[
						"4982.904501",
						"1.39596e-15"
					],
					[
						"4988.42243",
						"1.37547e-15"
					],
					[
						"4993.940359",
						"1.38632e-15"
					],
					[
						"4999.458287",
						"1.41365e-15"
					],
					[
						"5004.976216",
						"1.42424e-15"
					],
					[
						"5010.494144",
						"1.45011e-15"
					],
					[
						"5016.012073",
						"1.45714e-15"
					],
					[
						"5021.530002",
						"1.45716e-15"
					],
					[
						"5027.04793",
						"1.38975e-15"
					],
					[
						"5032.565859",
						"1.37846e-15"
					],
					[
						"5038.083787",
						"1.35014e-15"
					],
					[
						"5043.601716",
						"1.3443e-15"
					],
					[
						"5049.119645",
						"1.35653e-15"
					],
					[
						"5054.637573",
						"1.34112e-15"
					],
					[
						"5060.155502",
						"1.35818e-15"
					],
					[
						"5065.67343",
						"1.33472e-15"
					],
					[
						"5071.191359",
						"1.40838e-15"
					],
					[
						"5076.709288",
						"1.40542e-15"
					],
					[
						"5082.227216",
						"1.39296e-15"
					],
					[
						"5087.745145",
						"1.41187e-15"
					],
					[
						"5093.263073",
						"1.41563e-15"
					],
					[
						"5098.781002",
						"1.42125e-15"
					],
					[
						"5104.298931",
						"1.45316e-15"
					],
					[
						"5109.816859",
						"1.43931e-15"
					],
					[
						"5115.334788",
						"1.49612e-15"
					],
					[
						"5120.852716",
						"1.50071e-15"
					],
					[
						"5126.370645",
						"1.52598e-15"
					],
					[
						"5131.888574",
						"1.57805e-15"
					],
					[
						"5137.406502",
						"1.58362e-15"
					],
					[
						"5142.924431",
						"1.62617e-15"
					],
					[
						"5148.442359",
						"1.64322e-15"
					],
					[
						"5153.960288",
						"1.6937e-15"
					],
					[
						"5159.478217",
						"1.68508e-15"
					],
					[
						"5164.996145",
						"1.65183e-15"
					],
					[
						"5170.514074",
						"1.7244e-15"
					],
					[
						"5176.032002",
						"1.77677e-15"
					],
					[
						"5181.549931",
						"1.76792e-15"
					],
					[
						"5187.06786",
						"1.79377e-15"
					],
					[
						"5192.585788",
						"1.75818e-15"
					],
					[
						"5198.103717",
						"1.72791e-15"
					],
					[
						"5203.621645",
						"1.73734e-15"
					],
					[
						"5209.139574",
						"1.73458e-15"
					],
					[
						"5214.657503",
						"1.73541e-15"
					],
					[
						"5220.175431",
						"1.72675e-15"
					],
					[
						"5225.69336",
						"1.69395e-15"
					],
					[
						"5231.211288",
						"1.68015e-15"
					],
					[
						"5236.729217",
						"1.7131e-15"
					],
					[
						"5242.247146",
						"1.70352e-15"
					],
					[
						"5247.765074",
						"1.71303e-15"
					],
					[
						"5253.283003",
						"1.76178e-15"
					],
					[
						"5258.800931",
						"1.7407e-15"
					],
					[
						"5264.31886",
						"1.74286e-15"
					],
					[
						"5269.836789",
						"1.76825e-15"
					],
					[
						"5275.354717",
						"1.71765e-15"
					],
					[
						"5280.872646",
						"1.77877e-15"
					],
					[
						"5286.390574",
						"1.78612e-15"
					],
					[
						"5291.908503",
						"1.73288e-15"
					],
					[
						"5297.426432",
						"1.69293e-15"
					],
					[
						"5302.94436",
						"1.66274e-15"
					],
					[
						"5308.462289",
						"1.59779e-15"
					],
					[
						"5313.980217",
						"1.48434e-15"
					],
					[
						"5319.498146",
						"1.46826e-15"
					],
					[
						"5325.016075",
						"1.37028e-15"
					],
					[
						"5330.534003",
						"1.33595e-15"
					],
					[
						"5336.051932",
						"1.29594e-15"
					],
					[
						"5341.56986",
						"1.28653e-15"
					],
					[
						"5347.087789",
						"1.2469e-15"
					],
					[
						"5352.605718",
						"1.2134e-15"
					],
					[
						"5358.123646",
						"1.1511e-15"
					],
					[
						"5363.641575",
						"1.21637e-15"
					],
					[
						"5369.159503",
						"1.18962e-15"
					],
					[
						"5374.677432",
						"1.17662e-15"
					],
					[
						"5380.195361",
						"1.1629e-15"
					],
					[
						"5385.713289",
						"1.15591e-15"
					],
					[
						"5391.231218",
						"1.16609e-15"
					],
					[
						"5396.749146",
						"1.19127e-15"
					],
					[
						"5402.267075",
						"1.20824e-15"
					],
					[
						"5407.785004",
						"1.25456e-15"
					],
					[
						"5413.302932",
						"1.2292e-15"
					],
					[
						"5418.820861",
						"1.24918e-15"
					],
					[
						"5424.338789",
						"1.25151e-15"
					],
					[
						"5429.856718",
						"1.30423e-15"
					],
					[
						"5435.374647",
						"1.3264e-15"
					],
					[
						"5440.892575",
						"1.29618e-15"
					],
					[
						"5446.410504",
						"1.29915e-15"
					],
					[
						"5451.928432",
						"1.33728e-15"
					],
					[
						"5457.446361",
						"1.31906e-15"
					],
					[
						"5462.96429",
						"1.33676e-15"
					],
					[
						"5468.482218",
						"1.32242e-15"
					],
					[
						"5474.000147",
						"1.30692e-15"
					],
					[
						"5479.518075",
						"1.29752e-15"
					],
					[
						"5485.036004",
						"1.27242e-15"
					],
					[
						"5490.553933",
						"1.26265e-15"
					],
					[
						"5496.071861",
						"1.24298e-15"
					],
					[
						"5501.58979",
						"1.22862e-15"
					],
					[
						"5507.107718",
						"1.13967e-15"
					],
					[
						"5512.625647",
						"1.15686e-15"
					],
					[
						"5518.143576",
						"1.12946e-15"
					],
					[
						"5523.661504",
						"1.07379e-15"
					],
					[
						"5529.179433",
						"1.04129e-15"
					],
					[
						"5534.697361",
						"1.04303e-15"
					],
					[
						"5540.21529",
						"1.04525e-15"
					],
					[
						"5545.733219",
						"1.04212e-15"
					],
					[
						"5551.251147",
						"1.07231e-15"
					],
					[
						"5556.769076",
						"1.06035e-15"
					],
					[
						"5562.287004",
						"1.11612e-15"
					],
					[
						"5567.804933",
						"1.139e-15"
					],
					[
						"5573.322862",
						"1.15667e-15"
					],
					[
						"5578.84079",
						"1.22348e-15"
					],
					[
						"5584.358719",
						"1.21665e-15"
					],
					[
						"5589.876647",
						"1.24164e-15"
					],
					[
						"5595.394576",
						"1.28586e-15"
					],
					[
						"5600.912505",
						"1.38044e-15"
					],
					[
						"5606.430433",
						"1.36432e-15"
					],
					[
						"5611.948362",
						"1.3772e-15"
					],
					[
						"5617.46629",
						"1.44038e-15"
					],
					[
						"5622.984219",
						"1.40812e-15"
					],
					[
						"5628.502148",
						"1.43359e-15"
					],
					[
						"5634.020076",
						"1.4296e-15"
					],
					[
						"5639.538005",
						"1.39362e-15"
					],
					[
						"5645.055933",
						"1.39895e-15"
					],
					[
						"5650.573862",
						"1.37747e-15"
					],
					[
						"5656.091791",
						"1.39273e-15"
					],
					[
						"5661.609719",
						"1.39588e-15"
					],
					[
						"5667.127648",
						"1.41221e-15"
					],
					[
						"5672.645576",
						"1.40413e-15"
					],
					[
						"5678.163505",
						"1.45346e-15"
					],
					[
						"5683.681434",
						"1.46644e-15"
					],
					[
						"5689.199362",
						"1.4466e-15"
					],
					[
						"5694.717291",
						"1.39814e-15"
					],
					[
						"5700.235219",
						"1.49259e-15"
					],
					[
						"5705.753148",
						"1.46917e-15"
					],
					[
						"5711.271077",
						"1.44919e-15"
					],
					[
						"5716.789005",
						"1.40882e-15"
					],
					[
						"5722.306934",
						"1.43752e-15"
					],
					[
						"5727.824862",
						"1.45815e-15"
					],
					[
						"5733.342791",
						"1.43292e-15"
					],
					[
						"5738.86072",
						"1.40599e-15"
					],
					[
						"5744.378648",
						"1.44415e-15"
					],
					[
						"5749.896577",
						"1.40948e-15"
					],
					[
						"5755.414505",
						"1.40454e-15"
					],
					[
						"5760.932434",
						"1.42206e-15"
					],
					[
						"5766.450363",
						"1.43663e-15"
					],
					[
						"5771.968291",
						"1.43097e-15"
					],
					[
						"5777.48622",
						"1.40397e-15"
					],
					[
						"5783.004148",
						"1.41915e-15"
					],
					[
						"5788.522077",
						"1.40581e-15"
					],
					[
						"5794.040006",
						"1.40184e-15"
					],
					[
						"5799.557934",
						"1.33235e-15"
					],
					[
						"5805.075863",
						"1.33652e-15"
					],
					[
						"5810.593791",
						"1.31749e-15"
					],
					[
						"5816.11172",
						"1.27556e-15"
					],
					[
						"5821.629649",
						"1.26164e-15"
					],
					[
						"5827.147577",
						"1.2563e-15"
					],
					[
						"5832.665506",
						"1.24142e-15"
					],
					[
						"5838.183434",
						"1.23609e-15"
					],
					[
						"5843.701363",
						"1.17231e-15"
					],
					[
						"5849.219292",
						"1.18026e-15"
					],
					[
						"5854.73722",
						"1.1705e-15"
					],
					[
						"5860.255149",
						"1.15433e-15"
					],
					[
						"5865.773077",
						"1.13447e-15"
					],
					[
						"5871.291006",
						"1.14656e-15"
					],
					[
						"5876.808935",
						"1.14816e-15"
					],
					[
						"5882.326863",
						"1.1469e-15"
					],
					[
						"5887.844792",
						"1.16752e-15"
					],
					[
						"5893.36272",
						"1.15455e-15"
					],
					[
						"5898.880649",
						"1.16928e-15"
					],
					[
						"5904.398578",
						"1.17452e-15"
					],
					[
						"5909.916506",
						"1.1759e-15"
					],
					[
						"5915.434435",
						"1.18885e-15"
					],
					[
						"5920.952363",
						"1.2067e-15"
					],
					[
						"5926.470292",
						"1.23366e-15"
					],
					[
						"5931.988221",
						"1.25489e-15"
					],
					[
						"5937.506149",
						"1.23504e-15"
					],
					[
						"5943.024078",
						"1.23444e-15"
					],
					[
						"5948.542006",
						"1.26341e-15"
					],
					[
						"5954.059935",
						"1.25288e-15"
					],
					[
						"5959.577864",
						"1.25715e-15"
					],
					[
						"5965.095792",
						"1.25964e-15"
					],
					[
						"5970.613721",
						"1.26381e-15"
					],
					[
						"5976.131649",
						"1.33488e-15"
					],
					[
						"5981.649578",
						"1.31307e-15"
					],
					[
						"5987.167507",
						"1.25442e-15"
					],
					[
						"5992.685435",
						"1.29026e-15"
					],
					[
						"5998.203364",
						"1.3129e-15"
					],
					[
						"6003.721293",
						"1.2765e-15"
					],
					[
						"6009.239221",
						"1.17299e-15"
					],
					[
						"6014.75715",
						"1.18285e-15"
					],
					[
						"6020.275078",
						"1.23433e-15"
					],
					[
						"6025.793007",
						"1.27921e-15"
					],
					[
						"6031.310935",
						"1.31249e-15"
					],
					[
						"6036.828864",
						"1.31683e-15"
					],
					[
						"6042.346793",
						"1.31622e-15"
					],
					[
						"6047.864721",
						"1.34704e-15"
					],
					[
						"6053.38265",
						"1.33121e-15"
					],
					[
						"6058.900578",
						"1.32946e-15"
					],
					[
						"6064.418507",
						"1.32368e-15"
					],
					[
						"6069.936436",
						"1.29632e-15"
					],
					[
						"6075.454364",
						"1.31741e-15"
					],
					[
						"6080.972293",
						"1.32098e-15"
					],
					[
						"6086.490222",
						"1.25007e-15"
					],
					[
						"6092.00815",
						"1.28377e-15"
					],
					[
						"6097.526079",
						"1.28096e-15"
					],
					[
						"6103.044007",
						"1.24577e-15"
					],
					[
						"6108.561936",
						"1.2506e-15"
					],
					[
						"6114.079865",
						"1.2446e-15"
					],
					[
						"6119.597793",
						"1.20924e-15"
					],
					[
						"6125.115722",
						"1.20208e-15"
					],
					[
						"6130.63365",
						"1.19875e-15"
					],
					[
						"6136.151579",
						"1.17173e-15"
					],
					[
						"6141.669507",
						"1.14485e-15"
					],
					[
						"6147.187436",
						"1.10945e-15"
					],
					[
						"6152.705365",
						"1.02608e-15"
					],
					[
						"6158.223293",
						"9.79526e-16"
					],
					[
						"6163.741222",
						"9.20152e-16"
					],
					[
						"6169.259151",
						"8.52537e-16"
					],
					[
						"6174.777079",
						"7.9965e-16"
					],
					[
						"6180.295008",
						"7.27821e-16"
					],
					[
						"6185.812936",
						"6.89475e-16"
					],
					[
						"6191.330865",
						"6.25082e-16"
					],
					[
						"6196.848794",
						"6.03582e-16"
					],
					[
						"6202.366722",
						"5.29378e-16"
					],
					[
						"6207.884651",
						"5.1795e-16"
					],
					[
						"6213.402579",
						"4.74361e-16"
					],
					[
						"6218.920508",
						"4.71842e-16"
					],
					[
						"6224.438437",
						"4.9373e-16"
					],
					[
						"6229.956365",
						"4.66523e-16"
					],
					[
						"6235.474294",
						"4.78569e-16"
					],
					[
						"6240.992222",
						"5.00761e-16"
					],
					[
						"6246.510151",
						"4.8123e-16"
					],
					[
						"6252.02808",
						"4.86885e-16"
					],
					[
						"6257.546008",
						"5.08168e-16"
					],
					[
						"6263.063937",
						"5.30047e-16"
					],
					[
						"6268.581865",
						"5.67476e-16"
					],
					[
						"6274.099794",
						"6.13419e-16"
					],
					[
						"6279.617723",
						"6.26993e-16"
					],
					[
						"6285.135651",
						"6.27977e-16"
					],
					[
						"6290.65358",
						"6.53904e-16"
					],
					[
						"6296.171508",
						"7.10618e-16"
					],
					[
						"6301.689437",
						"7.74658e-16"
					],
					[
						"6307.207366",
						"8.22593e-16"
					],
					[
						"6312.725294",
						"8.31178e-16"
					],
					[
						"6318.243223",
						"8.85835e-16"
					],
					[
						"6323.761151",
						"9.1836e-16"
					],
					[
						"6329.27908",
						"9.37214e-16"
					],
					[
						"6334.797009",
						"9.49009e-16"
					],
					[
						"6340.314937",
						"9.8968e-16"
					],
					[
						"6345.832866",
						"1.03637e-15"
					],
					[
						"6351.350794",
						"1.05653e-15"
					],
					[
						"6356.868723",
						"1.07229e-15"
					],
					[
						"6362.386652",
						"1.107e-15"
					],
					[
						"6367.90458",
						"1.11427e-15"
					],
					[
						"6373.422509",
						"1.11506e-15"
					],
					[
						"6378.940437",
						"1.15789e-15"
					],
					[
						"6384.458366",
						"1.1688e-15"
					],
					[
						"6389.976295",
						"1.18984e-15"
					],
					[
						"6395.494223",
						"1.21835e-15"
					],
					[
						"6401.012152",
						"1.22923e-15"
					],
					[
						"6406.53008",
						"1.22302e-15"
					],
					[
						"6412.048009",
						"1.21867e-15"
					],
					[
						"6417.565938",
						"1.23205e-15"
					],
					[
						"6423.083866",
						"1.21636e-15"
					],
					[
						"6428.601795",
						"1.19173e-15"
					],
					[
						"6434.119723",
						"1.19715e-15"
					],
					[
						"6439.637652",
						"1.20038e-15"
					],
					[
						"6445.155581",
						"1.19622e-15"
					],
					[
						"6450.673509",
						"1.18775e-15"
					],
					[
						"6456.191438",
						"1.17855e-15"
					],
					[
						"6461.709366",
						"1.16737e-15"
					],
					[
						"6467.227295",
						"1.14747e-15"
					],
					[
						"6472.745224",
						"1.13135e-15"
					],
					[
						"6478.263152",
						"1.17188e-15"
					],
					[
						"6483.781081",
						"1.17146e-15"
					],
					[
						"6489.299009",
						"1.12962e-15"
					],
					[
						"6494.816938",
						"1.15287e-15"
					],
					[
						"6500.334867",
						"1.18089e-15"
					],
					[
						"6505.852795",
						"1.16227e-15"
					],
					[
						"6511.370724",
						"1.13991e-15"
					],
					[
						"6516.888652",
						"1.11709e-15"
					],
					[
						"6522.406581",
						"1.11662e-15"
					],
					[
						"6527.92451",
						"1.13762e-15"
					],
					[
						"6533.442438",
						"1.10209e-15"
					],
					[
						"6538.960367",
						"1.10797e-15"
					],
					[
						"6544.478295",
						"1.10888e-15"
					],
					[
						"6549.996224",
						"1.09767e-15"
					],
					[
						"6555.514153",
						"1.09664e-15"
					],
					[
						"6561.032081",
						"1.0531e-15"
					],
					[
						"6566.55001",
						"1.09586e-15"
					],
					[
						"6572.067938",
						"1.05929e-15"
					],
					[
						"6577.585867",
						"1.03219e-15"
					],
					[
						"6583.103796",
						"1.10259e-15"
					],
					[
						"6588.621724",
						"1.05433e-15"
					],
					[
						"6594.139653",
						"1.02486e-15"
					],
					[
						"6599.657581",
						"1.05632e-15"
					],
					[
						"6605.17551",
						"1.02447e-15"
					],
					[
						"6610.693439",
						"1.04594e-15"
					],
					[
						"6616.211367",
						"1.02846e-15"
					],
					[
						"6621.729296",
						"1.01303e-15"
					],
					[
						"6627.247224",
						"1.00182e-15"
					],
					[
						"6632.765153",
						"9.88382e-16"
					],
					[
						"6638.283082",
						"1.0078e-15"
					],
					[
						"6643.80101",
						"9.68023e-16"
					],
					[
						"6649.318939",
						"9.68286e-16"
					],
					[
						"6654.836867",
						"9.84551e-16"
					],
					[
						"6660.354796",
						"9.53735e-16"
					],
					[
						"6665.872725",
						"9.65636e-16"
					],
					[
						"6671.390653",
						"9.57727e-16"
					],
					[
						"6676.908582",
						"9.54162e-16"
					],
					[
						"6682.42651",
						"9.39532e-16"
					],
					[
						"6687.944439",
						"9.47642e-16"
					],
					[
						"6693.462368",
						"9.35903e-16"
					],
					[
						"6698.980296",
						"9.19403e-16"
					],
					[
						"6704.498225",
						"9.24649e-16"
					],
					[
						"6710.016153",
						"9.12587e-16"
					],
					[
						"6715.534082",
						"9.47108e-16"
					],
					[
						"6721.052011",
						"9.29897e-16"
					],
					[
						"6726.569939",
						"9.18074e-16"
					],
					[
						"6732.087868",
						"8.81891e-16"
					],
					[
						"6737.605796",
						"9.05105e-16"
					],
					[
						"6743.123725",
						"9.13921e-16"
					],
					[
						"6748.641654",
						"8.83452e-16"
					],
					[
						"6754.159582",
						"8.75457e-16"
					],
					[
						"6759.677511",
						"8.81264e-16"
					],
					[
						"6765.195439",
						"8.93996e-16"
					],
					[
						"6770.713368",
						"8.94858e-16"
					],
					[
						"6776.231297",
						"8.85921e-16"
					],
					[
						"6781.749225",
						"8.87601e-16"
					],
					[
						"6787.267154",
						"8.63377e-16"
					],
					[
						"6792.785082",
						"8.93598e-16"
					],
					[
						"6798.303011",
						"8.79477e-16"
					],
					[
						"6803.82094",
						"8.43804e-16"
					],
					[
						"6809.338868",
						"8.73562e-16"
					],
					[
						"6814.856797",
						"8.26012e-16"
					],
					[
						"6820.374725",
						"8.44802e-16"
					],
					[
						"6825.892654",
						"8.401e-16"
					],
					[
						"6831.410583",
						"8.48426e-16"
					],
					[
						"6836.928511",
						"8.43738e-16"
					],
					[
						"6842.44644",
						"8.17825e-16"
					],
					[
						"6847.964368",
						"8.30714e-16"
					],
					[
						"6853.482297",
						"8.31709e-16"
					],
					[
						"6859.000226",
						"7.9414e-16"
					],
					[
						"6864.518154",
						"7.32791e-16"
					],
					[
						"6870.036083",
						"6.91764e-16"
					],
					[
						"6875.554011",
						"6.65773e-16"
					],
					[
						"6881.07194",
						"6.81235e-16"
					],
					[
						"6886.589869",
						"7.25092e-16"
					],
					[
						"6892.107797",
						"6.86779e-16"
					],
					[
						"6897.625726",
						"6.92804e-16"
					],
					[
						"6903.143654",
						"7.04373e-16"
					],
					[
						"6908.661583",
						"7.22723e-16"
					],
					[
						"6914.179512",
						"7.2667e-16"
					],
					[
						"6919.69744",
						"7.61226e-16"
					],
					[
						"6925.215369",
						"7.28949e-16"
					],
					[
						"6930.733297",
						"7.44119e-16"
					],
					[
						"6936.251226",
						"7.58794e-16"
					],
					[
						"6941.769155",
						"7.70139e-16"
					],
					[
						"6947.287083",
						"7.46333e-16"
					],
					[
						"6952.805012",
						"7.45313e-16"
					],
					[
						"6958.32294",
						"7.56397e-16"
					],
					[
						"6963.840869",
						"7.40103e-16"
					],
					[
						"6969.358798",
						"7.51163e-16"
					],
					[
						"6974.876726",
						"7.65344e-16"
					],
					[
						"6980.394655",
						"7.24934e-16"
					],
					[
						"6985.912583",
						"7.32912e-16"
					],
					[
						"6991.430512",
						"7.51139e-16"
					],
					[
						"6996.948441",
						"7.19219e-16"
					],
					[
						"7002.466369",
						"7.16517e-16"
					],
					[
						"7007.984298",
						"7.23425e-16"
					],
					[
						"7013.502226",
						"7.3925e-16"
					],
					[
						"7019.020155",
						"7.38981e-16"
					],
					[
						"7024.538084",
						"7.18159e-16"
					],
					[
						"7030.056012",
						"7.30091e-16"
					],
					[
						"7035.573941",
						"7.42363e-16"
					],
					[
						"7041.091869",
						"7.11963e-16"
					],
					[
						"7046.609798",
						"7.24344e-16"
					],
					[
						"7052.127727",
						"7.28535e-16"
					],
					[
						"7057.645655",
						"7.36047e-16"
					],
					[
						"7063.163584",
						"7.15163e-16"
					],
					[
						"7068.681512",
						"6.9323e-16"
					],
					[
						"7074.199441",
						"7.08541e-16"
					],
					[
						"7079.71737",
						"7.00156e-16"
					],
					[
						"7085.235298",
						"7.02426e-16"
					],
					[
						"7090.753227",
						"6.77352e-16"
					],
					[
						"7096.271155",
						"6.79324e-16"
					],
					[
						"7101.789084",
						"6.81042e-16"
					],
					[
						"7107.307013",
						"6.72513e-16"
					],
					[
						"7112.824941",
						"6.53119e-16"
					],
					[
						"7118.34287",
						"6.88135e-16"
					],
					[
						"7123.860798",
						"6.89623e-16"
					],
					[
						"7129.378727",
						"6.84388e-16"
					],
					[
						"7134.896656",
						"7.09643e-16"
					],
					[
						"7140.414584",
						"6.91006e-16"
					],
					[
						"7145.932513",
						"6.9229e-16"
					],
					[
						"7151.450441",
						"7.05654e-16"
					],
					[
						"7156.96837",
						"6.76257e-16"
					],
					[
						"7162.486299",
						"6.68349e-16"
					],
					[
						"7168.004227",
						"6.82138e-16"
					],
					[
						"7173.522156",
						"6.75962e-16"
					],
					[
						"7179.040084",
						"6.61935e-16"
					],
					[
						"7184.558013",
						"6.68073e-16"
					],
					[
						"7190.075942",
						"6.58875e-16"
					],
					[
						"7195.59387",
						"6.49382e-16"
					],
					[
						"7201.111799",
						"6.61514e-16"
					],
					[
						"7206.629727",
						"6.47755e-16"
					],
					[
						"7212.147656",
						"6.43313e-16"
					],
					[
						"7217.665585",
						"6.57882e-16"
					],
					[
						"7223.183513",
						"6.80386e-16"
					],
					[
						"7228.701442",
						"6.62265e-16"
					],
					[
						"7234.21937",
						"6.45028e-16"
					],
					[
						"7239.737299",
						"6.32766e-16"
					],
					[
						"7245.255228",
						"6.61071e-16"
					],
					[
						"7250.773156",
						"6.68245e-16"
					],
					[
						"7256.291085",
						"6.63973e-16"
					],
					[
						"7261.809013",
						"6.26953e-16"
					],
					[
						"7267.326942",
						"6.41827e-16"
					],
					[
						"7272.844871",
						"6.72152e-16"
					],
					[
						"7278.362799",
						"6.64134e-16"
					],
					[
						"7283.880728",
						"6.54676e-16"
					],
					[
						"7289.398656",
						"6.69019e-16"
					],
					[
						"7294.916585",
						"6.36411e-16"
					],
					[
						"7300.434514",
						"6.57431e-16"
					],
					[
						"7305.952442",
						"6.98467e-16"
					],
					[
						"7311.470371",
						"6.61131e-16"
					],
					[
						"7316.988299",
						"6.54248e-16"
					],
					[
						"7322.506228",
						"6.62826e-16"
					],
					[
						"7328.024157",
						"6.54901e-16"
					],
					[
						"7333.542085",
						"6.68342e-16"
					],
					[
						"7339.060014",
						"6.75259e-16"
					],
					[
						"7344.577942",
						"6.50035e-16"
					],
					[
						"7350.095871",
						"6.19477e-16"
					],
					[
						"7355.6138",
						"6.03042e-16"
					],
					[
						"7361.131728",
						"6.12783e-16"
					],
					[
						"7366.649657",
						"6.47754e-16"
					],
					[
						"7372.167585",
						"6.29171e-16"
					],
					[
						"7377.685514",
						"6.11727e-16"
					],
					[
						"7383.203443",
						"5.98422e-16"
					],
					[
						"7388.721371",
						"5.98821e-16"
					],
					[
						"7394.2393",
						"6.24189e-16"
					],
					[
						"7399.757228",
						"6.35117e-16"
					],
					[
						"7405.275157",
						"6.10972e-16"
					],
					[
						"7410.793086",
						"5.93491e-16"
					],
					[
						"7416.311014",
						"6.01837e-16"
					],
					[
						"7421.828943",
						"5.87054e-16"
					],
					[
						"7427.346871",
						"6.19618e-16"
					],
					[
						"7432.8648",
						"6.06846e-16"
					],
					[
						"7438.382729",
						"5.6156e-16"
					],
					[
						"7443.900657",
						"5.81644e-16"
					],
					[
						"7449.418586",
						"6.00629e-16"
					],
					[
						"7454.936514",
						"5.96955e-16"
					],
					[
						"7460.454443",
						"5.87015e-16"
					],
					[
						"7465.972372",
						"5.82962e-16"
					],
					[
						"7471.4903",
						"5.8081e-16"
					],
					[
						"7477.008229",
						"5.58207e-16"
					],
					[
						"7482.526157",
						"5.64791e-16"
					],
					[
						"7488.044086",
						"6.08156e-16"
					],
					[
						"7493.562015",
						"5.94791e-16"
					],
					[
						"7499.079943",
						"5.69586e-16"
					],
					[
						"7504.597872",
						"5.62506e-16"
					],
					[
						"7510.1158",
						"5.27657e-16"
					],
					[
						"7515.633729",
						"5.65335e-16"
					],
					[
						"7521.151658",
						"6.03083e-16"
					],
					[
						"7526.669586",
						"5.7864e-16"
					],
					[
						"7532.187515",
						"6.00115e-16"
					],
					[
						"7537.705443",
						"5.72134e-16"
					],
					[
						"7543.223372",
						"5.47733e-16"
					],
					[
						"7548.741301",
						"5.31774e-16"
					],
					[
						"7554.259229",
						"5.53486e-16"
					],
					[
						"7559.777158",
						"5.94434e-16"
					],
					[
						"7565.295086",
						"5.23834e-16"
					],
					[
						"7570.813015",
						"5.0864e-16"
					],
					[
						"7576.330944",
						"5.10354e-16"
					],
					[
						"7581.848872",
						"5.03625e-16"
					],
					[
						"7587.366801",
						"4.81288e-16"
					],
					[
						"7592.884729",
						"4.4239e-16"
					],
					[
						"7598.402658",
						"3.72355e-16"
					],
					[
						"7603.920587",
						"2.52974e-16"
					],
					[
						"7609.438515",
						"1.71845e-16"
					],
					[
						"7614.956444",
						"1.90171e-16"
					],
					[
						"7620.474372",
						"2.68428e-16"
					],
					[
						"7625.992301",
						"3.16519e-16"
					],
					[
						"7631.51023",
						"2.9367e-16"
					],
					[
						"7637.028158",
						"2.55063e-16"
					],
					[
						"7642.546087",
						"2.69526e-16"
					],
					[
						"7648.064015",
						"3.14507e-16"
					],
					[
						"7653.581944",
						"3.49242e-16"
					],
					[
						"7659.099873",
						"3.96799e-16"
					],
					[
						"7664.617801",
						"4.30811e-16"
					],
					[
						"7670.13573",
						"4.14516e-16"
					],
					[
						"7675.653658",
						"4.37976e-16"
					],
					[
						"7681.171587",
						"4.61904e-16"
					],
					[
						"7686.689516",
						"4.51447e-16"
					],
					[
						"7692.207444",
						"4.70232e-16"
					],
					[
						"7697.725373",
						"4.94402e-16"
					],
					[
						"7703.243301",
						"5.25957e-16"
					],
					[
						"7708.76123",
						"4.65347e-16"
					],
					[
						"7714.279159",
						"4.50787e-16"
					],
					[
						"7719.797087",
						"5.04429e-16"
					],
					[
						"7725.315016",
						"5.19198e-16"
					],
					[
						"7730.832944",
						"5.14623e-16"
					],
					[
						"7736.350873",
						"5.47798e-16"
					],
					[
						"7741.868802",
						"5.54919e-16"
					],
					[
						"7747.38673",
						"5.24846e-16"
					],
					[
						"7752.904659",
						"5.15928e-16"
					],
					[
						"7758.422587",
						"5.5376e-16"
					],
					[
						"7763.940516",
						"5.49914e-16"
					],
					[
						"7769.458445",
						"5.30431e-16"
					],
					[
						"7774.976373",
						"5.68503e-16"
					],
					[
						"7780.494302",
						"5.37548e-16"
					],
					[
						"7786.01223",
						"5.3293e-16"
					],
					[
						"7791.530159",
						"5.68897e-16"
					],
					[
						"7797.048088",
						"5.8346e-16"
					],
					[
						"7802.566016",
						"5.56e-16"
					],
					[
						"7808.083945",
						"5.12732e-16"
					],
					[
						"7813.601873",
						"5.50224e-16"
					],
					[
						"7819.119802",
						"5.50653e-16"
					],
					[
						"7824.637731",
						"5.27119e-16"
					],
					[
						"7830.155659",
						"5.69776e-16"
					],
					[
						"7835.673588",
						"5.7779e-16"
					],
					[
						"7841.191516",
						"5.77654e-16"
					],
					[
						"7846.709445",
						"5.78161e-16"
					],
					[
						"7852.227374",
						"5.03138e-16"
					],
					[
						"7857.745302",
						"5.14979e-16"
					],
					[
						"7863.263231",
						"5.52512e-16"
					],
					[
						"7868.781159",
						"5.82255e-16"
					],
					[
						"7874.299088",
						"5.91408e-16"
					],
					[
						"7879.817017",
						"5.81123e-16"
					],
					[
						"7885.334945",
						"5.49907e-16"
					],
					[
						"7890.852874",
						"5.35609e-16"
					],
					[
						"7896.370802",
						"5.49278e-16"
					],
					[
						"7901.888731",
						"5.83953e-16"
					],
					[
						"7907.40666",
						"5.91752e-16"
					],
					[
						"7912.924588",
						"5.46969e-16"
					],
					[
						"7918.442517",
						"5.27352e-16"
					],
					[
						"7923.960445",
						"5.48769e-16"
					],
					[
						"7929.478374",
						"5.59908e-16"
					],
					[
						"7934.996303",
						"5.49969e-16"
					],
					[
						"7940.514231",
						"5.87577e-16"
					],
					[
						"7946.03216",
						"5.70251e-16"
					],
					[
						"7951.550088",
						"5.55269e-16"
					],
					[
						"7957.068017",
						"5.33115e-16"
					],
					[
						"7962.585946",
						"5.42544e-16"
					],
					[
						"7968.103874",
						"5.88387e-16"
					],
					[
						"7973.621803",
						"5.78956e-16"
					],
					[
						"7979.139731",
						"5.21017e-16"
					],
					[
						"7984.65766",
						"5.31032e-16"
					],
					[
						"7990.175589",
						"5.49594e-16"
					],
					[
						"7995.693517",
						"5.42986e-16"
					],
					[
						"8001.211446",
						"5.16283e-16"
					],
					[
						"8006.729374",
						"5.29974e-16"
					],
					[
						"8012.247303",
						"5.6392e-16"
					],
					[
						"8017.765232",
						"5.40356e-16"
					],
					[
						"8023.28316",
						"4.7744e-16"
					],
					[
						"8028.801089",
						"4.96737e-16"
					],
					[
						"8034.319017",
						"5.08588e-16"
					],
					[
						"8039.836946",
						"4.8607e-16"
					],
					[
						"8045.354875",
						"5.14862e-16"
					],
					[
						"8050.872803",
						"5.31259e-16"
					],
					[
						"8056.390732",
						"5.15189e-16"
					],
					[
						"8061.90866",
						"5.06805e-16"
					],
					[
						"8067.426589",
						"4.64179e-16"
					],
					[
						"8072.944518",
						"5.05105e-16"
					],
					[
						"8078.462446",
						"5.14028e-16"
					],
					[
						"8083.980375",
						"5.17987e-16"
					],
					[
						"8089.498303",
						"4.88254e-16"
					],
					[
						"8095.016232",
						"4.99663e-16"
					],
					[
						"8100.534161",
						"4.61093e-16"
					],
					[
						"8106.052089",
						"4.53076e-16"
					],
					[
						"8111.570018",
						"4.86016e-16"
					],
					[
						"8117.087946",
						"4.99602e-16"
					],
					[
						"8122.605875",
						"4.98514e-16"
					],
					[
						"8128.123804",
						"4.75622e-16"
					],
					[
						"8133.641732",
						"4.66473e-16"
					],
					[
						"8139.159661",
						"4.51813e-16"
					],
					[
						"8144.677589",
						"4.3702e-16"
					],
					[
						"8150.195518",
						"4.73539e-16"
					],
					[
						"8155.713447",
						"4.59982e-16"
					],
					[
						"8161.231375",
						"4.33035e-16"
					],
					[
						"8166.749304",
						"4.23383e-16"
					],
					[
						"8172.267232",
						"4.04276e-16"
					],
					[
						"8177.785161",
						"4.28471e-16"
					],
					[
						"8183.30309",
						"4.31232e-16"
					],
					[
						"8188.821018",
						"4.2882e-16"
					],
					[
						"8194.338947",
						"4.58637e-16"
					],
					[
						"8199.856875",
						"4.37816e-16"
					],
					[
						"8205.374804",
						"4.49389e-16"
					],
					[
						"8210.892733",
						"4.31527e-16"
					],
					[
						"8216.410661",
						"4.2252e-16"
					],
					[
						"8221.92859",
						"4.45314e-16"
					],
					[
						"8227.446518",
						"4.33981e-16"
					],
					[
						"8232.964447",
						"4.32481e-16"
					],
					[
						"8238.482376",
						"4.22246e-16"
					],
					[
						"8244.000304",
						"4.25334e-16"
					],
					[
						"8249.518233",
						"4.51665e-16"
					],
					[
						"8255.036161",
						"4.32476e-16"
					],
					[
						"8260.55409",
						"4.57417e-16"
					],
					[
						"8266.072019",
						"4.63438e-16"
					],
					[
						"8271.589947",
						"4.34498e-16"
					],
					[
						"8277.107876",
						"4.37669e-16"
					],
					[
						"8282.625804",
						"3.79427e-16"
					],
					[
						"8288.143733",
						"3.85785e-16"
					],
					[
						"8293.661662",
						"3.81976e-16"
					],
					[
						"8299.17959",
						"3.79567e-16"
					],
					[
						"8304.697519",
						"3.68284e-16"
					],
					[
						"8310.215447",
						"3.33645e-16"
					],
					[
						"8315.733376",
						"3.12681e-16"
					],
					[
						"8321.251305",
						"3.19875e-16"
					],
					[
						"8326.769233",
						"3.11502e-16"
					],
					[
						"8332.287162",
						"3.1788e-16"
					],
					[
						"8337.80509",
						"3.22885e-16"
					],
					[
						"8343.323019",
						"3.09275e-16"
					],
					[
						"8348.840948",
						"3.20226e-16"
					],
					[
						"8354.358876",
						"2.74068e-16"
					],
					[
						"8359.876805",
						"2.85789e-16"
					],
					[
						"8365.394733",
						"2.58177e-16"
					],
					[
						"8370.912662",
						"2.70886e-16"
					],
					[
						"8376.430591",
						"2.9028e-16"
					],
					[
						"8381.948519",
						"3.09656e-16"
					],
					[
						"8387.466448",
						"2.51816e-16"
					],
					[
						"8392.984376",
						"3.15305e-16"
					],
					[
						"8398.502305",
						"2.7024e-16"
					],
					[
						"8404.020234",
						"2.92018e-16"
					],
					[
						"8409.538162",
						"3.47208e-16"
					],
					[
						"8415.056091",
						"3.26129e-16"
					],
					[
						"8420.574019",
						"3.25199e-16"
					],
					[
						"8426.091948",
						"2.89195e-16"
					],
					[
						"8431.609877",
						"2.63646e-16"
					],
					[
						"8437.127805",
						"2.61279e-16"
					],
					[
						"8442.645734",
						"3.04029e-16"
					],
					[
						"8448.163662",
						"3.3833e-16"
					],
					[
						"8453.681591",
						"3.44337e-16"
					],
					[
						"8459.19952",
						"3.22223e-16"
					],
					[
						"8464.717448",
						"2.72889e-16"
					],
					[
						"8470.235377",
						"2.87496e-16"
					],
					[
						"8475.753305",
						"3.17251e-16"
					],
					[
						"8481.271234",
						"2.85761e-16"
					],
					[
						"8486.789163",
						"3.06301e-16"
					],
					[
						"8492.307091",
						"3.09823e-16"
					],
					[
						"8497.82502",
						"3.30005e-16"
					],
					[
						"8503.342948",
						"3.41962e-16"
					],
					[
						"8508.860877",
						"3.41907e-16"
					],
					[
						"8514.378806",
						"3.5721e-16"
					],
					[
						"8519.896734",
						"3.38756e-16"
					],
					[
						"8525.414663",
						"3.83614e-16"
					],
					[
						"8530.932591",
						"3.82799e-16"
					],
					[
						"8536.45052",
						"3.74864e-16"
					],
					[
						"8541.968449",
						"3.3862e-16"
					],
					[
						"8547.486377",
						"3.76768e-16"
					],
					[
						"8553.004306",
						"3.70462e-16"
					],
					[
						"8558.522234",
						"3.78366e-16"
					],
					[
						"8564.040163",
						"4.05757e-16"
					],
					[
						"8569.558092",
						"4.11793e-16"
					],
					[
						"8575.07602",
						"4.04852e-16"
					],
					[
						"8580.593949",
						"3.90302e-16"
					],
					[
						"8586.111877",
						"3.81556e-16"
					],
					[
						"8591.629806",
						"4.49211e-16"
					],
					[
						"8597.147735",
						"4.85342e-16"
					],
					[
						"8602.665663",
						"4.62526e-16"
					],
					[
						"8608.183592",
						"4.55935e-16"
					],
					[
						"8613.70152",
						"4.5442e-16"
					],
					[
						"8619.219449",
						"4.30737e-16"
					],
					[
						"8624.737378",
						"4.34158e-16"
					],
					[
						"8630.255306",
						"4.82726e-16"
					],
					[
						"8635.773235",
						"4.78062e-16"
					],
					[
						"8641.291163",
						"4.60877e-16"
					],
					[
						"8646.809092",
						"4.72038e-16"
					],
					[
						"8652.327021",
						"4.27586e-16"
					],
					[
						"8657.844949",
						"4.03886e-16"
					],
					[
						"8663.362878",
						"3.85783e-16"
					],
					[
						"8668.880806",
						"4.3405e-16"
					],
					[
						"8674.398735",
						"4.92563e-16"
					],
					[
						"8679.916664",
						"4.51632e-16"
					],
					[
						"8685.434592",
						"4.49522e-16"
					],
					[
						"8690.952521",
						"4.16978e-16"
					],
					[
						"8696.470449",
						"3.794e-16"
					],
					[
						"8701.988378",
						"4.46212e-16"
					],
					[
						"8707.506307",
						"4.99717e-16"
					],
					[
						"8713.024235",
						"4.81656e-16"
					],
					[
						"8718.542164",
						"5.06636e-16"
					],
					[
						"8724.060092",
						"4.92979e-16"
					],
					[
						"8729.578021",
						"4.29827e-16"
					],
					[
						"8735.09595",
						"4.03845e-16"
					],
					[
						"8740.613878",
						"4.31339e-16"
					],
					[
						"8746.131807",
						"4.66814e-16"
					],
					[
						"8751.649735",
						"4.84973e-16"
					],
					[
						"8757.167664",
						"4.56871e-16"
					],
					[
						"8762.685593",
						"4.23714e-16"
					],
					[
						"8768.203521",
						"4.17968e-16"
					],
					[
						"8773.72145",
						"3.80551e-16"
					],
					[
						"8779.239378",
						"4.00869e-16"
					],
					[
						"8784.757307",
						"4.16019e-16"
					],
					[
						"8790.275236",
						"4.21624e-16"
					],
					[
						"8795.793164",
						"4.71049e-16"
					],
					[
						"8801.311093",
						"4.26666e-16"
					],
					[
						"8806.829021",
						"3.82525e-16"
					],
					[
						"8812.34695",
						"4.08381e-16"
					],
					[
						"8817.864879",
						"4.32124e-16"
					],
					[
						"8823.382807",
						"4.11204e-16"
					],
					[
						"8828.900736",
						"4.92005e-16"
					],
					[
						"8834.418664",
						"4.50005e-16"
					],
					[
						"8839.936593",
						"4.04181e-16"
					],
					[
						"8845.454522",
						"4.20255e-16"
					],
					[
						"8850.97245",
						"4.16102e-16"
					],
					[
						"8856.490379",
						"4.31947e-16"
					],
					[
						"8862.008307",
						"4.6187e-16"
					],
					[
						"8867.526236",
						"4.28514e-16"
					],
					[
						"8873.044165",
						"3.87595e-16"
					],
					[
						"8878.562093",
						"3.66801e-16"
					],
					[
						"8884.080022",
						"3.97355e-16"
					],
					[
						"8889.59795",
						"4.4362e-16"
					],
					[
						"8895.115879",
						"3.71232e-16"
					],
					[
						"8900.633808",
						"3.60007e-16"
					],
					[
						"8906.151736",
						"3.88643e-16"
					],
					[
						"8911.669665",
						"4.21971e-16"
					],
					[
						"8917.187593",
						"3.66346e-16"
					],
					[
						"8922.705522",
						"3.64631e-16"
					],
					[
						"8928.223451",
						"3.59777e-16"
					],
					[
						"8933.741379",
						"4.38579e-16"
					],
					[
						"8939.259308",
						"3.79271e-16"
					],
					[
						"8944.777236",
						"3.43686e-16"
					],
					[
						"8950.295165",
						"3.52684e-16"
					],
					[
						"8955.813094",
						"3.5535e-16"
					],
					[
						"8961.331022",
						"3.37079e-16"
					],
					[
						"8966.848951",
						"3.74176e-16"
					],
					[
						"8972.366879",
						"4.1435e-16"
					],
					[
						"8977.884808",
						"3.39811e-16"
					],
					[
						"8983.402737",
						"3.24249e-16"
					],
					[
						"8988.920665",
						"2.80611e-16"
					],
					[
						"8994.438594",
						"2.92998e-16"
					],
					[
						"8999.956522",
						"3.15558e-16"
					],
					[
						"9005.474451",
						"2.896e-16"
					],
					[
						"9010.99238",
						"2.80536e-16"
					],
					[
						"9016.510308",
						"2.90543e-16"
					],
					[
						"9022.028237",
						"2.50126e-16"
					],
					[
						"9027.546165",
						"2.71302e-16"
					],
					[
						"9033.064094",
						"2.76487e-16"
					],
					[
						"9038.582023",
						"3.11916e-16"
					],
					[
						"9044.099951",
						"2.70581e-16"
					],
					[
						"9049.61788",
						"2.73648e-16"
					],
					[
						"9055.135808",
						"2.28482e-16"
					],
					[
						"9060.653737",
						"2.55067e-16"
					],
					[
						"9066.171666",
						"3.17498e-16"
					],
					[
						"9071.689594",
						"3.02375e-16"
					],
					[
						"9077.207523",
						"2.71147e-16"
					],
					[
						"9082.725451",
						"2.25982e-16"
					],
					[
						"9088.24338",
						"2.69301e-16"
					],
					[
						"9093.761309",
						"2.74661e-16"
					],
					[
						"9099.279237",
						"2.75809e-16"
					],
					[
						"9104.797166",
						"3.47022e-16"
					],
					[
						"9110.315094",
						"3.24153e-16"
					],
					[
						"9115.833023",
						"2.78714e-16"
					],
					[
						"9121.350952",
						"2.79196e-16"
					],
					[
						"9126.86888",
						"2.8669e-16"
					],
					[
						"9132.386809",
						"3.10286e-16"
					],
					[
						"9137.904737",
						"2.74896e-16"
					],
					[
						"9143.422666",
						"2.49966e-16"
					],
					[
						"9148.940595",
						"2.60415e-16"
					],
					[
						"9154.458523",
						"3.42266e-16"
					],
					[
						"9159.976452",
						"3.04699e-16"
					],
					[
						"9165.49438",
						"2.54412e-16"
					],
					[
						"9171.012309",
						"3.01511e-16"
					],
					[
						"9176.530238",
						"2.55895e-16"
					],
					[
						"9182.048166",
						"2.72348e-16"
					],
					[
						"9187.566095",
						"3.13504e-16"
					],
					[
						"9193.084023",
						"3.08016e-16"
					],
					[
						"9198.601952",
						"2.76215e-16"
					],
					[
						"9204.119881",
						"2.62631e-16"
					],
					[
						"9209.637809",
						"3.26142e-16"
					],
					[
						"9215.155738",
						"2.74437e-16"
					],
					[
						"9220.673666",
						"2.93797e-16"
					],
					[
						"9226.191595",
						"2.95782e-16"
					],
					[
						"9231.709524",
						"2.73285e-16"
					],
					[
						"9237.227452",
						"3.25993e-16"
					]
				],
				"source":"8"
			}
		]
	}
}