{
	"ASASSN-15ba":{
		"schema":"https://github.com/astrocatalogs/supernovae/blob/a0bc0b9/SCHEMA.md",
		"name":"ASASSN-15ba",
		"sources":[
			{
				"name":"2016A&A...594A..13P",
				"bibcode":"2016A&A...594A..13P",
				"reference":"Planck Collaboration et al. (2016)",
				"alias":"1"
			},
			{
				"name":"2015ATel.6934....1C",
				"bibcode":"2015ATel.6934....1C",
				"reference":"Conseil et al. (2015)",
				"alias":"2"
			},
			{
				"name":"2015ATel.6947....1C",
				"bibcode":"2015ATel.6947....1C",
				"reference":"Challis, Kirshner, & Falco (2015)",
				"alias":"3"
			},
			{
				"name":"2011ApJ...737..103S",
				"bibcode":"2011ApJ...737..103S",
				"reference":"Schlafly & Finkbeiner (2011)",
				"alias":"4"
			},
			{
				"name":"ASAS-SN Supernovae",
				"url":"http://www.astronomy.ohio-state.edu/~assassin/sn_list.html",
				"alias":"5"
			},
			{
				"name":"Latest Supernovae",
				"secondary":true,
				"url":"http://www.rochesterastronomy.org/snimages/snredshiftall.html",
				"alias":"6"
			},
			{
				"name":"The Open Supernova Catalog",
				"bibcode":"2017ApJ...835...64G",
				"reference":"Guillochon et al. (2017)",
				"secondary":true,
				"url":"https://sne.space",
				"alias":"7"
			},
			{
				"name":"SIMBAD astronomical database",
				"bibcode":"2000A&AS..143....9W",
				"reference":"Wenger et al. (2000)",
				"secondary":true,
				"url":"http://simbad.u-strasbg.fr/",
				"alias":"8"
			}
		],
		"alias":[
			{
				"value":"ASASSN-15ba",
				"source":"2,5,6,8"
			},
			{
				"value":"CSS150124:140455+085515",
				"source":"2,6"
			}
		],
		"claimedtype":[
			{
				"value":"Ia",
				"source":"2,3,5,6,8"
			}
		],
		"comovingdist":[
			{
				"value":"101.82",
				"derived":true,
				"u_value":"Mpc",
				"source":"1,2,5,7"
			}
		],
		"dec":[
			{
				"value":"+08:55:14.53",
				"u_value":"degrees",
				"source":"2,8"
			},
			{
				"value":"+08:55:14.5",
				"u_value":"degrees",
				"source":"2,6"
			},
			{
				"value":"+08:55:14.52",
				"u_value":"degrees",
				"source":"2,5"
			}
		],
		"discoverdate":[
			{
				"value":"2015/01/15",
				"source":"2,6"
			}
		],
		"discoverer":[
			{
				"value":"ASAS-SN",
				"source":"2,6"
			}
		],
		"ebv":[
			{
				"value":"0.0223",
				"derived":true,
				"e_value":"0.0007",
				"source":"4,7"
			}
		],
		"host":[
			{
				"value":"SDSS J140455.12+085514.0",
				"source":"2,5"
			}
		],
		"hostdec":[
			{
				"value":"+08:55:14.0",
				"derived":true,
				"u_value":"degrees",
				"source":"7"
			}
		],
		"hostoffsetang":[
			{
				"value":"0.86",
				"u_value":"arcseconds",
				"source":"2,5"
			}
		],
		"hostoffsetdist":[
			{
				"value":"0.41",
				"source":"1,2,5,7,8"
			}
		],
		"hostra":[
			{
				"value":"14:04:55.12",
				"derived":true,
				"u_value":"hours",
				"source":"7"
			}
		],
		"lumdist":[
			{
				"value":"104.178",
				"derived":true,
				"u_value":"Mpc",
				"source":"1,2,5,7"
			}
		],
		"maxabsmag":[
			{
				"value":"-19.264",
				"derived":true,
				"source":"1,2,5,7"
			}
		],
		"maxappmag":[
			{
				"value":"15.8",
				"derived":true,
				"source":"2,6,7"
			}
		],
		"maxdate":[
			{
				"value":"2015/01/23",
				"derived":true,
				"source":"2,6,7"
			}
		],
		"maxvisualabsmag":[
			{
				"value":"-19.2889",
				"derived":true,
				"source":"1,2,5,7"
			}
		],
		"maxvisualappmag":[
			{
				"value":"15.8",
				"derived":true,
				"source":"2,6,7"
			}
		],
		"maxvisualdate":[
			{
				"value":"2015/01/23",
				"derived":true,
				"source":"2,6,7"
			}
		],
		"ra":[
			{
				"value":"14:04:55.090",
				"u_value":"hours",
				"source":"2,8"
			},
			{
				"value":"14:04:55.09",
				"u_value":"hours",
				"source":"2,6"
			},
			{
				"value":"14:04:55.2",
				"u_value":"hours",
				"source":"2,5"
			}
		],
		"redshift":[
			{
				"value":"0.023132",
				"source":"2,5"
			}
		],
		"velocity":[
			{
				"value":"6854.6",
				"u_value":"km/s",
				"source":"7"
			}
		],
		"photometry":[
			{
				"time":"57045.5",
				"magnitude":"15.8",
				"u_time":"MJD",
				"source":"2,6"
			}
		]
	}
}