{
	"ASASSN-15uh":{
		"schema":"https://github.com/astrocatalogs/supernovae/blob/a0bc0b9/SCHEMA.md",
		"name":"ASASSN-15uh",
		"sources":[
			{
				"name":"2016A&A...594A..13P",
				"bibcode":"2016A&A...594A..13P",
				"reference":"Planck Collaboration et al. (2016)",
				"alias":"1"
			},
			{
				"name":"2015ATel.8436....1M",
				"bibcode":"2015ATel.8436....1M",
				"reference":"Masi et al. (2015)",
				"alias":"2"
			},
			{
				"name":"2015ATel.8439....1T",
				"bibcode":"2015ATel.8439....1T",
				"reference":"Turatto et al. (2015)",
				"alias":"3"
			},
			{
				"name":"2011ApJ...737..103S",
				"bibcode":"2011ApJ...737..103S",
				"reference":"Schlafly & Finkbeiner (2011)",
				"alias":"4"
			},
			{
				"name":"ASAS-SN Supernovae",
				"url":"http://www.astronomy.ohio-state.edu/~assassin/sn_list.html",
				"alias":"5"
			},
			{
				"name":"Asiago Supernova Catalogue",
				"secondary":true,
				"url":"http://graspa.oapd.inaf.it/cgi-bin/sncat.php",
				"alias":"6"
			},
			{
				"name":"Latest Supernovae",
				"secondary":true,
				"url":"http://www.rochesterastronomy.org/snimages/snredshiftall.html",
				"alias":"7"
			},
			{
				"name":"The Open Supernova Catalog",
				"bibcode":"2017ApJ...835...64G",
				"reference":"Guillochon et al. (2017)",
				"secondary":true,
				"url":"https://sne.space",
				"alias":"8"
			},
			{
				"name":"WISeREP",
				"bibcode":"2012PASP..124..668Y",
				"reference":"Yaron & Gal-Yam (2012)",
				"secondary":true,
				"url":"http://wiserep.weizmann.ac.il/",
				"alias":"9"
			},
			{
				"name":"SIMBAD astronomical database",
				"bibcode":"2000A&AS..143....9W",
				"reference":"Wenger et al. (2000)",
				"secondary":true,
				"url":"http://simbad.u-strasbg.fr/",
				"alias":"10"
			}
		],
		"alias":[
			{
				"value":"ASASSN-15uh",
				"source":"2,5,6,7,9,10"
			}
		],
		"claimedtype":[
			{
				"value":"Ia Pec",
				"source":"2,3,6,7,9,10"
			},
			{
				"value":"Ia-91T",
				"source":"3,5"
			}
		],
		"comovingdist":[
			{
				"value":"59.6",
				"derived":true,
				"u_value":"Mpc",
				"source":"1,2,5,7,8"
			}
		],
		"dec":[
			{
				"value":"+69:07:02.54",
				"u_value":"degrees",
				"source":"2,3,6,10"
			},
			{
				"value":"+69:07:02.5",
				"u_value":"degrees",
				"source":"2,7"
			},
			{
				"value":"+69:07:02.64",
				"u_value":"degrees",
				"source":"2,5"
			}
		],
		"discoverdate":[
			{
				"value":"2015/12/18",
				"source":"2,7"
			}
		],
		"discoverer":[
			{
				"value":"ASAS-SN",
				"source":"2,3,6,7"
			}
		],
		"ebv":[
			{
				"value":"0.1247",
				"derived":true,
				"e_value":"0.0048",
				"source":"4,8"
			}
		],
		"host":[
			{
				"value":"KUG 0925+693",
				"source":"2,3,5,6,7"
			}
		],
		"hostoffsetang":[
			{
				"value":"9.4",
				"u_value":"arcseconds",
				"source":"2,5"
			}
		],
		"lumdist":[
			{
				"value":"60.36",
				"derived":true,
				"u_value":"Mpc",
				"source":"1,2,5,7,8"
			}
		],
		"maxabsmag":[
			{
				"value":"-17.39",
				"derived":true,
				"source":"1,2,5,7,8"
			}
		],
		"maxappmag":[
			{
				"value":"16.5",
				"derived":true,
				"source":"2,7,8"
			}
		],
		"maxdate":[
			{
				"value":"2015/12/17",
				"derived":true,
				"source":"2,7,8"
			}
		],
		"maxvisualabsmag":[
			{
				"value":"-17.4",
				"derived":true,
				"source":"1,2,5,7,8"
			}
		],
		"maxvisualappmag":[
			{
				"value":"16.5",
				"derived":true,
				"source":"2,7,8"
			}
		],
		"maxvisualdate":[
			{
				"value":"2015/12/17",
				"derived":true,
				"source":"2,7,8"
			}
		],
		"ra":[
			{
				"value":"09:30:13.694",
				"u_value":"hours",
				"source":"2,3,6,10"
			},
			{
				"value":"09:30:13.69",
				"u_value":"hours",
				"source":"2,7"
			},
			{
				"value":"09:30:13.68",
				"u_value":"hours",
				"source":"2,5"
			}
		],
		"redshift":[
			{
				"value":"0.0135",
				"source":"2,5,7"
			},
			{
				"value":"0.0134",
				"source":"3,6,9"
			}
		],
		"velocity":[
			{
				"value":"4020",
				"u_value":"km/s",
				"source":"8"
			}
		],
		"photometry":[
			{
				"time":"57373.5",
				"magnitude":"16.5",
				"u_time":"MJD",
				"source":"2,7"
			}
		],
		"spectra":[
			{
				"time":"57375.0",
				"filename":"ASASSNm15uh_2015-12-19_03:04:01_Asiago.ascii",
				"instrument":"Ekar - AFOSC",
				"observer":"Turatto",
				"redshift":"0.0134",
				"reducer":"Unknown",
				"reduction":"final",
				"survey":"Asiago",
				"u_fluxes":"erg/s/cm^2/Angstrom",
				"u_time":"MJD",
				"u_wavelengths":"Angstrom",
				"data":[
					[
						"3383.198385",
						"-1.724477355e-17"
					],
					[
						"3387.959995",
						"7.084203729e-17"
					],
					[
						"3392.721606",
						"1.576291257e-16"
					],
					[
						"3397.483217",
						"1.696257328e-16"
					],
					[
						"3402.244827",
						"2.182381183e-16"
					],
					[
						"3407.006438",
						"1.109767744e-16"
					],
					[
						"3411.768049",
						"1.108913697e-16"
					],
					[
						"3416.529659",
						"1.481600253e-16"
					],
					[
						"3421.29127",
						"6.00487332e-17"
					],
					[
						"3426.052881",
						"1.230991576e-17"
					],
					[
						"3430.814491",
						"1.821303743e-16"
					],
					[
						"3435.576102",
						"2.357365484e-16"
					],
					[
						"3440.337713",
						"1.864670572e-17"
					],
					[
						"3445.099323",
						"3.371818464e-17"
					],
					[
						"3449.860934",
						"1.971034022e-16"
					],
					[
						"3454.622545",
						"1.483723526e-16"
					],
					[
						"3459.384155",
						"1.86676903e-16"
					],
					[
						"3464.145766",
						"1.772082658e-16"
					],
					[
						"3468.907377",
						"1.317121013e-16"
					],
					[
						"3473.668987",
						"1.741244306e-16"
					],
					[
						"3478.430598",
						"2.046343324e-16"
					],
					[
						"3483.192209",
						"6.566973648e-17"
					],
					[
						"3487.953819",
						"1.455620429e-16"
					],
					[
						"3492.71543",
						"2.164534198e-16"
					],
					[
						"3497.477041",
						"1.081621369e-16"
					],
					[
						"3502.238651",
						"7.039170032e-17"
					],
					[
						"3507.000262",
						"1.145783718e-16"
					],
					[
						"3511.761873",
						"1.679626762e-16"
					],
					[
						"3516.523484",
						"1.87911705e-16"
					],
					[
						"3521.285094",
						"1.68180046e-16"
					],
					[
						"3526.046705",
						"1.560115707e-16"
					],
					[
						"3530.808316",
						"1.623836805e-16"
					],
					[
						"3535.569926",
						"1.640205849e-16"
					],
					[
						"3540.331537",
						"1.58524916e-16"
					],
					[
						"3545.093148",
						"1.258366705e-16"
					],
					[
						"3549.854758",
						"1.377607106e-16"
					],
					[
						"3554.616369",
						"1.143002273e-16"
					],
					[
						"3559.37798",
						"1.497370021e-16"
					],
					[
						"3564.13959",
						"1.961541959e-16"
					],
					[
						"3568.901201",
						"1.156355086e-16"
					],
					[
						"3573.662812",
						"1.620717871e-16"
					],
					[
						"3578.424422",
						"1.385749607e-16"
					],
					[
						"3583.186033",
						"1.650453624e-16"
					],
					[
						"3587.947644",
						"1.683325252e-16"
					],
					[
						"3592.709254",
						"1.516834044e-16"
					],
					[
						"3597.470865",
						"1.591523292e-16"
					],
					[
						"3602.232476",
						"1.738668929e-16"
					],
					[
						"3606.994086",
						"1.575507884e-16"
					],
					[
						"3611.755697",
						"1.021961662e-16"
					],
					[
						"3616.517308",
						"1.646731046e-16"
					],
					[
						"3621.278918",
						"1.553881677e-16"
					],
					[
						"3626.040529",
						"1.293157657e-16"
					],
					[
						"3630.80214",
						"1.802851792e-16"
					],
					[
						"3635.56375",
						"1.837262638e-16"
					],
					[
						"3640.325361",
						"1.520722852e-16"
					],
					[
						"3645.086972",
						"1.6946702e-16"
					],
					[
						"3649.848582",
						"1.653786169e-16"
					],
					[
						"3654.610193",
						"1.40772376e-16"
					],
					[
						"3659.371804",
						"1.313110577e-16"
					],
					[
						"3664.133415",
						"1.289733129e-16"
					],
					[
						"3668.895025",
						"1.412070627e-16"
					],
					[
						"3673.656636",
						"1.439004025e-16"
					],
					[
						"3678.418247",
						"1.282788915e-16"
					],
					[
						"3683.179857",
						"1.513879752e-16"
					],
					[
						"3687.941468",
						"1.484191115e-16"
					],
					[
						"3692.703079",
						"1.449928367e-16"
					],
					[
						"3697.464689",
						"1.637284114e-16"
					],
					[
						"3702.2263",
						"1.697708136e-16"
					],
					[
						"3706.987911",
						"1.464162491e-16"
					],
					[
						"3711.749521",
						"1.489621787e-16"
					],
					[
						"3716.511132",
						"1.730544162e-16"
					],
					[
						"3721.272743",
						"1.566331606e-16"
					],
					[
						"3726.034353",
						"1.532863349e-16"
					],
					[
						"3730.795964",
						"1.659017789e-16"
					],
					[
						"3735.557575",
						"1.670434866e-16"
					],
					[
						"3740.319185",
						"1.478926805e-16"
					],
					[
						"3745.080796",
						"1.654852637e-16"
					],
					[
						"3749.842407",
						"1.623375569e-16"
					],
					[
						"3754.604017",
						"1.471239055e-16"
					],
					[
						"3759.365628",
						"1.596249339e-16"
					],
					[
						"3764.127239",
						"1.809899503e-16"
					],
					[
						"3768.888849",
						"1.683634022e-16"
					],
					[
						"3773.65046",
						"2.208066001e-16"
					],
					[
						"3778.412071",
						"2.349268114e-16"
					],
					[
						"3783.173681",
						"2.30594979e-16"
					],
					[
						"3787.935292",
						"2.1641038e-16"
					],
					[
						"3792.696903",
						"1.714272395e-16"
					],
					[
						"3797.458513",
						"1.744839299e-16"
					],
					[
						"3802.220124",
						"1.843971933e-16"
					],
					[
						"3806.981735",
						"1.826938365e-16"
					],
					[
						"3811.743345",
						"1.912616939e-16"
					],
					[
						"3816.504956",
						"2.038341377e-16"
					],
					[
						"3821.266567",
						"2.060704106e-16"
					],
					[
						"3826.028178",
						"2.011569313e-16"
					],
					[
						"3830.789788",
						"1.983082668e-16"
					],
					[
						"3835.551399",
						"1.871726423e-16"
					],
					[
						"3840.31301",
						"1.928014277e-16"
					],
					[
						"3845.07462",
						"2.064619251e-16"
					],
					[
						"3849.836231",
						"2.024360834e-16"
					],
					[
						"3854.597842",
						"2.161664742e-16"
					],
					[
						"3859.359452",
						"2.253114787e-16"
					],
					[
						"3864.121063",
						"2.145602615e-16"
					],
					[
						"3868.882674",
						"2.265069333e-16"
					],
					[
						"3873.644284",
						"2.24067002e-16"
					],
					[
						"3878.405895",
						"2.115844892e-16"
					],
					[
						"3883.167506",
						"1.995422615e-16"
					],
					[
						"3887.929116",
						"2.035267706e-16"
					],
					[
						"3892.690727",
						"2.184964104e-16"
					],
					[
						"3897.452338",
						"2.169787788e-16"
					],
					[
						"3902.213948",
						"2.171939913e-16"
					],
					[
						"3906.975559",
						"2.392512852e-16"
					],
					[
						"3911.73717",
						"2.393772813e-16"
					],
					[
						"3916.49878",
						"2.518268392e-16"
					],
					[
						"3921.260391",
						"2.575949748e-16"
					],
					[
						"3926.022002",
						"2.413670411e-16"
					],
					[
						"3930.783612",
						"2.469480353e-16"
					],
					[
						"3935.545223",
						"2.312486237e-16"
					],
					[
						"3940.306834",
						"2.359469567e-16"
					],
					[
						"3945.068444",
						"2.418254448e-16"
					],
					[
						"3949.830055",
						"2.508174936e-16"
					],
					[
						"3954.591666",
						"2.505420755e-16"
					],
					[
						"3959.353276",
						"2.538506921e-16"
					],
					[
						"3964.114887",
						"2.692851676e-16"
					],
					[
						"3968.876498",
						"2.594816877e-16"
					],
					[
						"3973.638109",
						"2.546068808e-16"
					],
					[
						"3978.399719",
						"2.672821994e-16"
					],
					[
						"3983.16133",
						"2.64833983e-16"
					],
					[
						"3987.922941",
						"2.521571821e-16"
					],
					[
						"3992.684551",
						"2.578505405e-16"
					],
					[
						"3997.446162",
						"2.528190324e-16"
					],
					[
						"4002.207773",
						"2.672581649e-16"
					],
					[
						"4006.969383",
						"2.607681719e-16"
					],
					[
						"4011.730994",
						"2.792681127e-16"
					],
					[
						"4016.492605",
						"2.890155031e-16"
					],
					[
						"4021.254215",
						"2.490579415e-16"
					],
					[
						"4026.015826",
						"2.691931852e-16"
					],
					[
						"4030.777437",
						"2.611171495e-16"
					],
					[
						"4035.539047",
						"2.593616737e-16"
					],
					[
						"4040.300658",
						"2.878231454e-16"
					],
					[
						"4045.062269",
						"2.92917678e-16"
					],
					[
						"4049.823879",
						"2.664103908e-16"
					],
					[
						"4054.58549",
						"2.890948595e-16"
					],
					[
						"4059.347101",
						"2.691644125e-16"
					],
					[
						"4064.108711",
						"2.756671639e-16"
					],
					[
						"4068.870322",
						"2.766020235e-16"
					],
					[
						"4073.631933",
						"2.706931217e-16"
					],
					[
						"4078.393543",
						"2.733409732e-16"
					],
					[
						"4083.155154",
						"2.731026128e-16"
					],
					[
						"4087.916765",
						"2.674453856e-16"
					],
					[
						"4092.678375",
						"2.702999925e-16"
					],
					[
						"4097.439986",
						"2.715449986e-16"
					],
					[
						"4102.201597",
						"2.741780799e-16"
					],
					[
						"4106.963207",
						"2.708043477e-16"
					],
					[
						"4111.724818",
						"2.444943926e-16"
					],
					[
						"4116.486429",
						"2.570086956e-16"
					],
					[
						"4121.24804",
						"2.60836014e-16"
					],
					[
						"4126.00965",
						"2.572063719e-16"
					],
					[
						"4130.771261",
						"2.451815481e-16"
					],
					[
						"4135.532872",
						"2.539835439e-16"
					],
					[
						"4140.294482",
						"2.511593243e-16"
					],
					[
						"4145.056093",
						"2.436081579e-16"
					],
					[
						"4149.817704",
						"2.539840204e-16"
					],
					[
						"4154.579314",
						"2.504414639e-16"
					],
					[
						"4159.340925",
						"2.306248105e-16"
					],
					[
						"4164.102536",
						"2.195303994e-16"
					],
					[
						"4168.864146",
						"2.234438504e-16"
					],
					[
						"4173.625757",
						"2.205466933e-16"
					],
					[
						"4178.387368",
						"2.221256819e-16"
					],
					[
						"4183.148978",
						"2.342923308e-16"
					],
					[
						"4187.910589",
						"2.341400237e-16"
					],
					[
						"4192.6722",
						"2.29593839e-16"
					],
					[
						"4197.43381",
						"2.097141081e-16"
					],
					[
						"4202.195421",
						"1.981833824e-16"
					],
					[
						"4206.957032",
						"2.032253063e-16"
					],
					[
						"4211.718642",
						"1.970730016e-16"
					],
					[
						"4216.480253",
						"2.033086729e-16"
					],
					[
						"4221.241864",
						"2.128663412e-16"
					],
					[
						"4226.003474",
						"2.113038169e-16"
					],
					[
						"4230.765085",
						"1.991664965e-16"
					],
					[
						"4235.526696",
						"1.952953574e-16"
					],
					[
						"4240.288306",
						"2.026313112e-16"
					],
					[
						"4245.049917",
						"1.992808195e-16"
					],
					[
						"4249.811528",
						"1.830567901e-16"
					],
					[
						"4254.573138",
						"1.780986563e-16"
					],
					[
						"4259.334749",
						"1.826560376e-16"
					],
					[
						"4264.09636",
						"1.880045081e-16"
					],
					[
						"4268.857971",
						"1.907375128e-16"
					],
					[
						"4273.619581",
						"1.90932198e-16"
					],
					[
						"4278.381192",
						"1.717174541e-16"
					],
					[
						"4283.142803",
						"1.74111606e-16"
					],
					[
						"4287.904413",
						"1.825008718e-16"
					],
					[
						"4292.666024",
						"1.929130375e-16"
					],
					[
						"4297.427635",
						"1.891846235e-16"
					],
					[
						"4302.189245",
						"1.825573583e-16"
					],
					[
						"4306.950856",
						"2.00831803e-16"
					],
					[
						"4311.712467",
						"2.010216178e-16"
					],
					[
						"4316.474077",
						"2.01424051e-16"
					],
					[
						"4321.235688",
						"1.999258615e-16"
					],
					[
						"4325.997299",
						"1.981048995e-16"
					],
					[
						"4330.758909",
						"1.922967019e-16"
					],
					[
						"4335.52052",
						"2.005843502e-16"
					],
					[
						"4340.282131",
						"2.274077528e-16"
					],
					[
						"4345.043741",
						"2.304318458e-16"
					],
					[
						"4349.805352",
						"2.340918751e-16"
					],
					[
						"4354.566963",
						"2.262151569e-16"
					],
					[
						"4359.328573",
						"2.265365001e-16"
					],
					[
						"4364.090184",
						"2.427115471e-16"
					],
					[
						"4368.851795",
						"2.4382791e-16"
					],
					[
						"4373.613405",
						"2.455504839e-16"
					],
					[
						"4378.375016",
						"2.381401103e-16"
					],
					[
						"4383.136627",
						"2.603670754e-16"
					],
					[
						"4387.898237",
						"2.49172238e-16"
					],
					[
						"4392.659848",
						"2.507959736e-16"
					],
					[
						"4397.421459",
						"2.376286083e-16"
					],
					[
						"4402.183069",
						"2.348199529e-16"
					],
					[
						"4406.94468",
						"2.239576024e-16"
					],
					[
						"4411.706291",
						"2.137626873e-16"
					],
					[
						"4416.467902",
						"2.2149226e-16"
					],
					[
						"4421.229512",
						"2.178249912e-16"
					],
					[
						"4425.991123",
						"2.144586573e-16"
					],
					[
						"4430.752734",
						"2.02694124e-16"
					],
					[
						"4435.514344",
						"2.122228212e-16"
					],
					[
						"4440.275955",
						"2.305574184e-16"
					],
					[
						"4445.037566",
						"2.107364901e-16"
					],
					[
						"4449.799176",
						"2.023460464e-16"
					],
					[
						"4454.560787",
						"2.185245345e-16"
					],
					[
						"4459.322398",
						"2.193248748e-16"
					],
					[
						"4464.084008",
						"2.196777037e-16"
					],
					[
						"4468.845619",
						"2.16837814e-16"
					],
					[
						"4473.60723",
						"2.342153831e-16"
					],
					[
						"4478.36884",
						"2.413767555e-16"
					],
					[
						"4483.130451",
						"2.34553111e-16"
					],
					[
						"4487.892062",
						"2.394488821e-16"
					],
					[
						"4492.653672",
						"2.487718561e-16"
					],
					[
						"4497.415283",
						"2.443611967e-16"
					],
					[
						"4502.176894",
						"2.41982437e-16"
					],
					[
						"4506.938504",
						"2.516579885e-16"
					],
					[
						"4511.700115",
						"2.441408358e-16"
					],
					[
						"4516.461726",
						"2.43205632e-16"
					],
					[
						"4521.223336",
						"2.35564389e-16"
					],
					[
						"4525.984947",
						"2.257151163e-16"
					],
					[
						"4530.746558",
						"2.292523524e-16"
					],
					[
						"4535.508168",
						"2.372605195e-16"
					],
					[
						"4540.269779",
						"2.483420927e-16"
					],
					[
						"4545.03139",
						"2.477597311e-16"
					],
					[
						"4549.793",
						"2.349925358e-16"
					],
					[
						"4554.554611",
						"2.384537772e-16"
					],
					[
						"4559.316222",
						"2.556830891e-16"
					],
					[
						"4564.077833",
						"2.590718032e-16"
					],
					[
						"4568.839443",
						"2.608090413e-16"
					],
					[
						"4573.601054",
						"2.67058371e-16"
					],
					[
						"4578.362665",
						"2.589958084e-16"
					],
					[
						"4583.124275",
						"2.619183103e-16"
					],
					[
						"4587.885886",
						"2.47919688e-16"
					],
					[
						"4592.647497",
						"2.564528567e-16"
					],
					[
						"4597.409107",
						"2.558763184e-16"
					],
					[
						"4602.170718",
						"2.565207252e-16"
					],
					[
						"4606.932329",
						"2.648708554e-16"
					],
					[
						"4611.693939",
						"2.776512856e-16"
					],
					[
						"4616.45555",
						"2.733701164e-16"
					],
					[
						"4621.217161",
						"2.682278588e-16"
					],
					[
						"4625.978771",
						"2.643784911e-16"
					],
					[
						"4630.740382",
						"2.713413931e-16"
					],
					[
						"4635.501993",
						"2.807801459e-16"
					],
					[
						"4640.263603",
						"2.678359207e-16"
					],
					[
						"4645.025214",
						"2.731544671e-16"
					],
					[
						"4649.786825",
						"2.701246567e-16"
					],
					[
						"4654.548435",
						"2.543257982e-16"
					],
					[
						"4659.310046",
						"2.454763685e-16"
					],
					[
						"4664.071657",
						"2.614133464e-16"
					],
					[
						"4668.833267",
						"2.618214574e-16"
					],
					[
						"4673.594878",
						"2.461136285e-16"
					],
					[
						"4678.356489",
						"2.485370427e-16"
					],
					[
						"4683.118099",
						"2.556416109e-16"
					],
					[
						"4687.87971",
						"2.476272234e-16"
					],
					[
						"4692.641321",
						"2.43652786e-16"
					],
					[
						"4697.402931",
						"2.378963501e-16"
					],
					[
						"4702.164542",
						"2.43651489e-16"
					],
					[
						"4706.926153",
						"2.438602296e-16"
					],
					[
						"4711.687764",
						"2.425438875e-16"
					],
					[
						"4716.449374",
						"2.478610045e-16"
					],
					[
						"4721.210985",
						"2.482670774e-16"
					],
					[
						"4725.972596",
						"2.501906627e-16"
					],
					[
						"4730.734206",
						"2.390830432e-16"
					],
					[
						"4735.495817",
						"2.306720061e-16"
					],
					[
						"4740.257428",
						"2.381030526e-16"
					],
					[
						"4745.019038",
						"2.328453073e-16"
					],
					[
						"4749.780649",
						"2.295528373e-16"
					],
					[
						"4754.54226",
						"2.335203926e-16"
					],
					[
						"4759.30387",
						"2.244675427e-16"
					],
					[
						"4764.065481",
						"2.307737824e-16"
					],
					[
						"4768.827092",
						"2.401481078e-16"
					],
					[
						"4773.588702",
						"2.258025989e-16"
					],
					[
						"4778.350313",
						"2.331029642e-16"
					],
					[
						"4783.111924",
						"2.342895514e-16"
					],
					[
						"4787.873534",
						"2.306384424e-16"
					],
					[
						"4792.635145",
						"2.389931783e-16"
					],
					[
						"4797.396756",
						"2.386585739e-16"
					],
					[
						"4802.158366",
						"2.387378244e-16"
					],
					[
						"4806.919977",
						"2.397177356e-16"
					],
					[
						"4811.681588",
						"2.401869654e-16"
					],
					[
						"4816.443198",
						"2.35383071e-16"
					],
					[
						"4821.204809",
						"2.317006217e-16"
					],
					[
						"4825.96642",
						"2.438171368e-16"
					],
					[
						"4830.72803",
						"2.483140877e-16"
					],
					[
						"4835.489641",
						"2.44296081e-16"
					],
					[
						"4840.251252",
						"2.408774031e-16"
					],
					[
						"4845.012862",
						"2.480966649e-16"
					],
					[
						"4849.774473",
						"2.394210623e-16"
					],
					[
						"4854.536084",
						"2.450344026e-16"
					],
					[
						"4859.297695",
						"2.31320648e-16"
					],
					[
						"4864.059305",
						"2.340411061e-16"
					],
					[
						"4868.820916",
						"2.358511626e-16"
					],
					[
						"4873.582527",
						"2.321905773e-16"
					],
					[
						"4878.344137",
						"2.129579663e-16"
					],
					[
						"4883.105748",
						"2.108411781e-16"
					],
					[
						"4887.867359",
						"2.174298371e-16"
					],
					[
						"4892.628969",
						"2.121071614e-16"
					],
					[
						"4897.39058",
						"2.101459096e-16"
					],
					[
						"4902.152191",
						"2.021025509e-16"
					],
					[
						"4906.913801",
						"1.878096508e-16"
					],
					[
						"4911.675412",
						"1.882395729e-16"
					],
					[
						"4916.437023",
						"1.936661822e-16"
					],
					[
						"4921.198633",
						"1.932715045e-16"
					],
					[
						"4925.960244",
						"1.988881668e-16"
					],
					[
						"4930.721855",
						"1.967238255e-16"
					],
					[
						"4935.483465",
						"1.7855346e-16"
					],
					[
						"4940.245076",
						"1.732705949e-16"
					],
					[
						"4945.006687",
						"1.772199787e-16"
					],
					[
						"4949.768297",
						"1.754709483e-16"
					],
					[
						"4954.529908",
						"1.758916855e-16"
					],
					[
						"4959.291519",
						"1.790738294e-16"
					],
					[
						"4964.053129",
						"1.786600009e-16"
					],
					[
						"4968.81474",
						"1.765306262e-16"
					],
					[
						"4973.576351",
						"1.805404802e-16"
					],
					[
						"4978.337961",
						"1.732415179e-16"
					],
					[
						"4983.099572",
						"1.664366802e-16"
					],
					[
						"4987.861183",
						"1.805420684e-16"
					],
					[
						"4992.622793",
						"1.738547962e-16"
					],
					[
						"4997.384404",
						"1.884351052e-16"
					],
					[
						"5002.146015",
						"1.925071235e-16"
					],
					[
						"5006.907626",
						"1.892876306e-16"
					],
					[
						"5011.669236",
						"1.903799723e-16"
					],
					[
						"5016.430847",
						"1.928889765e-16"
					],
					[
						"5021.192458",
						"2.070828135e-16"
					],
					[
						"5025.954068",
						"2.213823972e-16"
					],
					[
						"5030.715679",
						"2.146416825e-16"
					],
					[
						"5035.47729",
						"2.135710858e-16"
					],
					[
						"5040.2389",
						"2.181585104e-16"
					],
					[
						"5045.000511",
						"2.223796594e-16"
					],
					[
						"5049.762122",
						"2.273275229e-16"
					],
					[
						"5054.523732",
						"2.282044403e-16"
					],
					[
						"5059.285343",
						"2.373005418e-16"
					],
					[
						"5064.046954",
						"2.345791838e-16"
					],
					[
						"5068.808564",
						"2.443745639e-16"
					],
					[
						"5073.570175",
						"2.711547282e-16"
					],
					[
						"5078.331786",
						"2.644222721e-16"
					],
					[
						"5083.093396",
						"2.437357952e-16"
					],
					[
						"5087.855007",
						"2.417508e-16"
					],
					[
						"5092.616618",
						"2.460331339e-16"
					],
					[
						"5097.378228",
						"2.333695148e-16"
					],
					[
						"5102.139839",
						"2.335769056e-16"
					],
					[
						"5106.90145",
						"2.486402748e-16"
					],
					[
						"5111.66306",
						"2.560369371e-16"
					],
					[
						"5116.424671",
						"2.510902117e-16"
					],
					[
						"5121.186282",
						"2.55751037e-16"
					],
					[
						"5125.947892",
						"2.535308313e-16"
					],
					[
						"5130.709503",
						"2.552865982e-16"
					],
					[
						"5135.471114",
						"2.586732742e-16"
					],
					[
						"5140.232724",
						"2.541868848e-16"
					],
					[
						"5144.994335",
						"2.528723955e-16"
					],
					[
						"5149.755946",
						"2.488088344e-16"
					],
					[
						"5154.517557",
						"2.568636677e-16"
					],
					[
						"5159.279167",
						"2.584201966e-16"
					],
					[
						"5164.040778",
						"2.563359926e-16"
					],
					[
						"5168.802389",
						"2.555274997e-16"
					],
					[
						"5173.563999",
						"2.599692611e-16"
					],
					[
						"5178.32561",
						"2.646161103e-16"
					],
					[
						"5183.087221",
						"2.579738632e-16"
					],
					[
						"5187.848831",
						"2.668453686e-16"
					],
					[
						"5192.610442",
						"2.651547703e-16"
					],
					[
						"5197.372053",
						"2.544440916e-16"
					],
					[
						"5202.133663",
						"2.481287992e-16"
					],
					[
						"5206.895274",
						"2.475230119e-16"
					],
					[
						"5211.656885",
						"2.582817067e-16"
					],
					[
						"5216.418495",
						"2.590935613e-16"
					],
					[
						"5221.180106",
						"2.582563487e-16"
					],
					[
						"5225.941717",
						"2.590559478e-16"
					],
					[
						"5230.703327",
						"2.481543161e-16"
					],
					[
						"5235.464938",
						"2.499351499e-16"
					],
					[
						"5240.226549",
						"2.522195184e-16"
					],
					[
						"5244.988159",
						"2.457105731e-16"
					],
					[
						"5249.74977",
						"2.51723263e-16"
					],
					[
						"5254.511381",
						"2.38841533e-16"
					],
					[
						"5259.272991",
						"2.394615346e-16"
					],
					[
						"5264.034602",
						"2.434206195e-16"
					],
					[
						"5268.796213",
						"2.2202421e-16"
					],
					[
						"5273.557823",
						"2.325612336e-16"
					],
					[
						"5278.319434",
						"2.275544219e-16"
					],
					[
						"5283.081045",
						"2.267719487e-16"
					],
					[
						"5287.842655",
						"2.344010686e-16"
					],
					[
						"5292.604266",
						"2.32829849e-16"
					],
					[
						"5297.365877",
						"2.285062222e-16"
					],
					[
						"5302.127488",
						"2.278320369e-16"
					],
					[
						"5306.889098",
						"2.251467572e-16"
					],
					[
						"5311.650709",
						"2.231887876e-16"
					],
					[
						"5316.41232",
						"2.242034007e-16"
					],
					[
						"5321.17393",
						"2.226377927e-16"
					],
					[
						"5325.935541",
						"2.271436903e-16"
					],
					[
						"5330.697152",
						"2.264763607e-16"
					],
					[
						"5335.458762",
						"2.179384539e-16"
					],
					[
						"5340.220373",
						"2.18601588e-16"
					],
					[
						"5344.981984",
						"2.189601344e-16"
					],
					[
						"5349.743594",
						"2.148354413e-16"
					],
					[
						"5354.505205",
						"2.11691705e-16"
					],
					[
						"5359.266816",
						"2.12527303e-16"
					],
					[
						"5364.028426",
						"2.14469351e-16"
					],
					[
						"5368.790037",
						"2.080358579e-16"
					],
					[
						"5373.551648",
						"2.060460187e-16"
					],
					[
						"5378.313258",
						"1.983456951e-16"
					],
					[
						"5383.074869",
						"2.106611836e-16"
					],
					[
						"5387.83648",
						"2.203439745e-16"
					],
					[
						"5392.59809",
						"2.111231209e-16"
					],
					[
						"5397.359701",
						"2.041940076e-16"
					],
					[
						"5402.121312",
						"2.190725781e-16"
					],
					[
						"5406.882922",
						"2.241891865e-16"
					],
					[
						"5411.644533",
						"2.240670284e-16"
					],
					[
						"5416.406144",
						"2.209101763e-16"
					],
					[
						"5421.167754",
						"2.043249668e-16"
					],
					[
						"5425.929365",
						"2.014785259e-16"
					],
					[
						"5430.690976",
						"2.119847784e-16"
					],
					[
						"5435.452586",
						"2.194000887e-16"
					],
					[
						"5440.214197",
						"2.112629211e-16"
					],
					[
						"5444.975808",
						"2.115264145e-16"
					],
					[
						"5449.737419",
						"2.23591393e-16"
					],
					[
						"5454.499029",
						"2.276837003e-16"
					],
					[
						"5459.26064",
						"2.191312748e-16"
					],
					[
						"5464.022251",
						"2.151633622e-16"
					],
					[
						"5468.783861",
						"2.293345146e-16"
					],
					[
						"5473.545472",
						"2.216142725e-16"
					],
					[
						"5478.307083",
						"2.095378458e-16"
					],
					[
						"5483.068693",
						"2.194408653e-16"
					],
					[
						"5487.830304",
						"2.186398369e-16"
					],
					[
						"5492.591915",
						"2.152018757e-16"
					],
					[
						"5497.353525",
						"2.144542236e-16"
					],
					[
						"5502.115136",
						"2.278173992e-16"
					],
					[
						"5506.876747",
						"2.351961943e-16"
					],
					[
						"5511.638357",
						"2.173676993e-16"
					],
					[
						"5516.399968",
						"2.228205665e-16"
					],
					[
						"5521.161579",
						"2.237123863e-16"
					],
					[
						"5525.923189",
						"2.271030063e-16"
					],
					[
						"5530.6848",
						"2.210587512e-16"
					],
					[
						"5535.446411",
						"2.229105902e-16"
					],
					[
						"5540.208021",
						"2.323711012e-16"
					],
					[
						"5544.969632",
						"2.330668064e-16"
					],
					[
						"5549.731243",
						"2.251923117e-16"
					],
					[
						"5554.492853",
						"2.100961729e-16"
					],
					[
						"5559.254464",
						"2.063378612e-16"
					],
					[
						"5564.016075",
						"2.2582621e-16"
					],
					[
						"5568.777685",
						"2.292503671e-16"
					],
					[
						"5573.539296",
						"2.005372075e-16"
					],
					[
						"5578.300907",
						"1.960206823e-16"
					],
					[
						"5583.062517",
						"2.18159503e-16"
					],
					[
						"5587.824128",
						"2.146686288e-16"
					],
					[
						"5592.585739",
						"2.015224525e-16"
					],
					[
						"5597.347349",
						"2.02879611e-16"
					],
					[
						"5602.10896",
						"2.246336405e-16"
					],
					[
						"5606.870571",
						"2.074562094e-16"
					],
					[
						"5611.632182",
						"2.088694045e-16"
					],
					[
						"5616.393792",
						"2.102501344e-16"
					],
					[
						"5621.155403",
						"2.132961442e-16"
					],
					[
						"5625.917014",
						"2.046354309e-16"
					],
					[
						"5630.678624",
						"1.974836141e-16"
					],
					[
						"5635.440235",
						"2.036534947e-16"
					],
					[
						"5640.201846",
						"2.130685703e-16"
					],
					[
						"5644.963456",
						"2.136682299e-16"
					],
					[
						"5649.725067",
						"2.107162936e-16"
					],
					[
						"5654.486678",
						"2.189486069e-16"
					],
					[
						"5659.248288",
						"2.191067109e-16"
					],
					[
						"5664.009899",
						"2.081228905e-16"
					],
					[
						"5668.77151",
						"2.116400492e-16"
					],
					[
						"5673.53312",
						"2.118535016e-16"
					],
					[
						"5678.294731",
						"2.115239131e-16"
					],
					[
						"5683.056342",
						"2.113948332e-16"
					],
					[
						"5687.817952",
						"2.001232731e-16"
					],
					[
						"5692.579563",
						"2.090011843e-16"
					],
					[
						"5697.341174",
						"2.092267597e-16"
					],
					[
						"5702.102784",
						"2.161905088e-16"
					],
					[
						"5706.864395",
						"2.222567073e-16"
					],
					[
						"5711.626006",
						"2.286230863e-16"
					],
					[
						"5716.387616",
						"2.203688032e-16"
					],
					[
						"5721.149227",
						"2.282925052e-16"
					],
					[
						"5725.910838",
						"2.134038101e-16"
					],
					[
						"5730.672448",
						"2.180535048e-16"
					],
					[
						"5735.434059",
						"2.181123471e-16"
					],
					[
						"5740.19567",
						"2.155185999e-16"
					],
					[
						"5744.95728",
						"2.187402235e-16"
					],
					[
						"5749.718891",
						"2.247870329e-16"
					],
					[
						"5754.480502",
						"2.264768636e-16"
					],
					[
						"5759.242113",
						"2.225544393e-16"
					],
					[
						"5764.003723",
						"2.197097983e-16"
					],
					[
						"5768.765334",
						"2.093100072e-16"
					],
					[
						"5773.526945",
						"2.115006197e-16"
					],
					[
						"5778.288555",
						"2.164729545e-16"
					],
					[
						"5783.050166",
						"2.133822504e-16"
					],
					[
						"5787.811777",
						"2.236930899e-16"
					],
					[
						"5792.573387",
						"2.214094626e-16"
					],
					[
						"5797.334998",
						"2.210146658e-16"
					],
					[
						"5802.096609",
						"2.30480656e-16"
					],
					[
						"5806.858219",
						"2.105323154e-16"
					],
					[
						"5811.61983",
						"2.11433757e-16"
					],
					[
						"5816.381441",
						"2.117407932e-16"
					],
					[
						"5821.143051",
						"2.313328241e-16"
					],
					[
						"5825.904662",
						"2.270211617e-16"
					],
					[
						"5830.666273",
						"2.222958825e-16"
					],
					[
						"5835.427883",
						"2.081187745e-16"
					],
					[
						"5840.189494",
						"2.123511731e-16"
					],
					[
						"5844.951105",
						"2.122208359e-16"
					],
					[
						"5849.712715",
						"2.185116305e-16"
					],
					[
						"5854.474326",
						"2.277117053e-16"
					],
					[
						"5859.235937",
						"2.289396384e-16"
					],
					[
						"5863.997547",
						"2.180686852e-16"
					],
					[
						"5868.759158",
						"2.211722007e-16"
					],
					[
						"5873.520769",
						"2.315364297e-16"
					],
					[
						"5878.282379",
						"2.261309566e-16"
					],
					[
						"5883.04399",
						"2.101269175e-16"
					],
					[
						"5887.805601",
						"2.032692859e-16"
					],
					[
						"5892.567211",
						"2.158636732e-16"
					],
					[
						"5897.328822",
						"2.165405584e-16"
					],
					[
						"5902.090433",
						"2.020858088e-16"
					],
					[
						"5906.852044",
						"2.040838933e-16"
					],
					[
						"5911.613654",
						"2.168544105e-16"
					],
					[
						"5916.375265",
						"2.318141506e-16"
					],
					[
						"5921.136876",
						"2.162967982e-16"
					],
					[
						"5925.898486",
						"2.064204734e-16"
					],
					[
						"5930.660097",
						"2.211386767e-16"
					],
					[
						"5935.421708",
						"2.121004381e-16"
					],
					[
						"5940.183318",
						"2.073360234e-16"
					],
					[
						"5944.944929",
						"2.06742518e-16"
					],
					[
						"5949.70654",
						"1.974679572e-16"
					],
					[
						"5954.46815",
						"2.111312074e-16"
					],
					[
						"5959.229761",
						"2.031478954e-16"
					],
					[
						"5963.991372",
						"2.048454686e-16"
					],
					[
						"5968.752982",
						"2.110766665e-16"
					],
					[
						"5973.514593",
						"2.09399475e-16"
					],
					[
						"5978.276204",
						"2.027048443e-16"
					],
					[
						"5983.037814",
						"2.057842723e-16"
					],
					[
						"5987.799425",
						"2.165363629e-16"
					],
					[
						"5992.561036",
						"2.021332294e-16"
					],
					[
						"5997.322646",
						"2.101451023e-16"
					],
					[
						"6002.084257",
						"2.133514131e-16"
					],
					[
						"6006.845868",
						"2.083055849e-16"
					],
					[
						"6011.607478",
						"2.239621022e-16"
					],
					[
						"6016.369089",
						"2.060167696e-16"
					],
					[
						"6021.1307",
						"1.96801329e-16"
					],
					[
						"6025.89231",
						"2.101074755e-16"
					],
					[
						"6030.653921",
						"1.950164189e-16"
					],
					[
						"6035.415532",
						"1.87571661e-16"
					],
					[
						"6040.177142",
						"1.954631096e-16"
					],
					[
						"6044.938753",
						"1.962519752e-16"
					],
					[
						"6049.700364",
						"1.963666158e-16"
					],
					[
						"6054.461975",
						"1.97193942e-16"
					],
					[
						"6059.223585",
						"1.948899462e-16"
					],
					[
						"6063.985196",
						"1.873222495e-16"
					],
					[
						"6068.746807",
						"1.827507333e-16"
					],
					[
						"6073.508417",
						"1.928766151e-16"
					],
					[
						"6078.270028",
						"2.023578916e-16"
					],
					[
						"6083.031639",
						"1.972347584e-16"
					],
					[
						"6087.793249",
						"1.889911294e-16"
					],
					[
						"6092.55486",
						"1.900125717e-16"
					],
					[
						"6097.316471",
						"1.938878136e-16"
					],
					[
						"6102.078081",
						"1.795302611e-16"
					],
					[
						"6106.839692",
						"1.805715822e-16"
					],
					[
						"6111.601303",
						"1.903412999e-16"
					],
					[
						"6116.362913",
						"1.862936603e-16"
					],
					[
						"6121.124524",
						"1.822699494e-16"
					],
					[
						"6125.886135",
						"1.889206801e-16"
					],
					[
						"6130.647745",
						"1.798240359e-16"
					],
					[
						"6135.409356",
						"1.747617038e-16"
					],
					[
						"6140.170967",
						"1.861093513e-16"
					],
					[
						"6144.932577",
						"1.855891671e-16"
					],
					[
						"6149.694188",
						"1.885869359e-16"
					],
					[
						"6154.455799",
						"1.870924521e-16"
					],
					[
						"6159.217409",
						"1.780778775e-16"
					],
					[
						"6163.97902",
						"1.804283674e-16"
					],
					[
						"6168.740631",
						"1.864592156e-16"
					],
					[
						"6173.502241",
						"1.833471503e-16"
					],
					[
						"6178.263852",
						"1.785369296e-16"
					],
					[
						"6183.025463",
						"1.83862464e-16"
					],
					[
						"6187.787073",
						"1.82929219e-16"
					],
					[
						"6192.548684",
						"1.766294776e-16"
					],
					[
						"6197.310295",
						"1.97766126e-16"
					],
					[
						"6202.071906",
						"1.915047261e-16"
					],
					[
						"6206.833516",
						"1.9521882e-16"
					],
					[
						"6211.595127",
						"1.959084637e-16"
					],
					[
						"6216.356738",
						"1.811318018e-16"
					],
					[
						"6221.118348",
						"1.777206678e-16"
					],
					[
						"6225.879959",
						"1.679569058e-16"
					],
					[
						"6230.64157",
						"1.76928295e-16"
					],
					[
						"6235.40318",
						"1.799837016e-16"
					],
					[
						"6240.164791",
						"1.91904261e-16"
					],
					[
						"6244.926402",
						"1.917776428e-16"
					],
					[
						"6249.688012",
						"1.822893253e-16"
					],
					[
						"6254.449623",
						"1.861245978e-16"
					],
					[
						"6259.211234",
						"1.85416346e-16"
					],
					[
						"6263.972844",
						"1.863658567e-16"
					],
					[
						"6268.734455",
						"1.94019342e-16"
					],
					[
						"6273.496066",
						"1.881088122e-16"
					],
					[
						"6278.257676",
						"1.840085904e-16"
					],
					[
						"6283.019287",
						"1.866261737e-16"
					],
					[
						"6287.780898",
						"1.775170755e-16"
					],
					[
						"6292.542508",
						"1.738548889e-16"
					],
					[
						"6297.304119",
						"1.90003797e-16"
					],
					[
						"6302.06573",
						"1.889139303e-16"
					],
					[
						"6306.82734",
						"1.812041835e-16"
					],
					[
						"6311.588951",
						"1.805400037e-16"
					],
					[
						"6316.350562",
						"1.896405257e-16"
					],
					[
						"6321.112172",
						"1.856038976e-16"
					],
					[
						"6325.873783",
						"1.807227776e-16"
					],
					[
						"6330.635394",
						"1.848114983e-16"
					],
					[
						"6335.397004",
						"1.878774399e-16"
					],
					[
						"6340.158615",
						"1.83597753e-16"
					],
					[
						"6344.920226",
						"1.804731411e-16"
					],
					[
						"6349.681837",
						"1.932218737e-16"
					],
					[
						"6354.443447",
						"1.952421796e-16"
					],
					[
						"6359.205058",
						"1.90480478e-16"
					],
					[
						"6363.966669",
						"1.938365417e-16"
					],
					[
						"6368.728279",
						"1.908238175e-16"
					],
					[
						"6373.48989",
						"1.909149662e-16"
					],
					[
						"6378.251501",
						"1.904569993e-16"
					],
					[
						"6383.013111",
						"1.992668964e-16"
					],
					[
						"6387.774722",
						"1.91422961e-16"
					],
					[
						"6392.536333",
						"1.882939022e-16"
					],
					[
						"6397.297943",
						"2.008952246e-16"
					],
					[
						"6402.059554",
						"1.988630205e-16"
					],
					[
						"6406.821165",
						"1.791331217e-16"
					],
					[
						"6411.582775",
						"1.832492254e-16"
					],
					[
						"6416.344386",
						"1.85921879e-16"
					],
					[
						"6421.105997",
						"2.043347342e-16"
					],
					[
						"6425.867607",
						"1.97892281e-16"
					],
					[
						"6430.629218",
						"1.95338609e-16"
					],
					[
						"6435.390829",
						"1.959001389e-16"
					],
					[
						"6440.152439",
						"1.780385699e-16"
					],
					[
						"6444.91405",
						"1.750907099e-16"
					],
					[
						"6449.675661",
						"1.899842755e-16"
					],
					[
						"6454.437271",
						"1.922047724e-16"
					],
					[
						"6459.198882",
						"1.904807824e-16"
					],
					[
						"6463.960493",
						"1.890474041e-16"
					],
					[
						"6468.722103",
						"1.781821684e-16"
					],
					[
						"6473.483714",
						"1.752531417e-16"
					],
					[
						"6478.245325",
						"1.721356237e-16"
					],
					[
						"6483.006935",
						"1.821872181e-16"
					],
					[
						"6487.768546",
						"1.902124715e-16"
					],
					[
						"6492.530157",
						"1.903810178e-16"
					],
					[
						"6497.291768",
						"1.724005995e-16"
					],
					[
						"6502.053378",
						"1.744048382e-16"
					],
					[
						"6506.814989",
						"1.906247912e-16"
					],
					[
						"6511.5766",
						"1.739341658e-16"
					],
					[
						"6516.33821",
						"1.634818984e-16"
					],
					[
						"6521.099821",
						"1.716125412e-16"
					],
					[
						"6525.861432",
						"1.740135355e-16"
					],
					[
						"6530.623042",
						"1.738662576e-16"
					],
					[
						"6535.384653",
						"1.764821468e-16"
					],
					[
						"6540.146264",
						"1.754478534e-16"
					],
					[
						"6544.907874",
						"1.621748736e-16"
					],
					[
						"6549.669485",
						"1.575470826e-16"
					],
					[
						"6554.431096",
						"1.78135039e-16"
					],
					[
						"6559.192706",
						"1.819645279e-16"
					],
					[
						"6563.954317",
						"1.670903117e-16"
					],
					[
						"6568.715928",
						"1.631241726e-16"
					],
					[
						"6573.477538",
						"1.654020824e-16"
					],
					[
						"6578.239149",
						"1.688581489e-16"
					],
					[
						"6583.00076",
						"1.717194791e-16"
					],
					[
						"6587.76237",
						"1.696285915e-16"
					],
					[
						"6592.523981",
						"1.665454445e-16"
					],
					[
						"6597.285592",
						"1.805065459e-16"
					],
					[
						"6602.047202",
						"1.767583193e-16"
					],
					[
						"6606.808813",
						"1.70339186e-16"
					],
					[
						"6611.570424",
						"1.699293411e-16"
					],
					[
						"6616.332034",
						"1.616278888e-16"
					],
					[
						"6621.093645",
						"1.601475797e-16"
					],
					[
						"6625.855256",
						"1.652058222e-16"
					],
					[
						"6630.616866",
						"1.697869602e-16"
					],
					[
						"6635.378477",
						"1.743015002e-16"
					],
					[
						"6640.140088",
						"1.690006224e-16"
					],
					[
						"6644.901699",
						"1.728887684e-16"
					],
					[
						"6649.663309",
						"2.000305363e-16"
					],
					[
						"6654.42492",
						"2.010614548e-16"
					],
					[
						"6659.186531",
						"1.713496698e-16"
					],
					[
						"6663.948141",
						"1.784464824e-16"
					],
					[
						"6668.709752",
						"1.797503043e-16"
					],
					[
						"6673.471363",
						"1.730741098e-16"
					],
					[
						"6678.232973",
						"1.730883637e-16"
					],
					[
						"6682.994584",
						"1.619092361e-16"
					],
					[
						"6687.756195",
						"1.674428759e-16"
					],
					[
						"6692.517805",
						"1.665443857e-16"
					],
					[
						"6697.279416",
						"1.647714134e-16"
					],
					[
						"6702.041027",
						"1.580031172e-16"
					],
					[
						"6706.802637",
						"1.55912362e-16"
					],
					[
						"6711.564248",
						"1.551674892e-16"
					],
					[
						"6716.325859",
						"1.648658708e-16"
					],
					[
						"6721.087469",
						"1.733257844e-16"
					],
					[
						"6725.84908",
						"1.653180144e-16"
					],
					[
						"6730.610691",
						"1.622883363e-16"
					],
					[
						"6735.372301",
						"1.61211281e-16"
					],
					[
						"6740.133912",
						"1.623838525e-16"
					],
					[
						"6744.895523",
						"1.592388721e-16"
					],
					[
						"6749.657133",
						"1.574540546e-16"
					],
					[
						"6754.418744",
						"1.61676183e-16"
					],
					[
						"6759.180355",
						"1.663136089e-16"
					],
					[
						"6763.941965",
						"1.601410946e-16"
					],
					[
						"6768.703576",
						"1.554431057e-16"
					],
					[
						"6773.465187",
						"1.575561353e-16"
					],
					[
						"6778.226797",
						"1.606377603e-16"
					],
					[
						"6782.988408",
						"1.503217063e-16"
					],
					[
						"6787.750019",
						"1.560237865e-16"
					],
					[
						"6792.51163",
						"1.620870072e-16"
					],
					[
						"6797.27324",
						"1.574948181e-16"
					],
					[
						"6802.034851",
						"1.686804308e-16"
					],
					[
						"6806.796462",
						"1.670036496e-16"
					],
					[
						"6811.558072",
						"1.604172935e-16"
					],
					[
						"6816.319683",
						"1.650841141e-16"
					],
					[
						"6821.081294",
						"1.602096645e-16"
					],
					[
						"6825.842904",
						"1.660648857e-16"
					],
					[
						"6830.604515",
						"1.548455505e-16"
					],
					[
						"6835.366126",
						"1.480243147e-16"
					],
					[
						"6840.127736",
						"1.413781766e-16"
					],
					[
						"6844.889347",
						"1.273503448e-16"
					],
					[
						"6849.650958",
						"1.408834696e-16"
					],
					[
						"6854.412568",
						"1.53020843e-16"
					],
					[
						"6859.174179",
						"1.520985697e-16"
					],
					[
						"6863.93579",
						"1.64249694e-16"
					],
					[
						"6868.6974",
						"1.61578933e-16"
					],
					[
						"6873.459011",
						"1.45366643e-16"
					],
					[
						"6878.220622",
						"1.361434071e-16"
					],
					[
						"6882.982232",
						"1.496130706e-16"
					],
					[
						"6887.743843",
						"1.580932336e-16"
					],
					[
						"6892.505454",
						"1.433995413e-16"
					],
					[
						"6897.267064",
						"1.360743342e-16"
					],
					[
						"6902.028675",
						"1.441663443e-16"
					],
					[
						"6906.790286",
						"1.445257642e-16"
					],
					[
						"6911.551896",
						"1.363255589e-16"
					],
					[
						"6916.313507",
						"1.327991357e-16"
					],
					[
						"6921.075118",
						"1.326567283e-16"
					],
					[
						"6925.836728",
						"1.331226626e-16"
					],
					[
						"6930.598339",
						"1.447314874e-16"
					],
					[
						"6935.35995",
						"1.463842869e-16"
					],
					[
						"6940.121561",
						"1.347213182e-16"
					],
					[
						"6944.883171",
						"1.31818073e-16"
					],
					[
						"6949.644782",
						"1.310979495e-16"
					],
					[
						"6954.406393",
						"1.362652078e-16"
					],
					[
						"6959.168003",
						"1.399565774e-16"
					],
					[
						"6963.929614",
						"1.348822412e-16"
					],
					[
						"6968.691225",
						"1.370872665e-16"
					],
					[
						"6973.452835",
						"1.464725901e-16"
					],
					[
						"6978.214446",
						"1.485855138e-16"
					],
					[
						"6982.976057",
						"1.422360224e-16"
					],
					[
						"6987.737667",
						"1.378637045e-16"
					],
					[
						"6992.499278",
						"1.341799847e-16"
					],
					[
						"6997.260889",
						"1.279353667e-16"
					],
					[
						"7002.022499",
						"1.315204204e-16"
					],
					[
						"7006.78411",
						"1.410734432e-16"
					],
					[
						"7011.545721",
						"1.399210284e-16"
					],
					[
						"7016.307331",
						"1.378014741e-16"
					],
					[
						"7021.068942",
						"1.258425203e-16"
					],
					[
						"7025.830553",
						"1.348600331e-16"
					],
					[
						"7030.592163",
						"1.320624553e-16"
					],
					[
						"7035.353774",
						"1.335247518e-16"
					],
					[
						"7040.115385",
						"1.182941333e-16"
					],
					[
						"7044.876995",
						"1.279015912e-16"
					],
					[
						"7049.638606",
						"1.239719142e-16"
					],
					[
						"7054.400217",
						"1.215397517e-16"
					],
					[
						"7059.161827",
						"1.242230198e-16"
					],
					[
						"7063.923438",
						"1.216728815e-16"
					],
					[
						"7068.685049",
						"1.193276855e-16"
					],
					[
						"7073.446659",
						"1.296274209e-16"
					],
					[
						"7078.20827",
						"1.314339965e-16"
					],
					[
						"7082.969881",
						"1.175524897e-16"
					],
					[
						"7087.731492",
						"1.150397797e-16"
					],
					[
						"7092.493102",
						"1.15382709e-16"
					],
					[
						"7097.254713",
						"1.218717225e-16"
					],
					[
						"7102.016324",
						"1.070079619e-16"
					],
					[
						"7106.777934",
						"1.048972947e-16"
					],
					[
						"7111.539545",
						"1.171400509e-16"
					],
					[
						"7116.301156",
						"1.23030715e-16"
					],
					[
						"7121.062766",
						"1.208781264e-16"
					],
					[
						"7125.824377",
						"1.140681271e-16"
					],
					[
						"7130.585988",
						"1.003765144e-16"
					],
					[
						"7135.347598",
						"1.185043959e-16"
					],
					[
						"7140.109209",
						"1.261409274e-16"
					],
					[
						"7144.87082",
						"1.211088899e-16"
					],
					[
						"7149.63243",
						"1.20986851e-16"
					],
					[
						"7154.394041",
						"1.140410749e-16"
					],
					[
						"7159.155652",
						"1.09872303e-16"
					],
					[
						"7163.917262",
						"1.051520862e-16"
					],
					[
						"7168.678873",
						"1.079160143e-16"
					],
					[
						"7173.440484",
						"1.111804594e-16"
					],
					[
						"7178.202094",
						"9.255147188e-17"
					],
					[
						"7182.963705",
						"9.87501781e-17"
					],
					[
						"7187.725316",
						"9.512536016e-17"
					],
					[
						"7192.486926",
						"9.468255384e-17"
					],
					[
						"7197.248537",
						"9.874476503e-17"
					],
					[
						"7202.010148",
						"1.030559377e-16"
					],
					[
						"7206.771758",
						"9.590184453e-17"
					],
					[
						"7211.533369",
						"9.589946887e-17"
					],
					[
						"7216.29498",
						"1.107767688e-16"
					],
					[
						"7221.05659",
						"1.140762665e-16"
					],
					[
						"7225.818201",
						"1.1786302e-16"
					],
					[
						"7230.579812",
						"1.175600336e-16"
					],
					[
						"7235.341423",
						"1.120258247e-16"
					],
					[
						"7240.103033",
						"1.033065271e-16"
					],
					[
						"7244.864644",
						"9.39715557e-17"
					],
					[
						"7249.626255",
						"1.060661274e-16"
					],
					[
						"7254.387865",
						"1.236856965e-16"
					],
					[
						"7259.149476",
						"1.166820443e-16"
					],
					[
						"7263.911087",
						"1.147841346e-16"
					],
					[
						"7268.672697",
						"1.178226271e-16"
					],
					[
						"7273.434308",
						"1.093911949e-16"
					],
					[
						"7278.195919",
						"1.248174384e-16"
					],
					[
						"7282.957529",
						"1.108762952e-16"
					]
				],
				"source":"9"
			}
		]
	}
}