{
	"ASASSN-15cd":{
		"schema":"https://github.com/astrocatalogs/supernovae/blob/a0bc0b9/SCHEMA.md",
		"name":"ASASSN-15cd",
		"sources":[
			{
				"name":"2016A&A...594A..13P",
				"bibcode":"2016A&A...594A..13P",
				"reference":"Planck Collaboration et al. (2016)",
				"alias":"1"
			},
			{
				"name":"2015ATel.7000....1C",
				"bibcode":"2015ATel.7000....1C",
				"reference":"Conseil et al. (2015)",
				"alias":"2"
			},
			{
				"name":"2015ATel.7003....1M",
				"bibcode":"2015ATel.7003....1M",
				"reference":"Migotto et al. (2015)",
				"alias":"3"
			},
			{
				"name":"2011ApJ...737..103S",
				"bibcode":"2011ApJ...737..103S",
				"reference":"Schlafly & Finkbeiner (2011)",
				"alias":"4"
			},
			{
				"name":"ASAS-SN Supernovae",
				"url":"http://www.astronomy.ohio-state.edu/~assassin/sn_list.html",
				"alias":"5"
			},
			{
				"name":"Latest Supernovae",
				"secondary":true,
				"url":"http://www.rochesterastronomy.org/snimages/snredshiftall.html",
				"alias":"6"
			},
			{
				"name":"The Open Supernova Catalog",
				"bibcode":"2017ApJ...835...64G",
				"reference":"Guillochon et al. (2017)",
				"secondary":true,
				"url":"https://sne.space",
				"alias":"7"
			},
			{
				"name":"WISeREP",
				"bibcode":"2012PASP..124..668Y",
				"reference":"Yaron & Gal-Yam (2012)",
				"secondary":true,
				"url":"http://wiserep.weizmann.ac.il/",
				"alias":"8"
			},
			{
				"name":"SIMBAD astronomical database",
				"bibcode":"2000A&AS..143....9W",
				"reference":"Wenger et al. (2000)",
				"secondary":true,
				"url":"http://simbad.u-strasbg.fr/",
				"alias":"9"
			}
		],
		"alias":[
			{
				"value":"ASASSN-15cd",
				"source":"2,5,6,8,9"
			}
		],
		"claimedtype":[
			{
				"value":"Ia",
				"source":"2,3,5,6,8,9"
			}
		],
		"comovingdist":[
			{
				"value":"150.81",
				"derived":true,
				"u_value":"Mpc",
				"source":"1,2,5,7"
			}
		],
		"dec":[
			{
				"value":"+12:59:18.27",
				"u_value":"degrees",
				"source":"2,9"
			},
			{
				"value":"+12:59:18.3",
				"u_value":"degrees",
				"source":"2,6"
			},
			{
				"value":"+12:59:18.24",
				"u_value":"degrees",
				"source":"2,5"
			}
		],
		"discoverdate":[
			{
				"value":"2015/01/26",
				"source":"2,6"
			}
		],
		"discoverer":[
			{
				"value":"ASAS-SN",
				"source":"2,6"
			}
		],
		"ebv":[
			{
				"value":"0.0261",
				"derived":true,
				"e_value":"0.0025",
				"source":"4,7"
			}
		],
		"host":[
			{
				"value":"CGCG 064-017",
				"source":"2,5,6"
			}
		],
		"hostoffsetang":[
			{
				"value":"3.85",
				"u_value":"arcseconds",
				"source":"2,5"
			}
		],
		"lumdist":[
			{
				"value":"155.992",
				"derived":true,
				"u_value":"Mpc",
				"source":"1,2,5,7"
			}
		],
		"maxabsmag":[
			{
				"value":"-19.8288",
				"derived":true,
				"source":"1,2,5,7"
			}
		],
		"maxappmag":[
			{
				"value":"16.1",
				"derived":true,
				"source":"2,6,7"
			}
		],
		"maxdate":[
			{
				"value":"2015/02/12",
				"derived":true,
				"source":"2,6,7"
			}
		],
		"maxvisualabsmag":[
			{
				"value":"-19.8655",
				"derived":true,
				"source":"1,2,5,7"
			}
		],
		"maxvisualappmag":[
			{
				"value":"16.1",
				"derived":true,
				"source":"2,6,7"
			}
		],
		"maxvisualdate":[
			{
				"value":"2015/02/12",
				"derived":true,
				"source":"2,6,7"
			}
		],
		"ra":[
			{
				"value":"09:59:14.990",
				"u_value":"hours",
				"source":"2,9"
			},
			{
				"value":"09:59:14.99",
				"u_value":"hours",
				"source":"2,6"
			},
			{
				"value":"09:59:14.88",
				"u_value":"hours",
				"source":"2,5"
			}
		],
		"redshift":[
			{
				"value":"0.034352",
				"source":"2,5"
			}
		],
		"velocity":[
			{
				"value":"10122",
				"u_value":"km/s",
				"source":"7"
			}
		],
		"photometry":[
			{
				"time":"57065.5",
				"magnitude":"16.1",
				"u_time":"MJD",
				"source":"2,6"
			}
		],
		"spectra":[
			{
				"time":"57050.0",
				"filename":"tASASSN-15cd_20150127_Gr13_Free_slit1.0_1_f.asci",
				"instrument":"ESO-NTT - EFOSC2-NTT",
				"observer":"C. Fremling, A. Nyholm",
				"redshift":"0.034",
				"reducer":"K. Migotto, E. Karamehmetoglu, F. Taddia, J. Sollerman",
				"reduction":"rapid",
				"survey":"PESSTO",
				"u_fluxes":"erg/s/cm^2/Angstrom",
				"u_time":"MJD",
				"u_wavelengths":"Angstrom",
				"data":[
					[
						"3642.047852",
						"8.48405e-16"
					],
					[
						"3647.56578",
						"9.50979e-16"
					],
					[
						"3653.083709",
						"9.28595e-16"
					],
					[
						"3658.601637",
						"9.8464e-16"
					],
					[
						"3664.119566",
						"1.08178e-15"
					],
					[
						"3669.637495",
						"9.90744e-16"
					],
					[
						"3675.155423",
						"1.02952e-15"
					],
					[
						"3680.673352",
						"1.03169e-15"
					],
					[
						"3686.19128",
						"1.04451e-15"
					],
					[
						"3691.709209",
						"1.0437e-15"
					],
					[
						"3697.227138",
						"1.0542e-15"
					],
					[
						"3702.745066",
						"1.02446e-15"
					],
					[
						"3708.262995",
						"9.9214e-16"
					],
					[
						"3713.780923",
						"9.97842e-16"
					],
					[
						"3719.298852",
						"9.95239e-16"
					],
					[
						"3724.816781",
						"9.50075e-16"
					],
					[
						"3730.334709",
						"1.05405e-15"
					],
					[
						"3735.852638",
						"9.86161e-16"
					],
					[
						"3741.370566",
						"1.02736e-15"
					],
					[
						"3746.888495",
						"9.87457e-16"
					],
					[
						"3752.406424",
						"9.30467e-16"
					],
					[
						"3757.924352",
						"9.37248e-16"
					],
					[
						"3763.442281",
						"9.049e-16"
					],
					[
						"3768.960209",
						"1.00158e-15"
					],
					[
						"3774.478138",
						"7.95503e-16"
					],
					[
						"3779.996067",
						"7.76644e-16"
					],
					[
						"3785.513995",
						"7.27372e-16"
					],
					[
						"3791.031924",
						"7.70727e-16"
					],
					[
						"3796.549852",
						"6.59219e-16"
					],
					[
						"3802.067781",
						"6.15763e-16"
					],
					[
						"3807.58571",
						"5.99187e-16"
					],
					[
						"3813.103638",
						"5.46962e-16"
					],
					[
						"3818.621567",
						"5.3108e-16"
					],
					[
						"3824.139495",
						"4.68135e-16"
					],
					[
						"3829.657424",
						"4.53957e-16"
					],
					[
						"3835.175353",
						"4.36605e-16"
					],
					[
						"3840.693281",
						"4.05029e-16"
					],
					[
						"3846.21121",
						"4.03057e-16"
					],
					[
						"3851.729138",
						"3.85673e-16"
					],
					[
						"3857.247067",
						"4.00447e-16"
					],
					[
						"3862.764996",
						"3.77531e-16"
					],
					[
						"3868.282924",
						"4.17143e-16"
					],
					[
						"3873.800853",
						"4.51951e-16"
					],
					[
						"3879.318781",
						"4.51103e-16"
					],
					[
						"3884.83671",
						"4.61442e-16"
					],
					[
						"3890.354639",
						"4.49583e-16"
					],
					[
						"3895.872567",
						"4.4171e-16"
					],
					[
						"3901.390496",
						"3.91117e-16"
					],
					[
						"3906.908424",
						"4.35649e-16"
					],
					[
						"3912.426353",
						"4.31697e-16"
					],
					[
						"3917.944282",
						"4.00498e-16"
					],
					[
						"3923.46221",
						"3.95699e-16"
					],
					[
						"3928.980139",
						"4.15737e-16"
					],
					[
						"3934.498067",
						"3.85553e-16"
					],
					[
						"3940.015996",
						"4.39664e-16"
					],
					[
						"3945.533925",
						"4.37123e-16"
					],
					[
						"3951.051853",
						"5.16204e-16"
					],
					[
						"3956.569782",
						"5.42598e-16"
					],
					[
						"3962.08771",
						"5.81088e-16"
					],
					[
						"3967.605639",
						"6.04389e-16"
					],
					[
						"3973.123568",
						"6.51005e-16"
					],
					[
						"3978.641496",
						"6.75919e-16"
					],
					[
						"3984.159425",
						"7.48309e-16"
					],
					[
						"3989.677353",
						"7.85557e-16"
					],
					[
						"3995.195282",
						"8.20273e-16"
					],
					[
						"4000.713211",
						"8.81536e-16"
					],
					[
						"4006.231139",
						"9.09045e-16"
					],
					[
						"4011.749068",
						"9.12619e-16"
					],
					[
						"4017.266996",
						"9.55548e-16"
					],
					[
						"4022.784925",
						"9.48788e-16"
					],
					[
						"4028.302854",
						"1.01539e-15"
					],
					[
						"4033.820782",
						"9.93375e-16"
					],
					[
						"4039.338711",
						"1.01804e-15"
					],
					[
						"4044.856639",
						"1.07542e-15"
					],
					[
						"4050.374568",
						"1.0568e-15"
					],
					[
						"4055.892497",
						"1.12826e-15"
					],
					[
						"4061.410425",
						"1.05146e-15"
					],
					[
						"4066.928354",
						"1.13243e-15"
					],
					[
						"4072.446282",
						"1.02032e-15"
					],
					[
						"4077.964211",
						"1.12551e-15"
					],
					[
						"4083.48214",
						"1.11628e-15"
					],
					[
						"4089.000068",
						"1.10743e-15"
					],
					[
						"4094.517997",
						"1.09764e-15"
					],
					[
						"4100.035925",
						"1.04652e-15"
					],
					[
						"4105.553854",
						"1.01466e-15"
					],
					[
						"4111.071783",
						"1.02591e-15"
					],
					[
						"4116.589711",
						"9.78076e-16"
					],
					[
						"4122.10764",
						"9.62566e-16"
					],
					[
						"4127.625568",
						"9.33362e-16"
					],
					[
						"4133.143497",
						"8.92075e-16"
					],
					[
						"4138.661426",
						"9.15282e-16"
					],
					[
						"4144.179354",
						"9.35098e-16"
					],
					[
						"4149.697283",
						"9.34963e-16"
					],
					[
						"4155.215211",
						"9.91552e-16"
					],
					[
						"4160.73314",
						"1.03456e-15"
					],
					[
						"4166.251069",
						"1.06566e-15"
					],
					[
						"4171.768997",
						"1.04161e-15"
					],
					[
						"4177.286926",
						"1.08349e-15"
					],
					[
						"4182.804854",
						"1.04185e-15"
					],
					[
						"4188.322783",
						"1.12029e-15"
					],
					[
						"4193.840712",
						"1.06351e-15"
					],
					[
						"4199.35864",
						"1.08885e-15"
					],
					[
						"4204.876569",
						"1.06142e-15"
					],
					[
						"4210.394497",
						"1.123e-15"
					],
					[
						"4215.912426",
						"1.12641e-15"
					],
					[
						"4221.430355",
						"1.08214e-15"
					],
					[
						"4226.948283",
						"1.10863e-15"
					],
					[
						"4232.466212",
						"1.10215e-15"
					],
					[
						"4237.98414",
						"1.10305e-15"
					],
					[
						"4243.502069",
						"1.10886e-15"
					],
					[
						"4249.019998",
						"1.11306e-15"
					],
					[
						"4254.537926",
						"1.06483e-15"
					],
					[
						"4260.055855",
						"1.05442e-15"
					],
					[
						"4265.573783",
						"1.0316e-15"
					],
					[
						"4271.091712",
						"9.52933e-16"
					],
					[
						"4276.609641",
						"9.89288e-16"
					],
					[
						"4282.127569",
						"9.99084e-16"
					],
					[
						"4287.645498",
						"9.58186e-16"
					],
					[
						"4293.163426",
						"9.43106e-16"
					],
					[
						"4298.681355",
						"9.61117e-16"
					],
					[
						"4304.199284",
						"9.42569e-16"
					],
					[
						"4309.717212",
						"9.0167e-16"
					],
					[
						"4315.235141",
						"9.27061e-16"
					],
					[
						"4320.753069",
						"9.32053e-16"
					],
					[
						"4326.270998",
						"9.12316e-16"
					],
					[
						"4331.788927",
						"8.81234e-16"
					],
					[
						"4337.306855",
						"8.75294e-16"
					],
					[
						"4342.824784",
						"8.17949e-16"
					],
					[
						"4348.342712",
						"8.3805e-16"
					],
					[
						"4353.860641",
						"7.8231e-16"
					],
					[
						"4359.37857",
						"7.71364e-16"
					],
					[
						"4364.896498",
						"7.45303e-16"
					],
					[
						"4370.414427",
						"7.61694e-16"
					],
					[
						"4375.932355",
						"7.30145e-16"
					],
					[
						"4381.450284",
						"7.10832e-16"
					],
					[
						"4386.968213",
						"6.93519e-16"
					],
					[
						"4392.486141",
						"6.76248e-16"
					],
					[
						"4398.00407",
						"7.04466e-16"
					],
					[
						"4403.521998",
						"6.9471e-16"
					],
					[
						"4409.039927",
						"6.65018e-16"
					],
					[
						"4414.557856",
						"6.43294e-16"
					],
					[
						"4420.075784",
						"6.63598e-16"
					],
					[
						"4425.593713",
						"6.26654e-16"
					],
					[
						"4431.111641",
						"6.02218e-16"
					],
					[
						"4436.62957",
						"5.90979e-16"
					],
					[
						"4442.147499",
						"5.8174e-16"
					],
					[
						"4447.665427",
						"5.74876e-16"
					],
					[
						"4453.183356",
						"5.79828e-16"
					],
					[
						"4458.701284",
						"5.43633e-16"
					],
					[
						"4464.219213",
						"5.88391e-16"
					],
					[
						"4469.737142",
						"6.1361e-16"
					],
					[
						"4475.25507",
						"6.30857e-16"
					],
					[
						"4480.772999",
						"6.47447e-16"
					],
					[
						"4486.290927",
						"6.36264e-16"
					],
					[
						"4491.808856",
						"6.383e-16"
					],
					[
						"4497.326785",
						"6.46488e-16"
					],
					[
						"4502.844713",
						"6.53449e-16"
					],
					[
						"4508.362642",
						"6.97691e-16"
					],
					[
						"4513.88057",
						"6.77802e-16"
					],
					[
						"4519.398499",
						"6.88137e-16"
					],
					[
						"4524.916428",
						"7.19997e-16"
					],
					[
						"4530.434356",
						"6.68606e-16"
					],
					[
						"4535.952285",
						"7.38254e-16"
					],
					[
						"4541.470213",
						"7.26611e-16"
					],
					[
						"4546.988142",
						"7.18783e-16"
					],
					[
						"4552.506071",
						"6.84315e-16"
					],
					[
						"4558.023999",
						"6.55801e-16"
					],
					[
						"4563.541928",
						"6.49075e-16"
					],
					[
						"4569.059856",
						"6.4441e-16"
					],
					[
						"4574.577785",
						"6.1539e-16"
					],
					[
						"4580.095714",
						"6.12466e-16"
					],
					[
						"4585.613642",
						"5.91843e-16"
					],
					[
						"4591.131571",
						"5.89541e-16"
					],
					[
						"4596.649499",
						"6.49851e-16"
					],
					[
						"4602.167428",
						"6.216e-16"
					],
					[
						"4607.685357",
						"6.4718e-16"
					],
					[
						"4613.203285",
						"7.18968e-16"
					],
					[
						"4618.721214",
						"7.40078e-16"
					],
					[
						"4624.239142",
						"7.25845e-16"
					],
					[
						"4629.757071",
						"7.40958e-16"
					],
					[
						"4635.275",
						"7.53617e-16"
					],
					[
						"4640.792928",
						"7.73476e-16"
					],
					[
						"4646.310857",
						"7.56544e-16"
					],
					[
						"4651.828785",
						"8.19618e-16"
					],
					[
						"4657.346714",
						"8.28862e-16"
					],
					[
						"4662.864643",
						"7.96821e-16"
					],
					[
						"4668.382571",
						"8.26654e-16"
					],
					[
						"4673.9005",
						"7.96448e-16"
					],
					[
						"4679.418428",
						"8.01392e-16"
					],
					[
						"4684.936357",
						"7.90126e-16"
					],
					[
						"4690.454286",
						"7.96053e-16"
					],
					[
						"4695.972214",
						"7.59309e-16"
					],
					[
						"4701.490143",
						"7.84124e-16"
					],
					[
						"4707.008071",
						"8.07493e-16"
					],
					[
						"4712.526",
						"7.70004e-16"
					],
					[
						"4718.043929",
						"7.59773e-16"
					],
					[
						"4723.561857",
						"7.82867e-16"
					],
					[
						"4729.079786",
						"7.89719e-16"
					],
					[
						"4734.597714",
						"7.96948e-16"
					],
					[
						"4740.115643",
						"7.79449e-16"
					],
					[
						"4745.633572",
						"7.94819e-16"
					],
					[
						"4751.1515",
						"7.94801e-16"
					],
					[
						"4756.669429",
						"7.9072e-16"
					],
					[
						"4762.187357",
						"7.68982e-16"
					],
					[
						"4767.705286",
						"7.58729e-16"
					],
					[
						"4773.223215",
						"7.64514e-16"
					],
					[
						"4778.741143",
						"7.61049e-16"
					],
					[
						"4784.259072",
						"7.43239e-16"
					],
					[
						"4789.777",
						"7.03371e-16"
					],
					[
						"4795.294929",
						"7.23397e-16"
					],
					[
						"4800.812858",
						"6.91893e-16"
					],
					[
						"4806.330786",
						"6.52403e-16"
					],
					[
						"4811.848715",
						"6.65279e-16"
					],
					[
						"4817.366643",
						"6.61625e-16"
					],
					[
						"4822.884572",
						"6.28816e-16"
					],
					[
						"4828.402501",
						"6.17511e-16"
					],
					[
						"4833.920429",
						"6.2576e-16"
					],
					[
						"4839.438358",
						"6.06159e-16"
					],
					[
						"4844.956286",
						"5.9807e-16"
					],
					[
						"4850.474215",
						"6.33853e-16"
					],
					[
						"4855.992144",
						"5.84171e-16"
					],
					[
						"4861.510072",
						"6.2772e-16"
					],
					[
						"4867.028001",
						"6.22342e-16"
					],
					[
						"4872.545929",
						"6.26692e-16"
					],
					[
						"4878.063858",
						"5.99326e-16"
					],
					[
						"4883.581787",
						"6.25241e-16"
					],
					[
						"4889.099715",
						"6.17279e-16"
					],
					[
						"4894.617644",
						"5.81379e-16"
					],
					[
						"4900.135572",
						"5.91228e-16"
					],
					[
						"4905.653501",
						"5.90427e-16"
					],
					[
						"4911.17143",
						"5.8009e-16"
					],
					[
						"4916.689358",
						"5.55429e-16"
					],
					[
						"4922.207287",
						"5.63788e-16"
					],
					[
						"4927.725215",
						"5.71623e-16"
					],
					[
						"4933.243144",
						"5.69061e-16"
					],
					[
						"4938.761073",
						"5.89668e-16"
					],
					[
						"4944.279001",
						"5.96771e-16"
					],
					[
						"4949.79693",
						"5.73064e-16"
					],
					[
						"4955.314858",
						"5.75871e-16"
					],
					[
						"4960.832787",
						"5.80476e-16"
					],
					[
						"4966.350716",
						"5.8195e-16"
					],
					[
						"4971.868644",
						"5.75212e-16"
					],
					[
						"4977.386573",
						"5.75355e-16"
					],
					[
						"4982.904501",
						"5.14863e-16"
					],
					[
						"4988.42243",
						"5.03833e-16"
					],
					[
						"4993.940359",
						"4.91605e-16"
					],
					[
						"4999.458287",
						"4.8605e-16"
					],
					[
						"5004.976216",
						"4.78448e-16"
					],
					[
						"5010.494144",
						"4.36214e-16"
					],
					[
						"5016.012073",
						"4.46685e-16"
					],
					[
						"5021.530002",
						"4.39028e-16"
					],
					[
						"5027.04793",
						"4.28439e-16"
					],
					[
						"5032.565859",
						"4.25318e-16"
					],
					[
						"5038.083787",
						"4.34269e-16"
					],
					[
						"5043.601716",
						"4.25548e-16"
					],
					[
						"5049.119645",
						"4.33606e-16"
					],
					[
						"5054.637573",
						"4.361e-16"
					],
					[
						"5060.155502",
						"4.56378e-16"
					],
					[
						"5065.67343",
						"4.86728e-16"
					],
					[
						"5071.191359",
						"4.72816e-16"
					],
					[
						"5076.709288",
						"4.69958e-16"
					],
					[
						"5082.227216",
						"4.69365e-16"
					],
					[
						"5087.745145",
						"4.70144e-16"
					],
					[
						"5093.263073",
						"4.7526e-16"
					],
					[
						"5098.781002",
						"4.95701e-16"
					],
					[
						"5104.298931",
						"5.03636e-16"
					],
					[
						"5109.816859",
						"5.05709e-16"
					],
					[
						"5115.334788",
						"4.9737e-16"
					],
					[
						"5120.852716",
						"5.0498e-16"
					],
					[
						"5126.370645",
						"4.93529e-16"
					],
					[
						"5131.888574",
						"4.87315e-16"
					],
					[
						"5137.406502",
						"4.82813e-16"
					],
					[
						"5142.924431",
						"4.79888e-16"
					],
					[
						"5148.442359",
						"4.91116e-16"
					],
					[
						"5153.960288",
						"4.76338e-16"
					],
					[
						"5159.478217",
						"4.94967e-16"
					],
					[
						"5164.996145",
						"4.97915e-16"
					],
					[
						"5170.514074",
						"4.96503e-16"
					],
					[
						"5176.032002",
						"5.06663e-16"
					],
					[
						"5181.549931",
						"4.85366e-16"
					],
					[
						"5187.06786",
						"4.68011e-16"
					],
					[
						"5192.585788",
						"4.97066e-16"
					],
					[
						"5198.103717",
						"5.28876e-16"
					],
					[
						"5203.621645",
						"5.461e-16"
					],
					[
						"5209.139574",
						"5.40428e-16"
					],
					[
						"5214.657503",
						"5.42043e-16"
					],
					[
						"5220.175431",
						"5.47366e-16"
					],
					[
						"5225.69336",
						"5.51399e-16"
					],
					[
						"5231.211288",
						"5.80475e-16"
					],
					[
						"5236.729217",
						"5.66776e-16"
					],
					[
						"5242.247146",
						"5.61632e-16"
					],
					[
						"5247.765074",
						"5.42857e-16"
					],
					[
						"5253.283003",
						"5.63532e-16"
					],
					[
						"5258.800931",
						"5.99818e-16"
					],
					[
						"5264.31886",
						"5.81432e-16"
					],
					[
						"5269.836789",
						"5.78349e-16"
					],
					[
						"5275.354717",
						"6.08792e-16"
					],
					[
						"5280.872646",
						"6.06494e-16"
					],
					[
						"5286.390574",
						"5.99547e-16"
					],
					[
						"5291.908503",
						"6.31886e-16"
					],
					[
						"5297.426432",
						"6.15367e-16"
					],
					[
						"5302.94436",
						"5.94624e-16"
					],
					[
						"5308.462289",
						"6.15713e-16"
					],
					[
						"5313.980217",
						"5.82512e-16"
					],
					[
						"5319.498146",
						"5.87639e-16"
					],
					[
						"5325.016075",
						"5.79917e-16"
					],
					[
						"5330.534003",
						"5.65647e-16"
					],
					[
						"5336.051932",
						"5.56245e-16"
					],
					[
						"5341.56986",
						"5.59186e-16"
					],
					[
						"5347.087789",
						"6.05478e-16"
					],
					[
						"5352.605718",
						"5.70886e-16"
					],
					[
						"5358.123646",
						"5.57188e-16"
					],
					[
						"5363.641575",
						"5.63756e-16"
					],
					[
						"5369.159503",
						"5.80412e-16"
					],
					[
						"5374.677432",
						"5.75322e-16"
					],
					[
						"5380.195361",
						"5.77503e-16"
					],
					[
						"5385.713289",
						"5.70261e-16"
					],
					[
						"5391.231218",
						"5.48912e-16"
					],
					[
						"5396.749146",
						"5.32453e-16"
					],
					[
						"5402.267075",
						"5.15338e-16"
					],
					[
						"5407.785004",
						"4.85142e-16"
					],
					[
						"5413.302932",
						"4.55796e-16"
					],
					[
						"5418.820861",
						"4.20186e-16"
					],
					[
						"5424.338789",
						"4.20999e-16"
					],
					[
						"5429.856718",
						"4.4419e-16"
					],
					[
						"5435.374647",
						"4.22025e-16"
					],
					[
						"5440.892575",
						"3.81318e-16"
					],
					[
						"5446.410504",
						"3.94051e-16"
					],
					[
						"5451.928432",
						"3.87142e-16"
					],
					[
						"5457.446361",
						"3.86209e-16"
					],
					[
						"5462.96429",
						"3.90827e-16"
					],
					[
						"5468.482218",
						"3.69256e-16"
					],
					[
						"5474.000147",
						"3.86408e-16"
					],
					[
						"5479.518075",
						"3.79566e-16"
					],
					[
						"5485.036004",
						"3.96356e-16"
					],
					[
						"5490.553933",
						"4.07161e-16"
					],
					[
						"5496.071861",
						"4.02931e-16"
					],
					[
						"5501.58979",
						"3.82662e-16"
					],
					[
						"5507.107718",
						"3.88119e-16"
					],
					[
						"5512.625647",
						"4.39305e-16"
					],
					[
						"5518.143576",
						"4.27236e-16"
					],
					[
						"5523.661504",
						"4.42286e-16"
					],
					[
						"5529.179433",
						"4.48364e-16"
					],
					[
						"5534.697361",
						"4.449e-16"
					],
					[
						"5540.21529",
						"4.27848e-16"
					],
					[
						"5545.733219",
						"4.59908e-16"
					],
					[
						"5551.251147",
						"4.47415e-16"
					],
					[
						"5556.769076",
						"4.24452e-16"
					],
					[
						"5562.287004",
						"4.73928e-16"
					],
					[
						"5567.804933",
						"4.36816e-16"
					],
					[
						"5573.322862",
						"4.75839e-16"
					],
					[
						"5578.84079",
						"4.21961e-16"
					],
					[
						"5584.358719",
						"4.22618e-16"
					],
					[
						"5589.876647",
						"4.28412e-16"
					],
					[
						"5595.394576",
						"4.30276e-16"
					],
					[
						"5600.912505",
						"3.87176e-16"
					],
					[
						"5606.430433",
						"4.07394e-16"
					],
					[
						"5611.948362",
						"3.87681e-16"
					],
					[
						"5617.46629",
						"3.65803e-16"
					],
					[
						"5622.984219",
						"3.88489e-16"
					],
					[
						"5628.502148",
						"3.77426e-16"
					],
					[
						"5634.020076",
						"3.54665e-16"
					],
					[
						"5639.538005",
						"3.75454e-16"
					],
					[
						"5645.055933",
						"3.62667e-16"
					],
					[
						"5650.573862",
						"3.57811e-16"
					],
					[
						"5656.091791",
						"3.8267e-16"
					],
					[
						"5661.609719",
						"3.69908e-16"
					],
					[
						"5667.127648",
						"4.08841e-16"
					],
					[
						"5672.645576",
						"4.45317e-16"
					],
					[
						"5678.163505",
						"4.27488e-16"
					],
					[
						"5683.681434",
						"4.1718e-16"
					],
					[
						"5689.199362",
						"4.32822e-16"
					],
					[
						"5694.717291",
						"4.51987e-16"
					],
					[
						"5700.235219",
						"4.7199e-16"
					],
					[
						"5705.753148",
						"4.55607e-16"
					],
					[
						"5711.271077",
						"4.87457e-16"
					],
					[
						"5716.789005",
						"4.93929e-16"
					],
					[
						"5722.306934",
						"4.9395e-16"
					],
					[
						"5727.824862",
						"4.88999e-16"
					],
					[
						"5733.342791",
						"4.57704e-16"
					],
					[
						"5738.86072",
						"4.88169e-16"
					],
					[
						"5744.378648",
						"4.74136e-16"
					],
					[
						"5749.896577",
						"4.90072e-16"
					],
					[
						"5755.414505",
						"4.61283e-16"
					],
					[
						"5760.932434",
						"4.53137e-16"
					],
					[
						"5766.450363",
						"4.46094e-16"
					],
					[
						"5771.968291",
						"4.55528e-16"
					],
					[
						"5777.48622",
						"4.65558e-16"
					],
					[
						"5783.004148",
						"4.566e-16"
					],
					[
						"5788.522077",
						"4.40571e-16"
					],
					[
						"5794.040006",
						"4.79987e-16"
					],
					[
						"5799.557934",
						"5.00068e-16"
					],
					[
						"5805.075863",
						"4.89224e-16"
					],
					[
						"5810.593791",
						"4.85254e-16"
					],
					[
						"5816.11172",
						"4.90084e-16"
					],
					[
						"5821.629649",
						"4.90098e-16"
					],
					[
						"5827.147577",
						"5.01495e-16"
					],
					[
						"5832.665506",
						"4.93917e-16"
					],
					[
						"5838.183434",
						"5.10002e-16"
					],
					[
						"5843.701363",
						"4.90853e-16"
					],
					[
						"5849.219292",
						"4.81786e-16"
					],
					[
						"5854.73722",
						"4.83645e-16"
					],
					[
						"5860.255149",
						"4.86362e-16"
					],
					[
						"5865.773077",
						"5.03222e-16"
					],
					[
						"5871.291006",
						"4.80739e-16"
					],
					[
						"5876.808935",
						"4.74302e-16"
					],
					[
						"5882.326863",
						"4.71468e-16"
					],
					[
						"5887.844792",
						"4.6519e-16"
					],
					[
						"5893.36272",
						"4.73886e-16"
					],
					[
						"5898.880649",
						"4.57469e-16"
					],
					[
						"5904.398578",
						"4.64889e-16"
					],
					[
						"5909.916506",
						"4.64672e-16"
					],
					[
						"5915.434435",
						"4.49318e-16"
					],
					[
						"5920.952363",
						"4.22128e-16"
					],
					[
						"5926.470292",
						"4.25211e-16"
					],
					[
						"5931.988221",
						"4.43396e-16"
					],
					[
						"5937.506149",
						"4.15864e-16"
					],
					[
						"5943.024078",
						"4.29331e-16"
					],
					[
						"5948.542006",
						"4.34736e-16"
					],
					[
						"5954.059935",
						"4.16686e-16"
					],
					[
						"5959.577864",
						"4.22546e-16"
					],
					[
						"5965.095792",
						"4.08663e-16"
					],
					[
						"5970.613721",
						"4.06339e-16"
					],
					[
						"5976.131649",
						"3.96238e-16"
					],
					[
						"5981.649578",
						"4.02724e-16"
					],
					[
						"5987.167507",
						"4.18521e-16"
					],
					[
						"5992.685435",
						"4.20838e-16"
					],
					[
						"5998.203364",
						"4.27274e-16"
					],
					[
						"6003.721293",
						"4.34446e-16"
					],
					[
						"6009.239221",
						"4.39738e-16"
					],
					[
						"6014.75715",
						"4.17362e-16"
					],
					[
						"6020.275078",
						"4.22339e-16"
					],
					[
						"6025.793007",
						"4.23139e-16"
					],
					[
						"6031.310935",
						"4.22803e-16"
					],
					[
						"6036.828864",
						"4.36448e-16"
					],
					[
						"6042.346793",
						"4.36001e-16"
					],
					[
						"6047.864721",
						"4.25561e-16"
					],
					[
						"6053.38265",
						"4.16213e-16"
					],
					[
						"6058.900578",
						"4.29146e-16"
					],
					[
						"6064.418507",
						"4.41255e-16"
					],
					[
						"6069.936436",
						"4.00875e-16"
					],
					[
						"6075.454364",
						"4.03728e-16"
					],
					[
						"6080.972293",
						"4.05557e-16"
					],
					[
						"6086.490222",
						"4.31806e-16"
					],
					[
						"6092.00815",
						"4.36875e-16"
					],
					[
						"6097.526079",
						"4.39822e-16"
					],
					[
						"6103.044007",
						"4.51073e-16"
					],
					[
						"6108.561936",
						"4.26575e-16"
					],
					[
						"6114.079865",
						"4.28532e-16"
					],
					[
						"6119.597793",
						"4.21871e-16"
					],
					[
						"6125.115722",
						"4.0601e-16"
					],
					[
						"6130.63365",
						"4.17632e-16"
					],
					[
						"6136.151579",
						"4.34874e-16"
					],
					[
						"6141.669507",
						"4.2518e-16"
					],
					[
						"6147.187436",
						"4.25316e-16"
					],
					[
						"6152.705365",
						"4.07881e-16"
					],
					[
						"6158.223293",
						"4.12286e-16"
					],
					[
						"6163.741222",
						"4.21394e-16"
					],
					[
						"6169.259151",
						"4.25117e-16"
					],
					[
						"6174.777079",
						"4.06156e-16"
					],
					[
						"6180.295008",
						"4.26517e-16"
					],
					[
						"6185.812936",
						"4.07811e-16"
					],
					[
						"6191.330865",
						"4.22461e-16"
					],
					[
						"6196.848794",
						"4.15415e-16"
					],
					[
						"6202.366722",
						"3.91907e-16"
					],
					[
						"6207.884651",
						"3.92128e-16"
					],
					[
						"6213.402579",
						"3.63303e-16"
					],
					[
						"6218.920508",
						"3.84594e-16"
					],
					[
						"6224.438437",
						"3.87311e-16"
					],
					[
						"6229.956365",
						"3.65064e-16"
					],
					[
						"6235.474294",
						"3.53181e-16"
					],
					[
						"6240.992222",
						"3.47709e-16"
					],
					[
						"6246.510151",
						"3.43894e-16"
					],
					[
						"6252.02808",
						"2.98106e-16"
					],
					[
						"6257.546008",
						"2.98404e-16"
					],
					[
						"6263.063937",
						"2.86523e-16"
					],
					[
						"6268.581865",
						"2.58666e-16"
					],
					[
						"6274.099794",
						"2.43744e-16"
					],
					[
						"6279.617723",
						"2.14693e-16"
					],
					[
						"6285.135651",
						"2.02875e-16"
					],
					[
						"6290.65358",
						"1.94556e-16"
					],
					[
						"6296.171508",
						"1.70354e-16"
					],
					[
						"6301.689437",
						"1.58674e-16"
					],
					[
						"6307.207366",
						"1.67419e-16"
					],
					[
						"6312.725294",
						"1.60846e-16"
					],
					[
						"6318.243223",
						"1.43356e-16"
					],
					[
						"6323.761151",
						"1.62721e-16"
					],
					[
						"6329.27908",
						"1.42389e-16"
					],
					[
						"6334.797009",
						"1.40977e-16"
					],
					[
						"6340.314937",
						"1.33236e-16"
					],
					[
						"6345.832866",
						"1.62617e-16"
					],
					[
						"6351.350794",
						"1.5888e-16"
					],
					[
						"6356.868723",
						"1.54765e-16"
					],
					[
						"6362.386652",
						"1.64971e-16"
					],
					[
						"6367.90458",
						"1.79772e-16"
					],
					[
						"6373.422509",
						"1.82615e-16"
					],
					[
						"6378.940437",
						"1.91047e-16"
					],
					[
						"6384.458366",
						"2.02232e-16"
					],
					[
						"6389.976295",
						"2.14601e-16"
					],
					[
						"6395.494223",
						"2.26707e-16"
					],
					[
						"6401.012152",
						"2.37559e-16"
					],
					[
						"6406.53008",
						"2.5837e-16"
					],
					[
						"6412.048009",
						"2.7829e-16"
					],
					[
						"6417.565938",
						"2.74567e-16"
					],
					[
						"6423.083866",
						"2.86871e-16"
					],
					[
						"6428.601795",
						"2.8352e-16"
					],
					[
						"6434.119723",
						"2.94347e-16"
					],
					[
						"6439.637652",
						"2.99017e-16"
					],
					[
						"6445.155581",
						"2.91699e-16"
					],
					[
						"6450.673509",
						"3.14785e-16"
					],
					[
						"6456.191438",
						"3.4643e-16"
					],
					[
						"6461.709366",
						"3.60852e-16"
					],
					[
						"6467.227295",
						"3.39471e-16"
					],
					[
						"6472.745224",
						"3.48718e-16"
					],
					[
						"6478.263152",
						"3.46681e-16"
					],
					[
						"6483.781081",
						"3.35637e-16"
					],
					[
						"6489.299009",
						"3.31543e-16"
					],
					[
						"6494.816938",
						"3.45674e-16"
					],
					[
						"6500.334867",
						"3.72838e-16"
					],
					[
						"6505.852795",
						"3.62177e-16"
					],
					[
						"6511.370724",
						"3.52022e-16"
					],
					[
						"6516.888652",
						"3.56457e-16"
					],
					[
						"6522.406581",
						"3.60105e-16"
					],
					[
						"6527.92451",
						"3.76066e-16"
					],
					[
						"6533.442438",
						"3.73757e-16"
					],
					[
						"6538.960367",
						"3.77841e-16"
					],
					[
						"6544.478295",
						"3.67662e-16"
					],
					[
						"6549.996224",
						"3.54103e-16"
					],
					[
						"6555.514153",
						"3.56471e-16"
					],
					[
						"6561.032081",
						"3.4593e-16"
					],
					[
						"6566.55001",
						"3.70658e-16"
					],
					[
						"6572.067938",
						"3.53797e-16"
					],
					[
						"6577.585867",
						"3.7556e-16"
					],
					[
						"6583.103796",
						"3.46224e-16"
					],
					[
						"6588.621724",
						"3.56767e-16"
					],
					[
						"6594.139653",
						"3.52985e-16"
					],
					[
						"6599.657581",
						"3.58887e-16"
					],
					[
						"6605.17551",
						"3.64204e-16"
					],
					[
						"6610.693439",
						"3.57936e-16"
					],
					[
						"6616.211367",
						"3.35645e-16"
					],
					[
						"6621.729296",
						"3.59992e-16"
					],
					[
						"6627.247224",
						"3.53522e-16"
					],
					[
						"6632.765153",
						"3.49788e-16"
					],
					[
						"6638.283082",
						"3.22518e-16"
					],
					[
						"6643.80101",
						"3.32216e-16"
					],
					[
						"6649.318939",
						"3.51131e-16"
					],
					[
						"6654.836867",
						"3.29385e-16"
					],
					[
						"6660.354796",
						"3.30968e-16"
					],
					[
						"6665.872725",
						"3.39876e-16"
					],
					[
						"6671.390653",
						"3.25669e-16"
					],
					[
						"6676.908582",
						"3.16326e-16"
					],
					[
						"6682.42651",
						"3.35514e-16"
					],
					[
						"6687.944439",
						"3.21687e-16"
					],
					[
						"6693.462368",
						"3.14804e-16"
					],
					[
						"6698.980296",
						"3.30191e-16"
					],
					[
						"6704.498225",
						"3.06378e-16"
					],
					[
						"6710.016153",
						"2.91844e-16"
					],
					[
						"6715.534082",
						"2.98014e-16"
					],
					[
						"6721.052011",
						"3.08533e-16"
					],
					[
						"6726.569939",
						"3.03616e-16"
					],
					[
						"6732.087868",
						"3.083e-16"
					],
					[
						"6737.605796",
						"3.13954e-16"
					],
					[
						"6743.123725",
						"2.94534e-16"
					],
					[
						"6748.641654",
						"3.23475e-16"
					],
					[
						"6754.159582",
						"2.71078e-16"
					],
					[
						"6759.677511",
						"2.82944e-16"
					],
					[
						"6765.195439",
						"2.79271e-16"
					],
					[
						"6770.713368",
						"2.92993e-16"
					],
					[
						"6776.231297",
						"2.88877e-16"
					],
					[
						"6781.749225",
						"2.64875e-16"
					],
					[
						"6787.267154",
						"2.76563e-16"
					],
					[
						"6792.785082",
						"2.77233e-16"
					],
					[
						"6798.303011",
						"2.42853e-16"
					],
					[
						"6803.82094",
						"2.67073e-16"
					],
					[
						"6809.338868",
						"2.67002e-16"
					],
					[
						"6814.856797",
						"2.5953e-16"
					],
					[
						"6820.374725",
						"2.56925e-16"
					],
					[
						"6825.892654",
						"2.63124e-16"
					],
					[
						"6831.410583",
						"2.73036e-16"
					],
					[
						"6836.928511",
						"2.65127e-16"
					],
					[
						"6842.44644",
						"2.62876e-16"
					],
					[
						"6847.964368",
						"2.53902e-16"
					],
					[
						"6853.482297",
						"2.49953e-16"
					],
					[
						"6859.000226",
						"2.52257e-16"
					],
					[
						"6864.518154",
						"2.20959e-16"
					],
					[
						"6870.036083",
						"1.93683e-16"
					],
					[
						"6875.554011",
						"1.83313e-16"
					],
					[
						"6881.07194",
						"1.89533e-16"
					],
					[
						"6886.589869",
						"2.0873e-16"
					],
					[
						"6892.107797",
						"2.05262e-16"
					],
					[
						"6897.625726",
						"2.04076e-16"
					],
					[
						"6903.143654",
						"2.32218e-16"
					],
					[
						"6908.661583",
						"1.89623e-16"
					],
					[
						"6914.179512",
						"2.16671e-16"
					],
					[
						"6919.69744",
						"2.15582e-16"
					],
					[
						"6925.215369",
						"2.21271e-16"
					],
					[
						"6930.733297",
						"2.13579e-16"
					],
					[
						"6936.251226",
						"2.10996e-16"
					],
					[
						"6941.769155",
						"2.20102e-16"
					],
					[
						"6947.287083",
						"2.14679e-16"
					],
					[
						"6952.805012",
						"1.95762e-16"
					],
					[
						"6958.32294",
						"2.23672e-16"
					],
					[
						"6963.840869",
						"2.1261e-16"
					],
					[
						"6969.358798",
						"2.18004e-16"
					],
					[
						"6974.876726",
						"2.04074e-16"
					],
					[
						"6980.394655",
						"2.18656e-16"
					],
					[
						"6985.912583",
						"2.09326e-16"
					],
					[
						"6991.430512",
						"1.92324e-16"
					],
					[
						"6996.948441",
						"2.03236e-16"
					],
					[
						"7002.466369",
						"1.95572e-16"
					],
					[
						"7007.984298",
						"1.81805e-16"
					],
					[
						"7013.502226",
						"1.98598e-16"
					],
					[
						"7019.020155",
						"2.05284e-16"
					],
					[
						"7024.538084",
						"2.0479e-16"
					],
					[
						"7030.056012",
						"2.0272e-16"
					],
					[
						"7035.573941",
						"1.83869e-16"
					],
					[
						"7041.091869",
						"1.64022e-16"
					],
					[
						"7046.609798",
						"1.871e-16"
					],
					[
						"7052.127727",
						"1.65997e-16"
					],
					[
						"7057.645655",
						"1.5037e-16"
					],
					[
						"7063.163584",
						"1.97153e-16"
					],
					[
						"7068.681512",
						"1.90192e-16"
					],
					[
						"7074.199441",
						"1.82454e-16"
					],
					[
						"7079.71737",
						"1.84607e-16"
					],
					[
						"7085.235298",
						"1.85691e-16"
					],
					[
						"7090.753227",
						"1.9661e-16"
					],
					[
						"7096.271155",
						"2.02181e-16"
					],
					[
						"7101.789084",
						"1.83281e-16"
					],
					[
						"7107.307013",
						"2.02132e-16"
					],
					[
						"7112.824941",
						"2.02586e-16"
					],
					[
						"7118.34287",
						"2.05974e-16"
					],
					[
						"7123.860798",
						"1.906e-16"
					],
					[
						"7129.378727",
						"1.91802e-16"
					],
					[
						"7134.896656",
						"1.79616e-16"
					],
					[
						"7140.414584",
						"1.76583e-16"
					],
					[
						"7145.932513",
						"1.60612e-16"
					],
					[
						"7151.450441",
						"1.59473e-16"
					],
					[
						"7156.96837",
						"1.8094e-16"
					],
					[
						"7162.486299",
						"1.59743e-16"
					],
					[
						"7168.004227",
						"1.61355e-16"
					],
					[
						"7173.522156",
						"1.68423e-16"
					],
					[
						"7179.040084",
						"1.43339e-16"
					],
					[
						"7184.558013",
						"1.46746e-16"
					],
					[
						"7190.075942",
						"1.44229e-16"
					],
					[
						"7195.59387",
						"1.36542e-16"
					],
					[
						"7201.111799",
						"1.59642e-16"
					],
					[
						"7206.629727",
						"1.54597e-16"
					],
					[
						"7212.147656",
						"1.53211e-16"
					],
					[
						"7217.665585",
						"1.66796e-16"
					],
					[
						"7223.183513",
						"1.82374e-16"
					],
					[
						"7228.701442",
						"1.44404e-16"
					],
					[
						"7234.21937",
						"1.58163e-16"
					],
					[
						"7239.737299",
						"1.58347e-16"
					],
					[
						"7245.255228",
						"1.53796e-16"
					],
					[
						"7250.773156",
						"1.50129e-16"
					],
					[
						"7256.291085",
						"1.58911e-16"
					],
					[
						"7261.809013",
						"1.41621e-16"
					],
					[
						"7267.326942",
						"1.71498e-16"
					],
					[
						"7272.844871",
						"1.45494e-16"
					],
					[
						"7278.362799",
						"1.52629e-16"
					],
					[
						"7283.880728",
						"1.53341e-16"
					],
					[
						"7289.398656",
						"1.61903e-16"
					],
					[
						"7294.916585",
						"1.48992e-16"
					],
					[
						"7300.434514",
						"1.42362e-16"
					],
					[
						"7305.952442",
						"1.52323e-16"
					],
					[
						"7311.470371",
						"1.70528e-16"
					],
					[
						"7316.988299",
						"1.45922e-16"
					],
					[
						"7322.506228",
						"1.53754e-16"
					],
					[
						"7328.024157",
						"1.75055e-16"
					],
					[
						"7333.542085",
						"1.79084e-16"
					],
					[
						"7339.060014",
						"1.86264e-16"
					],
					[
						"7344.577942",
						"1.79236e-16"
					],
					[
						"7350.095871",
						"1.56381e-16"
					],
					[
						"7355.6138",
						"1.46338e-16"
					],
					[
						"7361.131728",
						"1.86085e-16"
					],
					[
						"7366.649657",
						"1.82843e-16"
					],
					[
						"7372.167585",
						"1.58656e-16"
					],
					[
						"7377.685514",
						"1.64767e-16"
					],
					[
						"7383.203443",
						"1.68939e-16"
					],
					[
						"7388.721371",
						"1.58808e-16"
					],
					[
						"7394.2393",
						"1.70506e-16"
					],
					[
						"7399.757228",
						"1.80459e-16"
					],
					[
						"7405.275157",
						"1.62772e-16"
					],
					[
						"7410.793086",
						"1.57594e-16"
					],
					[
						"7416.311014",
						"1.80489e-16"
					],
					[
						"7421.828943",
						"1.8494e-16"
					],
					[
						"7427.346871",
						"1.59215e-16"
					],
					[
						"7432.8648",
						"1.81036e-16"
					],
					[
						"7438.382729",
						"1.6736e-16"
					],
					[
						"7443.900657",
						"1.70637e-16"
					],
					[
						"7449.418586",
						"1.78481e-16"
					],
					[
						"7454.936514",
						"1.7427e-16"
					],
					[
						"7460.454443",
						"1.60629e-16"
					],
					[
						"7465.972372",
						"1.7786e-16"
					],
					[
						"7471.4903",
						"1.76995e-16"
					],
					[
						"7477.008229",
						"1.59485e-16"
					],
					[
						"7482.526157",
						"1.67161e-16"
					],
					[
						"7488.044086",
						"1.73638e-16"
					],
					[
						"7493.562015",
						"1.64689e-16"
					],
					[
						"7499.079943",
						"1.59857e-16"
					],
					[
						"7504.597872",
						"1.71134e-16"
					],
					[
						"7510.1158",
						"1.60799e-16"
					],
					[
						"7515.633729",
						"1.54083e-16"
					],
					[
						"7521.151658",
						"1.70078e-16"
					],
					[
						"7526.669586",
						"1.42894e-16"
					],
					[
						"7532.187515",
						"1.66917e-16"
					],
					[
						"7537.705443",
						"1.65731e-16"
					],
					[
						"7543.223372",
						"1.36211e-16"
					],
					[
						"7548.741301",
						"1.48331e-16"
					],
					[
						"7554.259229",
						"1.60618e-16"
					],
					[
						"7559.777158",
						"1.56306e-16"
					],
					[
						"7565.295086",
						"1.36e-16"
					],
					[
						"7570.813015",
						"1.57293e-16"
					],
					[
						"7576.330944",
						"1.41796e-16"
					],
					[
						"7581.848872",
						"1.39394e-16"
					],
					[
						"7587.366801",
						"1.6192e-16"
					],
					[
						"7592.884729",
						"1.25424e-16"
					],
					[
						"7598.402658",
						"9.51684e-17"
					],
					[
						"7603.920587",
						"4.92702e-17"
					],
					[
						"7609.438515",
						"1.99972e-17"
					],
					[
						"7614.956444",
						"5.00073e-17"
					],
					[
						"7620.474372",
						"7.39584e-17"
					],
					[
						"7625.992301",
						"7.2722e-17"
					],
					[
						"7631.51023",
						"6.88705e-17"
					],
					[
						"7637.028158",
						"6.1019e-17"
					],
					[
						"7642.546087",
						"5.7914e-17"
					],
					[
						"7648.064015",
						"6.54077e-17"
					],
					[
						"7653.581944",
						"7.93645e-17"
					],
					[
						"7659.099873",
						"1.11355e-16"
					],
					[
						"7664.617801",
						"1.15616e-16"
					],
					[
						"7670.13573",
						"1.2015e-16"
					],
					[
						"7675.653658",
						"1.05901e-16"
					],
					[
						"7681.171587",
						"1.24685e-16"
					],
					[
						"7686.689516",
						"1.01728e-16"
					],
					[
						"7692.207444",
						"1.16498e-16"
					],
					[
						"7697.725373",
						"1.42229e-16"
					],
					[
						"7703.243301",
						"1.17901e-16"
					],
					[
						"7708.76123",
						"1.13539e-16"
					],
					[
						"7714.279159",
						"1.20989e-16"
					],
					[
						"7719.797087",
						"1.0109e-16"
					],
					[
						"7725.315016",
						"1.03629e-16"
					],
					[
						"7730.832944",
						"1.03801e-16"
					],
					[
						"7736.350873",
						"1.23135e-16"
					],
					[
						"7741.868802",
						"1.19788e-16"
					],
					[
						"7747.38673",
						"1.17593e-16"
					],
					[
						"7752.904659",
						"1.09697e-16"
					],
					[
						"7758.422587",
						"1.11442e-16"
					],
					[
						"7763.940516",
						"1.17538e-16"
					],
					[
						"7769.458445",
						"1.02619e-16"
					],
					[
						"7774.976373",
						"1.08432e-16"
					],
					[
						"7780.494302",
						"9.25284e-17"
					],
					[
						"7786.01223",
						"1.10544e-16"
					],
					[
						"7791.530159",
						"1.3032e-16"
					],
					[
						"7797.048088",
						"1.09483e-16"
					],
					[
						"7802.566016",
						"1.1067e-16"
					],
					[
						"7808.083945",
						"1.21195e-16"
					],
					[
						"7813.601873",
						"1.08405e-16"
					],
					[
						"7819.119802",
						"8.45846e-17"
					],
					[
						"7824.637731",
						"1.31089e-16"
					],
					[
						"7830.155659",
						"1.12716e-16"
					],
					[
						"7835.673588",
						"1.42764e-16"
					],
					[
						"7841.191516",
						"1.32761e-16"
					],
					[
						"7846.709445",
						"1.28896e-16"
					],
					[
						"7852.227374",
						"1.23584e-16"
					],
					[
						"7857.745302",
						"1.21079e-16"
					],
					[
						"7863.263231",
						"1.37979e-16"
					],
					[
						"7868.781159",
						"1.39011e-16"
					],
					[
						"7874.299088",
						"1.32317e-16"
					],
					[
						"7879.817017",
						"1.3478e-16"
					],
					[
						"7885.334945",
						"1.20516e-16"
					],
					[
						"7890.852874",
						"1.26584e-16"
					],
					[
						"7896.370802",
						"1.44603e-16"
					],
					[
						"7901.888731",
						"1.37133e-16"
					],
					[
						"7907.40666",
						"1.29692e-16"
					],
					[
						"7912.924588",
						"9.74412e-17"
					],
					[
						"7918.442517",
						"1.05437e-16"
					],
					[
						"7923.960445",
						"1.23385e-16"
					],
					[
						"7929.478374",
						"1.28647e-16"
					],
					[
						"7934.996303",
						"1.41496e-16"
					],
					[
						"7940.514231",
						"1.32517e-16"
					],
					[
						"7946.03216",
						"1.08098e-16"
					],
					[
						"7951.550088",
						"1.26675e-16"
					],
					[
						"7957.068017",
						"1.22886e-16"
					],
					[
						"7962.585946",
						"1.50184e-16"
					],
					[
						"7968.103874",
						"1.49571e-16"
					],
					[
						"7973.621803",
						"1.57439e-16"
					],
					[
						"7979.139731",
						"1.37444e-16"
					],
					[
						"7984.65766",
						"1.37438e-16"
					],
					[
						"7990.175589",
						"1.44963e-16"
					],
					[
						"7995.693517",
						"1.63836e-16"
					],
					[
						"8001.211446",
						"1.40325e-16"
					],
					[
						"8006.729374",
						"1.27386e-16"
					],
					[
						"8012.247303",
						"1.4311e-16"
					],
					[
						"8017.765232",
						"1.36633e-16"
					],
					[
						"8023.28316",
						"1.42916e-16"
					],
					[
						"8028.801089",
						"1.36335e-16"
					],
					[
						"8034.319017",
						"1.27666e-16"
					],
					[
						"8039.836946",
						"1.46449e-16"
					],
					[
						"8045.354875",
						"1.40856e-16"
					],
					[
						"8050.872803",
						"1.23563e-16"
					],
					[
						"8056.390732",
						"1.2536e-16"
					],
					[
						"8061.90866",
						"1.38712e-16"
					],
					[
						"8067.426589",
						"1.3165e-16"
					],
					[
						"8072.944518",
						"1.42402e-16"
					],
					[
						"8078.462446",
						"1.47593e-16"
					],
					[
						"8083.980375",
						"1.64989e-16"
					],
					[
						"8089.498303",
						"1.23284e-16"
					],
					[
						"8095.016232",
						"1.29969e-16"
					],
					[
						"8100.534161",
						"1.44994e-16"
					],
					[
						"8106.052089",
						"1.39775e-16"
					],
					[
						"8111.570018",
						"1.2948e-16"
					],
					[
						"8117.087946",
						"1.34958e-16"
					],
					[
						"8122.605875",
						"1.53816e-16"
					],
					[
						"8128.123804",
						"1.17385e-16"
					],
					[
						"8133.641732",
						"9.95074e-17"
					],
					[
						"8139.159661",
						"1.21531e-16"
					],
					[
						"8144.677589",
						"1.06813e-16"
					],
					[
						"8150.195518",
						"1.2138e-16"
					],
					[
						"8155.713447",
						"8.82672e-17"
					],
					[
						"8161.231375",
						"7.75009e-17"
					],
					[
						"8166.749304",
						"9.41113e-17"
					],
					[
						"8172.267232",
						"8.66715e-17"
					],
					[
						"8177.785161",
						"1.09622e-16"
					],
					[
						"8183.30309",
						"9.30267e-17"
					],
					[
						"8188.821018",
						"1.01413e-16"
					],
					[
						"8194.338947",
						"1.25931e-16"
					],
					[
						"8199.856875",
						"1.10153e-16"
					],
					[
						"8205.374804",
						"1.00463e-16"
					],
					[
						"8210.892733",
						"9.70597e-17"
					],
					[
						"8216.410661",
						"8.57445e-17"
					],
					[
						"8221.92859",
						"9.28333e-17"
					],
					[
						"8227.446518",
						"7.73352e-17"
					],
					[
						"8232.964447",
						"1.11367e-16"
					],
					[
						"8238.482376",
						"5.85553e-17"
					],
					[
						"8244.000304",
						"8.47311e-17"
					],
					[
						"8249.518233",
						"1.01972e-16"
					],
					[
						"8255.036161",
						"9.57469e-17"
					],
					[
						"8260.55409",
						"1.1785e-16"
					],
					[
						"8266.072019",
						"1.20209e-16"
					],
					[
						"8271.589947",
						"9.90112e-17"
					],
					[
						"8277.107876",
						"1.0761e-16"
					],
					[
						"8282.625804",
						"9.13296e-17"
					],
					[
						"8288.143733",
						"7.57111e-17"
					],
					[
						"8293.661662",
						"1.0262e-16"
					],
					[
						"8299.17959",
						"1.05808e-16"
					],
					[
						"8304.697519",
						"1.15454e-16"
					],
					[
						"8310.215447",
						"1.0718e-16"
					],
					[
						"8315.733376",
						"7.33854e-17"
					],
					[
						"8321.251305",
						"7.10388e-17"
					],
					[
						"8326.769233",
						"7.85073e-17"
					],
					[
						"8332.287162",
						"1.10199e-16"
					],
					[
						"8337.80509",
						"1.20449e-16"
					],
					[
						"8343.323019",
						"1.10396e-16"
					],
					[
						"8348.840948",
						"9.1781e-17"
					],
					[
						"8354.358876",
						"9.4106e-17"
					],
					[
						"8359.876805",
						"6.42324e-17"
					],
					[
						"8365.394733",
						"9.17669e-17"
					],
					[
						"8370.912662",
						"1.02951e-16"
					],
					[
						"8376.430591",
						"1.23739e-16"
					],
					[
						"8381.948519",
						"1.15292e-16"
					],
					[
						"8387.466448",
						"7.91495e-17"
					],
					[
						"8392.984376",
						"7.89286e-17"
					],
					[
						"8398.502305",
						"1.15174e-16"
					],
					[
						"8404.020234",
						"1.15883e-16"
					],
					[
						"8409.538162",
						"1.42157e-16"
					],
					[
						"8415.056091",
						"1.1417e-16"
					],
					[
						"8420.574019",
						"1.13898e-16"
					],
					[
						"8426.091948",
						"9.67775e-17"
					],
					[
						"8431.609877",
						"1.21211e-16"
					],
					[
						"8437.127805",
						"1.06735e-16"
					],
					[
						"8442.645734",
						"8.94327e-17"
					],
					[
						"8448.163662",
						"7.63852e-17"
					],
					[
						"8453.681591",
						"1.26942e-16"
					],
					[
						"8459.19952",
						"1.10104e-16"
					],
					[
						"8464.717448",
						"5.46339e-17"
					],
					[
						"8470.235377",
						"7.25944e-17"
					],
					[
						"8475.753305",
						"8.12452e-17"
					],
					[
						"8481.271234",
						"7.42267e-17"
					],
					[
						"8486.789163",
						"8.05252e-17"
					],
					[
						"8492.307091",
						"1.01456e-16"
					],
					[
						"8497.82502",
						"1.06183e-16"
					],
					[
						"8503.342948",
						"5.69363e-17"
					],
					[
						"8508.860877",
						"5.62788e-17"
					],
					[
						"8514.378806",
						"1.04232e-16"
					],
					[
						"8519.896734",
						"6.31208e-17"
					],
					[
						"8525.414663",
						"7.92005e-17"
					],
					[
						"8530.932591",
						"1.15653e-16"
					],
					[
						"8536.45052",
						"8.40116e-17"
					],
					[
						"8541.968449",
						"5.58547e-17"
					],
					[
						"8547.486377",
						"7.97725e-17"
					],
					[
						"8553.004306",
						"1.01327e-16"
					],
					[
						"8558.522234",
						"1.06569e-16"
					],
					[
						"8564.040163",
						"1.13299e-16"
					],
					[
						"8569.558092",
						"8.53235e-17"
					],
					[
						"8575.07602",
						"7.32774e-17"
					],
					[
						"8580.593949",
						"7.80701e-17"
					],
					[
						"8586.111877",
						"7.12235e-17"
					],
					[
						"8591.629806",
						"9.80116e-17"
					],
					[
						"8597.147735",
						"1.1069e-16"
					],
					[
						"8602.665663",
						"9.77202e-17"
					],
					[
						"8608.183592",
						"8.9226e-17"
					],
					[
						"8613.70152",
						"8.20255e-17"
					],
					[
						"8619.219449",
						"8.00275e-17"
					],
					[
						"8624.737378",
						"1.07432e-16"
					],
					[
						"8630.255306",
						"1.08624e-16"
					],
					[
						"8635.773235",
						"7.94479e-17"
					],
					[
						"8641.291163",
						"1.08765e-16"
					],
					[
						"8646.809092",
						"1.30368e-16"
					],
					[
						"8652.327021",
						"8.6852e-17"
					],
					[
						"8657.844949",
						"1.07798e-16"
					],
					[
						"8663.362878",
						"1.40178e-16"
					],
					[
						"8668.880806",
						"1.06557e-16"
					],
					[
						"8674.398735",
						"1.0066e-16"
					],
					[
						"8679.916664",
						"1.05338e-16"
					],
					[
						"8685.434592",
						"1.1671e-16"
					],
					[
						"8690.952521",
						"1.01215e-16"
					],
					[
						"8696.470449",
						"9.2111e-17"
					],
					[
						"8701.988378",
						"1.13287e-16"
					],
					[
						"8707.506307",
						"1.27065e-16"
					],
					[
						"8713.024235",
						"1.1387e-16"
					],
					[
						"8718.542164",
						"1.43281e-16"
					],
					[
						"8724.060092",
						"9.82087e-17"
					],
					[
						"8729.578021",
						"9.89651e-17"
					],
					[
						"8735.09595",
						"1.25966e-16"
					],
					[
						"8740.613878",
						"1.00393e-16"
					],
					[
						"8746.131807",
						"1.28775e-16"
					],
					[
						"8751.649735",
						"1.35726e-16"
					],
					[
						"8757.167664",
						"1.36222e-16"
					],
					[
						"8762.685593",
						"1.05873e-16"
					],
					[
						"8768.203521",
						"1.16402e-16"
					],
					[
						"8773.72145",
						"1.01239e-16"
					],
					[
						"8779.239378",
						"1.20579e-16"
					],
					[
						"8784.757307",
						"1.24225e-16"
					],
					[
						"8790.275236",
						"1.24626e-16"
					],
					[
						"8795.793164",
						"1.24677e-16"
					],
					[
						"8801.311093",
						"7.88376e-17"
					],
					[
						"8806.829021",
						"1.17025e-16"
					],
					[
						"8812.34695",
						"1.15731e-16"
					],
					[
						"8817.864879",
						"1.14279e-16"
					],
					[
						"8823.382807",
						"1.5335e-16"
					],
					[
						"8828.900736",
						"1.13521e-16"
					],
					[
						"8834.418664",
						"1.24089e-16"
					],
					[
						"8839.936593",
						"1.11669e-16"
					],
					[
						"8845.454522",
						"1.19865e-16"
					],
					[
						"8850.97245",
						"1.31963e-16"
					],
					[
						"8856.490379",
						"1.33415e-16"
					],
					[
						"8862.008307",
						"1.29837e-16"
					],
					[
						"8867.526236",
						"1.2755e-16"
					],
					[
						"8873.044165",
						"1.12732e-16"
					],
					[
						"8878.562093",
						"1.1349e-16"
					],
					[
						"8884.080022",
						"1.40754e-16"
					],
					[
						"8889.59795",
						"1.58781e-16"
					],
					[
						"8895.115879",
						"1.02456e-16"
					],
					[
						"8900.633808",
						"1.32683e-16"
					],
					[
						"8906.151736",
						"1.09803e-16"
					],
					[
						"8911.669665",
						"1.05371e-16"
					],
					[
						"8917.187593",
						"8.38627e-17"
					],
					[
						"8922.705522",
						"1.07835e-16"
					],
					[
						"8928.223451",
						"1.22904e-16"
					],
					[
						"8933.741379",
						"1.36804e-16"
					],
					[
						"8939.259308",
						"1.26767e-16"
					],
					[
						"8944.777236",
						"8.66543e-17"
					],
					[
						"8950.295165",
						"1.1834e-16"
					],
					[
						"8955.813094",
						"1.34126e-16"
					],
					[
						"8961.331022",
						"9.14252e-17"
					],
					[
						"8966.848951",
						"1.15991e-16"
					],
					[
						"8972.366879",
						"1.04572e-16"
					],
					[
						"8977.884808",
						"6.38362e-17"
					],
					[
						"8983.402737",
						"6.3321e-17"
					],
					[
						"8988.920665",
						"5.63298e-17"
					],
					[
						"8994.438594",
						"8.3555e-17"
					],
					[
						"8999.956522",
						"9.60614e-17"
					],
					[
						"9005.474451",
						"9.75821e-17"
					],
					[
						"9010.99238",
						"1.09339e-16"
					],
					[
						"9016.510308",
						"8.36561e-17"
					],
					[
						"9022.028237",
						"6.35878e-17"
					],
					[
						"9027.546165",
						"7.55733e-17"
					],
					[
						"9033.064094",
						"9.54067e-17"
					],
					[
						"9038.582023",
						"8.69124e-17"
					],
					[
						"9044.099951",
						"8.59823e-17"
					],
					[
						"9049.61788",
						"6.24972e-17"
					],
					[
						"9055.135808",
						"1.18162e-16"
					],
					[
						"9060.653737",
						"1.35644e-16"
					],
					[
						"9066.171666",
						"5.03258e-17"
					],
					[
						"9071.689594",
						"1.14056e-16"
					],
					[
						"9077.207523",
						"1.06006e-16"
					],
					[
						"9082.725451",
						"1.05059e-16"
					],
					[
						"9088.24338",
						"3.26374e-17"
					],
					[
						"9093.761309",
						"7.07131e-17"
					],
					[
						"9099.279237",
						"8.05286e-17"
					],
					[
						"9104.797166",
						"1.10968e-16"
					],
					[
						"9110.315094",
						"5.63812e-17"
					],
					[
						"9115.833023",
						"5.50544e-17"
					],
					[
						"9121.350952",
						"8.03729e-17"
					],
					[
						"9126.86888",
						"7.58554e-17"
					],
					[
						"9132.386809",
						"6.40784e-17"
					],
					[
						"9137.904737",
						"3.84538e-17"
					],
					[
						"9143.422666",
						"1.01751e-16"
					],
					[
						"9148.940595",
						"1.04756e-16"
					],
					[
						"9154.458523",
						"6.50552e-17"
					],
					[
						"9159.976452",
						"4.56684e-17"
					],
					[
						"9165.49438",
						"3.58172e-17"
					],
					[
						"9171.012309",
						"6.59416e-17"
					],
					[
						"9176.530238",
						"8.95971e-17"
					],
					[
						"9182.048166",
						"1.10215e-16"
					],
					[
						"9187.566095",
						"3.91824e-17"
					],
					[
						"9193.084023",
						"-1.25078e-18"
					],
					[
						"9198.601952",
						"8.54151e-17"
					],
					[
						"9204.119881",
						"9.48377e-17"
					],
					[
						"9209.637809",
						"8.3278e-17"
					],
					[
						"9215.155738",
						"5.22359e-17"
					],
					[
						"9220.673666",
						"3.4918e-17"
					],
					[
						"9226.191595",
						"5.75069e-17"
					],
					[
						"9231.709524",
						"7.1472e-17"
					],
					[
						"9237.227452",
						"2.98983e-17"
					]
				],
				"source":"8"
			}
		]
	}
}