{
	"ASASSN-17di":{
		"schema":"https://github.com/astrocatalogs/supernovae/blob/a0bc0b9/SCHEMA.md",
		"name":"ASASSN-17di",
		"sources":[
			{
				"name":"2011ApJ...737..103S",
				"bibcode":"2011ApJ...737..103S",
				"reference":"Schlafly & Finkbeiner (2011)",
				"alias":"1"
			},
			{
				"name":"Transient Name Server",
				"url":"https://wis-tns.weizmann.ac.il/",
				"alias":"2"
			},
			{
				"name":"ATel 10153",
				"url":"http://www.astronomerstelegram.org/?read=10153",
				"alias":"3"
			},
			{
				"name":"ASAS-SN Supernovae",
				"url":"http://www.astronomy.ohio-state.edu/~assassin/sn_list.html",
				"alias":"4"
			},
			{
				"name":"Latest Supernovae",
				"secondary":true,
				"url":"http://www.rochesterastronomy.org/snimages/snredshiftall.html",
				"alias":"5"
			},
			{
				"name":"The Open Supernova Catalog",
				"bibcode":"2017ApJ...835...64G",
				"reference":"Guillochon et al. (2017)",
				"secondary":true,
				"url":"https://sne.space",
				"alias":"6"
			}
		],
		"alias":[
			{
				"value":"ASASSN-17di",
				"source":"2,3,5"
			},
			{
				"value":"AT2017cam",
				"source":"2,3,4,5"
			}
		],
		"dec":[
			{
				"value":"-16:21:04.03",
				"u_value":"degrees",
				"source":"2,3,5"
			},
			{
				"value":"-16:21:05.4",
				"u_value":"degrees",
				"source":"3,4"
			}
		],
		"discoverdate":[
			{
				"value":"2017/03/05.37",
				"source":"2,3,4"
			}
		],
		"discoverer":[
			{
				"value":"ASAS-SN",
				"source":"2,3,5"
			}
		],
		"ebv":[
			{
				"value":"0.6009",
				"derived":true,
				"e_value":"0.0086",
				"source":"1,6"
			}
		],
		"hostoffsetang":[
			{
				"value":"0",
				"u_value":"arcseconds",
				"source":"3,4"
			}
		],
		"maxappmag":[
			{
				"value":"16.5",
				"derived":true,
				"source":"2,6"
			}
		],
		"maxband":[
			{
				"value":"V",
				"derived":true,
				"source":"2,6"
			}
		],
		"maxdate":[
			{
				"value":"2017/03/05",
				"derived":true,
				"source":"2,6"
			}
		],
		"maxvisualappmag":[
			{
				"value":"16.5",
				"derived":true,
				"source":"2,6"
			}
		],
		"maxvisualband":[
			{
				"value":"V",
				"derived":true,
				"source":"2,6"
			}
		],
		"maxvisualdate":[
			{
				"value":"2017/03/05",
				"derived":true,
				"source":"2,6"
			}
		],
		"ra":[
			{
				"value":"16:51:55.73",
				"u_value":"hours",
				"source":"2"
			},
			{
				"value":"16:51:55.730",
				"u_value":"hours",
				"source":"3,5"
			},
			{
				"value":"16:51:55.92",
				"u_value":"hours",
				"source":"3,4"
			}
		],
		"photometry":[
			{
				"time":"57812.34",
				"band":"V",
				"instrument":"Cassius",
				"magnitude":"17.5",
				"system":"Vega",
				"telescope":"ASASSN-2",
				"u_time":"MJD",
				"upperlimit":true,
				"source":"2"
			},
			{
				"time":"57817.37",
				"band":"V",
				"e_magnitude":"0.1",
				"instrument":"Cassius",
				"magnitude":"16.5",
				"system":"Vega",
				"telescope":"ASASSN-2",
				"u_time":"MJD",
				"source":"2"
			}
		]
	}
}