{
	"ASASSN-15kj":{
		"schema":"https://github.com/astrocatalogs/supernovae/blob/a0bc0b9/SCHEMA.md",
		"name":"ASASSN-15kj",
		"sources":[
			{
				"name":"2016A&A...594A..13P",
				"bibcode":"2016A&A...594A..13P",
				"reference":"Planck Collaboration et al. (2016)",
				"alias":"1"
			},
			{
				"name":"ATel 7585",
				"bibcode":"2015ATel.7585....1B",
				"reference":"Brimacombe et al. (2015)",
				"url":"http://www.astronomerstelegram.org/?read=7585",
				"alias":"2"
			},
			{
				"name":"ATel 7692",
				"bibcode":"2015ATel.7692....1M",
				"reference":"Morrell (2015)",
				"url":"http://www.astronomerstelegram.org/?read=7692",
				"alias":"3"
			},
			{
				"name":"2011ApJ...737..103S",
				"bibcode":"2011ApJ...737..103S",
				"reference":"Schlafly & Finkbeiner (2011)",
				"alias":"4"
			},
			{
				"name":"ASAS-SN Supernovae",
				"url":"http://www.astronomy.ohio-state.edu/~assassin/sn_list.html",
				"alias":"5"
			},
			{
				"name":"Latest Supernovae",
				"secondary":true,
				"url":"http://www.rochesterastronomy.org/snimages/snredshiftall.html",
				"alias":"6"
			},
			{
				"name":"The Open Supernova Catalog",
				"bibcode":"2017ApJ...835...64G",
				"reference":"Guillochon et al. (2017)",
				"secondary":true,
				"url":"https://sne.space",
				"alias":"7"
			}
		],
		"alias":[
			{
				"value":"ASASSN-15kj",
				"source":"2,5,6"
			}
		],
		"claimedtype":[
			{
				"value":"Ic",
				"source":"2,3,5,6"
			}
		],
		"comovingdist":[
			{
				"value":"81.316",
				"derived":true,
				"u_value":"Mpc",
				"source":"1,2,5,6,7"
			}
		],
		"dec":[
			{
				"value":"-39:32:49.7",
				"u_value":"degrees",
				"source":"2,6"
			},
			{
				"value":"-39:32:49.2",
				"u_value":"degrees",
				"source":"2,5"
			}
		],
		"discoverdate":[
			{
				"value":"2015/05/31",
				"source":"2,6"
			}
		],
		"discoverer":[
			{
				"value":"ASAS-SN",
				"source":"2,6"
			}
		],
		"ebv":[
			{
				"value":"0.0155",
				"derived":true,
				"e_value":"0.0009",
				"source":"4,7"
			}
		],
		"host":[
			{
				"value":"ESO 297-G37",
				"source":"2,6"
			},
			{
				"value":"ESO 297-G037",
				"source":"2,5"
			}
		],
		"hostoffsetang":[
			{
				"value":"16.74",
				"u_value":"arcseconds",
				"source":"2,5"
			}
		],
		"lumdist":[
			{
				"value":"82.8162",
				"derived":true,
				"u_value":"Mpc",
				"source":"1,2,5,6,7"
			}
		],
		"maxabsmag":[
			{
				"value":"-18.9707",
				"derived":true,
				"source":"1,2,5,6,7"
			}
		],
		"maxappmag":[
			{
				"value":"15.6",
				"derived":true,
				"source":"2,6,7"
			}
		],
		"maxdate":[
			{
				"value":"2015/06/02",
				"derived":true,
				"source":"2,6,7"
			}
		],
		"maxvisualabsmag":[
			{
				"value":"-18.9906",
				"derived":true,
				"source":"1,2,5,6,7"
			}
		],
		"maxvisualappmag":[
			{
				"value":"15.6",
				"derived":true,
				"source":"2,6,7"
			}
		],
		"maxvisualdate":[
			{
				"value":"2015/06/02",
				"derived":true,
				"source":"2,6,7"
			}
		],
		"ra":[
			{
				"value":"01:58:11.53",
				"u_value":"hours",
				"source":"2,6"
			},
			{
				"value":"01:58:11.592",
				"u_value":"hours",
				"source":"2,5"
			}
		],
		"redshift":[
			{
				"value":"0.018453",
				"source":"2,5,6"
			}
		],
		"velocity":[
			{
				"value":"5481",
				"u_value":"km/s",
				"source":"7"
			}
		],
		"photometry":[
			{
				"time":"57175.5",
				"magnitude":"15.6",
				"u_time":"MJD",
				"source":"2,6"
			}
		]
	}
}