{
	"ASASSN-16on":{
		"schema":"https://github.com/astrocatalogs/supernovae/blob/a0bc0b9/SCHEMA.md",
		"name":"ASASSN-16on",
		"sources":[
			{
				"name":"2011ApJ...737..103S",
				"bibcode":"2011ApJ...737..103S",
				"reference":"Schlafly & Finkbeiner (2011)",
				"alias":"1"
			},
			{
				"name":"Transient Name Server",
				"url":"https://wis-tns.weizmann.ac.il/",
				"alias":"2"
			},
			{
				"name":"ATel 9827",
				"url":"http://www.astronomerstelegram.org/?read=9827",
				"alias":"3"
			},
			{
				"name":"Latest Supernovae",
				"secondary":true,
				"url":"http://www.rochesterastronomy.org/snimages/snredshiftall.html",
				"alias":"4"
			},
			{
				"name":"The Open Supernova Catalog",
				"bibcode":"2017ApJ...835...64G",
				"reference":"Guillochon et al. (2017)",
				"secondary":true,
				"url":"https://sne.space",
				"alias":"5"
			}
		],
		"alias":[
			{
				"value":"ASASSN-16on",
				"source":"2,3,4"
			},
			{
				"value":"AT2016isf",
				"source":"2,3,4"
			}
		],
		"dec":[
			{
				"value":"-46:28:38.06",
				"u_value":"degrees",
				"source":"2,3,4"
			}
		],
		"discoverdate":[
			{
				"value":"2016/12/05.17",
				"source":"2"
			}
		],
		"discoverer":[
			{
				"value":"ASAS-SN",
				"source":"2,3,4"
			}
		],
		"ebv":[
			{
				"value":"0.0092",
				"derived":true,
				"e_value":"0.0005",
				"source":"1,5"
			}
		],
		"host":[
			{
				"value":"MRSS 251-044924",
				"source":"2,3,4"
			}
		],
		"maxappmag":[
			{
				"value":"16.9",
				"derived":true,
				"source":"2,5"
			}
		],
		"maxband":[
			{
				"value":"V",
				"derived":true,
				"source":"2,5"
			}
		],
		"maxdate":[
			{
				"value":"2016/12/05",
				"derived":true,
				"source":"2,5"
			}
		],
		"maxvisualappmag":[
			{
				"value":"16.9",
				"derived":true,
				"source":"2,5"
			}
		],
		"maxvisualband":[
			{
				"value":"V",
				"derived":true,
				"source":"2,5"
			}
		],
		"maxvisualdate":[
			{
				"value":"2016/12/05",
				"derived":true,
				"source":"2,5"
			}
		],
		"ra":[
			{
				"value":"04:48:08.69",
				"u_value":"hours",
				"source":"2"
			},
			{
				"value":"04:48:08.690",
				"u_value":"hours",
				"source":"3,4"
			}
		],
		"photometry":[
			{
				"time":"57724.19",
				"band":"V",
				"instrument":"Cassius",
				"magnitude":"18",
				"system":"Vega",
				"telescope":"ASASSN-2",
				"u_time":"MJD",
				"upperlimit":true,
				"source":"2"
			},
			{
				"time":"57727.17",
				"band":"V",
				"e_magnitude":"0.1",
				"instrument":"Cassius",
				"magnitude":"16.9",
				"system":"Vega",
				"telescope":"ASASSN-2",
				"u_time":"MJD",
				"source":"2"
			}
		]
	}
}