{
	"ASASSN-15bc":{
		"schema":"https://github.com/astrocatalogs/supernovae/blob/a0bc0b9/SCHEMA.md",
		"name":"ASASSN-15bc",
		"sources":[
			{
				"name":"2016A&A...594A..13P",
				"bibcode":"2016A&A...594A..13P",
				"reference":"Planck Collaboration et al. (2016)",
				"alias":"1"
			},
			{
				"name":"2015ATel.6943....1B",
				"bibcode":"2015ATel.6943....1B",
				"reference":"Brimacombe et al. (2015)",
				"alias":"2"
			},
			{
				"name":"2015ATel.6949....1Z",
				"bibcode":"2015ATel.6949....1Z",
				"reference":"Zhang & Wang (2015)",
				"alias":"3"
			},
			{
				"name":"2011ApJ...737..103S",
				"bibcode":"2011ApJ...737..103S",
				"reference":"Schlafly & Finkbeiner (2011)",
				"alias":"4"
			},
			{
				"name":"ASAS-SN Supernovae",
				"url":"http://www.astronomy.ohio-state.edu/~assassin/sn_list.html",
				"alias":"5"
			},
			{
				"name":"Latest Supernovae",
				"secondary":true,
				"url":"http://www.rochesterastronomy.org/snimages/snredshiftall.html",
				"alias":"6"
			},
			{
				"name":"The Open Supernova Catalog",
				"bibcode":"2017ApJ...835...64G",
				"reference":"Guillochon et al. (2017)",
				"secondary":true,
				"url":"https://sne.space",
				"alias":"7"
			},
			{
				"name":"SIMBAD astronomical database",
				"bibcode":"2000A&AS..143....9W",
				"reference":"Wenger et al. (2000)",
				"secondary":true,
				"url":"http://simbad.u-strasbg.fr/",
				"alias":"8"
			}
		],
		"alias":[
			{
				"value":"ASASSN-15bc",
				"source":"2,5,6,8"
			}
		],
		"claimedtype":[
			{
				"value":"Ia",
				"source":"3,5,8"
			},
			{
				"value":"Ia-91T",
				"source":"2,6"
			}
		],
		"comovingdist":[
			{
				"value":"161.09",
				"derived":true,
				"u_value":"Mpc",
				"source":"1,2,5,7"
			}
		],
		"dec":[
			{
				"value":"-08:53:08.28",
				"u_value":"degrees",
				"source":"2,8"
			},
			{
				"value":"-08:53:08.3",
				"u_value":"degrees",
				"source":"2,6"
			},
			{
				"value":"-08:53:08.268",
				"u_value":"degrees",
				"source":"2,5"
			}
		],
		"discoverdate":[
			{
				"value":"2015/01/16",
				"source":"2,6"
			}
		],
		"discoverer":[
			{
				"value":"ASAS-SN",
				"source":"2,6"
			}
		],
		"ebv":[
			{
				"value":"0.0365",
				"derived":true,
				"e_value":"0.0008",
				"source":"4,7"
			}
		],
		"host":[
			{
				"value":"LEDA 170061",
				"source":"2,6"
			},
			{
				"value":"2MASX J04061478-0853112",
				"source":"2,5"
			}
		],
		"hostdec":[
			{
				"value":"-08:53:11.2",
				"derived":true,
				"u_value":"degrees",
				"source":"7"
			}
		],
		"hostoffsetang":[
			{
				"value":"3.64",
				"u_value":"arcseconds",
				"source":"2,5"
			}
		],
		"hostoffsetdist":[
			{
				"value":"2.74",
				"source":"1,2,5,7,8"
			}
		],
		"hostra":[
			{
				"value":"04:06:14.78",
				"derived":true,
				"u_value":"hours",
				"source":"7"
			}
		],
		"lumdist":[
			{
				"value":"167.009",
				"derived":true,
				"u_value":"Mpc",
				"source":"1,2,5,7"
			}
		],
		"maxabsmag":[
			{
				"value":"-19.8746",
				"derived":true,
				"source":"1,2,5,7"
			}
		],
		"maxappmag":[
			{
				"value":"16.2",
				"derived":true,
				"source":"2,6,7"
			}
		],
		"maxdate":[
			{
				"value":"2015/01/18",
				"derived":true,
				"source":"2,6,7"
			}
		],
		"maxvisualabsmag":[
			{
				"value":"-19.9137",
				"derived":true,
				"source":"1,2,5,7"
			}
		],
		"maxvisualappmag":[
			{
				"value":"16.2",
				"derived":true,
				"source":"2,6,7"
			}
		],
		"maxvisualdate":[
			{
				"value":"2015/01/18",
				"derived":true,
				"source":"2,6,7"
			}
		],
		"ra":[
			{
				"value":"04:06:14.640",
				"u_value":"hours",
				"source":"2,8"
			},
			{
				"value":"04:06:14.64",
				"u_value":"hours",
				"source":"2,5,6"
			}
		],
		"redshift":[
			{
				"value":"0.036715",
				"source":"2,5"
			}
		],
		"velocity":[
			{
				"value":"10805",
				"u_value":"km/s",
				"source":"7"
			}
		],
		"photometry":[
			{
				"time":"57040.5",
				"magnitude":"16.2",
				"u_time":"MJD",
				"source":"2,6"
			}
		]
	}
}