{
	"ASASSN-15gz":{
		"schema":"https://github.com/astrocatalogs/supernovae/blob/a0bc0b9/SCHEMA.md",
		"name":"ASASSN-15gz",
		"sources":[
			{
				"name":"2016A&A...594A..13P",
				"bibcode":"2016A&A...594A..13P",
				"reference":"Planck Collaboration et al. (2016)",
				"alias":"1"
			},
			{
				"name":"2015ATel.7385....1B",
				"bibcode":"2015ATel.7385....1B",
				"reference":"Brimacombe et al. (2015)",
				"alias":"2"
			},
			{
				"name":"2015ATel.7401....1Z",
				"bibcode":"2015ATel.7401....1Z",
				"reference":"Zhang & Wang (2015)",
				"alias":"3"
			},
			{
				"name":"2011ApJ...737..103S",
				"bibcode":"2011ApJ...737..103S",
				"reference":"Schlafly & Finkbeiner (2011)",
				"alias":"4"
			},
			{
				"name":"Pan-STARRS 3Pi",
				"url":"http://psweb.mp.qub.ac.uk/ps1threepi/psdb/",
				"alias":"5"
			},
			{
				"name":"ASAS-SN Supernovae",
				"url":"http://www.astronomy.ohio-state.edu/~assassin/sn_list.html",
				"alias":"6"
			},
			{
				"name":"Latest Supernovae",
				"secondary":true,
				"url":"http://www.rochesterastronomy.org/snimages/snredshiftall.html",
				"alias":"7"
			},
			{
				"name":"The Open Supernova Catalog",
				"bibcode":"2017ApJ...835...64G",
				"reference":"Guillochon et al. (2017)",
				"secondary":true,
				"url":"https://sne.space",
				"alias":"8"
			},
			{
				"name":"SIMBAD astronomical database",
				"bibcode":"2000A&AS..143....9W",
				"reference":"Wenger et al. (2000)",
				"secondary":true,
				"url":"http://simbad.u-strasbg.fr/",
				"alias":"9"
			}
		],
		"alias":[
			{
				"value":"ASASSN-15gz",
				"source":"2,5,6,7,9"
			},
			{
				"value":"PS15afe",
				"source":"2,7"
			}
		],
		"claimedtype":[
			{
				"value":"Ia",
				"source":"2,3,6,7,9"
			}
		],
		"comovingdist":[
			{
				"value":"149.4",
				"derived":true,
				"u_value":"Mpc",
				"source":"1,2,6,7,8"
			}
		],
		"dec":[
			{
				"value":"-13:27:36.63",
				"u_value":"degrees",
				"source":"2,9"
			},
			{
				"value":"-13:27:36.6",
				"u_value":"degrees",
				"source":"2,7"
			},
			{
				"value":"-13:27:36.7",
				"u_value":"degrees",
				"source":"2,5"
			},
			{
				"value":"-13:27:36.72",
				"u_value":"degrees",
				"source":"2,6"
			}
		],
		"discoverdate":[
			{
				"value":"2015/04/13",
				"source":"2,7"
			}
		],
		"discoverer":[
			{
				"value":"ASAS-SN",
				"source":"2,7"
			}
		],
		"ebv":[
			{
				"value":"0.0806",
				"derived":true,
				"e_value":"0.0029",
				"source":"4,8"
			}
		],
		"host":[
			{
				"value":"2MASX J14423254-1327294",
				"source":"2,5,6"
			}
		],
		"hostdec":[
			{
				"value":"-13:27:29.4",
				"derived":true,
				"u_value":"degrees",
				"source":"8"
			}
		],
		"hostoffsetang":[
			{
				"value":"9.69",
				"u_value":"arcseconds",
				"source":"2,6"
			}
		],
		"hostoffsetdist":[
			{
				"value":"6.79",
				"source":"1,2,6,7,8,9"
			}
		],
		"hostra":[
			{
				"value":"14:42:32.54",
				"derived":true,
				"u_value":"hours",
				"source":"8"
			}
		],
		"lumdist":[
			{
				"value":"154.479",
				"derived":true,
				"u_value":"Mpc",
				"source":"1,2,6,7,8"
			}
		],
		"maxabsmag":[
			{
				"value":"-19.208",
				"derived":true,
				"source":"1,2,6,7,8"
			}
		],
		"maxappmag":[
			{
				"value":"16.7",
				"derived":true,
				"source":"2,7,8"
			}
		],
		"maxdate":[
			{
				"value":"2015/04/19",
				"derived":true,
				"source":"2,7,8"
			}
		],
		"maxvisualabsmag":[
			{
				"value":"-19.2443",
				"derived":true,
				"source":"1,2,6,7,8"
			}
		],
		"maxvisualappmag":[
			{
				"value":"16.7",
				"derived":true,
				"source":"2,7,8"
			}
		],
		"maxvisualdate":[
			{
				"value":"2015/04/19",
				"derived":true,
				"source":"2,7,8"
			}
		],
		"ra":[
			{
				"value":"14:42:32.140",
				"u_value":"hours",
				"source":"2,9"
			},
			{
				"value":"14:42:32.14",
				"u_value":"hours",
				"source":"2,7"
			},
			{
				"value":"14:42:32.13",
				"u_value":"hours",
				"source":"2,5"
			},
			{
				"value":"14:42:32.16",
				"u_value":"hours",
				"source":"2,6"
			}
		],
		"redshift":[
			{
				"value":"0.034027",
				"source":"2,6,7"
			}
		],
		"velocity":[
			{
				"value":"10028",
				"u_value":"km/s",
				"source":"8"
			}
		],
		"photometry":[
			{
				"time":"57131.5",
				"magnitude":"16.7",
				"u_time":"MJD",
				"source":"2,7"
			},
			{
				"time":"57135.3978575962",
				"band":"w",
				"e_magnitude":"0.00985291",
				"instrument":"GPC",
				"magnitude":"17.1457",
				"telescope":"Pan-STARRS1",
				"u_time":"MJD",
				"source":"2,5"
			},
			{
				"time":"57135.4103727415",
				"band":"w",
				"e_magnitude":"0.0099084",
				"instrument":"GPC",
				"magnitude":"17.1468",
				"telescope":"Pan-STARRS1",
				"u_time":"MJD",
				"source":"2,5"
			},
			{
				"time":"57135.4228394657",
				"band":"w",
				"e_magnitude":"0.00925803",
				"instrument":"GPC",
				"magnitude":"17.1544",
				"telescope":"Pan-STARRS1",
				"u_time":"MJD",
				"source":"2,5"
			},
			{
				"time":"57135.4353233335",
				"band":"w",
				"e_magnitude":"0.00916532",
				"instrument":"GPC",
				"magnitude":"17.1475",
				"telescope":"Pan-STARRS1",
				"u_time":"MJD",
				"source":"2,5"
			},
			{
				"time":"57136.4833170209",
				"band":"w",
				"e_magnitude":"0.00849169",
				"instrument":"GPC",
				"magnitude":"17.206",
				"telescope":"Pan-STARRS1",
				"u_time":"MJD",
				"source":"2,5"
			},
			{
				"time":"57136.4954673159",
				"band":"w",
				"e_magnitude":"0.00971019",
				"instrument":"GPC",
				"magnitude":"17.1779",
				"telescope":"Pan-STARRS1",
				"u_time":"MJD",
				"source":"2,5"
			},
			{
				"time":"57136.5075726951",
				"band":"w",
				"e_magnitude":"0.00871501",
				"instrument":"GPC",
				"magnitude":"17.2105",
				"telescope":"Pan-STARRS1",
				"u_time":"MJD",
				"source":"2,5"
			},
			{
				"time":"57136.5196805149",
				"band":"w",
				"e_magnitude":"0.0126617",
				"instrument":"GPC",
				"magnitude":"17.1937",
				"telescope":"Pan-STARRS1",
				"u_time":"MJD",
				"source":"2,5"
			},
			{
				"time":"57137.4624389984",
				"band":"w",
				"e_magnitude":"0.00744014",
				"instrument":"GPC",
				"magnitude":"17.2602",
				"telescope":"Pan-STARRS1",
				"u_time":"MJD",
				"source":"2,5"
			},
			{
				"time":"57137.4866763628",
				"band":"w",
				"e_magnitude":"0.00649722",
				"instrument":"GPC",
				"magnitude":"17.2512",
				"telescope":"Pan-STARRS1",
				"u_time":"MJD",
				"source":"2,5"
			},
			{
				"time":"57137.4992425746",
				"band":"w",
				"e_magnitude":"0.00693781",
				"instrument":"GPC",
				"magnitude":"17.2502",
				"telescope":"Pan-STARRS1",
				"u_time":"MJD",
				"source":"2,5"
			},
			{
				"time":"57164.3823436677",
				"band":"w",
				"e_magnitude":"0.0202227",
				"instrument":"GPC",
				"magnitude":"18.5917",
				"telescope":"Pan-STARRS1",
				"u_time":"MJD",
				"source":"2,5"
			},
			{
				"time":"57164.395628401",
				"band":"w",
				"e_magnitude":"0.0151424",
				"instrument":"GPC",
				"magnitude":"18.5891",
				"telescope":"Pan-STARRS1",
				"u_time":"MJD",
				"source":"2,5"
			},
			{
				"time":"57164.4088752488",
				"band":"w",
				"e_magnitude":"0.0170986",
				"instrument":"GPC",
				"magnitude":"18.5962",
				"telescope":"Pan-STARRS1",
				"u_time":"MJD",
				"source":"2,5"
			},
			{
				"time":"57164.4220853979",
				"band":"w",
				"e_magnitude":"0.0389311",
				"instrument":"GPC",
				"magnitude":"18.5549",
				"telescope":"Pan-STARRS1",
				"u_time":"MJD",
				"source":"2,5"
			},
			{
				"time":"57165.360561979",
				"band":"i",
				"e_magnitude":"0.0299119",
				"instrument":"GPC",
				"magnitude":"18.4652",
				"telescope":"Pan-STARRS1",
				"u_time":"MJD",
				"source":"2,5"
			},
			{
				"time":"57166.361842899",
				"band":"i",
				"e_magnitude":"0.0320361",
				"instrument":"GPC",
				"magnitude":"18.5449",
				"telescope":"Pan-STARRS1",
				"u_time":"MJD",
				"source":"2,5"
			},
			{
				"time":"57166.3748407556",
				"band":"i",
				"e_magnitude":"0.0237468",
				"instrument":"GPC",
				"magnitude":"18.514",
				"telescope":"Pan-STARRS1",
				"u_time":"MJD",
				"source":"2,5"
			},
			{
				"time":"57166.3878011126",
				"band":"i",
				"e_magnitude":"0.0241786",
				"instrument":"GPC",
				"magnitude":"18.5578",
				"telescope":"Pan-STARRS1",
				"u_time":"MJD",
				"source":"2,5"
			},
			{
				"time":"57166.400832382",
				"band":"i",
				"e_magnitude":"0.0243244",
				"instrument":"GPC",
				"magnitude":"18.5107",
				"telescope":"Pan-STARRS1",
				"u_time":"MJD",
				"source":"2,5"
			},
			{
				"time":"57183.3155218312",
				"band":"w",
				"e_magnitude":"0.0657744",
				"instrument":"GPC",
				"magnitude":"19.2766",
				"telescope":"Pan-STARRS1",
				"u_time":"MJD",
				"source":"2,5"
			},
			{
				"time":"57183.3293125945",
				"band":"w",
				"e_magnitude":"0.0653505",
				"instrument":"GPC",
				"magnitude":"19.33",
				"telescope":"Pan-STARRS1",
				"u_time":"MJD",
				"source":"2,5"
			},
			{
				"time":"57183.3430944794",
				"band":"w",
				"e_magnitude":"0.0653026",
				"instrument":"GPC",
				"magnitude":"19.3094",
				"telescope":"Pan-STARRS1",
				"u_time":"MJD",
				"source":"2,5"
			},
			{
				"time":"57183.3569016699",
				"band":"w",
				"e_magnitude":"0.0673446",
				"instrument":"GPC",
				"magnitude":"19.2737",
				"telescope":"Pan-STARRS1",
				"u_time":"MJD",
				"source":"2,5"
			},
			{
				"time":"57186.3156611576",
				"band":"w",
				"e_magnitude":"0.0459269",
				"instrument":"GPC",
				"magnitude":"19.4598",
				"telescope":"Pan-STARRS1",
				"u_time":"MJD",
				"source":"2,5"
			},
			{
				"time":"57186.3288838445",
				"band":"w",
				"e_magnitude":"0.171771",
				"instrument":"GPC",
				"magnitude":"19.5524",
				"telescope":"Pan-STARRS1",
				"u_time":"MJD",
				"source":"2,5"
			},
			{
				"time":"57186.3649110296",
				"band":"w",
				"e_magnitude":"0.177082",
				"instrument":"GPC",
				"magnitude":"19.5547",
				"telescope":"Pan-STARRS1",
				"u_time":"MJD",
				"source":"2,5"
			}
		]
	}
}