{
	"ASASSN-15qc":{
		"schema":"https://github.com/astrocatalogs/supernovae/blob/a0bc0b9/SCHEMA.md",
		"name":"ASASSN-15qc",
		"sources":[
			{
				"name":"2016A&A...594A..13P",
				"bibcode":"2016A&A...594A..13P",
				"reference":"Planck Collaboration et al. (2016)",
				"alias":"1"
			},
			{
				"name":"2015ATel.8111....1B",
				"bibcode":"2015ATel.8111....1B",
				"reference":"Brown et al. (2015)",
				"alias":"2"
			},
			{
				"name":"2015ATel.8122....1L",
				"bibcode":"2015ATel.8122....1L",
				"reference":"Lyman et al. (2015)",
				"alias":"3"
			},
			{
				"name":"ATel 8112",
				"bibcode":"2015ATel.8112....1G",
				"reference":"Gress et al. (2015)",
				"url":"http://www.astronomerstelegram.org/?read=8112",
				"alias":"4"
			},
			{
				"name":"2011ApJ...737..103S",
				"bibcode":"2011ApJ...737..103S",
				"reference":"Schlafly & Finkbeiner (2011)",
				"alias":"5"
			},
			{
				"name":"Pan-STARRS 3Pi",
				"url":"http://psweb.mp.qub.ac.uk/ps1threepi/psdb/",
				"alias":"6"
			},
			{
				"name":"ASAS-SN Supernovae",
				"url":"http://www.astronomy.ohio-state.edu/~assassin/sn_list.html",
				"alias":"7"
			},
			{
				"name":"Latest Supernovae",
				"secondary":true,
				"url":"http://www.rochesterastronomy.org/snimages/snredshiftall.html",
				"alias":"8"
			},
			{
				"name":"The Open Supernova Catalog",
				"bibcode":"2017ApJ...835...64G",
				"reference":"Guillochon et al. (2017)",
				"secondary":true,
				"url":"https://sne.space",
				"alias":"9"
			},
			{
				"name":"WISeREP",
				"bibcode":"2012PASP..124..668Y",
				"reference":"Yaron & Gal-Yam (2012)",
				"secondary":true,
				"url":"http://wiserep.weizmann.ac.il/",
				"alias":"10"
			},
			{
				"name":"SIMBAD astronomical database",
				"bibcode":"2000A&AS..143....9W",
				"reference":"Wenger et al. (2000)",
				"secondary":true,
				"url":"http://simbad.u-strasbg.fr/",
				"alias":"11"
			}
		],
		"alias":[
			{
				"value":"ASASSN-15qc",
				"source":"2,3,4,6,7,8,9,10,11"
			},
			{
				"value":"CSS151008:003918+035700",
				"source":"2,3,4,6,8,9"
			},
			{
				"value":"MASTER OT J003918.04+035659.6",
				"source":"11"
			},
			{
				"value":"PS15cic",
				"source":"2,8"
			}
		],
		"claimedtype":[
			{
				"value":"Ia",
				"source":"2,3,4,6,7,8,10,11"
			}
		],
		"comovingdist":[
			{
				"value":"77.787",
				"derived":true,
				"u_value":"Mpc",
				"source":"1,2,7,9"
			}
		],
		"dec":[
			{
				"value":"+03:57:00.14",
				"u_value":"degrees",
				"source":"2,11"
			},
			{
				"value":"+03:57:00.1",
				"u_value":"degrees",
				"source":"2,8"
			},
			{
				"value":"+03:57:00.4",
				"u_value":"degrees",
				"source":"2,3,4,6"
			},
			{
				"value":"+03:57:00.612",
				"u_value":"degrees",
				"source":"2,7"
			}
		],
		"discoverdate":[
			{
				"value":"2015/10/01",
				"source":"2,8"
			}
		],
		"discoverer":[
			{
				"value":"ASAS-SN",
				"source":"2,8"
			}
		],
		"ebv":[
			{
				"value":"0.0218",
				"derived":true,
				"e_value":"0.0005",
				"source":"5,9"
			}
		],
		"host":[
			{
				"value":"UGC 402",
				"source":"2,3,4,6,7,8"
			}
		],
		"hostoffsetang":[
			{
				"value":"14.04",
				"u_value":"arcseconds",
				"source":"2,7"
			}
		],
		"lumdist":[
			{
				"value":"79.1603",
				"derived":true,
				"u_value":"Mpc",
				"source":"1,2,7,9"
			}
		],
		"maxabsmag":[
			{
				"value":"-19.0735",
				"derived":true,
				"source":"1,2,7,9"
			}
		],
		"maxappmag":[
			{
				"value":"15.4",
				"derived":true,
				"source":"2,8,9"
			}
		],
		"maxdate":[
			{
				"value":"2015/10/06",
				"derived":true,
				"source":"2,8,9"
			}
		],
		"maxvisualabsmag":[
			{
				"value":"-19.0925",
				"derived":true,
				"source":"1,2,7,9"
			}
		],
		"maxvisualappmag":[
			{
				"value":"15.4",
				"derived":true,
				"source":"2,8,9"
			}
		],
		"maxvisualdate":[
			{
				"value":"2015/10/06",
				"derived":true,
				"source":"2,8,9"
			}
		],
		"ra":[
			{
				"value":"00:39:17.980",
				"u_value":"hours",
				"source":"2,11"
			},
			{
				"value":"00:39:17.98",
				"u_value":"hours",
				"source":"2,8"
			},
			{
				"value":"00:39:17.94",
				"u_value":"hours",
				"source":"2,3,4,6"
			},
			{
				"value":"00:39:17.964",
				"u_value":"hours",
				"source":"2,7"
			}
		],
		"redshift":[
			{
				"value":"0.017649",
				"source":"2,7"
			}
		],
		"velocity":[
			{
				"value":"5244.4",
				"u_value":"km/s",
				"source":"9"
			}
		],
		"photometry":[
			{
				"time":"57301.5",
				"magnitude":"15.4",
				"u_time":"MJD",
				"source":"2,8"
			},
			{
				"time":"57305.3449878049",
				"band":"w",
				"e_magnitude":"0.0025403",
				"instrument":"GPC",
				"magnitude":"15.7669",
				"telescope":"Pan-STARRS1",
				"u_time":"MJD",
				"source":"2,3,4,6"
			},
			{
				"time":"57305.3569108817",
				"band":"w",
				"e_magnitude":"0.00432078",
				"instrument":"GPC",
				"magnitude":"15.8059",
				"telescope":"Pan-STARRS1",
				"u_time":"MJD",
				"source":"2,3,4,6"
			},
			{
				"time":"57305.3688833872",
				"band":"w",
				"e_magnitude":"0.00304506",
				"instrument":"GPC",
				"magnitude":"15.7653",
				"telescope":"Pan-STARRS1",
				"u_time":"MJD",
				"source":"2,3,4,6"
			},
			{
				"time":"57305.3809093307",
				"band":"w",
				"e_magnitude":"0.00381084",
				"instrument":"GPC",
				"magnitude":"15.767",
				"telescope":"Pan-STARRS1",
				"u_time":"MJD",
				"source":"2,3,4,6"
			},
			{
				"time":"57324.3197485361",
				"band":"i",
				"e_magnitude":"0.0107891",
				"instrument":"GPC",
				"magnitude":"16.5547",
				"telescope":"Pan-STARRS1",
				"u_time":"MJD",
				"source":"2,3,4,6"
			},
			{
				"time":"57324.3317199544",
				"band":"i",
				"e_magnitude":"0.0144362",
				"instrument":"GPC",
				"magnitude":"16.6025",
				"telescope":"Pan-STARRS1",
				"u_time":"MJD",
				"source":"2,3,4,6"
			},
			{
				"time":"57324.3437177978",
				"band":"i",
				"e_magnitude":"0.00954725",
				"instrument":"GPC",
				"magnitude":"16.5622",
				"telescope":"Pan-STARRS1",
				"u_time":"MJD",
				"source":"2,3,4,6"
			},
			{
				"time":"57324.3557338925",
				"band":"i",
				"e_magnitude":"0.00905678",
				"instrument":"GPC",
				"magnitude":"16.6014",
				"telescope":"Pan-STARRS1",
				"u_time":"MJD",
				"source":"2,3,4,6"
			},
			{
				"time":"57327.2931268667",
				"band":"w",
				"e_magnitude":"0.00459496",
				"instrument":"GPC",
				"magnitude":"16.6015",
				"telescope":"Pan-STARRS1",
				"u_time":"MJD",
				"source":"2,3,4,6"
			},
			{
				"time":"57327.3050811258",
				"band":"w",
				"e_magnitude":"0.00452314",
				"instrument":"GPC",
				"magnitude":"16.6169",
				"telescope":"Pan-STARRS1",
				"u_time":"MJD",
				"source":"2,3,4,6"
			},
			{
				"time":"57327.3170318571",
				"band":"w",
				"e_magnitude":"0.00388967",
				"instrument":"GPC",
				"magnitude":"16.6225",
				"telescope":"Pan-STARRS1",
				"u_time":"MJD",
				"source":"2,3,4,6"
			},
			{
				"time":"57327.3290114161",
				"band":"w",
				"e_magnitude":"0.00473086",
				"instrument":"GPC",
				"magnitude":"16.6721",
				"telescope":"Pan-STARRS1",
				"u_time":"MJD",
				"source":"2,3,4,6"
			},
			{
				"time":"57328.3175828942",
				"band":"w",
				"e_magnitude":"0.00452065",
				"instrument":"GPC",
				"magnitude":"16.6403",
				"telescope":"Pan-STARRS1",
				"u_time":"MJD",
				"source":"2,3,4,6"
			},
			{
				"time":"57328.3293124159",
				"band":"w",
				"e_magnitude":"0.0043273",
				"instrument":"GPC",
				"magnitude":"16.6352",
				"telescope":"Pan-STARRS1",
				"u_time":"MJD",
				"source":"2,3,4,6"
			},
			{
				"time":"57328.3411939828",
				"band":"w",
				"e_magnitude":"0.00458298",
				"instrument":"GPC",
				"magnitude":"16.6469",
				"telescope":"Pan-STARRS1",
				"u_time":"MJD",
				"source":"2,3,4,6"
			},
			{
				"time":"57328.3530289904",
				"band":"w",
				"e_magnitude":"0.00546651",
				"instrument":"GPC",
				"magnitude":"16.6166",
				"telescope":"Pan-STARRS1",
				"u_time":"MJD",
				"source":"2,3,4,6"
			},
			{
				"time":"57333.2593072648",
				"band":"w",
				"e_magnitude":"0.00803851",
				"instrument":"GPC",
				"magnitude":"16.956",
				"telescope":"Pan-STARRS1",
				"u_time":"MJD",
				"source":"2,3,4,6"
			},
			{
				"time":"57333.2721659971",
				"band":"w",
				"e_magnitude":"0.0124937",
				"instrument":"GPC",
				"magnitude":"16.9849",
				"telescope":"Pan-STARRS1",
				"u_time":"MJD",
				"source":"2,3,4,6"
			},
			{
				"time":"57333.2850244492",
				"band":"w",
				"e_magnitude":"0.00615623",
				"instrument":"GPC",
				"magnitude":"16.9296",
				"telescope":"Pan-STARRS1",
				"u_time":"MJD",
				"source":"2,3,4,6"
			},
			{
				"time":"57333.297864263",
				"band":"w",
				"e_magnitude":"0.00796498",
				"instrument":"GPC",
				"magnitude":"16.9497",
				"telescope":"Pan-STARRS1",
				"u_time":"MJD",
				"source":"2,3,4,6"
			},
			{
				"time":"57334.255747836",
				"band":"w",
				"e_magnitude":"0.0151252",
				"instrument":"GPC",
				"magnitude":"17.0678",
				"telescope":"Pan-STARRS1",
				"u_time":"MJD",
				"source":"2,3,4,6"
			},
			{
				"time":"57334.2678401385",
				"band":"w",
				"e_magnitude":"0.0142676",
				"instrument":"GPC",
				"magnitude":"17.053",
				"telescope":"Pan-STARRS1",
				"u_time":"MJD",
				"source":"2,3,4,6"
			},
			{
				"time":"57334.2799329854",
				"band":"w",
				"e_magnitude":"0.00867991",
				"instrument":"GPC",
				"magnitude":"17.0719",
				"telescope":"Pan-STARRS1",
				"u_time":"MJD",
				"source":"2,3,4,6"
			},
			{
				"time":"57334.2920584961",
				"band":"w",
				"e_magnitude":"0.0149273",
				"instrument":"GPC",
				"magnitude":"17.0604",
				"telescope":"Pan-STARRS1",
				"u_time":"MJD",
				"source":"2,3,4,6"
			},
			{
				"time":"57365.2637769255",
				"band":"w",
				"e_magnitude":"0.00798582",
				"instrument":"GPC",
				"magnitude":"18.0932",
				"telescope":"Pan-STARRS1",
				"u_time":"MJD",
				"source":"2,3,4,6"
			},
			{
				"time":"57365.2760388428",
				"band":"w",
				"e_magnitude":"0.00812106",
				"instrument":"GPC",
				"magnitude":"18.0927",
				"telescope":"Pan-STARRS1",
				"u_time":"MJD",
				"source":"2,3,4,6"
			},
			{
				"time":"57365.2882782458",
				"band":"w",
				"e_magnitude":"0.00839268",
				"instrument":"GPC",
				"magnitude":"18.0591",
				"telescope":"Pan-STARRS1",
				"u_time":"MJD",
				"source":"2,3,4,6"
			},
			{
				"time":"57365.3006046814",
				"band":"w",
				"e_magnitude":"0.00974691",
				"instrument":"GPC",
				"magnitude":"18.0927",
				"telescope":"Pan-STARRS1",
				"u_time":"MJD",
				"source":"2,3,4,6"
			},
			{
				"time":"57370.2021293724",
				"band":"z",
				"e_magnitude":"0.0691224",
				"instrument":"GPC",
				"magnitude":"18.8474",
				"telescope":"Pan-STARRS1",
				"u_time":"MJD",
				"source":"2,3,4,6"
			},
			{
				"time":"57380.2340021067",
				"band":"i",
				"e_magnitude":"0.0383532",
				"instrument":"GPC",
				"magnitude":"18.7213",
				"telescope":"Pan-STARRS1",
				"u_time":"MJD",
				"source":"2,3,4,6"
			},
			{
				"time":"57380.2453800872",
				"band":"i",
				"e_magnitude":"0.0326878",
				"instrument":"GPC",
				"magnitude":"18.6574",
				"telescope":"Pan-STARRS1",
				"u_time":"MJD",
				"source":"2,3,4,6"
			},
			{
				"time":"57380.2567192857",
				"band":"i",
				"e_magnitude":"0.0270323",
				"instrument":"GPC",
				"magnitude":"18.6744",
				"telescope":"Pan-STARRS1",
				"u_time":"MJD",
				"source":"2,3,4,6"
			},
			{
				"time":"57380.2679973493",
				"band":"i",
				"e_magnitude":"0.0333308",
				"instrument":"GPC",
				"magnitude":"18.7342",
				"telescope":"Pan-STARRS1",
				"u_time":"MJD",
				"source":"2,3,4,6"
			},
			{
				"time":"57392.2064711587",
				"band":"z",
				"e_magnitude":"0.130849",
				"instrument":"GPC",
				"magnitude":"19.6816",
				"telescope":"Pan-STARRS1",
				"u_time":"MJD",
				"source":"2,3,4,6"
			}
		],
		"spectra":[
			{
				"time":"57300.0",
				"filename":"tMASTERJ003918.04+035659.6_20151004_Gr13_Free_slit1.0_1_f.asci",
				"instrument":"ESO-NTT - EFOSC2-NTT",
				"observer":"Campbell/Lyman",
				"redshift":"0.0176",
				"reducer":"Fraser",
				"reduction":"final",
				"survey":"PESSTO",
				"u_fluxes":"erg/s/cm^2/Angstrom",
				"u_time":"MJD",
				"u_wavelengths":"Angstrom",
				"data":[
					[
						"3637.332275",
						"4.15873e-16"
					],
					[
						"3642.856216",
						"3.54956e-16"
					],
					[
						"3648.380157",
						"3.4668e-16"
					],
					[
						"3653.904099",
						"3.94667e-16"
					],
					[
						"3659.42804",
						"2.9136e-16"
					],
					[
						"3664.951981",
						"2.85311e-16"
					],
					[
						"3670.475922",
						"4.12822e-16"
					],
					[
						"3675.999863",
						"3.99698e-16"
					],
					[
						"3681.523804",
						"2.17813e-16"
					],
					[
						"3687.047745",
						"2.33497e-16"
					],
					[
						"3692.571686",
						"1.83464e-16"
					],
					[
						"3698.095627",
						"3.04428e-16"
					],
					[
						"3703.619568",
						"1.17812e-16"
					],
					[
						"3709.143509",
						"2.32652e-16"
					],
					[
						"3714.66745",
						"2.05694e-16"
					],
					[
						"3720.191391",
						"9.04678e-17"
					],
					[
						"3725.715332",
						"8.34389e-17"
					],
					[
						"3731.239273",
						"1.87067e-16"
					],
					[
						"3736.763214",
						"9.13311e-17"
					],
					[
						"3742.287155",
						"1.00546e-16"
					],
					[
						"3747.811096",
						"6.44811e-17"
					],
					[
						"3753.335037",
						"8.61634e-17"
					],
					[
						"3758.858978",
						"1.4923e-16"
					],
					[
						"3764.382919",
						"1.43297e-16"
					],
					[
						"3769.90686",
						"1.4783e-16"
					],
					[
						"3775.430801",
						"9.1473e-17"
					],
					[
						"3780.954742",
						"6.57024e-17"
					],
					[
						"3786.478683",
						"7.31994e-17"
					],
					[
						"3792.002625",
						"1.00417e-16"
					],
					[
						"3797.526566",
						"1.81396e-16"
					],
					[
						"3803.050507",
						"1.85389e-16"
					],
					[
						"3808.574448",
						"1.33312e-16"
					],
					[
						"3814.098389",
						"1.62961e-16"
					],
					[
						"3819.62233",
						"1.26217e-16"
					],
					[
						"3825.146271",
						"2.787e-16"
					],
					[
						"3830.670212",
						"2.77282e-16"
					],
					[
						"3836.194153",
						"2.22613e-16"
					],
					[
						"3841.718094",
						"2.41446e-16"
					],
					[
						"3847.242035",
						"3.21587e-16"
					],
					[
						"3852.765976",
						"2.93474e-16"
					],
					[
						"3858.289917",
						"1.9774e-16"
					],
					[
						"3863.813858",
						"2.753e-16"
					],
					[
						"3869.337799",
						"2.87878e-16"
					],
					[
						"3874.86174",
						"2.75853e-16"
					],
					[
						"3880.385681",
						"3.8832e-16"
					],
					[
						"3885.909622",
						"3.65598e-16"
					],
					[
						"3891.433563",
						"3.81432e-16"
					],
					[
						"3896.957504",
						"4.31524e-16"
					],
					[
						"3902.481445",
						"3.74954e-16"
					],
					[
						"3908.005386",
						"5.11512e-16"
					],
					[
						"3913.529327",
						"5.68648e-16"
					],
					[
						"3919.053268",
						"4.7176e-16"
					],
					[
						"3924.577209",
						"6.06874e-16"
					],
					[
						"3930.101151",
						"6.37615e-16"
					],
					[
						"3935.625092",
						"6.4067e-16"
					],
					[
						"3941.149033",
						"6.01924e-16"
					],
					[
						"3946.672974",
						"7.3315e-16"
					],
					[
						"3952.196915",
						"6.74037e-16"
					],
					[
						"3957.720856",
						"6.43231e-16"
					],
					[
						"3963.244797",
						"7.35905e-16"
					],
					[
						"3968.768738",
						"6.22684e-16"
					],
					[
						"3974.292679",
						"6.74435e-16"
					],
					[
						"3979.81662",
						"6.20253e-16"
					],
					[
						"3985.340561",
						"6.02555e-16"
					],
					[
						"3990.864502",
						"5.6906e-16"
					],
					[
						"3996.388443",
						"5.83519e-16"
					],
					[
						"4001.912384",
						"5.55787e-16"
					],
					[
						"4007.436325",
						"5.91556e-16"
					],
					[
						"4012.960266",
						"6.0517e-16"
					],
					[
						"4018.484207",
						"6.11114e-16"
					],
					[
						"4024.008148",
						"5.83003e-16"
					],
					[
						"4029.532089",
						"5.23574e-16"
					],
					[
						"4035.05603",
						"5.58988e-16"
					],
					[
						"4040.579971",
						"5.30583e-16"
					],
					[
						"4046.103912",
						"5.59543e-16"
					],
					[
						"4051.627853",
						"5.20608e-16"
					],
					[
						"4057.151794",
						"5.43536e-16"
					],
					[
						"4062.675735",
						"5.43309e-16"
					],
					[
						"4068.199677",
						"5.84381e-16"
					],
					[
						"4073.723618",
						"6.31434e-16"
					],
					[
						"4079.247559",
						"5.74792e-16"
					],
					[
						"4084.7715",
						"6.46692e-16"
					],
					[
						"4090.295441",
						"6.118e-16"
					],
					[
						"4095.819382",
						"6.19326e-16"
					],
					[
						"4101.343323",
						"6.91455e-16"
					],
					[
						"4106.867264",
						"6.57993e-16"
					],
					[
						"4112.391205",
						"6.25694e-16"
					],
					[
						"4117.915146",
						"6.97652e-16"
					],
					[
						"4123.439087",
						"7.38235e-16"
					],
					[
						"4128.963028",
						"7.00559e-16"
					],
					[
						"4134.486969",
						"6.0892e-16"
					],
					[
						"4140.01091",
						"6.86471e-16"
					],
					[
						"4145.534851",
						"7.09707e-16"
					],
					[
						"4151.058792",
						"6.38478e-16"
					],
					[
						"4156.582733",
						"6.59336e-16"
					],
					[
						"4162.106674",
						"6.8046e-16"
					],
					[
						"4167.630615",
						"7.25141e-16"
					],
					[
						"4173.154556",
						"6.7664e-16"
					],
					[
						"4178.678497",
						"6.42439e-16"
					],
					[
						"4184.202438",
						"5.68726e-16"
					],
					[
						"4189.726379",
						"6.15813e-16"
					],
					[
						"4195.25032",
						"5.92016e-16"
					],
					[
						"4200.774261",
						"6.3753e-16"
					],
					[
						"4206.298203",
						"6.16356e-16"
					],
					[
						"4211.822144",
						"5.78278e-16"
					],
					[
						"4217.346085",
						"6.00123e-16"
					],
					[
						"4222.870026",
						"6.56979e-16"
					],
					[
						"4228.393967",
						"6.07638e-16"
					],
					[
						"4233.917908",
						"5.79967e-16"
					],
					[
						"4239.441849",
						"5.7138e-16"
					],
					[
						"4244.96579",
						"6.11672e-16"
					],
					[
						"4250.489731",
						"5.75777e-16"
					],
					[
						"4256.013672",
						"5.88725e-16"
					],
					[
						"4261.537613",
						"5.95338e-16"
					],
					[
						"4267.061554",
						"5.32625e-16"
					],
					[
						"4272.585495",
						"5.4342e-16"
					],
					[
						"4278.109436",
						"5.34761e-16"
					],
					[
						"4283.633377",
						"4.96604e-16"
					],
					[
						"4289.157318",
						"4.79932e-16"
					],
					[
						"4294.681259",
						"4.67818e-16"
					],
					[
						"4300.2052",
						"3.81923e-16"
					],
					[
						"4305.729141",
						"3.89936e-16"
					],
					[
						"4311.253082",
						"3.61411e-16"
					],
					[
						"4316.777023",
						"3.58254e-16"
					],
					[
						"4322.300964",
						"3.34661e-16"
					],
					[
						"4327.824905",
						"3.37014e-16"
					],
					[
						"4333.348846",
						"4.02891e-16"
					],
					[
						"4338.872787",
						"3.63105e-16"
					],
					[
						"4344.396729",
						"3.6194e-16"
					],
					[
						"4349.92067",
						"2.70972e-16"
					],
					[
						"4355.444611",
						"2.92176e-16"
					],
					[
						"4360.968552",
						"3.12399e-16"
					],
					[
						"4366.492493",
						"3.1801e-16"
					],
					[
						"4372.016434",
						"3.30727e-16"
					],
					[
						"4377.540375",
						"2.87038e-16"
					],
					[
						"4383.064316",
						"3.06354e-16"
					],
					[
						"4388.588257",
						"2.83331e-16"
					],
					[
						"4394.112198",
						"3.299e-16"
					],
					[
						"4399.636139",
						"3.14085e-16"
					],
					[
						"4405.16008",
						"3.14079e-16"
					],
					[
						"4410.684021",
						"3.49455e-16"
					],
					[
						"4416.207962",
						"2.94789e-16"
					],
					[
						"4421.731903",
						"3.01045e-16"
					],
					[
						"4427.255844",
						"3.31224e-16"
					],
					[
						"4432.779785",
						"3.75475e-16"
					],
					[
						"4438.303726",
						"3.38518e-16"
					],
					[
						"4443.827667",
						"3.90283e-16"
					],
					[
						"4449.351608",
						"3.80416e-16"
					],
					[
						"4454.875549",
						"3.64049e-16"
					],
					[
						"4460.39949",
						"4.00266e-16"
					],
					[
						"4465.923431",
						"4.6753e-16"
					],
					[
						"4471.447372",
						"4.15047e-16"
					],
					[
						"4476.971313",
						"4.28531e-16"
					],
					[
						"4482.495255",
						"4.70926e-16"
					],
					[
						"4488.019196",
						"4.67183e-16"
					],
					[
						"4493.543137",
						"4.39429e-16"
					],
					[
						"4499.067078",
						"4.33277e-16"
					],
					[
						"4504.591019",
						"4.93935e-16"
					],
					[
						"4510.11496",
						"4.86213e-16"
					],
					[
						"4515.638901",
						"4.80376e-16"
					],
					[
						"4521.162842",
						"4.45613e-16"
					],
					[
						"4526.686783",
						"4.73423e-16"
					],
					[
						"4532.210724",
						"5.02198e-16"
					],
					[
						"4537.734665",
						"5.4903e-16"
					],
					[
						"4543.258606",
						"5.30951e-16"
					],
					[
						"4548.782547",
						"5.87121e-16"
					],
					[
						"4554.306488",
						"4.81088e-16"
					],
					[
						"4559.830429",
						"5.59322e-16"
					],
					[
						"4565.35437",
						"5.73287e-16"
					],
					[
						"4570.878311",
						"5.12976e-16"
					],
					[
						"4576.402252",
						"5.54957e-16"
					],
					[
						"4581.926193",
						"5.75825e-16"
					],
					[
						"4587.450134",
						"6.11367e-16"
					],
					[
						"4592.974075",
						"5.48221e-16"
					],
					[
						"4598.498016",
						"5.27493e-16"
					],
					[
						"4604.021957",
						"5.60307e-16"
					],
					[
						"4609.545898",
						"5.29144e-16"
					],
					[
						"4615.069839",
						"5.18765e-16"
					],
					[
						"4620.593781",
						"5.33865e-16"
					],
					[
						"4626.117722",
						"4.64478e-16"
					],
					[
						"4631.641663",
						"5.38127e-16"
					],
					[
						"4637.165604",
						"5.45078e-16"
					],
					[
						"4642.689545",
						"4.75042e-16"
					],
					[
						"4648.213486",
						"4.96632e-16"
					],
					[
						"4653.737427",
						"4.61385e-16"
					],
					[
						"4659.261368",
						"4.56997e-16"
					],
					[
						"4664.785309",
						"4.86753e-16"
					],
					[
						"4670.30925",
						"5.37441e-16"
					],
					[
						"4675.833191",
						"4.78911e-16"
					],
					[
						"4681.357132",
						"4.93414e-16"
					],
					[
						"4686.881073",
						"4.65781e-16"
					],
					[
						"4692.405014",
						"4.67483e-16"
					],
					[
						"4697.928955",
						"4.88104e-16"
					],
					[
						"4703.452896",
						"4.4055e-16"
					],
					[
						"4708.976837",
						"3.85455e-16"
					],
					[
						"4714.500778",
						"3.95479e-16"
					],
					[
						"4720.024719",
						"3.92665e-16"
					],
					[
						"4725.54866",
						"3.77874e-16"
					],
					[
						"4731.072601",
						"3.92743e-16"
					],
					[
						"4736.596542",
						"3.42067e-16"
					],
					[
						"4742.120483",
						"3.6713e-16"
					],
					[
						"4747.644424",
						"3.89145e-16"
					],
					[
						"4753.168365",
						"3.22283e-16"
					],
					[
						"4758.692307",
						"3.01799e-16"
					],
					[
						"4764.216248",
						"3.52997e-16"
					],
					[
						"4769.740189",
						"3.2214e-16"
					],
					[
						"4775.26413",
						"3.1761e-16"
					],
					[
						"4780.788071",
						"3.17032e-16"
					],
					[
						"4786.312012",
						"2.90371e-16"
					],
					[
						"4791.835953",
						"3.07466e-16"
					],
					[
						"4797.359894",
						"3.13302e-16"
					],
					[
						"4802.883835",
						"3.13549e-16"
					],
					[
						"4808.407776",
						"3.05874e-16"
					],
					[
						"4813.931717",
						"3.26034e-16"
					],
					[
						"4819.455658",
						"2.91107e-16"
					],
					[
						"4824.979599",
						"2.46422e-16"
					],
					[
						"4830.50354",
						"3.29992e-16"
					],
					[
						"4836.027481",
						"2.35547e-16"
					],
					[
						"4841.551422",
						"2.63907e-16"
					],
					[
						"4847.075363",
						"2.38471e-16"
					],
					[
						"4852.599304",
						"2.90153e-16"
					],
					[
						"4858.123245",
						"2.61103e-16"
					],
					[
						"4863.647186",
						"2.72664e-16"
					],
					[
						"4869.171127",
						"2.43962e-16"
					],
					[
						"4874.695068",
						"2.68806e-16"
					],
					[
						"4880.219009",
						"2.67018e-16"
					],
					[
						"4885.74295",
						"2.28957e-16"
					],
					[
						"4891.266891",
						"2.60141e-16"
					],
					[
						"4896.790833",
						"2.89435e-16"
					],
					[
						"4902.314774",
						"2.53179e-16"
					],
					[
						"4907.838715",
						"2.43849e-16"
					],
					[
						"4913.362656",
						"2.64758e-16"
					],
					[
						"4918.886597",
						"2.67974e-16"
					],
					[
						"4924.410538",
						"2.63546e-16"
					],
					[
						"4929.934479",
						"2.43047e-16"
					],
					[
						"4935.45842",
						"2.39578e-16"
					],
					[
						"4940.982361",
						"2.27953e-16"
					],
					[
						"4946.506302",
						"2.26886e-16"
					],
					[
						"4952.030243",
						"2.36029e-16"
					],
					[
						"4957.554184",
						"2.22211e-16"
					],
					[
						"4963.078125",
						"1.83133e-16"
					],
					[
						"4968.602066",
						"2.17004e-16"
					],
					[
						"4974.126007",
						"2.47136e-16"
					],
					[
						"4979.649948",
						"2.47164e-16"
					],
					[
						"4985.173889",
						"2.48013e-16"
					],
					[
						"4990.69783",
						"2.54029e-16"
					],
					[
						"4996.221771",
						"2.26653e-16"
					],
					[
						"5001.745712",
						"2.49437e-16"
					],
					[
						"5007.269653",
						"2.46926e-16"
					],
					[
						"5012.793594",
						"2.37736e-16"
					],
					[
						"5018.317535",
						"2.45143e-16"
					],
					[
						"5023.841476",
						"2.56149e-16"
					],
					[
						"5029.365417",
						"2.53335e-16"
					],
					[
						"5034.889359",
						"2.6356e-16"
					],
					[
						"5040.4133",
						"2.51508e-16"
					],
					[
						"5045.937241",
						"2.50514e-16"
					],
					[
						"5051.461182",
						"2.24068e-16"
					],
					[
						"5056.985123",
						"2.34973e-16"
					],
					[
						"5062.509064",
						"2.35246e-16"
					],
					[
						"5068.033005",
						"2.72256e-16"
					],
					[
						"5073.556946",
						"2.73416e-16"
					],
					[
						"5079.080887",
						"2.55319e-16"
					],
					[
						"5084.604828",
						"2.84909e-16"
					],
					[
						"5090.128769",
						"2.86271e-16"
					],
					[
						"5095.65271",
						"2.34928e-16"
					],
					[
						"5101.176651",
						"2.86202e-16"
					],
					[
						"5106.700592",
						"3.1272e-16"
					],
					[
						"5112.224533",
						"2.85619e-16"
					],
					[
						"5117.748474",
						"2.69397e-16"
					],
					[
						"5123.272415",
						"3.21917e-16"
					],
					[
						"5128.796356",
						"3.43322e-16"
					],
					[
						"5134.320297",
						"3.33035e-16"
					],
					[
						"5139.844238",
						"3.42187e-16"
					],
					[
						"5145.368179",
						"3.47622e-16"
					],
					[
						"5150.89212",
						"3.37946e-16"
					],
					[
						"5156.416061",
						"3.74387e-16"
					],
					[
						"5161.940002",
						"3.64272e-16"
					],
					[
						"5167.463943",
						"3.68118e-16"
					],
					[
						"5172.987885",
						"3.78306e-16"
					],
					[
						"5178.511826",
						"3.5488e-16"
					],
					[
						"5184.035767",
						"3.91077e-16"
					],
					[
						"5189.559708",
						"4.08534e-16"
					],
					[
						"5195.083649",
						"3.7232e-16"
					],
					[
						"5200.60759",
						"3.88644e-16"
					],
					[
						"5206.131531",
						"4.44085e-16"
					],
					[
						"5211.655472",
						"3.92652e-16"
					],
					[
						"5217.179413",
						"4.21154e-16"
					],
					[
						"5222.703354",
						"3.91061e-16"
					],
					[
						"5228.227295",
						"3.71084e-16"
					],
					[
						"5233.751236",
						"3.87478e-16"
					],
					[
						"5239.275177",
						"3.66821e-16"
					],
					[
						"5244.799118",
						"3.7517e-16"
					],
					[
						"5250.323059",
						"3.96488e-16"
					],
					[
						"5255.847",
						"4.13808e-16"
					],
					[
						"5261.370941",
						"3.72583e-16"
					],
					[
						"5266.894882",
						"4.17991e-16"
					],
					[
						"5272.418823",
						"4.10989e-16"
					],
					[
						"5277.942764",
						"3.52146e-16"
					],
					[
						"5283.466705",
						"3.26645e-16"
					],
					[
						"5288.990646",
						"3.64871e-16"
					],
					[
						"5294.514587",
						"3.13879e-16"
					],
					[
						"5300.038528",
						"3.00437e-16"
					],
					[
						"5305.562469",
						"2.98158e-16"
					],
					[
						"5311.086411",
						"3.00144e-16"
					],
					[
						"5316.610352",
						"2.88297e-16"
					],
					[
						"5322.134293",
						"2.65121e-16"
					],
					[
						"5327.658234",
						"2.26186e-16"
					],
					[
						"5333.182175",
						"2.54997e-16"
					],
					[
						"5338.706116",
						"2.21468e-16"
					],
					[
						"5344.230057",
						"2.25494e-16"
					],
					[
						"5349.753998",
						"2.42241e-16"
					],
					[
						"5355.277939",
						"2.30324e-16"
					],
					[
						"5360.80188",
						"3.051e-16"
					],
					[
						"5366.325821",
						"2.49049e-16"
					],
					[
						"5371.849762",
						"2.58736e-16"
					],
					[
						"5377.373703",
						"2.32066e-16"
					],
					[
						"5382.897644",
						"2.3416e-16"
					],
					[
						"5388.421585",
						"2.40003e-16"
					],
					[
						"5393.945526",
						"2.84398e-16"
					],
					[
						"5399.469467",
						"2.56187e-16"
					],
					[
						"5404.993408",
						"2.89614e-16"
					],
					[
						"5410.517349",
						"2.82006e-16"
					],
					[
						"5416.04129",
						"2.43975e-16"
					],
					[
						"5421.565231",
						"3.17074e-16"
					],
					[
						"5427.089172",
						"2.72254e-16"
					],
					[
						"5432.613113",
						"2.65695e-16"
					],
					[
						"5438.137054",
						"3.08947e-16"
					],
					[
						"5443.660995",
						"2.91784e-16"
					],
					[
						"5449.184937",
						"2.86342e-16"
					],
					[
						"5454.708878",
						"2.48412e-16"
					],
					[
						"5460.232819",
						"2.44471e-16"
					],
					[
						"5465.75676",
						"2.53997e-16"
					],
					[
						"5471.280701",
						"3.14729e-16"
					],
					[
						"5476.804642",
						"2.91163e-16"
					],
					[
						"5482.328583",
						"2.62013e-16"
					],
					[
						"5487.852524",
						"2.53214e-16"
					],
					[
						"5493.376465",
						"2.68293e-16"
					],
					[
						"5498.900406",
						"2.56419e-16"
					],
					[
						"5504.424347",
						"2.12312e-16"
					],
					[
						"5509.948288",
						"2.47109e-16"
					],
					[
						"5515.472229",
						"2.37386e-16"
					],
					[
						"5520.99617",
						"2.02444e-16"
					],
					[
						"5526.520111",
						"2.84293e-16"
					],
					[
						"5532.044052",
						"2.25193e-16"
					],
					[
						"5537.567993",
						"2.63181e-16"
					],
					[
						"5543.091934",
						"2.11309e-16"
					],
					[
						"5548.615875",
						"2.32131e-16"
					],
					[
						"5554.139816",
						"2.64704e-16"
					],
					[
						"5559.663757",
						"2.44544e-16"
					],
					[
						"5565.187698",
						"2.51839e-16"
					],
					[
						"5570.711639",
						"2.82357e-16"
					],
					[
						"5576.23558",
						"2.99542e-16"
					],
					[
						"5581.759521",
						"3.11076e-16"
					],
					[
						"5587.283463",
						"3.21227e-16"
					],
					[
						"5592.807404",
						"2.88188e-16"
					],
					[
						"5598.331345",
						"3.05867e-16"
					],
					[
						"5603.855286",
						"3.51207e-16"
					],
					[
						"5609.379227",
						"3.19479e-16"
					],
					[
						"5614.903168",
						"3.44913e-16"
					],
					[
						"5620.427109",
						"3.43984e-16"
					],
					[
						"5625.95105",
						"3.49705e-16"
					],
					[
						"5631.474991",
						"3.606e-16"
					],
					[
						"5636.998932",
						"3.46732e-16"
					],
					[
						"5642.522873",
						"3.59722e-16"
					],
					[
						"5648.046814",
						"3.27477e-16"
					],
					[
						"5653.570755",
						"3.72978e-16"
					],
					[
						"5659.094696",
						"3.56107e-16"
					],
					[
						"5664.618637",
						"3.77946e-16"
					],
					[
						"5670.142578",
						"3.46884e-16"
					],
					[
						"5675.666519",
						"3.45805e-16"
					],
					[
						"5681.19046",
						"3.72179e-16"
					],
					[
						"5686.714401",
						"3.6108e-16"
					],
					[
						"5692.238342",
						"3.51396e-16"
					],
					[
						"5697.762283",
						"3.22399e-16"
					],
					[
						"5703.286224",
						"3.69861e-16"
					],
					[
						"5708.810165",
						"3.44813e-16"
					],
					[
						"5714.334106",
						"3.76592e-16"
					],
					[
						"5719.858047",
						"3.89466e-16"
					],
					[
						"5725.381989",
						"3.48022e-16"
					],
					[
						"5730.90593",
						"2.77362e-16"
					],
					[
						"5736.429871",
						"3.16402e-16"
					],
					[
						"5741.953812",
						"3.19094e-16"
					],
					[
						"5747.477753",
						"3.05071e-16"
					],
					[
						"5753.001694",
						"3.35808e-16"
					],
					[
						"5758.525635",
						"3.21416e-16"
					],
					[
						"5764.049576",
						"3.11082e-16"
					],
					[
						"5769.573517",
						"3.21309e-16"
					],
					[
						"5775.097458",
						"2.87024e-16"
					],
					[
						"5780.621399",
						"3.05659e-16"
					],
					[
						"5786.14534",
						"2.90732e-16"
					],
					[
						"5791.669281",
						"2.85036e-16"
					],
					[
						"5797.193222",
						"3.39765e-16"
					],
					[
						"5802.717163",
						"3.60861e-16"
					],
					[
						"5808.241104",
						"3.51971e-16"
					],
					[
						"5813.765045",
						"3.18074e-16"
					],
					[
						"5819.288986",
						"3.25034e-16"
					],
					[
						"5824.812927",
						"3.04451e-16"
					],
					[
						"5830.336868",
						"2.74727e-16"
					],
					[
						"5835.860809",
						"2.85587e-16"
					],
					[
						"5841.38475",
						"3.24213e-16"
					],
					[
						"5846.908691",
						"3.55206e-16"
					],
					[
						"5852.432632",
						"2.90068e-16"
					],
					[
						"5857.956573",
						"2.93081e-16"
					],
					[
						"5863.480515",
						"3.12349e-16"
					],
					[
						"5869.004456",
						"3.04976e-16"
					],
					[
						"5874.528397",
						"2.84429e-16"
					],
					[
						"5880.052338",
						"2.73876e-16"
					],
					[
						"5885.576279",
						"2.67587e-16"
					],
					[
						"5891.10022",
						"3.08111e-16"
					],
					[
						"5896.624161",
						"3.41531e-16"
					],
					[
						"5902.148102",
						"2.82214e-16"
					],
					[
						"5907.672043",
						"3.0759e-16"
					],
					[
						"5913.195984",
						"3.32888e-16"
					],
					[
						"5918.719925",
						"3.42267e-16"
					],
					[
						"5924.243866",
						"3.16179e-16"
					],
					[
						"5929.767807",
						"3.05977e-16"
					],
					[
						"5935.291748",
						"2.8016e-16"
					],
					[
						"5940.815689",
						"2.66115e-16"
					],
					[
						"5946.33963",
						"3.12105e-16"
					],
					[
						"5951.863571",
						"3.0696e-16"
					],
					[
						"5957.387512",
						"3.20778e-16"
					],
					[
						"5962.911453",
						"2.90347e-16"
					],
					[
						"5968.435394",
						"2.83164e-16"
					],
					[
						"5973.959335",
						"2.97312e-16"
					],
					[
						"5979.483276",
						"2.84482e-16"
					],
					[
						"5985.007217",
						"2.63611e-16"
					],
					[
						"5990.531158",
						"2.53101e-16"
					],
					[
						"5996.055099",
						"2.89006e-16"
					],
					[
						"6001.579041",
						"2.63304e-16"
					],
					[
						"6007.102982",
						"2.97111e-16"
					],
					[
						"6012.626923",
						"3.13254e-16"
					],
					[
						"6018.150864",
						"2.91375e-16"
					],
					[
						"6023.674805",
						"2.88371e-16"
					],
					[
						"6029.198746",
						"2.70956e-16"
					],
					[
						"6034.722687",
						"2.90893e-16"
					],
					[
						"6040.246628",
						"2.29892e-16"
					],
					[
						"6045.770569",
						"2.23222e-16"
					],
					[
						"6051.29451",
						"2.19864e-16"
					],
					[
						"6056.818451",
						"2.57767e-16"
					],
					[
						"6062.342392",
						"2.02707e-16"
					],
					[
						"6067.866333",
						"1.70627e-16"
					],
					[
						"6073.390274",
						"2.17748e-16"
					],
					[
						"6078.914215",
						"1.68382e-16"
					],
					[
						"6084.438156",
						"1.52586e-16"
					],
					[
						"6089.962097",
						"1.67249e-16"
					],
					[
						"6095.486038",
						"1.28973e-16"
					],
					[
						"6101.009979",
						"1.35106e-16"
					],
					[
						"6106.53392",
						"1.25066e-16"
					],
					[
						"6112.057861",
						"1.27752e-16"
					],
					[
						"6117.581802",
						"1.09613e-16"
					],
					[
						"6123.105743",
						"1.00892e-16"
					],
					[
						"6128.629684",
						"8.12864e-17"
					],
					[
						"6134.153625",
						"8.35275e-17"
					],
					[
						"6139.677567",
						"8.12323e-17"
					],
					[
						"6145.201508",
						"7.89514e-17"
					],
					[
						"6150.725449",
						"8.01943e-17"
					],
					[
						"6156.24939",
						"6.44204e-17"
					],
					[
						"6161.773331",
						"9.08678e-17"
					],
					[
						"6167.297272",
						"1.08358e-16"
					],
					[
						"6172.821213",
						"6.48618e-17"
					],
					[
						"6178.345154",
						"6.98507e-17"
					],
					[
						"6183.869095",
						"6.81591e-17"
					],
					[
						"6189.393036",
						"6.56666e-17"
					],
					[
						"6194.916977",
						"4.37081e-17"
					],
					[
						"6200.440918",
						"1.15799e-16"
					],
					[
						"6205.964859",
						"8.90029e-17"
					],
					[
						"6211.4888",
						"8.11888e-17"
					],
					[
						"6217.012741",
						"7.99266e-17"
					],
					[
						"6222.536682",
						"1.11545e-16"
					],
					[
						"6228.060623",
						"9.24591e-17"
					],
					[
						"6233.584564",
						"1.22629e-16"
					],
					[
						"6239.108505",
						"1.28192e-16"
					],
					[
						"6244.632446",
						"1.49406e-16"
					],
					[
						"6250.156387",
						"1.35342e-16"
					],
					[
						"6255.680328",
						"1.51597e-16"
					],
					[
						"6261.204269",
						"1.68817e-16"
					],
					[
						"6266.72821",
						"1.29144e-16"
					],
					[
						"6272.252151",
						"1.47732e-16"
					],
					[
						"6277.776093",
						"1.89519e-16"
					],
					[
						"6283.300034",
						"1.78275e-16"
					],
					[
						"6288.823975",
						"1.6801e-16"
					],
					[
						"6294.347916",
						"1.80969e-16"
					],
					[
						"6299.871857",
						"2.11278e-16"
					],
					[
						"6305.395798",
						"2.18717e-16"
					],
					[
						"6310.919739",
						"2.0755e-16"
					],
					[
						"6316.44368",
						"2.18357e-16"
					],
					[
						"6321.967621",
						"2.11569e-16"
					],
					[
						"6327.491562",
						"2.25985e-16"
					],
					[
						"6333.015503",
						"2.63819e-16"
					],
					[
						"6338.539444",
						"2.45064e-16"
					],
					[
						"6344.063385",
						"2.60363e-16"
					],
					[
						"6349.587326",
						"2.14337e-16"
					],
					[
						"6355.111267",
						"2.34443e-16"
					],
					[
						"6360.635208",
						"2.69305e-16"
					],
					[
						"6366.159149",
						"2.54377e-16"
					],
					[
						"6371.68309",
						"2.37872e-16"
					],
					[
						"6377.207031",
						"2.10465e-16"
					],
					[
						"6382.730972",
						"2.67755e-16"
					],
					[
						"6388.254913",
						"2.98023e-16"
					],
					[
						"6393.778854",
						"2.1628e-16"
					],
					[
						"6399.302795",
						"3.02492e-16"
					],
					[
						"6404.826736",
						"2.61879e-16"
					],
					[
						"6410.350677",
						"2.75472e-16"
					],
					[
						"6415.874619",
						"2.33842e-16"
					],
					[
						"6421.39856",
						"2.60568e-16"
					],
					[
						"6426.922501",
						"2.43496e-16"
					],
					[
						"6432.446442",
						"2.60402e-16"
					],
					[
						"6437.970383",
						"2.3912e-16"
					],
					[
						"6443.494324",
						"2.65854e-16"
					],
					[
						"6449.018265",
						"2.9399e-16"
					],
					[
						"6454.542206",
						"2.5382e-16"
					],
					[
						"6460.066147",
						"2.39522e-16"
					],
					[
						"6465.590088",
						"2.134e-16"
					],
					[
						"6471.114029",
						"2.42406e-16"
					],
					[
						"6476.63797",
						"2.77884e-16"
					],
					[
						"6482.161911",
						"2.56695e-16"
					],
					[
						"6487.685852",
						"2.55067e-16"
					],
					[
						"6493.209793",
						"2.49556e-16"
					],
					[
						"6498.733734",
						"2.33659e-16"
					],
					[
						"6504.257675",
						"2.44693e-16"
					],
					[
						"6509.781616",
						"2.31166e-16"
					],
					[
						"6515.305557",
						"2.31013e-16"
					],
					[
						"6520.829498",
						"2.29287e-16"
					],
					[
						"6526.353439",
						"2.30658e-16"
					],
					[
						"6531.87738",
						"2.16295e-16"
					],
					[
						"6537.401321",
						"2.23421e-16"
					],
					[
						"6542.925262",
						"2.4073e-16"
					],
					[
						"6548.449203",
						"2.17775e-16"
					],
					[
						"6553.973145",
						"2.01812e-16"
					],
					[
						"6559.497086",
						"2.1307e-16"
					],
					[
						"6565.021027",
						"2.00567e-16"
					],
					[
						"6570.544968",
						"1.97815e-16"
					],
					[
						"6576.068909",
						"2.1406e-16"
					],
					[
						"6581.59285",
						"2.31238e-16"
					],
					[
						"6587.116791",
						"2.33928e-16"
					],
					[
						"6592.640732",
						"2.35139e-16"
					],
					[
						"6598.164673",
						"1.81811e-16"
					],
					[
						"6603.688614",
						"1.88977e-16"
					],
					[
						"6609.212555",
						"1.97972e-16"
					],
					[
						"6614.736496",
						"1.94364e-16"
					],
					[
						"6620.260437",
						"2.14372e-16"
					],
					[
						"6625.784378",
						"2.26894e-16"
					],
					[
						"6631.308319",
						"2.08474e-16"
					],
					[
						"6636.83226",
						"1.95089e-16"
					],
					[
						"6642.356201",
						"2.03049e-16"
					],
					[
						"6647.880142",
						"1.84552e-16"
					],
					[
						"6653.404083",
						"1.54161e-16"
					],
					[
						"6658.928024",
						"1.57117e-16"
					],
					[
						"6664.451965",
						"2.00969e-16"
					],
					[
						"6669.975906",
						"1.97794e-16"
					],
					[
						"6675.499847",
						"2.00514e-16"
					],
					[
						"6681.023788",
						"1.59064e-16"
					],
					[
						"6686.547729",
						"2.02727e-16"
					],
					[
						"6692.071671",
						"2.20086e-16"
					],
					[
						"6697.595612",
						"2.152e-16"
					],
					[
						"6703.119553",
						"1.96593e-16"
					],
					[
						"6708.643494",
						"1.76258e-16"
					],
					[
						"6714.167435",
						"2.01674e-16"
					],
					[
						"6719.691376",
						"1.81841e-16"
					],
					[
						"6725.215317",
						"1.8596e-16"
					],
					[
						"6730.739258",
						"1.75186e-16"
					],
					[
						"6736.263199",
						"1.56625e-16"
					],
					[
						"6741.78714",
						"1.53781e-16"
					],
					[
						"6747.311081",
						"1.59261e-16"
					],
					[
						"6752.835022",
						"1.67058e-16"
					],
					[
						"6758.358963",
						"1.65082e-16"
					],
					[
						"6763.882904",
						"1.43099e-16"
					],
					[
						"6769.406845",
						"1.53592e-16"
					],
					[
						"6774.930786",
						"1.42525e-16"
					],
					[
						"6780.454727",
						"1.59657e-16"
					],
					[
						"6785.978668",
						"1.61433e-16"
					],
					[
						"6791.502609",
						"1.43074e-16"
					],
					[
						"6797.02655",
						"1.56275e-16"
					],
					[
						"6802.550491",
						"1.53863e-16"
					],
					[
						"6808.074432",
						"1.61876e-16"
					],
					[
						"6813.598373",
						"1.50281e-16"
					],
					[
						"6819.122314",
						"1.5634e-16"
					],
					[
						"6824.646255",
						"1.45875e-16"
					],
					[
						"6830.170197",
						"1.58175e-16"
					],
					[
						"6835.694138",
						"1.49304e-16"
					],
					[
						"6841.218079",
						"1.46468e-16"
					],
					[
						"6846.74202",
						"1.37296e-16"
					],
					[
						"6852.265961",
						"1.35954e-16"
					],
					[
						"6857.789902",
						"1.11556e-16"
					],
					[
						"6863.313843",
						"1.07371e-16"
					],
					[
						"6868.837784",
						"1.03417e-16"
					],
					[
						"6874.361725",
						"1.09215e-16"
					],
					[
						"6879.885666",
						"1.06842e-16"
					],
					[
						"6885.409607",
						"1.2338e-16"
					],
					[
						"6890.933548",
						"1.19499e-16"
					],
					[
						"6896.457489",
						"9.5074e-17"
					],
					[
						"6901.98143",
						"1.36298e-16"
					],
					[
						"6907.505371",
						"1.46558e-16"
					],
					[
						"6913.029312",
						"1.1212e-16"
					],
					[
						"6918.553253",
						"1.22251e-16"
					],
					[
						"6924.077194",
						"1.46301e-16"
					],
					[
						"6929.601135",
						"1.33746e-16"
					],
					[
						"6935.125076",
						"1.32092e-16"
					],
					[
						"6940.649017",
						"9.355e-17"
					],
					[
						"6946.172958",
						"1.09647e-16"
					],
					[
						"6951.696899",
						"1.27052e-16"
					],
					[
						"6957.22084",
						"1.0982e-16"
					],
					[
						"6962.744781",
						"1.19252e-16"
					],
					[
						"6968.268723",
						"1.21659e-16"
					],
					[
						"6973.792664",
						"8.05466e-17"
					],
					[
						"6979.316605",
						"1.31408e-16"
					],
					[
						"6984.840546",
						"1.1504e-16"
					],
					[
						"6990.364487",
						"1.16904e-16"
					],
					[
						"6995.888428",
						"9.92567e-17"
					],
					[
						"7001.412369",
						"1.13557e-16"
					],
					[
						"7006.93631",
						"1.14547e-16"
					],
					[
						"7012.460251",
						"1.14601e-16"
					],
					[
						"7017.984192",
						"1.44011e-16"
					],
					[
						"7023.508133",
						"1.27631e-16"
					],
					[
						"7029.032074",
						"1.19013e-16"
					],
					[
						"7034.556015",
						"1.15267e-16"
					],
					[
						"7040.079956",
						"1.28273e-16"
					],
					[
						"7045.603897",
						"1.26161e-16"
					],
					[
						"7051.127838",
						"7.96493e-17"
					],
					[
						"7056.651779",
						"8.82998e-17"
					],
					[
						"7062.17572",
						"1.31005e-16"
					],
					[
						"7067.699661",
						"1.37401e-16"
					],
					[
						"7073.223602",
						"9.95181e-17"
					],
					[
						"7078.747543",
						"1.08414e-16"
					],
					[
						"7084.271484",
						"1.11986e-16"
					],
					[
						"7089.795425",
						"1.18044e-16"
					],
					[
						"7095.319366",
						"1.26463e-16"
					],
					[
						"7100.843308",
						"8.36214e-17"
					],
					[
						"7106.367249",
						"1.18491e-16"
					],
					[
						"7111.89119",
						"1.38453e-16"
					],
					[
						"7117.415131",
						"1.01627e-16"
					],
					[
						"7122.939072",
						"1.09669e-16"
					],
					[
						"7128.463013",
						"9.28096e-17"
					],
					[
						"7133.986954",
						"1.33623e-16"
					],
					[
						"7139.510895",
						"1.30368e-16"
					],
					[
						"7145.034836",
						"1.50131e-16"
					],
					[
						"7150.558777",
						"1.15444e-16"
					],
					[
						"7156.082718",
						"1.04601e-16"
					],
					[
						"7161.606659",
						"8.96481e-17"
					],
					[
						"7167.1306",
						"1.0492e-16"
					],
					[
						"7172.654541",
						"8.14935e-17"
					],
					[
						"7178.178482",
						"7.78877e-17"
					],
					[
						"7183.702423",
						"9.52195e-17"
					],
					[
						"7189.226364",
						"1.08195e-16"
					],
					[
						"7194.750305",
						"1.03796e-16"
					],
					[
						"7200.274246",
						"1.36956e-16"
					],
					[
						"7205.798187",
						"1.00343e-16"
					],
					[
						"7211.322128",
						"5.55704e-17"
					],
					[
						"7216.846069",
						"1.1107e-16"
					],
					[
						"7222.37001",
						"1.03006e-16"
					],
					[
						"7227.893951",
						"8.93081e-17"
					],
					[
						"7233.417892",
						"9.0212e-17"
					],
					[
						"7238.941834",
						"1.21658e-16"
					],
					[
						"7244.465775",
						"1.24101e-16"
					],
					[
						"7249.989716",
						"1.00898e-16"
					],
					[
						"7255.513657",
						"1.21656e-16"
					],
					[
						"7261.037598",
						"9.39815e-17"
					],
					[
						"7266.561539",
						"9.52764e-17"
					],
					[
						"7272.08548",
						"4.67534e-17"
					],
					[
						"7277.609421",
						"1.02261e-16"
					],
					[
						"7283.133362",
						"9.82299e-17"
					],
					[
						"7288.657303",
						"8.87313e-17"
					],
					[
						"7294.181244",
						"1.24848e-16"
					],
					[
						"7299.705185",
						"8.88833e-17"
					],
					[
						"7305.229126",
						"9.57705e-17"
					],
					[
						"7310.753067",
						"6.30724e-17"
					],
					[
						"7316.277008",
						"7.74407e-17"
					],
					[
						"7321.800949",
						"8.13255e-17"
					],
					[
						"7327.32489",
						"1.08519e-16"
					],
					[
						"7332.848831",
						"9.91469e-17"
					],
					[
						"7338.372772",
						"1.05828e-16"
					],
					[
						"7343.896713",
						"8.25392e-17"
					],
					[
						"7349.420654",
						"7.28591e-17"
					],
					[
						"7354.944595",
						"1.21558e-16"
					],
					[
						"7360.468536",
						"1.2091e-16"
					],
					[
						"7365.992477",
						"7.64361e-17"
					],
					[
						"7371.516418",
						"6.26415e-17"
					],
					[
						"7377.040359",
						"1.15014e-16"
					],
					[
						"7382.564301",
						"1.07492e-16"
					],
					[
						"7388.088242",
						"7.59596e-17"
					],
					[
						"7393.612183",
						"8.06432e-17"
					],
					[
						"7399.136124",
						"8.64416e-17"
					],
					[
						"7404.660065",
						"6.63627e-17"
					],
					[
						"7410.184006",
						"8.60583e-17"
					],
					[
						"7415.707947",
						"8.29251e-17"
					],
					[
						"7421.231888",
						"8.96717e-17"
					],
					[
						"7426.755829",
						"8.29202e-17"
					],
					[
						"7432.27977",
						"8.88772e-17"
					],
					[
						"7437.803711",
						"7.96563e-17"
					],
					[
						"7443.327652",
						"3.09636e-17"
					],
					[
						"7448.851593",
						"8.84282e-17"
					],
					[
						"7454.375534",
						"9.83666e-17"
					],
					[
						"7459.899475",
						"8.33197e-17"
					],
					[
						"7465.423416",
						"5.76086e-17"
					],
					[
						"7470.947357",
						"6.29762e-17"
					],
					[
						"7476.471298",
						"8.87141e-17"
					],
					[
						"7481.995239",
						"7.31663e-17"
					],
					[
						"7487.51918",
						"7.7499e-17"
					],
					[
						"7493.043121",
						"8.84726e-17"
					],
					[
						"7498.567062",
						"9.16873e-17"
					],
					[
						"7504.091003",
						"8.64757e-17"
					],
					[
						"7509.614944",
						"9.14265e-17"
					],
					[
						"7515.138885",
						"6.95925e-17"
					],
					[
						"7520.662827",
						"6.14031e-17"
					],
					[
						"7526.186768",
						"7.25203e-17"
					],
					[
						"7531.710709",
						"4.9905e-17"
					],
					[
						"7537.23465",
						"4.48699e-17"
					],
					[
						"7542.758591",
						"9.49478e-17"
					],
					[
						"7548.282532",
						"8.43707e-17"
					],
					[
						"7553.806473",
						"7.30962e-17"
					],
					[
						"7559.330414",
						"3.67291e-17"
					],
					[
						"7564.854355",
						"5.86072e-17"
					],
					[
						"7570.378296",
						"3.22139e-17"
					],
					[
						"7575.902237",
						"2.20056e-17"
					],
					[
						"7581.426178",
						"6.34168e-17"
					],
					[
						"7586.950119",
						"7.26225e-17"
					],
					[
						"7592.47406",
						"4.59608e-17"
					],
					[
						"7597.998001",
						"2.33151e-17"
					],
					[
						"7603.521942",
						"2.48339e-17"
					],
					[
						"7609.045883",
						"2.28516e-17"
					],
					[
						"7614.569824",
						"3.95936e-17"
					],
					[
						"7620.093765",
						"5.64634e-17"
					],
					[
						"7625.617706",
						"7.89323e-17"
					],
					[
						"7631.141647",
						"3.84185e-17"
					],
					[
						"7636.665588",
						"4.87593e-17"
					],
					[
						"7642.189529",
						"6.77324e-17"
					],
					[
						"7647.71347",
						"4.13897e-17"
					],
					[
						"7653.237412",
						"5.05787e-17"
					],
					[
						"7658.761353",
						"4.32607e-17"
					],
					[
						"7664.285294",
						"3.96806e-17"
					],
					[
						"7669.809235",
						"3.73229e-17"
					],
					[
						"7675.333176",
						"8.86726e-17"
					],
					[
						"7680.857117",
						"9.67531e-17"
					],
					[
						"7686.381058",
						"7.54225e-17"
					],
					[
						"7691.904999",
						"8.4964e-17"
					],
					[
						"7697.42894",
						"9.2059e-17"
					],
					[
						"7702.952881",
						"6.70813e-17"
					],
					[
						"7708.476822",
						"6.50616e-17"
					],
					[
						"7714.000763",
						"3.48683e-17"
					],
					[
						"7719.524704",
						"5.12268e-17"
					],
					[
						"7725.048645",
						"9.52434e-17"
					],
					[
						"7730.572586",
						"3.10653e-17"
					],
					[
						"7736.096527",
						"1.03139e-16"
					],
					[
						"7741.620468",
						"8.41987e-17"
					],
					[
						"7747.144409",
						"5.97237e-17"
					],
					[
						"7752.66835",
						"6.15457e-17"
					],
					[
						"7758.192291",
						"3.7537e-17"
					],
					[
						"7763.716232",
						"6.48857e-17"
					],
					[
						"7769.240173",
						"5.25641e-17"
					],
					[
						"7774.764114",
						"3.803e-17"
					],
					[
						"7780.288055",
						"7.24827e-17"
					],
					[
						"7785.811996",
						"9.58743e-17"
					],
					[
						"7791.335938",
						"8.68567e-17"
					],
					[
						"7796.859879",
						"4.8448e-17"
					],
					[
						"7802.38382",
						"7.00982e-17"
					],
					[
						"7807.907761",
						"7.04549e-17"
					],
					[
						"7813.431702",
						"4.65765e-17"
					],
					[
						"7818.955643",
						"6.78857e-17"
					],
					[
						"7824.479584",
						"5.65135e-17"
					],
					[
						"7830.003525",
						"9.20662e-17"
					],
					[
						"7835.527466",
						"7.68083e-17"
					],
					[
						"7841.051407",
						"1.26742e-16"
					],
					[
						"7846.575348",
						"4.41991e-17"
					],
					[
						"7852.099289",
						"5.54833e-17"
					],
					[
						"7857.62323",
						"7.26436e-17"
					],
					[
						"7863.147171",
						"1.25487e-16"
					],
					[
						"7868.671112",
						"5.7863e-17"
					],
					[
						"7874.195053",
						"4.34806e-17"
					],
					[
						"7879.718994",
						"1.63081e-18"
					],
					[
						"7885.242935",
						"9.40732e-17"
					],
					[
						"7890.766876",
						"1.16051e-16"
					],
					[
						"7896.290817",
						"6.85375e-17"
					],
					[
						"7901.814758",
						"8.85406e-17"
					],
					[
						"7907.338699",
						"9.83643e-17"
					],
					[
						"7912.86264",
						"5.15955e-17"
					],
					[
						"7918.386581",
						"5.16736e-18"
					],
					[
						"7923.910522",
						"4.09921e-17"
					],
					[
						"7929.434463",
						"1.13363e-16"
					],
					[
						"7934.958405",
						"1.1518e-16"
					],
					[
						"7940.482346",
						"8.32586e-17"
					],
					[
						"7946.006287",
						"8.87564e-17"
					],
					[
						"7951.530228",
						"9.83478e-17"
					],
					[
						"7957.054169",
						"8.22676e-17"
					],
					[
						"7962.57811",
						"9.35796e-17"
					],
					[
						"7968.102051",
						"8.15625e-17"
					],
					[
						"7973.625992",
						"1.07476e-16"
					],
					[
						"7979.149933",
						"3.48347e-17"
					],
					[
						"7984.673874",
						"7.20821e-17"
					],
					[
						"7990.197815",
						"8.69372e-17"
					],
					[
						"7995.721756",
						"5.34746e-17"
					],
					[
						"8001.245697",
						"5.72559e-17"
					],
					[
						"8006.769638",
						"9.60332e-17"
					],
					[
						"8012.293579",
						"1.01662e-16"
					],
					[
						"8017.81752",
						"7.49767e-17"
					],
					[
						"8023.341461",
						"5.51939e-17"
					],
					[
						"8028.865402",
						"6.80484e-17"
					],
					[
						"8034.389343",
						"7.86703e-17"
					],
					[
						"8039.913284",
						"5.53462e-17"
					],
					[
						"8045.437225",
						"7.98645e-17"
					],
					[
						"8050.961166",
						"6.80116e-17"
					],
					[
						"8056.485107",
						"6.96745e-17"
					],
					[
						"8062.009048",
						"8.51841e-17"
					],
					[
						"8067.53299",
						"6.36932e-17"
					],
					[
						"8073.056931",
						"9.10624e-17"
					],
					[
						"8078.580872",
						"1.01971e-16"
					],
					[
						"8084.104813",
						"8.34758e-17"
					],
					[
						"8089.628754",
						"4.20867e-17"
					],
					[
						"8095.152695",
						"3.56847e-17"
					],
					[
						"8100.676636",
						"3.80288e-17"
					],
					[
						"8106.200577",
						"6.28304e-17"
					],
					[
						"8111.724518",
						"6.0306e-17"
					],
					[
						"8117.248459",
						"7.64831e-17"
					],
					[
						"8122.7724",
						"8.92317e-17"
					],
					[
						"8128.296341",
						"1.31337e-16"
					],
					[
						"8133.820282",
						"4.03974e-17"
					],
					[
						"8139.344223",
						"5.71471e-17"
					],
					[
						"8144.868164",
						"1.84979e-17"
					],
					[
						"8150.392105",
						"3.93378e-17"
					],
					[
						"8155.916046",
						"-4.35382e-18"
					],
					[
						"8161.439987",
						"2.20832e-17"
					],
					[
						"8166.963928",
						"1.02822e-17"
					],
					[
						"8172.487869",
						"6.38336e-17"
					],
					[
						"8178.01181",
						"6.85618e-17"
					],
					[
						"8183.535751",
						"2.4395e-18"
					],
					[
						"8189.059692",
						"6.43486e-17"
					],
					[
						"8194.583633",
						"7.18121e-17"
					],
					[
						"8200.107574",
						"2.58046e-17"
					],
					[
						"8205.631515",
						"5.99457e-17"
					],
					[
						"8211.155457",
						"6.81363e-17"
					],
					[
						"8216.679398",
						"2.81996e-17"
					],
					[
						"8222.203339",
						"2.21403e-17"
					],
					[
						"8227.72728",
						"1.53923e-17"
					],
					[
						"8233.251221",
						"2.26981e-17"
					],
					[
						"8238.775162",
						"-2.67575e-17"
					],
					[
						"8244.299103",
						"9.90255e-17"
					],
					[
						"8249.823044",
						"1.72281e-17"
					],
					[
						"8255.346985",
						"-2.50835e-17"
					],
					[
						"8260.870926",
						"2.39076e-17"
					],
					[
						"8266.394867",
						"-5.71643e-18"
					],
					[
						"8271.918808",
						"-2.97984e-17"
					],
					[
						"8277.442749",
						"-1.31483e-17"
					],
					[
						"8282.96669",
						"-1.15815e-17"
					],
					[
						"8288.490631",
						"6.83888e-17"
					],
					[
						"8294.014572",
						"7.07226e-17"
					],
					[
						"8299.538513",
						"3.08036e-17"
					],
					[
						"8305.062454",
						"4.55773e-17"
					],
					[
						"8310.586395",
						"4.29894e-17"
					],
					[
						"8316.110336",
						"2.15935e-17"
					],
					[
						"8321.634277",
						"4.56521e-17"
					],
					[
						"8327.158218",
						"-1.16521e-17"
					],
					[
						"8332.682159",
						"3.62359e-18"
					],
					[
						"8338.2061",
						"2.43175e-17"
					],
					[
						"8343.730042",
						"3.22096e-18"
					],
					[
						"8349.253983",
						"4.4517e-17"
					],
					[
						"8354.777924",
						"6.86716e-17"
					],
					[
						"8360.301865",
						"3.49927e-18"
					],
					[
						"8365.825806",
						"-1.58992e-17"
					],
					[
						"8371.349747",
						"2.19733e-17"
					],
					[
						"8376.873688",
						"1.07236e-18"
					],
					[
						"8382.397629",
						"7.00929e-17"
					],
					[
						"8387.92157",
						"2.86779e-17"
					],
					[
						"8393.445511",
						"4.38071e-17"
					],
					[
						"8398.969452",
						"4.17046e-17"
					],
					[
						"8404.493393",
						"1.15335e-16"
					],
					[
						"8410.017334",
						"1.04777e-17"
					],
					[
						"8415.541275",
						"5.31944e-18"
					],
					[
						"8421.065216",
						"4.72338e-17"
					],
					[
						"8426.589157",
						"1.41109e-17"
					],
					[
						"8432.113098",
						"3.82908e-17"
					],
					[
						"8437.637039",
						"5.56559e-17"
					],
					[
						"8443.16098",
						"7.13661e-17"
					],
					[
						"8448.684921",
						"7.7746e-17"
					],
					[
						"8454.208862",
						"1.06797e-16"
					],
					[
						"8459.732803",
						"2.224e-17"
					],
					[
						"8465.256744",
						"2.13738e-17"
					],
					[
						"8470.780685",
						"4.39279e-17"
					],
					[
						"8476.304626",
						"7.69289e-17"
					],
					[
						"8481.828568",
						"5.41434e-17"
					],
					[
						"8487.352509",
						"8.25038e-17"
					],
					[
						"8492.87645",
						"9.44133e-17"
					],
					[
						"8498.400391",
						"6.23807e-17"
					],
					[
						"8503.924332",
						"8.33651e-17"
					],
					[
						"8509.448273",
						"1.25248e-16"
					],
					[
						"8514.972214",
						"9.32422e-17"
					],
					[
						"8520.496155",
						"6.59572e-17"
					],
					[
						"8526.020096",
						"9.50332e-17"
					],
					[
						"8531.544037",
						"6.46095e-17"
					],
					[
						"8537.067978",
						"2.8653e-17"
					],
					[
						"8542.591919",
						"3.6762e-17"
					],
					[
						"8548.11586",
						"9.34822e-17"
					],
					[
						"8553.639801",
						"8.5783e-17"
					],
					[
						"8559.163742",
						"3.29899e-17"
					],
					[
						"8564.687683",
						"7.42918e-17"
					],
					[
						"8570.211624",
						"1.03594e-16"
					],
					[
						"8575.735565",
						"6.6839e-17"
					],
					[
						"8581.259506",
						"-3.11772e-17"
					],
					[
						"8586.783447",
						"9.62768e-17"
					],
					[
						"8592.307388",
						"9.07336e-17"
					],
					[
						"8597.831329",
						"1.39229e-16"
					],
					[
						"8603.35527",
						"5.58395e-17"
					],
					[
						"8608.879211",
						"5.73181e-17"
					],
					[
						"8614.403152",
						"8.46658e-17"
					],
					[
						"8619.927094",
						"1.02116e-16"
					],
					[
						"8625.451035",
						"6.05517e-17"
					],
					[
						"8630.974976",
						"9.25943e-17"
					],
					[
						"8636.498917",
						"1.08964e-16"
					],
					[
						"8642.022858",
						"1.24613e-16"
					],
					[
						"8647.546799",
						"6.30707e-17"
					],
					[
						"8653.07074",
						"4.92806e-17"
					],
					[
						"8658.594681",
						"5.08721e-17"
					],
					[
						"8664.118622",
						"6.68374e-17"
					],
					[
						"8669.642563",
						"1.08566e-16"
					],
					[
						"8675.166504",
						"7.58633e-17"
					],
					[
						"8680.690445",
						"6.85063e-17"
					],
					[
						"8686.214386",
						"1.00068e-16"
					],
					[
						"8691.738327",
						"1.35095e-16"
					],
					[
						"8697.262268",
						"4.5763e-17"
					],
					[
						"8702.786209",
						"8.65228e-17"
					],
					[
						"8708.31015",
						"6.12232e-17"
					],
					[
						"8713.834091",
						"8.4168e-17"
					],
					[
						"8719.358032",
						"1.1188e-16"
					],
					[
						"8724.881973",
						"1.11199e-16"
					],
					[
						"8730.405914",
						"1.33696e-16"
					],
					[
						"8735.929855",
						"3.32376e-17"
					],
					[
						"8741.453796",
						"7.18594e-17"
					],
					[
						"8746.977737",
						"7.25777e-17"
					],
					[
						"8752.501678",
						"1.00845e-16"
					],
					[
						"8758.02562",
						"1.07797e-16"
					],
					[
						"8763.549561",
						"1.12244e-16"
					],
					[
						"8769.073502",
						"4.7839e-17"
					],
					[
						"8774.597443",
						"1.57427e-16"
					],
					[
						"8780.121384",
						"1.39316e-16"
					],
					[
						"8785.645325",
						"2.5777e-17"
					],
					[
						"8791.169266",
						"6.62577e-17"
					],
					[
						"8796.693207",
						"1.03987e-16"
					],
					[
						"8802.217148",
						"4.71896e-17"
					],
					[
						"8807.741089",
						"6.93866e-17"
					],
					[
						"8813.26503",
						"1.24506e-16"
					],
					[
						"8818.788971",
						"6.48548e-17"
					],
					[
						"8824.312912",
						"1.00073e-16"
					],
					[
						"8829.836853",
						"1.78757e-16"
					],
					[
						"8835.360794",
						"1.05082e-16"
					],
					[
						"8840.884735",
						"9.72835e-18"
					],
					[
						"8846.408676",
						"1.99939e-17"
					],
					[
						"8851.932617",
						"6.32239e-17"
					],
					[
						"8857.456558",
						"6.88104e-17"
					],
					[
						"8862.980499",
						"5.89127e-17"
					],
					[
						"8868.50444",
						"5.86614e-17"
					],
					[
						"8874.028381",
						"1.53576e-17"
					],
					[
						"8879.552322",
						"1.71627e-16"
					],
					[
						"8885.076263",
						"4.11723e-17"
					],
					[
						"8890.600204",
						"-1.05501e-17"
					],
					[
						"8896.124146",
						"6.29898e-17"
					],
					[
						"8901.648087",
						"7.30938e-17"
					],
					[
						"8907.172028",
						"5.70689e-17"
					],
					[
						"8912.695969",
						"1.12494e-16"
					],
					[
						"8918.21991",
						"4.45503e-17"
					],
					[
						"8923.743851",
						"6.51987e-17"
					],
					[
						"8929.267792",
						"1.0815e-16"
					],
					[
						"8934.791733",
						"7.04359e-17"
					],
					[
						"8940.315674",
						"8.49698e-18"
					],
					[
						"8945.839615",
						"3.21387e-17"
					],
					[
						"8951.363556",
						"8.63554e-17"
					],
					[
						"8956.887497",
						"5.30394e-17"
					],
					[
						"8962.411438",
						"2.58701e-17"
					],
					[
						"8967.935379",
						"3.3609e-17"
					],
					[
						"8973.45932",
						"4.46408e-17"
					],
					[
						"8978.983261",
						"5.45896e-17"
					],
					[
						"8984.507202",
						"4.67964e-17"
					],
					[
						"8990.031143",
						"2.42397e-17"
					],
					[
						"8995.555084",
						"4.18574e-17"
					],
					[
						"9001.079025",
						"1.09571e-16"
					],
					[
						"9006.602966",
						"9.57741e-17"
					],
					[
						"9012.126907",
						"3.89906e-17"
					],
					[
						"9017.650848",
						"5.08494e-17"
					],
					[
						"9023.174789",
						"1.70586e-17"
					],
					[
						"9028.69873",
						"6.3045e-17"
					],
					[
						"9034.222672",
						"1.23716e-17"
					],
					[
						"9039.746613",
						"1.00628e-16"
					],
					[
						"9045.270554",
						"-3.91065e-17"
					],
					[
						"9050.794495",
						"5.97664e-18"
					],
					[
						"9056.318436",
						"6.17393e-17"
					],
					[
						"9061.842377",
						"8.12318e-17"
					],
					[
						"9067.366318",
						"2.93425e-17"
					],
					[
						"9072.890259",
						"7.86669e-17"
					],
					[
						"9078.4142",
						"-1.51572e-17"
					],
					[
						"9083.938141",
						"6.8035e-17"
					],
					[
						"9089.462082",
						"7.8871e-17"
					],
					[
						"9094.986023",
						"9.73934e-17"
					],
					[
						"9100.509964",
						"6.81172e-17"
					],
					[
						"9106.033905",
						"9.45424e-17"
					],
					[
						"9111.557846",
						"1.35695e-16"
					],
					[
						"9117.081787",
						"7.6151e-17"
					],
					[
						"9122.605728",
						"8.32694e-17"
					],
					[
						"9128.129669",
						"5.74452e-17"
					],
					[
						"9133.65361",
						"1.02981e-16"
					],
					[
						"9139.177551",
						"6.12401e-17"
					],
					[
						"9144.701492",
						"-2.17273e-17"
					],
					[
						"9150.225433",
						"3.76214e-17"
					],
					[
						"9155.749374",
						"1.40521e-16"
					],
					[
						"9161.273315",
						"7.54873e-17"
					],
					[
						"9166.797256",
						"2.05253e-17"
					],
					[
						"9172.321198",
						"8.72151e-17"
					],
					[
						"9177.845139",
						"5.80424e-17"
					],
					[
						"9183.36908",
						"3.40439e-17"
					],
					[
						"9188.893021",
						"3.78927e-17"
					],
					[
						"9194.416962",
						"1.61129e-17"
					],
					[
						"9199.940903",
						"1.09522e-16"
					],
					[
						"9205.464844",
						"4.80022e-17"
					],
					[
						"9210.988785",
						"2.99138e-17"
					],
					[
						"9216.512726",
						"1.13312e-16"
					],
					[
						"9222.036667",
						"3.90341e-17"
					],
					[
						"9227.560608",
						"2.78131e-18"
					],
					[
						"9233.084549",
						"-3.01396e-18"
					],
					[
						"9238.60849",
						"1.0161e-17"
					],
					[
						"9244.132431",
						"9.1875e-18"
					],
					[
						"9249.656372",
						"8.26806e-18"
					],
					[
						"9255.180313",
						"7.74228e-18"
					],
					[
						"9260.704254",
						"7.24857e-18"
					],
					[
						"9266.228195",
						"6.74911e-18"
					],
					[
						"9271.752136",
						"6.18834e-18"
					],
					[
						"9277.276077",
						"5.67016e-18"
					],
					[
						"9282.800018",
						"5.19586e-18"
					],
					[
						"9288.323959",
						"4.76435e-18"
					],
					[
						"9293.8479",
						"4.37328e-18"
					]
				],
				"source":"10"
			}
		]
	}
}