{
	"ASASSN-15uv":{
		"schema":"https://github.com/astrocatalogs/supernovae/blob/a0bc0b9/SCHEMA.md",
		"name":"ASASSN-15uv",
		"sources":[
			{
				"name":"2016ATel.8493....1B",
				"bibcode":"2016ATel.8493....1B",
				"reference":"Bersier (2016)",
				"alias":"1"
			},
			{
				"name":"2016A&A...594A..13P",
				"bibcode":"2016A&A...594A..13P",
				"reference":"Planck Collaboration et al. (2016)",
				"alias":"2"
			},
			{
				"name":"2015ATel.8488....1K",
				"bibcode":"2015ATel.8488....1K",
				"reference":"Kiyota et al. (2015)",
				"alias":"3"
			},
			{
				"name":"2011ApJ...737..103S",
				"bibcode":"2011ApJ...737..103S",
				"reference":"Schlafly & Finkbeiner (2011)",
				"alias":"4"
			},
			{
				"name":"Pan-STARRS 3Pi",
				"url":"http://psweb.mp.qub.ac.uk/ps1threepi/psdb/",
				"alias":"5"
			},
			{
				"name":"ASAS-SN Supernovae",
				"url":"http://www.astronomy.ohio-state.edu/~assassin/sn_list.html",
				"alias":"6"
			},
			{
				"name":"Latest Supernovae",
				"secondary":true,
				"url":"http://www.rochesterastronomy.org/snimages/snredshiftall.html",
				"alias":"7"
			},
			{
				"name":"The Open Supernova Catalog",
				"bibcode":"2017ApJ...835...64G",
				"reference":"Guillochon et al. (2017)",
				"secondary":true,
				"url":"https://sne.space",
				"alias":"8"
			},
			{
				"name":"WISeREP",
				"bibcode":"2012PASP..124..668Y",
				"reference":"Yaron & Gal-Yam (2012)",
				"secondary":true,
				"url":"http://wiserep.weizmann.ac.il/",
				"alias":"9"
			},
			{
				"name":"SIMBAD astronomical database",
				"bibcode":"2000A&AS..143....9W",
				"reference":"Wenger et al. (2000)",
				"secondary":true,
				"url":"http://simbad.u-strasbg.fr/",
				"alias":"10"
			}
		],
		"alias":[
			{
				"value":"ASASSN-15uv",
				"source":"3,5,6,7,9,10"
			},
			{
				"value":"PS15dqu",
				"source":"3,7"
			}
		],
		"claimedtype":[
			{
				"value":"Ia",
				"source":"1,3,6,7,9,10"
			}
		],
		"comovingdist":[
			{
				"value":"89.55",
				"derived":true,
				"u_value":"Mpc",
				"source":"2,3,6,7,8"
			}
		],
		"dec":[
			{
				"value":"+27:48:41.74",
				"u_value":"degrees",
				"source":"3,10"
			},
			{
				"value":"+27:48:41.7",
				"u_value":"degrees",
				"source":"3,7"
			},
			{
				"value":"+27:48:41.8",
				"u_value":"degrees",
				"source":"3,5"
			},
			{
				"value":"+27:48:41.76",
				"u_value":"degrees",
				"source":"3,6"
			}
		],
		"discoverdate":[
			{
				"value":"2015/12/31",
				"source":"3,7"
			}
		],
		"discoverer":[
			{
				"value":"ASAS-SN",
				"source":"3,7"
			}
		],
		"ebv":[
			{
				"value":"0.0286",
				"derived":true,
				"e_value":"0.0016",
				"source":"4,8"
			}
		],
		"host":[
			{
				"value":"2MASX J08270817+2748382",
				"source":"3,5,6"
			}
		],
		"hostdec":[
			{
				"value":"+27:48:38.2",
				"derived":true,
				"u_value":"degrees",
				"source":"8"
			}
		],
		"hostoffsetang":[
			{
				"value":"4.16",
				"u_value":"arcseconds",
				"source":"3,6"
			}
		],
		"hostoffsetdist":[
			{
				"value":"1.77",
				"source":"2,3,6,7,8,10"
			}
		],
		"hostra":[
			{
				"value":"08:27:08.17",
				"derived":true,
				"u_value":"hours",
				"source":"8"
			}
		],
		"lumdist":[
			{
				"value":"91.368",
				"derived":true,
				"u_value":"Mpc",
				"source":"2,3,6,7,8"
			}
		],
		"maxabsmag":[
			{
				"value":"-18.492",
				"derived":true,
				"source":"2,3,6,7,8"
			}
		],
		"maxappmag":[
			{
				"value":"16.29",
				"derived":true,
				"source":"3,5,8"
			}
		],
		"maxband":[
			{
				"value":"r",
				"derived":true,
				"source":"3,5,8"
			}
		],
		"maxdate":[
			{
				"value":"2016/01/02",
				"derived":true,
				"source":"3,5,8"
			}
		],
		"maxvisualabsmag":[
			{
				"value":"-18.514",
				"derived":true,
				"source":"2,3,6,7,8"
			}
		],
		"maxvisualappmag":[
			{
				"value":"16.29",
				"derived":true,
				"source":"3,5,8"
			}
		],
		"maxvisualband":[
			{
				"value":"r",
				"derived":true,
				"source":"3,5,8"
			}
		],
		"maxvisualdate":[
			{
				"value":"2016/01/02",
				"derived":true,
				"source":"3,5,8"
			}
		],
		"ra":[
			{
				"value":"08:27:08.131",
				"u_value":"hours",
				"source":"3,10"
			},
			{
				"value":"08:27:08.13",
				"u_value":"hours",
				"source":"3,7"
			},
			{
				"value":"08:27:08.10",
				"u_value":"hours",
				"source":"3,5"
			},
			{
				"value":"08:27:08.16",
				"u_value":"hours",
				"source":"3,6"
			}
		],
		"redshift":[
			{
				"value":"0.02033",
				"source":"3,6,7"
			}
		],
		"velocity":[
			{
				"value":"6033",
				"u_value":"km/s",
				"source":"8"
			}
		],
		"photometry":[
			{
				"time":"57380.4264204531",
				"band":"i",
				"e_magnitude":"0.0335844",
				"instrument":"GPC",
				"magnitude":"17.7486",
				"telescope":"Pan-STARRS1",
				"u_time":"MJD",
				"source":"3,5"
			},
			{
				"time":"57380.4384362502",
				"band":"i",
				"e_magnitude":"0.0236816",
				"instrument":"GPC",
				"magnitude":"17.736",
				"telescope":"Pan-STARRS1",
				"u_time":"MJD",
				"source":"3,5"
			},
			{
				"time":"57380.4514893036",
				"band":"i",
				"e_magnitude":"0.017376",
				"instrument":"GPC",
				"magnitude":"17.7455",
				"telescope":"Pan-STARRS1",
				"u_time":"MJD",
				"source":"3,5"
			},
			{
				"time":"57380.4634745568",
				"band":"i",
				"e_magnitude":"0.0130804",
				"instrument":"GPC",
				"magnitude":"17.7303",
				"telescope":"Pan-STARRS1",
				"u_time":"MJD",
				"source":"3,5"
			},
			{
				"time":"57389.5910088964",
				"band":"r",
				"e_magnitude":"0.0075708",
				"instrument":"GPC",
				"magnitude":"16.3041",
				"telescope":"Pan-STARRS1",
				"u_time":"MJD",
				"source":"3,5"
			},
			{
				"time":"57389.6040852987",
				"band":"r",
				"e_magnitude":"0.00849246",
				"instrument":"GPC",
				"magnitude":"16.3092",
				"telescope":"Pan-STARRS1",
				"u_time":"MJD",
				"source":"3,5"
			},
			{
				"time":"57389.6173225417",
				"band":"r",
				"e_magnitude":"0.00830659",
				"instrument":"GPC",
				"magnitude":"16.2896",
				"telescope":"Pan-STARRS1",
				"u_time":"MJD",
				"source":"3,5"
			},
			{
				"time":"57389.6305475733",
				"band":"r",
				"e_magnitude":"0.010642",
				"instrument":"GPC",
				"magnitude":"16.3123",
				"telescope":"Pan-STARRS1",
				"u_time":"MJD",
				"source":"3,5"
			},
			{
				"time":"57401.5116840598",
				"band":"w",
				"e_magnitude":"0.00405307",
				"instrument":"GPC",
				"magnitude":"16.7593",
				"telescope":"Pan-STARRS1",
				"u_time":"MJD",
				"source":"3,5"
			},
			{
				"time":"57401.5252436739",
				"band":"w",
				"e_magnitude":"0.00380278",
				"instrument":"GPC",
				"magnitude":"16.7545",
				"telescope":"Pan-STARRS1",
				"u_time":"MJD",
				"source":"3,5"
			},
			{
				"time":"57401.5387645662",
				"band":"w",
				"e_magnitude":"0.00407619",
				"instrument":"GPC",
				"magnitude":"16.7582",
				"telescope":"Pan-STARRS1",
				"u_time":"MJD",
				"source":"3,5"
			},
			{
				"time":"57401.5524581363",
				"band":"w",
				"e_magnitude":"0.00366319",
				"instrument":"GPC",
				"magnitude":"16.7604",
				"telescope":"Pan-STARRS1",
				"u_time":"MJD",
				"source":"3,5"
			},
			{
				"time":"57404.3618921326",
				"band":"r",
				"e_magnitude":"0.00665263",
				"instrument":"GPC",
				"magnitude":"16.669",
				"telescope":"Pan-STARRS1",
				"u_time":"MJD",
				"source":"3,5"
			},
			{
				"time":"57404.3735999181",
				"band":"r",
				"e_magnitude":"0.0053923",
				"instrument":"GPC",
				"magnitude":"16.6694",
				"telescope":"Pan-STARRS1",
				"u_time":"MJD",
				"source":"3,5"
			},
			{
				"time":"57404.3856753745",
				"band":"r",
				"e_magnitude":"0.00612378",
				"instrument":"GPC",
				"magnitude":"16.6564",
				"telescope":"Pan-STARRS1",
				"u_time":"MJD",
				"source":"3,5"
			},
			{
				"time":"57404.3974492587",
				"band":"r",
				"e_magnitude":"0.00588339",
				"instrument":"GPC",
				"magnitude":"16.6533",
				"telescope":"Pan-STARRS1",
				"u_time":"MJD",
				"source":"3,5"
			},
			{
				"time":"57451.2388090915",
				"band":"w",
				"e_magnitude":"0.0191452",
				"instrument":"GPC",
				"magnitude":"18.6441",
				"telescope":"Pan-STARRS1",
				"u_time":"MJD",
				"source":"3,5"
			},
			{
				"time":"57451.2511199573",
				"band":"w",
				"e_magnitude":"0.0185974",
				"instrument":"GPC",
				"magnitude":"18.668",
				"telescope":"Pan-STARRS1",
				"u_time":"MJD",
				"source":"3,5"
			},
			{
				"time":"57451.2634812766",
				"band":"w",
				"e_magnitude":"0.0181813",
				"instrument":"GPC",
				"magnitude":"18.6667",
				"telescope":"Pan-STARRS1",
				"u_time":"MJD",
				"source":"3,5"
			},
			{
				"time":"57451.2759116289",
				"band":"w",
				"e_magnitude":"0.0175248",
				"instrument":"GPC",
				"magnitude":"18.6852",
				"telescope":"Pan-STARRS1",
				"u_time":"MJD",
				"source":"3,5"
			},
			{
				"time":"57460.2388850786",
				"band":"w",
				"e_magnitude":"0.0319177",
				"instrument":"GPC",
				"magnitude":"18.9516",
				"telescope":"Pan-STARRS1",
				"u_time":"MJD",
				"source":"3,5"
			},
			{
				"time":"57460.2504550897",
				"band":"w",
				"e_magnitude":"0.0191458",
				"instrument":"GPC",
				"magnitude":"18.9507",
				"telescope":"Pan-STARRS1",
				"u_time":"MJD",
				"source":"3,5"
			},
			{
				"time":"57460.2620062969",
				"band":"w",
				"e_magnitude":"0.0188364",
				"instrument":"GPC",
				"magnitude":"18.9576",
				"telescope":"Pan-STARRS1",
				"u_time":"MJD",
				"source":"3,5"
			},
			{
				"time":"57460.2736081506",
				"band":"w",
				"e_magnitude":"0.0200203",
				"instrument":"GPC",
				"magnitude":"18.9469",
				"telescope":"Pan-STARRS1",
				"u_time":"MJD",
				"source":"3,5"
			}
		],
		"spectra":[
			{
				"time":"57388.0",
				"filename":"tASASSN-15uv_20151231_Gr13_Free_slit1.0_1_f.asci",
				"instrument":"ESO-NTT - EFOSC2-NTT",
				"observer":"Firth, Dimitriadis, Frohmaier",
				"redshift":"0.023",
				"reducer":"Frohmaier",
				"reduction":"rapid",
				"survey":"PESSTO",
				"u_fluxes":"erg/s/cm^2/Angstrom",
				"u_time":"MJD",
				"u_wavelengths":"Angstrom",
				"data":[
					[
						"3640.047852",
						"1.97525e-15"
					],
					[
						"3645.56578",
						"1.70083e-15"
					],
					[
						"3651.083709",
						"1.54561e-15"
					],
					[
						"3656.601637",
						"1.5527e-15"
					],
					[
						"3662.119566",
						"1.58862e-15"
					],
					[
						"3667.637495",
						"1.39273e-15"
					],
					[
						"3673.155423",
						"1.23989e-15"
					],
					[
						"3678.673352",
						"1.17974e-15"
					],
					[
						"3684.19128",
						"1.04052e-15"
					],
					[
						"3689.709209",
						"1.05777e-15"
					],
					[
						"3695.227138",
						"8.42165e-16"
					],
					[
						"3700.745066",
						"7.56218e-16"
					],
					[
						"3706.262995",
						"7.15619e-16"
					],
					[
						"3711.780923",
						"5.53406e-16"
					],
					[
						"3717.298852",
						"5.88598e-16"
					],
					[
						"3722.816781",
						"5.41046e-16"
					],
					[
						"3728.334709",
						"5.16249e-16"
					],
					[
						"3733.852638",
						"5.11983e-16"
					],
					[
						"3739.370566",
						"4.68328e-16"
					],
					[
						"3744.888495",
						"5.3101e-16"
					],
					[
						"3750.406424",
						"5.33177e-16"
					],
					[
						"3755.924352",
						"5.28397e-16"
					],
					[
						"3761.442281",
						"4.55439e-16"
					],
					[
						"3766.960209",
						"4.39789e-16"
					],
					[
						"3772.478138",
						"4.91903e-16"
					],
					[
						"3777.996067",
						"5.14469e-16"
					],
					[
						"3783.513995",
						"5.17956e-16"
					],
					[
						"3789.031924",
						"6.68328e-16"
					],
					[
						"3794.549852",
						"6.6776e-16"
					],
					[
						"3800.067781",
						"7.63758e-16"
					],
					[
						"3805.58571",
						"7.48341e-16"
					],
					[
						"3811.103638",
						"7.89334e-16"
					],
					[
						"3816.621567",
						"1.027e-15"
					],
					[
						"3822.139495",
						"9.51785e-16"
					],
					[
						"3827.657424",
						"1.00202e-15"
					],
					[
						"3833.175353",
						"1.13138e-15"
					],
					[
						"3838.693281",
						"1.14195e-15"
					],
					[
						"3844.21121",
						"1.1968e-15"
					],
					[
						"3849.729138",
						"1.33719e-15"
					],
					[
						"3855.247067",
						"1.28038e-15"
					],
					[
						"3860.764996",
						"1.30019e-15"
					],
					[
						"3866.282924",
						"1.38391e-15"
					],
					[
						"3871.800853",
						"1.46655e-15"
					],
					[
						"3877.318781",
						"1.56346e-15"
					],
					[
						"3882.83671",
						"1.5839e-15"
					],
					[
						"3888.354639",
						"1.76436e-15"
					],
					[
						"3893.872567",
						"1.69023e-15"
					],
					[
						"3899.390496",
						"1.95152e-15"
					],
					[
						"3904.908424",
						"2.02683e-15"
					],
					[
						"3910.426353",
						"2.1198e-15"
					],
					[
						"3915.944282",
						"2.17577e-15"
					],
					[
						"3921.46221",
						"2.39541e-15"
					],
					[
						"3926.980139",
						"2.44272e-15"
					],
					[
						"3932.498067",
						"2.49653e-15"
					],
					[
						"3938.015996",
						"2.61175e-15"
					],
					[
						"3943.533925",
						"2.68625e-15"
					],
					[
						"3949.051853",
						"2.65603e-15"
					],
					[
						"3954.569782",
						"2.68928e-15"
					],
					[
						"3960.08771",
						"2.72228e-15"
					],
					[
						"3965.605639",
						"2.74586e-15"
					],
					[
						"3971.123568",
						"2.76823e-15"
					],
					[
						"3976.641496",
						"2.67291e-15"
					],
					[
						"3982.159425",
						"2.75587e-15"
					],
					[
						"3987.677353",
						"2.77886e-15"
					],
					[
						"3993.195282",
						"2.75088e-15"
					],
					[
						"3998.713211",
						"2.77505e-15"
					],
					[
						"4004.231139",
						"2.58188e-15"
					],
					[
						"4009.749068",
						"2.69331e-15"
					],
					[
						"4015.266996",
						"2.50128e-15"
					],
					[
						"4020.784925",
						"2.51691e-15"
					],
					[
						"4026.302854",
						"2.49899e-15"
					],
					[
						"4031.820782",
						"2.60343e-15"
					],
					[
						"4037.338711",
						"2.5026e-15"
					],
					[
						"4042.856639",
						"2.47031e-15"
					],
					[
						"4048.374568",
						"2.41341e-15"
					],
					[
						"4053.892497",
						"2.40263e-15"
					],
					[
						"4059.410425",
						"2.41932e-15"
					],
					[
						"4064.928354",
						"2.40023e-15"
					],
					[
						"4070.446282",
						"2.46962e-15"
					],
					[
						"4075.964211",
						"2.40551e-15"
					],
					[
						"4081.48214",
						"2.44999e-15"
					],
					[
						"4087.000068",
						"2.50074e-15"
					],
					[
						"4092.517997",
						"2.52488e-15"
					],
					[
						"4098.035925",
						"2.55012e-15"
					],
					[
						"4103.553854",
						"2.60585e-15"
					],
					[
						"4109.071783",
						"2.62077e-15"
					],
					[
						"4114.589711",
						"2.71433e-15"
					],
					[
						"4120.10764",
						"2.72784e-15"
					],
					[
						"4125.625568",
						"2.73973e-15"
					],
					[
						"4131.143497",
						"2.71618e-15"
					],
					[
						"4136.661426",
						"2.66685e-15"
					],
					[
						"4142.179354",
						"2.6895e-15"
					],
					[
						"4147.697283",
						"2.74504e-15"
					],
					[
						"4153.215211",
						"2.65311e-15"
					],
					[
						"4158.73314",
						"2.70556e-15"
					],
					[
						"4164.251069",
						"2.69117e-15"
					],
					[
						"4169.768997",
						"2.61525e-15"
					],
					[
						"4175.286926",
						"2.60317e-15"
					],
					[
						"4180.804854",
						"2.64052e-15"
					],
					[
						"4186.322783",
						"2.53919e-15"
					],
					[
						"4191.840712",
						"2.50452e-15"
					],
					[
						"4197.35864",
						"2.45972e-15"
					],
					[
						"4202.876569",
						"2.38464e-15"
					],
					[
						"4208.394497",
						"2.38981e-15"
					],
					[
						"4213.912426",
						"2.32877e-15"
					],
					[
						"4219.430355",
						"2.39223e-15"
					],
					[
						"4224.948283",
						"2.38986e-15"
					],
					[
						"4230.466212",
						"2.29077e-15"
					],
					[
						"4235.98414",
						"2.32977e-15"
					],
					[
						"4241.502069",
						"2.27348e-15"
					],
					[
						"4247.019998",
						"2.28972e-15"
					],
					[
						"4252.537926",
						"2.23038e-15"
					],
					[
						"4258.055855",
						"2.16707e-15"
					],
					[
						"4263.573783",
						"2.14128e-15"
					],
					[
						"4269.091712",
						"2.05946e-15"
					],
					[
						"4274.609641",
						"1.93157e-15"
					],
					[
						"4280.127569",
						"1.85901e-15"
					],
					[
						"4285.645498",
						"1.86976e-15"
					],
					[
						"4291.163426",
						"1.80611e-15"
					],
					[
						"4296.681355",
						"1.73054e-15"
					],
					[
						"4302.199284",
						"1.57216e-15"
					],
					[
						"4307.717212",
						"1.64572e-15"
					],
					[
						"4313.235141",
						"1.62418e-15"
					],
					[
						"4318.753069",
						"1.55877e-15"
					],
					[
						"4324.270998",
						"1.47188e-15"
					],
					[
						"4329.788927",
						"1.44221e-15"
					],
					[
						"4335.306855",
						"1.37986e-15"
					],
					[
						"4340.824784",
						"1.34805e-15"
					],
					[
						"4346.342712",
						"1.32234e-15"
					],
					[
						"4351.860641",
						"1.3188e-15"
					],
					[
						"4357.37857",
						"1.2736e-15"
					],
					[
						"4362.896498",
						"1.30022e-15"
					],
					[
						"4368.414427",
						"1.29366e-15"
					],
					[
						"4373.932355",
						"1.27284e-15"
					],
					[
						"4379.450284",
						"1.39348e-15"
					],
					[
						"4384.968213",
						"1.34045e-15"
					],
					[
						"4390.486141",
						"1.39151e-15"
					],
					[
						"4396.00407",
						"1.42862e-15"
					],
					[
						"4401.521998",
						"1.40259e-15"
					],
					[
						"4407.039927",
						"1.42005e-15"
					],
					[
						"4412.557856",
						"1.47829e-15"
					],
					[
						"4418.075784",
						"1.5096e-15"
					],
					[
						"4423.593713",
						"1.54901e-15"
					],
					[
						"4429.111641",
						"1.51532e-15"
					],
					[
						"4434.62957",
						"1.56404e-15"
					],
					[
						"4440.147499",
						"1.63628e-15"
					],
					[
						"4445.665427",
						"1.6859e-15"
					],
					[
						"4451.183356",
						"1.74821e-15"
					],
					[
						"4456.701284",
						"1.69484e-15"
					],
					[
						"4462.219213",
						"1.74911e-15"
					],
					[
						"4467.737142",
						"1.74332e-15"
					],
					[
						"4473.25507",
						"1.6778e-15"
					],
					[
						"4478.772999",
						"1.69506e-15"
					],
					[
						"4484.290927",
						"1.58617e-15"
					],
					[
						"4489.808856",
						"1.63083e-15"
					],
					[
						"4495.326785",
						"1.66635e-15"
					],
					[
						"4500.844713",
						"1.53171e-15"
					],
					[
						"4506.362642",
						"1.61834e-15"
					],
					[
						"4511.88057",
						"1.59742e-15"
					],
					[
						"4517.398499",
						"1.68318e-15"
					],
					[
						"4522.916428",
						"1.74245e-15"
					],
					[
						"4528.434356",
						"1.79369e-15"
					],
					[
						"4533.952285",
						"1.80786e-15"
					],
					[
						"4539.470213",
						"1.8711e-15"
					],
					[
						"4544.988142",
						"1.96041e-15"
					],
					[
						"4550.506071",
						"1.94064e-15"
					],
					[
						"4556.023999",
						"1.98637e-15"
					],
					[
						"4561.541928",
						"2.03717e-15"
					],
					[
						"4567.059856",
						"2.01503e-15"
					],
					[
						"4572.577785",
						"2.10145e-15"
					],
					[
						"4578.095714",
						"2.04842e-15"
					],
					[
						"4583.613642",
						"2.0345e-15"
					],
					[
						"4589.131571",
						"2.00054e-15"
					],
					[
						"4594.649499",
						"2.00283e-15"
					],
					[
						"4600.167428",
						"2.05884e-15"
					],
					[
						"4605.685357",
						"2.01673e-15"
					],
					[
						"4611.203285",
						"2.03434e-15"
					],
					[
						"4616.721214",
						"2.04382e-15"
					],
					[
						"4622.239142",
						"1.97068e-15"
					],
					[
						"4627.757071",
						"2.02732e-15"
					],
					[
						"4633.275",
						"2.02902e-15"
					],
					[
						"4638.792928",
						"1.98841e-15"
					],
					[
						"4644.310857",
						"1.95183e-15"
					],
					[
						"4649.828785",
						"2.00909e-15"
					],
					[
						"4655.346714",
						"1.99936e-15"
					],
					[
						"4660.864643",
						"2.03977e-15"
					],
					[
						"4666.382571",
						"1.9989e-15"
					],
					[
						"4671.9005",
						"1.99292e-15"
					],
					[
						"4677.418428",
						"1.96588e-15"
					],
					[
						"4682.936357",
						"1.9474e-15"
					],
					[
						"4688.454286",
						"1.89676e-15"
					],
					[
						"4693.972214",
						"1.81703e-15"
					],
					[
						"4699.490143",
						"1.80953e-15"
					],
					[
						"4705.008071",
						"1.69596e-15"
					],
					[
						"4710.526",
						"1.7153e-15"
					],
					[
						"4716.043929",
						"1.67724e-15"
					],
					[
						"4721.561857",
						"1.67147e-15"
					],
					[
						"4727.079786",
						"1.62167e-15"
					],
					[
						"4732.597714",
						"1.57991e-15"
					],
					[
						"4738.115643",
						"1.54443e-15"
					],
					[
						"4743.633572",
						"1.51942e-15"
					],
					[
						"4749.1515",
						"1.40401e-15"
					],
					[
						"4754.669429",
						"1.45801e-15"
					],
					[
						"4760.187357",
						"1.49808e-15"
					],
					[
						"4765.705286",
						"1.45068e-15"
					],
					[
						"4771.223215",
						"1.47296e-15"
					],
					[
						"4776.741143",
						"1.46645e-15"
					],
					[
						"4782.259072",
						"1.44061e-15"
					],
					[
						"4787.777",
						"1.45868e-15"
					],
					[
						"4793.294929",
						"1.40286e-15"
					],
					[
						"4798.812858",
						"1.41916e-15"
					],
					[
						"4804.330786",
						"1.35822e-15"
					],
					[
						"4809.848715",
						"1.30062e-15"
					],
					[
						"4815.366643",
						"1.31851e-15"
					],
					[
						"4820.884572",
						"1.2998e-15"
					],
					[
						"4826.402501",
						"1.27032e-15"
					],
					[
						"4831.920429",
						"1.31746e-15"
					],
					[
						"4837.438358",
						"1.28185e-15"
					],
					[
						"4842.956286",
						"1.29906e-15"
					],
					[
						"4848.474215",
						"1.26871e-15"
					],
					[
						"4853.992144",
						"1.3295e-15"
					],
					[
						"4859.510072",
						"1.3035e-15"
					],
					[
						"4865.028001",
						"1.28277e-15"
					],
					[
						"4870.545929",
						"1.26308e-15"
					],
					[
						"4876.063858",
						"1.23492e-15"
					],
					[
						"4881.581787",
						"1.2213e-15"
					],
					[
						"4887.099715",
						"1.20529e-15"
					],
					[
						"4892.617644",
						"1.22235e-15"
					],
					[
						"4898.135572",
						"1.18892e-15"
					],
					[
						"4903.653501",
						"1.17972e-15"
					],
					[
						"4909.17143",
						"1.13314e-15"
					],
					[
						"4914.689358",
						"1.08215e-15"
					],
					[
						"4920.207287",
						"1.08308e-15"
					],
					[
						"4925.725215",
						"1.04881e-15"
					],
					[
						"4931.243144",
						"1.0456e-15"
					],
					[
						"4936.761073",
						"1.05204e-15"
					],
					[
						"4942.279001",
						"1.08276e-15"
					],
					[
						"4947.79693",
						"1.0626e-15"
					],
					[
						"4953.314858",
						"1.07493e-15"
					],
					[
						"4958.832787",
						"1.09384e-15"
					],
					[
						"4964.350716",
						"1.11537e-15"
					],
					[
						"4969.868644",
						"1.07074e-15"
					],
					[
						"4975.386573",
						"1.03746e-15"
					],
					[
						"4980.904501",
						"1.05258e-15"
					],
					[
						"4986.42243",
						"1.07144e-15"
					],
					[
						"4991.940359",
						"1.05938e-15"
					],
					[
						"4997.458287",
						"1.03923e-15"
					],
					[
						"5002.976216",
						"1.06088e-15"
					],
					[
						"5008.494144",
						"1.08408e-15"
					],
					[
						"5014.012073",
						"1.03098e-15"
					],
					[
						"5019.530002",
						"1.05363e-15"
					],
					[
						"5025.04793",
						"1.02239e-15"
					],
					[
						"5030.565859",
						"1.0501e-15"
					],
					[
						"5036.083787",
						"1.06866e-15"
					],
					[
						"5041.601716",
						"1.07755e-15"
					],
					[
						"5047.119645",
						"1.06293e-15"
					],
					[
						"5052.637573",
						"1.08403e-15"
					],
					[
						"5058.155502",
						"1.05981e-15"
					],
					[
						"5063.67343",
						"1.06324e-15"
					],
					[
						"5069.191359",
						"1.1107e-15"
					],
					[
						"5074.709288",
						"1.08791e-15"
					],
					[
						"5080.227216",
						"1.09449e-15"
					],
					[
						"5085.745145",
						"1.1358e-15"
					],
					[
						"5091.263073",
						"1.18085e-15"
					],
					[
						"5096.781002",
						"1.17282e-15"
					],
					[
						"5102.298931",
						"1.26298e-15"
					],
					[
						"5107.816859",
						"1.27504e-15"
					],
					[
						"5113.334788",
						"1.27596e-15"
					],
					[
						"5118.852716",
						"1.29697e-15"
					],
					[
						"5124.370645",
						"1.26619e-15"
					],
					[
						"5129.888574",
						"1.29999e-15"
					],
					[
						"5135.406502",
						"1.40286e-15"
					],
					[
						"5140.924431",
						"1.41342e-15"
					],
					[
						"5146.442359",
						"1.4148e-15"
					],
					[
						"5151.960288",
						"1.49201e-15"
					],
					[
						"5157.478217",
						"1.50397e-15"
					],
					[
						"5162.996145",
						"1.51178e-15"
					],
					[
						"5168.514074",
						"1.50755e-15"
					],
					[
						"5174.032002",
						"1.51571e-15"
					],
					[
						"5179.549931",
						"1.55424e-15"
					],
					[
						"5185.06786",
						"1.5397e-15"
					],
					[
						"5190.585788",
						"1.56456e-15"
					],
					[
						"5196.103717",
						"1.54566e-15"
					],
					[
						"5201.621645",
						"1.52871e-15"
					],
					[
						"5207.139574",
						"1.55896e-15"
					],
					[
						"5212.657503",
						"1.53742e-15"
					],
					[
						"5218.175431",
						"1.5425e-15"
					],
					[
						"5223.69336",
						"1.58548e-15"
					],
					[
						"5229.211288",
						"1.53968e-15"
					],
					[
						"5234.729217",
						"1.52484e-15"
					],
					[
						"5240.247146",
						"1.52719e-15"
					],
					[
						"5245.765074",
						"1.57478e-15"
					],
					[
						"5251.283003",
						"1.55756e-15"
					],
					[
						"5256.800931",
						"1.54774e-15"
					],
					[
						"5262.31886",
						"1.54123e-15"
					],
					[
						"5267.836789",
						"1.56236e-15"
					],
					[
						"5273.354717",
						"1.53564e-15"
					],
					[
						"5278.872646",
						"1.48065e-15"
					],
					[
						"5284.390574",
						"1.50641e-15"
					],
					[
						"5289.908503",
						"1.50662e-15"
					],
					[
						"5295.426432",
						"1.39577e-15"
					],
					[
						"5300.94436",
						"1.3253e-15"
					],
					[
						"5306.462289",
						"1.3339e-15"
					],
					[
						"5311.980217",
						"1.25358e-15"
					],
					[
						"5317.498146",
						"1.24143e-15"
					],
					[
						"5323.016075",
						"1.21301e-15"
					],
					[
						"5328.534003",
						"1.13529e-15"
					],
					[
						"5334.051932",
						"1.1301e-15"
					],
					[
						"5339.56986",
						"1.10182e-15"
					],
					[
						"5345.087789",
						"1.07995e-15"
					],
					[
						"5350.605718",
						"1.05366e-15"
					],
					[
						"5356.123646",
						"1.01941e-15"
					],
					[
						"5361.641575",
						"1.0624e-15"
					],
					[
						"5367.159503",
						"1.09469e-15"
					],
					[
						"5372.677432",
						"1.08841e-15"
					],
					[
						"5378.195361",
						"1.10014e-15"
					],
					[
						"5383.713289",
						"1.06251e-15"
					],
					[
						"5389.231218",
						"1.04561e-15"
					],
					[
						"5394.749146",
						"1.09203e-15"
					],
					[
						"5400.267075",
						"1.10309e-15"
					],
					[
						"5405.785004",
						"1.06883e-15"
					],
					[
						"5411.302932",
						"1.10088e-15"
					],
					[
						"5416.820861",
						"1.0807e-15"
					],
					[
						"5422.338789",
						"1.15949e-15"
					],
					[
						"5427.856718",
						"1.13977e-15"
					],
					[
						"5433.374647",
						"1.14232e-15"
					],
					[
						"5438.892575",
						"1.13528e-15"
					],
					[
						"5444.410504",
						"1.15274e-15"
					],
					[
						"5449.928432",
						"1.16311e-15"
					],
					[
						"5455.446361",
						"1.13434e-15"
					],
					[
						"5460.96429",
						"1.15158e-15"
					],
					[
						"5466.482218",
						"1.1331e-15"
					],
					[
						"5472.000147",
						"1.12022e-15"
					],
					[
						"5477.518075",
						"1.11182e-15"
					],
					[
						"5483.036004",
						"1.07877e-15"
					],
					[
						"5488.553933",
						"1.10251e-15"
					],
					[
						"5494.071861",
						"1.00876e-15"
					],
					[
						"5499.58979",
						"1.02436e-15"
					],
					[
						"5505.107718",
						"1.03898e-15"
					],
					[
						"5510.625647",
						"9.5164e-16"
					],
					[
						"5516.143576",
						"9.83605e-16"
					],
					[
						"5521.661504",
						"9.90293e-16"
					],
					[
						"5527.179433",
						"9.56067e-16"
					],
					[
						"5532.697361",
						"9.92307e-16"
					],
					[
						"5538.21529",
						"1.00698e-15"
					],
					[
						"5543.733219",
						"9.78505e-16"
					],
					[
						"5549.251147",
						"9.9143e-16"
					],
					[
						"5554.769076",
						"9.96809e-16"
					],
					[
						"5560.287004",
						"1.04932e-15"
					],
					[
						"5565.804933",
						"1.08715e-15"
					],
					[
						"5571.322862",
						"1.12687e-15"
					],
					[
						"5576.84079",
						"1.16005e-15"
					],
					[
						"5582.358719",
						"1.21037e-15"
					],
					[
						"5587.876647",
						"1.22455e-15"
					],
					[
						"5593.394576",
						"1.23803e-15"
					],
					[
						"5598.912505",
						"1.25289e-15"
					],
					[
						"5604.430433",
						"1.26914e-15"
					],
					[
						"5609.948362",
						"1.28138e-15"
					],
					[
						"5615.46629",
						"1.29952e-15"
					],
					[
						"5620.984219",
						"1.3447e-15"
					],
					[
						"5626.502148",
						"1.29872e-15"
					],
					[
						"5632.020076",
						"1.35897e-15"
					],
					[
						"5637.538005",
						"1.30586e-15"
					],
					[
						"5643.055933",
						"1.30124e-15"
					],
					[
						"5648.573862",
						"1.31853e-15"
					],
					[
						"5654.091791",
						"1.30451e-15"
					],
					[
						"5659.609719",
						"1.26747e-15"
					],
					[
						"5665.127648",
						"1.30795e-15"
					],
					[
						"5670.645576",
						"1.30398e-15"
					],
					[
						"5676.163505",
						"1.33776e-15"
					],
					[
						"5681.681434",
						"1.27034e-15"
					],
					[
						"5687.199362",
						"1.33989e-15"
					],
					[
						"5692.717291",
						"1.33411e-15"
					],
					[
						"5698.235219",
						"1.33996e-15"
					],
					[
						"5703.753148",
						"1.3428e-15"
					],
					[
						"5709.271077",
						"1.30966e-15"
					],
					[
						"5714.789005",
						"1.31403e-15"
					],
					[
						"5720.306934",
						"1.30605e-15"
					],
					[
						"5725.824862",
						"1.33728e-15"
					],
					[
						"5731.342791",
						"1.35217e-15"
					],
					[
						"5736.86072",
						"1.293e-15"
					],
					[
						"5742.378648",
						"1.33614e-15"
					],
					[
						"5747.896577",
						"1.33929e-15"
					],
					[
						"5753.414505",
						"1.31203e-15"
					],
					[
						"5758.932434",
						"1.28509e-15"
					],
					[
						"5764.450363",
						"1.28837e-15"
					],
					[
						"5769.968291",
						"1.27389e-15"
					],
					[
						"5775.48622",
						"1.28585e-15"
					],
					[
						"5781.004148",
						"1.2321e-15"
					],
					[
						"5786.522077",
						"1.22503e-15"
					],
					[
						"5792.040006",
						"1.27194e-15"
					],
					[
						"5797.557934",
						"1.24532e-15"
					],
					[
						"5803.075863",
						"1.21595e-15"
					],
					[
						"5808.593791",
						"1.18784e-15"
					],
					[
						"5814.11172",
						"1.17636e-15"
					],
					[
						"5819.629649",
						"1.18238e-15"
					],
					[
						"5825.147577",
						"1.19861e-15"
					],
					[
						"5830.665506",
						"1.19733e-15"
					],
					[
						"5836.183434",
						"1.18215e-15"
					],
					[
						"5841.701363",
						"1.16222e-15"
					],
					[
						"5847.219292",
						"1.16991e-15"
					],
					[
						"5852.73722",
						"1.1488e-15"
					],
					[
						"5858.255149",
						"1.16918e-15"
					],
					[
						"5863.773077",
						"1.17669e-15"
					],
					[
						"5869.291006",
						"1.16877e-15"
					],
					[
						"5874.808935",
						"1.13393e-15"
					],
					[
						"5880.326863",
						"1.12992e-15"
					],
					[
						"5885.844792",
						"1.14083e-15"
					],
					[
						"5891.36272",
						"1.12442e-15"
					],
					[
						"5896.880649",
						"1.0967e-15"
					],
					[
						"5902.398578",
						"1.16779e-15"
					],
					[
						"5907.916506",
						"1.20623e-15"
					],
					[
						"5913.434435",
						"1.17329e-15"
					],
					[
						"5918.952363",
						"1.18063e-15"
					],
					[
						"5924.470292",
						"1.14571e-15"
					],
					[
						"5929.988221",
						"1.1528e-15"
					],
					[
						"5935.506149",
						"1.16214e-15"
					],
					[
						"5941.024078",
						"1.1587e-15"
					],
					[
						"5946.542006",
						"1.17756e-15"
					],
					[
						"5952.059935",
						"1.16034e-15"
					],
					[
						"5957.577864",
						"1.18362e-15"
					],
					[
						"5963.095792",
						"1.22248e-15"
					],
					[
						"5968.613721",
						"1.18002e-15"
					],
					[
						"5974.131649",
						"1.15257e-15"
					],
					[
						"5979.649578",
						"1.1876e-15"
					],
					[
						"5985.167507",
						"1.21208e-15"
					],
					[
						"5990.685435",
						"1.24312e-15"
					],
					[
						"5996.203364",
						"1.23739e-15"
					],
					[
						"6001.721293",
						"1.18771e-15"
					],
					[
						"6007.239221",
						"1.12918e-15"
					],
					[
						"6012.75715",
						"1.08755e-15"
					],
					[
						"6018.275078",
						"1.13769e-15"
					],
					[
						"6023.793007",
						"1.19926e-15"
					],
					[
						"6029.310935",
						"1.18641e-15"
					],
					[
						"6034.828864",
						"1.14371e-15"
					],
					[
						"6040.346793",
						"1.18774e-15"
					],
					[
						"6045.864721",
						"1.19995e-15"
					],
					[
						"6051.38265",
						"1.18055e-15"
					],
					[
						"6056.900578",
						"1.14915e-15"
					],
					[
						"6062.418507",
						"1.12992e-15"
					],
					[
						"6067.936436",
						"1.09857e-15"
					],
					[
						"6073.454364",
						"1.1159e-15"
					],
					[
						"6078.972293",
						"1.06727e-15"
					],
					[
						"6084.490222",
						"1.00848e-15"
					],
					[
						"6090.00815",
						"1.01701e-15"
					],
					[
						"6095.526079",
						"9.78176e-16"
					],
					[
						"6101.044007",
						"9.75966e-16"
					],
					[
						"6106.561936",
						"9.37137e-16"
					],
					[
						"6112.079865",
						"8.56696e-16"
					],
					[
						"6117.597793",
						"8.58678e-16"
					],
					[
						"6123.115722",
						"7.9375e-16"
					],
					[
						"6128.63365",
						"7.94373e-16"
					],
					[
						"6134.151579",
						"7.7344e-16"
					],
					[
						"6139.669507",
						"7.33969e-16"
					],
					[
						"6145.187436",
						"7.26366e-16"
					],
					[
						"6150.705365",
						"7.04876e-16"
					],
					[
						"6156.223293",
						"6.44107e-16"
					],
					[
						"6161.741222",
						"6.733e-16"
					],
					[
						"6167.259151",
						"6.44379e-16"
					],
					[
						"6172.777079",
						"6.12134e-16"
					],
					[
						"6178.295008",
						"5.95392e-16"
					],
					[
						"6183.812936",
						"5.67041e-16"
					],
					[
						"6189.330865",
						"5.30848e-16"
					],
					[
						"6194.848794",
						"5.56758e-16"
					],
					[
						"6200.366722",
						"5.55933e-16"
					],
					[
						"6205.884651",
						"5.64538e-16"
					],
					[
						"6211.402579",
						"5.38952e-16"
					],
					[
						"6216.920508",
						"5.44763e-16"
					],
					[
						"6222.438437",
						"5.36092e-16"
					],
					[
						"6227.956365",
						"5.2e-16"
					],
					[
						"6233.474294",
						"5.39127e-16"
					],
					[
						"6238.992222",
						"5.30612e-16"
					],
					[
						"6244.510151",
						"5.64341e-16"
					],
					[
						"6250.02808",
						"5.70029e-16"
					],
					[
						"6255.546008",
						"5.985e-16"
					],
					[
						"6261.063937",
						"6.50077e-16"
					],
					[
						"6266.581865",
						"6.45163e-16"
					],
					[
						"6272.099794",
						"6.68825e-16"
					],
					[
						"6277.617723",
						"7.00911e-16"
					],
					[
						"6283.135651",
						"7.18375e-16"
					],
					[
						"6288.65358",
						"7.50064e-16"
					],
					[
						"6294.171508",
						"7.9944e-16"
					],
					[
						"6299.689437",
						"8.15324e-16"
					],
					[
						"6305.207366",
						"8.90981e-16"
					],
					[
						"6310.725294",
						"8.45213e-16"
					],
					[
						"6316.243223",
						"8.67524e-16"
					],
					[
						"6321.761151",
						"8.96493e-16"
					],
					[
						"6327.27908",
						"9.26394e-16"
					],
					[
						"6332.797009",
						"9.46908e-16"
					],
					[
						"6338.314937",
						"9.77255e-16"
					],
					[
						"6343.832866",
						"9.913e-16"
					],
					[
						"6349.350794",
						"1.02763e-15"
					],
					[
						"6354.868723",
						"1.00562e-15"
					],
					[
						"6360.386652",
						"1.03836e-15"
					],
					[
						"6365.90458",
						"1.04358e-15"
					],
					[
						"6371.422509",
						"1.03188e-15"
					],
					[
						"6376.940437",
						"1.04823e-15"
					],
					[
						"6382.458366",
						"1.08953e-15"
					],
					[
						"6387.976295",
						"1.06269e-15"
					],
					[
						"6393.494223",
						"1.05463e-15"
					],
					[
						"6399.012152",
						"1.12101e-15"
					],
					[
						"6404.53008",
						"1.0907e-15"
					],
					[
						"6410.048009",
						"1.12989e-15"
					],
					[
						"6415.565938",
						"1.11184e-15"
					],
					[
						"6421.083866",
						"1.08472e-15"
					],
					[
						"6426.601795",
						"1.11774e-15"
					],
					[
						"6432.119723",
						"1.12928e-15"
					],
					[
						"6437.637652",
						"1.12269e-15"
					],
					[
						"6443.155581",
						"1.10787e-15"
					],
					[
						"6448.673509",
						"1.11182e-15"
					],
					[
						"6454.191438",
						"1.12236e-15"
					],
					[
						"6459.709366",
						"1.10118e-15"
					],
					[
						"6465.227295",
						"1.06419e-15"
					],
					[
						"6470.745224",
						"1.08172e-15"
					],
					[
						"6476.263152",
						"1.06799e-15"
					],
					[
						"6481.781081",
						"1.05001e-15"
					],
					[
						"6487.299009",
						"1.05056e-15"
					],
					[
						"6492.816938",
						"1.0597e-15"
					],
					[
						"6498.334867",
						"1.05721e-15"
					],
					[
						"6503.852795",
						"1.02407e-15"
					],
					[
						"6509.370724",
						"1.03953e-15"
					],
					[
						"6514.888652",
						"1.03572e-15"
					],
					[
						"6520.406581",
						"1.01074e-15"
					],
					[
						"6525.92451",
						"1.01289e-15"
					],
					[
						"6531.442438",
						"1.0238e-15"
					],
					[
						"6536.960367",
						"1.00491e-15"
					],
					[
						"6542.478295",
						"9.80898e-16"
					],
					[
						"6547.996224",
						"9.39876e-16"
					],
					[
						"6553.514153",
						"9.28743e-16"
					],
					[
						"6559.032081",
						"9.4351e-16"
					],
					[
						"6564.55001",
						"9.55035e-16"
					],
					[
						"6570.067938",
						"9.19358e-16"
					],
					[
						"6575.585867",
						"9.25686e-16"
					],
					[
						"6581.103796",
						"8.8781e-16"
					],
					[
						"6586.621724",
						"9.00251e-16"
					],
					[
						"6592.139653",
						"9.08908e-16"
					],
					[
						"6597.657581",
						"8.85227e-16"
					],
					[
						"6603.17551",
						"8.32583e-16"
					],
					[
						"6608.693439",
						"8.83051e-16"
					],
					[
						"6614.211367",
						"9.00851e-16"
					],
					[
						"6619.729296",
						"8.3067e-16"
					],
					[
						"6625.247224",
						"8.41996e-16"
					],
					[
						"6630.765153",
						"8.54795e-16"
					],
					[
						"6636.283082",
						"8.6171e-16"
					],
					[
						"6641.80101",
						"8.50249e-16"
					],
					[
						"6647.318939",
						"8.43221e-16"
					],
					[
						"6652.836867",
						"8.4276e-16"
					],
					[
						"6658.354796",
						"8.0295e-16"
					],
					[
						"6663.872725",
						"8.20109e-16"
					],
					[
						"6669.390653",
						"8.22089e-16"
					],
					[
						"6674.908582",
						"8.09847e-16"
					],
					[
						"6680.42651",
						"8.11826e-16"
					],
					[
						"6685.944439",
						"8.03055e-16"
					],
					[
						"6691.462368",
						"8.35341e-16"
					],
					[
						"6696.980296",
						"8.2346e-16"
					],
					[
						"6702.498225",
						"7.97766e-16"
					],
					[
						"6708.016153",
						"8.22068e-16"
					],
					[
						"6713.534082",
						"8.15144e-16"
					],
					[
						"6719.052011",
						"7.8207e-16"
					],
					[
						"6724.569939",
						"7.46893e-16"
					],
					[
						"6730.087868",
						"7.47629e-16"
					],
					[
						"6735.605796",
						"7.46641e-16"
					],
					[
						"6741.123725",
						"7.55355e-16"
					],
					[
						"6746.641654",
						"7.55306e-16"
					],
					[
						"6752.159582",
						"7.26988e-16"
					],
					[
						"6757.677511",
						"7.52985e-16"
					],
					[
						"6763.195439",
						"7.2125e-16"
					],
					[
						"6768.713368",
						"7.39111e-16"
					],
					[
						"6774.231297",
						"7.2617e-16"
					],
					[
						"6779.749225",
						"7.44448e-16"
					],
					[
						"6785.267154",
						"7.36147e-16"
					],
					[
						"6790.785082",
						"7.3583e-16"
					],
					[
						"6796.303011",
						"7.11259e-16"
					],
					[
						"6801.82094",
						"7.11152e-16"
					],
					[
						"6807.338868",
						"6.87706e-16"
					],
					[
						"6812.856797",
						"6.8224e-16"
					],
					[
						"6818.374725",
						"6.64991e-16"
					],
					[
						"6823.892654",
						"6.48641e-16"
					],
					[
						"6829.410583",
						"6.78661e-16"
					],
					[
						"6834.928511",
						"6.92361e-16"
					],
					[
						"6840.44644",
						"6.71046e-16"
					],
					[
						"6845.964368",
						"6.58973e-16"
					],
					[
						"6851.482297",
						"6.58365e-16"
					],
					[
						"6857.000226",
						"6.38302e-16"
					],
					[
						"6862.518154",
						"5.89839e-16"
					],
					[
						"6868.036083",
						"5.26967e-16"
					],
					[
						"6873.554011",
						"4.78246e-16"
					],
					[
						"6879.07194",
						"4.88323e-16"
					],
					[
						"6884.589869",
						"5.37087e-16"
					],
					[
						"6890.107797",
						"5.32642e-16"
					],
					[
						"6895.625726",
						"5.26264e-16"
					],
					[
						"6901.143654",
						"5.53151e-16"
					],
					[
						"6906.661583",
						"5.92366e-16"
					],
					[
						"6912.179512",
						"6.02891e-16"
					],
					[
						"6917.69744",
						"6.00946e-16"
					],
					[
						"6923.215369",
						"5.69936e-16"
					],
					[
						"6928.733297",
						"5.90854e-16"
					],
					[
						"6934.251226",
						"6.19168e-16"
					],
					[
						"6939.769155",
						"6.28656e-16"
					],
					[
						"6945.287083",
						"5.74103e-16"
					],
					[
						"6950.805012",
						"5.94413e-16"
					],
					[
						"6956.32294",
						"6.10689e-16"
					],
					[
						"6961.840869",
						"6.02619e-16"
					],
					[
						"6967.358798",
						"5.99131e-16"
					],
					[
						"6972.876726",
						"6.33582e-16"
					],
					[
						"6978.394655",
						"6.05107e-16"
					],
					[
						"6983.912583",
						"5.95655e-16"
					],
					[
						"6989.430512",
						"5.93134e-16"
					],
					[
						"6994.948441",
						"5.73555e-16"
					],
					[
						"7000.466369",
						"5.80371e-16"
					],
					[
						"7005.984298",
						"5.56401e-16"
					],
					[
						"7011.502226",
						"5.5412e-16"
					],
					[
						"7017.020155",
						"5.6932e-16"
					],
					[
						"7022.538084",
						"5.73548e-16"
					],
					[
						"7028.056012",
						"5.89982e-16"
					],
					[
						"7033.573941",
						"5.93095e-16"
					],
					[
						"7039.091869",
						"5.61282e-16"
					],
					[
						"7044.609798",
						"5.64415e-16"
					],
					[
						"7050.127727",
						"5.63444e-16"
					],
					[
						"7055.645655",
						"5.62969e-16"
					],
					[
						"7061.163584",
						"5.82113e-16"
					],
					[
						"7066.681512",
						"5.8908e-16"
					],
					[
						"7072.199441",
						"5.63629e-16"
					],
					[
						"7077.71737",
						"5.81476e-16"
					],
					[
						"7083.235298",
						"5.92951e-16"
					],
					[
						"7088.753227",
						"5.6882e-16"
					],
					[
						"7094.271155",
						"5.69158e-16"
					],
					[
						"7099.789084",
						"5.65774e-16"
					],
					[
						"7105.307013",
						"5.87432e-16"
					],
					[
						"7110.824941",
						"5.65743e-16"
					],
					[
						"7116.34287",
						"5.62578e-16"
					],
					[
						"7121.860798",
						"5.75718e-16"
					],
					[
						"7127.378727",
						"5.36753e-16"
					],
					[
						"7132.896656",
						"5.32628e-16"
					],
					[
						"7138.414584",
						"5.67136e-16"
					],
					[
						"7143.932513",
						"5.85006e-16"
					],
					[
						"7149.450441",
						"5.5587e-16"
					],
					[
						"7154.96837",
						"5.38889e-16"
					],
					[
						"7160.486299",
						"5.35632e-16"
					],
					[
						"7166.004227",
						"5.2744e-16"
					],
					[
						"7171.522156",
						"5.13117e-16"
					],
					[
						"7177.040084",
						"5.06141e-16"
					],
					[
						"7182.558013",
						"4.94342e-16"
					],
					[
						"7188.075942",
						"4.86145e-16"
					],
					[
						"7193.59387",
						"4.93666e-16"
					],
					[
						"7199.111799",
						"4.82852e-16"
					],
					[
						"7204.629727",
						"4.82602e-16"
					],
					[
						"7210.147656",
						"4.99273e-16"
					],
					[
						"7215.665585",
						"5.09728e-16"
					],
					[
						"7221.183513",
						"5.36412e-16"
					],
					[
						"7226.701442",
						"5.16611e-16"
					],
					[
						"7232.21937",
						"4.96493e-16"
					],
					[
						"7237.737299",
						"4.64044e-16"
					],
					[
						"7243.255228",
						"5.00809e-16"
					],
					[
						"7248.773156",
						"4.66861e-16"
					],
					[
						"7254.291085",
						"4.88536e-16"
					],
					[
						"7259.809013",
						"5.1967e-16"
					],
					[
						"7265.326942",
						"4.83542e-16"
					],
					[
						"7270.844871",
						"4.97183e-16"
					],
					[
						"7276.362799",
						"4.95534e-16"
					],
					[
						"7281.880728",
						"5.02771e-16"
					],
					[
						"7287.398656",
						"4.82071e-16"
					],
					[
						"7292.916585",
						"4.84123e-16"
					],
					[
						"7298.434514",
						"5.07503e-16"
					],
					[
						"7303.952442",
						"5.26475e-16"
					],
					[
						"7309.470371",
						"5.17534e-16"
					],
					[
						"7314.988299",
						"4.90404e-16"
					],
					[
						"7320.506228",
						"4.88997e-16"
					],
					[
						"7326.024157",
						"5.16763e-16"
					],
					[
						"7331.542085",
						"5.63724e-16"
					],
					[
						"7337.060014",
						"5.53821e-16"
					],
					[
						"7342.577942",
						"5.24412e-16"
					],
					[
						"7348.095871",
						"5.25515e-16"
					],
					[
						"7353.6138",
						"5.07417e-16"
					],
					[
						"7359.131728",
						"5.2834e-16"
					],
					[
						"7364.649657",
						"5.337e-16"
					],
					[
						"7370.167585",
						"5.20379e-16"
					],
					[
						"7375.685514",
						"4.94884e-16"
					],
					[
						"7381.203443",
						"5.16653e-16"
					],
					[
						"7386.721371",
						"5.1401e-16"
					],
					[
						"7392.2393",
						"5.27901e-16"
					],
					[
						"7397.757228",
						"4.98631e-16"
					],
					[
						"7403.275157",
						"4.70415e-16"
					],
					[
						"7408.793086",
						"4.68808e-16"
					],
					[
						"7414.311014",
						"4.96841e-16"
					],
					[
						"7419.828943",
						"4.778e-16"
					],
					[
						"7425.346871",
						"5.11509e-16"
					],
					[
						"7430.8648",
						"4.72972e-16"
					],
					[
						"7436.382729",
						"4.5344e-16"
					],
					[
						"7441.900657",
						"4.38388e-16"
					],
					[
						"7447.418586",
						"4.69086e-16"
					],
					[
						"7452.936514",
						"4.8684e-16"
					],
					[
						"7458.454443",
						"4.76098e-16"
					],
					[
						"7463.972372",
						"4.72371e-16"
					],
					[
						"7469.4903",
						"4.50997e-16"
					],
					[
						"7475.008229",
						"4.39046e-16"
					],
					[
						"7480.526157",
						"4.44156e-16"
					],
					[
						"7486.044086",
						"4.63655e-16"
					],
					[
						"7491.562015",
						"4.57567e-16"
					],
					[
						"7497.079943",
						"4.32997e-16"
					],
					[
						"7502.597872",
						"4.30733e-16"
					],
					[
						"7508.1158",
						"3.96533e-16"
					],
					[
						"7513.633729",
						"3.99445e-16"
					],
					[
						"7519.151658",
						"4.4889e-16"
					],
					[
						"7524.669586",
						"4.25025e-16"
					],
					[
						"7530.187515",
						"3.59428e-16"
					],
					[
						"7535.705443",
						"3.93438e-16"
					],
					[
						"7541.223372",
						"4.24806e-16"
					],
					[
						"7546.741301",
						"4.07487e-16"
					],
					[
						"7552.259229",
						"4.1203e-16"
					],
					[
						"7557.777158",
						"4.28598e-16"
					],
					[
						"7563.295086",
						"4.26623e-16"
					],
					[
						"7568.813015",
						"3.92862e-16"
					],
					[
						"7574.330944",
						"3.87916e-16"
					],
					[
						"7579.848872",
						"4.20702e-16"
					],
					[
						"7585.366801",
						"4.21615e-16"
					],
					[
						"7590.884729",
						"3.65072e-16"
					],
					[
						"7596.402658",
						"2.46447e-16"
					],
					[
						"7601.920587",
						"1.47718e-16"
					],
					[
						"7607.438515",
						"9.53117e-17"
					],
					[
						"7612.956444",
						"1.27757e-16"
					],
					[
						"7618.474372",
						"1.95734e-16"
					],
					[
						"7623.992301",
						"2.16167e-16"
					],
					[
						"7629.51023",
						"1.91998e-16"
					],
					[
						"7635.028158",
						"1.72706e-16"
					],
					[
						"7640.546087",
						"1.85302e-16"
					],
					[
						"7646.064015",
						"1.87726e-16"
					],
					[
						"7651.581944",
						"2.48481e-16"
					],
					[
						"7657.099873",
						"2.67931e-16"
					],
					[
						"7662.617801",
						"3.20048e-16"
					],
					[
						"7668.13573",
						"3.6802e-16"
					],
					[
						"7673.653658",
						"3.63531e-16"
					],
					[
						"7679.171587",
						"3.68635e-16"
					],
					[
						"7684.689516",
						"3.91889e-16"
					],
					[
						"7690.207444",
						"4.41692e-16"
					],
					[
						"7695.725373",
						"4.45825e-16"
					],
					[
						"7701.243301",
						"3.89946e-16"
					],
					[
						"7706.76123",
						"3.91837e-16"
					],
					[
						"7712.279159",
						"4.00981e-16"
					],
					[
						"7717.797087",
						"4.07966e-16"
					],
					[
						"7723.315016",
						"4.34353e-16"
					],
					[
						"7728.832944",
						"4.34654e-16"
					],
					[
						"7734.350873",
						"4.13467e-16"
					],
					[
						"7739.868802",
						"3.91106e-16"
					],
					[
						"7745.38673",
						"3.8908e-16"
					],
					[
						"7750.904659",
						"4.01283e-16"
					],
					[
						"7756.422587",
						"4.23099e-16"
					],
					[
						"7761.940516",
						"4.28969e-16"
					],
					[
						"7767.458445",
						"4.09937e-16"
					],
					[
						"7772.976373",
						"3.98795e-16"
					],
					[
						"7778.494302",
						"4.10134e-16"
					],
					[
						"7784.01223",
						"4.00708e-16"
					],
					[
						"7789.530159",
						"4.18081e-16"
					],
					[
						"7795.048088",
						"4.22855e-16"
					],
					[
						"7800.566016",
						"4.42148e-16"
					],
					[
						"7806.083945",
						"3.82251e-16"
					],
					[
						"7811.601873",
						"3.83728e-16"
					],
					[
						"7817.119802",
						"4.00571e-16"
					],
					[
						"7822.637731",
						"4.1245e-16"
					],
					[
						"7828.155659",
						"4.37712e-16"
					],
					[
						"7833.673588",
						"4.47389e-16"
					],
					[
						"7839.191516",
						"4.0594e-16"
					],
					[
						"7844.709445",
						"4.22293e-16"
					],
					[
						"7850.227374",
						"3.93835e-16"
					],
					[
						"7855.745302",
						"3.90836e-16"
					],
					[
						"7861.263231",
						"4.09329e-16"
					],
					[
						"7866.781159",
						"4.46132e-16"
					],
					[
						"7872.299088",
						"4.41197e-16"
					],
					[
						"7877.817017",
						"4.03392e-16"
					],
					[
						"7883.334945",
						"4.02816e-16"
					],
					[
						"7888.852874",
						"4.06421e-16"
					],
					[
						"7894.370802",
						"4.33425e-16"
					],
					[
						"7899.888731",
						"4.571e-16"
					],
					[
						"7905.40666",
						"4.69332e-16"
					],
					[
						"7910.924588",
						"4.19545e-16"
					],
					[
						"7916.442517",
						"3.88567e-16"
					],
					[
						"7921.960445",
						"4.096e-16"
					],
					[
						"7927.478374",
						"4.10464e-16"
					],
					[
						"7932.996303",
						"4.21882e-16"
					],
					[
						"7938.514231",
						"4.37684e-16"
					],
					[
						"7944.03216",
						"4.32376e-16"
					],
					[
						"7949.550088",
						"4.40642e-16"
					],
					[
						"7955.068017",
						"4.13387e-16"
					],
					[
						"7960.585946",
						"4.15651e-16"
					],
					[
						"7966.103874",
						"4.12334e-16"
					],
					[
						"7971.621803",
						"4.29035e-16"
					],
					[
						"7977.139731",
						"4.10413e-16"
					],
					[
						"7982.65766",
						"3.29514e-16"
					],
					[
						"7988.175589",
						"3.45783e-16"
					],
					[
						"7993.693517",
						"3.69499e-16"
					],
					[
						"7999.211446",
						"3.55389e-16"
					],
					[
						"8004.729374",
						"3.77606e-16"
					],
					[
						"8010.247303",
						"3.44052e-16"
					],
					[
						"8015.765232",
						"3.10637e-16"
					],
					[
						"8021.28316",
						"2.92626e-16"
					],
					[
						"8026.801089",
						"2.89172e-16"
					],
					[
						"8032.319017",
						"2.9305e-16"
					],
					[
						"8037.836946",
						"2.68074e-16"
					],
					[
						"8043.354875",
						"2.76362e-16"
					],
					[
						"8048.872803",
						"2.86589e-16"
					],
					[
						"8054.390732",
						"2.45666e-16"
					],
					[
						"8059.90866",
						"2.27444e-16"
					],
					[
						"8065.426589",
						"2.39409e-16"
					],
					[
						"8070.944518",
						"2.55052e-16"
					],
					[
						"8076.462446",
						"2.46152e-16"
					],
					[
						"8081.980375",
						"2.70311e-16"
					],
					[
						"8087.498303",
						"2.01395e-16"
					],
					[
						"8093.016232",
						"2.47896e-16"
					],
					[
						"8098.534161",
						"2.42171e-16"
					],
					[
						"8104.052089",
						"2.2585e-16"
					],
					[
						"8109.570018",
						"2.16831e-16"
					],
					[
						"8115.087946",
						"2.35646e-16"
					],
					[
						"8120.605875",
						"2.28631e-16"
					],
					[
						"8126.123804",
						"2.18049e-16"
					],
					[
						"8131.641732",
						"2.07691e-16"
					],
					[
						"8137.159661",
						"1.99614e-16"
					],
					[
						"8142.677589",
						"2.17709e-16"
					],
					[
						"8148.195518",
						"1.9979e-16"
					],
					[
						"8153.713447",
						"2.02111e-16"
					],
					[
						"8159.231375",
						"2.11479e-16"
					],
					[
						"8164.749304",
						"1.93096e-16"
					],
					[
						"8170.267232",
						"1.88138e-16"
					],
					[
						"8175.785161",
						"1.98662e-16"
					],
					[
						"8181.30309",
						"2.04949e-16"
					],
					[
						"8186.821018",
						"2.21873e-16"
					],
					[
						"8192.338947",
						"2.34303e-16"
					],
					[
						"8197.856875",
						"2.11322e-16"
					],
					[
						"8203.374804",
						"2.10623e-16"
					],
					[
						"8208.892733",
						"2.07864e-16"
					],
					[
						"8214.410661",
						"2.3183e-16"
					],
					[
						"8219.92859",
						"2.35747e-16"
					],
					[
						"8225.446518",
						"2.3648e-16"
					],
					[
						"8230.964447",
						"2.70189e-16"
					],
					[
						"8236.482376",
						"2.04759e-16"
					],
					[
						"8242.000304",
						"1.97842e-16"
					],
					[
						"8247.518233",
						"2.78115e-16"
					],
					[
						"8253.036161",
						"2.54759e-16"
					],
					[
						"8258.55409",
						"2.42207e-16"
					],
					[
						"8264.072019",
						"3.07848e-16"
					],
					[
						"8269.589947",
						"2.63906e-16"
					],
					[
						"8275.107876",
						"2.32802e-16"
					],
					[
						"8280.625804",
						"2.55356e-16"
					],
					[
						"8286.143733",
						"2.52373e-16"
					],
					[
						"8291.661662",
						"2.82712e-16"
					],
					[
						"8297.17959",
						"2.58313e-16"
					],
					[
						"8302.697519",
						"2.59416e-16"
					],
					[
						"8308.215447",
						"2.59264e-16"
					],
					[
						"8313.733376",
						"2.74883e-16"
					],
					[
						"8319.251305",
						"2.66627e-16"
					],
					[
						"8324.769233",
						"2.44228e-16"
					],
					[
						"8330.287162",
						"2.95531e-16"
					],
					[
						"8335.80509",
						"3.12586e-16"
					],
					[
						"8341.323019",
						"2.75101e-16"
					],
					[
						"8346.840948",
						"2.53277e-16"
					],
					[
						"8352.358876",
						"2.3877e-16"
					],
					[
						"8357.876805",
						"2.43493e-16"
					],
					[
						"8363.394733",
						"2.51131e-16"
					],
					[
						"8368.912662",
						"2.92247e-16"
					],
					[
						"8374.430591",
						"2.77821e-16"
					],
					[
						"8379.948519",
						"3.02592e-16"
					],
					[
						"8385.466448",
						"2.56815e-16"
					],
					[
						"8390.984376",
						"2.46077e-16"
					],
					[
						"8396.502305",
						"2.67105e-16"
					],
					[
						"8402.020234",
						"2.86588e-16"
					],
					[
						"8407.538162",
						"3.21778e-16"
					],
					[
						"8413.056091",
						"3.15147e-16"
					],
					[
						"8418.574019",
						"3.10049e-16"
					],
					[
						"8424.091948",
						"3.19566e-16"
					],
					[
						"8429.609877",
						"2.74613e-16"
					],
					[
						"8435.127805",
						"3.18886e-16"
					],
					[
						"8440.645734",
						"3.42419e-16"
					],
					[
						"8446.163662",
						"3.29087e-16"
					],
					[
						"8451.681591",
						"3.11938e-16"
					],
					[
						"8457.19952",
						"2.81509e-16"
					],
					[
						"8462.717448",
						"2.78556e-16"
					],
					[
						"8468.235377",
						"2.92468e-16"
					],
					[
						"8473.753305",
						"3.13379e-16"
					],
					[
						"8479.271234",
						"3.50422e-16"
					],
					[
						"8484.789163",
						"3.60278e-16"
					],
					[
						"8490.307091",
						"3.44729e-16"
					],
					[
						"8495.82502",
						"3.37788e-16"
					],
					[
						"8501.342948",
						"3.36792e-16"
					],
					[
						"8506.860877",
						"3.06581e-16"
					],
					[
						"8512.378806",
						"3.52268e-16"
					],
					[
						"8517.896734",
						"4.29242e-16"
					],
					[
						"8523.414663",
						"4.41509e-16"
					],
					[
						"8528.932591",
						"3.97544e-16"
					],
					[
						"8534.45052",
						"3.65937e-16"
					],
					[
						"8539.968449",
						"3.87525e-16"
					],
					[
						"8545.486377",
						"3.88448e-16"
					],
					[
						"8551.004306",
						"3.80025e-16"
					],
					[
						"8556.522234",
						"3.95145e-16"
					],
					[
						"8562.040163",
						"3.59781e-16"
					],
					[
						"8567.558092",
						"3.95238e-16"
					],
					[
						"8573.07602",
						"4.08122e-16"
					],
					[
						"8578.593949",
						"4.01995e-16"
					],
					[
						"8584.111877",
						"4.1568e-16"
					],
					[
						"8589.629806",
						"4.36584e-16"
					],
					[
						"8595.147735",
						"4.61775e-16"
					],
					[
						"8600.665663",
						"4.93036e-16"
					],
					[
						"8606.183592",
						"4.87065e-16"
					],
					[
						"8611.70152",
						"3.95358e-16"
					],
					[
						"8617.219449",
						"4.04131e-16"
					],
					[
						"8622.737378",
						"4.47788e-16"
					],
					[
						"8628.255306",
						"4.60721e-16"
					],
					[
						"8633.773235",
						"4.88758e-16"
					],
					[
						"8639.291163",
						"4.93142e-16"
					],
					[
						"8644.809092",
						"4.51786e-16"
					],
					[
						"8650.327021",
						"3.86985e-16"
					],
					[
						"8655.844949",
						"4.0191e-16"
					],
					[
						"8661.362878",
						"4.20967e-16"
					],
					[
						"8666.880806",
						"4.00374e-16"
					],
					[
						"8672.398735",
						"4.50842e-16"
					],
					[
						"8677.916664",
						"4.57478e-16"
					],
					[
						"8683.434592",
						"4.00834e-16"
					],
					[
						"8688.952521",
						"4.04197e-16"
					],
					[
						"8694.470449",
						"4.21413e-16"
					],
					[
						"8699.988378",
						"4.24127e-16"
					],
					[
						"8705.506307",
						"4.39494e-16"
					],
					[
						"8711.024235",
						"5.19677e-16"
					],
					[
						"8716.542164",
						"4.81394e-16"
					],
					[
						"8722.060092",
						"4.24937e-16"
					],
					[
						"8727.578021",
						"3.79184e-16"
					],
					[
						"8733.09595",
						"4.0126e-16"
					],
					[
						"8738.613878",
						"4.14249e-16"
					],
					[
						"8744.131807",
						"4.4606e-16"
					],
					[
						"8749.649735",
						"4.73201e-16"
					],
					[
						"8755.167664",
						"3.97652e-16"
					],
					[
						"8760.685593",
						"4.40173e-16"
					],
					[
						"8766.203521",
						"3.90755e-16"
					],
					[
						"8771.72145",
						"3.98803e-16"
					],
					[
						"8777.239378",
						"4.42063e-16"
					],
					[
						"8782.757307",
						"4.46509e-16"
					],
					[
						"8788.275236",
						"4.49495e-16"
					],
					[
						"8793.793164",
						"4.21835e-16"
					],
					[
						"8799.311093",
						"3.89492e-16"
					],
					[
						"8804.829021",
						"3.5515e-16"
					],
					[
						"8810.34695",
						"4.1197e-16"
					],
					[
						"8815.864879",
						"4.68917e-16"
					],
					[
						"8821.382807",
						"4.67168e-16"
					],
					[
						"8826.900736",
						"4.47391e-16"
					],
					[
						"8832.418664",
						"4.95155e-16"
					],
					[
						"8837.936593",
						"3.83791e-16"
					],
					[
						"8843.454522",
						"3.31411e-16"
					],
					[
						"8848.97245",
						"4.14116e-16"
					],
					[
						"8854.490379",
						"3.91927e-16"
					],
					[
						"8860.008307",
						"4.03657e-16"
					],
					[
						"8865.526236",
						"4.17309e-16"
					],
					[
						"8871.044165",
						"3.68991e-16"
					],
					[
						"8876.562093",
						"3.20307e-16"
					],
					[
						"8882.080022",
						"3.78192e-16"
					],
					[
						"8887.59795",
						"3.79656e-16"
					],
					[
						"8893.115879",
						"3.7422e-16"
					],
					[
						"8898.633808",
						"4.21685e-16"
					],
					[
						"8904.151736",
						"3.9376e-16"
					],
					[
						"8909.669665",
						"3.58313e-16"
					],
					[
						"8915.187593",
						"3.49205e-16"
					],
					[
						"8920.705522",
						"3.1286e-16"
					],
					[
						"8926.223451",
						"3.61642e-16"
					],
					[
						"8931.741379",
						"3.76574e-16"
					],
					[
						"8937.259308",
						"3.72674e-16"
					],
					[
						"8942.777236",
						"3.34429e-16"
					],
					[
						"8948.295165",
						"2.79587e-16"
					],
					[
						"8953.813094",
						"3.22297e-16"
					],
					[
						"8959.331022",
						"3.96595e-16"
					],
					[
						"8964.848951",
						"3.08159e-16"
					],
					[
						"8970.366879",
						"2.6499e-16"
					],
					[
						"8975.884808",
						"2.88994e-16"
					],
					[
						"8981.402737",
						"2.50186e-16"
					],
					[
						"8986.920665",
						"2.52053e-16"
					],
					[
						"8992.438594",
						"2.77812e-16"
					],
					[
						"8997.956522",
						"3.00701e-16"
					],
					[
						"9003.474451",
						"2.93815e-16"
					],
					[
						"9008.99238",
						"2.44279e-16"
					],
					[
						"9014.510308",
						"2.95649e-16"
					],
					[
						"9020.028237",
						"2.85988e-16"
					],
					[
						"9025.546165",
						"2.71652e-16"
					],
					[
						"9031.064094",
						"3.10955e-16"
					],
					[
						"9036.582023",
						"2.72001e-16"
					],
					[
						"9042.099951",
						"2.60046e-16"
					],
					[
						"9047.61788",
						"3.0071e-16"
					],
					[
						"9053.135808",
						"2.44939e-16"
					],
					[
						"9058.653737",
						"2.80976e-16"
					],
					[
						"9064.171666",
						"2.75997e-16"
					],
					[
						"9069.689594",
						"2.5027e-16"
					],
					[
						"9075.207523",
						"2.41516e-16"
					],
					[
						"9080.725451",
						"2.40303e-16"
					],
					[
						"9086.24338",
						"2.81302e-16"
					],
					[
						"9091.761309",
						"3.60362e-16"
					],
					[
						"9097.279237",
						"2.7787e-16"
					],
					[
						"9102.797166",
						"2.64475e-16"
					],
					[
						"9108.315094",
						"2.19519e-16"
					],
					[
						"9113.833023",
						"1.82047e-16"
					],
					[
						"9119.350952",
						"2.66655e-16"
					],
					[
						"9124.86888",
						"2.59458e-16"
					],
					[
						"9130.386809",
						"2.43787e-16"
					],
					[
						"9135.904737",
						"2.118e-16"
					],
					[
						"9141.422666",
						"2.01643e-16"
					],
					[
						"9146.940595",
						"2.1173e-16"
					],
					[
						"9152.458523",
						"2.41379e-16"
					],
					[
						"9157.976452",
						"2.48736e-16"
					],
					[
						"9163.49438",
						"1.84725e-16"
					],
					[
						"9169.012309",
						"1.77471e-16"
					],
					[
						"9174.530238",
						"1.91774e-16"
					],
					[
						"9180.048166",
						"2.3678e-16"
					],
					[
						"9185.566095",
						"2.62472e-16"
					],
					[
						"9191.084023",
						"2.88711e-16"
					],
					[
						"9196.601952",
						"2.95281e-16"
					],
					[
						"9202.119881",
						"2.35979e-16"
					],
					[
						"9207.637809",
						"2.28691e-16"
					],
					[
						"9213.155738",
						"1.78757e-16"
					],
					[
						"9218.673666",
						"2.06638e-16"
					],
					[
						"9224.191595",
						"1.89018e-16"
					],
					[
						"9229.709524",
						"2.36678e-16"
					],
					[
						"9235.227452",
						"2.10552e-16"
					]
				],
				"source":"9"
			}
		]
	}
}