{
	"ASASSN-15bo":{
		"schema":"https://github.com/astrocatalogs/supernovae/blob/a0bc0b9/SCHEMA.md",
		"name":"ASASSN-15bo",
		"sources":[
			{
				"name":"2016A&A...594A..13P",
				"bibcode":"2016A&A...594A..13P",
				"reference":"Planck Collaboration et al. (2016)",
				"alias":"1"
			},
			{
				"name":"2015ATel.6989....1F",
				"bibcode":"2015ATel.6989....1F",
				"reference":"Fernandez et al. (2015)",
				"alias":"2"
			},
			{
				"name":"2015ATel.7040....1B",
				"bibcode":"2015ATel.7040....1B",
				"reference":"Benetti et al. (2015)",
				"alias":"3"
			},
			{
				"name":"2011ApJ...737..103S",
				"bibcode":"2011ApJ...737..103S",
				"reference":"Schlafly & Finkbeiner (2011)",
				"alias":"4"
			},
			{
				"name":"ASAS-SN Supernovae",
				"url":"http://www.astronomy.ohio-state.edu/~assassin/sn_list.html",
				"alias":"5"
			},
			{
				"name":"Asiago Supernova Catalogue",
				"secondary":true,
				"url":"http://graspa.oapd.inaf.it/cgi-bin/sncat.php",
				"alias":"6"
			},
			{
				"name":"Latest Supernovae",
				"secondary":true,
				"url":"http://www.rochesterastronomy.org/snimages/snredshiftall.html",
				"alias":"7"
			},
			{
				"name":"The Open Supernova Catalog",
				"bibcode":"2017ApJ...835...64G",
				"reference":"Guillochon et al. (2017)",
				"secondary":true,
				"url":"https://sne.space",
				"alias":"8"
			},
			{
				"name":"WISeREP",
				"bibcode":"2012PASP..124..668Y",
				"reference":"Yaron & Gal-Yam (2012)",
				"secondary":true,
				"url":"http://wiserep.weizmann.ac.il/",
				"alias":"9"
			},
			{
				"name":"SIMBAD astronomical database",
				"bibcode":"2000A&AS..143....9W",
				"reference":"Wenger et al. (2000)",
				"secondary":true,
				"url":"http://simbad.u-strasbg.fr/",
				"alias":"10"
			}
		],
		"alias":[
			{
				"value":"ASASSN-15bo",
				"source":"2,5,6,7,9,10"
			}
		],
		"claimedtype":[
			{
				"value":"Ia",
				"source":"2,3,5,6,7,9,10"
			}
		],
		"comovingdist":[
			{
				"value":"140",
				"derived":true,
				"u_value":"Mpc",
				"source":"1,2,3,5,6,7,8,9"
			}
		],
		"dec":[
			{
				"value":"+24:34:43.70",
				"u_value":"degrees",
				"source":"2,10"
			},
			{
				"value":"+24:34:43.7",
				"u_value":"degrees",
				"source":"2,3,6,7"
			},
			{
				"value":"+24:34:43.68",
				"u_value":"degrees",
				"source":"2,5"
			}
		],
		"discoverdate":[
			{
				"value":"2015/01/22",
				"source":"2,7"
			}
		],
		"discoverer":[
			{
				"value":"ASAS-SN",
				"source":"2,3,6,7"
			}
		],
		"ebv":[
			{
				"value":"0.0363",
				"derived":true,
				"e_value":"0.0015",
				"source":"4,8"
			}
		],
		"host":[
			{
				"value":"SDSS J144455.21+243443.9",
				"source":"2,5"
			}
		],
		"hostdec":[
			{
				"value":"+24:34:43.9",
				"derived":true,
				"u_value":"degrees",
				"source":"8"
			}
		],
		"hostoffsetang":[
			{
				"value":"0.32",
				"u_value":"arcseconds",
				"source":"2,5"
			}
		],
		"hostoffsetdist":[
			{
				"value":"0.21",
				"source":"1,2,3,5,6,7,8,9,10"
			}
		],
		"hostra":[
			{
				"value":"14:44:55.21",
				"derived":true,
				"u_value":"hours",
				"source":"8"
			}
		],
		"lumdist":[
			{
				"value":"145",
				"derived":true,
				"u_value":"Mpc",
				"source":"1,2,3,5,6,7,8,9"
			}
		],
		"maxabsmag":[
			{
				"value":"-18.7",
				"derived":true,
				"source":"1,2,3,5,6,7,8,9"
			}
		],
		"maxappmag":[
			{
				"value":"17.1",
				"derived":true,
				"source":"2,7,8"
			}
		],
		"maxdate":[
			{
				"value":"2015/01/21",
				"derived":true,
				"source":"2,7,8"
			}
		],
		"maxvisualabsmag":[
			{
				"value":"-18.7",
				"derived":true,
				"source":"1,2,3,5,6,7,8,9"
			}
		],
		"maxvisualappmag":[
			{
				"value":"17.1",
				"derived":true,
				"source":"2,7,8"
			}
		],
		"maxvisualdate":[
			{
				"value":"2015/01/21",
				"derived":true,
				"source":"2,7,8"
			}
		],
		"ra":[
			{
				"value":"14:44:55.220",
				"u_value":"hours",
				"source":"2,10"
			},
			{
				"value":"14:44:55.22",
				"u_value":"hours",
				"source":"2,3,6,7"
			},
			{
				"value":"14:44:55.2",
				"u_value":"hours",
				"source":"2,5"
			}
		],
		"redshift":[
			{
				"value":"0.032",
				"source":"2,3,5,6,7,9"
			}
		],
		"velocity":[
			{
				"value":"9400",
				"u_value":"km/s",
				"source":"8"
			}
		],
		"photometry":[
			{
				"time":"57043.5",
				"magnitude":"17.1",
				"u_time":"MJD",
				"source":"2,7"
			}
		],
		"spectra":[
			{
				"time":"57063.0",
				"filename":"ASASSNm15bo_2015-02-10_04:47:06_Asiago.ascii",
				"instrument":"Ekar - AFOSC",
				"observer":"Benetti Tomasella",
				"redshift":"0.032",
				"reducer":"Unknown",
				"reduction":"final",
				"survey":"Asiago",
				"u_fluxes":"erg/s/cm^2/Angstrom",
				"u_time":"MJD",
				"u_wavelengths":"Angstrom",
				"data":[
					[
						"3401.3337",
						"2.130271716e-16"
					],
					[
						"3406.066425",
						"-1.658256915e-16"
					],
					[
						"3410.799149",
						"4.544749985e-16"
					],
					[
						"3415.531874",
						"-2.647540708e-16"
					],
					[
						"3420.264598",
						"-1.521860788e-16"
					],
					[
						"3424.997323",
						"-2.208696974e-17"
					],
					[
						"3429.730047",
						"6.967190628e-16"
					],
					[
						"3434.462772",
						"8.5501168e-16"
					],
					[
						"3439.195497",
						"-1.837295063e-16"
					],
					[
						"3443.928221",
						"1.951307418e-16"
					],
					[
						"3448.660946",
						"1.839468761e-16"
					],
					[
						"3453.39367",
						"4.143242868e-16"
					],
					[
						"3458.126395",
						"3.172795897e-16"
					],
					[
						"3462.859119",
						"6.228384635e-18"
					],
					[
						"3467.591844",
						"-1.123548573e-16"
					],
					[
						"3472.324569",
						"1.214238671e-16"
					],
					[
						"3477.057293",
						"8.770170666e-16"
					],
					[
						"3481.790018",
						"1.473631261e-16"
					],
					[
						"3486.522742",
						"2.93272876e-16"
					],
					[
						"3491.255467",
						"4.811253549e-16"
					],
					[
						"3495.988192",
						"5.113660193e-16"
					],
					[
						"3500.720916",
						"-2.014380833e-17"
					],
					[
						"3505.453641",
						"5.794419514e-16"
					],
					[
						"3510.186365",
						"6.70755703e-16"
					],
					[
						"3514.91909",
						"4.5168916e-16"
					],
					[
						"3519.651814",
						"2.975904676e-16"
					],
					[
						"3524.384539",
						"2.196502016e-16"
					],
					[
						"3529.117264",
						"1.856096812e-16"
					],
					[
						"3533.849988",
						"8.855220582e-17"
					],
					[
						"3538.582713",
						"4.178400823e-16"
					],
					[
						"3543.315437",
						"4.629782034e-16"
					],
					[
						"3548.048162",
						"2.354645185e-16"
					],
					[
						"3552.780886",
						"3.830007702e-16"
					],
					[
						"3557.513611",
						"2.837391761e-16"
					],
					[
						"3562.246336",
						"3.929309345e-16"
					],
					[
						"3566.97906",
						"3.52401255e-16"
					],
					[
						"3571.711785",
						"4.462820723e-16"
					],
					[
						"3576.444509",
						"2.555829804e-16"
					],
					[
						"3581.177234",
						"3.569284078e-16"
					],
					[
						"3585.909959",
						"2.019785268e-16"
					],
					[
						"3590.642683",
						"3.890290243e-16"
					],
					[
						"3595.375408",
						"2.128980785e-16"
					],
					[
						"3600.108132",
						"3.074416726e-16"
					],
					[
						"3604.840857",
						"3.470850644e-16"
					],
					[
						"3609.573581",
						"2.033712474e-16"
					],
					[
						"3614.306306",
						"3.867459264e-16"
					],
					[
						"3619.039031",
						"3.988675766e-16"
					],
					[
						"3623.771755",
						"3.254810127e-16"
					],
					[
						"3628.50448",
						"3.826380813e-16"
					],
					[
						"3633.237204",
						"3.300106537e-16"
					],
					[
						"3637.969929",
						"2.378152202e-16"
					],
					[
						"3642.702653",
						"2.561878942e-16"
					],
					[
						"3647.435378",
						"3.871568962e-16"
					],
					[
						"3652.168103",
						"5.098925525e-16"
					],
					[
						"3656.900827",
						"3.903332168e-16"
					],
					[
						"3661.633552",
						"4.8519466e-16"
					],
					[
						"3666.366276",
						"5.518617116e-16"
					],
					[
						"3671.099001",
						"5.303410396e-16"
					],
					[
						"3675.831726",
						"5.50340811e-16"
					],
					[
						"3680.56445",
						"3.991327509e-16"
					],
					[
						"3685.297175",
						"6.291684499e-16"
					],
					[
						"3690.029899",
						"5.358428363e-16"
					],
					[
						"3694.762624",
						"4.431865374e-16"
					],
					[
						"3699.495348",
						"5.349539281e-16"
					],
					[
						"3704.228073",
						"5.170184819e-16"
					],
					[
						"3708.960798",
						"5.809823337e-16"
					],
					[
						"3713.693522",
						"5.241123299e-16"
					],
					[
						"3718.426247",
						"6.252961329e-16"
					],
					[
						"3723.158971",
						"5.587930351e-16"
					],
					[
						"3727.891696",
						"5.684176588e-16"
					],
					[
						"3732.62442",
						"4.68354798e-16"
					],
					[
						"3737.357145",
						"4.666715847e-16"
					],
					[
						"3742.08987",
						"4.666586145e-16"
					],
					[
						"3746.822594",
						"4.404461211e-16"
					],
					[
						"3751.555319",
						"4.497551721e-16"
					],
					[
						"3756.288043",
						"4.179593022e-16"
					],
					[
						"3761.020768",
						"4.943241399e-16"
					],
					[
						"3765.753493",
						"4.348096727e-16"
					],
					[
						"3770.486217",
						"4.905727369e-16"
					],
					[
						"3775.218942",
						"5.027824521e-16"
					],
					[
						"3779.951666",
						"5.176567212e-16"
					],
					[
						"3784.684391",
						"4.673238e-16"
					],
					[
						"3789.417115",
						"5.003345798e-16"
					],
					[
						"3794.14984",
						"4.47362304e-16"
					],
					[
						"3798.882565",
						"3.249273178e-16"
					],
					[
						"3803.615289",
						"4.266176995e-16"
					],
					[
						"3808.348014",
						"2.90244945e-16"
					],
					[
						"3813.080738",
						"3.821671574e-16"
					],
					[
						"3817.813463",
						"3.068324971e-16"
					],
					[
						"3822.546187",
						"3.258127055e-16"
					],
					[
						"3827.278912",
						"3.130442926e-16"
					],
					[
						"3836.744361",
						"2.767914148e-16"
					],
					[
						"3841.477086",
						"2.706837249e-16"
					],
					[
						"3846.20981",
						"2.382770649e-16"
					],
					[
						"3850.942535",
						"2.873652712e-16"
					],
					[
						"3855.67526",
						"3.375261917e-16"
					],
					[
						"3860.407984",
						"3.954969149e-16"
					],
					[
						"3865.140709",
						"3.47847447e-16"
					],
					[
						"3869.873433",
						"2.882024574e-16"
					],
					[
						"3874.606158",
						"2.940156974e-16"
					],
					[
						"3879.338882",
						"2.314043455e-16"
					],
					[
						"3884.071607",
						"3.139182718e-16"
					],
					[
						"3888.804332",
						"3.497290513e-16"
					],
					[
						"3893.537056",
						"3.770677544e-16"
					],
					[
						"3898.269781",
						"3.445623621e-16"
					],
					[
						"3903.002505",
						"3.495751295e-16"
					],
					[
						"3907.73523",
						"3.341772617e-16"
					],
					[
						"3912.467954",
						"2.756966247e-16"
					],
					[
						"3917.200679",
						"3.076379195e-16"
					],
					[
						"3921.933404",
						"3.481065862e-16"
					],
					[
						"3926.666128",
						"3.365394248e-16"
					],
					[
						"3931.398853",
						"3.267726585e-16"
					],
					[
						"3936.131577",
						"3.425188422e-16"
					],
					[
						"3940.864302",
						"2.935320946e-16"
					],
					[
						"3945.597027",
						"3.635393147e-16"
					],
					[
						"3950.329751",
						"3.784370096e-16"
					],
					[
						"3955.062476",
						"3.695824977e-16"
					],
					[
						"3959.7952",
						"3.845118505e-16"
					],
					[
						"3964.527925",
						"4.095075281e-16"
					],
					[
						"3969.260649",
						"4.056544017e-16"
					],
					[
						"3973.993374",
						"4.822282977e-16"
					],
					[
						"3978.726099",
						"4.858343287e-16"
					],
					[
						"3983.458823",
						"5.931027929e-16"
					],
					[
						"3988.191548",
						"5.965971744e-16"
					],
					[
						"3992.924272",
						"6.131548156e-16"
					],
					[
						"3997.656997",
						"6.479319238e-16"
					],
					[
						"4002.389721",
						"6.767346439e-16"
					],
					[
						"4007.122446",
						"6.90925728e-16"
					],
					[
						"4011.855171",
						"6.675793824e-16"
					],
					[
						"4016.587895",
						"6.760580763e-16"
					],
					[
						"4021.32062",
						"6.610311295e-16"
					],
					[
						"4026.053344",
						"7.061170521e-16"
					],
					[
						"4030.786069",
						"7.467212176e-16"
					],
					[
						"4035.518794",
						"8.042714948e-16"
					],
					[
						"4040.251518",
						"7.713120134e-16"
					],
					[
						"4044.984243",
						"7.560065516e-16"
					],
					[
						"4049.716967",
						"7.466386319e-16"
					],
					[
						"4054.449692",
						"7.539396324e-16"
					],
					[
						"4059.182416",
						"8.098776882e-16"
					],
					[
						"4063.915141",
						"7.700551753e-16"
					],
					[
						"4068.647866",
						"7.583285336e-16"
					],
					[
						"4073.38059",
						"7.655318606e-16"
					],
					[
						"4078.113315",
						"7.733011115e-16"
					],
					[
						"4082.846039",
						"7.678424076e-16"
					],
					[
						"4087.578764",
						"8.274081468e-16"
					],
					[
						"4092.311488",
						"7.554216224e-16"
					],
					[
						"4097.044213",
						"7.608649737e-16"
					],
					[
						"4101.776938",
						"7.012373483e-16"
					],
					[
						"4106.509662",
						"7.147578999e-16"
					],
					[
						"4111.242387",
						"7.324138253e-16"
					],
					[
						"4115.975111",
						"6.565056442e-16"
					],
					[
						"4120.707836",
						"6.821444315e-16"
					],
					[
						"4125.440561",
						"5.883372267e-16"
					],
					[
						"4130.173285",
						"6.03598484e-16"
					],
					[
						"4134.90601",
						"5.879668086e-16"
					],
					[
						"4139.638734",
						"5.973461632e-16"
					],
					[
						"4144.371459",
						"5.616256192e-16"
					],
					[
						"4149.104183",
						"5.420525936e-16"
					],
					[
						"4153.836908",
						"5.937169976e-16"
					],
					[
						"4158.569633",
						"5.651088834e-16"
					],
					[
						"4163.302357",
						"5.847746591e-16"
					],
					[
						"4168.035082",
						"6.183545391e-16"
					],
					[
						"4172.767806",
						"6.006172986e-16"
					],
					[
						"4177.500531",
						"6.499783554e-16"
					],
					[
						"4182.233255",
						"6.374041513e-16"
					],
					[
						"4186.96598",
						"6.727295015e-16"
					],
					[
						"4191.698705",
						"6.838545381e-16"
					],
					[
						"4196.431429",
						"7.194763499e-16"
					],
					[
						"4201.164154",
						"7.214289726e-16"
					],
					[
						"4205.896878",
						"7.032601159e-16"
					],
					[
						"4210.629603",
						"6.710407825e-16"
					],
					[
						"4215.362328",
						"7.27613266e-16"
					],
					[
						"4220.095052",
						"6.595968909e-16"
					],
					[
						"4224.827777",
						"6.476433502e-16"
					],
					[
						"4229.560501",
						"6.554462177e-16"
					],
					[
						"4234.293226",
						"7.019891959e-16"
					],
					[
						"4239.02595",
						"6.760234009e-16"
					],
					[
						"4243.758675",
						"6.810760054e-16"
					],
					[
						"4248.4914",
						"6.612431524e-16"
					],
					[
						"4253.224124",
						"6.045495961e-16"
					],
					[
						"4257.956849",
						"5.757642402e-16"
					],
					[
						"4262.689573",
						"6.216179453e-16"
					],
					[
						"4267.422298",
						"6.128454368e-16"
					],
					[
						"4272.155022",
						"6.398999868e-16"
					],
					[
						"4276.887747",
						"6.184750295e-16"
					],
					[
						"4281.620472",
						"6.365400188e-16"
					],
					[
						"4286.353196",
						"6.22860225e-16"
					],
					[
						"4291.085921",
						"6.490969117e-16"
					],
					[
						"4295.818645",
						"6.825429605e-16"
					],
					[
						"4300.55137",
						"6.367905288e-16"
					],
					[
						"4305.284095",
						"6.716293645e-16"
					],
					[
						"4310.016819",
						"6.84031621e-16"
					],
					[
						"4314.749544",
						"6.74994097e-16"
					],
					[
						"4319.482268",
						"6.553146629e-16"
					],
					[
						"4324.214993",
						"6.369984754e-16"
					],
					[
						"4328.947717",
						"6.643769096e-16"
					],
					[
						"4333.680442",
						"6.633349003e-16"
					],
					[
						"4338.413167",
						"6.669239377e-16"
					],
					[
						"4343.145891",
						"6.653572444e-16"
					],
					[
						"4347.878616",
						"7.076758575e-16"
					],
					[
						"4352.61134",
						"5.698846669e-16"
					],
					[
						"4357.344065",
						"6.243150041e-16"
					],
					[
						"4362.076789",
						"6.429025598e-16"
					],
					[
						"4366.809514",
						"6.168504733e-16"
					],
					[
						"4371.542239",
						"6.062132747e-16"
					],
					[
						"4376.274963",
						"5.823508743e-16"
					],
					[
						"4381.007688",
						"5.715974204e-16"
					],
					[
						"4385.740412",
						"5.871535511e-16"
					],
					[
						"4390.473137",
						"5.720408422e-16"
					],
					[
						"4395.205862",
						"5.51242954e-16"
					],
					[
						"4399.938586",
						"5.658129266e-16"
					],
					[
						"4404.671311",
						"5.51241207e-16"
					],
					[
						"4409.404035",
						"5.086979714e-16"
					],
					[
						"4414.13676",
						"5.395702047e-16"
					],
					[
						"4418.869484",
						"4.776402378e-16"
					],
					[
						"4423.602209",
						"4.725788454e-16"
					],
					[
						"4428.334934",
						"5.219465725e-16"
					],
					[
						"4433.067658",
						"4.74627024e-16"
					],
					[
						"4437.800383",
						"4.410495262e-16"
					],
					[
						"4442.533107",
						"4.925198009e-16"
					],
					[
						"4447.265832",
						"5.236333328e-16"
					],
					[
						"4451.998556",
						"4.838109258e-16"
					],
					[
						"4456.731281",
						"4.738007434e-16"
					],
					[
						"4461.464006",
						"4.608609387e-16"
					],
					[
						"4466.19673",
						"4.278819491e-16"
					],
					[
						"4470.929455",
						"4.550452104e-16"
					],
					[
						"4475.662179",
						"4.745015043e-16"
					],
					[
						"4480.394904",
						"4.598306819e-16"
					],
					[
						"4485.127629",
						"4.469960152e-16"
					],
					[
						"4489.860353",
						"4.043897285e-16"
					],
					[
						"4494.593078",
						"4.081792481e-16"
					],
					[
						"4499.325802",
						"4.146349097e-16"
					],
					[
						"4504.058527",
						"4.497086911e-16"
					],
					[
						"4508.791251",
						"4.140329075e-16"
					],
					[
						"4513.523976",
						"4.348520773e-16"
					],
					[
						"4518.256701",
						"4.320023144e-16"
					],
					[
						"4522.989425",
						"4.322786324e-16"
					],
					[
						"4527.72215",
						"4.09144098e-16"
					],
					[
						"4532.454874",
						"4.088117434e-16"
					],
					[
						"4537.187599",
						"4.316556132e-16"
					],
					[
						"4541.920323",
						"3.838368976e-16"
					],
					[
						"4546.653048",
						"4.432694672e-16"
					],
					[
						"4551.385773",
						"4.287930389e-16"
					],
					[
						"4556.118497",
						"4.31330829e-16"
					],
					[
						"4560.851222",
						"4.481219867e-16"
					],
					[
						"4565.583946",
						"4.631037231e-16"
					],
					[
						"4570.316671",
						"4.438767634e-16"
					],
					[
						"4575.049396",
						"4.679989912e-16"
					],
					[
						"4579.78212",
						"4.854368055e-16"
					],
					[
						"4584.514845",
						"4.960669631e-16"
					],
					[
						"4589.247569",
						"5.306711178e-16"
					],
					[
						"4593.980294",
						"5.157214098e-16"
					],
					[
						"4598.713018",
						"5.019509834e-16"
					],
					[
						"4603.445743",
						"5.319977302e-16"
					],
					[
						"4608.178468",
						"5.901610475e-16"
					],
					[
						"4612.911192",
						"5.710982004e-16"
					],
					[
						"4617.643917",
						"5.523310208e-16"
					],
					[
						"4622.376641",
						"5.680773103e-16"
					],
					[
						"4627.109366",
						"5.756024569e-16"
					],
					[
						"4631.84209",
						"5.76601797e-16"
					],
					[
						"4636.574815",
						"6.01713571e-16"
					],
					[
						"4641.30754",
						"5.7950712e-16"
					],
					[
						"4646.040264",
						"5.900559624e-16"
					],
					[
						"4650.772989",
						"5.693211782e-16"
					],
					[
						"4655.505713",
						"5.863972036e-16"
					],
					[
						"4660.238438",
						"6.281041001e-16"
					],
					[
						"4664.971163",
						"6.313266899e-16"
					],
					[
						"4669.703887",
						"6.389154169e-16"
					],
					[
						"4674.436612",
						"6.572064581e-16"
					],
					[
						"4679.169336",
						"6.500878344e-16"
					],
					[
						"4683.902061",
						"6.824178114e-16"
					],
					[
						"4688.634785",
						"6.64490412e-16"
					],
					[
						"4693.36751",
						"6.913832317e-16"
					],
					[
						"4698.100235",
						"6.949085298e-16"
					],
					[
						"4702.832959",
						"6.729490948e-16"
					],
					[
						"4707.565684",
						"6.745576633e-16"
					],
					[
						"4712.298408",
						"6.97759378e-16"
					],
					[
						"4717.031133",
						"7.126896043e-16"
					],
					[
						"4721.763857",
						"6.978494282e-16"
					],
					[
						"4726.496582",
						"6.899215175e-16"
					],
					[
						"4731.229307",
						"6.864160187e-16"
					],
					[
						"4735.962031",
						"6.816950276e-16"
					],
					[
						"4740.694756",
						"6.840669846e-16"
					],
					[
						"4745.42748",
						"6.683694524e-16"
					],
					[
						"4750.160205",
						"6.642244966e-16"
					],
					[
						"4754.89293",
						"6.727995406e-16"
					],
					[
						"4759.625654",
						"6.488213084e-16"
					],
					[
						"4764.358379",
						"6.459640015e-16"
					],
					[
						"4769.091103",
						"6.696978118e-16"
					],
					[
						"4773.823828",
						"6.913546443e-16"
					],
					[
						"4778.556552",
						"6.636931423e-16"
					],
					[
						"4783.289277",
						"6.2042527e-16"
					],
					[
						"4788.022002",
						"6.232550482e-16"
					],
					[
						"4792.754726",
						"6.328912127e-16"
					],
					[
						"4797.487451",
						"6.139432445e-16"
					],
					[
						"4802.220175",
						"6.042346058e-16"
					],
					[
						"4806.9529",
						"5.829831844e-16"
					],
					[
						"4811.685624",
						"5.499753163e-16"
					],
					[
						"4816.418349",
						"5.355561685e-16"
					],
					[
						"4821.151074",
						"5.349048531e-16"
					],
					[
						"4825.883798",
						"5.45690706e-16"
					],
					[
						"4830.616523",
						"5.391163539e-16"
					],
					[
						"4835.349247",
						"5.437636531e-16"
					],
					[
						"4840.081972",
						"5.378963088e-16"
					],
					[
						"4844.814697",
						"5.194529605e-16"
					],
					[
						"4849.547421",
						"5.033906218e-16"
					],
					[
						"4854.280146",
						"5.113033389e-16"
					],
					[
						"4859.01287",
						"5.306559241e-16"
					],
					[
						"4863.745595",
						"5.355101111e-16"
					],
					[
						"4868.478319",
						"4.968775207e-16"
					],
					[
						"4873.211044",
						"5.137081713e-16"
					],
					[
						"4877.943769",
						"5.172486631e-16"
					],
					[
						"4882.676493",
						"4.770142805e-16"
					],
					[
						"4887.409218",
						"4.36754328e-16"
					],
					[
						"4892.141942",
						"4.432276185e-16"
					],
					[
						"4896.874667",
						"4.033914737e-16"
					],
					[
						"4901.607391",
						"3.55265841e-16"
					],
					[
						"4906.340116",
						"3.486653632e-16"
					],
					[
						"4911.072841",
						"3.60001311e-16"
					],
					[
						"4915.805565",
						"3.658889841e-16"
					],
					[
						"4920.53829",
						"3.680142162e-16"
					],
					[
						"4925.271014",
						"3.677924524e-16"
					],
					[
						"4930.003739",
						"3.724444897e-16"
					],
					[
						"4934.736464",
						"3.804926527e-16"
					],
					[
						"4939.469188",
						"3.987776059e-16"
					],
					[
						"4944.201913",
						"4.036543716e-16"
					],
					[
						"4948.934637",
						"4.147219158e-16"
					],
					[
						"4953.667362",
						"4.252586086e-16"
					],
					[
						"4958.400086",
						"4.226359564e-16"
					],
					[
						"4963.132811",
						"4.295030907e-16"
					],
					[
						"4967.865536",
						"4.305218331e-16"
					],
					[
						"4972.59826",
						"4.010978144e-16"
					],
					[
						"4977.330985",
						"3.841244917e-16"
					],
					[
						"4982.063709",
						"3.904553219e-16"
					],
					[
						"4986.796434",
						"3.724682861e-16"
					],
					[
						"4991.529158",
						"3.807631209e-16"
					],
					[
						"4996.261883",
						"3.618701833e-16"
					],
					[
						"5000.994608",
						"2.985160894e-16"
					],
					[
						"5005.727332",
						"2.955399862e-16"
					],
					[
						"5010.460057",
						"3.122987977e-16"
					],
					[
						"5015.192781",
						"2.833477145e-16"
					],
					[
						"5019.925506",
						"3.108603505e-16"
					],
					[
						"5024.658231",
						"3.344924903e-16"
					],
					[
						"5029.390955",
						"3.635496909e-16"
					],
					[
						"5034.12368",
						"3.751080642e-16"
					],
					[
						"5038.856404",
						"3.458842894e-16"
					],
					[
						"5043.589129",
						"3.587014331e-16"
					],
					[
						"5048.321853",
						"3.790018218e-16"
					],
					[
						"5053.054578",
						"3.895506642e-16"
					],
					[
						"5057.787303",
						"4.165966644e-16"
					],
					[
						"5062.520027",
						"4.405131426e-16"
					],
					[
						"5067.252752",
						"4.480819114e-16"
					],
					[
						"5071.985476",
						"4.497121851e-16"
					],
					[
						"5076.718201",
						"4.450964379e-16"
					],
					[
						"5081.450925",
						"4.283534817e-16"
					],
					[
						"5086.18365",
						"4.116943554e-16"
					],
					[
						"5090.916375",
						"4.298271073e-16"
					],
					[
						"5095.649099",
						"4.248034873e-16"
					],
					[
						"5100.381824",
						"4.236805863e-16"
					],
					[
						"5105.114548",
						"4.271913525e-16"
					],
					[
						"5109.847273",
						"3.982547748e-16"
					],
					[
						"5114.579998",
						"3.961621269e-16"
					],
					[
						"5119.312722",
						"4.030197057e-16"
					],
					[
						"5124.045447",
						"3.719529989e-16"
					],
					[
						"5128.778171",
						"3.547192136e-16"
					],
					[
						"5133.510896",
						"3.523452714e-16"
					],
					[
						"5138.24362",
						"3.383492695e-16"
					],
					[
						"5142.976345",
						"3.315597711e-16"
					],
					[
						"5147.70907",
						"3.19053462e-16"
					],
					[
						"5152.441794",
						"3.005816321e-16"
					],
					[
						"5157.174519",
						"2.917547283e-16"
					],
					[
						"5161.907243",
						"3.253302673e-16"
					],
					[
						"5166.639968",
						"3.569403987e-16"
					],
					[
						"5171.372692",
						"3.340437481e-16"
					],
					[
						"5176.105417",
						"3.290836555e-16"
					],
					[
						"5180.838142",
						"3.545252695e-16"
					],
					[
						"5185.570866",
						"3.627869377e-16"
					],
					[
						"5190.303591",
						"3.527278656e-16"
					],
					[
						"5195.036315",
						"3.454701432e-16"
					],
					[
						"5199.76904",
						"3.180461016e-16"
					],
					[
						"5204.501765",
						"3.21085097e-16"
					],
					[
						"5209.234489",
						"3.395604208e-16"
					],
					[
						"5213.967214",
						"3.361973823e-16"
					],
					[
						"5218.699938",
						"3.550387303e-16"
					],
					[
						"5223.432663",
						"3.516088821e-16"
					],
					[
						"5228.165387",
						"3.541583189e-16"
					],
					[
						"5232.898112",
						"3.747180585e-16"
					],
					[
						"5237.630837",
						"3.839482295e-16"
					],
					[
						"5242.363561",
						"3.946662667e-16"
					],
					[
						"5247.096286",
						"3.919175125e-16"
					],
					[
						"5251.82901",
						"3.955864092e-16"
					],
					[
						"5256.561735",
						"4.051378174e-16"
					],
					[
						"5261.294459",
						"4.155948362e-16"
					],
					[
						"5266.027184",
						"4.288655396e-16"
					],
					[
						"5270.759909",
						"4.001281205e-16"
					],
					[
						"5275.492633",
						"4.204329031e-16"
					],
					[
						"5280.225358",
						"4.239630982e-16"
					],
					[
						"5284.958082",
						"4.373604066e-16"
					],
					[
						"5289.690807",
						"4.545380495e-16"
					],
					[
						"5294.423532",
						"4.282624522e-16"
					],
					[
						"5299.156256",
						"4.406451474e-16"
					],
					[
						"5303.888981",
						"4.588847049e-16"
					],
					[
						"5308.621705",
						"4.482614824e-16"
					],
					[
						"5313.35443",
						"4.868060872e-16"
					],
					[
						"5318.087154",
						"4.750671106e-16"
					],
					[
						"5322.819879",
						"4.759353723e-16"
					],
					[
						"5327.552604",
						"4.963516192e-16"
					],
					[
						"5332.285328",
						"5.142599603e-16"
					],
					[
						"5337.018053",
						"5.063710131e-16"
					],
					[
						"5341.750777",
						"4.97394105e-16"
					],
					[
						"5346.483502",
						"5.089548341e-16"
					],
					[
						"5351.216226",
						"5.402442841e-16"
					],
					[
						"5355.948951",
						"5.278313339e-16"
					],
					[
						"5360.681676",
						"5.165562666e-16"
					],
					[
						"5365.4144",
						"5.224487043e-16"
					],
					[
						"5370.147125",
						"5.534874325e-16"
					],
					[
						"5374.879849",
						"5.530664042e-16"
					],
					[
						"5379.612574",
						"5.503528812e-16"
					],
					[
						"5384.345299",
						"5.422532345e-16"
					],
					[
						"5389.078023",
						"4.958613459e-16"
					],
					[
						"5393.810748",
						"5.059841308e-16"
					],
					[
						"5398.543472",
						"5.32087198e-16"
					],
					[
						"5403.276197",
						"5.063909713e-16"
					],
					[
						"5408.008921",
						"4.947410919e-16"
					],
					[
						"5412.741646",
						"5.011470432e-16"
					],
					[
						"5417.474371",
						"5.046619123e-16"
					],
					[
						"5422.207095",
						"5.049351863e-16"
					],
					[
						"5426.93982",
						"4.85107945e-16"
					],
					[
						"5431.672544",
						"4.755695599e-16"
					],
					[
						"5436.405269",
						"4.839244811e-16"
					],
					[
						"5441.137993",
						"4.503022495e-16"
					],
					[
						"5445.870718",
						"4.445199261e-16"
					],
					[
						"5450.603443",
						"4.509033252e-16"
					],
					[
						"5455.336167",
						"4.483198218e-16"
					],
					[
						"5460.068892",
						"4.484520648e-16"
					],
					[
						"5464.801616",
						"4.545150737e-16"
					],
					[
						"5469.534341",
						"4.478429952e-16"
					],
					[
						"5474.267066",
						"4.337724015e-16"
					],
					[
						"5478.99979",
						"4.459352652e-16"
					],
					[
						"5483.732515",
						"4.462842957e-16"
					],
					[
						"5488.465239",
						"4.651024032e-16"
					],
					[
						"5493.197964",
						"4.506767439e-16"
					],
					[
						"5497.930688",
						"4.598325877e-16"
					],
					[
						"5502.663413",
						"4.471431871e-16"
					],
					[
						"5507.396138",
						"4.311448259e-16"
					],
					[
						"5512.128862",
						"4.308249651e-16"
					],
					[
						"5516.861587",
						"4.351498888e-16"
					],
					[
						"5521.594311",
						"4.312536696e-16"
					],
					[
						"5526.327036",
						"4.198620294e-16"
					],
					[
						"5531.05976",
						"4.177656758e-16"
					],
					[
						"5535.792485",
						"4.146074605e-16"
					],
					[
						"5540.52521",
						"4.163635716e-16"
					],
					[
						"5545.257934",
						"4.1316004e-16"
					],
					[
						"5549.990659",
						"4.09459856e-16"
					],
					[
						"5554.723383",
						"4.139264989e-16"
					],
					[
						"5559.456108",
						"3.999745163e-16"
					],
					[
						"5564.188833",
						"3.854721741e-16"
					],
					[
						"5568.921557",
						"3.964468888e-16"
					],
					[
						"5573.654282",
						"3.98188018e-16"
					],
					[
						"5578.387006",
						"3.76264026e-16"
					],
					[
						"5583.119731",
						"3.767411967e-16"
					],
					[
						"5587.852455",
						"3.928228848e-16"
					],
					[
						"5592.58518",
						"3.792145329e-16"
					],
					[
						"5597.317905",
						"3.907185638e-16"
					],
					[
						"5602.050629",
						"3.932950528e-16"
					],
					[
						"5606.783354",
						"3.76936676e-16"
					],
					[
						"5611.516078",
						"3.835945932e-16"
					],
					[
						"5616.248803",
						"3.908041141e-16"
					],
					[
						"5620.981527",
						"3.730289954e-16"
					],
					[
						"5625.714252",
						"3.500565354e-16"
					],
					[
						"5630.446977",
						"3.812180305e-16"
					],
					[
						"5635.179701",
						"3.74557784e-16"
					],
					[
						"5639.912426",
						"3.913655646e-16"
					],
					[
						"5644.64515",
						"3.823280143e-16"
					],
					[
						"5649.377875",
						"3.761152923e-16"
					],
					[
						"5654.1106",
						"3.808390627e-16"
					],
					[
						"5658.843324",
						"3.78863226e-16"
					],
					[
						"5663.576049",
						"3.870216356e-16"
					],
					[
						"5668.308773",
						"3.880387898e-16"
					],
					[
						"5673.041498",
						"3.90794585e-16"
					],
					[
						"5677.774222",
						"3.894775017e-16"
					],
					[
						"5682.506947",
						"3.914791994e-16"
					],
					[
						"5687.239672",
						"4.08131126e-16"
					],
					[
						"5691.972396",
						"4.243077083e-16"
					],
					[
						"5696.705121",
						"3.970338297e-16"
					],
					[
						"5701.437845",
						"3.777345016e-16"
					],
					[
						"5706.17057",
						"4.050968952e-16"
					],
					[
						"5710.903294",
						"3.834237043e-16"
					],
					[
						"5715.636019",
						"3.922737692e-16"
					],
					[
						"5720.368744",
						"4.040276749e-16"
					],
					[
						"5725.101468",
						"4.270837264e-16"
					],
					[
						"5729.834193",
						"4.13898441e-16"
					],
					[
						"5734.566917",
						"3.901460225e-16"
					],
					[
						"5739.299642",
						"3.962919877e-16"
					],
					[
						"5744.032367",
						"3.774793065e-16"
					],
					[
						"5748.765091",
						"3.74441714e-16"
					],
					[
						"5753.497816",
						"3.902619866e-16"
					],
					[
						"5758.23054",
						"3.84857784e-16"
					],
					[
						"5762.963265",
						"3.750435309e-16"
					],
					[
						"5767.695989",
						"3.869894748e-16"
					],
					[
						"5772.428714",
						"3.707824523e-16"
					],
					[
						"5777.161439",
						"3.467487659e-16"
					],
					[
						"5781.894163",
						"3.456254414e-16"
					],
					[
						"5786.626888",
						"3.566248524e-16"
					],
					[
						"5791.359612",
						"3.5552903e-16"
					],
					[
						"5796.092337",
						"3.463404431e-16"
					],
					[
						"5800.825061",
						"3.452586761e-16"
					],
					[
						"5805.557786",
						"3.552676409e-16"
					],
					[
						"5810.290511",
						"3.692252616e-16"
					],
					[
						"5815.023235",
						"3.694013915e-16"
					],
					[
						"5819.75596",
						"3.403008599e-16"
					],
					[
						"5824.488684",
						"3.225716398e-16"
					],
					[
						"5829.221409",
						"3.554084072e-16"
					],
					[
						"5833.954134",
						"3.590442697e-16"
					],
					[
						"5838.686858",
						"3.392679032e-16"
					],
					[
						"5843.419583",
						"3.365106522e-16"
					],
					[
						"5848.152307",
						"3.367667473e-16"
					],
					[
						"5852.885032",
						"3.446582356e-16"
					],
					[
						"5857.617756",
						"3.39492817e-16"
					],
					[
						"5862.350481",
						"3.347340006e-16"
					],
					[
						"5867.083206",
						"3.195843399e-16"
					],
					[
						"5871.81593",
						"3.373349476e-16"
					],
					[
						"5876.548655",
						"3.397727084e-16"
					],
					[
						"5881.281379",
						"3.242394476e-16"
					],
					[
						"5886.014104",
						"3.23428546e-16"
					],
					[
						"5890.746828",
						"3.225576108e-16"
					],
					[
						"5895.479553",
						"3.112153632e-16"
					],
					[
						"5900.212278",
						"3.238316542e-16"
					],
					[
						"5904.945002",
						"3.21836971e-16"
					],
					[
						"5909.677727",
						"3.156306812e-16"
					],
					[
						"5914.410451",
						"3.275270737e-16"
					],
					[
						"5919.143176",
						"3.251498228e-16"
					],
					[
						"5923.875901",
						"3.351170977e-16"
					],
					[
						"5928.608625",
						"3.255561339e-16"
					],
					[
						"5933.34135",
						"3.126003944e-16"
					],
					[
						"5938.074074",
						"3.295297507e-16"
					],
					[
						"5942.806799",
						"3.301651843e-16"
					],
					[
						"5947.539523",
						"3.187795791e-16"
					],
					[
						"5952.272248",
						"3.072856332e-16"
					],
					[
						"5957.004973",
						"3.261086376e-16"
					],
					[
						"5961.737697",
						"3.496346336e-16"
					],
					[
						"5966.470422",
						"3.406582019e-16"
					],
					[
						"5971.203146",
						"3.443626476e-16"
					],
					[
						"5975.935871",
						"3.571628507e-16"
					],
					[
						"5980.668595",
						"3.617656013e-16"
					],
					[
						"5985.40132",
						"3.521434658e-16"
					],
					[
						"5990.134045",
						"3.724753005e-16"
					],
					[
						"5994.866769",
						"3.859563328e-16"
					],
					[
						"5999.599494",
						"3.72161766e-16"
					],
					[
						"6004.332218",
						"3.756650943e-16"
					],
					[
						"6009.064943",
						"3.802691948e-16"
					],
					[
						"6013.797668",
						"3.881952791e-16"
					],
					[
						"6018.530392",
						"4.081866066e-16"
					],
					[
						"6023.263117",
						"3.960023553e-16"
					],
					[
						"6027.995841",
						"3.927726452e-16"
					],
					[
						"6032.728566",
						"4.080913684e-16"
					],
					[
						"6037.46129",
						"3.999259178e-16"
					],
					[
						"6042.194015",
						"3.97975201e-16"
					],
					[
						"6046.92674",
						"4.182718574e-16"
					],
					[
						"6051.659464",
						"4.213596366e-16"
					],
					[
						"6056.392189",
						"4.131970977e-16"
					],
					[
						"6061.124913",
						"4.183636281e-16"
					],
					[
						"6065.857638",
						"4.150238831e-16"
					],
					[
						"6070.590362",
						"4.157811041e-16"
					],
					[
						"6075.323087",
						"4.150444766e-16"
					],
					[
						"6080.055812",
						"4.196001374e-16"
					],
					[
						"6084.788536",
						"4.189238875e-16"
					],
					[
						"6089.521261",
						"4.191032202e-16"
					],
					[
						"6094.253985",
						"4.05230144e-16"
					],
					[
						"6098.98671",
						"4.056900035e-16"
					],
					[
						"6103.719435",
						"4.231555847e-16"
					],
					[
						"6108.452159",
						"4.107124854e-16"
					],
					[
						"6113.184884",
						"4.019741229e-16"
					],
					[
						"6117.917608",
						"3.943279036e-16"
					],
					[
						"6122.650333",
						"4.004674631e-16"
					],
					[
						"6127.383057",
						"4.085258169e-16"
					],
					[
						"6132.115782",
						"3.956514719e-16"
					],
					[
						"6136.848507",
						"4.081186058e-16"
					],
					[
						"6141.581231",
						"4.022478998e-16"
					],
					[
						"6146.313956",
						"3.913611177e-16"
					],
					[
						"6151.04668",
						"3.855727328e-16"
					],
					[
						"6155.779405",
						"3.757294688e-16"
					],
					[
						"6160.512129",
						"3.705698205e-16"
					],
					[
						"6165.244854",
						"3.572517891e-16"
					],
					[
						"6169.977579",
						"3.609200241e-16"
					],
					[
						"6174.710303",
						"3.666168501e-16"
					],
					[
						"6179.443028",
						"3.726983084e-16"
					],
					[
						"6184.175752",
						"3.58695795e-16"
					],
					[
						"6188.908477",
						"3.479207948e-16"
					],
					[
						"6193.641202",
						"3.399657525e-16"
					],
					[
						"6198.373926",
						"3.00575597e-16"
					],
					[
						"6203.106651",
						"3.18707052e-16"
					],
					[
						"6207.839375",
						"3.444394364e-16"
					],
					[
						"6212.5721",
						"3.532312943e-16"
					],
					[
						"6217.304824",
						"3.434920301e-16"
					],
					[
						"6222.037549",
						"3.324951337e-16"
					],
					[
						"6226.770274",
						"3.336797357e-16"
					],
					[
						"6231.502998",
						"3.256640777e-16"
					],
					[
						"6236.235723",
						"3.127029383e-16"
					],
					[
						"6240.968447",
						"3.223920159e-16"
					],
					[
						"6245.701172",
						"3.20955898e-16"
					],
					[
						"6250.433896",
						"3.158765855e-16"
					],
					[
						"6255.166621",
						"3.13155148e-16"
					],
					[
						"6259.899346",
						"3.010170865e-16"
					],
					[
						"6264.63207",
						"3.006971727e-16"
					],
					[
						"6269.364795",
						"2.977506363e-16"
					],
					[
						"6274.097519",
						"2.893253584e-16"
					],
					[
						"6278.830244",
						"2.844593394e-16"
					],
					[
						"6283.562969",
						"2.645346363e-16"
					],
					[
						"6288.295693",
						"2.615373573e-16"
					],
					[
						"6293.028418",
						"2.419739932e-16"
					],
					[
						"6297.761142",
						"2.175343001e-16"
					],
					[
						"6302.493867",
						"2.130728584e-16"
					],
					[
						"6307.226591",
						"1.88835593e-16"
					],
					[
						"6311.959316",
						"2.012955535e-16"
					],
					[
						"6316.692041",
						"1.875364429e-16"
					],
					[
						"6321.424765",
						"1.798108804e-16"
					],
					[
						"6326.15749",
						"1.710474379e-16"
					],
					[
						"6330.890214",
						"1.607943687e-16"
					],
					[
						"6335.622939",
						"1.652440049e-16"
					],
					[
						"6340.355663",
						"1.550420489e-16"
					],
					[
						"6345.088388",
						"1.506333218e-16"
					],
					[
						"6349.821113",
						"1.641077234e-16"
					],
					[
						"6354.553837",
						"1.588814375e-16"
					],
					[
						"6359.286562",
						"1.689605604e-16"
					],
					[
						"6364.019286",
						"1.998079254e-16"
					],
					[
						"6368.752011",
						"1.930341897e-16"
					],
					[
						"6373.484736",
						"1.98410599e-16"
					],
					[
						"6378.21746",
						"2.171523941e-16"
					],
					[
						"6382.950185",
						"2.36932056e-16"
					],
					[
						"6387.682909",
						"2.362531062e-16"
					],
					[
						"6392.415634",
						"2.45380045e-16"
					],
					[
						"6397.148358",
						"2.361826436e-16"
					],
					[
						"6401.881083",
						"2.588598861e-16"
					],
					[
						"6406.613808",
						"2.763095854e-16"
					],
					[
						"6411.346532",
						"2.643476008e-16"
					],
					[
						"6416.079257",
						"2.550545906e-16"
					],
					[
						"6420.811981",
						"2.582041238e-16"
					],
					[
						"6425.544706",
						"2.719253429e-16"
					],
					[
						"6430.27743",
						"2.805221714e-16"
					],
					[
						"6435.010155",
						"2.721877907e-16"
					],
					[
						"6439.74288",
						"2.659556664e-16"
					],
					[
						"6444.475604",
						"2.694424775e-16"
					],
					[
						"6449.208329",
						"2.715794358e-16"
					],
					[
						"6453.941053",
						"2.670214721e-16"
					],
					[
						"6458.673778",
						"2.909928221e-16"
					],
					[
						"6463.406503",
						"2.764840742e-16"
					],
					[
						"6468.139227",
						"2.753523323e-16"
					],
					[
						"6472.871952",
						"2.762287996e-16"
					],
					[
						"6477.604676",
						"2.872546804e-16"
					],
					[
						"6482.337401",
						"2.817166732e-16"
					],
					[
						"6487.070125",
						"2.652424382e-16"
					],
					[
						"6491.80285",
						"2.734828776e-16"
					],
					[
						"6496.535575",
						"2.88546538e-16"
					],
					[
						"6501.268299",
						"2.777934812e-16"
					],
					[
						"6506.001024",
						"2.724028577e-16"
					],
					[
						"6510.733748",
						"2.829894725e-16"
					],
					[
						"6515.466473",
						"2.786904627e-16"
					],
					[
						"6520.199197",
						"2.836538375e-16"
					],
					[
						"6524.931922",
						"2.932796787e-16"
					],
					[
						"6529.664647",
						"2.858474676e-16"
					],
					[
						"6534.397371",
						"2.878572385e-16"
					],
					[
						"6539.130096",
						"2.700370682e-16"
					],
					[
						"6543.86282",
						"2.797754325e-16"
					],
					[
						"6548.595545",
						"2.681538228e-16"
					],
					[
						"6553.32827",
						"2.772657003e-16"
					],
					[
						"6558.060994",
						"2.92415361e-16"
					],
					[
						"6562.793719",
						"2.742676007e-16"
					],
					[
						"6567.526443",
						"2.642021229e-16"
					],
					[
						"6572.259168",
						"2.678220506e-16"
					],
					[
						"6576.991892",
						"2.617927906e-16"
					],
					[
						"6581.724617",
						"2.582403874e-16"
					],
					[
						"6586.457342",
						"2.583059266e-16"
					],
					[
						"6591.190066",
						"2.688102998e-16"
					],
					[
						"6595.922791",
						"2.729088805e-16"
					],
					[
						"6600.655515",
						"2.60634579e-16"
					],
					[
						"6605.38824",
						"2.573330563e-16"
					],
					[
						"6610.120964",
						"2.636588572e-16"
					],
					[
						"6614.853689",
						"2.568047195e-16"
					],
					[
						"6619.586414",
						"2.592146606e-16"
					],
					[
						"6624.319138",
						"2.572914723e-16"
					],
					[
						"6629.051863",
						"2.472600081e-16"
					],
					[
						"6633.784587",
						"2.378991823e-16"
					],
					[
						"6638.517312",
						"2.353333343e-16"
					],
					[
						"6643.250037",
						"2.463850496e-16"
					],
					[
						"6647.982761",
						"2.46442886e-16"
					],
					[
						"6652.715486",
						"2.462017728e-16"
					],
					[
						"6657.44821",
						"2.46319431e-16"
					],
					[
						"6662.180935",
						"2.324319023e-16"
					],
					[
						"6666.913659",
						"2.410951171e-16"
					],
					[
						"6671.646384",
						"2.424499992e-16"
					],
					[
						"6676.379109",
						"2.501801542e-16"
					],
					[
						"6681.111833",
						"2.599578261e-16"
					],
					[
						"6685.844558",
						"2.573467412e-16"
					],
					[
						"6690.577282",
						"2.393251888e-16"
					],
					[
						"6695.310007",
						"2.537289576e-16"
					],
					[
						"6700.042731",
						"2.479398315e-16"
					],
					[
						"6704.775456",
						"2.285424858e-16"
					],
					[
						"6709.508181",
						"2.286944224e-16"
					],
					[
						"6714.240905",
						"2.452235821e-16"
					],
					[
						"6718.97363",
						"2.538097169e-16"
					],
					[
						"6723.706354",
						"2.440376036e-16"
					],
					[
						"6728.439079",
						"2.441732348e-16"
					],
					[
						"6733.171804",
						"2.512136403e-16"
					],
					[
						"6737.904528",
						"2.339745081e-16"
					],
					[
						"6742.637253",
						"2.401767216e-16"
					],
					[
						"6747.369977",
						"2.442763346e-16"
					],
					[
						"6752.102702",
						"2.488442245e-16"
					],
					[
						"6756.835426",
						"2.49285211e-16"
					],
					[
						"6761.568151",
						"2.368956601e-16"
					],
					[
						"6766.300876",
						"2.362767172e-16"
					],
					[
						"6771.0336",
						"2.421215622e-16"
					],
					[
						"6775.766325",
						"2.356806972e-16"
					],
					[
						"6780.499049",
						"2.255539418e-16"
					],
					[
						"6785.231774",
						"2.265892014e-16"
					],
					[
						"6789.964498",
						"2.486517362e-16"
					],
					[
						"6794.697223",
						"2.77985943e-16"
					],
					[
						"6799.429948",
						"2.821644095e-16"
					],
					[
						"6804.162672",
						"2.607870184e-16"
					],
					[
						"6808.895397",
						"2.385066373e-16"
					],
					[
						"6813.628121",
						"2.307680649e-16"
					],
					[
						"6818.360846",
						"2.360425126e-16"
					],
					[
						"6823.093571",
						"2.318700812e-16"
					],
					[
						"6827.826295",
						"2.279974201e-16"
					],
					[
						"6832.55902",
						"2.226247166e-16"
					],
					[
						"6837.291744",
						"2.226781326e-16"
					],
					[
						"6842.024469",
						"2.198501278e-16"
					],
					[
						"6846.757193",
						"2.314241978e-16"
					],
					[
						"6851.489918",
						"2.218074357e-16"
					],
					[
						"6856.222643",
						"1.963749274e-16"
					],
					[
						"6860.955367",
						"1.878678446e-16"
					],
					[
						"6865.688092",
						"1.711226914e-16"
					],
					[
						"6870.420816",
						"1.610260984e-16"
					],
					[
						"6875.153541",
						"1.730170939e-16"
					],
					[
						"6879.886265",
						"1.714885303e-16"
					],
					[
						"6884.61899",
						"1.872268789e-16"
					],
					[
						"6889.351715",
						"1.757864813e-16"
					],
					[
						"6894.084439",
						"1.878947644e-16"
					],
					[
						"6898.817164",
						"1.747689036e-16"
					],
					[
						"6903.549888",
						"1.709447219e-16"
					],
					[
						"6908.282613",
						"1.775922364e-16"
					],
					[
						"6913.015338",
						"1.789941024e-16"
					],
					[
						"6917.748062",
						"1.938159614e-16"
					],
					[
						"6922.480787",
						"2.035469538e-16"
					],
					[
						"6927.213511",
						"1.940800636e-16"
					],
					[
						"6931.946236",
						"1.89066555e-16"
					],
					[
						"6936.67896",
						"1.828763324e-16"
					],
					[
						"6941.411685",
						"1.718812756e-16"
					],
					[
						"6946.14441",
						"1.870891169e-16"
					],
					[
						"6950.877134",
						"2.036669943e-16"
					],
					[
						"6955.609859",
						"2.046267753e-16"
					],
					[
						"6960.342583",
						"2.101627047e-16"
					],
					[
						"6965.075308",
						"1.977292272e-16"
					],
					[
						"6969.808032",
						"1.757516338e-16"
					],
					[
						"6974.540757",
						"1.947747498e-16"
					],
					[
						"6979.273482",
						"1.853376513e-16"
					],
					[
						"6984.006206",
						"1.626574045e-16"
					],
					[
						"6988.738931",
						"1.589289639e-16"
					],
					[
						"6993.471655",
						"1.684183402e-16"
					],
					[
						"6998.20438",
						"1.88616357e-16"
					],
					[
						"7002.937105",
						"1.901998057e-16"
					],
					[
						"7007.669829",
						"1.765463493e-16"
					],
					[
						"7012.402554",
						"1.674792983e-16"
					],
					[
						"7017.135278",
						"1.762327486e-16"
					],
					[
						"7021.868003",
						"1.782906548e-16"
					],
					[
						"7026.600727",
						"1.767621839e-16"
					],
					[
						"7031.333452",
						"1.835757301e-16"
					],
					[
						"7036.066177",
						"1.804626723e-16"
					],
					[
						"7040.798901",
						"1.746258609e-16"
					],
					[
						"7045.531626",
						"1.852506054e-16"
					],
					[
						"7050.26435",
						"1.780171955e-16"
					],
					[
						"7054.997075",
						"1.683413132e-16"
					],
					[
						"7059.729799",
						"1.73776181e-16"
					],
					[
						"7064.462524",
						"1.69953336e-16"
					],
					[
						"7069.195249",
						"1.773126759e-16"
					],
					[
						"7073.927973",
						"1.891420601e-16"
					],
					[
						"7078.660698",
						"1.765971051e-16"
					],
					[
						"7083.393422",
						"1.684496672e-16"
					],
					[
						"7088.126147",
						"1.68341922e-16"
					],
					[
						"7092.858872",
						"1.797333504e-16"
					],
					[
						"7097.591596",
						"1.876611818e-16"
					],
					[
						"7102.324321",
						"1.748211682e-16"
					],
					[
						"7107.057045",
						"1.724489465e-16"
					],
					[
						"7111.78977",
						"1.691353933e-16"
					],
					[
						"7116.522494",
						"1.735872926e-16"
					],
					[
						"7121.255219",
						"1.761783532e-16"
					],
					[
						"7125.987944",
						"1.619422042e-16"
					],
					[
						"7130.720668",
						"1.645225578e-16"
					],
					[
						"7135.453393",
						"1.785209551e-16"
					],
					[
						"7140.186117",
						"1.785693287e-16"
					],
					[
						"7144.918842",
						"1.657616214e-16"
					],
					[
						"7149.651566",
						"1.693137996e-16"
					],
					[
						"7154.384291",
						"1.619646771e-16"
					],
					[
						"7159.117016",
						"1.904046421e-16"
					],
					[
						"7163.84974",
						"1.723906203e-16"
					],
					[
						"7168.582465",
						"1.504785662e-16"
					],
					[
						"7173.315189",
						"1.441918215e-16"
					],
					[
						"7178.047914",
						"1.437971836e-16"
					],
					[
						"7182.780639",
						"1.335565552e-16"
					],
					[
						"7187.513363",
						"1.220737531e-16"
					],
					[
						"7192.246088",
						"1.367585912e-16"
					],
					[
						"7196.978812",
						"1.523520443e-16"
					],
					[
						"7201.711537",
						"1.387520965e-16"
					],
					[
						"7206.444261",
						"1.44200411e-16"
					],
					[
						"7211.176986",
						"1.531277941e-16"
					],
					[
						"7215.909711",
						"1.413934232e-16"
					],
					[
						"7220.642435",
						"1.453122343e-16"
					],
					[
						"7225.37516",
						"1.484496708e-16"
					],
					[
						"7230.107884",
						"1.35188073e-16"
					],
					[
						"7234.840609",
						"1.335716165e-16"
					],
					[
						"7239.573333",
						"1.315539179e-16"
					],
					[
						"7244.306058",
						"1.288460727e-16"
					],
					[
						"7249.038783",
						"1.306202493e-16"
					],
					[
						"7253.771507",
						"1.285985405e-16"
					],
					[
						"7258.504232",
						"1.323396733e-16"
					],
					[
						"7263.236956",
						"1.336909291e-16"
					],
					[
						"7267.969681",
						"1.234630724e-16"
					],
					[
						"7272.702406",
						"1.321390191e-16"
					],
					[
						"7277.43513",
						"1.190375105e-16"
					],
					[
						"7282.167855",
						"1.320431853e-16"
					],
					[
						"7286.900579",
						"1.31597143e-16"
					],
					[
						"7291.633304",
						"1.346757372e-16"
					],
					[
						"7296.366028",
						"1.310997362e-16"
					],
					[
						"7301.098753",
						"1.280868003e-16"
					],
					[
						"7305.831478",
						"1.359330782e-16"
					],
					[
						"7310.564202",
						"1.34043083e-16"
					],
					[
						"7315.296927",
						"1.303009841e-16"
					],
					[
						"7320.029651",
						"1.346071143e-16"
					],
					[
						"7324.762376",
						"1.305348578e-16"
					],
					[
						"7329.4951",
						"1.398279872e-16"
					],
					[
						"7334.227825",
						"1.5224193e-16"
					],
					[
						"7338.96055",
						"1.433698687e-16"
					],
					[
						"7343.693274",
						"1.203201699e-16"
					],
					[
						"7348.425999",
						"1.258586404e-16"
					],
					[
						"7353.158723",
						"1.411640361e-16"
					],
					[
						"7357.891448",
						"1.300184589e-16"
					],
					[
						"7362.624173",
						"1.206633241e-16"
					],
					[
						"7367.356897",
						"1.381124675e-16"
					],
					[
						"7372.089622",
						"1.34350278e-16"
					],
					[
						"7376.822346",
						"1.234364967e-16"
					],
					[
						"7381.555071",
						"1.430390494e-16"
					],
					[
						"7386.287795",
						"1.504252428e-16"
					],
					[
						"7391.02052",
						"1.405234939e-16"
					],
					[
						"7395.753245",
						"1.27239132e-16"
					],
					[
						"7400.485969",
						"1.131044683e-16"
					],
					[
						"7405.218694",
						"1.208859482e-16"
					],
					[
						"7409.951418",
						"1.229682861e-16"
					],
					[
						"7414.684143",
						"1.29512992e-16"
					],
					[
						"7419.416867",
						"1.31912901e-16"
					],
					[
						"7424.149592",
						"1.306634745e-16"
					],
					[
						"7428.882317",
						"1.176505206e-16"
					],
					[
						"7433.615041",
						"1.168459981e-16"
					],
					[
						"7438.347766",
						"1.480390055e-16"
					],
					[
						"7443.08049",
						"1.577710699e-16"
					],
					[
						"7447.813215",
						"1.338616724e-16"
					],
					[
						"7452.545939",
						"1.193352029e-16"
					],
					[
						"7457.278664",
						"1.047198215e-16"
					],
					[
						"7462.011389",
						"1.164370929e-16"
					],
					[
						"7466.744113",
						"1.127787709e-16"
					],
					[
						"7471.476838",
						"1.208536948e-16"
					],
					[
						"7476.209562",
						"1.276368537e-16"
					],
					[
						"7480.942287",
						"1.268052791e-16"
					],
					[
						"7485.675012",
						"1.103350742e-16"
					],
					[
						"7490.407736",
						"1.083679394e-16"
					],
					[
						"7495.140461",
						"1.10939677e-16"
					],
					[
						"7499.873185",
						"1.14830192e-16"
					],
					[
						"7504.60591",
						"1.271849219e-16"
					],
					[
						"7509.338634",
						"1.131648194e-16"
					],
					[
						"7514.071359",
						"1.027390415e-16"
					],
					[
						"7518.804084",
						"1.299364555e-16"
					],
					[
						"7523.536808",
						"1.289189969e-16"
					],
					[
						"7528.269533",
						"1.324249722e-16"
					],
					[
						"7533.002257",
						"1.271149491e-16"
					],
					[
						"7537.734982",
						"1.104743449e-16"
					],
					[
						"7542.467706",
						"1.110043758e-16"
					],
					[
						"7547.200431",
						"1.182411143e-16"
					],
					[
						"7551.933156",
						"1.09026673e-16"
					],
					[
						"7556.66588",
						"1.099133378e-16"
					],
					[
						"7561.398605",
						"1.277000371e-16"
					],
					[
						"7566.131329",
						"1.261369834e-16"
					],
					[
						"7570.864054",
						"1.129252282e-16"
					],
					[
						"7575.596779",
						"1.116356337e-16"
					],
					[
						"7580.329503",
						"1.139513292e-16"
					],
					[
						"7585.062228",
						"1.192349089e-16"
					],
					[
						"7589.794952",
						"9.787474308e-17"
					],
					[
						"7594.527677",
						"7.120403138e-17"
					],
					[
						"7599.260401",
						"3.413881921e-17"
					],
					[
						"7603.993126",
						"2.786016764e-17"
					],
					[
						"7608.725851",
						"5.803838653e-17"
					],
					[
						"7613.458575",
						"7.712372628e-17"
					],
					[
						"7618.1913",
						"7.50613334e-17"
					],
					[
						"7622.924024",
						"7.292090099e-17"
					],
					[
						"7627.656749",
						"7.693886795e-17"
					],
					[
						"7632.389473",
						"7.541406306e-17"
					],
					[
						"7637.122198",
						"7.031940473e-17"
					],
					[
						"7641.854923",
						"8.704875543e-17"
					],
					[
						"7646.587647",
						"8.773559327e-17"
					],
					[
						"7651.320372",
						"9.007380787e-17"
					],
					[
						"7656.053096",
						"1.062481865e-16"
					],
					[
						"7660.785821",
						"1.193578743e-16"
					],
					[
						"7665.518546",
						"1.153037231e-16"
					],
					[
						"7670.25127",
						"1.038958106e-16"
					],
					[
						"7674.983995",
						"9.273220092e-17"
					],
					[
						"7679.716719",
						"1.004959858e-16"
					],
					[
						"7684.449444",
						"1.092790094e-16"
					],
					[
						"7689.182168",
						"1.042852605e-16"
					],
					[
						"7693.914893",
						"1.095238681e-16"
					],
					[
						"7698.647618",
						"1.161413328e-16"
					],
					[
						"7703.380342",
						"1.218288679e-16"
					],
					[
						"7708.113067",
						"1.052560992e-16"
					],
					[
						"7712.845791",
						"1.064054567e-16"
					],
					[
						"7717.578516",
						"9.978927577e-17"
					],
					[
						"7722.31124",
						"1.096514061e-16"
					],
					[
						"7727.043965",
						"1.15188037e-16"
					],
					[
						"7731.77669",
						"1.054215419e-16"
					],
					[
						"7736.509414",
						"1.034873356e-16"
					],
					[
						"7741.242139",
						"1.135843389e-16"
					],
					[
						"7745.974863",
						"1.07043524e-16"
					],
					[
						"7750.707588",
						"1.105946302e-16"
					],
					[
						"7755.440313",
						"1.304051294e-16"
					],
					[
						"7760.173037",
						"1.058311419e-16"
					],
					[
						"7764.905762",
						"1.030772658e-16"
					],
					[
						"7769.638486",
						"1.154250341e-16"
					],
					[
						"7774.371211",
						"1.138470779e-16"
					],
					[
						"7779.103935",
						"1.079197267e-16"
					],
					[
						"7783.83666",
						"1.143881202e-16"
					],
					[
						"7788.569385",
						"1.258676931e-16"
					],
					[
						"7793.302109",
						"1.221098049e-16"
					],
					[
						"7798.034834",
						"1.104168989e-16"
					],
					[
						"7802.767558",
						"1.110297537e-16"
					],
					[
						"7807.500283",
						"1.164286623e-16"
					],
					[
						"7812.233007",
						"1.125038425e-16"
					],
					[
						"7816.965732",
						"9.939381065e-17"
					],
					[
						"7821.698457",
						"9.739145123e-17"
					],
					[
						"7826.431181",
						"1.182626739e-16"
					],
					[
						"7831.163906",
						"1.045454584e-16"
					],
					[
						"7835.89663",
						"8.790515868e-17"
					],
					[
						"7840.629355",
						"1.049930425e-16"
					],
					[
						"7845.36208",
						"1.109113544e-16"
					],
					[
						"7850.094804",
						"9.775574157e-17"
					],
					[
						"7854.827529",
						"9.204149187e-17"
					],
					[
						"7859.560253",
						"1.028552703e-16"
					],
					[
						"7864.292978",
						"1.111036176e-16"
					],
					[
						"7869.025702",
						"9.933573595e-17"
					],
					[
						"7873.758427",
						"8.916932226e-17"
					],
					[
						"7878.491152",
						"9.521280308e-17"
					],
					[
						"7883.223876",
						"9.212912669e-17"
					],
					[
						"7887.956601",
						"8.06089823e-17"
					],
					[
						"7892.689325",
						"7.535388402e-17"
					],
					[
						"7897.42205",
						"8.953003918e-17"
					],
					[
						"7902.154774",
						"1.035300777e-16"
					],
					[
						"7906.887499",
						"9.272028952e-17"
					],
					[
						"7911.620224",
						"9.464729609e-17"
					],
					[
						"7916.352948",
						"8.895033778e-17"
					],
					[
						"7921.085673",
						"8.844191287e-17"
					],
					[
						"7925.818397",
						"8.830614937e-17"
					],
					[
						"7930.551122",
						"8.029877634e-17"
					],
					[
						"7935.283847",
						"9.45942308e-17"
					],
					[
						"7940.016571",
						"9.256105394e-17"
					],
					[
						"7944.749296",
						"6.79752212e-17"
					],
					[
						"7949.48202",
						"7.645239311e-17"
					],
					[
						"7954.214745",
						"8.585590804e-17"
					],
					[
						"7958.947469",
						"9.635686004e-17"
					],
					[
						"7963.680194",
						"1.012868168e-16"
					],
					[
						"7968.412919",
						"8.841588646e-17"
					],
					[
						"7973.145643",
						"8.705025759e-17"
					],
					[
						"7977.878368",
						"9.320046455e-17"
					],
					[
						"7982.611092",
						"1.007031515e-16"
					],
					[
						"7987.343817",
						"1.066781881e-16"
					],
					[
						"7992.076541",
						"9.843629284e-17"
					],
					[
						"7996.809266",
						"9.16493487e-17"
					],
					[
						"8001.541991",
						"9.506090625e-17"
					],
					[
						"8006.274715",
						"7.957246544e-17"
					],
					[
						"8011.00744",
						"6.888089132e-17"
					],
					[
						"8015.740164",
						"1.020342638e-16"
					],
					[
						"8020.472889",
						"1.05435154e-16"
					],
					[
						"8025.205614",
						"9.671089996e-17"
					],
					[
						"8029.938338",
						"9.003499655e-17"
					],
					[
						"8034.671063",
						"9.628163954e-17"
					],
					[
						"8039.403787",
						"1.122449548e-16"
					],
					[
						"8044.136512",
						"1.003676537e-16"
					],
					[
						"8048.869236",
						"9.581373325e-17"
					],
					[
						"8053.601961",
						"1.118161179e-16"
					],
					[
						"8058.334686",
						"9.583930967e-17"
					],
					[
						"8063.06741",
						"9.289062255e-17"
					],
					[
						"8067.800135",
						"1.228535263e-16"
					],
					[
						"8072.532859",
						"1.075432337e-16"
					],
					[
						"8077.265584",
						"9.786177289e-17"
					],
					[
						"8081.998308",
						"1.091672408e-16"
					],
					[
						"8086.731033",
						"1.134371537e-16"
					],
					[
						"8091.463758",
						"9.920532596e-17"
					],
					[
						"8096.196482",
						"1.00243345e-16"
					],
					[
						"8100.929207",
						"1.103873388e-16"
					],
					[
						"8105.661931",
						"1.230321841e-16"
					],
					[
						"8110.394656",
						"1.326600106e-16"
					],
					[
						"8115.127381",
						"1.319679714e-16"
					],
					[
						"8119.860105",
						"1.303172101e-16"
					],
					[
						"8124.59283",
						"1.124814358e-16"
					],
					[
						"8129.325554",
						"1.062964012e-16"
					],
					[
						"8134.058279",
						"1.159048121e-16"
					],
					[
						"8138.791003",
						"9.957737857e-17"
					],
					[
						"8143.523728",
						"9.983978673e-17"
					],
					[
						"8148.256453",
						"1.154362176e-16"
					],
					[
						"8152.989177",
						"1.224234983e-16"
					],
					[
						"8157.721902",
						"1.212638043e-16"
					],
					[
						"8162.454626",
						"1.214916165e-16"
					],
					[
						"8167.187351",
						"1.208439936e-16"
					],
					[
						"8171.920075",
						"1.202004735e-16"
					],
					[
						"8176.6528",
						"1.502601111e-16"
					],
					[
						"8181.385525",
						"1.552721639e-16"
					],
					[
						"8186.118249",
						"1.533931934e-16"
					],
					[
						"8190.850974",
						"1.59761915e-16"
					],
					[
						"8195.583698",
						"1.796095778e-16"
					]
				],
				"source":"9"
			}
		]
	}
}