{
	"ASASSN-15gr":{
		"schema":"https://github.com/astrocatalogs/supernovae/blob/a0bc0b9/SCHEMA.md",
		"name":"ASASSN-15gr",
		"sources":[
			{
				"name":"2016A&A...594A..13P",
				"bibcode":"2016A&A...594A..13P",
				"reference":"Planck Collaboration et al. (2016)",
				"alias":"1"
			},
			{
				"name":"2015ATel.7360....1K",
				"bibcode":"2015ATel.7360....1K",
				"reference":"Kiyota et al. (2015)",
				"alias":"2"
			},
			{
				"name":"2015ATel.7363....1C",
				"bibcode":"2015ATel.7363....1C",
				"reference":"Cartier et al. (2015)",
				"alias":"3"
			},
			{
				"name":"2011ApJ...737..103S",
				"bibcode":"2011ApJ...737..103S",
				"reference":"Schlafly & Finkbeiner (2011)",
				"alias":"4"
			},
			{
				"name":"ASAS-SN Supernovae",
				"url":"http://www.astronomy.ohio-state.edu/~assassin/sn_list.html",
				"alias":"5"
			},
			{
				"name":"Latest Supernovae",
				"secondary":true,
				"url":"http://www.rochesterastronomy.org/snimages/snredshiftall.html",
				"alias":"6"
			},
			{
				"name":"The Open Supernova Catalog",
				"bibcode":"2017ApJ...835...64G",
				"reference":"Guillochon et al. (2017)",
				"secondary":true,
				"url":"https://sne.space",
				"alias":"7"
			},
			{
				"name":"WISeREP",
				"bibcode":"2012PASP..124..668Y",
				"reference":"Yaron & Gal-Yam (2012)",
				"secondary":true,
				"url":"http://wiserep.weizmann.ac.il/",
				"alias":"8"
			},
			{
				"name":"SIMBAD astronomical database",
				"bibcode":"2000A&AS..143....9W",
				"reference":"Wenger et al. (2000)",
				"secondary":true,
				"url":"http://simbad.u-strasbg.fr/",
				"alias":"9"
			}
		],
		"alias":[
			{
				"value":"ASASSN-15gr",
				"source":"2,5,6,8,9"
			}
		],
		"claimedtype":[
			{
				"value":"Ia",
				"source":"2,3,5,6,8,9"
			}
		],
		"comovingdist":[
			{
				"value":"110",
				"derived":true,
				"u_value":"Mpc",
				"source":"1,2,5,6,7,8"
			}
		],
		"dec":[
			{
				"value":"-34:53:38.11",
				"u_value":"degrees",
				"source":"2,9"
			},
			{
				"value":"-34:53:38.1",
				"u_value":"degrees",
				"source":"2,6"
			},
			{
				"value":"-34:53:38.04",
				"u_value":"degrees",
				"source":"2,5"
			}
		],
		"discoverdate":[
			{
				"value":"2015/04/09",
				"source":"2,6"
			}
		],
		"discoverer":[
			{
				"value":"ASAS-SN",
				"source":"2,6"
			}
		],
		"ebv":[
			{
				"value":"0.0823",
				"derived":true,
				"e_value":"0.0024",
				"source":"4,7"
			}
		],
		"host":[
			{
				"value":"ESO 266-G15",
				"source":"2,6"
			},
			{
				"value":"ESO 366-G015",
				"source":"2,5"
			}
		],
		"hostoffsetang":[
			{
				"value":"18.93",
				"u_value":"arcseconds",
				"source":"2,5"
			}
		],
		"lumdist":[
			{
				"value":"108",
				"derived":true,
				"u_value":"Mpc",
				"source":"1,2,5,6,7,8"
			}
		],
		"maxabsmag":[
			{
				"value":"-19.2",
				"derived":true,
				"source":"1,2,5,6,7,8"
			}
		],
		"maxappmag":[
			{
				"value":"15.9",
				"derived":true,
				"source":"2,6,7"
			}
		],
		"maxdate":[
			{
				"value":"2015/04/21",
				"derived":true,
				"source":"2,6,7"
			}
		],
		"maxvisualabsmag":[
			{
				"value":"-19.3",
				"derived":true,
				"source":"1,2,5,6,7,8"
			}
		],
		"maxvisualappmag":[
			{
				"value":"15.9",
				"derived":true,
				"source":"2,6,7"
			}
		],
		"maxvisualdate":[
			{
				"value":"2015/04/21",
				"derived":true,
				"source":"2,6,7"
			}
		],
		"ra":[
			{
				"value":"06:45:20.580",
				"u_value":"hours",
				"source":"2,9"
			},
			{
				"value":"06:45:20.58",
				"u_value":"hours",
				"source":"2,6"
			},
			{
				"value":"06:45:20.64",
				"u_value":"hours",
				"source":"2,5"
			}
		],
		"redshift":[
			{
				"value":"0.024",
				"source":"2,5,6,8"
			}
		],
		"velocity":[
			{
				"value":"7100",
				"u_value":"km/s",
				"source":"7"
			}
		],
		"photometry":[
			{
				"time":"57133.5",
				"magnitude":"15.9",
				"u_time":"MJD",
				"source":"2,6"
			}
		],
		"spectra":[
			{
				"time":"57121.0",
				"filename":"tASASSN-15gr_20150409_Gr13_Free_slit1.0_1_f.asci",
				"instrument":"ESO-NTT - EFOSC2-NTT",
				"observer":"Frohmaier",
				"redshift":"0.024",
				"reducer":"Frohmaier",
				"reduction":"rapid",
				"survey":"PESSTO",
				"u_fluxes":"erg/s/cm^2/Angstrom",
				"u_time":"MJD",
				"u_wavelengths":"Angstrom",
				"data":[
					[
						"3644.047852",
						"7.87457e-16"
					],
					[
						"3649.56578",
						"8.00897e-16"
					],
					[
						"3655.083709",
						"7.2931e-16"
					],
					[
						"3660.601637",
						"7.38387e-16"
					],
					[
						"3666.119566",
						"7.72445e-16"
					],
					[
						"3671.637495",
						"6.91756e-16"
					],
					[
						"3677.155423",
						"6.60101e-16"
					],
					[
						"3682.673352",
						"6.12821e-16"
					],
					[
						"3688.19128",
						"6.02287e-16"
					],
					[
						"3693.709209",
						"5.7444e-16"
					],
					[
						"3699.227138",
						"5.17886e-16"
					],
					[
						"3704.745066",
						"5.10446e-16"
					],
					[
						"3710.262995",
						"4.66534e-16"
					],
					[
						"3715.780923",
						"4.20786e-16"
					],
					[
						"3721.298852",
						"3.89369e-16"
					],
					[
						"3726.816781",
						"3.65682e-16"
					],
					[
						"3732.334709",
						"3.70806e-16"
					],
					[
						"3737.852638",
						"3.06429e-16"
					],
					[
						"3743.370566",
						"3.31004e-16"
					],
					[
						"3748.888495",
						"3.44942e-16"
					],
					[
						"3754.406424",
						"3.17353e-16"
					],
					[
						"3759.924352",
						"3.22188e-16"
					],
					[
						"3765.442281",
						"2.92109e-16"
					],
					[
						"3770.960209",
						"3.35109e-16"
					],
					[
						"3776.478138",
						"2.46761e-16"
					],
					[
						"3781.996067",
						"2.9693e-16"
					],
					[
						"3787.513995",
						"2.7512e-16"
					],
					[
						"3793.031924",
						"2.79139e-16"
					],
					[
						"3798.549852",
						"2.59124e-16"
					],
					[
						"3804.067781",
						"3.35992e-16"
					],
					[
						"3809.58571",
						"3.52268e-16"
					],
					[
						"3815.103638",
						"4.00619e-16"
					],
					[
						"3820.621567",
						"3.99958e-16"
					],
					[
						"3826.139495",
						"4.33453e-16"
					],
					[
						"3831.657424",
						"4.58932e-16"
					],
					[
						"3837.175353",
						"5.08258e-16"
					],
					[
						"3842.693281",
						"4.58064e-16"
					],
					[
						"3848.21121",
						"4.48041e-16"
					],
					[
						"3853.729138",
						"4.35386e-16"
					],
					[
						"3859.247067",
						"4.20498e-16"
					],
					[
						"3864.764996",
						"4.41048e-16"
					],
					[
						"3870.282924",
						"4.58551e-16"
					],
					[
						"3875.800853",
						"4.51581e-16"
					],
					[
						"3881.318781",
						"4.56207e-16"
					],
					[
						"3886.83671",
						"4.40429e-16"
					],
					[
						"3892.354639",
						"4.36458e-16"
					],
					[
						"3897.872567",
						"4.74309e-16"
					],
					[
						"3903.390496",
						"4.75404e-16"
					],
					[
						"3908.908424",
						"5.26352e-16"
					],
					[
						"3914.426353",
						"5.46781e-16"
					],
					[
						"3919.944282",
						"5.87292e-16"
					],
					[
						"3925.46221",
						"6.4873e-16"
					],
					[
						"3930.980139",
						"6.44813e-16"
					],
					[
						"3936.498067",
						"7.16685e-16"
					],
					[
						"3942.015996",
						"7.26444e-16"
					],
					[
						"3947.533925",
						"7.7658e-16"
					],
					[
						"3953.051853",
						"8.09488e-16"
					],
					[
						"3958.569782",
						"8.23724e-16"
					],
					[
						"3964.08771",
						"8.41682e-16"
					],
					[
						"3969.605639",
						"8.40092e-16"
					],
					[
						"3975.123568",
						"8.25024e-16"
					],
					[
						"3980.641496",
						"8.85237e-16"
					],
					[
						"3986.159425",
						"8.87718e-16"
					],
					[
						"3991.677353",
						"9.39456e-16"
					],
					[
						"3997.195282",
						"9.26047e-16"
					],
					[
						"4002.713211",
						"9.6662e-16"
					],
					[
						"4008.231139",
						"9.60991e-16"
					],
					[
						"4013.749068",
						"9.79021e-16"
					],
					[
						"4019.266996",
						"1.041e-15"
					],
					[
						"4024.784925",
						"1.04835e-15"
					],
					[
						"4030.302854",
						"1.01873e-15"
					],
					[
						"4035.820782",
						"1.0517e-15"
					],
					[
						"4041.338711",
						"1.04268e-15"
					],
					[
						"4046.856639",
						"9.86111e-16"
					],
					[
						"4052.374568",
						"9.80177e-16"
					],
					[
						"4057.892497",
						"9.36714e-16"
					],
					[
						"4063.410425",
						"9.06106e-16"
					],
					[
						"4068.928354",
						"8.75589e-16"
					],
					[
						"4074.446282",
						"8.75245e-16"
					],
					[
						"4079.964211",
						"8.68254e-16"
					],
					[
						"4085.48214",
						"8.22739e-16"
					],
					[
						"4091.000068",
						"7.74334e-16"
					],
					[
						"4096.517997",
						"8.31276e-16"
					],
					[
						"4102.035925",
						"8.28459e-16"
					],
					[
						"4107.553854",
						"8.13094e-16"
					],
					[
						"4113.071783",
						"8.55056e-16"
					],
					[
						"4118.589711",
						"8.60355e-16"
					],
					[
						"4124.10764",
						"9.26733e-16"
					],
					[
						"4129.625568",
						"9.49457e-16"
					],
					[
						"4135.143497",
						"9.18887e-16"
					],
					[
						"4140.661426",
						"9.58762e-16"
					],
					[
						"4146.179354",
						"9.54106e-16"
					],
					[
						"4151.697283",
						"9.65427e-16"
					],
					[
						"4157.215211",
						"9.74348e-16"
					],
					[
						"4162.73314",
						"9.96727e-16"
					],
					[
						"4168.251069",
						"9.99684e-16"
					],
					[
						"4173.768997",
						"9.75231e-16"
					],
					[
						"4179.286926",
						"1.00864e-15"
					],
					[
						"4184.804854",
						"9.67346e-16"
					],
					[
						"4190.322783",
						"9.93712e-16"
					],
					[
						"4195.840712",
						"9.75913e-16"
					],
					[
						"4201.35864",
						"9.62792e-16"
					],
					[
						"4206.876569",
						"9.50772e-16"
					],
					[
						"4212.394497",
						"9.35013e-16"
					],
					[
						"4217.912426",
						"9.17507e-16"
					],
					[
						"4223.430355",
						"9.17536e-16"
					],
					[
						"4228.948283",
						"8.75442e-16"
					],
					[
						"4234.466212",
						"8.47325e-16"
					],
					[
						"4239.98414",
						"8.70532e-16"
					],
					[
						"4245.502069",
						"8.54402e-16"
					],
					[
						"4251.019998",
						"8.2597e-16"
					],
					[
						"4256.537926",
						"8.05974e-16"
					],
					[
						"4262.055855",
						"8.05596e-16"
					],
					[
						"4267.573783",
						"8.02874e-16"
					],
					[
						"4273.091712",
						"7.79219e-16"
					],
					[
						"4278.609641",
						"7.61089e-16"
					],
					[
						"4284.127569",
						"7.3887e-16"
					],
					[
						"4289.645498",
						"7.38529e-16"
					],
					[
						"4295.163426",
						"7.02029e-16"
					],
					[
						"4300.681355",
						"6.5505e-16"
					],
					[
						"4306.199284",
						"7.15396e-16"
					],
					[
						"4311.717212",
						"6.82882e-16"
					],
					[
						"4317.235141",
						"6.57953e-16"
					],
					[
						"4322.753069",
						"6.55286e-16"
					],
					[
						"4328.270998",
						"6.37681e-16"
					],
					[
						"4333.788927",
						"5.96827e-16"
					],
					[
						"4339.306855",
						"5.76308e-16"
					],
					[
						"4344.824784",
						"5.81465e-16"
					],
					[
						"4350.342712",
						"6.06804e-16"
					],
					[
						"4355.860641",
						"6.08315e-16"
					],
					[
						"4361.37857",
						"5.51741e-16"
					],
					[
						"4366.896498",
						"5.33179e-16"
					],
					[
						"4372.414427",
						"5.34259e-16"
					],
					[
						"4377.932355",
						"5.46945e-16"
					],
					[
						"4383.450284",
						"5.55284e-16"
					],
					[
						"4388.968213",
						"5.11269e-16"
					],
					[
						"4394.486141",
						"4.92911e-16"
					],
					[
						"4400.00407",
						"4.59457e-16"
					],
					[
						"4405.521998",
						"4.93537e-16"
					],
					[
						"4411.039927",
						"5.20632e-16"
					],
					[
						"4416.557856",
						"5.21995e-16"
					],
					[
						"4422.075784",
						"5.18062e-16"
					],
					[
						"4427.593713",
						"5.40691e-16"
					],
					[
						"4433.111641",
						"5.46825e-16"
					],
					[
						"4438.62957",
						"5.31375e-16"
					],
					[
						"4444.147499",
						"5.66837e-16"
					],
					[
						"4449.665427",
						"5.82144e-16"
					],
					[
						"4455.183356",
						"5.68547e-16"
					],
					[
						"4460.701284",
						"6.35936e-16"
					],
					[
						"4466.219213",
						"5.97383e-16"
					],
					[
						"4471.737142",
						"6.11665e-16"
					],
					[
						"4477.25507",
						"6.24655e-16"
					],
					[
						"4482.772999",
						"6.42816e-16"
					],
					[
						"4488.290927",
						"6.19538e-16"
					],
					[
						"4493.808856",
						"5.90971e-16"
					],
					[
						"4499.326785",
						"5.83509e-16"
					],
					[
						"4504.844713",
						"5.5885e-16"
					],
					[
						"4510.362642",
						"5.32168e-16"
					],
					[
						"4515.88057",
						"5.11352e-16"
					],
					[
						"4521.398499",
						"5.27644e-16"
					],
					[
						"4526.916428",
						"5.17606e-16"
					],
					[
						"4532.434356",
						"5.37991e-16"
					],
					[
						"4537.952285",
						"5.42188e-16"
					],
					[
						"4543.470213",
						"5.2241e-16"
					],
					[
						"4548.988142",
						"5.53366e-16"
					],
					[
						"4554.506071",
						"5.61319e-16"
					],
					[
						"4560.023999",
						"5.81285e-16"
					],
					[
						"4565.541928",
						"6.43143e-16"
					],
					[
						"4571.059856",
						"6.05462e-16"
					],
					[
						"4576.577785",
						"6.42949e-16"
					],
					[
						"4582.095714",
						"6.26348e-16"
					],
					[
						"4587.613642",
						"6.39238e-16"
					],
					[
						"4593.131571",
						"6.90863e-16"
					],
					[
						"4598.649499",
						"6.8149e-16"
					],
					[
						"4604.167428",
						"6.56015e-16"
					],
					[
						"4609.685357",
						"6.97805e-16"
					],
					[
						"4615.203285",
						"6.99446e-16"
					],
					[
						"4620.721214",
						"6.87636e-16"
					],
					[
						"4626.239142",
						"6.84231e-16"
					],
					[
						"4631.757071",
						"6.63824e-16"
					],
					[
						"4637.275",
						"6.62903e-16"
					],
					[
						"4642.792928",
						"6.43775e-16"
					],
					[
						"4648.310857",
						"6.49855e-16"
					],
					[
						"4653.828785",
						"6.51179e-16"
					],
					[
						"4659.346714",
						"6.49151e-16"
					],
					[
						"4664.864643",
						"6.68834e-16"
					],
					[
						"4670.382571",
						"6.75799e-16"
					],
					[
						"4675.9005",
						"6.69706e-16"
					],
					[
						"4681.418428",
						"6.45704e-16"
					],
					[
						"4686.936357",
						"6.61866e-16"
					],
					[
						"4692.454286",
						"6.59858e-16"
					],
					[
						"4697.972214",
						"6.67107e-16"
					],
					[
						"4703.490143",
						"6.81964e-16"
					],
					[
						"4709.008071",
						"6.56432e-16"
					],
					[
						"4714.526",
						"6.50071e-16"
					],
					[
						"4720.043929",
						"6.38415e-16"
					],
					[
						"4725.561857",
						"6.38547e-16"
					],
					[
						"4731.079786",
						"6.04376e-16"
					],
					[
						"4736.597714",
						"6.11478e-16"
					],
					[
						"4742.115643",
						"5.77342e-16"
					],
					[
						"4747.633572",
						"5.82695e-16"
					],
					[
						"4753.1515",
						"5.57712e-16"
					],
					[
						"4758.669429",
						"5.27006e-16"
					],
					[
						"4764.187357",
						"5.18805e-16"
					],
					[
						"4769.705286",
						"5.27302e-16"
					],
					[
						"4775.223215",
						"5.50233e-16"
					],
					[
						"4780.741143",
						"5.17611e-16"
					],
					[
						"4786.259072",
						"4.9522e-16"
					],
					[
						"4791.777",
						"5.26923e-16"
					],
					[
						"4797.294929",
						"5.51407e-16"
					],
					[
						"4802.812858",
						"5.31214e-16"
					],
					[
						"4808.330786",
						"5.15563e-16"
					],
					[
						"4813.848715",
						"5.27925e-16"
					],
					[
						"4819.366643",
						"5.19625e-16"
					],
					[
						"4824.884572",
						"5.44238e-16"
					],
					[
						"4830.402501",
						"5.16915e-16"
					],
					[
						"4835.920429",
						"4.98632e-16"
					],
					[
						"4841.438358",
						"5.17947e-16"
					],
					[
						"4846.956286",
						"4.95981e-16"
					],
					[
						"4852.474215",
						"4.86104e-16"
					],
					[
						"4857.992144",
						"4.75309e-16"
					],
					[
						"4863.510072",
						"4.95107e-16"
					],
					[
						"4869.028001",
						"4.65804e-16"
					],
					[
						"4874.545929",
						"5.01517e-16"
					],
					[
						"4880.063858",
						"5.17259e-16"
					],
					[
						"4885.581787",
						"5.11805e-16"
					],
					[
						"4891.099715",
						"5.30625e-16"
					],
					[
						"4896.617644",
						"5.21266e-16"
					],
					[
						"4902.135572",
						"5.02514e-16"
					],
					[
						"4907.653501",
						"4.93842e-16"
					],
					[
						"4913.17143",
						"5.09862e-16"
					],
					[
						"4918.689358",
						"5.03058e-16"
					],
					[
						"4924.207287",
						"4.83236e-16"
					],
					[
						"4929.725215",
						"4.68084e-16"
					],
					[
						"4935.243144",
						"4.45573e-16"
					],
					[
						"4940.761073",
						"4.35113e-16"
					],
					[
						"4946.279001",
						"4.20908e-16"
					],
					[
						"4951.79693",
						"3.98057e-16"
					],
					[
						"4957.314858",
						"3.83747e-16"
					],
					[
						"4962.832787",
						"3.91162e-16"
					],
					[
						"4968.350716",
						"3.85529e-16"
					],
					[
						"4973.868644",
						"3.64815e-16"
					],
					[
						"4979.386573",
						"3.57012e-16"
					],
					[
						"4984.904501",
						"3.77127e-16"
					],
					[
						"4990.42243",
						"3.91467e-16"
					],
					[
						"4995.940359",
						"4.09773e-16"
					],
					[
						"5001.458287",
						"4.22128e-16"
					],
					[
						"5006.976216",
						"4.14357e-16"
					],
					[
						"5012.494144",
						"3.99081e-16"
					],
					[
						"5018.012073",
						"4.201e-16"
					],
					[
						"5023.530002",
						"4.08444e-16"
					],
					[
						"5029.04793",
						"4.11699e-16"
					],
					[
						"5034.565859",
						"4.28957e-16"
					],
					[
						"5040.083787",
						"4.48358e-16"
					],
					[
						"5045.601716",
						"4.3803e-16"
					],
					[
						"5051.119645",
						"4.34588e-16"
					],
					[
						"5056.637573",
						"4.08541e-16"
					],
					[
						"5062.155502",
						"4.26426e-16"
					],
					[
						"5067.67343",
						"4.33542e-16"
					],
					[
						"5073.191359",
						"4.21135e-16"
					],
					[
						"5078.709288",
						"4.19104e-16"
					],
					[
						"5084.227216",
						"4.21911e-16"
					],
					[
						"5089.745145",
						"4.39422e-16"
					],
					[
						"5095.263073",
						"4.30384e-16"
					],
					[
						"5100.781002",
						"4.54888e-16"
					],
					[
						"5106.298931",
						"4.28635e-16"
					],
					[
						"5111.816859",
						"4.53522e-16"
					],
					[
						"5117.334788",
						"4.24622e-16"
					],
					[
						"5122.852716",
						"4.24085e-16"
					],
					[
						"5128.370645",
						"4.33326e-16"
					],
					[
						"5133.888574",
						"4.6328e-16"
					],
					[
						"5139.406502",
						"4.45111e-16"
					],
					[
						"5144.924431",
						"4.47371e-16"
					],
					[
						"5150.442359",
						"4.55777e-16"
					],
					[
						"5155.960288",
						"4.71083e-16"
					],
					[
						"5161.478217",
						"4.78075e-16"
					],
					[
						"5166.996145",
						"4.64108e-16"
					],
					[
						"5172.514074",
						"4.64168e-16"
					],
					[
						"5178.032002",
						"4.83626e-16"
					],
					[
						"5183.549931",
						"4.8738e-16"
					],
					[
						"5189.06786",
						"4.94964e-16"
					],
					[
						"5194.585788",
						"5.02035e-16"
					],
					[
						"5200.103717",
						"5.03179e-16"
					],
					[
						"5205.621645",
						"4.96275e-16"
					],
					[
						"5211.139574",
						"5.20266e-16"
					],
					[
						"5216.657503",
						"5.34796e-16"
					],
					[
						"5222.175431",
						"5.33852e-16"
					],
					[
						"5227.69336",
						"5.18109e-16"
					],
					[
						"5233.211288",
						"4.85799e-16"
					],
					[
						"5238.729217",
						"5.03827e-16"
					],
					[
						"5244.247146",
						"4.9165e-16"
					],
					[
						"5249.765074",
						"4.92243e-16"
					],
					[
						"5255.283003",
						"5.04484e-16"
					],
					[
						"5260.800931",
						"4.95542e-16"
					],
					[
						"5266.31886",
						"5.04048e-16"
					],
					[
						"5271.836789",
						"5.13242e-16"
					],
					[
						"5277.354717",
						"5.14214e-16"
					],
					[
						"5282.872646",
						"4.97023e-16"
					],
					[
						"5288.390574",
						"5.11759e-16"
					],
					[
						"5293.908503",
						"4.95269e-16"
					],
					[
						"5299.426432",
						"5.14275e-16"
					],
					[
						"5304.94436",
						"5.35984e-16"
					],
					[
						"5310.462289",
						"5.30647e-16"
					],
					[
						"5315.980217",
						"5.41183e-16"
					],
					[
						"5321.498146",
						"5.02375e-16"
					],
					[
						"5327.016075",
						"5.04614e-16"
					],
					[
						"5332.534003",
						"4.92575e-16"
					],
					[
						"5338.051932",
						"4.50201e-16"
					],
					[
						"5343.56986",
						"4.28017e-16"
					],
					[
						"5349.087789",
						"4.0517e-16"
					],
					[
						"5354.605718",
						"4.05811e-16"
					],
					[
						"5360.123646",
						"3.97469e-16"
					],
					[
						"5365.641575",
						"3.83978e-16"
					],
					[
						"5371.159503",
						"3.56804e-16"
					],
					[
						"5376.677432",
						"3.64727e-16"
					],
					[
						"5382.195361",
						"3.43947e-16"
					],
					[
						"5387.713289",
						"3.1555e-16"
					],
					[
						"5393.231218",
						"3.29557e-16"
					],
					[
						"5398.749146",
						"3.13839e-16"
					],
					[
						"5404.267075",
						"3.23896e-16"
					],
					[
						"5409.785004",
						"3.59457e-16"
					],
					[
						"5415.302932",
						"3.42047e-16"
					],
					[
						"5420.820861",
						"3.41789e-16"
					],
					[
						"5426.338789",
						"3.56636e-16"
					],
					[
						"5431.856718",
						"3.65969e-16"
					],
					[
						"5437.374647",
						"3.71073e-16"
					],
					[
						"5442.892575",
						"3.56267e-16"
					],
					[
						"5448.410504",
						"3.68669e-16"
					],
					[
						"5453.928432",
						"4.04818e-16"
					],
					[
						"5459.446361",
						"3.92011e-16"
					],
					[
						"5464.96429",
						"4.03026e-16"
					],
					[
						"5470.482218",
						"3.96843e-16"
					],
					[
						"5476.000147",
						"4.04298e-16"
					],
					[
						"5481.518075",
						"4.20748e-16"
					],
					[
						"5487.036004",
						"4.18717e-16"
					],
					[
						"5492.553933",
						"3.8448e-16"
					],
					[
						"5498.071861",
						"4.07281e-16"
					],
					[
						"5503.58979",
						"4.07668e-16"
					],
					[
						"5509.107718",
						"4.0504e-16"
					],
					[
						"5514.625647",
						"3.65674e-16"
					],
					[
						"5520.143576",
						"3.67707e-16"
					],
					[
						"5525.661504",
						"3.56913e-16"
					],
					[
						"5531.179433",
						"3.75567e-16"
					],
					[
						"5536.697361",
						"3.55996e-16"
					],
					[
						"5542.21529",
						"3.52197e-16"
					],
					[
						"5547.733219",
						"3.29105e-16"
					],
					[
						"5553.251147",
						"3.29669e-16"
					],
					[
						"5558.769076",
						"3.15772e-16"
					],
					[
						"5564.287004",
						"3.29475e-16"
					],
					[
						"5569.804933",
						"3.31792e-16"
					],
					[
						"5575.322862",
						"3.27923e-16"
					],
					[
						"5580.84079",
						"3.39769e-16"
					],
					[
						"5586.358719",
						"3.36311e-16"
					],
					[
						"5591.876647",
						"3.39434e-16"
					],
					[
						"5597.394576",
						"3.40981e-16"
					],
					[
						"5602.912505",
						"3.68006e-16"
					],
					[
						"5608.430433",
						"3.65283e-16"
					],
					[
						"5613.948362",
						"3.59879e-16"
					],
					[
						"5619.46629",
						"3.68369e-16"
					],
					[
						"5624.984219",
						"3.866e-16"
					],
					[
						"5630.502148",
						"3.82519e-16"
					],
					[
						"5636.020076",
						"4.22472e-16"
					],
					[
						"5641.538005",
						"4.18494e-16"
					],
					[
						"5647.055933",
						"4.41996e-16"
					],
					[
						"5652.573862",
						"4.2853e-16"
					],
					[
						"5658.091791",
						"4.44969e-16"
					],
					[
						"5663.609719",
						"4.08327e-16"
					],
					[
						"5669.127648",
						"4.07685e-16"
					],
					[
						"5674.645576",
						"4.21868e-16"
					],
					[
						"5680.163505",
						"3.85668e-16"
					],
					[
						"5685.681434",
						"4.0102e-16"
					],
					[
						"5691.199362",
						"4.0537e-16"
					],
					[
						"5696.717291",
						"3.96319e-16"
					],
					[
						"5702.235219",
						"4.07247e-16"
					],
					[
						"5707.753148",
						"4.06922e-16"
					],
					[
						"5713.271077",
						"4.26717e-16"
					],
					[
						"5718.789005",
						"4.25728e-16"
					],
					[
						"5724.306934",
						"4.24672e-16"
					],
					[
						"5729.824862",
						"4.02498e-16"
					],
					[
						"5735.342791",
						"4.37868e-16"
					],
					[
						"5740.86072",
						"4.17719e-16"
					],
					[
						"5746.378648",
						"4.26873e-16"
					],
					[
						"5751.896577",
						"4.32602e-16"
					],
					[
						"5757.414505",
						"4.29875e-16"
					],
					[
						"5762.932434",
						"4.49174e-16"
					],
					[
						"5768.450363",
						"4.5032e-16"
					],
					[
						"5773.968291",
						"4.43731e-16"
					],
					[
						"5779.48622",
						"4.4365e-16"
					],
					[
						"5785.004148",
						"4.41122e-16"
					],
					[
						"5790.522077",
						"4.24292e-16"
					],
					[
						"5796.040006",
						"4.39382e-16"
					],
					[
						"5801.557934",
						"4.54959e-16"
					],
					[
						"5807.075863",
						"4.47609e-16"
					],
					[
						"5812.593791",
						"4.15029e-16"
					],
					[
						"5818.11172",
						"4.15149e-16"
					],
					[
						"5823.629649",
						"4.05741e-16"
					],
					[
						"5829.147577",
						"4.2181e-16"
					],
					[
						"5834.665506",
						"4.30983e-16"
					],
					[
						"5840.183434",
						"4.08945e-16"
					],
					[
						"5845.701363",
						"4.0548e-16"
					],
					[
						"5851.219292",
						"3.86451e-16"
					],
					[
						"5856.73722",
						"3.86298e-16"
					],
					[
						"5862.255149",
						"3.97604e-16"
					],
					[
						"5867.773077",
						"4.0734e-16"
					],
					[
						"5873.291006",
						"3.99353e-16"
					],
					[
						"5878.808935",
						"3.99879e-16"
					],
					[
						"5884.326863",
						"3.77341e-16"
					],
					[
						"5889.844792",
						"3.79307e-16"
					],
					[
						"5895.36272",
						"3.8699e-16"
					],
					[
						"5900.880649",
						"3.66189e-16"
					],
					[
						"5906.398578",
						"3.81347e-16"
					],
					[
						"5911.916506",
						"3.7391e-16"
					],
					[
						"5917.434435",
						"3.76293e-16"
					],
					[
						"5922.952363",
						"4.03193e-16"
					],
					[
						"5928.470292",
						"3.96052e-16"
					],
					[
						"5933.988221",
						"3.84268e-16"
					],
					[
						"5939.506149",
						"4.10495e-16"
					],
					[
						"5945.024078",
						"3.93989e-16"
					],
					[
						"5950.542006",
						"3.8639e-16"
					],
					[
						"5956.059935",
						"4.1047e-16"
					],
					[
						"5961.577864",
						"3.86907e-16"
					],
					[
						"5967.095792",
						"3.75796e-16"
					],
					[
						"5972.613721",
						"3.76455e-16"
					],
					[
						"5978.131649",
						"3.87509e-16"
					],
					[
						"5983.649578",
						"3.93421e-16"
					],
					[
						"5989.167507",
						"4.00686e-16"
					],
					[
						"5994.685435",
						"4.0094e-16"
					],
					[
						"6000.203364",
						"3.97067e-16"
					],
					[
						"6005.721293",
						"4.02869e-16"
					],
					[
						"6011.239221",
						"4.05029e-16"
					],
					[
						"6016.75715",
						"4.02458e-16"
					],
					[
						"6022.275078",
						"3.99624e-16"
					],
					[
						"6027.793007",
						"3.92424e-16"
					],
					[
						"6033.310935",
						"3.89844e-16"
					],
					[
						"6038.828864",
						"3.66088e-16"
					],
					[
						"6044.346793",
						"3.81822e-16"
					],
					[
						"6049.864721",
						"4.03717e-16"
					],
					[
						"6055.38265",
						"3.91986e-16"
					],
					[
						"6060.900578",
						"3.80665e-16"
					],
					[
						"6066.418507",
						"3.98306e-16"
					],
					[
						"6071.936436",
						"4.00012e-16"
					],
					[
						"6077.454364",
						"3.88575e-16"
					],
					[
						"6082.972293",
						"3.7494e-16"
					],
					[
						"6088.490222",
						"4.15182e-16"
					],
					[
						"6094.00815",
						"3.99598e-16"
					],
					[
						"6099.526079",
						"3.95677e-16"
					],
					[
						"6105.044007",
						"3.80745e-16"
					],
					[
						"6110.561936",
						"3.80327e-16"
					],
					[
						"6116.079865",
						"3.61109e-16"
					],
					[
						"6121.597793",
						"4.01696e-16"
					],
					[
						"6127.115722",
						"3.66743e-16"
					],
					[
						"6132.63365",
						"3.55511e-16"
					],
					[
						"6138.151579",
						"3.69551e-16"
					],
					[
						"6143.669507",
						"3.7147e-16"
					],
					[
						"6149.187436",
						"3.46302e-16"
					],
					[
						"6154.705365",
						"3.31905e-16"
					],
					[
						"6160.223293",
						"3.50588e-16"
					],
					[
						"6165.741222",
						"3.31108e-16"
					],
					[
						"6171.259151",
						"3.1696e-16"
					],
					[
						"6176.777079",
						"3.28816e-16"
					],
					[
						"6182.295008",
						"3.04417e-16"
					],
					[
						"6187.812936",
						"3.08058e-16"
					],
					[
						"6193.330865",
						"2.66372e-16"
					],
					[
						"6198.848794",
						"2.60441e-16"
					],
					[
						"6204.366722",
						"2.46225e-16"
					],
					[
						"6209.884651",
						"2.47258e-16"
					],
					[
						"6215.402579",
						"2.5025e-16"
					],
					[
						"6220.920508",
						"2.1104e-16"
					],
					[
						"6226.438437",
						"1.922e-16"
					],
					[
						"6231.956365",
						"1.99063e-16"
					],
					[
						"6237.474294",
						"1.75893e-16"
					],
					[
						"6242.992222",
						"1.8074e-16"
					],
					[
						"6248.510151",
						"1.90202e-16"
					],
					[
						"6254.02808",
						"1.61754e-16"
					],
					[
						"6259.546008",
						"1.53266e-16"
					],
					[
						"6265.063937",
						"1.74589e-16"
					],
					[
						"6270.581865",
						"1.70477e-16"
					],
					[
						"6276.099794",
						"1.66391e-16"
					],
					[
						"6281.617723",
						"1.60647e-16"
					],
					[
						"6287.135651",
						"1.47478e-16"
					],
					[
						"6292.65358",
						"1.71232e-16"
					],
					[
						"6298.171508",
						"1.95864e-16"
					],
					[
						"6303.689437",
						"2.19897e-16"
					],
					[
						"6309.207366",
						"2.04003e-16"
					],
					[
						"6314.725294",
						"2.18305e-16"
					],
					[
						"6320.243223",
						"2.36603e-16"
					],
					[
						"6325.761151",
						"2.21101e-16"
					],
					[
						"6331.27908",
						"2.44335e-16"
					],
					[
						"6336.797009",
						"2.7981e-16"
					],
					[
						"6342.314937",
						"2.61657e-16"
					],
					[
						"6347.832866",
						"2.63852e-16"
					],
					[
						"6353.350794",
						"2.94514e-16"
					],
					[
						"6358.868723",
						"2.88693e-16"
					],
					[
						"6364.386652",
						"3.02251e-16"
					],
					[
						"6369.90458",
						"2.96269e-16"
					],
					[
						"6375.422509",
						"2.94491e-16"
					],
					[
						"6380.940437",
						"2.91189e-16"
					],
					[
						"6386.458366",
						"3.09939e-16"
					],
					[
						"6391.976295",
						"3.25804e-16"
					],
					[
						"6397.494223",
						"3.21411e-16"
					],
					[
						"6403.012152",
						"3.31849e-16"
					],
					[
						"6408.53008",
						"3.43182e-16"
					],
					[
						"6414.048009",
						"3.40984e-16"
					],
					[
						"6419.565938",
						"3.2633e-16"
					],
					[
						"6425.083866",
						"3.48869e-16"
					],
					[
						"6430.601795",
						"3.56346e-16"
					],
					[
						"6436.119723",
						"3.42783e-16"
					],
					[
						"6441.637652",
						"3.3849e-16"
					],
					[
						"6447.155581",
						"3.52088e-16"
					],
					[
						"6452.673509",
						"3.63954e-16"
					],
					[
						"6458.191438",
						"3.512e-16"
					],
					[
						"6463.709366",
						"3.48585e-16"
					],
					[
						"6469.227295",
						"3.63394e-16"
					],
					[
						"6474.745224",
						"3.54835e-16"
					],
					[
						"6480.263152",
						"3.4522e-16"
					],
					[
						"6485.781081",
						"3.48871e-16"
					],
					[
						"6491.299009",
						"3.38687e-16"
					],
					[
						"6496.816938",
						"3.52988e-16"
					],
					[
						"6502.334867",
						"3.34639e-16"
					],
					[
						"6507.852795",
						"3.23918e-16"
					],
					[
						"6513.370724",
						"3.62731e-16"
					],
					[
						"6518.888652",
						"3.45935e-16"
					],
					[
						"6524.406581",
						"3.38515e-16"
					],
					[
						"6529.92451",
						"3.33659e-16"
					],
					[
						"6535.442438",
						"3.20977e-16"
					],
					[
						"6540.960367",
						"3.23659e-16"
					],
					[
						"6546.478295",
						"3.28655e-16"
					],
					[
						"6551.996224",
						"3.39104e-16"
					],
					[
						"6557.514153",
						"3.3245e-16"
					],
					[
						"6563.032081",
						"3.0696e-16"
					],
					[
						"6568.55001",
						"3.03059e-16"
					],
					[
						"6574.067938",
						"3.13351e-16"
					],
					[
						"6579.585867",
						"2.97407e-16"
					],
					[
						"6585.103796",
						"3.27402e-16"
					],
					[
						"6590.621724",
						"3.19432e-16"
					],
					[
						"6596.139653",
						"3.161e-16"
					],
					[
						"6601.657581",
						"3.09251e-16"
					],
					[
						"6607.17551",
						"3.00549e-16"
					],
					[
						"6612.693439",
						"2.90723e-16"
					],
					[
						"6618.211367",
						"2.97052e-16"
					],
					[
						"6623.729296",
						"2.98669e-16"
					],
					[
						"6629.247224",
						"2.87236e-16"
					],
					[
						"6634.765153",
						"2.81809e-16"
					],
					[
						"6640.283082",
						"2.88986e-16"
					],
					[
						"6645.80101",
						"2.97998e-16"
					],
					[
						"6651.318939",
						"2.84704e-16"
					],
					[
						"6656.836867",
						"2.86345e-16"
					],
					[
						"6662.354796",
						"2.96659e-16"
					],
					[
						"6667.872725",
						"3.01363e-16"
					],
					[
						"6673.390653",
						"2.93237e-16"
					],
					[
						"6678.908582",
						"2.69505e-16"
					],
					[
						"6684.42651",
						"2.81795e-16"
					],
					[
						"6689.944439",
						"2.98787e-16"
					],
					[
						"6695.462368",
						"2.70581e-16"
					],
					[
						"6700.980296",
						"2.72062e-16"
					],
					[
						"6706.498225",
						"2.85799e-16"
					],
					[
						"6712.016153",
						"2.79267e-16"
					],
					[
						"6717.534082",
						"2.72155e-16"
					],
					[
						"6723.052011",
						"2.81416e-16"
					],
					[
						"6728.569939",
						"2.7405e-16"
					],
					[
						"6734.087868",
						"2.78714e-16"
					],
					[
						"6739.605796",
						"2.71914e-16"
					],
					[
						"6745.123725",
						"2.78674e-16"
					],
					[
						"6750.641654",
						"2.71801e-16"
					],
					[
						"6756.159582",
						"2.83005e-16"
					],
					[
						"6761.677511",
						"2.50501e-16"
					],
					[
						"6767.195439",
						"2.70784e-16"
					],
					[
						"6772.713368",
						"2.56627e-16"
					],
					[
						"6778.231297",
						"2.78785e-16"
					],
					[
						"6783.749225",
						"2.65222e-16"
					],
					[
						"6789.267154",
						"2.75808e-16"
					],
					[
						"6794.785082",
						"2.74886e-16"
					],
					[
						"6800.303011",
						"2.59979e-16"
					],
					[
						"6805.82094",
						"2.6655e-16"
					],
					[
						"6811.338868",
						"2.64146e-16"
					],
					[
						"6816.856797",
						"2.68524e-16"
					],
					[
						"6822.374725",
						"2.70319e-16"
					],
					[
						"6827.892654",
						"2.44559e-16"
					],
					[
						"6833.410583",
						"2.4768e-16"
					],
					[
						"6838.928511",
						"2.57849e-16"
					],
					[
						"6844.44644",
						"2.49912e-16"
					],
					[
						"6849.964368",
						"2.4159e-16"
					],
					[
						"6855.482297",
						"2.57531e-16"
					],
					[
						"6861.000226",
						"2.46994e-16"
					],
					[
						"6866.518154",
						"2.27931e-16"
					],
					[
						"6872.036083",
						"2.23327e-16"
					],
					[
						"6877.554011",
						"2.06863e-16"
					],
					[
						"6883.07194",
						"2.18902e-16"
					],
					[
						"6888.589869",
						"2.27458e-16"
					],
					[
						"6894.107797",
						"2.18207e-16"
					],
					[
						"6899.625726",
						"2.0124e-16"
					],
					[
						"6905.143654",
						"2.28901e-16"
					],
					[
						"6910.661583",
						"2.41227e-16"
					],
					[
						"6916.179512",
						"2.18493e-16"
					],
					[
						"6921.69744",
						"2.26846e-16"
					],
					[
						"6927.215369",
						"2.42741e-16"
					],
					[
						"6932.733297",
						"2.25676e-16"
					],
					[
						"6938.251226",
						"2.24767e-16"
					],
					[
						"6943.769155",
						"2.37513e-16"
					],
					[
						"6949.287083",
						"2.27558e-16"
					],
					[
						"6954.805012",
						"2.4707e-16"
					],
					[
						"6960.32294",
						"2.34799e-16"
					],
					[
						"6965.840869",
						"2.2827e-16"
					],
					[
						"6971.358798",
						"2.32423e-16"
					],
					[
						"6976.876726",
						"2.20195e-16"
					],
					[
						"6982.394655",
						"2.16409e-16"
					],
					[
						"6987.912583",
						"2.32156e-16"
					],
					[
						"6993.430512",
						"2.2752e-16"
					],
					[
						"6998.948441",
						"2.20228e-16"
					],
					[
						"7004.466369",
						"2.17263e-16"
					],
					[
						"7009.984298",
						"2.26778e-16"
					],
					[
						"7015.502226",
						"2.25675e-16"
					],
					[
						"7021.020155",
						"2.23418e-16"
					],
					[
						"7026.538084",
						"2.35948e-16"
					],
					[
						"7032.056012",
						"2.31635e-16"
					],
					[
						"7037.573941",
						"2.227e-16"
					],
					[
						"7043.091869",
						"2.21302e-16"
					],
					[
						"7048.609798",
						"2.05824e-16"
					],
					[
						"7054.127727",
						"2.19393e-16"
					],
					[
						"7059.645655",
						"2.08662e-16"
					],
					[
						"7065.163584",
						"2.08729e-16"
					],
					[
						"7070.681512",
						"2.30379e-16"
					],
					[
						"7076.199441",
						"1.94557e-16"
					],
					[
						"7081.71737",
						"2.19973e-16"
					],
					[
						"7087.235298",
						"2.11518e-16"
					],
					[
						"7092.753227",
						"2.20114e-16"
					],
					[
						"7098.271155",
						"2.28581e-16"
					],
					[
						"7103.789084",
						"1.88858e-16"
					],
					[
						"7109.307013",
						"2.23671e-16"
					],
					[
						"7114.824941",
						"2.34015e-16"
					],
					[
						"7120.34287",
						"2.19627e-16"
					],
					[
						"7125.860798",
						"2.21831e-16"
					],
					[
						"7131.378727",
						"2.08955e-16"
					],
					[
						"7136.896656",
						"2.05942e-16"
					],
					[
						"7142.414584",
						"2.09294e-16"
					],
					[
						"7147.932513",
						"2.07332e-16"
					],
					[
						"7153.450441",
						"2.03247e-16"
					],
					[
						"7158.96837",
						"2.10769e-16"
					],
					[
						"7164.486299",
						"2.05624e-16"
					],
					[
						"7170.004227",
						"2.07412e-16"
					],
					[
						"7175.522156",
						"2.01227e-16"
					],
					[
						"7181.040084",
						"1.80878e-16"
					],
					[
						"7186.558013",
						"1.89745e-16"
					],
					[
						"7192.075942",
						"1.93437e-16"
					],
					[
						"7197.59387",
						"1.85459e-16"
					],
					[
						"7203.111799",
						"2.07779e-16"
					],
					[
						"7208.629727",
						"2.03114e-16"
					],
					[
						"7214.147656",
						"1.86645e-16"
					],
					[
						"7219.665585",
						"1.80014e-16"
					],
					[
						"7225.183513",
						"1.98696e-16"
					],
					[
						"7230.701442",
						"1.98746e-16"
					],
					[
						"7236.21937",
						"1.81255e-16"
					],
					[
						"7241.737299",
						"1.71163e-16"
					],
					[
						"7247.255228",
						"1.74112e-16"
					],
					[
						"7252.773156",
						"2.04741e-16"
					],
					[
						"7258.291085",
						"1.88863e-16"
					],
					[
						"7263.809013",
						"1.95073e-16"
					],
					[
						"7269.326942",
						"2.07346e-16"
					],
					[
						"7274.844871",
						"2.03877e-16"
					],
					[
						"7280.362799",
						"2.18099e-16"
					],
					[
						"7285.880728",
						"1.80993e-16"
					],
					[
						"7291.398656",
						"1.74697e-16"
					],
					[
						"7296.916585",
						"1.80064e-16"
					],
					[
						"7302.434514",
						"2.01021e-16"
					],
					[
						"7307.952442",
						"2.06627e-16"
					],
					[
						"7313.470371",
						"1.89816e-16"
					],
					[
						"7318.988299",
						"1.87021e-16"
					],
					[
						"7324.506228",
						"1.93283e-16"
					],
					[
						"7330.024157",
						"1.8974e-16"
					],
					[
						"7335.542085",
						"1.95957e-16"
					],
					[
						"7341.060014",
						"2.0407e-16"
					],
					[
						"7346.577942",
						"1.98062e-16"
					],
					[
						"7352.095871",
						"1.87892e-16"
					],
					[
						"7357.6138",
						"2.03861e-16"
					],
					[
						"7363.131728",
						"2.09181e-16"
					],
					[
						"7368.649657",
						"1.88963e-16"
					],
					[
						"7374.167585",
						"1.95539e-16"
					],
					[
						"7379.685514",
						"1.58158e-16"
					],
					[
						"7385.203443",
						"1.85578e-16"
					],
					[
						"7390.721371",
						"1.88646e-16"
					],
					[
						"7396.2393",
						"1.94386e-16"
					],
					[
						"7401.757228",
						"1.94394e-16"
					],
					[
						"7407.275157",
						"1.8033e-16"
					],
					[
						"7412.793086",
						"1.94938e-16"
					],
					[
						"7418.311014",
						"1.7464e-16"
					],
					[
						"7423.828943",
						"1.92312e-16"
					],
					[
						"7429.346871",
						"1.90062e-16"
					],
					[
						"7434.8648",
						"1.53562e-16"
					],
					[
						"7440.382729",
						"1.82004e-16"
					],
					[
						"7445.900657",
						"1.83724e-16"
					],
					[
						"7451.418586",
						"1.86025e-16"
					],
					[
						"7456.936514",
						"1.82698e-16"
					],
					[
						"7462.454443",
						"1.92567e-16"
					],
					[
						"7467.972372",
						"1.92156e-16"
					],
					[
						"7473.4903",
						"1.72455e-16"
					],
					[
						"7479.008229",
						"1.72235e-16"
					],
					[
						"7484.526157",
						"1.70376e-16"
					],
					[
						"7490.044086",
						"1.66946e-16"
					],
					[
						"7495.562015",
						"1.92137e-16"
					],
					[
						"7501.079943",
						"1.96139e-16"
					],
					[
						"7506.597872",
						"1.55368e-16"
					],
					[
						"7512.1158",
						"1.57371e-16"
					],
					[
						"7517.633729",
						"1.76747e-16"
					],
					[
						"7523.151658",
						"1.88897e-16"
					],
					[
						"7528.669586",
						"1.9073e-16"
					],
					[
						"7534.187515",
						"1.72608e-16"
					],
					[
						"7539.705443",
						"1.44316e-16"
					],
					[
						"7545.223372",
						"1.74224e-16"
					],
					[
						"7550.741301",
						"1.77713e-16"
					],
					[
						"7556.259229",
						"1.60035e-16"
					],
					[
						"7561.777158",
						"1.59609e-16"
					],
					[
						"7567.295086",
						"1.65855e-16"
					],
					[
						"7572.813015",
						"1.65731e-16"
					],
					[
						"7578.330944",
						"1.58415e-16"
					],
					[
						"7583.848872",
						"1.57788e-16"
					],
					[
						"7589.366801",
						"1.56836e-16"
					],
					[
						"7594.884729",
						"1.48587e-16"
					],
					[
						"7600.402658",
						"1.2038e-16"
					],
					[
						"7605.920587",
						"8.48623e-17"
					],
					[
						"7611.438515",
						"6.01102e-17"
					],
					[
						"7616.956444",
						"6.23857e-17"
					],
					[
						"7622.474372",
						"9.74863e-17"
					],
					[
						"7627.992301",
						"1.24099e-16"
					],
					[
						"7633.51023",
						"9.76117e-17"
					],
					[
						"7639.028158",
						"9.36985e-17"
					],
					[
						"7644.546087",
						"9.62899e-17"
					],
					[
						"7650.064015",
						"8.52391e-17"
					],
					[
						"7655.581944",
						"1.13311e-16"
					],
					[
						"7661.099873",
						"1.17933e-16"
					],
					[
						"7666.617801",
						"1.02995e-16"
					],
					[
						"7672.13573",
						"1.44741e-16"
					],
					[
						"7677.653658",
						"1.49215e-16"
					],
					[
						"7683.171587",
						"1.37234e-16"
					],
					[
						"7688.689516",
						"1.39289e-16"
					],
					[
						"7694.207444",
						"1.39095e-16"
					],
					[
						"7699.725373",
						"1.71275e-16"
					],
					[
						"7705.243301",
						"1.56546e-16"
					],
					[
						"7710.76123",
						"1.39368e-16"
					],
					[
						"7716.279159",
						"1.50436e-16"
					],
					[
						"7721.797087",
						"1.44964e-16"
					],
					[
						"7727.315016",
						"1.59659e-16"
					],
					[
						"7732.832944",
						"1.6693e-16"
					],
					[
						"7738.350873",
						"1.53016e-16"
					],
					[
						"7743.868802",
						"1.47834e-16"
					],
					[
						"7749.38673",
						"1.53987e-16"
					],
					[
						"7754.904659",
						"1.56705e-16"
					],
					[
						"7760.422587",
						"1.39102e-16"
					],
					[
						"7765.940516",
						"1.53251e-16"
					],
					[
						"7771.458445",
						"1.72485e-16"
					],
					[
						"7776.976373",
						"1.46862e-16"
					],
					[
						"7782.494302",
						"1.49383e-16"
					],
					[
						"7788.01223",
						"1.73085e-16"
					],
					[
						"7793.530159",
						"1.60501e-16"
					],
					[
						"7799.048088",
						"1.84671e-16"
					],
					[
						"7804.566016",
						"1.81207e-16"
					],
					[
						"7810.083945",
						"1.48009e-16"
					],
					[
						"7815.601873",
						"1.43346e-16"
					],
					[
						"7821.119802",
						"1.53708e-16"
					],
					[
						"7826.637731",
						"1.75971e-16"
					],
					[
						"7832.155659",
						"1.77136e-16"
					],
					[
						"7837.673588",
						"1.94053e-16"
					],
					[
						"7843.191516",
						"1.73714e-16"
					],
					[
						"7848.709445",
						"1.53831e-16"
					],
					[
						"7854.227374",
						"1.45019e-16"
					],
					[
						"7859.745302",
						"1.76389e-16"
					],
					[
						"7865.263231",
						"1.74536e-16"
					],
					[
						"7870.781159",
						"1.61461e-16"
					],
					[
						"7876.299088",
						"1.59753e-16"
					],
					[
						"7881.817017",
						"1.70236e-16"
					],
					[
						"7887.334945",
						"1.54604e-16"
					],
					[
						"7892.852874",
						"1.75453e-16"
					],
					[
						"7898.370802",
						"1.88133e-16"
					],
					[
						"7903.888731",
						"1.55573e-16"
					],
					[
						"7909.40666",
						"1.51626e-16"
					],
					[
						"7914.924588",
						"1.54301e-16"
					],
					[
						"7920.442517",
						"1.47892e-16"
					],
					[
						"7925.960445",
						"1.44038e-16"
					],
					[
						"7931.478374",
						"1.5679e-16"
					],
					[
						"7936.996303",
						"1.60015e-16"
					],
					[
						"7942.514231",
						"1.57285e-16"
					],
					[
						"7948.03216",
						"1.34589e-16"
					],
					[
						"7953.550088",
						"1.46859e-16"
					],
					[
						"7959.068017",
						"1.33709e-16"
					],
					[
						"7964.585946",
						"1.58102e-16"
					],
					[
						"7970.103874",
						"1.80085e-16"
					],
					[
						"7975.621803",
						"1.70926e-16"
					],
					[
						"7981.139731",
						"1.64642e-16"
					],
					[
						"7986.65766",
						"1.38357e-16"
					],
					[
						"7992.175589",
						"1.63077e-16"
					],
					[
						"7997.693517",
						"1.24299e-16"
					],
					[
						"8003.211446",
						"1.38251e-16"
					],
					[
						"8008.729374",
						"1.50205e-16"
					],
					[
						"8014.247303",
						"1.59211e-16"
					],
					[
						"8019.765232",
						"1.31635e-16"
					],
					[
						"8025.28316",
						"1.21418e-16"
					],
					[
						"8030.801089",
						"1.46548e-16"
					],
					[
						"8036.319017",
						"1.3786e-16"
					],
					[
						"8041.836946",
						"1.21407e-16"
					],
					[
						"8047.354875",
						"1.22754e-16"
					],
					[
						"8052.872803",
						"1.2296e-16"
					],
					[
						"8058.390732",
						"1.30003e-16"
					],
					[
						"8063.90866",
						"1.0172e-16"
					],
					[
						"8069.426589",
						"1.01636e-16"
					],
					[
						"8074.944518",
						"1.06517e-16"
					],
					[
						"8080.462446",
						"1.28207e-16"
					],
					[
						"8085.980375",
						"1.34824e-16"
					],
					[
						"8091.498303",
						"1.3745e-16"
					],
					[
						"8097.016232",
						"9.77434e-17"
					],
					[
						"8102.534161",
						"8.32251e-17"
					],
					[
						"8108.052089",
						"1.08953e-16"
					],
					[
						"8113.570018",
						"1.13365e-16"
					],
					[
						"8119.087946",
						"1.45649e-16"
					],
					[
						"8124.605875",
						"1.18751e-16"
					],
					[
						"8130.123804",
						"1.11482e-16"
					],
					[
						"8135.641732",
						"1.02576e-16"
					],
					[
						"8141.159661",
						"9.73386e-17"
					],
					[
						"8146.677589",
						"1.12941e-16"
					],
					[
						"8152.195518",
						"1.13201e-16"
					],
					[
						"8157.713447",
						"1.15481e-16"
					],
					[
						"8163.231375",
						"1.06104e-16"
					],
					[
						"8168.749304",
						"1.07219e-16"
					],
					[
						"8174.267232",
						"9.85796e-17"
					],
					[
						"8179.785161",
						"9.33331e-17"
					],
					[
						"8185.30309",
						"1.22101e-16"
					],
					[
						"8190.821018",
						"1.00683e-16"
					],
					[
						"8196.338947",
						"1.02889e-16"
					],
					[
						"8201.856875",
						"1.08903e-16"
					],
					[
						"8207.374804",
						"1.02554e-16"
					],
					[
						"8212.892733",
						"9.01204e-17"
					],
					[
						"8218.410661",
						"1.14749e-16"
					],
					[
						"8223.92859",
						"1.34218e-16"
					],
					[
						"8229.446518",
						"1.37911e-16"
					],
					[
						"8234.964447",
						"1.22524e-16"
					],
					[
						"8240.482376",
						"1.04721e-16"
					],
					[
						"8246.000304",
						"9.9389e-17"
					],
					[
						"8251.518233",
						"1.27232e-16"
					],
					[
						"8257.036161",
						"1.15764e-16"
					],
					[
						"8262.55409",
						"1.50638e-16"
					],
					[
						"8268.072019",
						"1.5184e-16"
					],
					[
						"8273.589947",
						"1.32288e-16"
					],
					[
						"8279.107876",
						"1.2615e-16"
					],
					[
						"8284.625804",
						"1.08381e-16"
					],
					[
						"8290.143733",
						"1.07777e-16"
					],
					[
						"8295.661662",
						"1.47026e-16"
					],
					[
						"8301.17959",
						"1.30347e-16"
					],
					[
						"8306.697519",
						"1.32588e-16"
					],
					[
						"8312.215447",
						"1.44983e-16"
					],
					[
						"8317.733376",
						"1.18391e-16"
					],
					[
						"8323.251305",
						"8.76348e-17"
					],
					[
						"8328.769233",
						"1.08589e-16"
					],
					[
						"8334.287162",
						"1.33034e-16"
					],
					[
						"8339.80509",
						"1.57306e-16"
					],
					[
						"8345.323019",
						"1.56618e-16"
					],
					[
						"8350.840948",
						"1.15632e-16"
					],
					[
						"8356.358876",
						"9.24793e-17"
					],
					[
						"8361.876805",
						"1.0651e-16"
					],
					[
						"8367.394733",
						"1.12538e-16"
					],
					[
						"8372.912662",
						"1.08158e-16"
					],
					[
						"8378.430591",
						"1.32203e-16"
					],
					[
						"8383.948519",
						"1.01487e-16"
					],
					[
						"8389.466448",
						"1.21752e-16"
					],
					[
						"8394.984376",
						"1.08218e-16"
					],
					[
						"8400.502305",
						"1.09821e-16"
					],
					[
						"8406.020234",
						"1.33311e-16"
					],
					[
						"8411.538162",
						"1.01663e-16"
					],
					[
						"8417.056091",
						"9.45063e-17"
					],
					[
						"8422.574019",
						"9.85645e-17"
					],
					[
						"8428.091948",
						"9.18802e-17"
					],
					[
						"8433.609877",
						"9.1196e-17"
					],
					[
						"8439.127805",
						"1.04089e-16"
					],
					[
						"8444.645734",
						"1.20318e-16"
					],
					[
						"8450.163662",
						"1.20753e-16"
					],
					[
						"8455.681591",
						"1.23182e-16"
					],
					[
						"8461.19952",
						"1.32727e-16"
					],
					[
						"8466.717448",
						"9.87445e-17"
					],
					[
						"8472.235377",
						"7.6352e-17"
					],
					[
						"8477.753305",
						"1.01606e-16"
					],
					[
						"8483.271234",
						"1.18238e-16"
					],
					[
						"8488.789163",
						"1.22634e-16"
					],
					[
						"8494.307091",
						"1.20645e-16"
					],
					[
						"8499.82502",
						"1.15107e-16"
					],
					[
						"8505.342948",
						"1.00616e-16"
					],
					[
						"8510.860877",
						"9.22903e-17"
					],
					[
						"8516.378806",
						"1.2112e-16"
					],
					[
						"8521.896734",
						"1.07636e-16"
					],
					[
						"8527.414663",
						"1.11314e-16"
					],
					[
						"8532.932591",
						"1.14356e-16"
					],
					[
						"8538.45052",
						"1.13789e-16"
					],
					[
						"8543.968449",
						"1.11205e-16"
					],
					[
						"8549.486377",
						"1.13742e-16"
					],
					[
						"8555.004306",
						"1.24124e-16"
					],
					[
						"8560.522234",
						"1.3273e-16"
					],
					[
						"8566.040163",
						"1.19724e-16"
					],
					[
						"8571.558092",
						"1.35663e-16"
					],
					[
						"8577.07602",
						"1.10209e-16"
					],
					[
						"8582.593949",
						"1.22047e-16"
					],
					[
						"8588.111877",
						"1.34127e-16"
					],
					[
						"8593.629806",
						"1.46065e-16"
					],
					[
						"8599.147735",
						"1.50482e-16"
					],
					[
						"8604.665663",
						"1.5134e-16"
					],
					[
						"8610.183592",
						"1.64831e-16"
					],
					[
						"8615.70152",
						"1.56857e-16"
					],
					[
						"8621.219449",
						"1.22103e-16"
					],
					[
						"8626.737378",
						"1.41121e-16"
					],
					[
						"8632.255306",
						"1.37441e-16"
					],
					[
						"8637.773235",
						"1.54854e-16"
					],
					[
						"8643.291163",
						"1.53308e-16"
					],
					[
						"8648.809092",
						"1.23015e-16"
					],
					[
						"8654.327021",
						"1.46298e-16"
					],
					[
						"8659.844949",
						"1.34924e-16"
					],
					[
						"8665.362878",
						"1.20956e-16"
					],
					[
						"8670.880806",
						"1.33929e-16"
					],
					[
						"8676.398735",
						"1.40406e-16"
					],
					[
						"8681.916664",
						"1.68466e-16"
					],
					[
						"8687.434592",
						"1.39121e-16"
					],
					[
						"8692.952521",
						"1.27358e-16"
					],
					[
						"8698.470449",
						"1.25333e-16"
					],
					[
						"8703.988378",
						"1.50014e-16"
					],
					[
						"8709.506307",
						"1.45474e-16"
					],
					[
						"8715.024235",
						"1.58703e-16"
					],
					[
						"8720.542164",
						"1.64823e-16"
					],
					[
						"8726.060092",
						"1.55069e-16"
					],
					[
						"8731.578021",
						"1.15394e-16"
					],
					[
						"8737.09595",
						"1.46477e-16"
					],
					[
						"8742.613878",
						"1.21919e-16"
					],
					[
						"8748.131807",
						"1.51822e-16"
					],
					[
						"8753.649735",
						"1.4266e-16"
					],
					[
						"8759.167664",
						"1.42757e-16"
					],
					[
						"8764.685593",
						"1.45505e-16"
					],
					[
						"8770.203521",
						"1.20321e-16"
					],
					[
						"8775.72145",
						"1.09546e-16"
					],
					[
						"8781.239378",
						"1.32605e-16"
					],
					[
						"8786.757307",
						"1.40982e-16"
					],
					[
						"8792.275236",
						"1.18376e-16"
					],
					[
						"8797.793164",
						"1.35659e-16"
					],
					[
						"8803.311093",
						"1.43232e-16"
					],
					[
						"8808.829021",
						"1.29793e-16"
					],
					[
						"8814.34695",
						"1.40943e-16"
					],
					[
						"8819.864879",
						"1.78107e-16"
					],
					[
						"8825.382807",
						"1.81753e-16"
					],
					[
						"8830.900736",
						"1.44123e-16"
					],
					[
						"8836.418664",
						"1.3046e-16"
					],
					[
						"8841.936593",
						"1.34497e-16"
					],
					[
						"8847.454522",
						"1.1813e-16"
					],
					[
						"8852.97245",
						"8.03273e-17"
					],
					[
						"8858.490379",
						"1.50709e-16"
					],
					[
						"8864.008307",
						"1.32349e-16"
					],
					[
						"8869.526236",
						"1.40301e-16"
					],
					[
						"8875.044165",
						"1.57032e-16"
					],
					[
						"8880.562093",
						"1.20706e-16"
					],
					[
						"8886.080022",
						"1.08789e-16"
					],
					[
						"8891.59795",
						"1.43447e-16"
					],
					[
						"8897.115879",
						"1.40584e-16"
					],
					[
						"8902.633808",
						"1.62083e-16"
					],
					[
						"8908.151736",
						"1.2991e-16"
					],
					[
						"8913.669665",
						"1.36648e-16"
					],
					[
						"8919.187593",
						"1.09253e-16"
					],
					[
						"8924.705522",
						"1.31785e-16"
					],
					[
						"8930.223451",
						"1.05489e-16"
					],
					[
						"8935.741379",
						"1.31614e-16"
					],
					[
						"8941.259308",
						"1.65965e-16"
					],
					[
						"8946.777236",
						"1.37708e-16"
					],
					[
						"8952.295165",
						"1.10865e-16"
					],
					[
						"8957.813094",
						"1.48947e-16"
					],
					[
						"8963.331022",
						"1.42198e-16"
					],
					[
						"8968.848951",
						"1.20448e-16"
					],
					[
						"8974.366879",
						"1.08811e-16"
					],
					[
						"8979.884808",
						"1.14203e-16"
					],
					[
						"8985.402737",
						"1.21677e-16"
					],
					[
						"8990.920665",
						"1.09689e-16"
					],
					[
						"8996.438594",
						"1.05751e-16"
					],
					[
						"9001.956522",
						"1.1354e-16"
					],
					[
						"9007.474451",
						"1.35084e-16"
					],
					[
						"9012.99238",
						"9.05029e-17"
					],
					[
						"9018.510308",
						"9.72474e-17"
					],
					[
						"9024.028237",
						"5.27523e-17"
					],
					[
						"9029.546165",
						"9.5026e-17"
					],
					[
						"9035.064094",
						"8.87504e-17"
					],
					[
						"9040.582023",
						"1.27109e-16"
					],
					[
						"9046.099951",
						"9.42666e-17"
					],
					[
						"9051.61788",
						"7.03751e-17"
					],
					[
						"9057.135808",
						"8.93283e-17"
					],
					[
						"9062.653737",
						"7.3478e-17"
					],
					[
						"9068.171666",
						"1.22823e-16"
					],
					[
						"9073.689594",
						"7.5972e-17"
					],
					[
						"9079.207523",
						"1.15746e-16"
					],
					[
						"9084.725451",
						"8.63682e-17"
					],
					[
						"9090.24338",
						"1.2153e-16"
					],
					[
						"9095.761309",
						"1.33764e-16"
					],
					[
						"9101.279237",
						"1.29191e-16"
					],
					[
						"9106.797166",
						"1.16161e-16"
					],
					[
						"9112.315094",
						"9.64043e-17"
					],
					[
						"9117.833023",
						"9.39014e-17"
					],
					[
						"9123.350952",
						"1.12865e-16"
					],
					[
						"9128.86888",
						"1.08091e-16"
					],
					[
						"9134.386809",
						"1.15554e-16"
					],
					[
						"9139.904737",
						"9.77895e-17"
					],
					[
						"9145.422666",
						"1.05528e-16"
					],
					[
						"9150.940595",
						"1.13681e-16"
					],
					[
						"9156.458523",
						"6.76636e-17"
					],
					[
						"9161.976452",
						"1.06332e-16"
					],
					[
						"9167.49438",
						"1.16365e-16"
					],
					[
						"9173.012309",
						"8.37749e-17"
					],
					[
						"9178.530238",
						"1.0515e-16"
					],
					[
						"9184.048166",
						"8.91035e-17"
					],
					[
						"9189.566095",
						"1.03837e-16"
					],
					[
						"9195.084023",
						"1.21695e-16"
					],
					[
						"9200.601952",
						"1.18244e-16"
					],
					[
						"9206.119881",
						"1.20031e-16"
					],
					[
						"9211.637809",
						"8.35373e-17"
					],
					[
						"9217.155738",
						"1.31112e-16"
					],
					[
						"9222.673666",
						"1.20904e-16"
					],
					[
						"9228.191595",
						"6.16562e-17"
					],
					[
						"9233.709524",
						"6.05351e-17"
					],
					[
						"9239.227452",
						"1.27108e-16"
					]
				],
				"source":"8"
			}
		]
	}
}