{
	"ASASSN-15ul":{
		"schema":"https://github.com/astrocatalogs/supernovae/blob/a0bc0b9/SCHEMA.md",
		"name":"ASASSN-15ul",
		"sources":[
			{
				"name":"2016ATel.8543....1F",
				"bibcode":"2016ATel.8543....1F",
				"reference":"Falco et al. (2016)",
				"alias":"1"
			},
			{
				"name":"2016A&A...594A..13P",
				"bibcode":"2016A&A...594A..13P",
				"reference":"Planck Collaboration et al. (2016)",
				"alias":"2"
			},
			{
				"name":"2015ATel.8463....1K",
				"bibcode":"2015ATel.8463....1K",
				"reference":"Kiyota et al. (2015)",
				"alias":"3"
			},
			{
				"name":"2011ApJ...737..103S",
				"bibcode":"2011ApJ...737..103S",
				"reference":"Schlafly & Finkbeiner (2011)",
				"alias":"4"
			},
			{
				"name":"Pan-STARRS 3Pi",
				"url":"http://psweb.mp.qub.ac.uk/ps1threepi/psdb/",
				"alias":"5"
			},
			{
				"name":"ASAS-SN Supernovae",
				"url":"http://www.astronomy.ohio-state.edu/~assassin/sn_list.html",
				"alias":"6"
			},
			{
				"name":"Latest Supernovae",
				"secondary":true,
				"url":"http://www.rochesterastronomy.org/snimages/snredshiftall.html",
				"alias":"7"
			},
			{
				"name":"The Open Supernova Catalog",
				"bibcode":"2017ApJ...835...64G",
				"reference":"Guillochon et al. (2017)",
				"secondary":true,
				"url":"https://sne.space",
				"alias":"8"
			},
			{
				"name":"SIMBAD astronomical database",
				"bibcode":"2000A&AS..143....9W",
				"reference":"Wenger et al. (2000)",
				"secondary":true,
				"url":"http://simbad.u-strasbg.fr/",
				"alias":"9"
			}
		],
		"alias":[
			{
				"value":"ASASSN-15ul",
				"source":"3,5,6,7,9"
			},
			{
				"value":"PS16ayk",
				"source":"3,7"
			}
		],
		"claimedtype":[
			{
				"value":"II",
				"source":"1,9"
			},
			{
				"value":"Ia",
				"source":"1,6"
			},
			{
				"value":"Ia-91bg",
				"source":"3,7"
			}
		],
		"comovingdist":[
			{
				"value":"130.93",
				"derived":true,
				"u_value":"Mpc",
				"source":"2,3,6,8"
			}
		],
		"dec":[
			{
				"value":"+06:27:19.31",
				"u_value":"degrees",
				"source":"3,9"
			},
			{
				"value":"+06:27:19.3",
				"u_value":"degrees",
				"source":"3,7"
			},
			{
				"value":"+06:27:19.8",
				"u_value":"degrees",
				"source":"3,5"
			},
			{
				"value":"+06:27:19.296",
				"u_value":"degrees",
				"source":"3,6"
			}
		],
		"discoverdate":[
			{
				"value":"2015/12/23",
				"source":"3,7"
			}
		],
		"discoverer":[
			{
				"value":"ASAS-SN",
				"source":"3,7"
			}
		],
		"ebv":[
			{
				"value":"0.0274",
				"derived":true,
				"e_value":"0.0005",
				"source":"4,8"
			}
		],
		"host":[
			{
				"value":"KUG 1457+066",
				"source":"3,5,6,7"
			}
		],
		"hostoffsetang":[
			{
				"value":"2.56",
				"u_value":"arcseconds",
				"source":"3,6"
			}
		],
		"lumdist":[
			{
				"value":"134.829",
				"derived":true,
				"u_value":"Mpc",
				"source":"2,3,6,8"
			}
		],
		"maxabsmag":[
			{
				"value":"-18.717",
				"derived":true,
				"source":"2,3,6,8"
			}
		],
		"maxappmag":[
			{
				"value":"16.9",
				"derived":true,
				"source":"3,7,8"
			}
		],
		"maxdate":[
			{
				"value":"2015/12/22",
				"derived":true,
				"source":"3,7,8"
			}
		],
		"maxvisualabsmag":[
			{
				"value":"-15.6089",
				"derived":true,
				"source":"2,3,6,8"
			}
		],
		"maxvisualappmag":[
			{
				"value":"20.04",
				"derived":true,
				"source":"3,5,8"
			}
		],
		"maxvisualband":[
			{
				"value":"r",
				"derived":true,
				"source":"3,5,8"
			}
		],
		"maxvisualdate":[
			{
				"value":"2016/05/15",
				"derived":true,
				"source":"3,5,8"
			}
		],
		"ra":[
			{
				"value":"15:00:27.680",
				"u_value":"hours",
				"source":"3,9"
			},
			{
				"value":"15:00:27.68",
				"u_value":"hours",
				"source":"3,7"
			},
			{
				"value":"15:00:27.70",
				"u_value":"hours",
				"source":"3,5"
			},
			{
				"value":"15:00:27.6",
				"u_value":"hours",
				"source":"3,6"
			}
		],
		"redshift":[
			{
				"value":"0.029791",
				"source":"3,6"
			}
		],
		"velocity":[
			{
				"value":"8798.1",
				"u_value":"km/s",
				"source":"8"
			}
		],
		"photometry":[
			{
				"time":"57378.5",
				"magnitude":"16.9",
				"u_time":"MJD",
				"source":"3,7"
			},
			{
				"time":"57454.6477539656",
				"band":"z",
				"e_magnitude":"0.0398953",
				"instrument":"GPC",
				"magnitude":"18.646",
				"telescope":"Pan-STARRS1",
				"u_time":"MJD",
				"source":"3,5"
			},
			{
				"time":"57454.6566906314",
				"band":"z",
				"e_magnitude":"0.061657",
				"instrument":"GPC",
				"magnitude":"18.689",
				"telescope":"Pan-STARRS1",
				"u_time":"MJD",
				"source":"3,5"
			},
			{
				"time":"57456.6543358187",
				"band":"z",
				"e_magnitude":"0.153227",
				"instrument":"GPC",
				"magnitude":"18.826",
				"telescope":"Pan-STARRS1",
				"u_time":"MJD",
				"source":"3,5"
			},
			{
				"time":"57457.6456024233",
				"band":"z",
				"e_magnitude":"0.127458",
				"instrument":"GPC",
				"magnitude":"18.7811",
				"telescope":"Pan-STARRS1",
				"u_time":"MJD",
				"source":"3,5"
			},
			{
				"time":"57523.4429256669",
				"band":"r",
				"e_magnitude":"0.16651",
				"instrument":"GPC",
				"magnitude":"20.0435",
				"telescope":"Pan-STARRS1",
				"u_time":"MJD",
				"source":"3,5"
			},
			{
				"time":"57523.4551760745",
				"band":"r",
				"e_magnitude":"0.159949",
				"instrument":"GPC",
				"magnitude":"20.1027",
				"telescope":"Pan-STARRS1",
				"u_time":"MJD",
				"source":"3,5"
			},
			{
				"time":"57523.4673901903",
				"band":"r",
				"e_magnitude":"0.151293",
				"instrument":"GPC",
				"magnitude":"20.1719",
				"telescope":"Pan-STARRS1",
				"u_time":"MJD",
				"source":"3,5"
			},
			{
				"time":"57523.47960856",
				"band":"r",
				"e_magnitude":"0.169389",
				"instrument":"GPC",
				"magnitude":"20.0928",
				"telescope":"Pan-STARRS1",
				"u_time":"MJD",
				"source":"3,5"
			}
		]
	}
}