{
	"ASASSN-15ns":{
		"schema":"https://github.com/astrocatalogs/supernovae/blob/a0bc0b9/SCHEMA.md",
		"name":"ASASSN-15ns",
		"sources":[
			{
				"name":"2016A&A...594A..13P",
				"bibcode":"2016A&A...594A..13P",
				"reference":"Planck Collaboration et al. (2016)",
				"alias":"1"
			},
			{
				"name":"ATel 7891",
				"bibcode":"2015ATel.7891....1M",
				"reference":"Masi et al. (2015)",
				"url":"http://www.astronomerstelegram.org/?read=7891",
				"alias":"2"
			},
			{
				"name":"ATel 7899",
				"bibcode":"2015ATel.7899....1B",
				"reference":"Bersier et al. (2015)",
				"url":"http://www.astronomerstelegram.org/?read=7899",
				"alias":"3"
			},
			{
				"name":"2011ApJ...737..103S",
				"bibcode":"2011ApJ...737..103S",
				"reference":"Schlafly & Finkbeiner (2011)",
				"alias":"4"
			},
			{
				"name":"ASAS-SN Supernovae",
				"url":"http://www.astronomy.ohio-state.edu/~assassin/sn_list.html",
				"alias":"5"
			},
			{
				"name":"Latest Supernovae",
				"secondary":true,
				"url":"http://www.rochesterastronomy.org/snimages/snredshiftall.html",
				"alias":"6"
			},
			{
				"name":"The Open Supernova Catalog",
				"bibcode":"2017ApJ...835...64G",
				"reference":"Guillochon et al. (2017)",
				"secondary":true,
				"url":"https://sne.space",
				"alias":"7"
			}
		],
		"alias":[
			{
				"value":"ASASSN-15ns",
				"source":"2,5,6"
			}
		],
		"claimedtype":[
			{
				"value":"Ia",
				"source":"2,3,5,6"
			}
		],
		"comovingdist":[
			{
				"value":"134.77",
				"derived":true,
				"u_value":"Mpc",
				"source":"1,2,5,6,7"
			}
		],
		"dec":[
			{
				"value":"+39:19:12.8",
				"u_value":"degrees",
				"source":"2,6"
			},
			{
				"value":"+39:19:12.72",
				"u_value":"degrees",
				"source":"2,5"
			}
		],
		"discoverdate":[
			{
				"value":"2015/08/06",
				"source":"2,6"
			}
		],
		"discoverer":[
			{
				"value":"ASAS-SN",
				"source":"2,6"
			}
		],
		"ebv":[
			{
				"value":"0.0114",
				"derived":true,
				"e_value":"0.0014",
				"source":"4,7"
			}
		],
		"host":[
			{
				"value":"MRK 887",
				"source":"2,6"
			},
			{
				"value":"MRK 0887",
				"source":"2,5"
			}
		],
		"hostoffsetang":[
			{
				"value":"0.3",
				"u_value":"arcseconds",
				"source":"2,5"
			}
		],
		"lumdist":[
			{
				"value":"138.901",
				"derived":true,
				"u_value":"Mpc",
				"source":"1,2,5,6,7"
			}
		],
		"maxabsmag":[
			{
				"value":"-18.8807",
				"derived":true,
				"source":"1,2,5,6,7"
			}
		],
		"maxappmag":[
			{
				"value":"16.8",
				"derived":true,
				"source":"2,6,7"
			}
		],
		"maxdate":[
			{
				"value":"2015/08/05",
				"derived":true,
				"source":"2,6,7"
			}
		],
		"maxvisualabsmag":[
			{
				"value":"-18.9135",
				"derived":true,
				"source":"1,2,5,6,7"
			}
		],
		"maxvisualappmag":[
			{
				"value":"16.8",
				"derived":true,
				"source":"2,6,7"
			}
		],
		"maxvisualdate":[
			{
				"value":"2015/08/05",
				"derived":true,
				"source":"2,6,7"
			}
		],
		"ra":[
			{
				"value":"16:40:28.02",
				"u_value":"hours",
				"source":"2,6"
			},
			{
				"value":"16:40:28.08",
				"u_value":"hours",
				"source":"2,5"
			}
		],
		"redshift":[
			{
				"value":"0.030671",
				"source":"2,5,6"
			}
		],
		"velocity":[
			{
				"value":"9054",
				"u_value":"km/s",
				"source":"7"
			}
		],
		"photometry":[
			{
				"time":"57239.5",
				"magnitude":"16.8",
				"u_time":"MJD",
				"source":"2,6"
			}
		]
	}
}