{
	"ASASSN-17dv":{
		"schema":"https://github.com/astrocatalogs/supernovae/blob/a0bc0b9/SCHEMA.md",
		"name":"ASASSN-17dv",
		"sources":[
			{
				"name":"2011ApJ...737..103S",
				"bibcode":"2011ApJ...737..103S",
				"reference":"Schlafly & Finkbeiner (2011)",
				"alias":"1"
			},
			{
				"name":"Transient Name Server",
				"url":"https://wis-tns.weizmann.ac.il/",
				"alias":"2"
			},
			{
				"name":"ATel 10226",
				"url":"http://www.astronomerstelegram.org/?read=10226",
				"alias":"3"
			},
			{
				"name":"Latest Supernovae",
				"secondary":true,
				"url":"http://www.rochesterastronomy.org/snimages/snredshiftall.html",
				"alias":"4"
			},
			{
				"name":"The Open Supernova Catalog",
				"bibcode":"2017ApJ...835...64G",
				"reference":"Guillochon et al. (2017)",
				"secondary":true,
				"url":"https://sne.space",
				"alias":"5"
			}
		],
		"alias":[
			{
				"value":"ASASSN-17dv",
				"source":"2,3,4"
			},
			{
				"value":"AT2017civ",
				"source":"2,3,4"
			}
		],
		"dec":[
			{
				"value":"-21:57:54.94",
				"u_value":"degrees",
				"source":"2,3,4"
			}
		],
		"discoverdate":[
			{
				"value":"2017/03/22.34",
				"source":"2"
			}
		],
		"discoverer":[
			{
				"value":"ASAS-SN",
				"source":"2,3,4"
			}
		],
		"ebv":[
			{
				"value":"0.04",
				"derived":true,
				"e_value":"0.0003",
				"source":"1,5"
			}
		],
		"host":[
			{
				"value":"GALEXASC J095231.21-215754.7",
				"source":"2"
			}
		],
		"hostdec":[
			{
				"value":"-21:57:54.7",
				"derived":true,
				"u_value":"degrees",
				"source":"5"
			}
		],
		"hostoffsetang":[
			{
				"value":"1.138",
				"derived":true,
				"u_value":"arcseconds",
				"source":"2,3,4,5"
			}
		],
		"hostra":[
			{
				"value":"09:52:31.21",
				"derived":true,
				"u_value":"hours",
				"source":"5"
			}
		],
		"maxappmag":[
			{
				"value":"17.8",
				"derived":true,
				"source":"2,5"
			}
		],
		"maxband":[
			{
				"value":"V",
				"derived":true,
				"source":"2,5"
			}
		],
		"maxdate":[
			{
				"value":"2017/03/22",
				"derived":true,
				"source":"2,5"
			}
		],
		"maxvisualappmag":[
			{
				"value":"17.8",
				"derived":true,
				"source":"2,5"
			}
		],
		"maxvisualband":[
			{
				"value":"V",
				"derived":true,
				"source":"2,5"
			}
		],
		"maxvisualdate":[
			{
				"value":"2017/03/22",
				"derived":true,
				"source":"2,5"
			}
		],
		"ra":[
			{
				"value":"09:52:31.29",
				"u_value":"hours",
				"source":"2"
			},
			{
				"value":"09:52:31.290",
				"u_value":"hours",
				"source":"3,4"
			}
		],
		"photometry":[
			{
				"time":"57831.3",
				"band":"V",
				"instrument":"Brutus",
				"magnitude":"18.2",
				"system":"Vega",
				"telescope":"ASASSN-1",
				"u_time":"MJD",
				"upperlimit":true,
				"source":"2"
			},
			{
				"time":"57834.34",
				"band":"V",
				"e_magnitude":"0.15",
				"instrument":"Brutus",
				"magnitude":"17.8",
				"system":"Vega",
				"telescope":"ASASSN-1",
				"u_time":"MJD",
				"source":"2"
			}
		]
	}
}