{
	"ASASSN-16ox":{
		"schema":"https://github.com/astrocatalogs/supernovae/blob/a0bc0b9/SCHEMA.md",
		"name":"ASASSN-16ox",
		"sources":[
			{
				"name":"2011ApJ...737..103S",
				"bibcode":"2011ApJ...737..103S",
				"reference":"Schlafly & Finkbeiner (2011)",
				"alias":"1"
			},
			{
				"name":"Transient Name Server",
				"url":"https://wis-tns.weizmann.ac.il/",
				"alias":"2"
			},
			{
				"name":"The Open Supernova Catalog",
				"bibcode":"2017ApJ...835...64G",
				"reference":"Guillochon et al. (2017)",
				"secondary":true,
				"url":"https://sne.space",
				"alias":"3"
			}
		],
		"alias":[
			{
				"value":"ASASSN-16ox",
				"source":"2"
			},
			{
				"value":"AT2016iwu",
				"source":"2"
			}
		],
		"dec":[
			{
				"value":"+30:22:39.72",
				"u_value":"degrees",
				"source":"2"
			}
		],
		"discoverdate":[
			{
				"value":"2016/12/17.349988",
				"source":"2"
			}
		],
		"discoverer":[
			{
				"value":"ASAS-SN",
				"source":"2"
			}
		],
		"ebv":[
			{
				"value":"0.0414",
				"derived":true,
				"e_value":"0.0011",
				"source":"1,3"
			}
		],
		"host":[
			{
				"value":"M33",
				"source":"2"
			}
		],
		"hostredshift":[
			{
				"value":"-0.000597",
				"source":"2"
			}
		],
		"hostvelocity":[
			{
				"value":"-179.03",
				"source":"3"
			}
		],
		"maxappmag":[
			{
				"value":"15",
				"derived":true,
				"source":"2,3"
			}
		],
		"maxband":[
			{
				"value":"V",
				"derived":true,
				"source":"2,3"
			}
		],
		"maxdate":[
			{
				"value":"2016/12/17",
				"derived":true,
				"source":"2,3"
			}
		],
		"maxvisualappmag":[
			{
				"value":"15",
				"derived":true,
				"source":"2,3"
			}
		],
		"maxvisualband":[
			{
				"value":"V",
				"derived":true,
				"source":"2,3"
			}
		],
		"maxvisualdate":[
			{
				"value":"2016/12/17",
				"derived":true,
				"source":"2,3"
			}
		],
		"ra":[
			{
				"value":"01:34:05.76",
				"u_value":"hours",
				"source":"2"
			}
		],
		"redshift":[
			{
				"value":"-0.000597",
				"kind":"host",
				"source":"2"
			}
		],
		"velocity":[
			{
				"value":"-179.03",
				"u_value":"km/s",
				"source":"3"
			}
		],
		"photometry":[
			{
				"time":"57737.3499884",
				"band":"V",
				"instrument":"Brutus",
				"magnitude":"17.3",
				"system":"Vega",
				"telescope":"ASASSN-1",
				"u_time":"MJD",
				"upperlimit":true,
				"source":"2"
			},
			{
				"time":"57739.3499884",
				"band":"V",
				"e_magnitude":"0.04",
				"instrument":"Brutus",
				"magnitude":"15",
				"system":"Vega",
				"telescope":"ASASSN-1",
				"u_time":"MJD",
				"source":"2"
			}
		]
	}
}