{
	"ASASSN-15de":{
		"schema":"https://github.com/astrocatalogs/supernovae/blob/a0bc0b9/SCHEMA.md",
		"name":"ASASSN-15de",
		"sources":[
			{
				"name":"2016A&A...594A..13P",
				"bibcode":"2016A&A...594A..13P",
				"reference":"Planck Collaboration et al. (2016)",
				"alias":"1"
			},
			{
				"name":"2015ATel.7094....1B",
				"bibcode":"2015ATel.7094....1B",
				"reference":"Brimacombe et al. (2015)",
				"alias":"2"
			},
			{
				"name":"2015ATel.7103....1C",
				"bibcode":"2015ATel.7103....1C",
				"reference":"Challis et al. (2015)",
				"alias":"3"
			},
			{
				"name":"2011ApJ...737..103S",
				"bibcode":"2011ApJ...737..103S",
				"reference":"Schlafly & Finkbeiner (2011)",
				"alias":"4"
			},
			{
				"name":"ASAS-SN Supernovae",
				"url":"http://www.astronomy.ohio-state.edu/~assassin/sn_list.html",
				"alias":"5"
			},
			{
				"name":"Latest Supernovae",
				"secondary":true,
				"url":"http://www.rochesterastronomy.org/snimages/snredshiftall.html",
				"alias":"6"
			},
			{
				"name":"The Open Supernova Catalog",
				"bibcode":"2017ApJ...835...64G",
				"reference":"Guillochon et al. (2017)",
				"secondary":true,
				"url":"https://sne.space",
				"alias":"7"
			},
			{
				"name":"SIMBAD astronomical database",
				"bibcode":"2000A&AS..143....9W",
				"reference":"Wenger et al. (2000)",
				"secondary":true,
				"url":"http://simbad.u-strasbg.fr/",
				"alias":"8"
			}
		],
		"alias":[
			{
				"value":"ASASSN-15de",
				"source":"2,5,6,8"
			}
		],
		"claimedtype":[
			{
				"value":"Ia",
				"source":"3,8"
			},
			{
				"value":"Ia-91T",
				"source":"2,3,5,6"
			}
		],
		"comovingdist":[
			{
				"value":"220.63",
				"derived":true,
				"u_value":"Mpc",
				"source":"1,2,6,7"
			}
		],
		"dec":[
			{
				"value":"+29:54:52.5",
				"u_value":"degrees",
				"source":"2,6,8"
			},
			{
				"value":"+29:54:52.56",
				"u_value":"degrees",
				"source":"2,5"
			}
		],
		"discoverdate":[
			{
				"value":"2015/02/17",
				"source":"2,6"
			}
		],
		"discoverer":[
			{
				"value":"ASAS-SN",
				"source":"2,6"
			}
		],
		"ebv":[
			{
				"value":"0.0188",
				"derived":true,
				"e_value":"0.0003",
				"source":"4,7"
			}
		],
		"host":[
			{
				"value":"PGC 35344",
				"source":"2,6"
			},
			{
				"value":"SDSS J112849.43+295454.2",
				"source":"2,5"
			}
		],
		"hostdec":[
			{
				"value":"+29:54:54.2",
				"derived":true,
				"u_value":"degrees",
				"source":"7"
			}
		],
		"hostoffsetang":[
			{
				"value":"3.33",
				"u_value":"arcseconds",
				"source":"2,5"
			}
		],
		"hostoffsetdist":[
			{
				"value":"3.39",
				"source":"1,2,6,7,8"
			}
		],
		"hostra":[
			{
				"value":"11:28:49.43",
				"derived":true,
				"u_value":"hours",
				"source":"7"
			}
		],
		"lumdist":[
			{
				"value":"231.759",
				"derived":true,
				"u_value":"Mpc",
				"source":"1,2,6,7"
			}
		],
		"maxabsmag":[
			{
				"value":"-20.1717",
				"derived":true,
				"source":"1,2,6,7"
			}
		],
		"maxappmag":[
			{
				"value":"16.6",
				"derived":true,
				"source":"2,6,7"
			}
		],
		"maxdate":[
			{
				"value":"2015/02/19",
				"derived":true,
				"source":"2,6,7"
			}
		],
		"maxvisualabsmag":[
			{
				"value":"-20.2252",
				"derived":true,
				"source":"1,2,6,7"
			}
		],
		"maxvisualappmag":[
			{
				"value":"16.6",
				"derived":true,
				"source":"2,6,7"
			}
		],
		"maxvisualdate":[
			{
				"value":"2015/02/19",
				"derived":true,
				"source":"2,6,7"
			}
		],
		"ra":[
			{
				"value":"11:28:49.65",
				"u_value":"hours",
				"source":"2,6,8"
			},
			{
				"value":"11:28:49.68",
				"u_value":"hours",
				"source":"2,5"
			}
		],
		"redshift":[
			{
				"value":"0.050448",
				"source":"2,6"
			}
		],
		"velocity":[
			{
				"value":"14743",
				"u_value":"km/s",
				"source":"7"
			}
		],
		"photometry":[
			{
				"time":"57072.5",
				"magnitude":"16.6",
				"u_time":"MJD",
				"source":"2,6"
			}
		]
	}
}