{
	"ASASSN-15up":{
		"schema":"https://github.com/astrocatalogs/supernovae/blob/a0bc0b9/SCHEMA.md",
		"name":"ASASSN-15up",
		"sources":[
			{
				"name":"2016ATel.8498....1F",
				"bibcode":"2016ATel.8498....1F",
				"reference":"Frohmaier et al. (2016)",
				"alias":"1"
			},
			{
				"name":"2016A&A...594A..13P",
				"bibcode":"2016A&A...594A..13P",
				"reference":"Planck Collaboration et al. (2016)",
				"alias":"2"
			},
			{
				"name":"2015ATel.8473....1B",
				"bibcode":"2015ATel.8473....1B",
				"reference":"Brimacombe et al. (2015)",
				"alias":"3"
			},
			{
				"name":"2011ApJ...737..103S",
				"bibcode":"2011ApJ...737..103S",
				"reference":"Schlafly & Finkbeiner (2011)",
				"alias":"4"
			},
			{
				"name":"ASAS-SN Supernovae",
				"url":"http://www.astronomy.ohio-state.edu/~assassin/sn_list.html",
				"alias":"5"
			},
			{
				"name":"Latest Supernovae",
				"secondary":true,
				"url":"http://www.rochesterastronomy.org/snimages/snredshiftall.html",
				"alias":"6"
			},
			{
				"name":"The Open Supernova Catalog",
				"bibcode":"2017ApJ...835...64G",
				"reference":"Guillochon et al. (2017)",
				"secondary":true,
				"url":"https://sne.space",
				"alias":"7"
			},
			{
				"name":"WISeREP",
				"bibcode":"2012PASP..124..668Y",
				"reference":"Yaron & Gal-Yam (2012)",
				"secondary":true,
				"url":"http://wiserep.weizmann.ac.il/",
				"alias":"8"
			},
			{
				"name":"SIMBAD astronomical database",
				"bibcode":"2000A&AS..143....9W",
				"reference":"Wenger et al. (2000)",
				"secondary":true,
				"url":"http://simbad.u-strasbg.fr/",
				"alias":"9"
			}
		],
		"alias":[
			{
				"value":"ASASSN-15up",
				"source":"3,5,6,8,9"
			}
		],
		"claimedtype":[
			{
				"value":"Ia",
				"source":"1,3,5,6,8,9"
			}
		],
		"comovingdist":[
			{
				"value":"160",
				"derived":true,
				"u_value":"Mpc",
				"source":"2,3,5,6,7,8"
			}
		],
		"dec":[
			{
				"value":"-49:46:19.48",
				"u_value":"degrees",
				"source":"3,9"
			},
			{
				"value":"-49:46:19.5",
				"u_value":"degrees",
				"source":"3,6"
			},
			{
				"value":"-49:46:19.56",
				"u_value":"degrees",
				"source":"3,5"
			}
		],
		"discoverdate":[
			{
				"value":"2015/12/29",
				"source":"3,6"
			}
		],
		"discoverer":[
			{
				"value":"ASAS-SN",
				"source":"3,6"
			}
		],
		"ebv":[
			{
				"value":"0.0095",
				"derived":true,
				"e_value":"0.0002",
				"source":"4,7"
			}
		],
		"host":[
			{
				"value":"GALEXASC J042539.92-494621.0",
				"source":"3,5"
			}
		],
		"hostdec":[
			{
				"value":"-49:46:21.0",
				"derived":true,
				"u_value":"degrees",
				"source":"7"
			}
		],
		"hostoffsetang":[
			{
				"value":"7.88",
				"u_value":"arcseconds",
				"source":"3,5"
			}
		],
		"hostoffsetdist":[
			{
				"value":"5.89",
				"source":"2,3,5,6,7,8,9"
			}
		],
		"hostra":[
			{
				"value":"04:25:39.92",
				"derived":true,
				"u_value":"hours",
				"source":"7"
			}
		],
		"lumdist":[
			{
				"value":"168",
				"derived":true,
				"u_value":"Mpc",
				"source":"2,3,5,6,7,8"
			}
		],
		"maxabsmag":[
			{
				"value":"-19.7",
				"derived":true,
				"source":"2,3,5,6,7,8"
			}
		],
		"maxappmag":[
			{
				"value":"16.4",
				"derived":true,
				"source":"3,6,7"
			}
		],
		"maxdate":[
			{
				"value":"2015/12/28",
				"derived":true,
				"source":"3,6,7"
			}
		],
		"maxvisualabsmag":[
			{
				"value":"-19.7",
				"derived":true,
				"source":"2,3,5,6,7,8"
			}
		],
		"maxvisualappmag":[
			{
				"value":"16.4",
				"derived":true,
				"source":"3,6,7"
			}
		],
		"maxvisualdate":[
			{
				"value":"2015/12/28",
				"derived":true,
				"source":"3,6,7"
			}
		],
		"ra":[
			{
				"value":"04:25:39.258",
				"u_value":"hours",
				"source":"3,9"
			},
			{
				"value":"04:25:39.26",
				"u_value":"hours",
				"source":"3,6"
			},
			{
				"value":"04:25:39.264",
				"u_value":"hours",
				"source":"3,5"
			}
		],
		"redshift":[
			{
				"value":"0.037",
				"source":"3,5,6,8"
			}
		],
		"velocity":[
			{
				"value":"11000",
				"u_value":"km/s",
				"source":"7"
			}
		],
		"photometry":[
			{
				"time":"57384.5",
				"magnitude":"16.4",
				"u_time":"MJD",
				"source":"3,6"
			}
		],
		"spectra":[
			{
				"time":"57389.0",
				"filename":"tASASSN-15up_20160101_Gr13_Free_slit1.0_1_f.asci",
				"instrument":"ESO-NTT - EFOSC2-NTT",
				"observer":"Firth, Dimitriadis, Frohmaier",
				"redshift":"0.037",
				"reducer":"Firth, Frohmaier, Dimitriadis",
				"reduction":"rapid",
				"survey":"PESSTO",
				"u_fluxes":"erg/s/cm^2/Angstrom",
				"u_time":"MJD",
				"u_wavelengths":"Angstrom",
				"data":[
					[
						"3640.047852",
						"2.73047e-15"
					],
					[
						"3645.56578",
						"2.81521e-15"
					],
					[
						"3651.083709",
						"2.81244e-15"
					],
					[
						"3656.601637",
						"2.89909e-15"
					],
					[
						"3662.119566",
						"3.01063e-15"
					],
					[
						"3667.637495",
						"3.02335e-15"
					],
					[
						"3673.155423",
						"2.93142e-15"
					],
					[
						"3678.673352",
						"3.04988e-15"
					],
					[
						"3684.19128",
						"2.98373e-15"
					],
					[
						"3689.709209",
						"3.10316e-15"
					],
					[
						"3695.227138",
						"2.99634e-15"
					],
					[
						"3700.745066",
						"3.0729e-15"
					],
					[
						"3706.262995",
						"3.22406e-15"
					],
					[
						"3711.780923",
						"3.06525e-15"
					],
					[
						"3717.298852",
						"3.09691e-15"
					],
					[
						"3722.816781",
						"2.99451e-15"
					],
					[
						"3728.334709",
						"2.96248e-15"
					],
					[
						"3733.852638",
						"2.98269e-15"
					],
					[
						"3739.370566",
						"2.91054e-15"
					],
					[
						"3744.888495",
						"2.97363e-15"
					],
					[
						"3750.406424",
						"2.94918e-15"
					],
					[
						"3755.924352",
						"2.85639e-15"
					],
					[
						"3761.442281",
						"2.87384e-15"
					],
					[
						"3766.960209",
						"2.78406e-15"
					],
					[
						"3772.478138",
						"2.85104e-15"
					],
					[
						"3777.996067",
						"2.7349e-15"
					],
					[
						"3783.513995",
						"2.69629e-15"
					],
					[
						"3789.031924",
						"2.64754e-15"
					],
					[
						"3794.549852",
						"2.48892e-15"
					],
					[
						"3800.067781",
						"2.39106e-15"
					],
					[
						"3805.58571",
						"2.31781e-15"
					],
					[
						"3811.103638",
						"2.19685e-15"
					],
					[
						"3816.621567",
						"2.06314e-15"
					],
					[
						"3822.139495",
						"2.00829e-15"
					],
					[
						"3827.657424",
						"1.89165e-15"
					],
					[
						"3833.175353",
						"1.83573e-15"
					],
					[
						"3838.693281",
						"1.61076e-15"
					],
					[
						"3844.21121",
						"1.6304e-15"
					],
					[
						"3849.729138",
						"1.51655e-15"
					],
					[
						"3855.247067",
						"1.44972e-15"
					],
					[
						"3860.764996",
						"1.35532e-15"
					],
					[
						"3866.282924",
						"1.42899e-15"
					],
					[
						"3871.800853",
						"1.50422e-15"
					],
					[
						"3877.318781",
						"1.61149e-15"
					],
					[
						"3882.83671",
						"1.6211e-15"
					],
					[
						"3888.354639",
						"1.75419e-15"
					],
					[
						"3893.872567",
						"1.80712e-15"
					],
					[
						"3899.390496",
						"1.78883e-15"
					],
					[
						"3904.908424",
						"1.70296e-15"
					],
					[
						"3910.426353",
						"1.58856e-15"
					],
					[
						"3915.944282",
						"1.61392e-15"
					],
					[
						"3921.46221",
						"1.58418e-15"
					],
					[
						"3926.980139",
						"1.47436e-15"
					],
					[
						"3932.498067",
						"1.4205e-15"
					],
					[
						"3938.015996",
						"1.4436e-15"
					],
					[
						"3943.533925",
						"1.45405e-15"
					],
					[
						"3949.051853",
						"1.48611e-15"
					],
					[
						"3954.569782",
						"1.49132e-15"
					],
					[
						"3960.08771",
						"1.56488e-15"
					],
					[
						"3965.605639",
						"1.56093e-15"
					],
					[
						"3971.123568",
						"1.70917e-15"
					],
					[
						"3976.641496",
						"1.86084e-15"
					],
					[
						"3982.159425",
						"1.92087e-15"
					],
					[
						"3987.677353",
						"2.13641e-15"
					],
					[
						"3993.195282",
						"2.23229e-15"
					],
					[
						"3998.713211",
						"2.38858e-15"
					],
					[
						"4004.231139",
						"2.4732e-15"
					],
					[
						"4009.749068",
						"2.5068e-15"
					],
					[
						"4015.266996",
						"2.58921e-15"
					],
					[
						"4020.784925",
						"2.75617e-15"
					],
					[
						"4026.302854",
						"2.79435e-15"
					],
					[
						"4031.820782",
						"2.82909e-15"
					],
					[
						"4037.338711",
						"2.89663e-15"
					],
					[
						"4042.856639",
						"2.90177e-15"
					],
					[
						"4048.374568",
						"3.01855e-15"
					],
					[
						"4053.892497",
						"3.04289e-15"
					],
					[
						"4059.410425",
						"3.03541e-15"
					],
					[
						"4064.928354",
						"3.0097e-15"
					],
					[
						"4070.446282",
						"3.0233e-15"
					],
					[
						"4075.964211",
						"3.13604e-15"
					],
					[
						"4081.48214",
						"3.16623e-15"
					],
					[
						"4087.000068",
						"3.19511e-15"
					],
					[
						"4092.517997",
						"3.19805e-15"
					],
					[
						"4098.035925",
						"3.04079e-15"
					],
					[
						"4103.553854",
						"2.99033e-15"
					],
					[
						"4109.071783",
						"2.96421e-15"
					],
					[
						"4114.589711",
						"2.89267e-15"
					],
					[
						"4120.10764",
						"2.86346e-15"
					],
					[
						"4125.625568",
						"2.71802e-15"
					],
					[
						"4131.143497",
						"2.63017e-15"
					],
					[
						"4136.661426",
						"2.54798e-15"
					],
					[
						"4142.179354",
						"2.51422e-15"
					],
					[
						"4147.697283",
						"2.53098e-15"
					],
					[
						"4153.215211",
						"2.51131e-15"
					],
					[
						"4158.73314",
						"2.602e-15"
					],
					[
						"4164.251069",
						"2.54129e-15"
					],
					[
						"4169.768997",
						"2.65005e-15"
					],
					[
						"4175.286926",
						"2.76282e-15"
					],
					[
						"4180.804854",
						"2.7066e-15"
					],
					[
						"4186.322783",
						"2.78733e-15"
					],
					[
						"4191.840712",
						"2.87413e-15"
					],
					[
						"4197.35864",
						"2.87259e-15"
					],
					[
						"4202.876569",
						"2.83741e-15"
					],
					[
						"4208.394497",
						"3.0153e-15"
					],
					[
						"4213.912426",
						"2.94266e-15"
					],
					[
						"4219.430355",
						"2.92971e-15"
					],
					[
						"4224.948283",
						"2.95875e-15"
					],
					[
						"4230.466212",
						"2.96986e-15"
					],
					[
						"4235.98414",
						"2.95927e-15"
					],
					[
						"4241.502069",
						"2.94825e-15"
					],
					[
						"4247.019998",
						"2.88573e-15"
					],
					[
						"4252.537926",
						"2.83621e-15"
					],
					[
						"4258.055855",
						"2.81249e-15"
					],
					[
						"4263.573783",
						"2.75394e-15"
					],
					[
						"4269.091712",
						"2.73998e-15"
					],
					[
						"4274.609641",
						"2.61447e-15"
					],
					[
						"4280.127569",
						"2.59896e-15"
					],
					[
						"4285.645498",
						"2.46933e-15"
					],
					[
						"4291.163426",
						"2.51018e-15"
					],
					[
						"4296.681355",
						"2.46628e-15"
					],
					[
						"4302.199284",
						"2.45756e-15"
					],
					[
						"4307.717212",
						"2.4543e-15"
					],
					[
						"4313.235141",
						"2.42818e-15"
					],
					[
						"4318.753069",
						"2.46296e-15"
					],
					[
						"4324.270998",
						"2.40006e-15"
					],
					[
						"4329.788927",
						"2.41944e-15"
					],
					[
						"4335.306855",
						"2.36163e-15"
					],
					[
						"4340.824784",
						"2.30428e-15"
					],
					[
						"4346.342712",
						"2.29091e-15"
					],
					[
						"4351.860641",
						"2.18979e-15"
					],
					[
						"4357.37857",
						"2.08458e-15"
					],
					[
						"4362.896498",
						"2.09156e-15"
					],
					[
						"4368.414427",
						"1.99375e-15"
					],
					[
						"4373.932355",
						"1.96153e-15"
					],
					[
						"4379.450284",
						"1.95068e-15"
					],
					[
						"4384.968213",
						"1.8499e-15"
					],
					[
						"4390.486141",
						"1.80599e-15"
					],
					[
						"4396.00407",
						"1.78343e-15"
					],
					[
						"4401.521998",
						"1.80291e-15"
					],
					[
						"4407.039927",
						"1.7938e-15"
					],
					[
						"4412.557856",
						"1.74553e-15"
					],
					[
						"4418.075784",
						"1.67386e-15"
					],
					[
						"4423.593713",
						"1.72713e-15"
					],
					[
						"4429.111641",
						"1.64107e-15"
					],
					[
						"4434.62957",
						"1.61736e-15"
					],
					[
						"4440.147499",
						"1.57212e-15"
					],
					[
						"4445.665427",
						"1.50168e-15"
					],
					[
						"4451.183356",
						"1.45694e-15"
					],
					[
						"4456.701284",
						"1.50572e-15"
					],
					[
						"4462.219213",
						"1.4774e-15"
					],
					[
						"4467.737142",
						"1.51337e-15"
					],
					[
						"4473.25507",
						"1.51101e-15"
					],
					[
						"4478.772999",
						"1.51725e-15"
					],
					[
						"4484.290927",
						"1.48463e-15"
					],
					[
						"4489.808856",
						"1.48947e-15"
					],
					[
						"4495.326785",
						"1.58565e-15"
					],
					[
						"4500.844713",
						"1.59434e-15"
					],
					[
						"4506.362642",
						"1.59443e-15"
					],
					[
						"4511.88057",
						"1.6692e-15"
					],
					[
						"4517.398499",
						"1.76027e-15"
					],
					[
						"4522.916428",
						"1.79914e-15"
					],
					[
						"4528.434356",
						"1.82629e-15"
					],
					[
						"4533.952285",
						"1.80653e-15"
					],
					[
						"4539.470213",
						"1.81121e-15"
					],
					[
						"4544.988142",
						"1.78982e-15"
					],
					[
						"4550.506071",
						"1.7867e-15"
					],
					[
						"4556.023999",
						"1.72612e-15"
					],
					[
						"4561.541928",
						"1.70295e-15"
					],
					[
						"4567.059856",
						"1.62764e-15"
					],
					[
						"4572.577785",
						"1.56247e-15"
					],
					[
						"4578.095714",
						"1.49709e-15"
					],
					[
						"4583.613642",
						"1.48985e-15"
					],
					[
						"4589.131571",
						"1.46204e-15"
					],
					[
						"4594.649499",
						"1.50156e-15"
					],
					[
						"4600.167428",
						"1.52984e-15"
					],
					[
						"4605.685357",
						"1.54523e-15"
					],
					[
						"4611.203285",
						"1.59946e-15"
					],
					[
						"4616.721214",
						"1.65321e-15"
					],
					[
						"4622.239142",
						"1.71588e-15"
					],
					[
						"4627.757071",
						"1.79189e-15"
					],
					[
						"4633.275",
						"1.80858e-15"
					],
					[
						"4638.792928",
						"1.79841e-15"
					],
					[
						"4644.310857",
						"1.88325e-15"
					],
					[
						"4649.828785",
						"1.86597e-15"
					],
					[
						"4655.346714",
						"1.85276e-15"
					],
					[
						"4660.864643",
						"1.87126e-15"
					],
					[
						"4666.382571",
						"1.8487e-15"
					],
					[
						"4671.9005",
						"1.88829e-15"
					],
					[
						"4677.418428",
						"1.83908e-15"
					],
					[
						"4682.936357",
						"1.87102e-15"
					],
					[
						"4688.454286",
						"1.86263e-15"
					],
					[
						"4693.972214",
						"1.84135e-15"
					],
					[
						"4699.490143",
						"1.85329e-15"
					],
					[
						"4705.008071",
						"1.82243e-15"
					],
					[
						"4710.526",
						"1.81925e-15"
					],
					[
						"4716.043929",
						"1.80711e-15"
					],
					[
						"4721.561857",
						"1.86374e-15"
					],
					[
						"4727.079786",
						"1.85575e-15"
					],
					[
						"4732.597714",
						"1.86338e-15"
					],
					[
						"4738.115643",
						"1.83614e-15"
					],
					[
						"4743.633572",
						"1.79987e-15"
					],
					[
						"4749.1515",
						"1.79159e-15"
					],
					[
						"4754.669429",
						"1.82284e-15"
					],
					[
						"4760.187357",
						"1.82948e-15"
					],
					[
						"4765.705286",
						"1.83245e-15"
					],
					[
						"4771.223215",
						"1.82317e-15"
					],
					[
						"4776.741143",
						"1.82885e-15"
					],
					[
						"4782.259072",
						"1.81766e-15"
					],
					[
						"4787.777",
						"1.7653e-15"
					],
					[
						"4793.294929",
						"1.75407e-15"
					],
					[
						"4798.812858",
						"1.77621e-15"
					],
					[
						"4804.330786",
						"1.66464e-15"
					],
					[
						"4809.848715",
						"1.63983e-15"
					],
					[
						"4815.366643",
						"1.59215e-15"
					],
					[
						"4820.884572",
						"1.54577e-15"
					],
					[
						"4826.402501",
						"1.47535e-15"
					],
					[
						"4831.920429",
						"1.47252e-15"
					],
					[
						"4837.438358",
						"1.4573e-15"
					],
					[
						"4842.956286",
						"1.41714e-15"
					],
					[
						"4848.474215",
						"1.41264e-15"
					],
					[
						"4853.992144",
						"1.44738e-15"
					],
					[
						"4859.510072",
						"1.39665e-15"
					],
					[
						"4865.028001",
						"1.44371e-15"
					],
					[
						"4870.545929",
						"1.48024e-15"
					],
					[
						"4876.063858",
						"1.48089e-15"
					],
					[
						"4881.581787",
						"1.47281e-15"
					],
					[
						"4887.099715",
						"1.4873e-15"
					],
					[
						"4892.617644",
						"1.47143e-15"
					],
					[
						"4898.135572",
						"1.41296e-15"
					],
					[
						"4903.653501",
						"1.40939e-15"
					],
					[
						"4909.17143",
						"1.34865e-15"
					],
					[
						"4914.689358",
						"1.33846e-15"
					],
					[
						"4920.207287",
						"1.31256e-15"
					],
					[
						"4925.725215",
						"1.32844e-15"
					],
					[
						"4931.243144",
						"1.35632e-15"
					],
					[
						"4936.761073",
						"1.36653e-15"
					],
					[
						"4942.279001",
						"1.35598e-15"
					],
					[
						"4947.79693",
						"1.35554e-15"
					],
					[
						"4953.314858",
						"1.36939e-15"
					],
					[
						"4958.832787",
						"1.36005e-15"
					],
					[
						"4964.350716",
						"1.40767e-15"
					],
					[
						"4969.868644",
						"1.38469e-15"
					],
					[
						"4975.386573",
						"1.38897e-15"
					],
					[
						"4980.904501",
						"1.357e-15"
					],
					[
						"4986.42243",
						"1.33953e-15"
					],
					[
						"4991.940359",
						"1.30597e-15"
					],
					[
						"4997.458287",
						"1.27648e-15"
					],
					[
						"5002.976216",
						"1.19352e-15"
					],
					[
						"5008.494144",
						"1.17267e-15"
					],
					[
						"5014.012073",
						"1.14475e-15"
					],
					[
						"5019.530002",
						"1.10934e-15"
					],
					[
						"5025.04793",
						"1.06217e-15"
					],
					[
						"5030.565859",
						"1.05785e-15"
					],
					[
						"5036.083787",
						"1.04217e-15"
					],
					[
						"5041.601716",
						"1.016e-15"
					],
					[
						"5047.119645",
						"1.05636e-15"
					],
					[
						"5052.637573",
						"1.0196e-15"
					],
					[
						"5058.155502",
						"1.03839e-15"
					],
					[
						"5063.67343",
						"1.02081e-15"
					],
					[
						"5069.191359",
						"1.06174e-15"
					],
					[
						"5074.709288",
						"1.04059e-15"
					],
					[
						"5080.227216",
						"1.10553e-15"
					],
					[
						"5085.745145",
						"1.10477e-15"
					],
					[
						"5091.263073",
						"1.11468e-15"
					],
					[
						"5096.781002",
						"1.1116e-15"
					],
					[
						"5102.298931",
						"1.13797e-15"
					],
					[
						"5107.816859",
						"1.15901e-15"
					],
					[
						"5113.334788",
						"1.16438e-15"
					],
					[
						"5118.852716",
						"1.14775e-15"
					],
					[
						"5124.370645",
						"1.14563e-15"
					],
					[
						"5129.888574",
						"1.14019e-15"
					],
					[
						"5135.406502",
						"1.16518e-15"
					],
					[
						"5140.924431",
						"1.14768e-15"
					],
					[
						"5146.442359",
						"1.13816e-15"
					],
					[
						"5151.960288",
						"1.11463e-15"
					],
					[
						"5157.478217",
						"1.10713e-15"
					],
					[
						"5162.996145",
						"1.13963e-15"
					],
					[
						"5168.514074",
						"1.14863e-15"
					],
					[
						"5174.032002",
						"1.1415e-15"
					],
					[
						"5179.549931",
						"1.1263e-15"
					],
					[
						"5185.06786",
						"1.13617e-15"
					],
					[
						"5190.585788",
						"1.17167e-15"
					],
					[
						"5196.103717",
						"1.16798e-15"
					],
					[
						"5201.621645",
						"1.16923e-15"
					],
					[
						"5207.139574",
						"1.1682e-15"
					],
					[
						"5212.657503",
						"1.18672e-15"
					],
					[
						"5218.175431",
						"1.20273e-15"
					],
					[
						"5223.69336",
						"1.22289e-15"
					],
					[
						"5229.211288",
						"1.23327e-15"
					],
					[
						"5234.729217",
						"1.22823e-15"
					],
					[
						"5240.247146",
						"1.22763e-15"
					],
					[
						"5245.765074",
						"1.26317e-15"
					],
					[
						"5251.283003",
						"1.28363e-15"
					],
					[
						"5256.800931",
						"1.24861e-15"
					],
					[
						"5262.31886",
						"1.27272e-15"
					],
					[
						"5267.836789",
						"1.28965e-15"
					],
					[
						"5273.354717",
						"1.31552e-15"
					],
					[
						"5278.872646",
						"1.32211e-15"
					],
					[
						"5284.390574",
						"1.34312e-15"
					],
					[
						"5289.908503",
						"1.31979e-15"
					],
					[
						"5295.426432",
						"1.3109e-15"
					],
					[
						"5300.94436",
						"1.31632e-15"
					],
					[
						"5306.462289",
						"1.29542e-15"
					],
					[
						"5311.980217",
						"1.26645e-15"
					],
					[
						"5317.498146",
						"1.28243e-15"
					],
					[
						"5323.016075",
						"1.27874e-15"
					],
					[
						"5328.534003",
						"1.25709e-15"
					],
					[
						"5334.051932",
						"1.24639e-15"
					],
					[
						"5339.56986",
						"1.25874e-15"
					],
					[
						"5345.087789",
						"1.25245e-15"
					],
					[
						"5350.605718",
						"1.2521e-15"
					],
					[
						"5356.123646",
						"1.2291e-15"
					],
					[
						"5361.641575",
						"1.23513e-15"
					],
					[
						"5367.159503",
						"1.22416e-15"
					],
					[
						"5372.677432",
						"1.24499e-15"
					],
					[
						"5378.195361",
						"1.27964e-15"
					],
					[
						"5383.713289",
						"1.29718e-15"
					],
					[
						"5389.231218",
						"1.25683e-15"
					],
					[
						"5394.749146",
						"1.29493e-15"
					],
					[
						"5400.267075",
						"1.25353e-15"
					],
					[
						"5405.785004",
						"1.19941e-15"
					],
					[
						"5411.302932",
						"1.14847e-15"
					],
					[
						"5416.820861",
						"1.11375e-15"
					],
					[
						"5422.338789",
						"1.04625e-15"
					],
					[
						"5427.856718",
						"1.04173e-15"
					],
					[
						"5433.374647",
						"9.80363e-16"
					],
					[
						"5438.892575",
						"9.86094e-16"
					],
					[
						"5444.410504",
						"8.84864e-16"
					],
					[
						"5449.928432",
						"9.17374e-16"
					],
					[
						"5455.446361",
						"9.13274e-16"
					],
					[
						"5460.96429",
						"8.93929e-16"
					],
					[
						"5466.482218",
						"8.70991e-16"
					],
					[
						"5472.000147",
						"8.61714e-16"
					],
					[
						"5477.518075",
						"8.73523e-16"
					],
					[
						"5483.036004",
						"8.69049e-16"
					],
					[
						"5488.553933",
						"8.7279e-16"
					],
					[
						"5494.071861",
						"8.50766e-16"
					],
					[
						"5499.58979",
						"8.68394e-16"
					],
					[
						"5505.107718",
						"9.02219e-16"
					],
					[
						"5510.625647",
						"9.10802e-16"
					],
					[
						"5516.143576",
						"9.46089e-16"
					],
					[
						"5521.661504",
						"9.41899e-16"
					],
					[
						"5527.179433",
						"9.23963e-16"
					],
					[
						"5532.697361",
						"9.85581e-16"
					],
					[
						"5538.21529",
						"1.00403e-15"
					],
					[
						"5543.733219",
						"9.74259e-16"
					],
					[
						"5549.251147",
						"1.00316e-15"
					],
					[
						"5554.769076",
						"1.02695e-15"
					],
					[
						"5560.287004",
						"9.95114e-16"
					],
					[
						"5565.804933",
						"1.0095e-15"
					],
					[
						"5571.322862",
						"9.76684e-16"
					],
					[
						"5576.84079",
						"9.8745e-16"
					],
					[
						"5582.358719",
						"1.02067e-15"
					],
					[
						"5587.876647",
						"1.03139e-15"
					],
					[
						"5593.394576",
						"9.42378e-16"
					],
					[
						"5598.912505",
						"9.69828e-16"
					],
					[
						"5604.430433",
						"9.65116e-16"
					],
					[
						"5609.948362",
						"9.39959e-16"
					],
					[
						"5615.46629",
						"8.94714e-16"
					],
					[
						"5620.984219",
						"8.62236e-16"
					],
					[
						"5626.502148",
						"8.3039e-16"
					],
					[
						"5632.020076",
						"7.92145e-16"
					],
					[
						"5637.538005",
						"8.12499e-16"
					],
					[
						"5643.055933",
						"7.70087e-16"
					],
					[
						"5648.573862",
						"8.08473e-16"
					],
					[
						"5654.091791",
						"7.53499e-16"
					],
					[
						"5659.609719",
						"8.25093e-16"
					],
					[
						"5665.127648",
						"8.20308e-16"
					],
					[
						"5670.645576",
						"7.85162e-16"
					],
					[
						"5676.163505",
						"8.34594e-16"
					],
					[
						"5681.681434",
						"8.52334e-16"
					],
					[
						"5687.199362",
						"8.83696e-16"
					],
					[
						"5692.717291",
						"8.90471e-16"
					],
					[
						"5698.235219",
						"9.18248e-16"
					],
					[
						"5703.753148",
						"9.00014e-16"
					],
					[
						"5709.271077",
						"9.45625e-16"
					],
					[
						"5714.789005",
						"9.40676e-16"
					],
					[
						"5720.306934",
						"9.55454e-16"
					],
					[
						"5725.824862",
						"9.78994e-16"
					],
					[
						"5731.342791",
						"9.84758e-16"
					],
					[
						"5736.86072",
						"9.93002e-16"
					],
					[
						"5742.378648",
						"9.80577e-16"
					],
					[
						"5747.896577",
						"9.36723e-16"
					],
					[
						"5753.414505",
						"9.35633e-16"
					],
					[
						"5758.932434",
						"9.48555e-16"
					],
					[
						"5764.450363",
						"9.44269e-16"
					],
					[
						"5769.968291",
						"9.62206e-16"
					],
					[
						"5775.48622",
						"9.71194e-16"
					],
					[
						"5781.004148",
						"9.70285e-16"
					],
					[
						"5786.522077",
						"9.56728e-16"
					],
					[
						"5792.040006",
						"9.63561e-16"
					],
					[
						"5797.557934",
						"9.91813e-16"
					],
					[
						"5803.075863",
						"9.93213e-16"
					],
					[
						"5808.593791",
						"1.00748e-15"
					],
					[
						"5814.11172",
						"1.00005e-15"
					],
					[
						"5819.629649",
						"1.01174e-15"
					],
					[
						"5825.147577",
						"1.01678e-15"
					],
					[
						"5830.665506",
						"9.92273e-16"
					],
					[
						"5836.183434",
						"9.9811e-16"
					],
					[
						"5841.701363",
						"9.81656e-16"
					],
					[
						"5847.219292",
						"1.00591e-15"
					],
					[
						"5852.73722",
						"1.00993e-15"
					],
					[
						"5858.255149",
						"1.00932e-15"
					],
					[
						"5863.773077",
						"1.00409e-15"
					],
					[
						"5869.291006",
						"1.03286e-15"
					],
					[
						"5874.808935",
						"9.90513e-16"
					],
					[
						"5880.326863",
						"9.80348e-16"
					],
					[
						"5885.844792",
						"1.01606e-15"
					],
					[
						"5891.36272",
						"1.00234e-15"
					],
					[
						"5896.880649",
						"9.99764e-16"
					],
					[
						"5902.398578",
						"9.46535e-16"
					],
					[
						"5907.916506",
						"9.75265e-16"
					],
					[
						"5913.434435",
						"9.87774e-16"
					],
					[
						"5918.952363",
						"9.5683e-16"
					],
					[
						"5924.470292",
						"9.37306e-16"
					],
					[
						"5929.988221",
						"9.36489e-16"
					],
					[
						"5935.506149",
						"9.18584e-16"
					],
					[
						"5941.024078",
						"9.12472e-16"
					],
					[
						"5946.542006",
						"9.20756e-16"
					],
					[
						"5952.059935",
						"8.78143e-16"
					],
					[
						"5957.577864",
						"8.72817e-16"
					],
					[
						"5963.095792",
						"8.84172e-16"
					],
					[
						"5968.613721",
						"8.76499e-16"
					],
					[
						"5974.131649",
						"8.61701e-16"
					],
					[
						"5979.649578",
						"8.47299e-16"
					],
					[
						"5985.167507",
						"8.56435e-16"
					],
					[
						"5990.685435",
						"8.69528e-16"
					],
					[
						"5996.203364",
						"8.42185e-16"
					],
					[
						"6001.721293",
						"8.45763e-16"
					],
					[
						"6007.239221",
						"8.58045e-16"
					],
					[
						"6012.75715",
						"8.36142e-16"
					],
					[
						"6018.275078",
						"8.54548e-16"
					],
					[
						"6023.793007",
						"8.98055e-16"
					],
					[
						"6029.310935",
						"8.73647e-16"
					],
					[
						"6034.828864",
						"8.58064e-16"
					],
					[
						"6040.346793",
						"8.507e-16"
					],
					[
						"6045.864721",
						"8.36355e-16"
					],
					[
						"6051.38265",
						"8.59781e-16"
					],
					[
						"6056.900578",
						"8.62538e-16"
					],
					[
						"6062.418507",
						"8.65604e-16"
					],
					[
						"6067.936436",
						"8.64519e-16"
					],
					[
						"6073.454364",
						"8.55762e-16"
					],
					[
						"6078.972293",
						"8.4512e-16"
					],
					[
						"6084.490222",
						"8.60293e-16"
					],
					[
						"6090.00815",
						"8.52919e-16"
					],
					[
						"6095.526079",
						"8.68081e-16"
					],
					[
						"6101.044007",
						"8.8752e-16"
					],
					[
						"6106.561936",
						"8.8272e-16"
					],
					[
						"6112.079865",
						"8.90955e-16"
					],
					[
						"6117.597793",
						"8.87412e-16"
					],
					[
						"6123.115722",
						"9.00437e-16"
					],
					[
						"6128.63365",
						"8.31731e-16"
					],
					[
						"6134.151579",
						"8.82474e-16"
					],
					[
						"6139.669507",
						"8.80643e-16"
					],
					[
						"6145.187436",
						"8.50371e-16"
					],
					[
						"6150.705365",
						"8.47759e-16"
					],
					[
						"6156.223293",
						"8.46746e-16"
					],
					[
						"6161.741222",
						"8.47215e-16"
					],
					[
						"6167.259151",
						"8.50877e-16"
					],
					[
						"6172.777079",
						"8.38447e-16"
					],
					[
						"6178.295008",
						"8.54154e-16"
					],
					[
						"6183.812936",
						"8.51869e-16"
					],
					[
						"6189.330865",
						"8.63538e-16"
					],
					[
						"6194.848794",
						"8.49324e-16"
					],
					[
						"6200.366722",
						"8.42718e-16"
					],
					[
						"6205.884651",
						"8.24665e-16"
					],
					[
						"6211.402579",
						"8.16107e-16"
					],
					[
						"6216.920508",
						"7.85377e-16"
					],
					[
						"6222.438437",
						"8.07136e-16"
					],
					[
						"6227.956365",
						"7.69681e-16"
					],
					[
						"6233.474294",
						"7.81797e-16"
					],
					[
						"6238.992222",
						"7.9521e-16"
					],
					[
						"6244.510151",
						"7.48142e-16"
					],
					[
						"6250.02808",
						"7.38362e-16"
					],
					[
						"6255.546008",
						"7.42058e-16"
					],
					[
						"6261.063937",
						"7.34899e-16"
					],
					[
						"6266.581865",
						"7.08569e-16"
					],
					[
						"6272.099794",
						"6.82523e-16"
					],
					[
						"6277.617723",
						"6.45514e-16"
					],
					[
						"6283.135651",
						"6.54828e-16"
					],
					[
						"6288.65358",
						"6.38272e-16"
					],
					[
						"6294.171508",
						"5.68944e-16"
					],
					[
						"6299.689437",
						"5.63257e-16"
					],
					[
						"6305.207366",
						"5.43511e-16"
					],
					[
						"6310.725294",
						"4.97422e-16"
					],
					[
						"6316.243223",
						"4.40703e-16"
					],
					[
						"6321.761151",
						"4.17709e-16"
					],
					[
						"6327.27908",
						"4.22322e-16"
					],
					[
						"6332.797009",
						"4.14622e-16"
					],
					[
						"6338.314937",
						"4.00894e-16"
					],
					[
						"6343.832866",
						"3.86708e-16"
					],
					[
						"6349.350794",
						"3.59709e-16"
					],
					[
						"6354.868723",
						"3.63193e-16"
					],
					[
						"6360.386652",
						"3.52951e-16"
					],
					[
						"6365.90458",
						"3.53032e-16"
					],
					[
						"6371.422509",
						"3.58604e-16"
					],
					[
						"6376.940437",
						"3.77908e-16"
					],
					[
						"6382.458366",
						"3.99004e-16"
					],
					[
						"6387.976295",
						"4.19427e-16"
					],
					[
						"6393.494223",
						"4.17521e-16"
					],
					[
						"6399.012152",
						"4.59814e-16"
					],
					[
						"6404.53008",
						"4.97907e-16"
					],
					[
						"6410.048009",
						"4.89881e-16"
					],
					[
						"6415.565938",
						"4.79526e-16"
					],
					[
						"6421.083866",
						"5.30178e-16"
					],
					[
						"6426.601795",
						"5.53179e-16"
					],
					[
						"6432.119723",
						"5.75704e-16"
					],
					[
						"6437.637652",
						"5.93152e-16"
					],
					[
						"6443.155581",
						"6.02782e-16"
					],
					[
						"6448.673509",
						"6.18614e-16"
					],
					[
						"6454.191438",
						"6.36705e-16"
					],
					[
						"6459.709366",
						"6.1712e-16"
					],
					[
						"6465.227295",
						"6.56068e-16"
					],
					[
						"6470.745224",
						"6.97292e-16"
					],
					[
						"6476.263152",
						"6.90513e-16"
					],
					[
						"6481.781081",
						"6.60349e-16"
					],
					[
						"6487.299009",
						"6.60809e-16"
					],
					[
						"6492.816938",
						"6.89204e-16"
					],
					[
						"6498.334867",
						"6.9328e-16"
					],
					[
						"6503.852795",
						"7.09333e-16"
					],
					[
						"6509.370724",
						"7.30463e-16"
					],
					[
						"6514.888652",
						"7.11569e-16"
					],
					[
						"6520.406581",
						"7.15955e-16"
					],
					[
						"6525.92451",
						"7.14067e-16"
					],
					[
						"6531.442438",
						"6.92344e-16"
					],
					[
						"6536.960367",
						"7.2019e-16"
					],
					[
						"6542.478295",
						"6.90305e-16"
					],
					[
						"6547.996224",
						"6.88409e-16"
					],
					[
						"6553.514153",
						"6.81058e-16"
					],
					[
						"6559.032081",
						"6.45197e-16"
					],
					[
						"6564.55001",
						"6.33717e-16"
					],
					[
						"6570.067938",
						"6.34119e-16"
					],
					[
						"6575.585867",
						"6.5516e-16"
					],
					[
						"6581.103796",
						"6.3976e-16"
					],
					[
						"6586.621724",
						"6.3019e-16"
					],
					[
						"6592.139653",
						"6.46201e-16"
					],
					[
						"6597.657581",
						"6.40681e-16"
					],
					[
						"6603.17551",
						"6.56253e-16"
					],
					[
						"6608.693439",
						"6.70263e-16"
					],
					[
						"6614.211367",
						"6.29682e-16"
					],
					[
						"6619.729296",
						"6.5354e-16"
					],
					[
						"6625.247224",
						"6.6258e-16"
					],
					[
						"6630.765153",
						"6.63867e-16"
					],
					[
						"6636.283082",
						"6.84151e-16"
					],
					[
						"6641.80101",
						"6.80697e-16"
					],
					[
						"6647.318939",
						"6.66521e-16"
					],
					[
						"6652.836867",
						"6.57789e-16"
					],
					[
						"6658.354796",
						"6.6467e-16"
					],
					[
						"6663.872725",
						"6.66065e-16"
					],
					[
						"6669.390653",
						"6.07265e-16"
					],
					[
						"6674.908582",
						"6.02169e-16"
					],
					[
						"6680.42651",
						"6.39802e-16"
					],
					[
						"6685.944439",
						"6.20804e-16"
					],
					[
						"6691.462368",
						"6.13427e-16"
					],
					[
						"6696.980296",
						"6.40911e-16"
					],
					[
						"6702.498225",
						"6.48032e-16"
					],
					[
						"6708.016153",
						"6.22771e-16"
					],
					[
						"6713.534082",
						"6.25425e-16"
					],
					[
						"6719.052011",
						"6.14663e-16"
					],
					[
						"6724.569939",
						"5.86542e-16"
					],
					[
						"6730.087868",
						"6.17154e-16"
					],
					[
						"6735.605796",
						"5.99354e-16"
					],
					[
						"6741.123725",
						"6.03604e-16"
					],
					[
						"6746.641654",
						"5.69687e-16"
					],
					[
						"6752.159582",
						"5.60998e-16"
					],
					[
						"6757.677511",
						"5.52188e-16"
					],
					[
						"6763.195439",
						"5.55975e-16"
					],
					[
						"6768.713368",
						"5.68333e-16"
					],
					[
						"6774.231297",
						"5.73408e-16"
					],
					[
						"6779.749225",
						"5.71839e-16"
					],
					[
						"6785.267154",
						"5.63048e-16"
					],
					[
						"6790.785082",
						"5.47946e-16"
					],
					[
						"6796.303011",
						"5.40115e-16"
					],
					[
						"6801.82094",
						"5.44602e-16"
					],
					[
						"6807.338868",
						"5.3661e-16"
					],
					[
						"6812.856797",
						"5.37566e-16"
					],
					[
						"6818.374725",
						"5.21186e-16"
					],
					[
						"6823.892654",
						"5.24111e-16"
					],
					[
						"6829.410583",
						"5.50758e-16"
					],
					[
						"6834.928511",
						"5.2689e-16"
					],
					[
						"6840.44644",
						"5.10074e-16"
					],
					[
						"6845.964368",
						"5.23951e-16"
					],
					[
						"6851.482297",
						"5.19443e-16"
					],
					[
						"6857.000226",
						"5.05577e-16"
					],
					[
						"6862.518154",
						"4.57353e-16"
					],
					[
						"6868.036083",
						"4.19097e-16"
					],
					[
						"6873.554011",
						"4.01925e-16"
					],
					[
						"6879.07194",
						"3.94805e-16"
					],
					[
						"6884.589869",
						"4.31902e-16"
					],
					[
						"6890.107797",
						"4.39855e-16"
					],
					[
						"6895.625726",
						"4.24072e-16"
					],
					[
						"6901.143654",
						"4.3731e-16"
					],
					[
						"6906.661583",
						"4.46667e-16"
					],
					[
						"6912.179512",
						"4.70977e-16"
					],
					[
						"6917.69744",
						"4.40939e-16"
					],
					[
						"6923.215369",
						"4.70404e-16"
					],
					[
						"6928.733297",
						"4.66865e-16"
					],
					[
						"6934.251226",
						"4.57353e-16"
					],
					[
						"6939.769155",
						"4.89079e-16"
					],
					[
						"6945.287083",
						"4.70343e-16"
					],
					[
						"6950.805012",
						"4.4751e-16"
					],
					[
						"6956.32294",
						"4.62002e-16"
					],
					[
						"6961.840869",
						"4.5829e-16"
					],
					[
						"6967.358798",
						"4.60667e-16"
					],
					[
						"6972.876726",
						"4.40778e-16"
					],
					[
						"6978.394655",
						"4.35583e-16"
					],
					[
						"6983.912583",
						"4.54867e-16"
					],
					[
						"6989.430512",
						"4.43864e-16"
					],
					[
						"6994.948441",
						"4.39202e-16"
					],
					[
						"7000.466369",
						"4.483e-16"
					],
					[
						"7005.984298",
						"4.40381e-16"
					],
					[
						"7011.502226",
						"4.50783e-16"
					],
					[
						"7017.020155",
						"4.02494e-16"
					],
					[
						"7022.538084",
						"4.03737e-16"
					],
					[
						"7028.056012",
						"4.15588e-16"
					],
					[
						"7033.573941",
						"4.01118e-16"
					],
					[
						"7039.091869",
						"4.16007e-16"
					],
					[
						"7044.609798",
						"3.98012e-16"
					],
					[
						"7050.127727",
						"4.16443e-16"
					],
					[
						"7055.645655",
						"4.04757e-16"
					],
					[
						"7061.163584",
						"4.14159e-16"
					],
					[
						"7066.681512",
						"4.25425e-16"
					],
					[
						"7072.199441",
						"4.24897e-16"
					],
					[
						"7077.71737",
						"3.81222e-16"
					],
					[
						"7083.235298",
						"4.13447e-16"
					],
					[
						"7088.753227",
						"4.36197e-16"
					],
					[
						"7094.271155",
						"4.21141e-16"
					],
					[
						"7099.789084",
						"3.96178e-16"
					],
					[
						"7105.307013",
						"3.8772e-16"
					],
					[
						"7110.824941",
						"3.86888e-16"
					],
					[
						"7116.34287",
						"4.01964e-16"
					],
					[
						"7121.860798",
						"3.87453e-16"
					],
					[
						"7127.378727",
						"3.93942e-16"
					],
					[
						"7132.896656",
						"3.75066e-16"
					],
					[
						"7138.414584",
						"3.78843e-16"
					],
					[
						"7143.932513",
						"3.9242e-16"
					],
					[
						"7149.450441",
						"4.00919e-16"
					],
					[
						"7154.96837",
						"3.87092e-16"
					],
					[
						"7160.486299",
						"3.62401e-16"
					],
					[
						"7166.004227",
						"3.82255e-16"
					],
					[
						"7171.522156",
						"3.90564e-16"
					],
					[
						"7177.040084",
						"3.55862e-16"
					],
					[
						"7182.558013",
						"3.28202e-16"
					],
					[
						"7188.075942",
						"3.14081e-16"
					],
					[
						"7193.59387",
						"3.372e-16"
					],
					[
						"7199.111799",
						"3.5402e-16"
					],
					[
						"7204.629727",
						"3.34222e-16"
					],
					[
						"7210.147656",
						"3.37379e-16"
					],
					[
						"7215.665585",
						"3.54967e-16"
					],
					[
						"7221.183513",
						"3.80794e-16"
					],
					[
						"7226.701442",
						"3.51027e-16"
					],
					[
						"7232.21937",
						"3.60442e-16"
					],
					[
						"7237.737299",
						"3.59241e-16"
					],
					[
						"7243.255228",
						"3.34272e-16"
					],
					[
						"7248.773156",
						"3.80189e-16"
					],
					[
						"7254.291085",
						"3.7219e-16"
					],
					[
						"7259.809013",
						"3.22825e-16"
					],
					[
						"7265.326942",
						"3.48003e-16"
					],
					[
						"7270.844871",
						"3.43515e-16"
					],
					[
						"7276.362799",
						"3.68112e-16"
					],
					[
						"7281.880728",
						"3.7037e-16"
					],
					[
						"7287.398656",
						"3.47342e-16"
					],
					[
						"7292.916585",
						"3.54984e-16"
					],
					[
						"7298.434514",
						"3.48583e-16"
					],
					[
						"7303.952442",
						"3.60496e-16"
					],
					[
						"7309.470371",
						"3.61234e-16"
					],
					[
						"7314.988299",
						"3.62464e-16"
					],
					[
						"7320.506228",
						"3.42651e-16"
					],
					[
						"7326.024157",
						"3.46784e-16"
					],
					[
						"7331.542085",
						"3.70527e-16"
					],
					[
						"7337.060014",
						"3.76766e-16"
					],
					[
						"7342.577942",
						"3.59706e-16"
					],
					[
						"7348.095871",
						"3.42647e-16"
					],
					[
						"7353.6138",
						"3.53173e-16"
					],
					[
						"7359.131728",
						"3.72024e-16"
					],
					[
						"7364.649657",
						"3.87827e-16"
					],
					[
						"7370.167585",
						"3.71835e-16"
					],
					[
						"7375.685514",
						"3.30022e-16"
					],
					[
						"7381.203443",
						"3.53005e-16"
					],
					[
						"7386.721371",
						"3.59855e-16"
					],
					[
						"7392.2393",
						"3.69575e-16"
					],
					[
						"7397.757228",
						"3.72913e-16"
					],
					[
						"7403.275157",
						"3.62671e-16"
					],
					[
						"7408.793086",
						"3.71152e-16"
					],
					[
						"7414.311014",
						"3.48832e-16"
					],
					[
						"7419.828943",
						"3.44564e-16"
					],
					[
						"7425.346871",
						"3.60994e-16"
					],
					[
						"7430.8648",
						"3.64948e-16"
					],
					[
						"7436.382729",
						"3.64602e-16"
					],
					[
						"7441.900657",
						"3.51529e-16"
					],
					[
						"7447.418586",
						"3.49481e-16"
					],
					[
						"7452.936514",
						"3.44075e-16"
					],
					[
						"7458.454443",
						"3.62862e-16"
					],
					[
						"7463.972372",
						"3.65861e-16"
					],
					[
						"7469.4903",
						"3.55527e-16"
					],
					[
						"7475.008229",
						"3.45595e-16"
					],
					[
						"7480.526157",
						"3.56113e-16"
					],
					[
						"7486.044086",
						"3.5702e-16"
					],
					[
						"7491.562015",
						"3.27552e-16"
					],
					[
						"7497.079943",
						"3.30717e-16"
					],
					[
						"7502.597872",
						"3.2962e-16"
					],
					[
						"7508.1158",
						"3.2525e-16"
					],
					[
						"7513.633729",
						"3.35029e-16"
					],
					[
						"7519.151658",
						"3.70124e-16"
					],
					[
						"7524.669586",
						"3.5319e-16"
					],
					[
						"7530.187515",
						"3.77847e-16"
					],
					[
						"7535.705443",
						"3.15898e-16"
					],
					[
						"7541.223372",
						"2.88782e-16"
					],
					[
						"7546.741301",
						"3.42599e-16"
					],
					[
						"7552.259229",
						"3.38688e-16"
					],
					[
						"7557.777158",
						"3.14719e-16"
					],
					[
						"7563.295086",
						"3.32327e-16"
					],
					[
						"7568.813015",
						"3.18016e-16"
					],
					[
						"7574.330944",
						"3.02077e-16"
					],
					[
						"7579.848872",
						"2.92996e-16"
					],
					[
						"7585.366801",
						"2.85601e-16"
					],
					[
						"7590.884729",
						"2.61642e-16"
					],
					[
						"7596.402658",
						"2.11644e-16"
					],
					[
						"7601.920587",
						"1.27417e-16"
					],
					[
						"7607.438515",
						"8.23628e-17"
					],
					[
						"7612.956444",
						"1.10123e-16"
					],
					[
						"7618.474372",
						"1.46929e-16"
					],
					[
						"7623.992301",
						"1.66916e-16"
					],
					[
						"7629.51023",
						"1.57952e-16"
					],
					[
						"7635.028158",
						"1.26648e-16"
					],
					[
						"7640.546087",
						"1.50904e-16"
					],
					[
						"7646.064015",
						"1.62762e-16"
					],
					[
						"7651.581944",
						"2.10082e-16"
					],
					[
						"7657.099873",
						"2.29803e-16"
					],
					[
						"7662.617801",
						"2.18888e-16"
					],
					[
						"7668.13573",
						"2.50657e-16"
					],
					[
						"7673.653658",
						"2.60806e-16"
					],
					[
						"7679.171587",
						"2.6501e-16"
					],
					[
						"7684.689516",
						"2.82889e-16"
					],
					[
						"7690.207444",
						"2.89174e-16"
					],
					[
						"7695.725373",
						"2.99335e-16"
					],
					[
						"7701.243301",
						"2.86634e-16"
					],
					[
						"7706.76123",
						"2.91101e-16"
					],
					[
						"7712.279159",
						"2.96842e-16"
					],
					[
						"7717.797087",
						"2.8658e-16"
					],
					[
						"7723.315016",
						"2.71461e-16"
					],
					[
						"7728.832944",
						"2.76152e-16"
					],
					[
						"7734.350873",
						"2.5769e-16"
					],
					[
						"7739.868802",
						"2.6428e-16"
					],
					[
						"7745.38673",
						"2.4231e-16"
					],
					[
						"7750.904659",
						"2.54908e-16"
					],
					[
						"7756.422587",
						"2.50985e-16"
					],
					[
						"7761.940516",
						"2.37031e-16"
					],
					[
						"7767.458445",
						"2.37639e-16"
					],
					[
						"7772.976373",
						"2.20147e-16"
					],
					[
						"7778.494302",
						"2.11738e-16"
					],
					[
						"7784.01223",
						"2.14149e-16"
					],
					[
						"7789.530159",
						"2.36876e-16"
					],
					[
						"7795.048088",
						"2.67984e-16"
					],
					[
						"7800.566016",
						"2.32035e-16"
					],
					[
						"7806.083945",
						"2.30051e-16"
					],
					[
						"7811.601873",
						"2.03775e-16"
					],
					[
						"7817.119802",
						"2.44455e-16"
					],
					[
						"7822.637731",
						"2.33307e-16"
					],
					[
						"7828.155659",
						"2.45708e-16"
					],
					[
						"7833.673588",
						"2.9377e-16"
					],
					[
						"7839.191516",
						"2.529e-16"
					],
					[
						"7844.709445",
						"2.60768e-16"
					],
					[
						"7850.227374",
						"2.53901e-16"
					],
					[
						"7855.745302",
						"2.48115e-16"
					],
					[
						"7861.263231",
						"2.97144e-16"
					],
					[
						"7866.781159",
						"2.92906e-16"
					],
					[
						"7872.299088",
						"2.43953e-16"
					],
					[
						"7877.817017",
						"2.62046e-16"
					],
					[
						"7883.334945",
						"2.62941e-16"
					],
					[
						"7888.852874",
						"2.33762e-16"
					],
					[
						"7894.370802",
						"2.52893e-16"
					],
					[
						"7899.888731",
						"2.6132e-16"
					],
					[
						"7905.40666",
						"2.7204e-16"
					],
					[
						"7910.924588",
						"2.57489e-16"
					],
					[
						"7916.442517",
						"2.50007e-16"
					],
					[
						"7921.960445",
						"2.54218e-16"
					],
					[
						"7927.478374",
						"2.82599e-16"
					],
					[
						"7932.996303",
						"2.56756e-16"
					],
					[
						"7938.514231",
						"2.80652e-16"
					],
					[
						"7944.03216",
						"2.85385e-16"
					],
					[
						"7949.550088",
						"2.6326e-16"
					],
					[
						"7955.068017",
						"2.53874e-16"
					],
					[
						"7960.585946",
						"2.74849e-16"
					],
					[
						"7966.103874",
						"2.7575e-16"
					],
					[
						"7971.621803",
						"2.95472e-16"
					],
					[
						"7977.139731",
						"2.62006e-16"
					],
					[
						"7982.65766",
						"2.67775e-16"
					],
					[
						"7988.175589",
						"2.69384e-16"
					],
					[
						"7993.693517",
						"2.75353e-16"
					],
					[
						"7999.211446",
						"2.7222e-16"
					],
					[
						"8004.729374",
						"2.87739e-16"
					],
					[
						"8010.247303",
						"3.1973e-16"
					],
					[
						"8015.765232",
						"3.23419e-16"
					],
					[
						"8021.28316",
						"3.10705e-16"
					],
					[
						"8026.801089",
						"2.88469e-16"
					],
					[
						"8032.319017",
						"2.89213e-16"
					],
					[
						"8037.836946",
						"2.83946e-16"
					],
					[
						"8043.354875",
						"3.01692e-16"
					],
					[
						"8048.872803",
						"3.05564e-16"
					],
					[
						"8054.390732",
						"2.98221e-16"
					],
					[
						"8059.90866",
						"2.97673e-16"
					],
					[
						"8065.426589",
						"3.0677e-16"
					],
					[
						"8070.944518",
						"3.12006e-16"
					],
					[
						"8076.462446",
						"3.20437e-16"
					],
					[
						"8081.980375",
						"3.37994e-16"
					],
					[
						"8087.498303",
						"2.94964e-16"
					],
					[
						"8093.016232",
						"2.8348e-16"
					],
					[
						"8098.534161",
						"2.7328e-16"
					],
					[
						"8104.052089",
						"2.69182e-16"
					],
					[
						"8109.570018",
						"3.03832e-16"
					],
					[
						"8115.087946",
						"3.12543e-16"
					],
					[
						"8120.605875",
						"3.20593e-16"
					],
					[
						"8126.123804",
						"3.05527e-16"
					],
					[
						"8131.641732",
						"2.72606e-16"
					],
					[
						"8137.159661",
						"2.73639e-16"
					],
					[
						"8142.677589",
						"2.78064e-16"
					],
					[
						"8148.195518",
						"2.81383e-16"
					],
					[
						"8153.713447",
						"2.4433e-16"
					],
					[
						"8159.231375",
						"2.39737e-16"
					],
					[
						"8164.749304",
						"2.45869e-16"
					],
					[
						"8170.267232",
						"2.40698e-16"
					],
					[
						"8175.785161",
						"2.46284e-16"
					],
					[
						"8181.30309",
						"2.78453e-16"
					],
					[
						"8186.821018",
						"2.85608e-16"
					],
					[
						"8192.338947",
						"2.79874e-16"
					],
					[
						"8197.856875",
						"2.73542e-16"
					],
					[
						"8203.374804",
						"2.52365e-16"
					],
					[
						"8208.892733",
						"2.70993e-16"
					],
					[
						"8214.410661",
						"2.84164e-16"
					],
					[
						"8219.92859",
						"2.53313e-16"
					],
					[
						"8225.446518",
						"2.4434e-16"
					],
					[
						"8230.964447",
						"2.46464e-16"
					],
					[
						"8236.482376",
						"2.3829e-16"
					],
					[
						"8242.000304",
						"2.06671e-16"
					],
					[
						"8247.518233",
						"2.54417e-16"
					],
					[
						"8253.036161",
						"2.55918e-16"
					],
					[
						"8258.55409",
						"2.66462e-16"
					],
					[
						"8264.072019",
						"2.35673e-16"
					],
					[
						"8269.589947",
						"2.06429e-16"
					],
					[
						"8275.107876",
						"2.46971e-16"
					],
					[
						"8280.625804",
						"2.35769e-16"
					],
					[
						"8286.143733",
						"2.23149e-16"
					],
					[
						"8291.661662",
						"2.11591e-16"
					],
					[
						"8297.17959",
						"2.27737e-16"
					],
					[
						"8302.697519",
						"2.657e-16"
					],
					[
						"8308.215447",
						"2.24294e-16"
					],
					[
						"8313.733376",
						"2.13262e-16"
					],
					[
						"8319.251305",
						"2.50177e-16"
					],
					[
						"8324.769233",
						"2.21963e-16"
					],
					[
						"8330.287162",
						"2.28482e-16"
					],
					[
						"8335.80509",
						"2.6891e-16"
					],
					[
						"8341.323019",
						"2.81458e-16"
					],
					[
						"8346.840948",
						"2.46132e-16"
					],
					[
						"8352.358876",
						"1.70127e-16"
					],
					[
						"8357.876805",
						"2.04521e-16"
					],
					[
						"8363.394733",
						"2.44427e-16"
					],
					[
						"8368.912662",
						"2.32039e-16"
					],
					[
						"8374.430591",
						"2.80776e-16"
					],
					[
						"8379.948519",
						"2.46049e-16"
					],
					[
						"8385.466448",
						"2.60714e-16"
					],
					[
						"8390.984376",
						"2.40476e-16"
					],
					[
						"8396.502305",
						"2.50953e-16"
					],
					[
						"8402.020234",
						"2.33187e-16"
					],
					[
						"8407.538162",
						"2.77772e-16"
					],
					[
						"8413.056091",
						"2.53509e-16"
					],
					[
						"8418.574019",
						"2.19891e-16"
					],
					[
						"8424.091948",
						"2.66792e-16"
					],
					[
						"8429.609877",
						"2.47376e-16"
					],
					[
						"8435.127805",
						"2.65269e-16"
					],
					[
						"8440.645734",
						"2.59668e-16"
					],
					[
						"8446.163662",
						"2.37654e-16"
					],
					[
						"8451.681591",
						"2.37902e-16"
					],
					[
						"8457.19952",
						"2.95541e-16"
					],
					[
						"8462.717448",
						"2.24509e-16"
					],
					[
						"8468.235377",
						"1.91953e-16"
					],
					[
						"8473.753305",
						"2.36905e-16"
					],
					[
						"8479.271234",
						"2.15605e-16"
					],
					[
						"8484.789163",
						"2.34906e-16"
					],
					[
						"8490.307091",
						"2.5029e-16"
					],
					[
						"8495.82502",
						"2.49467e-16"
					],
					[
						"8501.342948",
						"2.03917e-16"
					],
					[
						"8506.860877",
						"1.72818e-16"
					],
					[
						"8512.378806",
						"2.13204e-16"
					],
					[
						"8517.896734",
						"1.82312e-16"
					],
					[
						"8523.414663",
						"2.10418e-16"
					],
					[
						"8528.932591",
						"2.03346e-16"
					],
					[
						"8534.45052",
						"2.05323e-16"
					],
					[
						"8539.968449",
						"2.02424e-16"
					],
					[
						"8545.486377",
						"1.78214e-16"
					],
					[
						"8551.004306",
						"2.06113e-16"
					],
					[
						"8556.522234",
						"1.91092e-16"
					],
					[
						"8562.040163",
						"1.97398e-16"
					],
					[
						"8567.558092",
						"1.91134e-16"
					],
					[
						"8573.07602",
						"1.72628e-16"
					],
					[
						"8578.593949",
						"1.85908e-16"
					],
					[
						"8584.111877",
						"2.02442e-16"
					],
					[
						"8589.629806",
						"2.45125e-16"
					],
					[
						"8595.147735",
						"2.50036e-16"
					],
					[
						"8600.665663",
						"2.33777e-16"
					],
					[
						"8606.183592",
						"2.38608e-16"
					],
					[
						"8611.70152",
						"1.99474e-16"
					],
					[
						"8617.219449",
						"1.88602e-16"
					],
					[
						"8622.737378",
						"1.78977e-16"
					],
					[
						"8628.255306",
						"2.3052e-16"
					],
					[
						"8633.773235",
						"2.95149e-16"
					],
					[
						"8639.291163",
						"2.54149e-16"
					],
					[
						"8644.809092",
						"2.10576e-16"
					],
					[
						"8650.327021",
						"1.58707e-16"
					],
					[
						"8655.844949",
						"1.54177e-16"
					],
					[
						"8661.362878",
						"1.82922e-16"
					],
					[
						"8666.880806",
						"2.39239e-16"
					],
					[
						"8672.398735",
						"2.56544e-16"
					],
					[
						"8677.916664",
						"1.8384e-16"
					],
					[
						"8683.434592",
						"2.37866e-16"
					],
					[
						"8688.952521",
						"2.00997e-16"
					],
					[
						"8694.470449",
						"2.18749e-16"
					],
					[
						"8699.988378",
						"2.09922e-16"
					],
					[
						"8705.506307",
						"1.83464e-16"
					],
					[
						"8711.024235",
						"2.66581e-16"
					],
					[
						"8716.542164",
						"2.46642e-16"
					],
					[
						"8722.060092",
						"1.62191e-16"
					],
					[
						"8727.578021",
						"2.29143e-16"
					],
					[
						"8733.09595",
						"1.69214e-16"
					],
					[
						"8738.613878",
						"2.66908e-16"
					],
					[
						"8744.131807",
						"2.83577e-16"
					],
					[
						"8749.649735",
						"2.85834e-16"
					],
					[
						"8755.167664",
						"2.85026e-16"
					],
					[
						"8760.685593",
						"2.21993e-16"
					],
					[
						"8766.203521",
						"1.95501e-16"
					],
					[
						"8771.72145",
						"2.15393e-16"
					],
					[
						"8777.239378",
						"1.9682e-16"
					],
					[
						"8782.757307",
						"2.9107e-16"
					],
					[
						"8788.275236",
						"3.20801e-16"
					],
					[
						"8793.793164",
						"1.88693e-16"
					],
					[
						"8799.311093",
						"2.45062e-16"
					],
					[
						"8804.829021",
						"2.35577e-16"
					],
					[
						"8810.34695",
						"2.28036e-16"
					],
					[
						"8815.864879",
						"2.91124e-16"
					],
					[
						"8821.382807",
						"3.76617e-16"
					],
					[
						"8826.900736",
						"3.70249e-16"
					],
					[
						"8832.418664",
						"3.39765e-16"
					],
					[
						"8837.936593",
						"2.48786e-16"
					],
					[
						"8843.454522",
						"1.87727e-16"
					],
					[
						"8848.97245",
						"2.40782e-16"
					],
					[
						"8854.490379",
						"2.92153e-16"
					],
					[
						"8860.008307",
						"3.17476e-16"
					],
					[
						"8865.526236",
						"3.01099e-16"
					],
					[
						"8871.044165",
						"2.10832e-16"
					],
					[
						"8876.562093",
						"2.01119e-16"
					],
					[
						"8882.080022",
						"1.74764e-16"
					],
					[
						"8887.59795",
						"2.85321e-16"
					],
					[
						"8893.115879",
						"3.02327e-16"
					],
					[
						"8898.633808",
						"2.69178e-16"
					],
					[
						"8904.151736",
						"2.03192e-16"
					],
					[
						"8909.669665",
						"2.21112e-16"
					],
					[
						"8915.187593",
						"2.03767e-16"
					],
					[
						"8920.705522",
						"1.95466e-16"
					],
					[
						"8926.223451",
						"3.10271e-16"
					],
					[
						"8931.741379",
						"3.25885e-16"
					],
					[
						"8937.259308",
						"2.72434e-16"
					],
					[
						"8942.777236",
						"1.89881e-16"
					],
					[
						"8948.295165",
						"1.98355e-16"
					],
					[
						"8953.813094",
						"2.33793e-16"
					],
					[
						"8959.331022",
						"2.51861e-16"
					],
					[
						"8964.848951",
						"2.97565e-16"
					],
					[
						"8970.366879",
						"2.3062e-16"
					],
					[
						"8975.884808",
						"1.51179e-16"
					],
					[
						"8981.402737",
						"1.69853e-16"
					],
					[
						"8986.920665",
						"1.89095e-16"
					],
					[
						"8992.438594",
						"2.58014e-16"
					],
					[
						"8997.956522",
						"2.57868e-16"
					],
					[
						"9003.474451",
						"1.95241e-16"
					],
					[
						"9008.99238",
						"1.57956e-16"
					],
					[
						"9014.510308",
						"1.38488e-16"
					],
					[
						"9020.028237",
						"1.92538e-16"
					],
					[
						"9025.546165",
						"2.43173e-16"
					],
					[
						"9031.064094",
						"2.5574e-16"
					],
					[
						"9036.582023",
						"2.48447e-16"
					],
					[
						"9042.099951",
						"1.99035e-16"
					],
					[
						"9047.61788",
						"1.64159e-16"
					],
					[
						"9053.135808",
						"1.70926e-16"
					],
					[
						"9058.653737",
						"2.18169e-16"
					],
					[
						"9064.171666",
						"2.21452e-16"
					],
					[
						"9069.689594",
						"2.25333e-16"
					],
					[
						"9075.207523",
						"2.18877e-16"
					],
					[
						"9080.725451",
						"1.9864e-16"
					],
					[
						"9086.24338",
						"2.00794e-16"
					],
					[
						"9091.761309",
						"2.34448e-16"
					],
					[
						"9097.279237",
						"2.31344e-16"
					],
					[
						"9102.797166",
						"2.25453e-16"
					],
					[
						"9108.315094",
						"2.16297e-16"
					],
					[
						"9113.833023",
						"2.22019e-16"
					],
					[
						"9119.350952",
						"2.10936e-16"
					],
					[
						"9124.86888",
						"1.87497e-16"
					],
					[
						"9130.386809",
						"1.82763e-16"
					],
					[
						"9135.904737",
						"1.6014e-16"
					],
					[
						"9141.422666",
						"1.81521e-16"
					],
					[
						"9146.940595",
						"2.15128e-16"
					],
					[
						"9152.458523",
						"2.30723e-16"
					],
					[
						"9157.976452",
						"2.01544e-16"
					],
					[
						"9163.49438",
						"1.48059e-16"
					],
					[
						"9169.012309",
						"1.21108e-16"
					],
					[
						"9174.530238",
						"1.33748e-16"
					],
					[
						"9180.048166",
						"1.87272e-16"
					],
					[
						"9185.566095",
						"1.7534e-16"
					],
					[
						"9191.084023",
						"1.63304e-16"
					],
					[
						"9196.601952",
						"1.55666e-16"
					],
					[
						"9202.119881",
						"1.41703e-16"
					],
					[
						"9207.637809",
						"1.78159e-16"
					],
					[
						"9213.155738",
						"1.63426e-16"
					],
					[
						"9218.673666",
						"1.41009e-16"
					],
					[
						"9224.191595",
						"1.70416e-16"
					],
					[
						"9229.709524",
						"1.6826e-16"
					],
					[
						"9235.227452",
						"1.41861e-16"
					]
				],
				"source":"8"
			}
		]
	}
}