{
	"ASASSN-15bk":{
		"schema":"https://github.com/astrocatalogs/supernovae/blob/a0bc0b9/SCHEMA.md",
		"name":"ASASSN-15bk",
		"sources":[
			{
				"name":"2016A&A...594A..13P",
				"bibcode":"2016A&A...594A..13P",
				"reference":"Planck Collaboration et al. (2016)",
				"alias":"1"
			},
			{
				"name":"2015ATel.6979....1K",
				"bibcode":"2015ATel.6979....1K",
				"reference":"Kiyota et al. (2015)",
				"alias":"2"
			},
			{
				"name":"2015ATel.6988....1M",
				"bibcode":"2015ATel.6988....1M",
				"reference":"Morrell et al. (2015)",
				"alias":"3"
			},
			{
				"name":"ATel 7014",
				"bibcode":"2015ATel.7014....1W",
				"reference":"Wyrzykowski et al. (2015)",
				"url":"http://www.astronomerstelegram.org/?read=7014",
				"alias":"4"
			},
			{
				"name":"ATel 7012",
				"bibcode":"2015ATel.7012....1T",
				"reference":"Tomasella et al. (2015)",
				"url":"http://www.astronomerstelegram.org/?read=7012",
				"alias":"5"
			},
			{
				"name":"2011ApJ...737..103S",
				"bibcode":"2011ApJ...737..103S",
				"reference":"Schlafly & Finkbeiner (2011)",
				"alias":"6"
			},
			{
				"name":"Gaia Photometric Science Alerts",
				"url":"http://gsaweb.ast.cam.ac.uk/alerts/alertsindex",
				"alias":"7"
			},
			{
				"name":"Pan-STARRS 3Pi",
				"url":"http://psweb.mp.qub.ac.uk/ps1threepi/psdb/",
				"alias":"8"
			},
			{
				"name":"atel_6979",
				"url":"http://www.astronomerstelegram.org/?read=6979",
				"alias":"9"
			},
			{
				"name":"ASAS-SN Supernovae",
				"url":"http://www.astronomy.ohio-state.edu/~assassin/sn_list.html",
				"alias":"10"
			},
			{
				"name":"CPCS Alert 25760",
				"url":"http://gsaweb.ast.cam.ac.uk/followup/get_alert_lc_data?alert_id=25760",
				"alias":"11"
			},
			{
				"name":"Asiago Supernova Catalogue",
				"secondary":true,
				"url":"http://graspa.oapd.inaf.it/cgi-bin/sncat.php",
				"alias":"12"
			},
			{
				"name":"Cambridge Photometric Calibration Server",
				"secondary":true,
				"url":"http://gsaweb.ast.cam.ac.uk/followup/",
				"alias":"13"
			},
			{
				"name":"Latest Supernovae",
				"secondary":true,
				"url":"http://www.rochesterastronomy.org/snimages/snredshiftall.html",
				"alias":"14"
			},
			{
				"name":"The Open Supernova Catalog",
				"bibcode":"2017ApJ...835...64G",
				"reference":"Guillochon et al. (2017)",
				"secondary":true,
				"url":"https://sne.space",
				"alias":"15"
			},
			{
				"name":"WISeREP",
				"bibcode":"2012PASP..124..668Y",
				"reference":"Yaron & Gal-Yam (2012)",
				"secondary":true,
				"url":"http://wiserep.weizmann.ac.il/",
				"alias":"16"
			},
			{
				"name":"SIMBAD astronomical database",
				"bibcode":"2000A&AS..143....9W",
				"reference":"Wenger et al. (2000)",
				"secondary":true,
				"url":"http://simbad.u-strasbg.fr/",
				"alias":"17"
			}
		],
		"alias":[
			{
				"value":"ASASSN-15bk",
				"source":"2,4,7,8,9,10,12,14,16,17"
			},
			{
				"value":"Gaia15aao",
				"source":"2,12,13,14,17"
			},
			{
				"value":"PS15yq",
				"source":"2,14"
			}
		],
		"claimedtype":[
			{
				"value":"Ia",
				"source":"2,3,5,7,10,12,14,16,17"
			}
		],
		"comovingdist":[
			{
				"value":"150.48",
				"derived":true,
				"u_value":"Mpc",
				"source":"1,2,10,15"
			}
		],
		"dec":[
			{
				"value":"+11:16:16.38",
				"u_value":"degrees",
				"source":"2,17"
			},
			{
				"value":"+11:16:16.4",
				"u_value":"degrees",
				"source":"2,4,8,9,14"
			},
			{
				"value":"+11:16:16.32",
				"u_value":"degrees",
				"source":"2,7,10,13"
			},
			{
				"value":"+11:16:17.27",
				"u_value":"degrees",
				"source":"5,12"
			}
		],
		"discoverdate":[
			{
				"value":"2015/01/12",
				"source":"2,14"
			}
		],
		"discoverer":[
			{
				"value":"ASAS-SN",
				"source":"2,14"
			},
			{
				"value":"gaia",
				"source":"5,12"
			}
		],
		"ebv":[
			{
				"value":"0.039",
				"derived":true,
				"e_value":"0.0005",
				"source":"6,15"
			}
		],
		"host":[
			{
				"value":"CGCG 078-056",
				"source":"2,4,8,9,10,14"
			},
			{
				"value":"SDSS J154412.45+1116",
				"source":"5,12"
			}
		],
		"hostdec":[
			{
				"value":"+11:16:00",
				"derived":true,
				"u_value":"degrees",
				"source":"15"
			}
		],
		"hostoffsetang":[
			{
				"value":"6.99",
				"u_value":"arcseconds",
				"source":"2,10"
			}
		],
		"hostoffsetdist":[
			{
				"value":"4.93",
				"source":"1,2,10,15,17"
			}
		],
		"hostra":[
			{
				"value":"15:44:12.45",
				"derived":true,
				"u_value":"hours",
				"source":"15"
			}
		],
		"lumdist":[
			{
				"value":"155.642",
				"derived":true,
				"u_value":"Mpc",
				"source":"1,2,10,15"
			}
		],
		"maxabsmag":[
			{
				"value":"-20.194",
				"derived":true,
				"source":"1,2,10,15"
			}
		],
		"maxappmag":[
			{
				"value":"15.73",
				"derived":true,
				"source":"11,13,15"
			}
		],
		"maxband":[
			{
				"value":"I",
				"derived":true,
				"source":"11,13,15"
			}
		],
		"maxdate":[
			{
				"value":"2015/02/02",
				"derived":true,
				"source":"11,13,15"
			}
		],
		"maxvisualabsmag":[
			{
				"value":"-19.3706",
				"derived":true,
				"source":"1,2,10,15"
			}
		],
		"maxvisualappmag":[
			{
				"value":"16.59",
				"derived":true,
				"source":"11,13,15"
			}
		],
		"maxvisualband":[
			{
				"value":"g",
				"derived":true,
				"source":"11,13,15"
			}
		],
		"maxvisualdate":[
			{
				"value":"2015/01/29",
				"derived":true,
				"source":"11,13,15"
			}
		],
		"ra":[
			{
				"value":"15:44:12.430",
				"u_value":"hours",
				"source":"2,17"
			},
			{
				"value":"15:44:12.43",
				"u_value":"hours",
				"source":"2,14"
			},
			{
				"value":"15:44:12.48",
				"u_value":"hours",
				"source":"2,7,10,13"
			},
			{
				"value":"15:44:12.38",
				"u_value":"hours",
				"source":"2,4,8,9"
			},
			{
				"value":"15:44:12.45",
				"u_value":"hours",
				"source":"5,12"
			}
		],
		"redshift":[
			{
				"value":"0.034277",
				"source":"2,10"
			}
		],
		"velocity":[
			{
				"value":"10100",
				"u_value":"km/s",
				"source":"15"
			}
		],
		"photometry":[
			{
				"time":"57034.146",
				"band":"G",
				"e_magnitude":"0.0",
				"magnitude":"17.73",
				"telescope":"GAIA",
				"u_time":"MJD",
				"source":"7"
			},
			{
				"time":"57034.220",
				"band":"G",
				"e_magnitude":"0.0",
				"magnitude":"17.71",
				"telescope":"GAIA",
				"u_time":"MJD",
				"source":"7"
			},
			{
				"time":"57051.3733",
				"band":"g",
				"e_magnitude":"0.0408",
				"magnitude":"16.8873",
				"observatory":"LCOGT Gaia Alerts Gr",
				"u_time":"MJD",
				"source":"11,13"
			},
			{
				"time":"57051.733",
				"band":"g",
				"e_magnitude":"0.0054",
				"magnitude":"16.5945",
				"observatory":"Heather Campbell",
				"u_time":"MJD",
				"source":"11,13"
			},
			{
				"time":"57051.735",
				"band":"i",
				"e_magnitude":"0.0079",
				"magnitude":"16.5187",
				"observatory":"Heather Campbell",
				"u_time":"MJD",
				"source":"11,13"
			},
			{
				"time":"57051.737",
				"band":"r",
				"e_magnitude":"0.0051",
				"magnitude":"16.1506",
				"observatory":"Heather Campbell",
				"u_time":"MJD",
				"source":"11,13"
			},
			{
				"time":"57053.756",
				"band":"g",
				"e_magnitude":"0.0058",
				"magnitude":"16.739",
				"observatory":"Heather Campbell",
				"u_time":"MJD",
				"source":"11,13"
			},
			{
				"time":"57053.758",
				"band":"i",
				"e_magnitude":"0.0084",
				"magnitude":"16.4056",
				"observatory":"Heather Campbell",
				"u_time":"MJD",
				"source":"11,13"
			},
			{
				"time":"57053.76",
				"band":"r",
				"e_magnitude":"0.0053",
				"magnitude":"16.287",
				"observatory":"Heather Campbell",
				"u_time":"MJD",
				"source":"11,13"
			},
			{
				"time":"57055.2153",
				"band":"B",
				"magnitude":"18.5731",
				"observatory":"Liam Hardy pt5m",
				"u_time":"MJD",
				"source":"11,13"
			},
			{
				"time":"57055.2168",
				"band":"B",
				"e_magnitude":"0.0932281",
				"magnitude":"17.4974",
				"observatory":"Liam Hardy pt5m",
				"u_time":"MJD",
				"source":"11,13"
			},
			{
				"time":"57055.2182",
				"band":"V",
				"e_magnitude":"0.0537709",
				"magnitude":"16.5984",
				"observatory":"Liam Hardy pt5m",
				"u_time":"MJD",
				"source":"11,13"
			},
			{
				"time":"57055.2197",
				"band":"V",
				"e_magnitude":"0.0558062",
				"magnitude":"16.6923",
				"observatory":"Liam Hardy pt5m",
				"u_time":"MJD",
				"source":"11,13"
			},
			{
				"time":"57055.2211",
				"band":"V",
				"e_magnitude":"0.049647",
				"magnitude":"16.4367",
				"observatory":"Liam Hardy pt5m",
				"u_time":"MJD",
				"source":"11,13"
			},
			{
				"time":"57055.2226",
				"band":"R",
				"e_magnitude":"0.0424727",
				"magnitude":"16.2089",
				"observatory":"Liam Hardy pt5m",
				"u_time":"MJD",
				"source":"11,13"
			},
			{
				"time":"57055.224",
				"band":"R",
				"e_magnitude":"0.0361313",
				"magnitude":"16.2122",
				"observatory":"Liam Hardy pt5m",
				"u_time":"MJD",
				"source":"11,13"
			},
			{
				"time":"57055.2255",
				"band":"R",
				"e_magnitude":"0.0378854",
				"magnitude":"16.1381",
				"observatory":"Liam Hardy pt5m",
				"u_time":"MJD",
				"source":"11,13"
			},
			{
				"time":"57055.2269",
				"band":"I",
				"e_magnitude":"0.0569871",
				"magnitude":"15.7264",
				"observatory":"Liam Hardy pt5m",
				"u_time":"MJD",
				"source":"11,13"
			},
			{
				"time":"57055.2283",
				"band":"I",
				"e_magnitude":"0.0570371",
				"magnitude":"15.8025",
				"observatory":"Liam Hardy pt5m",
				"u_time":"MJD",
				"source":"11,13"
			},
			{
				"time":"57055.2298",
				"band":"I",
				"e_magnitude":"0.0597669",
				"magnitude":"15.7928",
				"observatory":"Liam Hardy pt5m",
				"u_time":"MJD",
				"source":"11,13"
			},
			{
				"time":"57055.681",
				"band":"g",
				"e_magnitude":"0.0214",
				"magnitude":"16.9331",
				"observatory":"Heather Campbell",
				"u_time":"MJD",
				"source":"11,13"
			},
			{
				"time":"57055.683",
				"band":"i",
				"e_magnitude":"0.0128",
				"magnitude":"16.2503",
				"observatory":"Heather Campbell",
				"u_time":"MJD",
				"source":"11,13"
			},
			{
				"time":"57055.685",
				"band":"r",
				"e_magnitude":"0.012",
				"magnitude":"16.4156",
				"observatory":"Heather Campbell",
				"u_time":"MJD",
				"source":"11,13"
			},
			{
				"time":"57057.1808",
				"band":"V",
				"e_magnitude":"0.074241",
				"magnitude":"16.5911",
				"observatory":"Liam Hardy pt5m",
				"u_time":"MJD",
				"source":"11,13"
			},
			{
				"time":"57057.1852",
				"band":"R",
				"e_magnitude":"0.0464997",
				"magnitude":"16.1495",
				"observatory":"Liam Hardy pt5m",
				"u_time":"MJD",
				"source":"11,13"
			},
			{
				"time":"57057.1866",
				"band":"R",
				"e_magnitude":"0.0461227",
				"magnitude":"16.1715",
				"observatory":"Liam Hardy pt5m",
				"u_time":"MJD",
				"source":"11,13"
			},
			{
				"time":"57057.188",
				"band":"R",
				"e_magnitude":"0.0442747",
				"magnitude":"16.1978",
				"observatory":"Liam Hardy pt5m",
				"u_time":"MJD",
				"source":"11,13"
			},
			{
				"time":"57057.1895",
				"band":"I",
				"e_magnitude":"0.0664529",
				"magnitude":"15.7897",
				"observatory":"Liam Hardy pt5m",
				"u_time":"MJD",
				"source":"11,13"
			},
			{
				"time":"57057.1909",
				"band":"I",
				"e_magnitude":"0.0718158",
				"magnitude":"15.9859",
				"observatory":"Liam Hardy pt5m",
				"u_time":"MJD",
				"source":"11,13"
			},
			{
				"time":"57057.1924",
				"band":"I",
				"magnitude":"17.9052",
				"observatory":"Liam Hardy pt5m",
				"u_time":"MJD",
				"source":"11,13"
			},
			{
				"time":"57057.69",
				"band":"g",
				"e_magnitude":"0.0239",
				"magnitude":"16.7857",
				"observatory":"Heather Campbell",
				"u_time":"MJD",
				"source":"11,13"
			},
			{
				"time":"57057.692",
				"band":"i",
				"e_magnitude":"0.0123",
				"magnitude":"16.0958",
				"observatory":"Heather Campbell",
				"u_time":"MJD",
				"source":"11,13"
			},
			{
				"time":"57057.694",
				"band":"r",
				"e_magnitude":"0.0138",
				"magnitude":"16.3798",
				"observatory":"Heather Campbell",
				"u_time":"MJD",
				"source":"11,13"
			},
			{
				"time":"57059.2678",
				"band":"B",
				"magnitude":"18.8222",
				"observatory":"Liam Hardy pt5m",
				"u_time":"MJD",
				"source":"11,13"
			},
			{
				"time":"57059.2692",
				"band":"B",
				"e_magnitude":"0.106286",
				"magnitude":"17.668",
				"observatory":"Liam Hardy pt5m",
				"u_time":"MJD",
				"source":"11,13"
			},
			{
				"time":"57059.2707",
				"band":"B",
				"e_magnitude":"0.111423",
				"magnitude":"17.6249",
				"observatory":"Liam Hardy pt5m",
				"u_time":"MJD",
				"source":"11,13"
			},
			{
				"time":"57059.2721",
				"band":"V",
				"e_magnitude":"0.0566027",
				"magnitude":"16.3928",
				"observatory":"Liam Hardy pt5m",
				"u_time":"MJD",
				"source":"11,13"
			},
			{
				"time":"57059.2736",
				"band":"V",
				"e_magnitude":"0.0611587",
				"magnitude":"16.7286",
				"observatory":"Liam Hardy pt5m",
				"u_time":"MJD",
				"source":"11,13"
			},
			{
				"time":"57059.275",
				"band":"V",
				"e_magnitude":"0.053537",
				"magnitude":"16.5553",
				"observatory":"Liam Hardy pt5m",
				"u_time":"MJD",
				"source":"11,13"
			},
			{
				"time":"57059.2765",
				"band":"R",
				"e_magnitude":"0.0368918",
				"magnitude":"16.17",
				"observatory":"Liam Hardy pt5m",
				"u_time":"MJD",
				"source":"11,13"
			},
			{
				"time":"57059.2779",
				"band":"R",
				"e_magnitude":"0.0390741",
				"magnitude":"16.3253",
				"observatory":"Liam Hardy pt5m",
				"u_time":"MJD",
				"source":"11,13"
			},
			{
				"time":"57059.2793",
				"band":"R",
				"e_magnitude":"0.0386031",
				"magnitude":"16.303",
				"observatory":"Liam Hardy pt5m",
				"u_time":"MJD",
				"source":"11,13"
			},
			{
				"time":"57059.2808",
				"band":"I",
				"magnitude":"18.3422",
				"observatory":"Liam Hardy pt5m",
				"u_time":"MJD",
				"source":"11,13"
			},
			{
				"time":"57059.2822",
				"band":"I",
				"magnitude":"18.2766",
				"observatory":"Liam Hardy pt5m",
				"u_time":"MJD",
				"source":"11,13"
			},
			{
				"time":"57059.2837",
				"band":"I",
				"magnitude":"18.2383",
				"observatory":"Liam Hardy pt5m",
				"u_time":"MJD",
				"source":"11,13"
			},
			{
				"time":"57059.663",
				"band":"g",
				"e_magnitude":"0.025",
				"magnitude":"16.7953",
				"observatory":"Heather Campbell",
				"u_time":"MJD",
				"source":"11,13"
			},
			{
				"time":"57059.664",
				"band":"i",
				"e_magnitude":"0.0134",
				"magnitude":"16.1148",
				"observatory":"Heather Campbell",
				"u_time":"MJD",
				"source":"11,13"
			},
			{
				"time":"57059.666",
				"band":"r",
				"e_magnitude":"0.0149",
				"magnitude":"16.4432",
				"observatory":"Heather Campbell",
				"u_time":"MJD",
				"source":"11,13"
			},
			{
				"time":"57065.764",
				"band":"g",
				"e_magnitude":"0.0135",
				"magnitude":"16.7369",
				"observatory":"Heather Campbell",
				"u_time":"MJD",
				"source":"11,13"
			},
			{
				"time":"57065.766",
				"band":"i",
				"magnitude":"21.8682",
				"observatory":"Heather Campbell",
				"u_time":"MJD",
				"source":"11,13"
			},
			{
				"time":"57065.768",
				"band":"r",
				"e_magnitude":"0.0093",
				"magnitude":"16.1981",
				"observatory":"Heather Campbell",
				"u_time":"MJD",
				"source":"11,13"
			},
			{
				"time":"57066.955",
				"band":"G",
				"e_magnitude":"0.0",
				"magnitude":"18.35",
				"telescope":"GAIA",
				"u_time":"MJD",
				"source":"7"
			},
			{
				"time":"57067.131",
				"band":"G",
				"e_magnitude":"0.0",
				"magnitude":"18.38",
				"telescope":"GAIA",
				"u_time":"MJD",
				"source":"7"
			},
			{
				"time":"57067.1633",
				"band":"B",
				"magnitude":"19.5765",
				"observatory":"Liam Hardy pt5m",
				"u_time":"MJD",
				"source":"11,13"
			},
			{
				"time":"57067.1676",
				"band":"V",
				"magnitude":"21.8588",
				"observatory":"Liam Hardy pt5m",
				"u_time":"MJD",
				"source":"11,13"
			},
			{
				"time":"57067.1691",
				"band":"R",
				"magnitude":"20.6089",
				"observatory":"Liam Hardy pt5m",
				"u_time":"MJD",
				"source":"11,13"
			},
			{
				"time":"57067.1705",
				"band":"R",
				"magnitude":"19.9544",
				"observatory":"Liam Hardy pt5m",
				"u_time":"MJD",
				"source":"11,13"
			},
			{
				"time":"57069.2865",
				"band":"g",
				"e_magnitude":"0.0126",
				"magnitude":"17.0498",
				"observatory":"Mercator Geneva Grou",
				"u_time":"MJD",
				"source":"11,13"
			},
			{
				"time":"57069.2865",
				"band":"r",
				"e_magnitude":"0.0061",
				"magnitude":"16.464",
				"observatory":"Mercator Geneva Grou",
				"u_time":"MJD",
				"source":"11,13"
			},
			{
				"time":"57069.736",
				"band":"g",
				"e_magnitude":"0.0078",
				"magnitude":"16.9758",
				"observatory":"Heather Campbell",
				"u_time":"MJD",
				"source":"11,13"
			},
			{
				"time":"57069.738",
				"band":"i",
				"e_magnitude":"0.0082",
				"magnitude":"16.4172",
				"observatory":"Heather Campbell",
				"u_time":"MJD",
				"source":"11,13"
			},
			{
				"time":"57069.74",
				"band":"r",
				"e_magnitude":"0.0062",
				"magnitude":"16.4197",
				"observatory":"Heather Campbell",
				"u_time":"MJD",
				"source":"11,13"
			},
			{
				"time":"57077.706",
				"band":"g",
				"magnitude":"23.4013",
				"observatory":"Heather Campbell",
				"u_time":"MJD",
				"source":"11,13"
			},
			{
				"time":"57077.708",
				"band":"i",
				"magnitude":"22.3021",
				"observatory":"Heather Campbell",
				"u_time":"MJD",
				"source":"11,13"
			},
			{
				"time":"57077.71",
				"band":"r",
				"magnitude":"23.2079",
				"observatory":"Heather Campbell",
				"u_time":"MJD",
				"source":"11,13"
			},
			{
				"time":"57079.674",
				"band":"r",
				"magnitude":"23.0089",
				"observatory":"Heather Campbell",
				"u_time":"MJD",
				"source":"11,13"
			},
			{
				"time":"57086.2771",
				"band":"g",
				"e_magnitude":"0.0201",
				"magnitude":"17.0616",
				"observatory":"Heather Campbell",
				"u_time":"MJD",
				"source":"11,13"
			},
			{
				"time":"57086.2771",
				"band":"r",
				"e_magnitude":"0.0119",
				"magnitude":"16.5789",
				"observatory":"Heather Campbell",
				"u_time":"MJD",
				"source":"11,13"
			},
			{
				"time":"57091.705",
				"band":"r",
				"e_magnitude":"0.012",
				"magnitude":"16.7699",
				"observatory":"Heather Campbell",
				"u_time":"MJD",
				"source":"11,13"
			},
			{
				"time":"57091.709",
				"band":"g",
				"e_magnitude":"0.0154",
				"magnitude":"17.133",
				"observatory":"Heather Campbell",
				"u_time":"MJD",
				"source":"11,13"
			},
			{
				"time":"57091.713",
				"band":"i",
				"e_magnitude":"0.0149",
				"magnitude":"17.2483",
				"observatory":"Heather Campbell",
				"u_time":"MJD",
				"source":"11,13"
			},
			{
				"time":"57095.718",
				"band":"r",
				"e_magnitude":"0.0059",
				"magnitude":"16.9887",
				"observatory":"Heather Campbell",
				"u_time":"MJD",
				"source":"11,13"
			},
			{
				"time":"57095.722",
				"band":"g",
				"e_magnitude":"0.0083",
				"magnitude":"17.393",
				"observatory":"Heather Campbell",
				"u_time":"MJD",
				"source":"11,13"
			},
			{
				"time":"57095.726",
				"band":"r",
				"magnitude":"23.5479",
				"observatory":"Heather Campbell",
				"u_time":"MJD",
				"source":"11,13"
			},
			{
				"time":"57099.731",
				"band":"r",
				"magnitude":"23.8158",
				"observatory":"Heather Campbell",
				"u_time":"MJD",
				"source":"11,13"
			},
			{
				"time":"57099.734",
				"band":"g",
				"magnitude":"24.6766",
				"observatory":"Heather Campbell",
				"u_time":"MJD",
				"source":"11,13"
			},
			{
				"time":"57099.738",
				"band":"i",
				"magnitude":"23.2472",
				"observatory":"Heather Campbell",
				"u_time":"MJD",
				"source":"11,13"
			},
			{
				"time":"57105.847",
				"band":"G",
				"e_magnitude":"0.0",
				"magnitude":"19.75",
				"telescope":"GAIA",
				"u_time":"MJD",
				"source":"7"
			},
			{
				"time":"57106.098",
				"band":"G",
				"e_magnitude":"0.0",
				"magnitude":"19.7",
				"telescope":"GAIA",
				"u_time":"MJD",
				"source":"7"
			},
			{
				"time":"57106.172",
				"band":"G",
				"e_magnitude":"0.0",
				"magnitude":"19.71",
				"telescope":"GAIA",
				"u_time":"MJD",
				"source":"7"
			},
			{
				"time":"57112.4662231179",
				"band":"i",
				"e_magnitude":"0.1315",
				"instrument":"GPC",
				"magnitude":"19.9077",
				"telescope":"Pan-STARRS1",
				"u_time":"MJD",
				"source":"2,4,8,9"
			},
			{
				"time":"57112.4788438519",
				"band":"i",
				"e_magnitude":"0.144327",
				"instrument":"GPC",
				"magnitude":"20.1071",
				"telescope":"Pan-STARRS1",
				"u_time":"MJD",
				"source":"2,4,8,9"
			},
			{
				"time":"57112.4915148463",
				"band":"i",
				"e_magnitude":"0.11615",
				"instrument":"GPC",
				"magnitude":"20.0821",
				"telescope":"Pan-STARRS1",
				"u_time":"MJD",
				"source":"2,4,8,9"
			},
			{
				"time":"57112.5041947891",
				"band":"i",
				"e_magnitude":"0.11723",
				"instrument":"GPC",
				"magnitude":"20.0898",
				"telescope":"Pan-STARRS1",
				"u_time":"MJD",
				"source":"2,4,8,9"
			}
		],
		"spectra":[
			{
				"time":"57053.0",
				"filename":"Gaia15aao_2015-01-31_05:35:54_Asiago.ascii",
				"instrument":"Ekar - AFOSC",
				"observer":"Unknown",
				"redshift":"0.0343",
				"reducer":"Unknown",
				"reduction":"final",
				"survey":"Asiago",
				"u_fluxes":"erg/s/cm^2/Angstrom",
				"u_time":"MJD",
				"u_wavelengths":"Angstrom",
				"data":[
					[
						"3806.947998",
						"4.794845462e-16"
					],
					[
						"3811.680794",
						"4.653702244e-16"
					],
					[
						"3816.41359",
						"1.686531007e-16"
					],
					[
						"3821.146387",
						"4.999709909e-17"
					],
					[
						"3825.879183",
						"3.217624057e-16"
					],
					[
						"3830.611979",
						"2.502148296e-16"
					],
					[
						"3835.344775",
						"1.58254911e-16"
					],
					[
						"3840.077571",
						"1.724649475e-16"
					],
					[
						"3844.810368",
						"1.735538745e-16"
					],
					[
						"3849.543164",
						"1.810378209e-16"
					],
					[
						"3854.27596",
						"1.49812388e-16"
					],
					[
						"3859.008756",
						"7.730567292e-17"
					],
					[
						"3863.741552",
						"8.622242185e-17"
					],
					[
						"3868.474349",
						"2.012742189e-16"
					],
					[
						"3873.207145",
						"1.207372542e-16"
					],
					[
						"3877.939941",
						"6.93633957e-17"
					],
					[
						"3882.672737",
						"3.138853434e-16"
					],
					[
						"3887.405533",
						"4.344808122e-16"
					],
					[
						"3892.13833",
						"2.112613329e-16"
					],
					[
						"3896.871126",
						"7.410428543e-17"
					],
					[
						"3901.603922",
						"-1.508052165e-16"
					],
					[
						"3906.336718",
						"6.066441366e-17"
					],
					[
						"3911.069514",
						"2.455331727e-16"
					],
					[
						"3915.80231",
						"1.808191143e-16"
					],
					[
						"3920.535107",
						"-1.629618202e-16"
					],
					[
						"3925.267903",
						"-7.046269888e-17"
					],
					[
						"3930.000699",
						"9.529315871e-17"
					],
					[
						"3934.733495",
						"1.649468683e-16"
					],
					[
						"3939.466291",
						"2.29664328e-16"
					],
					[
						"3944.199088",
						"2.437965698e-16"
					],
					[
						"3948.931884",
						"4.504747795e-16"
					],
					[
						"3953.66468",
						"2.945226996e-16"
					],
					[
						"3958.397476",
						"-1.233643269e-16"
					],
					[
						"3963.130272",
						"-1.276451123e-16"
					],
					[
						"3967.863069",
						"-3.264398473e-17"
					],
					[
						"3972.595865",
						"8.771689237e-17"
					],
					[
						"3977.328661",
						"5.877135458e-17"
					],
					[
						"3982.061457",
						"2.293333499e-16"
					],
					[
						"3986.794253",
						"2.099538184e-16"
					],
					[
						"3991.52705",
						"1.900827299e-16"
					],
					[
						"3996.259846",
						"1.830491006e-16"
					],
					[
						"4000.992642",
						"2.130844654e-16"
					],
					[
						"4005.725438",
						"2.763650925e-16"
					],
					[
						"4010.458234",
						"3.248472732e-16"
					],
					[
						"4015.191031",
						"2.130806802e-16"
					],
					[
						"4019.923827",
						"1.197515858e-16"
					],
					[
						"4024.656623",
						"1.531254912e-16"
					],
					[
						"4029.389419",
						"1.007697098e-16"
					],
					[
						"4034.122215",
						"4.449636655e-16"
					],
					[
						"4038.855011",
						"6.388437367e-16"
					],
					[
						"4043.587808",
						"3.203986297e-16"
					],
					[
						"4048.320604",
						"1.939793726e-16"
					],
					[
						"4053.0534",
						"3.069787691e-16"
					],
					[
						"4057.786196",
						"2.662426518e-16"
					],
					[
						"4062.518992",
						"2.704115362e-16"
					],
					[
						"4067.251789",
						"2.300071646e-16"
					],
					[
						"4071.984585",
						"1.940232727e-16"
					],
					[
						"4076.717381",
						"1.738677929e-16"
					],
					[
						"4081.450177",
						"3.351593435e-16"
					],
					[
						"4086.182973",
						"2.729516292e-16"
					],
					[
						"4090.91577",
						"2.947383489e-16"
					],
					[
						"4095.648566",
						"1.666197319e-16"
					],
					[
						"4100.381362",
						"1.996630695e-16"
					],
					[
						"4105.114158",
						"3.551584531e-16"
					],
					[
						"4109.846954",
						"2.059406822e-16"
					],
					[
						"4114.579751",
						"3.853953853e-16"
					],
					[
						"4119.312547",
						"4.683088464e-16"
					],
					[
						"4124.045343",
						"9.177823006e-17"
					],
					[
						"4128.778139",
						"1.085814844e-16"
					],
					[
						"4133.510935",
						"2.040997884e-16"
					],
					[
						"4138.243731",
						"4.048149655e-16"
					],
					[
						"4142.976528",
						"3.491499984e-16"
					],
					[
						"4147.709324",
						"2.498245063e-16"
					],
					[
						"4152.44212",
						"1.014510684e-16"
					],
					[
						"4157.174916",
						"8.822879144e-17"
					],
					[
						"4161.907712",
						"-5.195013539e-18"
					],
					[
						"4166.640509",
						"8.072792426e-17"
					],
					[
						"4171.373305",
						"5.033144219e-17"
					],
					[
						"4176.106101",
						"1.557603857e-16"
					],
					[
						"4180.838897",
						"1.190906619e-16"
					],
					[
						"4185.571693",
						"1.906115961e-17"
					],
					[
						"4190.30449",
						"5.696716778e-17"
					],
					[
						"4195.037286",
						"1.226973811e-16"
					],
					[
						"4199.770082",
						"2.342668139e-16"
					],
					[
						"4204.502878",
						"1.150496e-16"
					],
					[
						"4209.235674",
						"-7.015343921e-17"
					],
					[
						"4213.968471",
						"-4.408000403e-18"
					],
					[
						"4218.701267",
						"2.314722669e-16"
					],
					[
						"4223.434063",
						"2.662649128e-16"
					],
					[
						"4228.166859",
						"2.65433153e-16"
					],
					[
						"4232.899655",
						"3.226653693e-16"
					],
					[
						"4237.632452",
						"2.400127413e-16"
					],
					[
						"4242.365248",
						"6.819136018e-17"
					],
					[
						"4247.098044",
						"1.327636398e-16"
					],
					[
						"4251.83084",
						"7.117091769e-17"
					],
					[
						"4256.563636",
						"3.952598185e-17"
					],
					[
						"4261.296432",
						"8.498597874e-17"
					],
					[
						"4266.029229",
						"1.484139631e-16"
					],
					[
						"4270.762025",
						"2.667826617e-16"
					],
					[
						"4275.494821",
						"8.400563736e-17"
					],
					[
						"4280.227617",
						"2.223790771e-16"
					],
					[
						"4284.960413",
						"1.473663554e-16"
					],
					[
						"4289.69321",
						"1.418975931e-16"
					],
					[
						"4294.426006",
						"2.117275716e-16"
					],
					[
						"4299.158802",
						"-9.471772225e-18"
					],
					[
						"4303.891598",
						"2.3458283e-17"
					],
					[
						"4308.624394",
						"1.593598523e-16"
					],
					[
						"4313.357191",
						"1.830814335e-16"
					],
					[
						"4318.089987",
						"2.738447989e-16"
					],
					[
						"4322.822783",
						"2.682488228e-16"
					],
					[
						"4327.555579",
						"3.02641828e-16"
					],
					[
						"4332.288375",
						"1.28087012e-16"
					],
					[
						"4337.021172",
						"1.019674739e-16"
					],
					[
						"4341.753968",
						"3.648566362e-16"
					],
					[
						"4346.486764",
						"2.754139275e-16"
					],
					[
						"4351.21956",
						"9.580040572e-17"
					],
					[
						"4355.952356",
						"1.191663919e-16"
					],
					[
						"4360.685153",
						"3.019401936e-16"
					],
					[
						"4365.417949",
						"1.028551777e-16"
					],
					[
						"4370.150745",
						"6.200763586e-17"
					],
					[
						"4374.883541",
						"9.8218387e-17"
					],
					[
						"4379.616337",
						"9.00595208e-17"
					],
					[
						"4384.349133",
						"1.709370059e-16"
					],
					[
						"4389.08193",
						"1.245428012e-16"
					],
					[
						"4393.814726",
						"1.644183463e-16"
					],
					[
						"4398.547522",
						"1.853396233e-16"
					],
					[
						"4403.280318",
						"1.610600856e-16"
					],
					[
						"4408.013114",
						"2.411683589e-16"
					],
					[
						"4412.745911",
						"2.566000022e-16"
					],
					[
						"4417.478707",
						"3.286727122e-16"
					],
					[
						"4422.211503",
						"2.11349292e-16"
					],
					[
						"4426.944299",
						"2.098764075e-16"
					],
					[
						"4431.677095",
						"1.267199406e-16"
					],
					[
						"4436.409892",
						"1.798752549e-16"
					],
					[
						"4441.142688",
						"1.553071172e-16"
					],
					[
						"4445.875484",
						"1.986159648e-16"
					],
					[
						"4450.60828",
						"2.029301286e-16"
					],
					[
						"4455.341076",
						"1.901037204e-16"
					],
					[
						"4460.073873",
						"1.902724917e-16"
					],
					[
						"4464.806669",
						"1.870582531e-16"
					],
					[
						"4469.539465",
						"2.185148863e-16"
					],
					[
						"4474.272261",
						"2.02909138e-16"
					],
					[
						"4479.005057",
						"1.505468715e-16"
					],
					[
						"4483.737854",
						"1.015459824e-16"
					],
					[
						"4488.47065",
						"4.759568459e-17"
					],
					[
						"4493.203446",
						"1.206682078e-16"
					],
					[
						"4497.936242",
						"2.645418361e-16"
					],
					[
						"4502.669038",
						"1.203794225e-16"
					],
					[
						"4507.401834",
						"7.739924359e-17"
					],
					[
						"4512.134631",
						"-7.603210098e-18"
					],
					[
						"4516.867427",
						"-1.273945411e-17"
					],
					[
						"4521.600223",
						"1.233476509e-16"
					],
					[
						"4526.333019",
						"1.834854285e-16"
					],
					[
						"4531.065815",
						"1.782467547e-16"
					],
					[
						"4535.798612",
						"9.686794516e-17"
					],
					[
						"4540.531408",
						"1.079167753e-16"
					],
					[
						"4545.264204",
						"4.655032351e-17"
					],
					[
						"4549.997",
						"1.459956708e-16"
					],
					[
						"4554.729796",
						"6.002595595e-17"
					],
					[
						"4559.462593",
						"6.238291777e-17"
					],
					[
						"4564.195389",
						"9.004117063e-17"
					],
					[
						"4568.928185",
						"1.988495738e-16"
					],
					[
						"4573.660981",
						"2.740648422e-16"
					],
					[
						"4578.393777",
						"1.457493563e-16"
					],
					[
						"4583.126574",
						"1.614516531e-16"
					],
					[
						"4587.85937",
						"1.55621565e-16"
					],
					[
						"4592.592166",
						"8.107966131e-17"
					],
					[
						"4597.324962",
						"1.564376812e-16"
					],
					[
						"4602.057758",
						"1.799548231e-16"
					],
					[
						"4606.790555",
						"1.344902105e-16"
					],
					[
						"4611.523351",
						"1.887453178e-16"
					],
					[
						"4616.256147",
						"1.704587632e-16"
					],
					[
						"4620.988943",
						"8.49329333e-17"
					],
					[
						"4625.721739",
						"1.095192293e-16"
					],
					[
						"4630.454535",
						"1.324446392e-16"
					],
					[
						"4635.187332",
						"1.918438834e-16"
					],
					[
						"4639.920128",
						"1.484406579e-16"
					],
					[
						"4644.652924",
						"5.901041639e-17"
					],
					[
						"4649.38572",
						"-3.353225429e-17"
					],
					[
						"4654.118516",
						"-2.444504164e-17"
					],
					[
						"4658.851313",
						"1.035485403e-16"
					],
					[
						"4663.584109",
						"2.23661432e-16"
					],
					[
						"4668.316905",
						"2.036942052e-16"
					],
					[
						"4673.049701",
						"2.992088829e-16"
					],
					[
						"4677.782497",
						"2.528838305e-16"
					],
					[
						"4682.515294",
						"2.064771452e-16"
					],
					[
						"4687.24809",
						"2.430620864e-16"
					],
					[
						"4691.980886",
						"3.203291995e-16"
					],
					[
						"4696.713682",
						"3.414204522e-16"
					],
					[
						"4701.446478",
						"2.329200845e-16"
					],
					[
						"4706.179275",
						"2.509892295e-16"
					],
					[
						"4710.912071",
						"2.449310646e-16"
					],
					[
						"4715.644867",
						"3.635773783e-16"
					],
					[
						"4720.377663",
						"2.512921761e-16"
					],
					[
						"4725.110459",
						"1.794450945e-16"
					],
					[
						"4729.843256",
						"3.882991466e-16"
					],
					[
						"4734.576052",
						"3.186315072e-16"
					],
					[
						"4739.308848",
						"3.056242575e-16"
					],
					[
						"4744.041644",
						"4.074953484e-16"
					],
					[
						"4748.77444",
						"4.042180191e-16"
					],
					[
						"4753.507236",
						"3.110646178e-16"
					],
					[
						"4758.240033",
						"2.907728318e-16"
					],
					[
						"4762.972829",
						"4.023421587e-16"
					],
					[
						"4767.705625",
						"3.193544763e-16"
					],
					[
						"4772.438421",
						"3.045121032e-16"
					],
					[
						"4777.171217",
						"3.007148545e-16"
					],
					[
						"4781.904014",
						"2.861396675e-16"
					],
					[
						"4786.63681",
						"2.254239487e-16"
					],
					[
						"4791.369606",
						"2.226097347e-16"
					],
					[
						"4796.102402",
						"2.919468989e-16"
					],
					[
						"4800.835198",
						"2.223941648e-16"
					],
					[
						"4805.567995",
						"1.950435107e-16"
					],
					[
						"4810.300791",
						"2.454794919e-16"
					],
					[
						"4815.033587",
						"2.898999379e-16"
					],
					[
						"4819.766383",
						"2.388298598e-16"
					],
					[
						"4824.499179",
						"2.076669486e-16"
					],
					[
						"4829.231976",
						"2.565425363e-16"
					],
					[
						"4833.964772",
						"2.411310366e-16"
					],
					[
						"4838.697568",
						"2.209260185e-16"
					],
					[
						"4843.430364",
						"1.640372476e-16"
					],
					[
						"4848.16316",
						"1.398926396e-16"
					],
					[
						"4852.895957",
						"1.758698214e-16"
					],
					[
						"4857.628753",
						"1.854027405e-16"
					],
					[
						"4862.361549",
						"2.741811769e-16"
					],
					[
						"4867.094345",
						"1.994016011e-16"
					],
					[
						"4871.827141",
						"1.460060999e-16"
					],
					[
						"4876.559937",
						"1.616124967e-16"
					],
					[
						"4881.292734",
						"1.268712683e-16"
					],
					[
						"4886.02553",
						"1.254856547e-16"
					],
					[
						"4890.758326",
						"1.801595404e-16"
					],
					[
						"4895.491122",
						"1.598016726e-16"
					],
					[
						"4900.223918",
						"1.610733999e-16"
					],
					[
						"4904.956715",
						"1.90654583e-16"
					],
					[
						"4909.689511",
						"1.644061834e-16"
					],
					[
						"4914.422307",
						"1.143836071e-16"
					],
					[
						"4919.155103",
						"1.231215461e-16"
					],
					[
						"4923.887899",
						"2.167233454e-16"
					],
					[
						"4928.620696",
						"1.883585149e-16"
					],
					[
						"4933.353492",
						"1.421879136e-16"
					],
					[
						"4938.086288",
						"1.483416344e-16"
					],
					[
						"4942.819084",
						"8.916060047e-17"
					],
					[
						"4947.55188",
						"1.355435225e-16"
					],
					[
						"4952.284677",
						"1.86316517e-16"
					],
					[
						"4957.017473",
						"1.696960894e-16"
					],
					[
						"4961.750269",
						"1.481833716e-16"
					],
					[
						"4966.483065",
						"1.71604587e-16"
					],
					[
						"4971.215861",
						"1.195964729e-16"
					],
					[
						"4975.948658",
						"1.13366625e-16"
					],
					[
						"4980.681454",
						"1.923751187e-16"
					],
					[
						"4985.41425",
						"1.773162228e-16"
					],
					[
						"4990.147046",
						"1.387140991e-16"
					],
					[
						"4994.879842",
						"1.15611249e-16"
					],
					[
						"4999.612638",
						"1.325598224e-16"
					],
					[
						"5004.345435",
						"1.327851862e-16"
					],
					[
						"5009.078231",
						"1.638767349e-16"
					],
					[
						"5013.811027",
						"1.689998019e-16"
					],
					[
						"5018.543823",
						"1.371416089e-16"
					],
					[
						"5023.276619",
						"1.736376381e-16"
					],
					[
						"5028.009416",
						"2.14297271e-16"
					],
					[
						"5032.742212",
						"1.446274082e-16"
					],
					[
						"5037.475008",
						"1.441185399e-16"
					],
					[
						"5042.207804",
						"1.852134551e-16"
					],
					[
						"5046.9406",
						"1.28815328e-16"
					],
					[
						"5051.673397",
						"9.459701013e-17"
					],
					[
						"5056.406193",
						"1.63362255e-16"
					],
					[
						"5061.138989",
						"1.651051444e-16"
					],
					[
						"5065.871785",
						"1.619424689e-16"
					],
					[
						"5070.604581",
						"2.348660632e-16"
					],
					[
						"5075.337378",
						"2.30636166e-16"
					],
					[
						"5080.070174",
						"1.679566279e-16"
					],
					[
						"5084.80297",
						"1.656603612e-16"
					],
					[
						"5089.535766",
						"2.258837288e-16"
					],
					[
						"5094.268562",
						"2.13847973e-16"
					],
					[
						"5099.001359",
						"1.888886781e-16"
					],
					[
						"5103.734155",
						"2.441705613e-16"
					],
					[
						"5108.466951",
						"2.366350651e-16"
					],
					[
						"5113.199747",
						"1.36699021e-16"
					],
					[
						"5117.932543",
						"9.7145858e-17"
					],
					[
						"5122.665339",
						"1.892399189e-16"
					],
					[
						"5127.398136",
						"1.988105971e-16"
					],
					[
						"5132.130932",
						"1.315038106e-16"
					],
					[
						"5136.863728",
						"1.273975007e-16"
					],
					[
						"5141.596524",
						"1.229675449e-16"
					],
					[
						"5146.32932",
						"1.516275267e-16"
					],
					[
						"5151.062117",
						"1.969037538e-16"
					],
					[
						"5155.794913",
						"1.716742025e-16"
					],
					[
						"5160.527709",
						"1.488321195e-16"
					],
					[
						"5165.260505",
						"1.926827107e-16"
					],
					[
						"5169.993301",
						"1.906804704e-16"
					],
					[
						"5174.726098",
						"1.492034111e-16"
					],
					[
						"5179.458894",
						"1.450636831e-16"
					],
					[
						"5184.19169",
						"1.618000748e-16"
					],
					[
						"5188.924486",
						"1.463038452e-16"
					],
					[
						"5193.657282",
						"1.529790737e-16"
					],
					[
						"5198.390079",
						"2.121449735e-16"
					],
					[
						"5203.122875",
						"1.960755541e-16"
					],
					[
						"5207.855671",
						"1.998417141e-16"
					],
					[
						"5212.588467",
						"1.386691138e-16"
					],
					[
						"5217.321263",
						"1.193429718e-16"
					],
					[
						"5222.05406",
						"1.050691167e-16"
					],
					[
						"5226.786856",
						"1.188607983e-16"
					],
					[
						"5231.519652",
						"1.110965634e-16"
					],
					[
						"5236.252448",
						"1.441213854e-16"
					],
					[
						"5240.985244",
						"1.545918509e-16"
					],
					[
						"5245.71804",
						"1.470673395e-16"
					],
					[
						"5250.450837",
						"1.58846987e-16"
					],
					[
						"5255.183633",
						"1.013510391e-16"
					],
					[
						"5259.916429",
						"1.149582263e-16"
					],
					[
						"5264.649225",
						"1.410040924e-16"
					],
					[
						"5269.382021",
						"1.480699619e-16"
					],
					[
						"5274.114818",
						"1.584729823e-16"
					],
					[
						"5278.847614",
						"1.47819571e-16"
					],
					[
						"5283.58041",
						"1.4886207e-16"
					],
					[
						"5288.313206",
						"1.243553951e-16"
					],
					[
						"5293.046002",
						"1.491131359e-16"
					],
					[
						"5297.778799",
						"1.680719302e-16"
					],
					[
						"5302.511595",
						"1.491243855e-16"
					],
					[
						"5307.244391",
						"1.639976753e-16"
					],
					[
						"5311.977187",
						"1.4203603e-16"
					],
					[
						"5316.709983",
						"1.457682557e-16"
					],
					[
						"5321.44278",
						"1.65147946e-16"
					],
					[
						"5326.175576",
						"1.799339252e-16"
					],
					[
						"5330.908372",
						"1.789788029e-16"
					],
					[
						"5335.641168",
						"2.16046222e-16"
					],
					[
						"5340.373964",
						"2.032000541e-16"
					],
					[
						"5345.106761",
						"1.733287887e-16"
					],
					[
						"5349.839557",
						"1.975081648e-16"
					],
					[
						"5354.572353",
						"1.419673145e-16"
					],
					[
						"5359.305149",
						"1.9941698e-16"
					],
					[
						"5364.037945",
						"2.020515172e-16"
					],
					[
						"5368.770741",
						"1.957068963e-16"
					],
					[
						"5373.503538",
						"2.273472429e-16"
					],
					[
						"5378.236334",
						"2.549389441e-16"
					],
					[
						"5382.96913",
						"2.883574644e-16"
					],
					[
						"5387.701926",
						"2.439749761e-16"
					],
					[
						"5392.434722",
						"2.140897612e-16"
					],
					[
						"5397.167519",
						"2.345893482e-16"
					],
					[
						"5401.900315",
						"2.358391717e-16"
					],
					[
						"5406.633111",
						"2.185357048e-16"
					],
					[
						"5411.365907",
						"2.227267047e-16"
					],
					[
						"5416.098703",
						"2.235731023e-16"
					],
					[
						"5420.8315",
						"1.93844112e-16"
					],
					[
						"5425.564296",
						"2.175276694e-16"
					],
					[
						"5430.297092",
						"2.395045745e-16"
					],
					[
						"5435.029888",
						"2.590785794e-16"
					],
					[
						"5439.762684",
						"2.237201949e-16"
					],
					[
						"5444.495481",
						"2.432192639e-16"
					],
					[
						"5449.228277",
						"2.750787936e-16"
					],
					[
						"5453.961073",
						"2.63105877e-16"
					],
					[
						"5458.693869",
						"2.399479433e-16"
					],
					[
						"5463.426665",
						"2.340140804e-16"
					],
					[
						"5468.159461",
						"2.68309571e-16"
					],
					[
						"5472.892258",
						"2.66291965e-16"
					],
					[
						"5477.625054",
						"2.58363763e-16"
					],
					[
						"5482.35785",
						"2.6807039e-16"
					],
					[
						"5487.090646",
						"2.09736303e-16"
					],
					[
						"5491.823442",
						"2.374971858e-16"
					],
					[
						"5496.556239",
						"2.611565101e-16"
					],
					[
						"5501.289035",
						"2.568947167e-16"
					],
					[
						"5506.021831",
						"2.429058353e-16"
					],
					[
						"5510.754627",
						"2.539266868e-16"
					],
					[
						"5515.487423",
						"2.57339409e-16"
					],
					[
						"5520.22022",
						"2.51407002e-16"
					],
					[
						"5524.953016",
						"2.744615713e-16"
					],
					[
						"5529.685812",
						"2.559811123e-16"
					],
					[
						"5534.418608",
						"2.599289211e-16"
					],
					[
						"5539.151404",
						"2.66140002e-16"
					],
					[
						"5543.884201",
						"2.502087416e-16"
					],
					[
						"5548.616997",
						"2.511041878e-16"
					],
					[
						"5553.349793",
						"2.580632516e-16"
					],
					[
						"5558.082589",
						"2.810693547e-16"
					],
					[
						"5562.815385",
						"2.869372549e-16"
					],
					[
						"5567.548182",
						"2.620019813e-16"
					],
					[
						"5572.280978",
						"2.632159383e-16"
					],
					[
						"5577.013774",
						"2.689237757e-16"
					],
					[
						"5581.74657",
						"2.318782869e-16"
					],
					[
						"5586.479366",
						"2.239028629e-16"
					],
					[
						"5591.212162",
						"2.724639235e-16"
					],
					[
						"5595.944959",
						"2.584123351e-16"
					],
					[
						"5600.677755",
						"2.294856835e-16"
					],
					[
						"5605.410551",
						"2.488542565e-16"
					],
					[
						"5610.143347",
						"2.44186602e-16"
					],
					[
						"5614.876143",
						"2.344924952e-16"
					],
					[
						"5619.60894",
						"2.396739546e-16"
					],
					[
						"5624.341736",
						"2.437003787e-16"
					],
					[
						"5629.074532",
						"2.334196751e-16"
					],
					[
						"5633.807328",
						"2.555237939e-16"
					],
					[
						"5638.540124",
						"2.618882671e-16"
					],
					[
						"5643.272921",
						"2.549710255e-16"
					],
					[
						"5648.005717",
						"2.473857925e-16"
					],
					[
						"5652.738513",
						"2.218532417e-16"
					],
					[
						"5657.471309",
						"2.320229707e-16"
					],
					[
						"5662.204105",
						"2.117502297e-16"
					],
					[
						"5666.936902",
						"1.993712138e-16"
					],
					[
						"5671.669698",
						"2.318796368e-16"
					],
					[
						"5676.402494",
						"2.637729154e-16"
					],
					[
						"5681.13529",
						"2.464709705e-16"
					],
					[
						"5685.868086",
						"1.725848821e-16"
					],
					[
						"5690.600883",
						"1.587825728e-16"
					],
					[
						"5695.333679",
						"1.99042062e-16"
					],
					[
						"5700.066475",
						"2.125592388e-16"
					],
					[
						"5704.799271",
						"2.253105787e-16"
					],
					[
						"5709.532067",
						"1.993241505e-16"
					],
					[
						"5714.264863",
						"1.820500782e-16"
					],
					[
						"5718.99766",
						"1.79657091e-16"
					],
					[
						"5723.730456",
						"1.726736088e-16"
					],
					[
						"5728.463252",
						"1.864749651e-16"
					],
					[
						"5733.196048",
						"1.964972707e-16"
					],
					[
						"5737.928844",
						"2.064887125e-16"
					],
					[
						"5742.661641",
						"2.159953603e-16"
					],
					[
						"5747.394437",
						"2.00696013e-16"
					],
					[
						"5752.127233",
						"1.963332374e-16"
					],
					[
						"5756.860029",
						"1.84112749e-16"
					],
					[
						"5761.592825",
						"1.689042857e-16"
					],
					[
						"5766.325622",
						"1.810275638e-16"
					],
					[
						"5771.058418",
						"1.899248376e-16"
					],
					[
						"5775.791214",
						"1.681246845e-16"
					],
					[
						"5780.52401",
						"1.751211899e-16"
					],
					[
						"5785.256806",
						"1.898919622e-16"
					],
					[
						"5789.989603",
						"1.831799937e-16"
					],
					[
						"5794.722399",
						"1.794600632e-16"
					],
					[
						"5799.455195",
						"1.750520111e-16"
					],
					[
						"5804.187991",
						"1.748460497e-16"
					],
					[
						"5808.920787",
						"2.007916218e-16"
					],
					[
						"5813.653584",
						"1.907811615e-16"
					],
					[
						"5818.38638",
						"1.414698944e-16"
					],
					[
						"5823.119176",
						"1.560219204e-16"
					],
					[
						"5827.851972",
						"1.78267732e-16"
					],
					[
						"5832.584768",
						"1.647917422e-16"
					],
					[
						"5837.317564",
						"1.474007661e-16"
					],
					[
						"5842.050361",
						"1.487600687e-16"
					],
					[
						"5846.783157",
						"1.579231653e-16"
					],
					[
						"5851.515953",
						"1.504835425e-16"
					],
					[
						"5856.248749",
						"1.63667703e-16"
					],
					[
						"5860.981545",
						"1.713548976e-16"
					],
					[
						"5865.714342",
						"1.601058103e-16"
					],
					[
						"5870.447138",
						"1.643742741e-16"
					],
					[
						"5875.179934",
						"1.399153507e-16"
					],
					[
						"5879.91273",
						"1.475680154e-16"
					],
					[
						"5884.645526",
						"1.590461457e-16"
					],
					[
						"5889.378323",
						"1.105128518e-16"
					],
					[
						"5894.111119",
						"1.055857075e-16"
					],
					[
						"5898.843915",
						"1.4431795e-16"
					],
					[
						"5903.576711",
						"1.48561016e-16"
					],
					[
						"5908.309507",
						"1.396649995e-16"
					],
					[
						"5913.042304",
						"1.432264157e-16"
					],
					[
						"5917.7751",
						"1.529840103e-16"
					],
					[
						"5922.507896",
						"1.540159876e-16"
					],
					[
						"5927.240692",
						"1.452355646e-16"
					],
					[
						"5931.973488",
						"1.53008958e-16"
					],
					[
						"5936.706285",
						"1.638986783e-16"
					],
					[
						"5941.439081",
						"1.461503337e-16"
					],
					[
						"5946.171877",
						"1.442794762e-16"
					],
					[
						"5950.904673",
						"1.523937209e-16"
					],
					[
						"5955.637469",
						"1.726821453e-16"
					],
					[
						"5960.370265",
						"1.386572024e-16"
					],
					[
						"5965.103062",
						"1.475177096e-16"
					],
					[
						"5969.835858",
						"1.494070034e-16"
					],
					[
						"5974.568654",
						"1.354628029e-16"
					],
					[
						"5979.30145",
						"1.433186761e-16"
					],
					[
						"5984.034246",
						"1.492306882e-16"
					],
					[
						"5988.767043",
						"1.496253658e-16"
					],
					[
						"5993.499839",
						"1.39766789e-16"
					],
					[
						"5998.232635",
						"1.361987554e-16"
					],
					[
						"6002.965431",
						"1.485888622e-16"
					],
					[
						"6007.698227",
						"1.60303672e-16"
					],
					[
						"6012.431024",
						"1.65812536e-16"
					],
					[
						"6017.16382",
						"1.722445998e-16"
					],
					[
						"6021.896616",
						"1.882236911e-16"
					],
					[
						"6026.629412",
						"1.776146828e-16"
					],
					[
						"6031.362208",
						"1.599230762e-16"
					],
					[
						"6036.095005",
						"1.852906542e-16"
					],
					[
						"6040.827801",
						"1.760263505e-16"
					],
					[
						"6045.560597",
						"1.799143376e-16"
					],
					[
						"6050.293393",
						"1.834069985e-16"
					],
					[
						"6055.026189",
						"2.15149095e-16"
					],
					[
						"6059.758986",
						"2.016491501e-16"
					],
					[
						"6064.491782",
						"2.062158488e-16"
					],
					[
						"6069.224578",
						"2.336405654e-16"
					],
					[
						"6073.957374",
						"2.273813095e-16"
					],
					[
						"6078.69017",
						"1.959259734e-16"
					],
					[
						"6083.422966",
						"2.05008893e-16"
					],
					[
						"6088.155763",
						"2.075510374e-16"
					],
					[
						"6092.888559",
						"1.8819067e-16"
					],
					[
						"6097.621355",
						"1.868498301e-16"
					],
					[
						"6102.354151",
						"1.886575572e-16"
					],
					[
						"6107.086947",
						"1.842290572e-16"
					],
					[
						"6111.819744",
						"1.718172187e-16"
					],
					[
						"6116.55254",
						"2.251767739e-16"
					],
					[
						"6121.285336",
						"2.924853471e-16"
					],
					[
						"6126.018132",
						"1.9476755e-16"
					],
					[
						"6130.750928",
						"1.990703847e-16"
					],
					[
						"6135.483725",
						"1.971943391e-16"
					],
					[
						"6140.216521",
						"1.8487803e-16"
					],
					[
						"6144.949317",
						"1.801859175e-16"
					],
					[
						"6149.682113",
						"1.741123075e-16"
					],
					[
						"6154.414909",
						"1.835909767e-16"
					],
					[
						"6159.147706",
						"1.880563359e-16"
					],
					[
						"6163.880502",
						"1.673202679e-16"
					],
					[
						"6168.613298",
						"1.829052903e-16"
					],
					[
						"6173.346094",
						"1.869056152e-16"
					],
					[
						"6178.07889",
						"1.618079363e-16"
					],
					[
						"6182.811687",
						"1.519783175e-16"
					],
					[
						"6187.544483",
						"1.226680261e-16"
					],
					[
						"6192.277279",
						"1.248391436e-16"
					],
					[
						"6197.010075",
						"1.732104424e-16"
					],
					[
						"6201.742871",
						"1.725405584e-16"
					],
					[
						"6206.475667",
						"1.805024564e-16"
					],
					[
						"6211.208464",
						"1.569558404e-16"
					],
					[
						"6215.94126",
						"1.337988728e-16"
					],
					[
						"6220.674056",
						"1.388444496e-16"
					],
					[
						"6225.406852",
						"1.467786866e-16"
					],
					[
						"6230.139648",
						"1.494414803e-16"
					],
					[
						"6234.872445",
						"1.503964305e-16"
					],
					[
						"6239.605241",
						"1.172901875e-16"
					],
					[
						"6244.338037",
						"1.235858392e-16"
					],
					[
						"6249.070833",
						"1.210752336e-16"
					],
					[
						"6253.803629",
						"1.371906574e-16"
					],
					[
						"6258.536426",
						"1.398254461e-16"
					],
					[
						"6263.269222",
						"1.226465591e-16"
					],
					[
						"6268.002018",
						"1.376659223e-16"
					],
					[
						"6272.734814",
						"1.413856278e-16"
					],
					[
						"6277.46761",
						"1.246703855e-16"
					],
					[
						"6282.200407",
						"1.311022376e-16"
					],
					[
						"6286.933203",
						"1.338261235e-16"
					],
					[
						"6291.665999",
						"1.022441361e-16"
					],
					[
						"6296.398795",
						"9.607653184e-17"
					],
					[
						"6301.131591",
						"7.872007236e-17"
					],
					[
						"6305.864388",
						"5.157765596e-17"
					],
					[
						"6310.597184",
						"6.28647207e-17"
					],
					[
						"6315.32998",
						"9.480315677e-17"
					],
					[
						"6320.062776",
						"8.099291984e-17"
					],
					[
						"6324.795572",
						"7.745487645e-17"
					],
					[
						"6329.528368",
						"8.403057189e-17"
					],
					[
						"6334.261165",
						"8.299570939e-17"
					],
					[
						"6338.993961",
						"5.967659457e-17"
					],
					[
						"6343.726757",
						"7.480731616e-17"
					],
					[
						"6348.459553",
						"9.736856149e-17"
					],
					[
						"6353.192349",
						"8.375543177e-17"
					],
					[
						"6357.925146",
						"7.535407593e-17"
					],
					[
						"6362.657942",
						"3.639581791e-17"
					],
					[
						"6367.390738",
						"2.094746724e-17"
					],
					[
						"6372.123534",
						"6.068254545e-17"
					],
					[
						"6376.85633",
						"9.925120471e-17"
					],
					[
						"6381.589127",
						"1.15517149e-16"
					],
					[
						"6386.321923",
						"8.687423355e-17"
					],
					[
						"6391.054719",
						"1.176556425e-16"
					],
					[
						"6395.787515",
						"1.328835346e-16"
					],
					[
						"6400.520311",
						"1.040106762e-16"
					],
					[
						"6405.253108",
						"9.613498373e-17"
					],
					[
						"6409.985904",
						"9.897579989e-17"
					],
					[
						"6414.7187",
						"9.50528065e-17"
					],
					[
						"6419.451496",
						"1.032663593e-16"
					],
					[
						"6424.184292",
						"1.15441988e-16"
					],
					[
						"6428.917089",
						"1.170776219e-16"
					],
					[
						"6433.649885",
						"1.232954525e-16"
					],
					[
						"6438.382681",
						"1.135193291e-16"
					],
					[
						"6443.115477",
						"1.06190092e-16"
					],
					[
						"6447.848273",
						"1.622115078e-16"
					],
					[
						"6452.581069",
						"1.687870113e-16"
					],
					[
						"6457.313866",
						"1.448755624e-16"
					],
					[
						"6462.046662",
						"1.272050257e-16"
					],
					[
						"6466.779458",
						"1.152080878e-16"
					],
					[
						"6471.512254",
						"1.361704724e-16"
					],
					[
						"6476.24505",
						"1.342502885e-16"
					],
					[
						"6480.977847",
						"1.47158025e-16"
					],
					[
						"6485.710643",
						"1.621368365e-16"
					],
					[
						"6490.443439",
						"1.552456544e-16"
					],
					[
						"6495.176235",
						"1.449522586e-16"
					],
					[
						"6499.909031",
						"1.682209948e-16"
					],
					[
						"6504.641828",
						"1.687847084e-16"
					],
					[
						"6509.374624",
						"1.565694875e-16"
					],
					[
						"6514.10742",
						"1.782481973e-16"
					],
					[
						"6518.840216",
						"1.433776243e-16"
					],
					[
						"6523.573012",
						"1.354043047e-16"
					],
					[
						"6528.305809",
						"1.617706801e-16"
					],
					[
						"6533.038605",
						"1.650157427e-16"
					],
					[
						"6537.771401",
						"1.113584951e-16"
					],
					[
						"6542.504197",
						"1.02600234e-16"
					],
					[
						"6547.236993",
						"1.42831791e-16"
					],
					[
						"6551.96979",
						"1.885726025e-16"
					],
					[
						"6556.702586",
						"1.688995476e-16"
					],
					[
						"6561.435382",
						"1.488753578e-16"
					],
					[
						"6566.168178",
						"1.538146981e-16"
					],
					[
						"6570.900974",
						"1.65992557e-16"
					],
					[
						"6575.63377",
						"1.572186853e-16"
					],
					[
						"6580.366567",
						"1.609433142e-16"
					],
					[
						"6585.099363",
						"1.935457711e-16"
					],
					[
						"6589.832159",
						"1.788213871e-16"
					],
					[
						"6594.564955",
						"1.834168982e-16"
					],
					[
						"6599.297751",
						"1.889277078e-16"
					],
					[
						"6604.030548",
						"1.60546466e-16"
					],
					[
						"6608.763344",
						"1.549371227e-16"
					],
					[
						"6613.49614",
						"1.307864531e-16"
					],
					[
						"6618.228936",
						"1.532641532e-16"
					],
					[
						"6622.961732",
						"1.659931658e-16"
					],
					[
						"6627.694529",
						"1.344070954e-16"
					],
					[
						"6632.427325",
						"1.218763812e-16"
					],
					[
						"6637.160121",
						"1.317046897e-16"
					],
					[
						"6641.892917",
						"1.682679522e-16"
					],
					[
						"6646.625713",
						"1.940604495e-16"
					],
					[
						"6651.35851",
						"1.795162983e-16"
					],
					[
						"6656.091306",
						"1.584173428e-16"
					],
					[
						"6660.824102",
						"1.62625654e-16"
					],
					[
						"6665.556898",
						"1.765738514e-16"
					],
					[
						"6670.289694",
						"1.29585003e-16"
					],
					[
						"6675.022491",
						"1.26337439e-16"
					],
					[
						"6679.755287",
						"1.454610739e-16"
					],
					[
						"6684.488083",
						"1.313017006e-16"
					],
					[
						"6689.220879",
						"1.318863651e-16"
					],
					[
						"6693.953675",
						"1.401862821e-16"
					],
					[
						"6698.686471",
						"1.60537453e-16"
					],
					[
						"6703.419268",
						"1.838561907e-16"
					],
					[
						"6708.152064",
						"2.116643882e-16"
					],
					[
						"6712.88486",
						"2.036450111e-16"
					],
					[
						"6717.617656",
						"1.711974024e-16"
					],
					[
						"6722.350452",
						"1.768997076e-16"
					],
					[
						"6727.083249",
						"1.964513059e-16"
					],
					[
						"6731.816045",
						"1.788068552e-16"
					],
					[
						"6736.548841",
						"1.477529995e-16"
					],
					[
						"6741.281637",
						"1.543503274e-16"
					],
					[
						"6746.014433",
						"1.486624482e-16"
					],
					[
						"6750.74723",
						"1.150898208e-16"
					],
					[
						"6755.480026",
						"1.415752309e-16"
					],
					[
						"6760.212822",
						"1.520399259e-16"
					],
					[
						"6764.945618",
						"1.904496407e-16"
					],
					[
						"6769.678414",
						"1.895437257e-16"
					],
					[
						"6774.411211",
						"2.058694917e-16"
					],
					[
						"6779.144007",
						"2.485682505e-16"
					],
					[
						"6783.876803",
						"3.057465479e-16"
					],
					[
						"6788.609599",
						"2.858226124e-16"
					],
					[
						"6793.342395",
						"1.988981723e-16"
					],
					[
						"6798.075191",
						"1.862428119e-16"
					],
					[
						"6802.807988",
						"1.712523801e-16"
					],
					[
						"6807.540784",
						"1.501623847e-16"
					],
					[
						"6812.27358",
						"1.613374095e-16"
					],
					[
						"6817.006376",
						"1.348161197e-16"
					],
					[
						"6821.739172",
						"1.283804163e-16"
					],
					[
						"6826.471969",
						"1.459377152e-16"
					],
					[
						"6831.204765",
						"1.231310752e-16"
					],
					[
						"6835.937561",
						"7.739552459e-17"
					],
					[
						"6840.670357",
						"1.461920633e-16"
					],
					[
						"6845.403153",
						"1.61768814e-16"
					],
					[
						"6850.13595",
						"1.100958139e-16"
					],
					[
						"6854.868746",
						"7.749441569e-17"
					],
					[
						"6859.601542",
						"6.111471755e-17"
					],
					[
						"6864.334338",
						"1.083337934e-16"
					],
					[
						"6869.067134",
						"1.356933017e-16"
					],
					[
						"6873.799931",
						"8.473827454e-17"
					],
					[
						"6878.532727",
						"8.857192581e-17"
					],
					[
						"6883.265523",
						"1.00110427e-16"
					],
					[
						"6887.998319",
						"8.433821691e-17"
					],
					[
						"6892.731115",
						"8.026872652e-17"
					],
					[
						"6897.463912",
						"1.126834002e-16"
					],
					[
						"6902.196708",
						"9.030277808e-17"
					],
					[
						"6906.929504",
						"6.652496844e-17"
					],
					[
						"6911.6623",
						"4.186163219e-17"
					],
					[
						"6916.395096",
						"5.706240605e-17"
					],
					[
						"6921.127892",
						"1.274867568e-16"
					],
					[
						"6925.860689",
						"1.436402839e-16"
					],
					[
						"6930.593485",
						"1.134941431e-16"
					],
					[
						"6935.326281",
						"1.511810609e-16"
					],
					[
						"6940.059077",
						"1.987929152e-16"
					],
					[
						"6944.791873",
						"1.717941636e-16"
					],
					[
						"6949.52467",
						"1.41182684e-16"
					],
					[
						"6954.257466",
						"1.422563115e-16"
					],
					[
						"6958.990262",
						"1.325139503e-16"
					],
					[
						"6963.723058",
						"9.580231154e-17"
					],
					[
						"6968.455854",
						"8.324873401e-17"
					],
					[
						"6973.188651",
						"1.293710081e-16"
					],
					[
						"6977.921447",
						"1.531601137e-16"
					],
					[
						"6982.654243",
						"1.195389011e-16"
					],
					[
						"6987.387039",
						"9.54645373e-17"
					],
					[
						"6992.119835",
						"1.040267169e-16"
					],
					[
						"6996.852632",
						"8.554686013e-17"
					],
					[
						"7001.585428",
						"5.799610105e-17"
					],
					[
						"7006.318224",
						"6.664165385e-17"
					],
					[
						"7011.05102",
						"6.459489799e-17"
					],
					[
						"7015.783816",
						"1.12613798e-16"
					],
					[
						"7020.516613",
						"1.080044035e-16"
					],
					[
						"7025.249409",
						"8.786804143e-17"
					],
					[
						"7029.982205",
						"8.582180835e-17"
					],
					[
						"7034.715001",
						"8.104122057e-17"
					],
					[
						"7039.447797",
						"9.642136028e-17"
					],
					[
						"7044.180593",
						"9.345435606e-17"
					],
					[
						"7048.91339",
						"5.030176957e-17"
					],
					[
						"7053.646186",
						"6.090552688e-17"
					],
					[
						"7058.378982",
						"9.268607071e-17"
					],
					[
						"7063.111778",
						"5.985324064e-17"
					],
					[
						"7067.844574",
						"2.912476467e-17"
					],
					[
						"7072.577371",
						"4.242129597e-17"
					],
					[
						"7077.310167",
						"8.749494988e-17"
					],
					[
						"7082.042963",
						"1.01525647e-16"
					],
					[
						"7086.775759",
						"9.873900124e-17"
					],
					[
						"7091.508555",
						"8.270818803e-17"
					],
					[
						"7096.241352",
						"1.076886719e-16"
					],
					[
						"7100.974148",
						"1.22722673e-16"
					],
					[
						"7105.706944",
						"1.155334411e-16"
					],
					[
						"7110.43974",
						"1.091953252e-16"
					],
					[
						"7115.172536",
						"1.272581903e-16"
					],
					[
						"7119.905333",
						"1.380887903e-16"
					],
					[
						"7124.638129",
						"1.054950618e-16"
					],
					[
						"7129.370925",
						"6.536422229e-17"
					],
					[
						"7134.103721",
						"5.746244383e-17"
					],
					[
						"7138.836517",
						"5.961278916e-17"
					],
					[
						"7143.569314",
						"4.025364932e-17"
					],
					[
						"7148.30211",
						"4.053834835e-17"
					],
					[
						"7153.034906",
						"8.026956694e-17"
					],
					[
						"7157.767702",
						"1.060297182e-16"
					],
					[
						"7162.500498",
						"1.025793427e-16"
					],
					[
						"7167.233294",
						"6.594522733e-17"
					],
					[
						"7171.966091",
						"5.943233806e-17"
					],
					[
						"7176.698887",
						"7.308948702e-17"
					],
					[
						"7181.431683",
						"7.507982254e-17"
					],
					[
						"7186.164479",
						"7.060809738e-17"
					],
					[
						"7190.897275",
						"8.864582943e-17"
					],
					[
						"7195.630072",
						"1.101725828e-16"
					],
					[
						"7200.362868",
						"8.029495807e-17"
					],
					[
						"7205.095664",
						"7.799709665e-17"
					],
					[
						"7209.82846",
						"9.050027572e-17"
					],
					[
						"7214.561256",
						"9.955998792e-17"
					],
					[
						"7219.294053",
						"6.871229206e-17"
					],
					[
						"7224.026849",
						"6.9216098e-17"
					],
					[
						"7228.759645",
						"7.939159082e-17"
					],
					[
						"7233.492441",
						"7.730097454e-17"
					],
					[
						"7238.225237",
						"7.03655945e-17"
					],
					[
						"7242.958034",
						"9.393091797e-17"
					],
					[
						"7247.69083",
						"1.093209574e-16"
					],
					[
						"7252.423626",
						"8.420181152e-17"
					],
					[
						"7257.156422",
						"6.886322275e-17"
					],
					[
						"7261.889218",
						"8.145109849e-17"
					],
					[
						"7266.622015",
						"9.354723852e-17"
					],
					[
						"7271.354811",
						"6.497340922e-17"
					],
					[
						"7276.087607",
						"5.09936135e-17"
					],
					[
						"7280.820403",
						"7.83907486e-17"
					],
					[
						"7285.553199",
						"1.18862585e-16"
					],
					[
						"7290.285995",
						"7.097690082e-17"
					],
					[
						"7295.018792",
						"8.122322677e-17"
					],
					[
						"7299.751588",
						"9.8641877e-17"
					],
					[
						"7304.484384",
						"8.74165861e-17"
					],
					[
						"7309.21718",
						"8.651609743e-17"
					],
					[
						"7313.949976",
						"8.209380459e-17"
					],
					[
						"7318.682773",
						"7.931600636e-17"
					],
					[
						"7323.415569",
						"9.327162856e-17"
					],
					[
						"7328.148365",
						"1.150501691e-16"
					],
					[
						"7332.881161",
						"1.111627379e-16"
					],
					[
						"7337.613957",
						"8.16561334e-17"
					],
					[
						"7342.346754",
						"9.168547334e-17"
					],
					[
						"7347.07955",
						"8.446850116e-17"
					],
					[
						"7351.812346",
						"1.12809542e-16"
					],
					[
						"7356.545142",
						"8.98650341e-17"
					],
					[
						"7361.277938",
						"1.270728754e-16"
					],
					[
						"7366.010735",
						"1.316972914e-16"
					],
					[
						"7370.743531",
						"9.993321181e-17"
					],
					[
						"7375.476327",
						"1.206171211e-16"
					],
					[
						"7380.209123",
						"1.432676821e-16"
					],
					[
						"7384.941919",
						"1.540068555e-16"
					],
					[
						"7389.674716",
						"1.006630697e-16"
					],
					[
						"7394.407512",
						"2.448843719e-17"
					],
					[
						"7399.140308",
						"4.692181032e-17"
					],
					[
						"7403.873104",
						"9.723122965e-17"
					],
					[
						"7408.6059",
						"1.123053324e-16"
					],
					[
						"7413.338696",
						"6.88605493e-17"
					],
					[
						"7418.071493",
						"4.288975813e-17"
					],
					[
						"7422.804289",
						"7.52060503e-17"
					],
					[
						"7427.537085",
						"4.857952659e-17"
					],
					[
						"7432.269881",
						"8.996045145e-19"
					],
					[
						"7437.002677",
						"3.503442421e-17"
					],
					[
						"7441.735474",
						"7.740709188e-17"
					],
					[
						"7446.46827",
						"6.261385998e-17"
					],
					[
						"7451.201066",
						"4.216267299e-17"
					],
					[
						"7455.933862",
						"5.532498265e-17"
					],
					[
						"7460.666658",
						"6.951694689e-17"
					],
					[
						"7465.399455",
						"8.693013111e-17"
					],
					[
						"7470.132251",
						"7.926384104e-17"
					],
					[
						"7474.865047",
						"3.967856027e-17"
					],
					[
						"7479.597843",
						"4.952587746e-17"
					],
					[
						"7484.330639",
						"-3.314506097e-17"
					],
					[
						"7489.063436",
						"-2.125178533e-17"
					],
					[
						"7493.796232",
						"9.178758713e-17"
					],
					[
						"7498.529028",
						"1.119395333e-16"
					],
					[
						"7503.261824",
						"1.028698618e-16"
					],
					[
						"7507.99462",
						"1.185381184e-16"
					],
					[
						"7512.727417",
						"9.80658946e-17"
					],
					[
						"7517.460213",
						"5.202263942e-17"
					],
					[
						"7522.193009",
						"2.20252538e-17"
					],
					[
						"7526.925805",
						"2.444547674e-17"
					],
					[
						"7531.658601",
						"6.697792593e-17"
					],
					[
						"7536.391397",
						"9.593002823e-17"
					],
					[
						"7541.124194",
						"6.319953694e-17"
					],
					[
						"7545.85699",
						"6.879061614e-17"
					],
					[
						"7550.589786",
						"7.670265164e-17"
					],
					[
						"7555.322582",
						"7.834383753e-17"
					],
					[
						"7560.055378",
						"9.819883245e-17"
					],
					[
						"7564.788175",
						"1.350155165e-16"
					],
					[
						"7569.520971",
						"1.521093032e-16"
					],
					[
						"7574.253767",
						"8.719797881e-17"
					],
					[
						"7578.986563",
						"8.444388427e-17"
					],
					[
						"7583.719359",
						"1.005554369e-16"
					],
					[
						"7588.452156",
						"3.06284169e-17"
					],
					[
						"7593.184952",
						"2.852760076e-19"
					],
					[
						"7597.917748",
						"9.216859975e-18"
					],
					[
						"7602.650544",
						"1.400538373e-17"
					],
					[
						"7607.38334",
						"3.696258552e-17"
					],
					[
						"7612.116137",
						"7.288065369e-17"
					],
					[
						"7616.848933",
						"6.902034074e-17"
					],
					[
						"7621.581729",
						"2.751293376e-17"
					],
					[
						"7626.314525",
						"1.432442563e-17"
					],
					[
						"7631.047321",
						"4.794237583e-17"
					],
					[
						"7635.780118",
						"6.656663188e-17"
					],
					[
						"7640.512914",
						"3.959304965e-17"
					],
					[
						"7645.24571",
						"4.107646573e-17"
					],
					[
						"7649.978506",
						"5.391364709e-17"
					],
					[
						"7654.711302",
						"1.234577652e-16"
					],
					[
						"7659.444098",
						"1.190682287e-16"
					],
					[
						"7664.176895",
						"1.13654947e-16"
					],
					[
						"7668.909691",
						"8.80553085e-17"
					],
					[
						"7673.642487",
						"5.820167198e-17"
					],
					[
						"7678.375283",
						"8.414912342e-17"
					],
					[
						"7683.108079",
						"1.219921203e-16"
					],
					[
						"7687.840876",
						"1.159186426e-16"
					],
					[
						"7692.573672",
						"8.141895094e-17"
					],
					[
						"7697.306468",
						"8.931459503e-17"
					],
					[
						"7702.039264",
						"1.167432821e-16"
					],
					[
						"7706.77206",
						"7.380921356e-17"
					],
					[
						"7711.504857",
						"7.881722307e-17"
					],
					[
						"7716.237653",
						"1.007254126e-16"
					],
					[
						"7720.970449",
						"7.447677479e-17"
					],
					[
						"7725.703245",
						"8.401850829e-17"
					],
					[
						"7730.436041",
						"7.6937293e-17"
					],
					[
						"7735.168838",
						"5.281040322e-17"
					],
					[
						"7739.901634",
						"6.322536483e-17"
					],
					[
						"7744.63443",
						"7.001168693e-17"
					],
					[
						"7749.367226",
						"5.994434301e-17"
					],
					[
						"7754.100022",
						"7.58052467e-17"
					],
					[
						"7758.832819",
						"8.636116981e-17"
					],
					[
						"7763.565615",
						"5.482870406e-17"
					],
					[
						"7768.298411",
						"7.699615517e-17"
					],
					[
						"7773.031207",
						"1.246702002e-16"
					],
					[
						"7777.764003",
						"9.161006755e-17"
					],
					[
						"7782.496799",
						"8.638604479e-17"
					],
					[
						"7787.229596",
						"8.625164448e-17"
					],
					[
						"7791.962392",
						"2.963387118e-17"
					],
					[
						"7796.695188",
						"3.317091864e-17"
					],
					[
						"7801.427984",
						"9.448810022e-17"
					],
					[
						"7806.16078",
						"6.709794653e-17"
					],
					[
						"7810.893577",
						"4.782285816e-17"
					],
					[
						"7815.626373",
						"1.011700718e-16"
					],
					[
						"7820.359169",
						"5.335667992e-17"
					],
					[
						"7825.091965",
						"6.207257284e-17"
					],
					[
						"7829.824761",
						"1.056627941e-16"
					],
					[
						"7834.557558",
						"7.829148693e-17"
					],
					[
						"7839.290354",
						"5.872969114e-17"
					],
					[
						"7844.02315",
						"3.660593833e-17"
					],
					[
						"7848.755946",
						"3.822916779e-17"
					],
					[
						"7853.488742",
						"6.598855836e-17"
					],
					[
						"7858.221539",
						"8.68294136e-17"
					],
					[
						"7862.954335",
						"8.777640305e-17"
					],
					[
						"7867.687131",
						"8.525100079e-17"
					],
					[
						"7872.419927",
						"7.873432634e-17"
					],
					[
						"7877.152723",
						"9.086798066e-17"
					],
					[
						"7881.88552",
						"1.320204477e-16"
					],
					[
						"7886.618316",
						"8.831533438e-17"
					],
					[
						"7891.351112",
						"7.33523187e-17"
					],
					[
						"7896.083908",
						"7.111446427e-17"
					],
					[
						"7900.816704",
						"2.276339504e-17"
					],
					[
						"7905.5495",
						"6.116627406e-17"
					],
					[
						"7910.282297",
						"1.232496333e-16"
					],
					[
						"7915.015093",
						"8.149520376e-17"
					],
					[
						"7919.747889",
						"7.708764135e-17"
					],
					[
						"7924.480685",
						"1.030513452e-16"
					],
					[
						"7929.213481",
						"7.431280112e-17"
					],
					[
						"7933.946278",
						"7.669545186e-17"
					],
					[
						"7938.679074",
						"9.965038222e-17"
					],
					[
						"7943.41187",
						"8.428761331e-17"
					],
					[
						"7948.144666",
						"6.084008697e-17"
					],
					[
						"7952.877462",
						"1.278136454e-16"
					],
					[
						"7957.610259",
						"1.473635761e-16"
					],
					[
						"7962.343055",
						"8.549536979e-17"
					],
					[
						"7967.075851",
						"6.85975191e-17"
					],
					[
						"7971.808647",
						"5.919681658e-17"
					],
					[
						"7976.541443",
						"8.158245477e-17"
					],
					[
						"7981.27424",
						"9.094180488e-17"
					],
					[
						"7986.007036",
						"6.612493066e-17"
					],
					[
						"7990.739832",
						"7.003922211e-17"
					],
					[
						"7995.472628",
						"9.087232171e-17"
					],
					[
						"8000.205424",
						"1.214774948e-16"
					],
					[
						"8004.938221",
						"1.022710558e-16"
					],
					[
						"8009.671017",
						"8.299268522e-17"
					],
					[
						"8014.403813",
						"9.212448125e-17"
					],
					[
						"8019.136609",
						"6.770356185e-17"
					],
					[
						"8023.869405",
						"6.139022163e-17"
					],
					[
						"8028.602201",
						"6.573438892e-17"
					],
					[
						"8033.334998",
						"6.902372887e-17"
					],
					[
						"8038.067794",
						"8.101191852e-17"
					],
					[
						"8042.80059",
						"7.776200531e-17"
					],
					[
						"8047.533386",
						"7.566543333e-17"
					],
					[
						"8052.266182",
						"8.711985987e-17"
					],
					[
						"8056.998979",
						"7.575623129e-17"
					],
					[
						"8061.731775",
						"8.031139581e-17"
					],
					[
						"8066.464571",
						"1.045723583e-16"
					],
					[
						"8071.197367",
						"6.722806535e-17"
					],
					[
						"8075.930163",
						"5.952968729e-17"
					],
					[
						"8080.66296",
						"3.754874887e-17"
					],
					[
						"8085.395756",
						"6.310152597e-17"
					],
					[
						"8090.128552",
						"1.230218476e-16"
					],
					[
						"8094.861348",
						"8.987684624e-17"
					],
					[
						"8099.594144",
						"6.512435976e-17"
					],
					[
						"8104.326941",
						"9.317200292e-17"
					],
					[
						"8109.059737",
						"1.040172738e-16"
					],
					[
						"8113.792533",
						"1.030585053e-16"
					],
					[
						"8118.525329",
						"9.507690723e-17"
					],
					[
						"8123.258125",
						"1.038416204e-16"
					],
					[
						"8127.990921",
						"1.220894629e-16"
					],
					[
						"8132.723718",
						"9.699080464e-17"
					],
					[
						"8137.456514",
						"8.523750782e-17"
					],
					[
						"8142.18931",
						"9.629210172e-17"
					],
					[
						"8146.922106",
						"7.564872428e-17"
					],
					[
						"8151.654902",
						"9.048920473e-17"
					],
					[
						"8156.387699",
						"4.301346795e-17"
					],
					[
						"8161.120495",
						"4.910929607e-17"
					],
					[
						"8165.853291",
						"1.049773129e-16"
					],
					[
						"8170.586087",
						"9.132223517e-17"
					],
					[
						"8175.318883",
						"1.025170924e-16"
					],
					[
						"8180.05168",
						"1.209712868e-16"
					],
					[
						"8184.784476",
						"1.15393641e-16"
					],
					[
						"8189.517272",
						"1.24222861e-16"
					],
					[
						"8194.250068",
						"1.191217109e-16"
					]
				],
				"source":"16"
			}
		]
	}
}