{
	"ASASSN-15tz":{
		"schema":"https://github.com/astrocatalogs/supernovae/blob/a0bc0b9/SCHEMA.md",
		"name":"ASASSN-15tz",
		"sources":[
			{
				"name":"2016A&A...594A..13P",
				"bibcode":"2016A&A...594A..13P",
				"reference":"Planck Collaboration et al. (2016)",
				"alias":"1"
			},
			{
				"name":"2015ATel.8404....1M",
				"bibcode":"2015ATel.8404....1M",
				"reference":"Masi et al. (2015)",
				"alias":"2"
			},
			{
				"name":"2015ATel.8410....1C",
				"bibcode":"2015ATel.8410....1C",
				"reference":"Challis et al. (2015)",
				"alias":"3"
			},
			{
				"name":"2011ApJ...737..103S",
				"bibcode":"2011ApJ...737..103S",
				"reference":"Schlafly & Finkbeiner (2011)",
				"alias":"4"
			},
			{
				"name":"ASAS-SN Supernovae",
				"url":"http://www.astronomy.ohio-state.edu/~assassin/sn_list.html",
				"alias":"5"
			},
			{
				"name":"Latest Supernovae",
				"secondary":true,
				"url":"http://www.rochesterastronomy.org/snimages/snredshiftall.html",
				"alias":"6"
			},
			{
				"name":"The Open Supernova Catalog",
				"bibcode":"2017ApJ...835...64G",
				"reference":"Guillochon et al. (2017)",
				"secondary":true,
				"url":"https://sne.space",
				"alias":"7"
			},
			{
				"name":"SIMBAD astronomical database",
				"bibcode":"2000A&AS..143....9W",
				"reference":"Wenger et al. (2000)",
				"secondary":true,
				"url":"http://simbad.u-strasbg.fr/",
				"alias":"8"
			}
		],
		"alias":[
			{
				"value":"ASASSN-15tz",
				"source":"2,5,6,8"
			}
		],
		"claimedtype":[
			{
				"value":"Ia",
				"source":"2,3,5,6,8"
			}
		],
		"comovingdist":[
			{
				"value":"100.64",
				"derived":true,
				"u_value":"Mpc",
				"source":"1,2,5,6,7"
			}
		],
		"dec":[
			{
				"value":"+43:40:48.78",
				"u_value":"degrees",
				"source":"2,8"
			},
			{
				"value":"+43:40:48.8",
				"u_value":"degrees",
				"source":"2,6"
			},
			{
				"value":"+43:40:48.72",
				"u_value":"degrees",
				"source":"2,5"
			}
		],
		"discoverdate":[
			{
				"value":"2015/12/12",
				"source":"2,6"
			}
		],
		"discoverer":[
			{
				"value":"ASAS-SN",
				"source":"2,6"
			}
		],
		"ebv":[
			{
				"value":"0.1339",
				"derived":true,
				"e_value":"0.0105",
				"source":"4,7"
			}
		],
		"host":[
			{
				"value":"UGC 2164",
				"source":"2,5,6"
			}
		],
		"hostoffsetang":[
			{
				"value":"10.31",
				"u_value":"arcseconds",
				"source":"2,5"
			}
		],
		"lumdist":[
			{
				"value":"102.941",
				"derived":true,
				"u_value":"Mpc",
				"source":"1,2,5,6,7"
			}
		],
		"maxabsmag":[
			{
				"value":"-18.1384",
				"derived":true,
				"source":"1,2,5,6,7"
			}
		],
		"maxappmag":[
			{
				"value":"16.9",
				"derived":true,
				"source":"2,6,7"
			}
		],
		"maxdate":[
			{
				"value":"2015/12/16",
				"derived":true,
				"source":"2,6,7"
			}
		],
		"maxvisualabsmag":[
			{
				"value":"-18.1629",
				"derived":true,
				"source":"1,2,5,6,7"
			}
		],
		"maxvisualappmag":[
			{
				"value":"16.9",
				"derived":true,
				"source":"2,6,7"
			}
		],
		"maxvisualdate":[
			{
				"value":"2015/12/16",
				"derived":true,
				"source":"2,6,7"
			}
		],
		"ra":[
			{
				"value":"02:41:08.860",
				"u_value":"hours",
				"source":"2,8"
			},
			{
				"value":"02:41:08.86",
				"u_value":"hours",
				"source":"2,6"
			},
			{
				"value":"02:41:08.856",
				"u_value":"hours",
				"source":"2,5"
			}
		],
		"redshift":[
			{
				"value":"0.022862",
				"source":"2,5,6"
			}
		],
		"velocity":[
			{
				"value":"6775.5",
				"u_value":"km/s",
				"source":"7"
			}
		],
		"photometry":[
			{
				"time":"57372.5",
				"magnitude":"16.9",
				"u_time":"MJD",
				"source":"2,6"
			}
		]
	}
}