{
	"ASASSN-15pl":{
		"schema":"https://github.com/astrocatalogs/supernovae/blob/a0bc0b9/SCHEMA.md",
		"name":"ASASSN-15pl",
		"sources":[
			{
				"name":"2016A&A...594A..13P",
				"bibcode":"2016A&A...594A..13P",
				"reference":"Planck Collaboration et al. (2016)",
				"alias":"1"
			},
			{
				"name":"2015ATel.8040....1B",
				"bibcode":"2015ATel.8040....1B",
				"reference":"Brimacombe et al. (2015)",
				"alias":"2"
			},
			{
				"name":"2015ATel.8083....1Z",
				"bibcode":"2015ATel.8083....1Z",
				"reference":"Zheng, Graham, & Filippenko (2015)",
				"alias":"3"
			},
			{
				"name":"2011ApJ...737..103S",
				"bibcode":"2011ApJ...737..103S",
				"reference":"Schlafly & Finkbeiner (2011)",
				"alias":"4"
			},
			{
				"name":"Pan-STARRS 3Pi",
				"url":"http://psweb.mp.qub.ac.uk/ps1threepi/psdb/",
				"alias":"5"
			},
			{
				"name":"ASAS-SN Supernovae",
				"url":"http://www.astronomy.ohio-state.edu/~assassin/sn_list.html",
				"alias":"6"
			},
			{
				"name":"Latest Supernovae",
				"secondary":true,
				"url":"http://www.rochesterastronomy.org/snimages/snredshiftall.html",
				"alias":"7"
			},
			{
				"name":"The Open Supernova Catalog",
				"bibcode":"2017ApJ...835...64G",
				"reference":"Guillochon et al. (2017)",
				"secondary":true,
				"url":"https://sne.space",
				"alias":"8"
			},
			{
				"name":"SIMBAD astronomical database",
				"bibcode":"2000A&AS..143....9W",
				"reference":"Wenger et al. (2000)",
				"secondary":true,
				"url":"http://simbad.u-strasbg.fr/",
				"alias":"9"
			}
		],
		"alias":[
			{
				"value":"ASASSN-15pl",
				"source":"2,5,6,7,9"
			},
			{
				"value":"PS15cen",
				"source":"2,7"
			}
		],
		"claimedtype":[
			{
				"value":"Ia",
				"source":"2,3,6,7,9"
			}
		],
		"comovingdist":[
			{
				"value":"71.271",
				"derived":true,
				"u_value":"Mpc",
				"source":"1,2,6,8"
			}
		],
		"dec":[
			{
				"value":"-20:41:00.07",
				"u_value":"degrees",
				"source":"2,9"
			},
			{
				"value":"-20:41:00.1",
				"u_value":"degrees",
				"source":"2,7"
			},
			{
				"value":"-20:41:00.3",
				"u_value":"degrees",
				"source":"2,5"
			},
			{
				"value":"-20:41:00.24",
				"u_value":"degrees",
				"source":"2,6"
			}
		],
		"discoverdate":[
			{
				"value":"2015/09/11",
				"source":"2,7"
			}
		],
		"discoverer":[
			{
				"value":"ASAS-SN",
				"source":"2,7"
			}
		],
		"ebv":[
			{
				"value":"0.0198",
				"derived":true,
				"e_value":"0.0012",
				"source":"4,8"
			}
		],
		"host":[
			{
				"value":"ESO 545-G25",
				"source":"2,7"
			},
			{
				"value":"ESO 545- G 025",
				"source":"2,5"
			},
			{
				"value":"ESO 545-G025",
				"source":"2,6"
			}
		],
		"hostoffsetang":[
			{
				"value":"5.26",
				"u_value":"arcseconds",
				"source":"2,6"
			}
		],
		"lumdist":[
			{
				"value":"72.4236",
				"derived":true,
				"u_value":"Mpc",
				"source":"1,2,6,8"
			}
		],
		"maxabsmag":[
			{
				"value":"-18.582",
				"derived":true,
				"source":"1,2,6,8"
			}
		],
		"maxappmag":[
			{
				"value":"15.7",
				"derived":true,
				"source":"2,7,8"
			}
		],
		"maxdate":[
			{
				"value":"2015/09/17",
				"derived":true,
				"source":"2,7,8"
			}
		],
		"maxvisualabsmag":[
			{
				"value":"-18.5994",
				"derived":true,
				"source":"1,2,6,8"
			}
		],
		"maxvisualappmag":[
			{
				"value":"15.7",
				"derived":true,
				"source":"2,7,8"
			}
		],
		"maxvisualdate":[
			{
				"value":"2015/09/17",
				"derived":true,
				"source":"2,7,8"
			}
		],
		"ra":[
			{
				"value":"02:30:23.171",
				"u_value":"hours",
				"source":"2,9"
			},
			{
				"value":"02:30:23.17",
				"u_value":"hours",
				"source":"2,7"
			},
			{
				"value":"02:30:23.21",
				"u_value":"hours",
				"source":"2,5"
			},
			{
				"value":"02:30:23.184",
				"u_value":"hours",
				"source":"2,6"
			}
		],
		"redshift":[
			{
				"value":"0.016165",
				"source":"2,6"
			}
		],
		"velocity":[
			{
				"value":"4807",
				"u_value":"km/s",
				"source":"8"
			}
		],
		"photometry":[
			{
				"time":"57282.5",
				"magnitude":"15.7",
				"u_time":"MJD",
				"source":"2,7"
			},
			{
				"time":"57297.4860002651",
				"band":"i",
				"e_magnitude":"0.00753605",
				"instrument":"GPC",
				"magnitude":"16.2891",
				"telescope":"Pan-STARRS1",
				"u_time":"MJD",
				"source":"2,5"
			},
			{
				"time":"57297.4993300409",
				"band":"i",
				"e_magnitude":"0.0076434",
				"instrument":"GPC",
				"magnitude":"16.2693",
				"telescope":"Pan-STARRS1",
				"u_time":"MJD",
				"source":"2,5"
			},
			{
				"time":"57297.5126512317",
				"band":"i",
				"e_magnitude":"0.00859546",
				"instrument":"GPC",
				"magnitude":"16.2564",
				"telescope":"Pan-STARRS1",
				"u_time":"MJD",
				"source":"2,5"
			},
			{
				"time":"57297.5259618275",
				"band":"i",
				"e_magnitude":"0.00995036",
				"instrument":"GPC",
				"magnitude":"16.2907",
				"telescope":"Pan-STARRS1",
				"u_time":"MJD",
				"source":"2,5"
			},
			{
				"time":"57298.4742934568",
				"band":"i",
				"e_magnitude":"0.00990844",
				"instrument":"GPC",
				"magnitude":"16.399",
				"telescope":"Pan-STARRS1",
				"u_time":"MJD",
				"source":"2,5"
			},
			{
				"time":"57298.4871826283",
				"band":"i",
				"e_magnitude":"0.012613",
				"instrument":"GPC",
				"magnitude":"16.4057",
				"telescope":"Pan-STARRS1",
				"u_time":"MJD",
				"source":"2,5"
			},
			{
				"time":"57298.5000585233",
				"band":"i",
				"e_magnitude":"0.0115147",
				"instrument":"GPC",
				"magnitude":"16.4439",
				"telescope":"Pan-STARRS1",
				"u_time":"MJD",
				"source":"2,5"
			},
			{
				"time":"57298.5129129338",
				"band":"i",
				"e_magnitude":"0.00868116",
				"instrument":"GPC",
				"magnitude":"16.3487",
				"telescope":"Pan-STARRS1",
				"u_time":"MJD",
				"source":"2,5"
			}
		]
	}
}