{
	"ASASSN-15cq":{
		"schema":"https://github.com/astrocatalogs/supernovae/blob/a0bc0b9/SCHEMA.md",
		"name":"ASASSN-15cq",
		"sources":[
			{
				"name":"2016A&A...594A..13P",
				"bibcode":"2016A&A...594A..13P",
				"reference":"Planck Collaboration et al. (2016)",
				"alias":"1"
			},
			{
				"name":"2015ATel.7035....1B",
				"bibcode":"2015ATel.7035....1B",
				"reference":"Brimacombe et al. (2015)",
				"alias":"2"
			},
			{
				"name":"2015ATel.7038....1B",
				"bibcode":"2015ATel.7038....1B",
				"reference":"Benetti et al. (2015)",
				"alias":"3"
			},
			{
				"name":"2011ApJ...737..103S",
				"bibcode":"2011ApJ...737..103S",
				"reference":"Schlafly & Finkbeiner (2011)",
				"alias":"4"
			},
			{
				"name":"ASAS-SN Supernovae",
				"url":"http://www.astronomy.ohio-state.edu/~assassin/sn_list.html",
				"alias":"5"
			},
			{
				"name":"Asiago Supernova Catalogue",
				"secondary":true,
				"url":"http://graspa.oapd.inaf.it/cgi-bin/sncat.php",
				"alias":"6"
			},
			{
				"name":"Latest Supernovae",
				"secondary":true,
				"url":"http://www.rochesterastronomy.org/snimages/snredshiftall.html",
				"alias":"7"
			},
			{
				"name":"The Open Supernova Catalog",
				"bibcode":"2017ApJ...835...64G",
				"reference":"Guillochon et al. (2017)",
				"secondary":true,
				"url":"https://sne.space",
				"alias":"8"
			},
			{
				"name":"WISeREP",
				"bibcode":"2012PASP..124..668Y",
				"reference":"Yaron & Gal-Yam (2012)",
				"secondary":true,
				"url":"http://wiserep.weizmann.ac.il/",
				"alias":"9"
			},
			{
				"name":"SIMBAD astronomical database",
				"bibcode":"2000A&AS..143....9W",
				"reference":"Wenger et al. (2000)",
				"secondary":true,
				"url":"http://simbad.u-strasbg.fr/",
				"alias":"10"
			}
		],
		"alias":[
			{
				"value":"ASASSN-15cq",
				"source":"2,5,6,7,9,10"
			}
		],
		"claimedtype":[
			{
				"value":"Ia",
				"source":"2,3,5,6,7,9,10"
			}
		],
		"comovingdist":[
			{
				"value":"119.95",
				"derived":true,
				"u_value":"Mpc",
				"source":"1,2,5,8"
			}
		],
		"dec":[
			{
				"value":"+43:17:59.11",
				"u_value":"degrees",
				"source":"2,10"
			},
			{
				"value":"+43:17:59.1",
				"u_value":"degrees",
				"source":"2,3,6,7"
			},
			{
				"value":"+43:17:59.28",
				"u_value":"degrees",
				"source":"2,5"
			}
		],
		"discoverdate":[
			{
				"value":"2015/02/08",
				"source":"2,7"
			}
		],
		"discoverer":[
			{
				"value":"ASAS-SN",
				"source":"2,7"
			},
			{
				"value":"ASASSN",
				"source":"3,6"
			}
		],
		"ebv":[
			{
				"value":"0.0111",
				"derived":true,
				"e_value":"0.0006",
				"source":"4,8"
			}
		],
		"host":[
			{
				"value":"CGCG 218-007",
				"source":"2,3,5,6,7"
			}
		],
		"hostoffsetang":[
			{
				"value":"5.2",
				"u_value":"arcseconds",
				"source":"2,5"
			}
		],
		"lumdist":[
			{
				"value":"123.218",
				"derived":true,
				"u_value":"Mpc",
				"source":"1,2,5,8"
			}
		],
		"maxabsmag":[
			{
				"value":"-19.4242",
				"derived":true,
				"source":"1,2,5,8"
			}
		],
		"maxappmag":[
			{
				"value":"16",
				"derived":true,
				"source":"2,7,8"
			}
		],
		"maxdate":[
			{
				"value":"2015/02/07",
				"derived":true,
				"source":"2,7,8"
			}
		],
		"maxvisualabsmag":[
			{
				"value":"-19.4534",
				"derived":true,
				"source":"1,2,5,8"
			}
		],
		"maxvisualappmag":[
			{
				"value":"16",
				"derived":true,
				"source":"2,7,8"
			}
		],
		"maxvisualdate":[
			{
				"value":"2015/02/07",
				"derived":true,
				"source":"2,7,8"
			}
		],
		"ra":[
			{
				"value":"13:23:48.460",
				"u_value":"hours",
				"source":"2,10"
			},
			{
				"value":"13:23:48.46",
				"u_value":"hours",
				"source":"2,7"
			},
			{
				"value":"13:23:48.48",
				"u_value":"hours",
				"source":"2,5"
			},
			{
				"value":"13:23:48",
				"u_value":"hours",
				"source":"3,6"
			}
		],
		"redshift":[
			{
				"value":"0.027276",
				"source":"2,5"
			}
		],
		"velocity":[
			{
				"value":"8065.7",
				"u_value":"km/s",
				"source":"8"
			}
		],
		"photometry":[
			{
				"time":"57060.5",
				"magnitude":"16.0",
				"u_time":"MJD",
				"source":"2,7"
			}
		],
		"spectra":[
			{
				"time":"57063.0",
				"filename":"ASASSNm15cq_2015-02-10_00:27:06_Asiago.ascii",
				"instrument":"Ekar - AFOSC",
				"observer":"Benetti Tomasella",
				"redshift":"0.02727",
				"reducer":"Unknown",
				"reduction":"final",
				"survey":"Asiago",
				"u_fluxes":"erg/s/cm^2/Angstrom",
				"u_time":"MJD",
				"u_wavelengths":"Angstrom",
				"data":[
					[
						"3400.900632",
						"1.774560494e-15"
					],
					[
						"3405.633356",
						"2.187424046e-15"
					],
					[
						"3410.366081",
						"1.685934272e-15"
					],
					[
						"3415.098806",
						"1.796138659e-15"
					],
					[
						"3419.83153",
						"1.324206946e-15"
					],
					[
						"3424.564255",
						"2.920617248e-15"
					],
					[
						"3429.296979",
						"2.460839294e-15"
					],
					[
						"3434.029704",
						"7.037516597e-16"
					],
					[
						"3438.762428",
						"2.204221795e-16"
					],
					[
						"3443.495153",
						"9.093371968e-16"
					],
					[
						"3448.227878",
						"7.432667525e-16"
					],
					[
						"3452.960602",
						"2.344571846e-16"
					],
					[
						"3457.693327",
						"1.066060633e-15"
					],
					[
						"3462.426051",
						"1.615376428e-15"
					],
					[
						"3467.158776",
						"8.587760003e-16"
					],
					[
						"3471.891501",
						"1.300811367e-15"
					],
					[
						"3476.624225",
						"7.945709029e-16"
					],
					[
						"3481.35695",
						"1.653242612e-15"
					],
					[
						"3486.089674",
						"1.17555944e-15"
					],
					[
						"3490.822399",
						"1.19221052e-15"
					],
					[
						"3495.555123",
						"9.813149862e-16"
					],
					[
						"3500.287848",
						"1.096865844e-15"
					],
					[
						"3505.020573",
						"6.391897497e-16"
					],
					[
						"3509.753297",
						"9.206188287e-16"
					],
					[
						"3514.486022",
						"8.789767832e-16"
					],
					[
						"3519.218746",
						"5.976069435e-16"
					],
					[
						"3523.951471",
						"8.006952158e-16"
					],
					[
						"3528.684195",
						"9.877071203e-16"
					],
					[
						"3533.41692",
						"9.330376022e-16"
					],
					[
						"3538.149645",
						"9.422045104e-16"
					],
					[
						"3542.882369",
						"7.708130581e-16"
					],
					[
						"3547.615094",
						"7.182757336e-16"
					],
					[
						"3552.347818",
						"8.388893078e-16"
					],
					[
						"3557.080543",
						"6.554625761e-16"
					],
					[
						"3561.813268",
						"1.04138921e-15"
					],
					[
						"3566.545992",
						"9.396283656e-16"
					],
					[
						"3571.278717",
						"1.078157322e-15"
					],
					[
						"3576.011441",
						"8.258969341e-16"
					],
					[
						"3580.744166",
						"7.962833917e-16"
					],
					[
						"3585.47689",
						"9.887636881e-16"
					],
					[
						"3590.209615",
						"7.486910456e-16"
					],
					[
						"3594.94234",
						"8.334779319e-16"
					],
					[
						"3599.675064",
						"9.765178151e-16"
					],
					[
						"3604.407789",
						"1.07845643e-15"
					],
					[
						"3609.140513",
						"1.063756068e-15"
					],
					[
						"3613.873238",
						"9.886456328e-16"
					],
					[
						"3618.605962",
						"9.126298257e-16"
					],
					[
						"3623.338687",
						"9.941317594e-16"
					],
					[
						"3628.071412",
						"8.300956235e-16"
					],
					[
						"3632.804136",
						"8.786156824e-16"
					],
					[
						"3637.536861",
						"8.343997155e-16"
					],
					[
						"3642.269585",
						"8.290559435e-16"
					],
					[
						"3647.00231",
						"9.166640318e-16"
					],
					[
						"3651.735035",
						"1.023610412e-15"
					],
					[
						"3656.467759",
						"8.588852146e-16"
					],
					[
						"3661.200484",
						"9.012102334e-16"
					],
					[
						"3665.933208",
						"8.36253553e-16"
					],
					[
						"3670.665933",
						"9.363524657e-16"
					],
					[
						"3675.398657",
						"1.040589822e-15"
					],
					[
						"3680.131382",
						"1.05504624e-15"
					],
					[
						"3684.864107",
						"1.030277726e-15"
					],
					[
						"3689.596831",
						"1.054568407e-15"
					],
					[
						"3694.329556",
						"9.719535781e-16"
					],
					[
						"3699.06228",
						"9.47477714e-16"
					],
					[
						"3703.795005",
						"1.057857118e-15"
					],
					[
						"3708.527729",
						"9.457479669e-16"
					],
					[
						"3713.260454",
						"9.885958697e-16"
					],
					[
						"3717.993179",
						"1.027196855e-15"
					],
					[
						"3722.725903",
						"9.064157802e-16"
					],
					[
						"3727.458628",
						"1.029388235e-15"
					],
					[
						"3732.191352",
						"1.145700047e-15"
					],
					[
						"3736.924077",
						"1.10231629e-15"
					],
					[
						"3741.656802",
						"1.028608647e-15"
					],
					[
						"3746.389526",
						"9.326889423e-16"
					],
					[
						"3751.122251",
						"9.103622126e-16"
					],
					[
						"3755.854975",
						"8.864921889e-16"
					],
					[
						"3760.5877",
						"8.977620681e-16"
					],
					[
						"3765.320424",
						"8.350651658e-16"
					],
					[
						"3770.053149",
						"8.043538158e-16"
					],
					[
						"3774.785874",
						"8.331723119e-16"
					],
					[
						"3779.518598",
						"8.354042437e-16"
					],
					[
						"3784.251323",
						"7.823738402e-16"
					],
					[
						"3788.984047",
						"7.242338693e-16"
					],
					[
						"3793.716772",
						"6.903565218e-16"
					],
					[
						"3798.449496",
						"6.941431297e-16"
					],
					[
						"3803.182221",
						"6.70931727e-16"
					],
					[
						"3807.914946",
						"6.472538739e-16"
					],
					[
						"3812.64767",
						"6.340123667e-16"
					],
					[
						"3817.380395",
						"6.900578898e-16"
					],
					[
						"3822.113119",
						"6.424759199e-16"
					],
					[
						"3826.845844",
						"6.112334802e-16"
					],
					[
						"3831.578569",
						"6.182323546e-16"
					],
					[
						"3836.311293",
						"5.683971182e-16"
					],
					[
						"3841.044018",
						"5.998289756e-16"
					],
					[
						"3845.776742",
						"6.131551862e-16"
					],
					[
						"3850.509467",
						"6.071006476e-16"
					],
					[
						"3855.242191",
						"5.703021482e-16"
					],
					[
						"3859.974916",
						"5.383293015e-16"
					],
					[
						"3864.707641",
						"5.838794511e-16"
					],
					[
						"3869.440365",
						"5.094753359e-16"
					],
					[
						"3874.17309",
						"4.89765038e-16"
					],
					[
						"3878.905814",
						"5.970500723e-16"
					],
					[
						"3883.638539",
						"5.264437881e-16"
					],
					[
						"3888.371263",
						"5.145661098e-16"
					],
					[
						"3893.103988",
						"5.161772194e-16"
					],
					[
						"3897.836713",
						"4.932199266e-16"
					],
					[
						"3902.569437",
						"5.70780616e-16"
					],
					[
						"3907.302162",
						"6.054146285e-16"
					],
					[
						"3912.034886",
						"6.132925114e-16"
					],
					[
						"3916.767611",
						"5.875787087e-16"
					],
					[
						"3921.500336",
						"5.561981497e-16"
					],
					[
						"3926.23306",
						"5.98029613e-16"
					],
					[
						"3930.965785",
						"6.684721022e-16"
					],
					[
						"3935.698509",
						"6.510535049e-16"
					],
					[
						"3940.431234",
						"7.118221896e-16"
					],
					[
						"3945.163958",
						"8.033189003e-16"
					],
					[
						"3949.896683",
						"8.78324409e-16"
					],
					[
						"3954.629408",
						"5.945125204e-16"
					],
					[
						"3959.362132",
						"6.17971839e-16"
					],
					[
						"3964.094857",
						"1.022151503e-15"
					],
					[
						"3968.827581",
						"1.04580511e-15"
					],
					[
						"3973.560306",
						"1.087484319e-15"
					],
					[
						"3978.29303",
						"1.043658835e-15"
					],
					[
						"3983.025755",
						"1.091052869e-15"
					],
					[
						"3987.75848",
						"1.077050462e-15"
					],
					[
						"3992.491204",
						"1.076962688e-15"
					],
					[
						"3997.223929",
						"1.076552618e-15"
					],
					[
						"4001.956653",
						"1.084145421e-15"
					],
					[
						"4006.689378",
						"1.103444008e-15"
					],
					[
						"4011.422103",
						"1.115504593e-15"
					],
					[
						"4016.154827",
						"1.198992077e-15"
					],
					[
						"4020.887552",
						"1.175820962e-15"
					],
					[
						"4025.620276",
						"1.175439162e-15"
					],
					[
						"4030.353001",
						"1.182227601e-15"
					],
					[
						"4035.085725",
						"1.202366763e-15"
					],
					[
						"4039.81845",
						"1.161853918e-15"
					],
					[
						"4044.551175",
						"1.203904022e-15"
					],
					[
						"4049.283899",
						"1.249073748e-15"
					],
					[
						"4054.016624",
						"1.262299955e-15"
					],
					[
						"4058.749348",
						"1.25180617e-15"
					],
					[
						"4063.482073",
						"1.198332556e-15"
					],
					[
						"4068.214797",
						"1.150430302e-15"
					],
					[
						"4072.947522",
						"1.124189751e-15"
					],
					[
						"4077.680247",
						"1.11383022e-15"
					],
					[
						"4082.412971",
						"1.140542675e-15"
					],
					[
						"4087.145696",
						"1.152565037e-15"
					],
					[
						"4091.87842",
						"1.1697435e-15"
					],
					[
						"4096.611145",
						"1.132302209e-15"
					],
					[
						"4101.34387",
						"1.167753714e-15"
					],
					[
						"4106.076594",
						"1.135785208e-15"
					],
					[
						"4110.809319",
						"1.153036517e-15"
					],
					[
						"4115.542043",
						"1.178652381e-15"
					],
					[
						"4120.274768",
						"1.201916247e-15"
					],
					[
						"4125.007492",
						"1.224406772e-15"
					],
					[
						"4129.740217",
						"1.211964069e-15"
					],
					[
						"4134.472942",
						"1.241862956e-15"
					],
					[
						"4139.205666",
						"1.24277394e-15"
					],
					[
						"4143.938391",
						"1.231960294e-15"
					],
					[
						"4148.671115",
						"1.265271135e-15"
					],
					[
						"4153.40384",
						"1.321204532e-15"
					],
					[
						"4158.136564",
						"1.264185768e-15"
					],
					[
						"4162.869289",
						"1.259781832e-15"
					],
					[
						"4167.602014",
						"1.276876863e-15"
					],
					[
						"4172.334738",
						"1.274739799e-15"
					],
					[
						"4177.067463",
						"1.278564576e-15"
					],
					[
						"4181.800187",
						"1.194084686e-15"
					],
					[
						"4186.532912",
						"1.187243413e-15"
					],
					[
						"4191.265637",
						"1.259462183e-15"
					],
					[
						"4195.998361",
						"1.236943177e-15"
					],
					[
						"4200.731086",
						"1.201428144e-15"
					],
					[
						"4205.46381",
						"1.217852537e-15"
					],
					[
						"4210.196535",
						"1.194909273e-15"
					],
					[
						"4214.929259",
						"1.138484067e-15"
					],
					[
						"4219.661984",
						"1.14289298e-15"
					],
					[
						"4224.394709",
						"1.144970751e-15"
					],
					[
						"4229.127433",
						"1.101056116e-15"
					],
					[
						"4233.860158",
						"1.142806794e-15"
					],
					[
						"4238.592882",
						"1.145895394e-15"
					],
					[
						"4243.325607",
						"1.087436991e-15"
					],
					[
						"4248.058331",
						"1.08191296e-15"
					],
					[
						"4252.791056",
						"1.141140151e-15"
					],
					[
						"4257.523781",
						"1.13468883e-15"
					],
					[
						"4262.256505",
						"1.109901258e-15"
					],
					[
						"4266.98923",
						"1.108426468e-15"
					],
					[
						"4271.721954",
						"1.120192179e-15"
					],
					[
						"4276.454679",
						"1.169670761e-15"
					],
					[
						"4281.187404",
						"1.112595458e-15"
					],
					[
						"4285.920128",
						"1.121230535e-15"
					],
					[
						"4290.652853",
						"1.0898432e-15"
					],
					[
						"4295.385577",
						"1.064613265e-15"
					],
					[
						"4300.118302",
						"9.88799687e-16"
					],
					[
						"4304.851026",
						"1.000226797e-15"
					],
					[
						"4309.583751",
						"9.917328562e-16"
					],
					[
						"4314.316476",
						"9.479699461e-16"
					],
					[
						"4319.0492",
						"9.436557955e-16"
					],
					[
						"4323.781925",
						"9.402893689e-16"
					],
					[
						"4328.514649",
						"9.035487854e-16"
					],
					[
						"4333.247374",
						"9.284738946e-16"
					],
					[
						"4337.980098",
						"8.719079226e-16"
					],
					[
						"4342.712823",
						"8.496073451e-16"
					],
					[
						"4347.445548",
						"8.243175883e-16"
					],
					[
						"4352.178272",
						"7.222946932e-16"
					],
					[
						"4356.910997",
						"7.45301061e-16"
					],
					[
						"4361.643721",
						"7.723063242e-16"
					],
					[
						"4366.376446",
						"6.974477229e-16"
					],
					[
						"4371.109171",
						"7.303393357e-16"
					],
					[
						"4375.841895",
						"7.619123829e-16"
					],
					[
						"4380.57462",
						"7.184515459e-16"
					],
					[
						"4385.307344",
						"6.905840561e-16"
					],
					[
						"4390.040069",
						"6.822170117e-16"
					],
					[
						"4394.772793",
						"6.949208118e-16"
					],
					[
						"4399.505518",
						"7.060231903e-16"
					],
					[
						"4404.238243",
						"6.962497006e-16"
					],
					[
						"4408.970967",
						"6.975446552e-16"
					],
					[
						"4413.703692",
						"7.010240548e-16"
					],
					[
						"4418.436416",
						"7.060881471e-16"
					],
					[
						"4423.169141",
						"6.824469282e-16"
					],
					[
						"4427.901865",
						"7.471758625e-16"
					],
					[
						"4432.63459",
						"7.64785254e-16"
					],
					[
						"4437.367315",
						"7.478682061e-16"
					],
					[
						"4442.100039",
						"7.266338842e-16"
					],
					[
						"4446.832764",
						"7.713831112e-16"
					],
					[
						"4451.565488",
						"7.638122249e-16"
					],
					[
						"4456.298213",
						"7.505952287e-16"
					],
					[
						"4461.030937",
						"7.872018751e-16"
					],
					[
						"4465.763662",
						"7.886867767e-16"
					],
					[
						"4470.496387",
						"7.971404832e-16"
					],
					[
						"4475.229111",
						"8.442955485e-16"
					],
					[
						"4479.961836",
						"8.78843746e-16"
					],
					[
						"4484.69456",
						"8.615862438e-16"
					],
					[
						"4489.427285",
						"8.578920685e-16"
					],
					[
						"4494.16001",
						"8.894890973e-16"
					],
					[
						"4498.892734",
						"8.891054973e-16"
					],
					[
						"4503.625459",
						"8.402459899e-16"
					],
					[
						"4508.358183",
						"8.366973983e-16"
					],
					[
						"4513.090908",
						"8.322519047e-16"
					],
					[
						"4517.823632",
						"8.389794109e-16"
					],
					[
						"4522.556357",
						"8.240230325e-16"
					],
					[
						"4527.289082",
						"7.962125057e-16"
					],
					[
						"4532.021806",
						"7.898556822e-16"
					],
					[
						"4536.754531",
						"7.760283987e-16"
					],
					[
						"4541.487255",
						"8.17542807e-16"
					],
					[
						"4546.21998",
						"7.944737058e-16"
					],
					[
						"4550.952704",
						"8.486873614e-16"
					],
					[
						"4555.685429",
						"8.443492822e-16"
					],
					[
						"4560.418154",
						"8.535080906e-16"
					],
					[
						"4565.150878",
						"8.736476754e-16"
					],
					[
						"4569.883603",
						"8.994680983e-16"
					],
					[
						"4574.616327",
						"9.004024816e-16"
					],
					[
						"4579.349052",
						"9.060784493e-16"
					],
					[
						"4584.081777",
						"9.573542241e-16"
					],
					[
						"4588.814501",
						"9.732853256e-16"
					],
					[
						"4593.547226",
						"9.580774843e-16"
					],
					[
						"4598.27995",
						"9.531322942e-16"
					],
					[
						"4603.012675",
						"9.423629056e-16"
					],
					[
						"4607.745399",
						"9.549984137e-16"
					],
					[
						"4612.478124",
						"9.572622151e-16"
					],
					[
						"4617.210849",
						"9.506097242e-16"
					],
					[
						"4621.943573",
						"9.59954827e-16"
					],
					[
						"4626.676298",
						"9.443000699e-16"
					],
					[
						"4631.409022",
						"9.408605868e-16"
					],
					[
						"4636.141747",
						"9.31699396e-16"
					],
					[
						"4640.874471",
						"9.377179887e-16"
					],
					[
						"4645.607196",
						"9.141653905e-16"
					],
					[
						"4650.339921",
						"9.115115304e-16"
					],
					[
						"4655.072645",
						"9.066047744e-16"
					],
					[
						"4659.80537",
						"9.055224781e-16"
					],
					[
						"4664.538094",
						"9.270003749e-16"
					],
					[
						"4669.270819",
						"8.986758049e-16"
					],
					[
						"4674.003544",
						"9.144376057e-16"
					],
					[
						"4678.736268",
						"9.356896624e-16"
					],
					[
						"4683.468993",
						"9.331783156e-16"
					],
					[
						"4688.201717",
						"9.250731632e-16"
					],
					[
						"4692.934442",
						"9.471143369e-16"
					],
					[
						"4697.667166",
						"9.401655962e-16"
					],
					[
						"4702.399891",
						"9.284825767e-16"
					],
					[
						"4707.132616",
						"9.397594439e-16"
					],
					[
						"4711.86534",
						"9.292743407e-16"
					],
					[
						"4716.598065",
						"9.410235347e-16"
					],
					[
						"4721.330789",
						"9.673466718e-16"
					],
					[
						"4726.063514",
						"9.181751386e-16"
					],
					[
						"4730.796238",
						"9.347871488e-16"
					],
					[
						"4735.528963",
						"9.085635381e-16"
					],
					[
						"4740.261688",
						"9.286114316e-16"
					],
					[
						"4744.994412",
						"9.126798006e-16"
					],
					[
						"4749.727137",
						"8.742907851e-16"
					],
					[
						"4754.459861",
						"8.544293978e-16"
					],
					[
						"4759.192586",
						"8.45646672e-16"
					],
					[
						"4763.925311",
						"8.238706725e-16"
					],
					[
						"4768.658035",
						"7.618120095e-16"
					],
					[
						"4773.39076",
						"7.711071903e-16"
					],
					[
						"4778.123484",
						"7.769912105e-16"
					],
					[
						"4782.856209",
						"7.689865374e-16"
					],
					[
						"4787.588933",
						"7.741829787e-16"
					],
					[
						"4792.321658",
						"7.936179908e-16"
					],
					[
						"4797.054383",
						"7.787239223e-16"
					],
					[
						"4801.787107",
						"7.733224991e-16"
					],
					[
						"4806.519832",
						"8.092186966e-16"
					],
					[
						"4811.252556",
						"8.152892758e-16"
					],
					[
						"4815.985281",
						"7.857153852e-16"
					],
					[
						"4820.718005",
						"7.780241672e-16"
					],
					[
						"4825.45073",
						"7.934193086e-16"
					],
					[
						"4830.183455",
						"7.983328938e-16"
					],
					[
						"4834.916179",
						"7.885513574e-16"
					],
					[
						"4839.648904",
						"7.507356244e-16"
					],
					[
						"4844.381628",
						"7.277188805e-16"
					],
					[
						"4849.114353",
						"7.454379627e-16"
					],
					[
						"4853.847078",
						"7.370271902e-16"
					],
					[
						"4858.579802",
						"7.030501576e-16"
					],
					[
						"4863.312527",
						"7.104880068e-16"
					],
					[
						"4868.045251",
						"7.0285444e-16"
					],
					[
						"4872.777976",
						"6.953749803e-16"
					],
					[
						"4877.5107",
						"6.94357429e-16"
					],
					[
						"4882.243425",
						"6.83158277e-16"
					],
					[
						"4886.97615",
						"6.701188401e-16"
					],
					[
						"4891.708874",
						"6.779024376e-16"
					],
					[
						"4896.441599",
						"6.941829402e-16"
					],
					[
						"4901.174323",
						"7.150311739e-16"
					],
					[
						"4905.907048",
						"7.127962775e-16"
					],
					[
						"4910.639772",
						"7.051574167e-16"
					],
					[
						"4915.372497",
						"7.2164936e-16"
					],
					[
						"4920.105222",
						"7.289135675e-16"
					],
					[
						"4924.837946",
						"7.184148059e-16"
					],
					[
						"4929.570671",
						"6.929343607e-16"
					],
					[
						"4934.303395",
						"6.764313002e-16"
					],
					[
						"4939.03612",
						"6.812076131e-16"
					],
					[
						"4943.768845",
						"6.854425661e-16"
					],
					[
						"4948.501569",
						"6.593363754e-16"
					],
					[
						"4953.234294",
						"6.479915337e-16"
					],
					[
						"4957.967018",
						"6.41829369e-16"
					],
					[
						"4962.699743",
						"6.074880064e-16"
					],
					[
						"4967.432467",
						"5.932566882e-16"
					],
					[
						"4972.165192",
						"5.522043894e-16"
					],
					[
						"4976.897917",
						"5.719713855e-16"
					],
					[
						"4981.630641",
						"6.01556764e-16"
					],
					[
						"4986.363366",
						"5.733028154e-16"
					],
					[
						"4991.09609",
						"5.960154745e-16"
					],
					[
						"4995.828815",
						"6.032815349e-16"
					],
					[
						"5000.561539",
						"5.795912409e-16"
					],
					[
						"5005.294264",
						"5.974530482e-16"
					],
					[
						"5010.026989",
						"5.984488413e-16"
					],
					[
						"5014.759713",
						"5.839394846e-16"
					],
					[
						"5019.492438",
						"6.008936431e-16"
					],
					[
						"5024.225162",
						"5.860200622e-16"
					],
					[
						"5028.957887",
						"5.946133173e-16"
					],
					[
						"5033.690612",
						"5.961671463e-16"
					],
					[
						"5038.423336",
						"5.71986738e-16"
					],
					[
						"5043.156061",
						"5.862973596e-16"
					],
					[
						"5047.888785",
						"5.960942486e-16"
					],
					[
						"5052.62151",
						"6.060043752e-16"
					],
					[
						"5057.354234",
						"6.193627201e-16"
					],
					[
						"5062.086959",
						"6.153843651e-16"
					],
					[
						"5066.819684",
						"5.998870503e-16"
					],
					[
						"5071.552408",
						"5.618890464e-16"
					],
					[
						"5076.285133",
						"5.706370968e-16"
					],
					[
						"5081.017857",
						"5.821710915e-16"
					],
					[
						"5085.750582",
						"5.79548307e-16"
					],
					[
						"5090.483306",
						"5.844403987e-16"
					],
					[
						"5095.216031",
						"5.808255268e-16"
					],
					[
						"5099.948756",
						"5.706927893e-16"
					],
					[
						"5104.68148",
						"5.47368043e-16"
					],
					[
						"5109.414205",
						"5.406598067e-16"
					],
					[
						"5114.146929",
						"5.565301337e-16"
					],
					[
						"5118.879654",
						"4.579440748e-16"
					],
					[
						"5123.612379",
						"4.490999391e-16"
					],
					[
						"5128.345103",
						"5.593457241e-16"
					],
					[
						"5133.077828",
						"5.871696447e-16"
					],
					[
						"5137.810552",
						"6.220058334e-16"
					],
					[
						"5142.543277",
						"6.456468406e-16"
					],
					[
						"5147.276001",
						"6.449462915e-16"
					],
					[
						"5152.008726",
						"5.973259403e-16"
					],
					[
						"5156.741451",
						"5.645411066e-16"
					],
					[
						"5161.474175",
						"6.050902678e-16"
					],
					[
						"5166.2069",
						"6.107075786e-16"
					],
					[
						"5170.939624",
						"6.176804068e-16"
					],
					[
						"5175.672349",
						"6.342676941e-16"
					],
					[
						"5180.405073",
						"6.46426958e-16"
					],
					[
						"5185.137798",
						"6.476051808e-16"
					],
					[
						"5189.870523",
						"6.599494684e-16"
					],
					[
						"5194.603247",
						"6.824378755e-16"
					],
					[
						"5199.335972",
						"6.92660822e-16"
					],
					[
						"5204.068696",
						"7.013474626e-16"
					],
					[
						"5208.801421",
						"6.869039097e-16"
					],
					[
						"5213.534146",
						"7.172877756e-16"
					],
					[
						"5218.26687",
						"7.393372608e-16"
					],
					[
						"5222.999595",
						"7.267792033e-16"
					],
					[
						"5227.732319",
						"7.363263234e-16"
					],
					[
						"5232.465044",
						"7.275964313e-16"
					],
					[
						"5237.197768",
						"7.270272251e-16"
					],
					[
						"5241.930493",
						"7.22957073e-16"
					],
					[
						"5246.663218",
						"7.412536729e-16"
					],
					[
						"5251.395942",
						"7.378044488e-16"
					],
					[
						"5256.128667",
						"7.241827826e-16"
					],
					[
						"5260.861391",
						"7.105282409e-16"
					],
					[
						"5265.594116",
						"7.062549068e-16"
					],
					[
						"5270.32684",
						"7.18586383e-16"
					],
					[
						"5275.059565",
						"5.971502339e-16"
					],
					[
						"5279.79229",
						"5.391680758e-16"
					],
					[
						"5284.525014",
						"5.368002482e-16"
					],
					[
						"5289.257739",
						"6.833587062e-16"
					],
					[
						"5293.990463",
						"7.063783618e-16"
					],
					[
						"5298.723188",
						"7.107438108e-16"
					],
					[
						"5303.455913",
						"6.993379298e-16"
					],
					[
						"5308.188637",
						"6.962273601e-16"
					],
					[
						"5312.921362",
						"7.108914592e-16"
					],
					[
						"5317.654086",
						"7.250547501e-16"
					],
					[
						"5322.386811",
						"7.039830056e-16"
					],
					[
						"5327.119535",
						"6.956007146e-16"
					],
					[
						"5331.85226",
						"7.229477556e-16"
					],
					[
						"5336.584985",
						"7.06001538e-16"
					],
					[
						"5341.317709",
						"6.688091154e-16"
					],
					[
						"5346.050434",
						"6.551961842e-16"
					],
					[
						"5350.783158",
						"6.801729094e-16"
					],
					[
						"5355.515883",
						"6.576571855e-16"
					],
					[
						"5360.248607",
						"6.196986216e-16"
					],
					[
						"5364.981332",
						"6.039274504e-16"
					],
					[
						"5369.714057",
						"5.933980368e-16"
					],
					[
						"5374.446781",
						"5.791416782e-16"
					],
					[
						"5379.179506",
						"5.773055225e-16"
					],
					[
						"5383.91223",
						"5.597157717e-16"
					],
					[
						"5388.644955",
						"5.338114395e-16"
					],
					[
						"5393.37768",
						"5.447312824e-16"
					],
					[
						"5398.110404",
						"5.503038592e-16"
					],
					[
						"5402.843129",
						"5.277619831e-16"
					],
					[
						"5407.575853",
						"5.020990024e-16"
					],
					[
						"5412.308578",
						"5.099795852e-16"
					],
					[
						"5417.041302",
						"5.363489914e-16"
					],
					[
						"5421.774027",
						"5.242827423e-16"
					],
					[
						"5426.506752",
						"5.20098029e-16"
					],
					[
						"5431.239476",
						"5.218001417e-16"
					],
					[
						"5435.972201",
						"5.256225896e-16"
					],
					[
						"5440.704925",
						"5.195166468e-16"
					],
					[
						"5445.43765",
						"5.034908363e-16"
					],
					[
						"5450.170374",
						"5.120331636e-16"
					],
					[
						"5454.903099",
						"5.495540762e-16"
					],
					[
						"5459.635824",
						"5.477204616e-16"
					],
					[
						"5464.368548",
						"5.451539518e-16"
					],
					[
						"5469.101273",
						"5.206169955e-16"
					],
					[
						"5473.833997",
						"5.602693606e-16"
					],
					[
						"5478.566722",
						"5.869185524e-16"
					],
					[
						"5483.299447",
						"6.12889959e-16"
					],
					[
						"5488.032171",
						"5.901613122e-16"
					],
					[
						"5492.764896",
						"5.848032464e-16"
					],
					[
						"5497.49762",
						"5.906357035e-16"
					],
					[
						"5502.230345",
						"5.806211801e-16"
					],
					[
						"5506.963069",
						"5.715692037e-16"
					],
					[
						"5511.695794",
						"5.689873414e-16"
					],
					[
						"5516.428519",
						"5.692892557e-16"
					],
					[
						"5521.161243",
						"5.728709345e-16"
					],
					[
						"5525.893968",
						"5.820449366e-16"
					],
					[
						"5530.626692",
						"5.7209357e-16"
					],
					[
						"5535.359417",
						"5.613112641e-16"
					],
					[
						"5540.092141",
						"5.537007789e-16"
					],
					[
						"5544.824866",
						"5.415954076e-16"
					],
					[
						"5549.557591",
						"5.330206284e-16"
					],
					[
						"5554.290315",
						"5.278066112e-16"
					],
					[
						"5559.02304",
						"5.347181883e-16"
					],
					[
						"5563.755764",
						"5.249721213e-16"
					],
					[
						"5568.488489",
						"5.012531341e-16"
					],
					[
						"5573.221214",
						"5.012818274e-16"
					],
					[
						"5577.953938",
						"4.936683776e-16"
					],
					[
						"5582.686663",
						"4.911956237e-16"
					],
					[
						"5587.419387",
						"5.000526767e-16"
					],
					[
						"5592.152112",
						"5.040654423e-16"
					],
					[
						"5596.884836",
						"5.056628935e-16"
					],
					[
						"5601.617561",
						"5.017654302e-16"
					],
					[
						"5606.350286",
						"5.187241945e-16"
					],
					[
						"5611.08301",
						"5.167574369e-16"
					],
					[
						"5615.815735",
						"5.321034505e-16"
					],
					[
						"5620.548459",
						"5.314016308e-16"
					],
					[
						"5625.281184",
						"5.488075225e-16"
					],
					[
						"5630.013908",
						"5.549715931e-16"
					],
					[
						"5634.746633",
						"5.591297837e-16"
					],
					[
						"5639.479358",
						"5.949133258e-16"
					],
					[
						"5644.212082",
						"5.967681691e-16"
					],
					[
						"5648.944807",
						"6.005568416e-16"
					],
					[
						"5653.677531",
						"6.187412096e-16"
					],
					[
						"5658.410256",
						"6.214575914e-16"
					],
					[
						"5663.142981",
						"6.208459806e-16"
					],
					[
						"5667.875705",
						"6.306514458e-16"
					],
					[
						"5672.60843",
						"6.214851199e-16"
					],
					[
						"5677.341154",
						"6.190167601e-16"
					],
					[
						"5682.073879",
						"6.229060177e-16"
					],
					[
						"5686.806603",
						"6.283723978e-16"
					],
					[
						"5691.539328",
						"6.225806512e-16"
					],
					[
						"5696.272053",
						"6.095750426e-16"
					],
					[
						"5701.004777",
						"6.241071104e-16"
					],
					[
						"5705.737502",
						"6.36276221e-16"
					],
					[
						"5710.470226",
						"6.449603734e-16"
					],
					[
						"5715.202951",
						"6.378332264e-16"
					],
					[
						"5719.935675",
						"6.472380979e-16"
					],
					[
						"5724.6684",
						"6.513840065e-16"
					],
					[
						"5729.401125",
						"6.486521665e-16"
					],
					[
						"5734.133849",
						"6.376335384e-16"
					],
					[
						"5738.866574",
						"6.438372077e-16"
					],
					[
						"5743.599298",
						"6.284372487e-16"
					],
					[
						"5748.332023",
						"6.390981642e-16"
					],
					[
						"5753.064748",
						"6.590875594e-16"
					],
					[
						"5757.797472",
						"6.382838479e-16"
					],
					[
						"5762.530197",
						"6.436081912e-16"
					],
					[
						"5767.262921",
						"6.484043035e-16"
					],
					[
						"5771.995646",
						"6.421325009e-16"
					],
					[
						"5776.72837",
						"6.229481576e-16"
					],
					[
						"5781.461095",
						"6.343997254e-16"
					],
					[
						"5786.19382",
						"6.217352594e-16"
					],
					[
						"5790.926544",
						"6.195952306e-16"
					],
					[
						"5795.659269",
						"6.349533144e-16"
					],
					[
						"5800.391993",
						"6.424916429e-16"
					],
					[
						"5805.124718",
						"6.463987412e-16"
					],
					[
						"5809.857442",
						"6.33832478e-16"
					],
					[
						"5814.590167",
						"6.158755384e-16"
					],
					[
						"5819.322892",
						"5.963210416e-16"
					],
					[
						"5824.055616",
						"6.079126875e-16"
					],
					[
						"5828.788341",
						"6.267202071e-16"
					],
					[
						"5833.521065",
						"6.252847509e-16"
					],
					[
						"5838.25379",
						"6.279187057e-16"
					],
					[
						"5842.986515",
						"5.935228153e-16"
					],
					[
						"5847.719239",
						"6.018469258e-16"
					],
					[
						"5852.451964",
						"5.92362592e-16"
					],
					[
						"5857.184688",
						"5.978003847e-16"
					],
					[
						"5861.917413",
						"5.759399995e-16"
					],
					[
						"5866.650137",
						"6.032215543e-16"
					],
					[
						"5871.382862",
						"5.836927333e-16"
					],
					[
						"5876.115587",
						"5.765680215e-16"
					],
					[
						"5880.848311",
						"5.740720272e-16"
					],
					[
						"5885.581036",
						"5.947672126e-16"
					],
					[
						"5890.31376",
						"6.118009923e-16"
					],
					[
						"5895.046485",
						"5.867750332e-16"
					],
					[
						"5899.779209",
						"5.664830884e-16"
					],
					[
						"5904.511934",
						"5.736224115e-16"
					],
					[
						"5909.244659",
						"5.701941515e-16"
					],
					[
						"5913.977383",
						"5.593197308e-16"
					],
					[
						"5918.710108",
						"5.63297027e-16"
					],
					[
						"5923.442832",
						"5.617682913e-16"
					],
					[
						"5928.175557",
						"5.509066819e-16"
					],
					[
						"5932.908282",
						"5.425643074e-16"
					],
					[
						"5937.641006",
						"5.424845275e-16"
					],
					[
						"5942.373731",
						"5.578732103e-16"
					],
					[
						"5947.106455",
						"5.742431279e-16"
					],
					[
						"5951.83918",
						"5.731005333e-16"
					],
					[
						"5956.571904",
						"5.703073363e-16"
					],
					[
						"5961.304629",
						"5.561495512e-16"
					],
					[
						"5966.037354",
						"5.71769474e-16"
					],
					[
						"5970.770078",
						"5.716113965e-16"
					],
					[
						"5975.502803",
						"5.618225014e-16"
					],
					[
						"5980.235527",
						"5.687202613e-16"
					],
					[
						"5984.968252",
						"5.701959515e-16"
					],
					[
						"5989.700976",
						"5.741389428e-16"
					],
					[
						"5994.433701",
						"5.682133121e-16"
					],
					[
						"5999.166426",
						"5.653546288e-16"
					],
					[
						"6003.89915",
						"5.682005536e-16"
					],
					[
						"6008.631875",
						"5.679705312e-16"
					],
					[
						"6013.364599",
						"5.714351607e-16"
					],
					[
						"6018.097324",
						"5.799232779e-16"
					],
					[
						"6022.830049",
						"5.876515006e-16"
					],
					[
						"6027.562773",
						"5.725203687e-16"
					],
					[
						"6032.295498",
						"5.791710067e-16"
					],
					[
						"6037.028222",
						"5.536967026e-16"
					],
					[
						"6041.760947",
						"5.016995734e-16"
					],
					[
						"6046.493671",
						"4.621229648e-16"
					],
					[
						"6051.226396",
						"4.557781057e-16"
					],
					[
						"6055.959121",
						"4.805643014e-16"
					],
					[
						"6060.691845",
						"5.16110939e-16"
					],
					[
						"6065.42457",
						"5.71983244e-16"
					],
					[
						"6070.157294",
						"5.759529697e-16"
					],
					[
						"6074.890019",
						"5.738273935e-16"
					],
					[
						"6079.622743",
						"5.771883144e-16"
					],
					[
						"6084.355468",
						"5.758240619e-16"
					],
					[
						"6089.088193",
						"5.651765931e-16"
					],
					[
						"6093.820917",
						"5.770649122e-16"
					],
					[
						"6098.553642",
						"5.843769771e-16"
					],
					[
						"6103.286366",
						"5.677350031e-16"
					],
					[
						"6108.019091",
						"5.685056972e-16"
					],
					[
						"6112.751816",
						"5.660623248e-16"
					],
					[
						"6117.48454",
						"5.673523031e-16"
					],
					[
						"6122.217265",
						"5.634163527e-16"
					],
					[
						"6126.949989",
						"5.763831037e-16"
					],
					[
						"6131.682714",
						"5.822651651e-16"
					],
					[
						"6136.415438",
						"5.790786272e-16"
					],
					[
						"6141.148163",
						"5.944924563e-16"
					],
					[
						"6145.880888",
						"5.70219139e-16"
					],
					[
						"6150.613612",
						"5.495083894e-16"
					],
					[
						"6155.346337",
						"5.679451203e-16"
					],
					[
						"6160.079061",
						"5.669283101e-16"
					],
					[
						"6164.811786",
						"5.542059282e-16"
					],
					[
						"6169.54451",
						"5.497701225e-16"
					],
					[
						"6174.277235",
						"5.35234349e-16"
					],
					[
						"6179.00996",
						"5.26880963e-16"
					],
					[
						"6183.742684",
						"5.32425323e-16"
					],
					[
						"6188.475409",
						"5.322464402e-16"
					],
					[
						"6193.208133",
						"5.169204908e-16"
					],
					[
						"6197.940858",
						"4.988045207e-16"
					],
					[
						"6202.673583",
						"4.888448426e-16"
					],
					[
						"6207.406307",
						"4.620824131e-16"
					],
					[
						"6212.139032",
						"4.481590973e-16"
					],
					[
						"6216.871756",
						"4.453035904e-16"
					],
					[
						"6221.604481",
						"4.11606211e-16"
					],
					[
						"6226.337205",
						"4.061739505e-16"
					],
					[
						"6231.06993",
						"3.97934464e-16"
					],
					[
						"6235.802655",
						"3.865527234e-16"
					],
					[
						"6240.535379",
						"3.535978214e-16"
					],
					[
						"6245.268104",
						"3.448578442e-16"
					],
					[
						"6250.000828",
						"3.396424506e-16"
					],
					[
						"6254.733553",
						"3.250382527e-16"
					],
					[
						"6259.466277",
						"3.232135319e-16"
					],
					[
						"6264.199002",
						"3.019971565e-16"
					],
					[
						"6268.931727",
						"2.862278383e-16"
					],
					[
						"6273.664451",
						"2.811232207e-16"
					],
					[
						"6278.397176",
						"2.556537605e-16"
					],
					[
						"6283.1299",
						"2.632691955e-16"
					],
					[
						"6287.862625",
						"2.697934139e-16"
					],
					[
						"6292.59535",
						"2.547865841e-16"
					],
					[
						"6297.328074",
						"2.577838366e-16"
					],
					[
						"6302.060799",
						"2.655657401e-16"
					],
					[
						"6306.793523",
						"2.771710179e-16"
					],
					[
						"6311.526248",
						"2.811891305e-16"
					],
					[
						"6316.258972",
						"2.976389867e-16"
					],
					[
						"6320.991697",
						"2.982740497e-16"
					],
					[
						"6325.724422",
						"3.040087539e-16"
					],
					[
						"6330.457146",
						"3.115020838e-16"
					],
					[
						"6335.189871",
						"3.277336968e-16"
					],
					[
						"6339.922595",
						"3.537963712e-16"
					],
					[
						"6344.65532",
						"3.584257768e-16"
					],
					[
						"6349.388044",
						"3.624518832e-16"
					],
					[
						"6354.120769",
						"3.757294423e-16"
					],
					[
						"6358.853494",
						"3.715106888e-16"
					],
					[
						"6363.586218",
						"3.783786967e-16"
					],
					[
						"6368.318943",
						"3.921761222e-16"
					],
					[
						"6373.051667",
						"3.922974332e-16"
					],
					[
						"6377.784392",
						"4.080272321e-16"
					],
					[
						"6382.517117",
						"4.154607138e-16"
					],
					[
						"6387.249841",
						"4.357110482e-16"
					],
					[
						"6391.982566",
						"4.281166037e-16"
					],
					[
						"6396.71529",
						"4.526071849e-16"
					],
					[
						"6401.448015",
						"4.560194572e-16"
					],
					[
						"6406.180739",
						"4.533074165e-16"
					],
					[
						"6410.913464",
						"4.379266746e-16"
					],
					[
						"6415.646189",
						"4.26187645e-16"
					],
					[
						"6420.378913",
						"4.452897202e-16"
					],
					[
						"6425.111638",
						"4.61589387e-16"
					],
					[
						"6429.844362",
						"4.63631054e-16"
					],
					[
						"6434.577087",
						"4.670137331e-16"
					],
					[
						"6439.309811",
						"4.673013007e-16"
					],
					[
						"6444.042536",
						"4.674809247e-16"
					],
					[
						"6448.775261",
						"4.629055174e-16"
					],
					[
						"6453.507985",
						"4.653647717e-16"
					],
					[
						"6458.24071",
						"4.480074784e-16"
					],
					[
						"6462.973434",
						"4.485857372e-16"
					],
					[
						"6467.706159",
						"4.587768141e-16"
					],
					[
						"6472.438884",
						"4.530797764e-16"
					],
					[
						"6477.171608",
						"4.546001476e-16"
					],
					[
						"6481.904333",
						"4.659585418e-16"
					],
					[
						"6486.637057",
						"4.55340772e-16"
					],
					[
						"6491.369782",
						"4.406818345e-16"
					],
					[
						"6496.102506",
						"4.491600255e-16"
					],
					[
						"6500.835231",
						"4.493876656e-16"
					],
					[
						"6505.567956",
						"4.376293131e-16"
					],
					[
						"6510.30068",
						"4.444524282e-16"
					],
					[
						"6515.033405",
						"4.535448504e-16"
					],
					[
						"6519.766129",
						"4.444235761e-16"
					],
					[
						"6524.498854",
						"4.3150995e-16"
					],
					[
						"6529.231578",
						"4.412045862e-16"
					],
					[
						"6533.964303",
						"4.470075031e-16"
					],
					[
						"6538.697028",
						"4.391271056e-16"
					],
					[
						"6543.429752",
						"4.45939871e-16"
					],
					[
						"6548.162477",
						"4.36179378e-16"
					],
					[
						"6552.895201",
						"4.303113455e-16"
					],
					[
						"6557.627926",
						"4.330667701e-16"
					],
					[
						"6562.360651",
						"4.269447601e-16"
					],
					[
						"6567.093375",
						"4.273013609e-16"
					],
					[
						"6571.8261",
						"4.268022732e-16"
					],
					[
						"6576.558824",
						"4.340984298e-16"
					],
					[
						"6581.291549",
						"4.440037125e-16"
					],
					[
						"6586.024273",
						"4.279390973e-16"
					],
					[
						"6590.756998",
						"4.145149486e-16"
					],
					[
						"6595.489723",
						"4.154272825e-16"
					],
					[
						"6600.222447",
						"4.364682162e-16"
					],
					[
						"6604.955172",
						"4.249375832e-16"
					],
					[
						"6609.687896",
						"4.143530065e-16"
					],
					[
						"6614.420621",
						"4.226401651e-16"
					],
					[
						"6619.153345",
						"4.197164985e-16"
					],
					[
						"6623.88607",
						"4.239320227e-16"
					],
					[
						"6628.618795",
						"4.277654556e-16"
					],
					[
						"6633.351519",
						"4.229669875e-16"
					],
					[
						"6638.084244",
						"4.157433846e-16"
					],
					[
						"6642.816968",
						"4.080303555e-16"
					],
					[
						"6647.549693",
						"3.943677141e-16"
					],
					[
						"6652.282418",
						"3.960655652e-16"
					],
					[
						"6657.015142",
						"4.065146695e-16"
					],
					[
						"6661.747867",
						"4.010304753e-16"
					],
					[
						"6666.480591",
						"4.058653393e-16"
					],
					[
						"6671.213316",
						"3.991574207e-16"
					],
					[
						"6675.94604",
						"4.063678681e-16"
					],
					[
						"6680.678765",
						"4.12278014e-16"
					],
					[
						"6685.41149",
						"4.08477139e-16"
					],
					[
						"6690.144214",
						"3.966968694e-16"
					],
					[
						"6694.876939",
						"4.0035494e-16"
					],
					[
						"6699.609663",
						"3.974630107e-16"
					],
					[
						"6704.342388",
						"4.023704549e-16"
					],
					[
						"6709.075112",
						"3.998940482e-16"
					],
					[
						"6713.807837",
						"3.892974543e-16"
					],
					[
						"6718.540562",
						"3.979740363e-16"
					],
					[
						"6723.273286",
						"4.082275554e-16"
					],
					[
						"6728.006011",
						"4.114764032e-16"
					],
					[
						"6732.738735",
						"4.339910154e-16"
					],
					[
						"6737.47146",
						"4.466000273e-16"
					],
					[
						"6742.204185",
						"4.269933321e-16"
					],
					[
						"6746.936909",
						"3.999685342e-16"
					],
					[
						"6751.669634",
						"4.040413333e-16"
					],
					[
						"6756.402358",
						"4.429467477e-16"
					],
					[
						"6761.135083",
						"4.395627452e-16"
					],
					[
						"6765.867807",
						"4.076943482e-16"
					],
					[
						"6770.600532",
						"3.887786466e-16"
					],
					[
						"6775.333257",
						"3.669233966e-16"
					],
					[
						"6780.065981",
						"3.629193395e-16"
					],
					[
						"6784.798706",
						"3.685132775e-16"
					],
					[
						"6789.53143",
						"3.629513415e-16"
					],
					[
						"6794.264155",
						"3.67199e-16"
					],
					[
						"6798.996879",
						"3.691433376e-16"
					],
					[
						"6803.729604",
						"3.555673847e-16"
					],
					[
						"6808.462329",
						"3.564093884e-16"
					],
					[
						"6813.195053",
						"3.627186457e-16"
					],
					[
						"6817.927778",
						"3.506582465e-16"
					],
					[
						"6822.660502",
						"3.564968181e-16"
					],
					[
						"6827.393227",
						"3.443326309e-16"
					],
					[
						"6832.125952",
						"3.571471541e-16"
					],
					[
						"6836.858676",
						"3.564178852e-16"
					],
					[
						"6841.591401",
						"3.432639929e-16"
					],
					[
						"6846.324125",
						"3.42183126e-16"
					],
					[
						"6851.05685",
						"3.340226252e-16"
					],
					[
						"6855.789574",
						"3.208355399e-16"
					],
					[
						"6860.522299",
						"3.081023053e-16"
					],
					[
						"6865.255024",
						"2.885002424e-16"
					],
					[
						"6869.987748",
						"2.646319127e-16"
					],
					[
						"6874.720473",
						"2.528098739e-16"
					],
					[
						"6879.453197",
						"2.853517415e-16"
					],
					[
						"6884.185922",
						"2.913330647e-16"
					],
					[
						"6888.918646",
						"2.955971344e-16"
					],
					[
						"6893.651371",
						"3.071510344e-16"
					],
					[
						"6898.384096",
						"3.084746822e-16"
					],
					[
						"6903.11682",
						"3.161982992e-16"
					],
					[
						"6907.849545",
						"3.135350423e-16"
					],
					[
						"6912.582269",
						"3.169674845e-16"
					],
					[
						"6917.314994",
						"3.135918465e-16"
					],
					[
						"6922.047719",
						"3.074210526e-16"
					],
					[
						"6926.780443",
						"3.057918377e-16"
					],
					[
						"6931.513168",
						"2.953584035e-16"
					],
					[
						"6936.245892",
						"2.990648079e-16"
					],
					[
						"6940.978617",
						"3.138612029e-16"
					],
					[
						"6945.711341",
						"3.085469712e-16"
					],
					[
						"6950.444066",
						"3.080545274e-16"
					],
					[
						"6955.176791",
						"3.087018194e-16"
					],
					[
						"6959.909515",
						"3.01486078e-16"
					],
					[
						"6964.64224",
						"3.088985692e-16"
					],
					[
						"6969.374964",
						"3.020749512e-16"
					],
					[
						"6974.107689",
						"2.979092961e-16"
					],
					[
						"6978.840413",
						"3.137081811e-16"
					],
					[
						"6983.573138",
						"3.066358001e-16"
					],
					[
						"6988.305863",
						"3.061470886e-16"
					],
					[
						"6993.038587",
						"3.094548317e-16"
					],
					[
						"6997.771312",
						"2.928035668e-16"
					],
					[
						"7002.504036",
						"3.042311265e-16"
					],
					[
						"7007.236761",
						"3.089583645e-16"
					],
					[
						"7011.969486",
						"2.987387002e-16"
					],
					[
						"7016.70221",
						"3.062665732e-16"
					],
					[
						"7021.434935",
						"2.871636773e-16"
					],
					[
						"7026.167659",
						"2.943883919e-16"
					],
					[
						"7030.900384",
						"3.090339357e-16"
					],
					[
						"7035.633108",
						"2.992984037e-16"
					],
					[
						"7040.365833",
						"2.879299245e-16"
					],
					[
						"7045.098558",
						"2.986471677e-16"
					],
					[
						"7049.831282",
						"3.005039433e-16"
					],
					[
						"7054.564007",
						"2.887990862e-16"
					],
					[
						"7059.296731",
						"2.812286763e-16"
					],
					[
						"7064.029456",
						"2.834358853e-16"
					],
					[
						"7068.76218",
						"2.98532633e-16"
					],
					[
						"7073.494905",
						"2.987073865e-16"
					],
					[
						"7078.22763",
						"2.830173717e-16"
					],
					[
						"7082.960354",
						"2.805916546e-16"
					],
					[
						"7087.693079",
						"2.793297078e-16"
					],
					[
						"7092.425803",
						"2.741600011e-16"
					],
					[
						"7097.158528",
						"2.78510574e-16"
					],
					[
						"7101.891253",
						"2.863408113e-16"
					],
					[
						"7106.623977",
						"2.895535014e-16"
					],
					[
						"7111.356702",
						"2.875064345e-16"
					],
					[
						"7116.089426",
						"2.820798121e-16"
					],
					[
						"7120.822151",
						"2.829363477e-16"
					],
					[
						"7125.554875",
						"2.903356304e-16"
					],
					[
						"7130.2876",
						"2.903101665e-16"
					],
					[
						"7135.020325",
						"2.83710774e-16"
					],
					[
						"7139.753049",
						"2.797463422e-16"
					],
					[
						"7144.485774",
						"2.828460592e-16"
					],
					[
						"7149.218498",
						"2.881396711e-16"
					],
					[
						"7153.951223",
						"2.830783845e-16"
					],
					[
						"7158.683947",
						"2.784496936e-16"
					],
					[
						"7163.416672",
						"2.678713373e-16"
					],
					[
						"7168.149397",
						"2.540515183e-16"
					],
					[
						"7172.882121",
						"2.562844295e-16"
					],
					[
						"7177.614846",
						"2.538572301e-16"
					],
					[
						"7182.34757",
						"2.47187428e-16"
					],
					[
						"7187.080295",
						"2.433780561e-16"
					],
					[
						"7191.81302",
						"2.371054595e-16"
					],
					[
						"7196.545744",
						"2.407567274e-16"
					],
					[
						"7201.278469",
						"2.471297768e-16"
					],
					[
						"7206.011193",
						"2.542317246e-16"
					],
					[
						"7210.743918",
						"2.594281394e-16"
					],
					[
						"7215.476642",
						"2.627245269e-16"
					],
					[
						"7220.209367",
						"2.671338098e-16"
					],
					[
						"7224.942092",
						"2.739726215e-16"
					],
					[
						"7229.674816",
						"2.50570557e-16"
					],
					[
						"7234.407541",
						"2.397572021e-16"
					],
					[
						"7239.140265",
						"2.602305443e-16"
					],
					[
						"7243.87299",
						"2.603495259e-16"
					],
					[
						"7248.605714",
						"2.49668361e-16"
					],
					[
						"7253.338439",
						"2.540436568e-16"
					],
					[
						"7258.071164",
						"2.457061262e-16"
					],
					[
						"7262.803888",
						"2.305984466e-16"
					],
					[
						"7267.536613",
						"2.349286907e-16"
					],
					[
						"7272.269337",
						"2.451040711e-16"
					],
					[
						"7277.002062",
						"2.387338804e-16"
					],
					[
						"7281.734787",
						"2.240746782e-16"
					],
					[
						"7286.467511",
						"2.326673775e-16"
					],
					[
						"7291.200236",
						"2.387543945e-16"
					],
					[
						"7295.93296",
						"2.466376242e-16"
					],
					[
						"7300.665685",
						"2.567839407e-16"
					],
					[
						"7305.398409",
						"2.434975407e-16"
					],
					[
						"7310.131134",
						"2.402207938e-16"
					],
					[
						"7314.863859",
						"2.509693772e-16"
					],
					[
						"7319.596583",
						"2.374870214e-16"
					],
					[
						"7324.329308",
						"2.370536317e-16"
					],
					[
						"7329.062032",
						"2.5289823e-16"
					],
					[
						"7333.794757",
						"2.450722279e-16"
					],
					[
						"7338.527481",
						"2.398270029e-16"
					],
					[
						"7343.260206",
						"2.3651341e-16"
					],
					[
						"7347.992931",
						"2.387976461e-16"
					],
					[
						"7352.725655",
						"2.452829274e-16"
					],
					[
						"7357.45838",
						"2.514010993e-16"
					],
					[
						"7362.191104",
						"2.474286206e-16"
					],
					[
						"7366.923829",
						"2.492321126e-16"
					],
					[
						"7371.656554",
						"2.460345897e-16"
					],
					[
						"7376.389278",
						"2.372111534e-16"
					],
					[
						"7381.122003",
						"2.351948708e-16"
					],
					[
						"7385.854727",
						"2.259507503e-16"
					],
					[
						"7390.587452",
						"2.2376567e-16"
					],
					[
						"7395.320176",
						"2.310494122e-16"
					],
					[
						"7400.052901",
						"2.369689549e-16"
					],
					[
						"7404.785626",
						"2.540534506e-16"
					],
					[
						"7409.51835",
						"2.376748774e-16"
					],
					[
						"7414.251075",
						"2.421933747e-16"
					],
					[
						"7418.983799",
						"2.393147862e-16"
					],
					[
						"7423.716524",
						"2.423084653e-16"
					],
					[
						"7428.449248",
						"2.348402023e-16"
					],
					[
						"7433.181973",
						"2.222130851e-16"
					],
					[
						"7437.914698",
						"2.271454638e-16"
					],
					[
						"7442.647422",
						"2.337694997e-16"
					],
					[
						"7447.380147",
						"2.293550551e-16"
					],
					[
						"7452.112871",
						"2.225050203e-16"
					],
					[
						"7456.845596",
						"2.315972837e-16"
					],
					[
						"7461.578321",
						"2.316599641e-16"
					],
					[
						"7466.311045",
						"2.27817108e-16"
					],
					[
						"7471.04377",
						"2.146606481e-16"
					],
					[
						"7475.776494",
						"2.20964135e-16"
					],
					[
						"7480.509219",
						"2.216111093e-16"
					],
					[
						"7485.241943",
						"2.284458447e-16"
					],
					[
						"7489.974668",
						"2.360400774e-16"
					],
					[
						"7494.707393",
						"2.291590729e-16"
					],
					[
						"7499.440117",
						"2.288256595e-16"
					],
					[
						"7504.172842",
						"2.313312624e-16"
					],
					[
						"7508.905566",
						"2.232015461e-16"
					],
					[
						"7513.638291",
						"2.2828962e-16"
					],
					[
						"7518.371015",
						"2.276090291e-16"
					],
					[
						"7523.10374",
						"2.207284084e-16"
					],
					[
						"7527.836465",
						"2.380106201e-16"
					],
					[
						"7532.569189",
						"2.483947676e-16"
					],
					[
						"7537.301914",
						"2.417032867e-16"
					],
					[
						"7542.034638",
						"2.257821113e-16"
					],
					[
						"7546.767363",
						"2.225624862e-16"
					],
					[
						"7551.500088",
						"2.309879758e-16"
					],
					[
						"7556.232812",
						"2.351035236e-16"
					],
					[
						"7560.965537",
						"2.183482061e-16"
					],
					[
						"7565.698261",
						"2.112887291e-16"
					],
					[
						"7570.430986",
						"2.338093367e-16"
					],
					[
						"7575.16371",
						"2.369551906e-16"
					],
					[
						"7579.896435",
						"2.332966171e-16"
					],
					[
						"7584.62916",
						"2.163821367e-16"
					],
					[
						"7589.361884",
						"1.783007927e-16"
					],
					[
						"7594.094609",
						"1.254833651e-16"
					],
					[
						"7598.827333",
						"7.645357763e-17"
					],
					[
						"7603.560058",
						"6.513008385e-17"
					],
					[
						"7608.292782",
						"8.997336829e-17"
					],
					[
						"7613.025507",
						"1.124998059e-16"
					],
					[
						"7617.758232",
						"1.260072153e-16"
					],
					[
						"7622.490956",
						"1.20841651e-16"
					],
					[
						"7627.223681",
						"1.159131236e-16"
					],
					[
						"7631.956405",
						"1.28611074e-16"
					],
					[
						"7636.68913",
						"1.20814268e-16"
					],
					[
						"7641.421855",
						"1.360594185e-16"
					],
					[
						"7646.154579",
						"1.555085258e-16"
					],
					[
						"7650.887304",
						"1.596460832e-16"
					],
					[
						"7655.620028",
						"1.657011512e-16"
					],
					[
						"7660.352753",
						"1.707068115e-16"
					],
					[
						"7665.085477",
						"1.908736469e-16"
					],
					[
						"7669.818202",
						"1.98809128e-16"
					],
					[
						"7674.550927",
						"1.954309488e-16"
					],
					[
						"7679.283651",
						"2.095421339e-16"
					],
					[
						"7684.016376",
						"1.377126415e-16"
					],
					[
						"7688.7491",
						"9.408802935e-17"
					],
					[
						"7693.481825",
						"2.191062476e-16"
					],
					[
						"7698.214549",
						"2.340624143e-16"
					],
					[
						"7702.947274",
						"2.140474757e-16"
					],
					[
						"7707.679999",
						"1.970024994e-16"
					],
					[
						"7712.412723",
						"2.024801688e-16"
					],
					[
						"7717.145448",
						"1.983887482e-16"
					],
					[
						"7721.878172",
						"2.027373095e-16"
					],
					[
						"7726.610897",
						"2.061387291e-16"
					],
					[
						"7731.343622",
						"2.076346951e-16"
					],
					[
						"7736.076346",
						"2.153307836e-16"
					],
					[
						"7740.809071",
						"2.14810348e-16"
					],
					[
						"7745.541795",
						"2.149735077e-16"
					],
					[
						"7750.27452",
						"2.127619444e-16"
					],
					[
						"7755.007244",
						"2.095588099e-16"
					],
					[
						"7759.739969",
						"2.312016134e-16"
					],
					[
						"7764.472694",
						"2.185811798e-16"
					],
					[
						"7769.205418",
						"2.149063936e-16"
					],
					[
						"7773.938143",
						"2.263480352e-16"
					],
					[
						"7778.670867",
						"2.237149539e-16"
					],
					[
						"7783.403592",
						"2.24702462e-16"
					],
					[
						"7788.136316",
						"2.197923311e-16"
					],
					[
						"7792.869041",
						"2.143939122e-16"
					],
					[
						"7797.601766",
						"2.127194604e-16"
					],
					[
						"7802.33449",
						"2.123556994e-16"
					],
					[
						"7807.067215",
						"2.0772681e-16"
					],
					[
						"7811.799939",
						"2.143295377e-16"
					],
					[
						"7816.532664",
						"2.41799425e-16"
					],
					[
						"7821.265389",
						"2.347868392e-16"
					],
					[
						"7825.998113",
						"2.179500344e-16"
					],
					[
						"7830.730838",
						"2.058328575e-16"
					],
					[
						"7835.463562",
						"2.029074307e-16"
					],
					[
						"7840.196287",
						"2.062288851e-16"
					],
					[
						"7844.929011",
						"2.033314369e-16"
					],
					[
						"7849.661736",
						"1.999853126e-16"
					],
					[
						"7854.394461",
						"1.977775874e-16"
					],
					[
						"7859.127185",
						"1.872352433e-16"
					],
					[
						"7863.85991",
						"1.980174963e-16"
					],
					[
						"7868.592634",
						"2.170137718e-16"
					],
					[
						"7873.325359",
						"2.104026135e-16"
					],
					[
						"7878.058083",
						"2.18092508e-16"
					],
					[
						"7882.790808",
						"2.349300142e-16"
					],
					[
						"7887.523533",
						"2.296437345e-16"
					],
					[
						"7892.256257",
						"2.285699879e-16"
					],
					[
						"7896.988982",
						"2.259367743e-16"
					],
					[
						"7901.721706",
						"2.182108015e-16"
					],
					[
						"7906.454431",
						"2.227669917e-16"
					],
					[
						"7911.187156",
						"2.123591935e-16"
					],
					[
						"7915.91988",
						"2.018575599e-16"
					],
					[
						"7920.652605",
						"2.284992872e-16"
					],
					[
						"7925.385329",
						"2.489935669e-16"
					],
					[
						"7930.118054",
						"2.418736462e-16"
					],
					[
						"7934.850778",
						"2.407685065e-16"
					],
					[
						"7939.583503",
						"2.421892189e-16"
					],
					[
						"7944.316228",
						"2.480451018e-16"
					],
					[
						"7949.048952",
						"2.319454407e-16"
					],
					[
						"7953.781677",
						"2.569574766e-16"
					],
					[
						"7958.514401",
						"2.661980502e-16"
					],
					[
						"7963.247126",
						"2.676695317e-16"
					],
					[
						"7967.97985",
						"2.548761314e-16"
					],
					[
						"7972.712575",
						"2.594005314e-16"
					],
					[
						"7977.4453",
						"2.684699778e-16"
					],
					[
						"7982.178024",
						"2.563929291e-16"
					],
					[
						"7986.910749",
						"2.451260674e-16"
					],
					[
						"7991.643473",
						"2.53562145e-16"
					],
					[
						"7996.376198",
						"2.593796202e-16"
					],
					[
						"8001.108923",
						"2.583666218e-16"
					],
					[
						"8005.841647",
						"2.582233144e-16"
					],
					[
						"8010.574372",
						"2.602582316e-16"
					],
					[
						"8015.307096",
						"2.743949204e-16"
					],
					[
						"8020.039821",
						"2.736142736e-16"
					],
					[
						"8024.772545",
						"2.742334282e-16"
					],
					[
						"8029.50527",
						"2.590279163e-16"
					],
					[
						"8034.237995",
						"2.572236832e-16"
					],
					[
						"8038.970719",
						"2.65041612e-16"
					],
					[
						"8043.703444",
						"2.580584606e-16"
					],
					[
						"8048.436168",
						"2.602461085e-16"
					],
					[
						"8053.168893",
						"2.683651575e-16"
					],
					[
						"8057.901617",
						"2.615046936e-16"
					],
					[
						"8062.634342",
						"2.674270685e-16"
					],
					[
						"8067.367067",
						"2.715287726e-16"
					],
					[
						"8072.099791",
						"2.568347098e-16"
					],
					[
						"8076.832516",
						"2.657292174e-16"
					],
					[
						"8081.56524",
						"2.799092637e-16"
					],
					[
						"8086.297965",
						"2.759157416e-16"
					],
					[
						"8091.03069",
						"2.64949153e-16"
					],
					[
						"8095.763414",
						"2.58625655e-16"
					],
					[
						"8100.496139",
						"2.736710778e-16"
					],
					[
						"8105.228863",
						"2.649978574e-16"
					],
					[
						"8109.961588",
						"2.514176958e-16"
					],
					[
						"8114.694312",
						"2.657436699e-16"
					],
					[
						"8119.427037",
						"2.602326618e-16"
					],
					[
						"8124.159762",
						"2.565206988e-16"
					],
					[
						"8128.892486",
						"2.608380786e-16"
					],
					[
						"8133.625211",
						"2.556495254e-16"
					],
					[
						"8138.357935",
						"2.458578774e-16"
					],
					[
						"8143.09066",
						"2.336903286e-16"
					],
					[
						"8147.823384",
						"2.381178492e-16"
					],
					[
						"8152.556109",
						"2.400755806e-16"
					],
					[
						"8157.288834",
						"2.269690427e-16"
					],
					[
						"8162.021558",
						"2.436918554e-16"
					],
					[
						"8166.754283",
						"2.554094974e-16"
					],
					[
						"8171.487007",
						"2.448259001e-16"
					],
					[
						"8176.219732",
						"2.980956169e-16"
					],
					[
						"8180.952457",
						"2.935821754e-16"
					],
					[
						"8185.685181",
						"2.812010948e-16"
					],
					[
						"8190.417906",
						"2.90879055e-16"
					],
					[
						"8195.15063",
						"3.452027719e-16"
					]
				],
				"source":"9"
			}
		]
	}
}