{
	"ASASSN-15tj":{
		"schema":"https://github.com/astrocatalogs/supernovae/blob/a0bc0b9/SCHEMA.md",
		"name":"ASASSN-15tj",
		"sources":[
			{
				"name":"2016A&A...594A..13P",
				"bibcode":"2016A&A...594A..13P",
				"reference":"Planck Collaboration et al. (2016)",
				"alias":"1"
			},
			{
				"name":"2015ATel.8358....1B",
				"bibcode":"2015ATel.8358....1B",
				"reference":"Brimacombe et al. (2015)",
				"alias":"2"
			},
			{
				"name":"2015ATel.8361....1P",
				"bibcode":"2015ATel.8361....1P",
				"reference":"Pastorello et al. (2015)",
				"alias":"3"
			},
			{
				"name":"2011ApJ...737..103S",
				"bibcode":"2011ApJ...737..103S",
				"reference":"Schlafly & Finkbeiner (2011)",
				"alias":"4"
			},
			{
				"name":"Pan-STARRS 3Pi",
				"url":"http://psweb.mp.qub.ac.uk/ps1threepi/psdb/",
				"alias":"5"
			},
			{
				"name":"ASAS-SN Supernovae",
				"url":"http://www.astronomy.ohio-state.edu/~assassin/sn_list.html",
				"alias":"6"
			},
			{
				"name":"Asiago Supernova Catalogue",
				"secondary":true,
				"url":"http://graspa.oapd.inaf.it/cgi-bin/sncat.php",
				"alias":"7"
			},
			{
				"name":"Latest Supernovae",
				"secondary":true,
				"url":"http://www.rochesterastronomy.org/snimages/snredshiftall.html",
				"alias":"8"
			},
			{
				"name":"The Open Supernova Catalog",
				"bibcode":"2017ApJ...835...64G",
				"reference":"Guillochon et al. (2017)",
				"secondary":true,
				"url":"https://sne.space",
				"alias":"9"
			},
			{
				"name":"WISeREP",
				"bibcode":"2012PASP..124..668Y",
				"reference":"Yaron & Gal-Yam (2012)",
				"secondary":true,
				"url":"http://wiserep.weizmann.ac.il/",
				"alias":"10"
			},
			{
				"name":"SIMBAD astronomical database",
				"bibcode":"2000A&AS..143....9W",
				"reference":"Wenger et al. (2000)",
				"secondary":true,
				"url":"http://simbad.u-strasbg.fr/",
				"alias":"11"
			}
		],
		"alias":[
			{
				"value":"ASASSN-15tj",
				"source":"2,5,6,7,8,10,11"
			},
			{
				"value":"CSS151203:075529+520928",
				"source":"2,5,8"
			},
			{
				"value":"PS16zc",
				"source":"2,8"
			}
		],
		"claimedtype":[
			{
				"value":"Ia",
				"source":"2,3,6,7,8,10,11"
			}
		],
		"comovingdist":[
			{
				"value":"98.026",
				"derived":true,
				"u_value":"Mpc",
				"source":"1,2,6,8,9"
			}
		],
		"dec":[
			{
				"value":"+52:09:28.44",
				"u_value":"degrees",
				"source":"2,3,6,7,11"
			},
			{
				"value":"+52:09:28.4",
				"u_value":"degrees",
				"source":"2,8"
			},
			{
				"value":"+52:09:28.6",
				"u_value":"degrees",
				"source":"2,5"
			}
		],
		"discoverdate":[
			{
				"value":"2015/12/03",
				"source":"2,8"
			}
		],
		"discoverer":[
			{
				"value":"ASAS-SN",
				"source":"2,3,7,8"
			}
		],
		"ebv":[
			{
				"value":"0.0405",
				"derived":true,
				"e_value":"0.0024",
				"source":"4,9"
			}
		],
		"host":[
			{
				"value":"SDSS J075527.63+520911.1",
				"source":"2,5,6"
			},
			{
				"value":"SDSS J075527.63+5209",
				"source":"3,7"
			}
		],
		"hostdec":[
			{
				"value":"+52:09:11.1",
				"derived":true,
				"u_value":"degrees",
				"source":"9"
			}
		],
		"hostoffsetang":[
			{
				"value":"19.79",
				"u_value":"arcseconds",
				"source":"2,6"
			}
		],
		"hostoffsetdist":[
			{
				"value":"9.2",
				"source":"1,2,3,6,7,8,9,11"
			}
		],
		"hostra":[
			{
				"value":"07:55:27.63",
				"derived":true,
				"u_value":"hours",
				"source":"9"
			}
		],
		"lumdist":[
			{
				"value":"100.209",
				"derived":true,
				"u_value":"Mpc",
				"source":"1,2,6,8,9"
			}
		],
		"maxabsmag":[
			{
				"value":"-18.4806",
				"derived":true,
				"source":"1,2,6,8,9"
			}
		],
		"maxappmag":[
			{
				"value":"16.5",
				"derived":true,
				"source":"2,8,9"
			}
		],
		"maxdate":[
			{
				"value":"2015/12/02",
				"derived":true,
				"source":"2,8,9"
			}
		],
		"maxvisualabsmag":[
			{
				"value":"-18.5045",
				"derived":true,
				"source":"1,2,6,8,9"
			}
		],
		"maxvisualappmag":[
			{
				"value":"16.5",
				"derived":true,
				"source":"2,8,9"
			}
		],
		"maxvisualdate":[
			{
				"value":"2015/12/02",
				"derived":true,
				"source":"2,8,9"
			}
		],
		"ra":[
			{
				"value":"07:55:28.670",
				"u_value":"hours",
				"source":"2,11"
			},
			{
				"value":"07:55:28.67",
				"u_value":"hours",
				"source":"2,3,7,8"
			},
			{
				"value":"07:55:28.69",
				"u_value":"hours",
				"source":"2,5"
			},
			{
				"value":"07:55:28.56",
				"u_value":"hours",
				"source":"2,6"
			}
		],
		"redshift":[
			{
				"value":"0.022265",
				"source":"2,6,8"
			}
		],
		"velocity":[
			{
				"value":"6600.6",
				"u_value":"km/s",
				"source":"9"
			}
		],
		"photometry":[
			{
				"time":"57358.5",
				"magnitude":"16.5",
				"u_time":"MJD",
				"source":"2,8"
			},
			{
				"time":"57412.4009806461",
				"band":"i",
				"e_magnitude":"0.033569",
				"instrument":"GPC",
				"magnitude":"17.5716",
				"telescope":"Pan-STARRS1",
				"u_time":"MJD",
				"source":"2,5"
			},
			{
				"time":"57412.4146611172",
				"band":"i",
				"e_magnitude":"0.0397492",
				"instrument":"GPC",
				"magnitude":"17.5971",
				"telescope":"Pan-STARRS1",
				"u_time":"MJD",
				"source":"2,5"
			},
			{
				"time":"57412.4283480806",
				"band":"i",
				"e_magnitude":"0.0468156",
				"instrument":"GPC",
				"magnitude":"17.5888",
				"telescope":"Pan-STARRS1",
				"u_time":"MJD",
				"source":"2,5"
			},
			{
				"time":"57412.4420087842",
				"band":"i",
				"e_magnitude":"0.0290175",
				"instrument":"GPC",
				"magnitude":"17.6258",
				"telescope":"Pan-STARRS1",
				"u_time":"MJD",
				"source":"2,5"
			},
			{
				"time":"57439.349737929",
				"band":"i",
				"e_magnitude":"0.0903545",
				"instrument":"GPC",
				"magnitude":"18.6261",
				"telescope":"Pan-STARRS1",
				"u_time":"MJD",
				"source":"2,5"
			},
			{
				"time":"57439.3622992596",
				"band":"i",
				"e_magnitude":"0.0859367",
				"instrument":"GPC",
				"magnitude":"18.6521",
				"telescope":"Pan-STARRS1",
				"u_time":"MJD",
				"source":"2,5"
			},
			{
				"time":"57439.3748296895",
				"band":"i",
				"e_magnitude":"0.0618419",
				"instrument":"GPC",
				"magnitude":"18.7117",
				"telescope":"Pan-STARRS1",
				"u_time":"MJD",
				"source":"2,5"
			},
			{
				"time":"57439.3873617403",
				"band":"i",
				"e_magnitude":"0.0598968",
				"instrument":"GPC",
				"magnitude":"18.6089",
				"telescope":"Pan-STARRS1",
				"u_time":"MJD",
				"source":"2,5"
			},
			{
				"time":"57440.3700696845",
				"band":"i",
				"e_magnitude":"0.114681",
				"instrument":"GPC",
				"magnitude":"18.6559",
				"telescope":"Pan-STARRS1",
				"u_time":"MJD",
				"source":"2,5"
			},
			{
				"time":"57440.3846114478",
				"band":"i",
				"e_magnitude":"0.11656",
				"instrument":"GPC",
				"magnitude":"18.6877",
				"telescope":"Pan-STARRS1",
				"u_time":"MJD",
				"source":"2,5"
			}
		],
		"spectra":[
			{
				"time":"57360.0",
				"filename":"ASASSNm15tj_2015-12-04_00:08:36_Asiago.ascii",
				"instrument":"Ekar - AFOSC",
				"observer":"Pastorello Tartaglia",
				"redshift":"0.022",
				"reducer":"Unknown",
				"reduction":"final",
				"survey":"Asiago",
				"u_fluxes":"erg/s/cm^2/Angstrom",
				"u_time":"MJD",
				"u_wavelengths":"Angstrom",
				"data":[
					[
						"3397.022698",
						"3.117284269e-16"
					],
					[
						"3401.779098",
						"3.125992827e-16"
					],
					[
						"3406.535498",
						"2.812732514e-16"
					],
					[
						"3411.291898",
						"1.574921181e-16"
					],
					[
						"3416.048297",
						"1.964550646e-16"
					],
					[
						"3420.804697",
						"2.203421613e-16"
					],
					[
						"3425.561097",
						"2.523691521e-16"
					],
					[
						"3430.317497",
						"4.401198083e-17"
					],
					[
						"3435.073897",
						"1.041182626e-16"
					],
					[
						"3439.830297",
						"2.291783164e-16"
					],
					[
						"3444.586697",
						"1.487992969e-16"
					],
					[
						"3449.343097",
						"2.769967674e-16"
					],
					[
						"3454.099497",
						"2.527858658e-16"
					],
					[
						"3458.855897",
						"1.814701518e-16"
					],
					[
						"3463.612297",
						"2.882883253e-16"
					],
					[
						"3468.368697",
						"9.157746472e-16"
					],
					[
						"3473.125097",
						"9.467362426e-16"
					],
					[
						"3477.881497",
						"2.888425761e-16"
					],
					[
						"3482.637897",
						"4.364387289e-16"
					],
					[
						"3487.394297",
						"3.770375523e-16"
					],
					[
						"3492.150697",
						"4.219572977e-16"
					],
					[
						"3496.907097",
						"5.709960271e-16"
					],
					[
						"3501.663497",
						"6.246632405e-16"
					],
					[
						"3506.419897",
						"7.61309719e-16"
					],
					[
						"3511.176297",
						"7.545307025e-16"
					],
					[
						"3515.932697",
						"6.767317851e-16"
					],
					[
						"3520.689097",
						"6.769949477e-16"
					],
					[
						"3525.445497",
						"6.926830037e-16"
					],
					[
						"3530.201897",
						"6.293165219e-16"
					],
					[
						"3534.958297",
						"8.037359582e-16"
					],
					[
						"3539.714697",
						"7.775972626e-16"
					],
					[
						"3544.471097",
						"7.76561553e-16"
					],
					[
						"3549.227497",
						"7.181132621e-16"
					],
					[
						"3553.983897",
						"7.066801173e-16"
					],
					[
						"3558.740297",
						"7.035278842e-16"
					],
					[
						"3563.496697",
						"6.825168613e-16"
					],
					[
						"3568.253097",
						"6.895113418e-16"
					],
					[
						"3573.009497",
						"6.053659771e-16"
					],
					[
						"3577.765897",
						"6.493045936e-16"
					],
					[
						"3582.522297",
						"7.895340215e-16"
					],
					[
						"3587.278697",
						"6.615845067e-16"
					],
					[
						"3592.035097",
						"6.737964983e-16"
					],
					[
						"3596.791497",
						"5.892599632e-16"
					],
					[
						"3601.547897",
						"6.011703582e-16"
					],
					[
						"3606.304297",
						"6.266379919e-16"
					],
					[
						"3611.060697",
						"6.643247112e-16"
					],
					[
						"3615.817097",
						"6.293033399e-16"
					],
					[
						"3620.573497",
						"7.28258811e-16"
					],
					[
						"3625.329897",
						"7.814953611e-16"
					],
					[
						"3630.086297",
						"6.555120216e-16"
					],
					[
						"3634.842697",
						"6.444814292e-16"
					],
					[
						"3639.599096",
						"5.572762638e-16"
					],
					[
						"3644.355496",
						"5.6242723e-16"
					],
					[
						"3649.111896",
						"5.718493069e-16"
					],
					[
						"3653.868296",
						"5.435164254e-16"
					],
					[
						"3658.624696",
						"5.092988354e-16"
					],
					[
						"3663.381096",
						"5.545749169e-16"
					],
					[
						"3668.137496",
						"5.250804886e-16"
					],
					[
						"3672.893896",
						"4.590717933e-16"
					],
					[
						"3677.650296",
						"4.226154953e-16"
					],
					[
						"3682.406696",
						"3.790665668e-16"
					],
					[
						"3687.163096",
						"4.08622511e-16"
					],
					[
						"3691.919496",
						"3.711860105e-16"
					],
					[
						"3696.675896",
						"3.540730598e-16"
					],
					[
						"3701.432296",
						"3.133485892e-16"
					],
					[
						"3706.188696",
						"2.685831626e-16"
					],
					[
						"3710.945096",
						"3.036454033e-16"
					],
					[
						"3715.701496",
						"3.136234249e-16"
					],
					[
						"3720.457896",
						"2.365796374e-16"
					],
					[
						"3725.214296",
						"2.291083038e-16"
					],
					[
						"3729.970696",
						"2.234874726e-16"
					],
					[
						"3734.727096",
						"2.265673373e-16"
					],
					[
						"3739.483496",
						"2.283577532e-16"
					],
					[
						"3744.239896",
						"2.369920895e-16"
					],
					[
						"3748.996296",
						"2.541437126e-16"
					],
					[
						"3753.752696",
						"2.685266232e-16"
					],
					[
						"3758.509096",
						"2.901031464e-16"
					],
					[
						"3763.265496",
						"2.775710027e-16"
					],
					[
						"3768.021896",
						"2.551725135e-16"
					],
					[
						"3772.778296",
						"2.879331274e-16"
					],
					[
						"3777.534696",
						"2.545189746e-16"
					],
					[
						"3782.291096",
						"2.567777733e-16"
					],
					[
						"3787.047496",
						"2.751495473e-16"
					],
					[
						"3791.803896",
						"3.059377126e-16"
					],
					[
						"3796.560296",
						"3.233703918e-16"
					],
					[
						"3801.316696",
						"3.278039211e-16"
					],
					[
						"3806.073096",
						"3.335753654e-16"
					],
					[
						"3810.829496",
						"3.740171387e-16"
					],
					[
						"3815.585896",
						"3.823054885e-16"
					],
					[
						"3820.342296",
						"3.90523111e-16"
					],
					[
						"3825.098696",
						"4.19688467e-16"
					],
					[
						"3829.855096",
						"4.349875761e-16"
					],
					[
						"3834.611496",
						"4.507250248e-16"
					],
					[
						"3839.367896",
						"4.77429009e-16"
					],
					[
						"3844.124296",
						"4.74281011e-16"
					],
					[
						"3848.880696",
						"4.938495368e-16"
					],
					[
						"3853.637096",
						"5.482831033e-16"
					],
					[
						"3858.393496",
						"5.689914706e-16"
					],
					[
						"3863.149895",
						"5.634530928e-16"
					],
					[
						"3867.906295",
						"5.880056662e-16"
					],
					[
						"3872.662695",
						"6.042126358e-16"
					],
					[
						"3877.419095",
						"6.104988379e-16"
					],
					[
						"3882.175495",
						"6.668171586e-16"
					],
					[
						"3886.931895",
						"6.929093733e-16"
					],
					[
						"3891.688295",
						"6.778325574e-16"
					],
					[
						"3896.444695",
						"7.198020341e-16"
					],
					[
						"3901.201095",
						"7.45193276e-16"
					],
					[
						"3905.957495",
						"7.697631607e-16"
					],
					[
						"3910.713895",
						"8.004368178e-16"
					],
					[
						"3915.470295",
						"7.82177805e-16"
					],
					[
						"3920.226695",
						"7.933389993e-16"
					],
					[
						"3924.983095",
						"8.111863541e-16"
					],
					[
						"3929.739495",
						"8.303863146e-16"
					],
					[
						"3934.495895",
						"7.952725109e-16"
					],
					[
						"3939.252295",
						"8.478796626e-16"
					],
					[
						"3944.008695",
						"8.046259251e-16"
					],
					[
						"3948.765095",
						"8.022298277e-16"
					],
					[
						"3953.521495",
						"8.548041569e-16"
					],
					[
						"3958.277895",
						"7.905834953e-16"
					],
					[
						"3963.034295",
						"8.416434354e-16"
					],
					[
						"3967.790695",
						"8.483989996e-16"
					],
					[
						"3972.547095",
						"8.706566432e-16"
					],
					[
						"3977.303495",
						"8.774600648e-16"
					],
					[
						"3982.059895",
						"8.840921739e-16"
					],
					[
						"3986.816295",
						"8.68471457e-16"
					],
					[
						"3991.572695",
						"9.071050533e-16"
					],
					[
						"3996.329095",
						"9.335822444e-16"
					],
					[
						"4001.085495",
						"9.188731996e-16"
					],
					[
						"4005.841895",
						"9.474631027e-16"
					],
					[
						"4010.598295",
						"9.213049254e-16"
					],
					[
						"4015.354695",
						"9.502119364e-16"
					],
					[
						"4020.111095",
						"9.375820399e-16"
					],
					[
						"4024.867495",
						"9.076916236e-16"
					],
					[
						"4029.623895",
						"9.39564097e-16"
					],
					[
						"4034.380295",
						"9.28118776e-16"
					],
					[
						"4039.136695",
						"9.49684976e-16"
					],
					[
						"4043.893095",
						"9.168610729e-16"
					],
					[
						"4048.649495",
						"9.505914071e-16"
					],
					[
						"4053.405895",
						"9.03606066e-16"
					],
					[
						"4058.162295",
						"8.960159097e-16"
					],
					[
						"4062.918695",
						"8.820376426e-16"
					],
					[
						"4067.675095",
						"9.255488781e-16"
					],
					[
						"4072.431495",
						"9.462165879e-16"
					],
					[
						"4077.187895",
						"9.306445224e-16"
					],
					[
						"4081.944295",
						"9.511745893e-16"
					],
					[
						"4086.700694",
						"9.704284953e-16"
					],
					[
						"4091.457094",
						"9.416480098e-16"
					],
					[
						"4096.213494",
						"9.282024205e-16"
					],
					[
						"4100.969894",
						"9.542627656e-16"
					],
					[
						"4105.726294",
						"9.394216895e-16"
					],
					[
						"4110.482694",
						"9.411781182e-16"
					],
					[
						"4115.239094",
						"9.557871072e-16"
					],
					[
						"4119.995494",
						"9.51998223e-16"
					],
					[
						"4124.751894",
						"9.60064306e-16"
					],
					[
						"4129.508294",
						"9.671952646e-16"
					],
					[
						"4134.264694",
						"9.74698706e-16"
					],
					[
						"4139.021094",
						"9.678685499e-16"
					],
					[
						"4143.777494",
						"9.548478536e-16"
					],
					[
						"4148.533894",
						"9.511216498e-16"
					],
					[
						"4153.290294",
						"9.092326942e-16"
					],
					[
						"4158.046694",
						"8.842072116e-16"
					],
					[
						"4162.803094",
						"9.089165391e-16"
					],
					[
						"4167.559494",
						"9.194129714e-16"
					],
					[
						"4172.315894",
						"9.091874838e-16"
					],
					[
						"4177.072294",
						"8.577963537e-16"
					],
					[
						"4181.828694",
						"8.520833812e-16"
					],
					[
						"4186.585094",
						"8.556778185e-16"
					],
					[
						"4191.341494",
						"8.56219549e-16"
					],
					[
						"4196.097894",
						"8.312990456e-16"
					],
					[
						"4200.854294",
						"8.216656869e-16"
					],
					[
						"4205.610694",
						"8.07044363e-16"
					],
					[
						"4210.367094",
						"8.101416978e-16"
					],
					[
						"4215.123494",
						"7.988443959e-16"
					],
					[
						"4219.879894",
						"7.595845246e-16"
					],
					[
						"4224.636294",
						"7.568658136e-16"
					],
					[
						"4229.392694",
						"7.607893761e-16"
					],
					[
						"4234.149094",
						"7.371434984e-16"
					],
					[
						"4238.905494",
						"7.565636875e-16"
					],
					[
						"4243.661894",
						"7.608004404e-16"
					],
					[
						"4248.418294",
						"7.317916796e-16"
					],
					[
						"4253.174694",
						"6.958242783e-16"
					],
					[
						"4257.931094",
						"6.738925307e-16"
					],
					[
						"4262.687494",
						"6.975017212e-16"
					],
					[
						"4267.443894",
						"6.710087541e-16"
					],
					[
						"4272.200294",
						"6.48311871e-16"
					],
					[
						"4276.956694",
						"6.565147498e-16"
					],
					[
						"4281.713094",
						"6.441928027e-16"
					],
					[
						"4286.469494",
						"5.972705656e-16"
					],
					[
						"4291.225894",
						"5.770456952e-16"
					],
					[
						"4295.982294",
						"5.762116324e-16"
					],
					[
						"4300.738694",
						"5.646603794e-16"
					],
					[
						"4305.495094",
						"5.477719718e-16"
					],
					[
						"4310.251493",
						"5.347978094e-16"
					],
					[
						"4315.007893",
						"5.339072071e-16"
					],
					[
						"4319.764293",
						"5.274357166e-16"
					],
					[
						"4324.520693",
						"5.160248593e-16"
					],
					[
						"4329.277093",
						"5.073638945e-16"
					],
					[
						"4334.033493",
						"5.107496969e-16"
					],
					[
						"4338.789893",
						"5.065338552e-16"
					],
					[
						"4343.546293",
						"4.887312343e-16"
					],
					[
						"4348.302693",
						"4.980384853e-16"
					],
					[
						"4353.059093",
						"4.923894637e-16"
					],
					[
						"4357.815493",
						"4.815939759e-16"
					],
					[
						"4362.571893",
						"4.746767872e-16"
					],
					[
						"4367.328293",
						"4.833247818e-16"
					],
					[
						"4372.084693",
						"4.940994115e-16"
					],
					[
						"4376.841093",
						"5.257910963e-16"
					],
					[
						"4381.597493",
						"4.916221578e-16"
					],
					[
						"4386.353893",
						"5.044399368e-16"
					],
					[
						"4391.110293",
						"5.40286424e-16"
					],
					[
						"4395.866693",
						"5.241824219e-16"
					],
					[
						"4400.623093",
						"5.219797127e-16"
					],
					[
						"4405.379493",
						"5.303821207e-16"
					],
					[
						"4410.135893",
						"5.515599032e-16"
					],
					[
						"4414.892293",
						"5.673818963e-16"
					],
					[
						"4419.648693",
						"5.769751267e-16"
					],
					[
						"4424.405093",
						"5.831918192e-16"
					],
					[
						"4429.161493",
						"5.702492616e-16"
					],
					[
						"4433.917893",
						"5.772897465e-16"
					],
					[
						"4438.674293",
						"5.770253664e-16"
					],
					[
						"4443.430693",
						"5.909473587e-16"
					],
					[
						"4448.187093",
						"6.073365463e-16"
					],
					[
						"4452.943493",
						"6.073293465e-16"
					],
					[
						"4457.699893",
						"6.035945665e-16"
					],
					[
						"4462.456293",
						"5.977239929e-16"
					],
					[
						"4467.212693",
						"5.90046698e-16"
					],
					[
						"4471.969093",
						"5.86146323e-16"
					],
					[
						"4476.725493",
						"5.8195081e-16"
					],
					[
						"4481.481893",
						"5.842627335e-16"
					],
					[
						"4486.238293",
						"5.668544065e-16"
					],
					[
						"4490.994693",
						"5.673305449e-16"
					],
					[
						"4495.751093",
						"5.524133947e-16"
					],
					[
						"4500.507493",
						"5.609725568e-16"
					],
					[
						"4505.263893",
						"5.618029138e-16"
					],
					[
						"4510.020293",
						"5.815971738e-16"
					],
					[
						"4514.776693",
						"5.76364416e-16"
					],
					[
						"4519.533093",
						"5.92430884e-16"
					],
					[
						"4524.289493",
						"6.027390103e-16"
					],
					[
						"4529.045892",
						"6.141271565e-16"
					],
					[
						"4533.802292",
						"6.03201755e-16"
					],
					[
						"4538.558692",
						"6.146471818e-16"
					],
					[
						"4543.315092",
						"6.264844672e-16"
					],
					[
						"4548.071492",
						"6.368091106e-16"
					],
					[
						"4552.827892",
						"6.41720737e-16"
					],
					[
						"4557.584292",
						"6.418781264e-16"
					],
					[
						"4562.340692",
						"6.422424035e-16"
					],
					[
						"4567.097092",
						"6.149902301e-16"
					],
					[
						"4571.853492",
						"6.262169107e-16"
					],
					[
						"4576.609892",
						"6.371361183e-16"
					],
					[
						"4581.366292",
						"6.224036213e-16"
					],
					[
						"4586.122692",
						"6.271083599e-16"
					],
					[
						"4590.879092",
						"6.191996133e-16"
					],
					[
						"4595.635492",
						"6.053242078e-16"
					],
					[
						"4600.391892",
						"5.96553658e-16"
					],
					[
						"4605.148292",
						"6.058108282e-16"
					],
					[
						"4609.904692",
						"5.933340329e-16"
					],
					[
						"4614.661092",
						"5.942980093e-16"
					],
					[
						"4619.417492",
						"5.910952719e-16"
					],
					[
						"4624.173892",
						"6.053233607e-16"
					],
					[
						"4628.930292",
						"6.00683526e-16"
					],
					[
						"4633.686692",
						"5.969790274e-16"
					],
					[
						"4638.443092",
						"6.062224333e-16"
					],
					[
						"4643.199492",
						"5.787925948e-16"
					],
					[
						"4647.955892",
						"5.882653348e-16"
					],
					[
						"4652.712292",
						"5.739164908e-16"
					],
					[
						"4657.468692",
						"5.609944738e-16"
					],
					[
						"4662.225092",
						"5.742843148e-16"
					],
					[
						"4666.981492",
						"5.503715159e-16"
					],
					[
						"4671.737892",
						"5.450126032e-16"
					],
					[
						"4676.494292",
						"5.557271464e-16"
					],
					[
						"4681.250692",
						"5.623896429e-16"
					],
					[
						"4686.007092",
						"5.647059604e-16"
					],
					[
						"4690.763492",
						"5.586869443e-16"
					],
					[
						"4695.519892",
						"5.723371449e-16"
					],
					[
						"4700.276292",
						"5.629339145e-16"
					],
					[
						"4705.032692",
						"5.595231246e-16"
					],
					[
						"4709.789092",
						"5.643187075e-16"
					],
					[
						"4714.545492",
						"5.527167384e-16"
					],
					[
						"4719.301892",
						"5.483348782e-16"
					],
					[
						"4724.058292",
						"5.448790367e-16"
					],
					[
						"4728.814692",
						"5.239115302e-16"
					],
					[
						"4733.571092",
						"5.003753962e-16"
					],
					[
						"4738.327492",
						"4.987191292e-16"
					],
					[
						"4743.083892",
						"5.032189917e-16"
					],
					[
						"4747.840292",
						"4.86698514e-16"
					],
					[
						"4752.596691",
						"4.712044286e-16"
					],
					[
						"4757.353091",
						"4.69771937e-16"
					],
					[
						"4762.109491",
						"4.735235518e-16"
					],
					[
						"4766.865891",
						"4.637611795e-16"
					],
					[
						"4771.622291",
						"4.612039341e-16"
					],
					[
						"4776.378691",
						"4.535129808e-16"
					],
					[
						"4781.135091",
						"4.548045472e-16"
					],
					[
						"4785.891491",
						"4.62753422e-16"
					],
					[
						"4790.647891",
						"4.696652109e-16"
					],
					[
						"4795.404291",
						"4.62048373e-16"
					],
					[
						"4800.160691",
						"4.708272342e-16"
					],
					[
						"4804.917091",
						"4.760936615e-16"
					],
					[
						"4809.673491",
						"4.521912917e-16"
					],
					[
						"4814.429891",
						"4.593675137e-16"
					],
					[
						"4819.186291",
						"4.578522776e-16"
					],
					[
						"4823.942691",
						"4.654098762e-16"
					],
					[
						"4828.699091",
						"4.576818652e-16"
					],
					[
						"4833.455491",
						"4.674731425e-16"
					],
					[
						"4838.211891",
						"4.724937715e-16"
					],
					[
						"4842.968291",
						"4.698286353e-16"
					],
					[
						"4847.724691",
						"4.582384188e-16"
					],
					[
						"4852.481091",
						"4.659126432e-16"
					],
					[
						"4857.237491",
						"4.670020863e-16"
					],
					[
						"4861.993891",
						"4.541015628e-16"
					],
					[
						"4866.750291",
						"4.488569995e-16"
					],
					[
						"4871.506691",
						"4.664614146e-16"
					],
					[
						"4876.263091",
						"4.55415258e-16"
					],
					[
						"4881.019491",
						"4.366713188e-16"
					],
					[
						"4885.775891",
						"4.478704179e-16"
					],
					[
						"4890.532291",
						"4.544546697e-16"
					],
					[
						"4895.288691",
						"4.364760777e-16"
					],
					[
						"4900.045091",
						"4.249439624e-16"
					],
					[
						"4904.801491",
						"4.264692834e-16"
					],
					[
						"4909.557891",
						"4.200655026e-16"
					],
					[
						"4914.314291",
						"4.129129446e-16"
					],
					[
						"4919.070691",
						"3.997178654e-16"
					],
					[
						"4923.827091",
						"3.949798013e-16"
					],
					[
						"4928.583491",
						"4.101680814e-16"
					],
					[
						"4933.339891",
						"4.024122772e-16"
					],
					[
						"4938.096291",
						"3.89367308e-16"
					],
					[
						"4942.852691",
						"3.861443477e-16"
					],
					[
						"4947.609091",
						"3.95474892e-16"
					],
					[
						"4952.365491",
						"3.906949792e-16"
					],
					[
						"4957.121891",
						"3.859714206e-16"
					],
					[
						"4961.878291",
						"3.905672096e-16"
					],
					[
						"4966.634691",
						"3.788468412e-16"
					],
					[
						"4971.391091",
						"3.715749045e-16"
					],
					[
						"4976.14749",
						"3.743235529e-16"
					],
					[
						"4980.90389",
						"3.774841769e-16"
					],
					[
						"4985.66029",
						"3.78036363e-16"
					],
					[
						"4990.41669",
						"3.660955807e-16"
					],
					[
						"4995.17309",
						"3.750855385e-16"
					],
					[
						"4999.92949",
						"3.861127163e-16"
					],
					[
						"5004.68589",
						"3.746933357e-16"
					],
					[
						"5009.44229",
						"3.768371761e-16"
					],
					[
						"5014.19869",
						"3.814502499e-16"
					],
					[
						"5018.95509",
						"3.702532684e-16"
					],
					[
						"5023.71149",
						"3.710256831e-16"
					],
					[
						"5028.46789",
						"3.727589507e-16"
					],
					[
						"5033.22429",
						"3.717458728e-16"
					],
					[
						"5037.98069",
						"3.827736859e-16"
					],
					[
						"5042.73709",
						"3.754179459e-16"
					],
					[
						"5047.49349",
						"3.673761093e-16"
					],
					[
						"5052.24989",
						"3.800976442e-16"
					],
					[
						"5057.00629",
						"3.774523338e-16"
					],
					[
						"5061.76269",
						"3.732797701e-16"
					],
					[
						"5066.51909",
						"3.770569018e-16"
					],
					[
						"5071.27549",
						"3.799998913e-16"
					],
					[
						"5076.03189",
						"3.836995724e-16"
					],
					[
						"5080.78829",
						"3.841249947e-16"
					],
					[
						"5085.54469",
						"3.8445007e-16"
					],
					[
						"5090.30109",
						"4.020044837e-16"
					],
					[
						"5095.05749",
						"4.198897432e-16"
					],
					[
						"5099.81389",
						"4.101203299e-16"
					],
					[
						"5104.57029",
						"4.148891254e-16"
					],
					[
						"5109.32669",
						"4.125326533e-16"
					],
					[
						"5114.08309",
						"4.041126429e-16"
					],
					[
						"5118.83949",
						"4.045665731e-16"
					],
					[
						"5123.59589",
						"4.094542179e-16"
					],
					[
						"5128.35229",
						"4.330890312e-16"
					],
					[
						"5133.10869",
						"4.39109609e-16"
					],
					[
						"5137.86509",
						"4.456460035e-16"
					],
					[
						"5142.62149",
						"4.538539115e-16"
					],
					[
						"5147.37789",
						"4.527100465e-16"
					],
					[
						"5152.13429",
						"4.500611098e-16"
					],
					[
						"5156.89069",
						"4.606245635e-16"
					],
					[
						"5161.64709",
						"4.710654093e-16"
					],
					[
						"5166.40349",
						"4.659501773e-16"
					],
					[
						"5171.15989",
						"4.615178657e-16"
					],
					[
						"5175.91629",
						"4.73069701e-16"
					],
					[
						"5180.67269",
						"4.732354547e-16"
					],
					[
						"5185.42909",
						"4.743446444e-16"
					],
					[
						"5190.18549",
						"4.890880999e-16"
					],
					[
						"5194.94189",
						"4.930542787e-16"
					],
					[
						"5199.698289",
						"4.726663545e-16"
					],
					[
						"5204.454689",
						"4.751370437e-16"
					],
					[
						"5209.211089",
						"4.653027794e-16"
					],
					[
						"5213.967489",
						"4.627705215e-16"
					],
					[
						"5218.723889",
						"4.673294116e-16"
					],
					[
						"5223.480289",
						"4.785011409e-16"
					],
					[
						"5228.236689",
						"4.756272111e-16"
					],
					[
						"5232.993089",
						"4.660969258e-16"
					],
					[
						"5237.749489",
						"4.700016418e-16"
					],
					[
						"5242.505889",
						"4.637513327e-16"
					],
					[
						"5247.262289",
						"4.696344001e-16"
					],
					[
						"5252.018689",
						"4.765212544e-16"
					],
					[
						"5256.775089",
						"4.595198737e-16"
					],
					[
						"5261.531489",
						"4.531493919e-16"
					],
					[
						"5266.287889",
						"4.48795219e-16"
					],
					[
						"5271.044289",
						"4.590050895e-16"
					],
					[
						"5275.800689",
						"4.500595745e-16"
					],
					[
						"5280.557089",
						"4.519848804e-16"
					],
					[
						"5285.313489",
						"4.596622282e-16"
					],
					[
						"5290.069889",
						"4.631295576e-16"
					],
					[
						"5294.826289",
						"4.531041286e-16"
					],
					[
						"5299.582689",
						"4.414678811e-16"
					],
					[
						"5304.339089",
						"4.436619082e-16"
					],
					[
						"5309.095489",
						"4.326586061e-16"
					],
					[
						"5313.851889",
						"4.370235257e-16"
					],
					[
						"5318.608289",
						"4.281945572e-16"
					],
					[
						"5323.364689",
						"4.217383927e-16"
					],
					[
						"5328.121089",
						"4.171630118e-16"
					],
					[
						"5332.877489",
						"4.102963275e-16"
					],
					[
						"5337.633889",
						"4.03526152e-16"
					],
					[
						"5342.390289",
						"4.038599624e-16"
					],
					[
						"5347.146689",
						"3.964540621e-16"
					],
					[
						"5351.903089",
						"3.870963862e-16"
					],
					[
						"5356.659489",
						"4.030622161e-16"
					],
					[
						"5361.415889",
						"3.944569967e-16"
					],
					[
						"5366.172289",
						"3.831783295e-16"
					],
					[
						"5370.928689",
						"3.726018261e-16"
					],
					[
						"5375.685089",
						"3.767236208e-16"
					],
					[
						"5380.441489",
						"3.774292786e-16"
					],
					[
						"5385.197889",
						"3.723644716e-16"
					],
					[
						"5389.954289",
						"3.614418494e-16"
					],
					[
						"5394.710689",
						"3.722208201e-16"
					],
					[
						"5399.467089",
						"3.703714031e-16"
					],
					[
						"5404.223489",
						"3.631888019e-16"
					],
					[
						"5408.979889",
						"3.747608337e-16"
					],
					[
						"5413.736289",
						"3.737336209e-16"
					],
					[
						"5418.492689",
						"3.591748186e-16"
					],
					[
						"5423.249088",
						"3.662452409e-16"
					],
					[
						"5428.005488",
						"3.725666478e-16"
					],
					[
						"5432.761888",
						"3.722798477e-16"
					],
					[
						"5437.518288",
						"3.800803065e-16"
					],
					[
						"5442.274688",
						"3.69057152e-16"
					],
					[
						"5447.031088",
						"3.680833288e-16"
					],
					[
						"5451.787488",
						"3.71632741e-16"
					],
					[
						"5456.543888",
						"3.671361872e-16"
					],
					[
						"5461.300288",
						"3.648151051e-16"
					],
					[
						"5466.056688",
						"3.699430691e-16"
					],
					[
						"5470.813088",
						"3.612164327e-16"
					],
					[
						"5475.569488",
						"3.635304209e-16"
					],
					[
						"5480.325888",
						"3.585586022e-16"
					],
					[
						"5485.082288",
						"3.546099993e-16"
					],
					[
						"5489.838688",
						"3.562449581e-16"
					],
					[
						"5494.595088",
						"3.505723256e-16"
					],
					[
						"5499.351488",
						"3.483392555e-16"
					],
					[
						"5504.107888",
						"3.509823424e-16"
					],
					[
						"5508.864288",
						"3.408703043e-16"
					],
					[
						"5513.620688",
						"3.361252522e-16"
					],
					[
						"5518.377088",
						"3.52218137e-16"
					],
					[
						"5523.133488",
						"3.432367026e-16"
					],
					[
						"5527.889888",
						"3.360625453e-16"
					],
					[
						"5532.646288",
						"3.320260627e-16"
					],
					[
						"5537.402688",
						"3.377583847e-16"
					],
					[
						"5542.159088",
						"3.308736214e-16"
					],
					[
						"5546.915488",
						"3.360997089e-16"
					],
					[
						"5551.671888",
						"3.408112767e-16"
					],
					[
						"5556.428288",
						"3.448305804e-16"
					],
					[
						"5561.184688",
						"3.427906868e-16"
					],
					[
						"5565.941088",
						"3.334634247e-16"
					],
					[
						"5570.697488",
						"3.461932711e-16"
					],
					[
						"5575.453888",
						"3.49509511e-16"
					],
					[
						"5580.210288",
						"3.454909749e-16"
					],
					[
						"5584.966688",
						"3.461125647e-16"
					],
					[
						"5589.723088",
						"3.493243019e-16"
					],
					[
						"5594.479488",
						"3.613609577e-16"
					],
					[
						"5599.235888",
						"3.536738161e-16"
					],
					[
						"5603.992288",
						"3.40807968e-16"
					],
					[
						"5608.748688",
						"3.464756772e-16"
					],
					[
						"5613.505088",
						"3.491405222e-16"
					],
					[
						"5618.261488",
						"3.445843055e-16"
					],
					[
						"5623.017888",
						"3.446646943e-16"
					],
					[
						"5627.774288",
						"3.528044691e-16"
					],
					[
						"5632.530688",
						"3.334571249e-16"
					],
					[
						"5637.287088",
						"3.313695857e-16"
					],
					[
						"5642.043488",
						"3.341352806e-16"
					],
					[
						"5646.799887",
						"3.19719071e-16"
					],
					[
						"5651.556287",
						"3.160048051e-16"
					],
					[
						"5656.312687",
						"3.30322653e-16"
					],
					[
						"5661.069087",
						"3.330454139e-16"
					],
					[
						"5665.825487",
						"3.243544588e-16"
					],
					[
						"5670.581887",
						"3.237653739e-16"
					],
					[
						"5675.338287",
						"3.38966836e-16"
					],
					[
						"5680.094687",
						"3.31892205e-16"
					],
					[
						"5684.851087",
						"3.322013456e-16"
					],
					[
						"5689.607487",
						"3.36598426e-16"
					],
					[
						"5694.363887",
						"3.275925599e-16"
					],
					[
						"5699.120287",
						"3.243064427e-16"
					],
					[
						"5703.876687",
						"3.302155563e-16"
					],
					[
						"5708.633087",
						"3.373400298e-16"
					],
					[
						"5713.389487",
						"3.29915336e-16"
					],
					[
						"5718.145887",
						"3.258622834e-16"
					],
					[
						"5722.902287",
						"3.27891192e-16"
					],
					[
						"5727.658687",
						"3.193102982e-16"
					],
					[
						"5732.415087",
						"3.365251312e-16"
					],
					[
						"5737.171487",
						"3.445850996e-16"
					],
					[
						"5741.927887",
						"3.302679929e-16"
					],
					[
						"5746.684287",
						"3.277528344e-16"
					],
					[
						"5751.440687",
						"3.280183263e-16"
					],
					[
						"5756.197087",
						"3.329077181e-16"
					],
					[
						"5760.953487",
						"3.332723129e-16"
					],
					[
						"5765.709887",
						"3.335894738e-16"
					],
					[
						"5770.466287",
						"3.247877956e-16"
					],
					[
						"5775.222687",
						"3.342835908e-16"
					],
					[
						"5779.979087",
						"3.2585601e-16"
					],
					[
						"5784.735487",
						"3.283502044e-16"
					],
					[
						"5789.491887",
						"3.296098218e-16"
					],
					[
						"5794.248287",
						"3.285706712e-16"
					],
					[
						"5799.004687",
						"3.26803337e-16"
					],
					[
						"5803.761087",
						"3.299908014e-16"
					],
					[
						"5808.517487",
						"3.33764889e-16"
					],
					[
						"5813.273887",
						"3.355268499e-16"
					],
					[
						"5818.030287",
						"3.20520126e-16"
					],
					[
						"5822.786687",
						"3.179480575e-16"
					],
					[
						"5827.543087",
						"3.241091105e-16"
					],
					[
						"5832.299487",
						"3.114605792e-16"
					],
					[
						"5837.055887",
						"3.106514245e-16"
					],
					[
						"5841.812287",
						"3.164823464e-16"
					],
					[
						"5846.568687",
						"3.239249602e-16"
					],
					[
						"5851.325087",
						"3.242333596e-16"
					],
					[
						"5856.081487",
						"3.244095954e-16"
					],
					[
						"5860.837887",
						"3.247927455e-16"
					],
					[
						"5865.594287",
						"3.186416981e-16"
					],
					[
						"5870.350686",
						"3.082750206e-16"
					],
					[
						"5875.107086",
						"2.98153374e-16"
					],
					[
						"5879.863486",
						"3.061617529e-16"
					],
					[
						"5884.619886",
						"3.09608224e-16"
					],
					[
						"5889.376286",
						"2.945895623e-16"
					],
					[
						"5894.132686",
						"2.963090921e-16"
					],
					[
						"5898.889086",
						"3.018722457e-16"
					],
					[
						"5903.645486",
						"3.000134583e-16"
					],
					[
						"5908.401886",
						"3.065975778e-16"
					],
					[
						"5913.158286",
						"3.126901269e-16"
					],
					[
						"5917.914686",
						"2.981497211e-16"
					],
					[
						"5922.671086",
						"2.998061205e-16"
					],
					[
						"5927.427486",
						"3.017695694e-16"
					],
					[
						"5932.183886",
						"3.227004417e-16"
					],
					[
						"5936.940286",
						"3.149246263e-16"
					],
					[
						"5941.696686",
						"3.013672552e-16"
					],
					[
						"5946.453086",
						"3.038627466e-16"
					],
					[
						"5951.209486",
						"3.063896312e-16"
					],
					[
						"5955.965886",
						"3.129351577e-16"
					],
					[
						"5960.722286",
						"3.019064711e-16"
					],
					[
						"5965.478686",
						"2.971750244e-16"
					],
					[
						"5970.235086",
						"3.047082178e-16"
					],
					[
						"5974.991486",
						"3.078687889e-16"
					],
					[
						"5979.747886",
						"2.986727375e-16"
					],
					[
						"5984.504286",
						"2.938493349e-16"
					],
					[
						"5989.260686",
						"2.955014991e-16"
					],
					[
						"5994.017086",
						"2.85541821e-16"
					],
					[
						"5998.773486",
						"2.930307305e-16"
					],
					[
						"6003.529886",
						"2.793610481e-16"
					],
					[
						"6008.286286",
						"2.730702932e-16"
					],
					[
						"6013.042686",
						"2.762741424e-16"
					],
					[
						"6017.799086",
						"2.653816692e-16"
					],
					[
						"6022.555486",
						"2.707057213e-16"
					],
					[
						"6027.311886",
						"2.650119658e-16"
					],
					[
						"6032.068286",
						"2.554839569e-16"
					],
					[
						"6036.824686",
						"2.491491034e-16"
					],
					[
						"6041.581086",
						"2.478384258e-16"
					],
					[
						"6046.337486",
						"2.393614788e-16"
					],
					[
						"6051.093886",
						"2.370586874e-16"
					],
					[
						"6055.850286",
						"2.394365736e-16"
					],
					[
						"6060.606686",
						"2.360238779e-16"
					],
					[
						"6065.363086",
						"2.350418755e-16"
					],
					[
						"6070.119486",
						"2.236492559e-16"
					],
					[
						"6074.875886",
						"2.172819769e-16"
					],
					[
						"6079.632286",
						"2.191341335e-16"
					],
					[
						"6084.388686",
						"2.145109615e-16"
					],
					[
						"6089.145086",
						"2.143256201e-16"
					],
					[
						"6093.901485",
						"2.181272893e-16"
					],
					[
						"6098.657885",
						"2.181412256e-16"
					],
					[
						"6103.414285",
						"2.137246767e-16"
					],
					[
						"6108.170685",
						"2.143352949e-16"
					],
					[
						"6112.927085",
						"2.068130732e-16"
					],
					[
						"6117.683485",
						"2.075225824e-16"
					],
					[
						"6122.439885",
						"2.139910818e-16"
					],
					[
						"6127.196285",
						"2.085706004e-16"
					],
					[
						"6131.952685",
						"1.993149787e-16"
					],
					[
						"6136.709085",
						"1.98154623e-16"
					],
					[
						"6141.465485",
						"2.002184452e-16"
					],
					[
						"6146.221885",
						"2.042319917e-16"
					],
					[
						"6150.978285",
						"2.060919834e-16"
					],
					[
						"6155.734685",
						"1.938008207e-16"
					],
					[
						"6160.491085",
						"2.068779374e-16"
					],
					[
						"6165.247485",
						"2.144090397e-16"
					],
					[
						"6170.003885",
						"2.085937482e-16"
					],
					[
						"6174.760285",
						"2.050919022e-16"
					],
					[
						"6179.516685",
						"2.050805335e-16"
					],
					[
						"6184.273085",
						"2.128776438e-16"
					],
					[
						"6189.029485",
						"2.157477091e-16"
					],
					[
						"6193.785885",
						"2.095776696e-16"
					],
					[
						"6198.542285",
						"2.05344596e-16"
					],
					[
						"6203.298685",
						"2.140399715e-16"
					],
					[
						"6208.055085",
						"2.082015852e-16"
					],
					[
						"6212.811485",
						"2.017140672e-16"
					],
					[
						"6217.567885",
						"2.029028647e-16"
					],
					[
						"6222.324285",
						"2.175710666e-16"
					],
					[
						"6227.080685",
						"2.084591097e-16"
					],
					[
						"6231.837085",
						"2.017014279e-16"
					],
					[
						"6236.593485",
						"2.105352139e-16"
					],
					[
						"6241.349885",
						"2.182520678e-16"
					],
					[
						"6246.106285",
						"2.245912095e-16"
					],
					[
						"6250.862685",
						"2.176363146e-16"
					],
					[
						"6255.619085",
						"2.162622551e-16"
					],
					[
						"6260.375485",
						"2.22630487e-16"
					],
					[
						"6265.131885",
						"2.229149842e-16"
					],
					[
						"6269.888285",
						"2.187168772e-16"
					],
					[
						"6274.644685",
						"2.223282551e-16"
					],
					[
						"6279.401085",
						"2.236368416e-16"
					],
					[
						"6284.157485",
						"2.225927411e-16"
					],
					[
						"6288.913885",
						"2.351835418e-16"
					],
					[
						"6293.670285",
						"2.313941546e-16"
					],
					[
						"6298.426685",
						"2.342804194e-16"
					],
					[
						"6303.183085",
						"2.398533932e-16"
					],
					[
						"6307.939485",
						"2.404046793e-16"
					],
					[
						"6312.695885",
						"2.406722359e-16"
					],
					[
						"6317.452284",
						"2.341241683e-16"
					],
					[
						"6322.208684",
						"2.417198039e-16"
					],
					[
						"6326.965084",
						"2.477696573e-16"
					],
					[
						"6331.721484",
						"2.530763981e-16"
					],
					[
						"6336.477884",
						"2.565762059e-16"
					],
					[
						"6341.234284",
						"2.774640913e-16"
					],
					[
						"6345.990684",
						"2.717782238e-16"
					],
					[
						"6350.747084",
						"2.540170547e-16"
					],
					[
						"6355.503484",
						"2.591260398e-16"
					],
					[
						"6360.259884",
						"2.550274326e-16"
					],
					[
						"6365.016284",
						"2.4681341e-16"
					],
					[
						"6369.772684",
						"2.563848294e-16"
					],
					[
						"6374.529084",
						"2.567745704e-16"
					],
					[
						"6379.285484",
						"2.523064716e-16"
					],
					[
						"6384.041884",
						"2.558173702e-16"
					],
					[
						"6388.798284",
						"2.530982886e-16"
					],
					[
						"6393.554684",
						"2.629329499e-16"
					],
					[
						"6398.311084",
						"2.547704375e-16"
					],
					[
						"6403.067484",
						"2.548700168e-16"
					],
					[
						"6407.823884",
						"2.507052352e-16"
					],
					[
						"6412.580284",
						"2.549011718e-16"
					],
					[
						"6417.336684",
						"2.498743489e-16"
					],
					[
						"6422.093084",
						"2.509477249e-16"
					],
					[
						"6426.849484",
						"2.514112372e-16"
					],
					[
						"6431.605884",
						"2.49967099e-16"
					],
					[
						"6436.362284",
						"2.491527033e-16"
					],
					[
						"6441.118684",
						"2.506777067e-16"
					],
					[
						"6445.875084",
						"2.529321907e-16"
					],
					[
						"6450.631484",
						"2.550746547e-16"
					],
					[
						"6455.387884",
						"2.585747801e-16"
					],
					[
						"6460.144284",
						"2.626240211e-16"
					],
					[
						"6464.900684",
						"2.67915833e-16"
					],
					[
						"6469.657084",
						"2.577249679e-16"
					],
					[
						"6474.413484",
						"2.556658837e-16"
					],
					[
						"6479.169884",
						"2.52803177e-16"
					],
					[
						"6483.926284",
						"2.541383127e-16"
					],
					[
						"6488.682684",
						"2.551576639e-16"
					],
					[
						"6493.439084",
						"2.565067757e-16"
					],
					[
						"6498.195484",
						"2.645512593e-16"
					],
					[
						"6502.951884",
						"2.552646548e-16"
					],
					[
						"6507.708284",
						"2.525722017e-16"
					],
					[
						"6512.464684",
						"2.560498543e-16"
					],
					[
						"6517.221084",
						"2.597036898e-16"
					],
					[
						"6521.977484",
						"2.521133216e-16"
					],
					[
						"6526.733884",
						"2.429138556e-16"
					],
					[
						"6531.490284",
						"2.472814222e-16"
					],
					[
						"6536.246684",
						"2.452884595e-16"
					],
					[
						"6541.003083",
						"2.450536726e-16"
					],
					[
						"6545.759483",
						"2.496995954e-16"
					],
					[
						"6550.515883",
						"2.481939149e-16"
					],
					[
						"6555.272283",
						"2.480910798e-16"
					],
					[
						"6560.028683",
						"2.511667623e-16"
					],
					[
						"6564.785083",
						"2.408375926e-16"
					],
					[
						"6569.541483",
						"2.485798708e-16"
					],
					[
						"6574.297883",
						"2.505484018e-16"
					],
					[
						"6579.054283",
						"2.442411562e-16"
					],
					[
						"6583.810683",
						"2.407092406e-16"
					],
					[
						"6588.567083",
						"2.406660155e-16"
					],
					[
						"6593.323483",
						"2.407195638e-16"
					],
					[
						"6598.079883",
						"2.428047737e-16"
					],
					[
						"6602.836283",
						"2.4145995e-16"
					],
					[
						"6607.592683",
						"2.389009047e-16"
					],
					[
						"6612.349083",
						"2.412096783e-16"
					],
					[
						"6617.105483",
						"2.398006125e-16"
					],
					[
						"6621.861883",
						"2.329308047e-16"
					],
					[
						"6626.618283",
						"2.2513204e-16"
					],
					[
						"6631.374683",
						"2.258103281e-16"
					],
					[
						"6636.131083",
						"2.340401002e-16"
					],
					[
						"6640.887483",
						"2.276375105e-16"
					],
					[
						"6645.643883",
						"2.2169572e-16"
					],
					[
						"6650.400283",
						"2.271145736e-16"
					],
					[
						"6655.156683",
						"2.323844155e-16"
					],
					[
						"6659.913083",
						"2.278012261e-16"
					],
					[
						"6664.669483",
						"2.241262413e-16"
					],
					[
						"6669.425883",
						"2.218609311e-16"
					],
					[
						"6674.182283",
						"2.234552324e-16"
					],
					[
						"6678.938683",
						"2.234214305e-16"
					],
					[
						"6683.695083",
						"2.209074235e-16"
					],
					[
						"6688.451483",
						"2.240018598e-16"
					],
					[
						"6693.207883",
						"2.233762995e-16"
					],
					[
						"6697.964283",
						"2.199717697e-16"
					],
					[
						"6702.720683",
						"2.157162233e-16"
					],
					[
						"6707.477083",
						"1.916369559e-16"
					],
					[
						"6712.233483",
						"1.901217728e-16"
					],
					[
						"6716.989883",
						"2.081274963e-16"
					],
					[
						"6721.746283",
						"2.176830338e-16"
					],
					[
						"6726.502683",
						"2.148351237e-16"
					],
					[
						"6731.259083",
						"2.178860305e-16"
					],
					[
						"6736.015483",
						"2.134500792e-16"
					],
					[
						"6740.771883",
						"2.077598443e-16"
					],
					[
						"6745.528283",
						"2.049950096e-16"
					],
					[
						"6750.284683",
						"2.096950763e-16"
					],
					[
						"6755.041083",
						"2.147923618e-16"
					],
					[
						"6759.797483",
						"2.098333412e-16"
					],
					[
						"6764.553882",
						"2.069383679e-16"
					],
					[
						"6769.310282",
						"2.100488714e-16"
					],
					[
						"6774.066682",
						"2.106177864e-16"
					],
					[
						"6778.823082",
						"2.092201158e-16"
					],
					[
						"6783.579482",
						"2.021983186e-16"
					],
					[
						"6788.335882",
						"2.117829596e-16"
					],
					[
						"6793.092282",
						"2.102066048e-16"
					],
					[
						"6797.848682",
						"2.014433607e-16"
					],
					[
						"6802.605082",
						"2.025847509e-16"
					],
					[
						"6807.361482",
						"1.936775642e-16"
					],
					[
						"6812.117882",
						"1.974504342e-16"
					],
					[
						"6816.874282",
						"2.092625601e-16"
					],
					[
						"6821.630682",
						"2.08458342e-16"
					],
					[
						"6826.387082",
						"2.004632642e-16"
					],
					[
						"6831.143482",
						"1.925888754e-16"
					],
					[
						"6835.899882",
						"1.892080228e-16"
					],
					[
						"6840.656282",
						"1.949756686e-16"
					],
					[
						"6845.412682",
						"2.03161223e-16"
					],
					[
						"6850.169082",
						"2.002644894e-16"
					],
					[
						"6854.925482",
						"1.92907598e-16"
					],
					[
						"6859.681882",
						"1.956126109e-16"
					],
					[
						"6864.438282",
						"1.875763197e-16"
					],
					[
						"6869.194682",
						"1.733139127e-16"
					],
					[
						"6873.951082",
						"1.545665193e-16"
					],
					[
						"6878.707482",
						"1.529444247e-16"
					],
					[
						"6883.463882",
						"1.678494914e-16"
					],
					[
						"6888.220282",
						"1.75524457e-16"
					],
					[
						"6892.976682",
						"1.768825022e-16"
					],
					[
						"6897.733082",
						"1.72509377e-16"
					],
					[
						"6902.489482",
						"1.729233379e-16"
					],
					[
						"6907.245882",
						"1.735897278e-16"
					],
					[
						"6912.002282",
						"1.692682716e-16"
					],
					[
						"6916.758682",
						"1.758674127e-16"
					],
					[
						"6921.515082",
						"1.818794672e-16"
					],
					[
						"6926.271482",
						"1.755121485e-16"
					],
					[
						"6931.027882",
						"1.749258958e-16"
					],
					[
						"6935.784282",
						"1.688779615e-16"
					],
					[
						"6940.540682",
						"1.672251355e-16"
					],
					[
						"6945.297082",
						"1.818768997e-16"
					],
					[
						"6950.053482",
						"1.874619305e-16"
					],
					[
						"6954.809882",
						"1.748401999e-16"
					],
					[
						"6959.566282",
						"1.704142278e-16"
					],
					[
						"6964.322682",
						"1.737658975e-16"
					],
					[
						"6969.079082",
						"1.75136185e-16"
					],
					[
						"6973.835482",
						"1.763572624e-16"
					],
					[
						"6978.591882",
						"1.785813459e-16"
					],
					[
						"6983.348282",
						"1.79421735e-16"
					],
					[
						"6988.104681",
						"1.790957199e-16"
					],
					[
						"6992.861081",
						"1.755721026e-16"
					],
					[
						"6997.617481",
						"1.662513653e-16"
					],
					[
						"7002.373881",
						"1.686894172e-16"
					],
					[
						"7007.130281",
						"1.726799615e-16"
					],
					[
						"7011.886681",
						"1.675915037e-16"
					],
					[
						"7016.643081",
						"1.719869033e-16"
					],
					[
						"7021.399481",
						"1.657855368e-16"
					],
					[
						"7026.155881",
						"1.625247644e-16"
					],
					[
						"7030.912281",
						"1.658128801e-16"
					],
					[
						"7035.668681",
						"1.680906047e-16"
					],
					[
						"7040.425081",
						"1.668405164e-16"
					],
					[
						"7045.181481",
						"1.638600457e-16"
					],
					[
						"7049.937881",
						"1.62496005e-16"
					],
					[
						"7054.694281",
						"1.621379218e-16"
					],
					[
						"7059.450681",
						"1.597728338e-16"
					],
					[
						"7064.207081",
						"1.626236025e-16"
					],
					[
						"7068.963481",
						"1.694570673e-16"
					],
					[
						"7073.719881",
						"1.620463628e-16"
					],
					[
						"7078.476281",
						"1.63767375e-16"
					],
					[
						"7083.232681",
						"1.682287107e-16"
					],
					[
						"7087.989081",
						"1.638732938e-16"
					],
					[
						"7092.745481",
						"1.624712028e-16"
					],
					[
						"7097.501881",
						"1.617524556e-16"
					],
					[
						"7102.258281",
						"1.577481074e-16"
					],
					[
						"7107.014681",
						"1.597468669e-16"
					],
					[
						"7111.771081",
						"1.599591545e-16"
					],
					[
						"7116.527481",
						"1.581935673e-16"
					],
					[
						"7121.283881",
						"1.563434356e-16"
					],
					[
						"7126.040281",
						"1.596549109e-16"
					],
					[
						"7130.796681",
						"1.69262938e-16"
					],
					[
						"7135.553081",
						"1.61972896e-16"
					],
					[
						"7140.309481",
						"1.585359804e-16"
					],
					[
						"7145.065881",
						"1.605170051e-16"
					],
					[
						"7149.822281",
						"1.591888575e-16"
					],
					[
						"7154.578681",
						"1.52949851e-16"
					],
					[
						"7159.335081",
						"1.546975447e-16"
					],
					[
						"7164.091481",
						"1.59552367e-16"
					],
					[
						"7168.847881",
						"1.578981646e-16"
					],
					[
						"7173.604281",
						"1.521541165e-16"
					],
					[
						"7178.360681",
						"1.438704652e-16"
					],
					[
						"7183.117081",
						"1.423457e-16"
					],
					[
						"7187.873481",
						"1.437676168e-16"
					],
					[
						"7192.629881",
						"1.397252977e-16"
					],
					[
						"7197.386281",
						"1.367171263e-16"
					],
					[
						"7202.142681",
						"1.357603497e-16"
					],
					[
						"7206.89908",
						"1.413087728e-16"
					],
					[
						"7211.65548",
						"1.423726859e-16"
					],
					[
						"7216.41188",
						"1.424729005e-16"
					],
					[
						"7221.16828",
						"1.398754475e-16"
					],
					[
						"7225.92468",
						"1.511869769e-16"
					],
					[
						"7230.68108",
						"1.465013892e-16"
					],
					[
						"7235.43748",
						"1.53910082e-16"
					],
					[
						"7240.19388",
						"1.47437043e-16"
					],
					[
						"7244.95028",
						"1.410577467e-16"
					],
					[
						"7249.70668",
						"1.454485669e-16"
					],
					[
						"7254.46308",
						"1.408797639e-16"
					],
					[
						"7259.21948",
						"1.403188957e-16"
					],
					[
						"7263.97588",
						"1.453064507e-16"
					],
					[
						"7268.73228",
						"1.431580046e-16"
					],
					[
						"7273.48868",
						"1.4182541e-16"
					],
					[
						"7278.24508",
						"1.369100381e-16"
					],
					[
						"7283.00148",
						"1.410012205e-16"
					],
					[
						"7287.75788",
						"1.356650717e-16"
					],
					[
						"7292.51428",
						"1.298992126e-16"
					],
					[
						"7297.27068",
						"1.358595716e-16"
					],
					[
						"7302.02708",
						"1.436613804e-16"
					],
					[
						"7306.78348",
						"1.366777658e-16"
					],
					[
						"7311.53988",
						"1.329556383e-16"
					],
					[
						"7316.29628",
						"1.385068805e-16"
					],
					[
						"7321.05268",
						"1.427292603e-16"
					],
					[
						"7325.80908",
						"1.440549595e-16"
					],
					[
						"7330.56548",
						"1.412844603e-16"
					],
					[
						"7335.32188",
						"1.411271637e-16"
					],
					[
						"7340.07828",
						"1.445958562e-16"
					],
					[
						"7344.83468",
						"1.436827415e-16"
					],
					[
						"7349.59108",
						"1.444876478e-16"
					],
					[
						"7354.34748",
						"1.396769109e-16"
					],
					[
						"7359.10388",
						"1.407352918e-16"
					],
					[
						"7363.86028",
						"1.451371235e-16"
					],
					[
						"7368.61668",
						"1.428645474e-16"
					],
					[
						"7373.37308",
						"1.371016131e-16"
					],
					[
						"7378.12948",
						"1.407855844e-16"
					],
					[
						"7382.88588",
						"1.403946787e-16"
					],
					[
						"7387.64228",
						"1.379997063e-16"
					],
					[
						"7392.39868",
						"1.405277158e-16"
					],
					[
						"7397.15508",
						"1.393392889e-16"
					],
					[
						"7401.91148",
						"1.428733618e-16"
					],
					[
						"7406.66788",
						"1.412294429e-16"
					],
					[
						"7411.42428",
						"1.344077307e-16"
					],
					[
						"7416.18068",
						"1.35070931e-16"
					],
					[
						"7420.93708",
						"1.459169894e-16"
					],
					[
						"7425.69348",
						"1.410915883e-16"
					],
					[
						"7430.449879",
						"1.402815601e-16"
					],
					[
						"7435.206279",
						"1.317380681e-16"
					],
					[
						"7439.962679",
						"1.373222652e-16"
					],
					[
						"7444.719079",
						"1.391732836e-16"
					],
					[
						"7449.475479",
						"1.369566646e-16"
					],
					[
						"7454.231879",
						"1.41471337e-16"
					],
					[
						"7458.988279",
						"1.35130713e-16"
					],
					[
						"7463.744679",
						"1.31604806e-16"
					],
					[
						"7468.501079",
						"1.383912075e-16"
					],
					[
						"7473.257479",
						"1.306561027e-16"
					],
					[
						"7478.013879",
						"1.37618965e-16"
					],
					[
						"7482.770279",
						"1.363353659e-16"
					],
					[
						"7487.526679",
						"1.312694207e-16"
					],
					[
						"7492.283079",
						"1.364273616e-16"
					],
					[
						"7497.039479",
						"1.381500943e-16"
					],
					[
						"7501.795879",
						"1.325454626e-16"
					],
					[
						"7506.552279",
						"1.308411794e-16"
					],
					[
						"7511.308679",
						"1.346175831e-16"
					],
					[
						"7516.065079",
						"1.352224573e-16"
					],
					[
						"7520.821479",
						"1.296857073e-16"
					],
					[
						"7525.577879",
						"1.273206854e-16"
					],
					[
						"7530.334279",
						"1.316703584e-16"
					],
					[
						"7535.090679",
						"1.335273988e-16"
					],
					[
						"7539.847079",
						"1.342666997e-16"
					],
					[
						"7544.603479",
						"1.311048448e-16"
					],
					[
						"7549.359879",
						"1.329780979e-16"
					],
					[
						"7554.116279",
						"1.343032545e-16"
					],
					[
						"7558.872679",
						"1.306654333e-16"
					],
					[
						"7563.629079",
						"1.293892061e-16"
					],
					[
						"7568.385479",
						"1.35935209e-16"
					],
					[
						"7573.141879",
						"1.401473186e-16"
					],
					[
						"7577.898279",
						"1.350217766e-16"
					],
					[
						"7582.654679",
						"1.322057097e-16"
					],
					[
						"7587.411079",
						"1.33774878e-16"
					],
					[
						"7592.167479",
						"1.184908831e-16"
					],
					[
						"7596.923879",
						"8.293183781e-17"
					],
					[
						"7601.680279",
						"4.947487681e-17"
					],
					[
						"7606.436679",
						"3.354421201e-17"
					],
					[
						"7611.193079",
						"4.564738969e-17"
					],
					[
						"7615.949479",
						"6.368932713e-17"
					],
					[
						"7620.705879",
						"8.175980229e-17"
					],
					[
						"7625.462279",
						"7.044690966e-17"
					],
					[
						"7630.218679",
						"5.943029327e-17"
					],
					[
						"7634.975079",
						"6.419794394e-17"
					],
					[
						"7639.731479",
						"6.736004367e-17"
					],
					[
						"7644.487879",
						"7.72200498e-17"
					],
					[
						"7649.244279",
						"9.062517999e-17"
					],
					[
						"7654.000678",
						"9.22468378e-17"
					],
					[
						"7658.757078",
						"1.000497583e-16"
					],
					[
						"7663.513478",
						"1.165469028e-16"
					],
					[
						"7668.269878",
						"1.161988649e-16"
					],
					[
						"7673.026278",
						"1.113113128e-16"
					],
					[
						"7677.782678",
						"1.275317422e-16"
					],
					[
						"7682.539078",
						"1.252107925e-16"
					],
					[
						"7687.295478",
						"1.283748576e-16"
					],
					[
						"7692.051878",
						"1.239831242e-16"
					],
					[
						"7696.808278",
						"1.313607811e-16"
					],
					[
						"7701.564678",
						"1.298740663e-16"
					],
					[
						"7706.321078",
						"1.288454771e-16"
					],
					[
						"7711.077478",
						"1.351637473e-16"
					],
					[
						"7715.833878",
						"1.370038734e-16"
					],
					[
						"7720.590278",
						"1.35734674e-16"
					],
					[
						"7725.346678",
						"1.308072848e-16"
					],
					[
						"7730.103078",
						"1.349381851e-16"
					],
					[
						"7734.859478",
						"1.377684398e-16"
					],
					[
						"7739.615878",
						"1.350262103e-16"
					],
					[
						"7744.372278",
						"1.33678078e-16"
					],
					[
						"7749.128678",
						"1.276010931e-16"
					],
					[
						"7753.885078",
						"1.364545858e-16"
					],
					[
						"7758.641478",
						"1.375369219e-16"
					],
					[
						"7763.397878",
						"1.366167794e-16"
					],
					[
						"7768.154278",
						"1.383620246e-16"
					],
					[
						"7772.910678",
						"1.464225357e-16"
					],
					[
						"7777.667078",
						"1.483043915e-16"
					],
					[
						"7782.423478",
						"1.381658306e-16"
					],
					[
						"7787.179878",
						"1.333293254e-16"
					],
					[
						"7791.936278",
						"1.324030684e-16"
					],
					[
						"7796.692678",
						"1.356923753e-16"
					],
					[
						"7801.449078",
						"1.352553725e-16"
					],
					[
						"7806.205478",
						"1.422748139e-16"
					],
					[
						"7810.961878",
						"1.460230141e-16"
					],
					[
						"7815.718278",
						"1.211372523e-16"
					],
					[
						"7820.474678",
						"1.31528401e-16"
					],
					[
						"7825.231078",
						"1.437725005e-16"
					],
					[
						"7829.987478",
						"1.375291927e-16"
					],
					[
						"7834.743878",
						"1.396164804e-16"
					],
					[
						"7839.500278",
						"1.453662327e-16"
					],
					[
						"7844.256678",
						"1.411723873e-16"
					],
					[
						"7849.013078",
						"1.385861972e-16"
					],
					[
						"7853.769478",
						"1.479307043e-16"
					],
					[
						"7858.525878",
						"1.543696768e-16"
					],
					[
						"7863.282278",
						"1.462298357e-16"
					],
					[
						"7868.038678",
						"1.47083592e-16"
					],
					[
						"7872.795078",
						"1.473684201e-16"
					],
					[
						"7877.551477",
						"1.416839687e-16"
					],
					[
						"7882.307877",
						"1.415609372e-16"
					],
					[
						"7887.064277",
						"1.412464497e-16"
					],
					[
						"7891.820677",
						"1.452961937e-16"
					],
					[
						"7896.577077",
						"1.373951894e-16"
					],
					[
						"7901.333477",
						"1.448570997e-16"
					],
					[
						"7906.089877",
						"1.517910438e-16"
					],
					[
						"7910.846277",
						"1.295032776e-16"
					],
					[
						"7915.602677",
						"1.29623768e-16"
					],
					[
						"7920.359077",
						"1.453524684e-16"
					],
					[
						"7925.115477",
						"1.494510358e-16"
					],
					[
						"7929.871877",
						"1.506776322e-16"
					],
					[
						"7934.628277",
						"1.485020678e-16"
					],
					[
						"7939.384677",
						"1.359862692e-16"
					],
					[
						"7944.141077",
						"1.326658869e-16"
					],
					[
						"7948.897477",
						"1.280335828e-16"
					],
					[
						"7953.653877",
						"1.352996829e-16"
					],
					[
						"7958.410277",
						"1.374927703e-16"
					],
					[
						"7963.166677",
						"1.252553809e-16"
					],
					[
						"7967.923077",
						"1.205722681e-16"
					],
					[
						"7972.679477",
						"1.259636592e-16"
					],
					[
						"7977.435877",
						"1.241804299e-16"
					],
					[
						"7982.192277",
						"1.120751644e-16"
					],
					[
						"7986.948677",
						"1.071889953e-16"
					],
					[
						"7991.705077",
						"1.139147082e-16"
					],
					[
						"7996.461477",
						"1.083035649e-16"
					],
					[
						"8001.217877",
						"1.059499052e-16"
					],
					[
						"8005.974277",
						"1.041299557e-16"
					],
					[
						"8010.730677",
						"9.598245824e-17"
					],
					[
						"8015.487077",
						"8.305862806e-17"
					],
					[
						"8020.243477",
						"8.12823735e-17"
					],
					[
						"8024.999877",
						"8.474898157e-17"
					],
					[
						"8029.756277",
						"8.618410022e-17"
					],
					[
						"8034.512677",
						"8.982698379e-17"
					],
					[
						"8039.269077",
						"9.226639235e-17"
					],
					[
						"8044.025477",
						"9.031860701e-17"
					],
					[
						"8048.781877",
						"8.54098327e-17"
					],
					[
						"8053.538277",
						"7.897248156e-17"
					],
					[
						"8058.294677",
						"5.86546427e-17"
					],
					[
						"8063.051077",
						"6.607852252e-17"
					],
					[
						"8067.807477",
						"7.186527957e-17"
					],
					[
						"8072.563877",
						"7.771128259e-17"
					],
					[
						"8077.320277",
						"8.754619538e-17"
					],
					[
						"8082.076677",
						"8.11100817e-17"
					],
					[
						"8086.833077",
						"7.45790474e-17"
					],
					[
						"8091.589477",
						"7.942300383e-17"
					],
					[
						"8096.345877",
						"7.909583074e-17"
					],
					[
						"8101.102276",
						"7.590276137e-17"
					],
					[
						"8105.858676",
						"7.786088317e-17"
					],
					[
						"8110.615076",
						"7.406434915e-17"
					],
					[
						"8115.371476",
						"6.934568742e-17"
					],
					[
						"8120.127876",
						"7.937273772e-17"
					],
					[
						"8124.884276",
						"7.798684623e-17"
					],
					[
						"8129.640676",
						"7.464571154e-17"
					],
					[
						"8134.397076",
						"7.489430247e-17"
					],
					[
						"8139.153476",
						"7.858313757e-17"
					],
					[
						"8143.909876",
						"8.212292135e-17"
					],
					[
						"8148.666276",
						"8.2538616e-17"
					],
					[
						"8153.422676",
						"7.560102573e-17"
					],
					[
						"8158.179076",
						"7.301502753e-17"
					],
					[
						"8162.935476",
						"7.637073384e-17"
					],
					[
						"8167.691876",
						"7.753387551e-17"
					],
					[
						"8172.448276",
						"8.25634248e-17"
					],
					[
						"8177.204676",
						"1.12511982e-16"
					],
					[
						"8181.961076",
						"1.121449917e-16"
					],
					[
						"8186.717476",
						"1.09921292e-16"
					],
					[
						"8191.473876",
						"1.075926859e-16"
					],
					[
						"8196.230276",
						"1.226422181e-16"
					],
					[
						"8200.986676",
						"1.154984878e-16"
					],
					[
						"8205.743076",
						"1.151161318e-16"
					],
					[
						"8210.499476",
						"1.161786023e-16"
					],
					[
						"8215.255876",
						"1.16611767e-16"
					],
					[
						"8220.012276",
						"1.208518154e-16"
					],
					[
						"8224.768676",
						"1.153183874e-16"
					],
					[
						"8229.525076",
						"1.131769558e-16"
					],
					[
						"8234.281476",
						"1.244513481e-16"
					],
					[
						"8239.037876",
						"1.271237767e-16"
					],
					[
						"8243.794276",
						"1.303497017e-16"
					],
					[
						"8248.550676",
						"1.376984405e-16"
					]
				],
				"source":"10"
			}
		]
	}
}