{
	"ASASSN-15li":{
		"schema":"https://github.com/astrocatalogs/supernovae/blob/a0bc0b9/SCHEMA.md",
		"name":"ASASSN-15li",
		"sources":[
			{
				"name":"2016A&A...594A..13P",
				"bibcode":"2016A&A...594A..13P",
				"reference":"Planck Collaboration et al. (2016)",
				"alias":"1"
			},
			{
				"name":"2015ATel.7645....1H",
				"bibcode":"2015ATel.7645....1H",
				"reference":"Holoien et al. (2015)",
				"alias":"2"
			},
			{
				"name":"2015ATel.7653....1C",
				"bibcode":"2015ATel.7653....1C",
				"reference":"Challis et al. (2015)",
				"alias":"3"
			},
			{
				"name":"2011ApJ...737..103S",
				"bibcode":"2011ApJ...737..103S",
				"reference":"Schlafly & Finkbeiner (2011)",
				"alias":"4"
			},
			{
				"name":"Pan-STARRS 3Pi",
				"url":"http://psweb.mp.qub.ac.uk/ps1threepi/psdb/",
				"alias":"5"
			},
			{
				"name":"ASAS-SN Supernovae",
				"url":"http://www.astronomy.ohio-state.edu/~assassin/sn_list.html",
				"alias":"6"
			},
			{
				"name":"Latest Supernovae",
				"secondary":true,
				"url":"http://www.rochesterastronomy.org/snimages/snredshiftall.html",
				"alias":"7"
			},
			{
				"name":"The Open Supernova Catalog",
				"bibcode":"2017ApJ...835...64G",
				"reference":"Guillochon et al. (2017)",
				"secondary":true,
				"url":"https://sne.space",
				"alias":"8"
			},
			{
				"name":"SIMBAD astronomical database",
				"bibcode":"2000A&AS..143....9W",
				"reference":"Wenger et al. (2000)",
				"secondary":true,
				"url":"http://simbad.u-strasbg.fr/",
				"alias":"9"
			}
		],
		"alias":[
			{
				"value":"ASASSN-15li",
				"source":"2,5,6,7,9"
			},
			{
				"value":"PS15bdl",
				"source":"2,7"
			}
		],
		"claimedtype":[
			{
				"value":"Ia",
				"source":"2,3,6,7,9"
			}
		],
		"comovingdist":[
			{
				"value":"115",
				"derived":true,
				"u_value":"Mpc",
				"source":"1,2,6,8"
			}
		],
		"dec":[
			{
				"value":"+62:53:29.7",
				"u_value":"degrees",
				"source":"2,7,9"
			},
			{
				"value":"+62:53:27.0",
				"u_value":"degrees",
				"source":"2,5"
			},
			{
				"value":"+62:53:26.16",
				"u_value":"degrees",
				"source":"2,6"
			}
		],
		"discoverdate":[
			{
				"value":"2015/06/16",
				"source":"2,7"
			}
		],
		"discoverer":[
			{
				"value":"ASAS-SN",
				"source":"2,7"
			}
		],
		"ebv":[
			{
				"value":"0.0138",
				"derived":true,
				"e_value":"0.0005",
				"source":"4,8"
			}
		],
		"host":[
			{
				"value":"2MASX J14250783+6253235",
				"source":"2,5,6"
			}
		],
		"hostdec":[
			{
				"value":"+62:53:23.5",
				"derived":true,
				"u_value":"degrees",
				"source":"8"
			}
		],
		"hostoffsetang":[
			{
				"value":"2.58",
				"u_value":"arcseconds",
				"source":"2,6"
			}
		],
		"hostoffsetdist":[
			{
				"value":"1.4",
				"source":"1,2,6,7,8,9"
			}
		],
		"hostra":[
			{
				"value":"14:25:07.83",
				"derived":true,
				"u_value":"hours",
				"source":"8"
			}
		],
		"lumdist":[
			{
				"value":"117.8",
				"derived":true,
				"u_value":"Mpc",
				"source":"1,2,6,8"
			}
		],
		"maxabsmag":[
			{
				"value":"-19.23",
				"derived":true,
				"source":"1,2,6,8"
			}
		],
		"maxappmag":[
			{
				"value":"16.1",
				"derived":true,
				"source":"2,7,8"
			}
		],
		"maxdate":[
			{
				"value":"2015/06/15",
				"derived":true,
				"source":"2,7,8"
			}
		],
		"maxvisualabsmag":[
			{
				"value":"-18.25",
				"derived":true,
				"source":"1,2,6,8"
			}
		],
		"maxvisualappmag":[
			{
				"value":"17.11",
				"derived":true,
				"source":"2,5,8"
			}
		],
		"maxvisualband":[
			{
				"value":"r",
				"derived":true,
				"source":"2,5,8"
			}
		],
		"maxvisualdate":[
			{
				"value":"2015/07/04",
				"derived":true,
				"source":"2,5,8"
			}
		],
		"ra":[
			{
				"value":"14:25:07.69",
				"u_value":"hours",
				"source":"2,7,9"
			},
			{
				"value":"14:25:07.95",
				"u_value":"hours",
				"source":"2,5"
			},
			{
				"value":"14:25:07.92",
				"u_value":"hours",
				"source":"2,6"
			}
		],
		"redshift":[
			{
				"value":"0.0261",
				"source":"2,6"
			}
		],
		"velocity":[
			{
				"value":"7720",
				"u_value":"km/s",
				"source":"8"
			}
		],
		"photometry":[
			{
				"time":"57188.5",
				"magnitude":"16.1",
				"u_time":"MJD",
				"source":"2,7"
			},
			{
				"time":"57207.3121252544",
				"band":"r",
				"e_magnitude":"0.0283128",
				"instrument":"GPC",
				"magnitude":"17.1089",
				"telescope":"Pan-STARRS1",
				"u_time":"MJD",
				"source":"2,5"
			},
			{
				"time":"57207.3251049588",
				"band":"r",
				"e_magnitude":"0.0102686",
				"instrument":"GPC",
				"magnitude":"17.1151",
				"telescope":"Pan-STARRS1",
				"u_time":"MJD",
				"source":"2,5"
			}
		]
	}
}