{
	"ASASSN-15lx":{
		"schema":"https://github.com/astrocatalogs/supernovae/blob/a0bc0b9/SCHEMA.md",
		"name":"ASASSN-15lx",
		"sources":[
			{
				"name":"2016A&A...594A..13P",
				"bibcode":"2016A&A...594A..13P",
				"reference":"Planck Collaboration et al. (2016)",
				"alias":"1"
			},
			{
				"name":"2015ATel.7719....1B",
				"bibcode":"2015ATel.7719....1B",
				"reference":"Brimacombe et al. (2015)",
				"alias":"2"
			},
			{
				"name":"2015ATel.7724....1H",
				"bibcode":"2015ATel.7724....1H",
				"reference":"Hosseinzadeh et al. (2015)",
				"alias":"3"
			},
			{
				"name":"2011ApJ...737..103S",
				"bibcode":"2011ApJ...737..103S",
				"reference":"Schlafly & Finkbeiner (2011)",
				"alias":"4"
			},
			{
				"name":"ASAS-SN Supernovae",
				"url":"http://www.astronomy.ohio-state.edu/~assassin/sn_list.html",
				"alias":"5"
			},
			{
				"name":"Latest Supernovae",
				"secondary":true,
				"url":"http://www.rochesterastronomy.org/snimages/snredshiftall.html",
				"alias":"6"
			},
			{
				"name":"The Open Supernova Catalog",
				"bibcode":"2017ApJ...835...64G",
				"reference":"Guillochon et al. (2017)",
				"secondary":true,
				"url":"https://sne.space",
				"alias":"7"
			},
			{
				"name":"SIMBAD astronomical database",
				"bibcode":"2000A&AS..143....9W",
				"reference":"Wenger et al. (2000)",
				"secondary":true,
				"url":"http://simbad.u-strasbg.fr/",
				"alias":"8"
			}
		],
		"alias":[
			{
				"value":"ASASSN-15lx",
				"source":"2,5,6,8"
			}
		],
		"claimedtype":[
			{
				"value":"II",
				"source":"3,8"
			},
			{
				"value":"IIn",
				"source":"2,3,5,6"
			}
		],
		"comovingdist":[
			{
				"value":"55.71",
				"derived":true,
				"u_value":"Mpc",
				"source":"1,2,5,7"
			}
		],
		"dec":[
			{
				"value":"-73:06:32.41",
				"u_value":"degrees",
				"source":"2,8"
			},
			{
				"value":"-73:06:32.4",
				"u_value":"degrees",
				"source":"2,5,6"
			}
		],
		"discoverdate":[
			{
				"value":"2015/06/26",
				"source":"2,6"
			}
		],
		"discoverer":[
			{
				"value":"ASAS-SN",
				"source":"2,6"
			}
		],
		"ebv":[
			{
				"value":"0.0492",
				"derived":true,
				"e_value":"0.0014",
				"source":"4,7"
			}
		],
		"host":[
			{
				"value":"ESO 47-G4",
				"source":"2,6"
			},
			{
				"value":"ESO 047-G004",
				"source":"2,5"
			}
		],
		"hostoffsetang":[
			{
				"value":"14.28",
				"u_value":"arcseconds",
				"source":"2,5"
			}
		],
		"lumdist":[
			{
				"value":"56.4131",
				"derived":true,
				"u_value":"Mpc",
				"source":"1,2,5,7"
			}
		],
		"maxabsmag":[
			{
				"value":"-16.4433",
				"derived":true,
				"source":"1,2,5,7"
			}
		],
		"maxappmag":[
			{
				"value":"17.3",
				"derived":true,
				"source":"2,6,7"
			}
		],
		"maxdate":[
			{
				"value":"2015/06/25",
				"derived":true,
				"source":"2,6,7"
			}
		],
		"maxvisualabsmag":[
			{
				"value":"-16.4569",
				"derived":true,
				"source":"1,2,5,7"
			}
		],
		"maxvisualappmag":[
			{
				"value":"17.3",
				"derived":true,
				"source":"2,6,7"
			}
		],
		"maxvisualdate":[
			{
				"value":"2015/06/25",
				"derived":true,
				"source":"2,6,7"
			}
		],
		"ra":[
			{
				"value":"20:36:05.240",
				"u_value":"hours",
				"source":"2,8"
			},
			{
				"value":"20:36:05.24",
				"u_value":"hours",
				"source":"2,6"
			},
			{
				"value":"20:36:05.28",
				"u_value":"hours",
				"source":"2,5"
			}
		],
		"redshift":[
			{
				"value":"0.012625",
				"source":"2,5"
			}
		],
		"velocity":[
			{
				"value":"3761",
				"u_value":"km/s",
				"source":"7"
			}
		],
		"photometry":[
			{
				"time":"57198.5",
				"magnitude":"17.3",
				"u_time":"MJD",
				"source":"2,6"
			}
		]
	}
}