{
	"ASASSN-15us":{
		"schema":"https://github.com/astrocatalogs/supernovae/blob/a0bc0b9/SCHEMA.md",
		"name":"ASASSN-15us",
		"sources":[
			{
				"name":"2016ATel.8495....1F",
				"bibcode":"2016ATel.8495....1F",
				"reference":"Firth et al. (2016)",
				"alias":"1"
			},
			{
				"name":"2016A&A...594A..13P",
				"bibcode":"2016A&A...594A..13P",
				"reference":"Planck Collaboration et al. (2016)",
				"alias":"2"
			},
			{
				"name":"2015ATel.8474....1B",
				"bibcode":"2015ATel.8474....1B",
				"reference":"Brown et al. (2015)",
				"alias":"3"
			},
			{
				"name":"2011ApJ...737..103S",
				"bibcode":"2011ApJ...737..103S",
				"reference":"Schlafly & Finkbeiner (2011)",
				"alias":"4"
			},
			{
				"name":"ASAS-SN Supernovae",
				"url":"http://www.astronomy.ohio-state.edu/~assassin/sn_list.html",
				"alias":"5"
			},
			{
				"name":"Latest Supernovae",
				"secondary":true,
				"url":"http://www.rochesterastronomy.org/snimages/snredshiftall.html",
				"alias":"6"
			},
			{
				"name":"The Open Supernova Catalog",
				"bibcode":"2017ApJ...835...64G",
				"reference":"Guillochon et al. (2017)",
				"secondary":true,
				"url":"https://sne.space",
				"alias":"7"
			},
			{
				"name":"WISeREP",
				"bibcode":"2012PASP..124..668Y",
				"reference":"Yaron & Gal-Yam (2012)",
				"secondary":true,
				"url":"http://wiserep.weizmann.ac.il/",
				"alias":"8"
			},
			{
				"name":"SIMBAD astronomical database",
				"bibcode":"2000A&AS..143....9W",
				"reference":"Wenger et al. (2000)",
				"secondary":true,
				"url":"http://simbad.u-strasbg.fr/",
				"alias":"9"
			}
		],
		"alias":[
			{
				"value":"ASASSN-15us",
				"source":"3,5,6,8,9"
			},
			{
				"value":"PSN J22090961-4708017",
				"source":"3,6"
			}
		],
		"claimedtype":[
			{
				"value":"Ia",
				"source":"1,3,5,6,8,9"
			}
		],
		"comovingdist":[
			{
				"value":"25.81",
				"derived":true,
				"u_value":"Mpc",
				"source":"2,3,5,6,7,8"
			}
		],
		"dec":[
			{
				"value":"-47:08:02.48",
				"u_value":"degrees",
				"source":"3,9"
			},
			{
				"value":"-47:08:02.5",
				"u_value":"degrees",
				"source":"3,6"
			},
			{
				"value":"-47:08:01.32",
				"u_value":"degrees",
				"source":"3,5"
			}
		],
		"discoverdate":[
			{
				"value":"2015/12/29",
				"source":"3,6"
			}
		],
		"discoverer":[
			{
				"value":"ASAS-SN",
				"source":"3,6"
			}
		],
		"ebv":[
			{
				"value":"0.0131",
				"derived":true,
				"e_value":"0.0002",
				"source":"4,7"
			}
		],
		"host":[
			{
				"value":"NGC 7213",
				"source":"3,5,6"
			}
		],
		"hostoffsetang":[
			{
				"value":"136.8",
				"u_value":"arcseconds",
				"source":"3,5"
			}
		],
		"lumdist":[
			{
				"value":"25.957",
				"derived":true,
				"u_value":"Mpc",
				"source":"2,3,5,6,7,8"
			}
		],
		"maxabsmag":[
			{
				"value":"-17.365",
				"derived":true,
				"source":"2,3,5,6,7,8"
			}
		],
		"maxappmag":[
			{
				"value":"14.7",
				"derived":true,
				"source":"3,6,7"
			}
		],
		"maxdate":[
			{
				"value":"2015/12/28",
				"derived":true,
				"source":"3,6,7"
			}
		],
		"maxvisualabsmag":[
			{
				"value":"-17.371",
				"derived":true,
				"source":"2,3,5,6,7,8"
			}
		],
		"maxvisualappmag":[
			{
				"value":"14.7",
				"derived":true,
				"source":"3,6,7"
			}
		],
		"maxvisualdate":[
			{
				"value":"2015/12/28",
				"derived":true,
				"source":"3,6,7"
			}
		],
		"ra":[
			{
				"value":"22:09:09.641",
				"u_value":"hours",
				"source":"3,9"
			},
			{
				"value":"22:09:09.64",
				"u_value":"hours",
				"source":"3,6"
			},
			{
				"value":"22:09:09.6",
				"u_value":"hours",
				"source":"3,5"
			}
		],
		"redshift":[
			{
				"value":"0.005839",
				"source":"3,5,6,8"
			}
		],
		"velocity":[
			{
				"value":"1745",
				"u_value":"km/s",
				"source":"7"
			}
		],
		"photometry":[
			{
				"time":"57384.5",
				"magnitude":"14.7",
				"u_time":"MJD",
				"source":"3,6"
			}
		],
		"spectra":[
			{
				"time":"57388.0",
				"filename":"tASASSN-15us_20151231_Gr13_Free_slit1.0_1_f.asci",
				"instrument":"ESO-NTT - EFOSC2-NTT",
				"observer":"Firth, Dimitriadis, Frohmaier",
				"redshift":"0.005839",
				"reducer":"Frohmaier",
				"reduction":"rapid",
				"survey":"PESSTO",
				"u_fluxes":"erg/s/cm^2/Angstrom",
				"u_time":"MJD",
				"u_wavelengths":"Angstrom",
				"data":[
					[
						"3640.047852",
						"8.52596e-16"
					],
					[
						"3645.56578",
						"8.09983e-16"
					],
					[
						"3651.083709",
						"9.66611e-16"
					],
					[
						"3656.601637",
						"1.0101e-15"
					],
					[
						"3662.119566",
						"1.21042e-15"
					],
					[
						"3667.637495",
						"1.23134e-15"
					],
					[
						"3673.155423",
						"1.3043e-15"
					],
					[
						"3678.673352",
						"1.48578e-15"
					],
					[
						"3684.19128",
						"1.30358e-15"
					],
					[
						"3689.709209",
						"1.41773e-15"
					],
					[
						"3695.227138",
						"1.57289e-15"
					],
					[
						"3700.745066",
						"1.78453e-15"
					],
					[
						"3706.262995",
						"1.31772e-15"
					],
					[
						"3711.780923",
						"1.51688e-15"
					],
					[
						"3717.298852",
						"1.6558e-15"
					],
					[
						"3722.816781",
						"1.39134e-15"
					],
					[
						"3728.334709",
						"1.55037e-15"
					],
					[
						"3733.852638",
						"1.72414e-15"
					],
					[
						"3739.370566",
						"1.67577e-15"
					],
					[
						"3744.888495",
						"1.62666e-15"
					],
					[
						"3750.406424",
						"1.80851e-15"
					],
					[
						"3755.924352",
						"1.99174e-15"
					],
					[
						"3761.442281",
						"2.04869e-15"
					],
					[
						"3766.960209",
						"1.9916e-15"
					],
					[
						"3772.478138",
						"2.1737e-15"
					],
					[
						"3777.996067",
						"2.26592e-15"
					],
					[
						"3783.513995",
						"2.80873e-15"
					],
					[
						"3789.031924",
						"2.91829e-15"
					],
					[
						"3794.549852",
						"3.27504e-15"
					],
					[
						"3800.067781",
						"3.61152e-15"
					],
					[
						"3805.58571",
						"3.98028e-15"
					],
					[
						"3811.103638",
						"4.49058e-15"
					],
					[
						"3816.621567",
						"4.56665e-15"
					],
					[
						"3822.139495",
						"4.96588e-15"
					],
					[
						"3827.657424",
						"5.3242e-15"
					],
					[
						"3833.175353",
						"5.78954e-15"
					],
					[
						"3838.693281",
						"6.08336e-15"
					],
					[
						"3844.21121",
						"6.18624e-15"
					],
					[
						"3849.729138",
						"6.4766e-15"
					],
					[
						"3855.247067",
						"6.71746e-15"
					],
					[
						"3860.764996",
						"6.80757e-15"
					],
					[
						"3866.282924",
						"6.65127e-15"
					],
					[
						"3871.800853",
						"6.36435e-15"
					],
					[
						"3877.318781",
						"5.92947e-15"
					],
					[
						"3882.83671",
						"5.91369e-15"
					],
					[
						"3888.354639",
						"5.6773e-15"
					],
					[
						"3893.872567",
						"5.34719e-15"
					],
					[
						"3899.390496",
						"5.02865e-15"
					],
					[
						"3904.908424",
						"4.7994e-15"
					],
					[
						"3910.426353",
						"4.55738e-15"
					],
					[
						"3915.944282",
						"4.43716e-15"
					],
					[
						"3921.46221",
						"4.03047e-15"
					],
					[
						"3926.980139",
						"3.65027e-15"
					],
					[
						"3932.498067",
						"3.53856e-15"
					],
					[
						"3938.015996",
						"3.20832e-15"
					],
					[
						"3943.533925",
						"2.9848e-15"
					],
					[
						"3949.051853",
						"2.86037e-15"
					],
					[
						"3954.569782",
						"2.76346e-15"
					],
					[
						"3960.08771",
						"2.68555e-15"
					],
					[
						"3965.605639",
						"2.80835e-15"
					],
					[
						"3971.123568",
						"2.64311e-15"
					],
					[
						"3976.641496",
						"2.62714e-15"
					],
					[
						"3982.159425",
						"2.76809e-15"
					],
					[
						"3987.677353",
						"2.64667e-15"
					],
					[
						"3993.195282",
						"2.75774e-15"
					],
					[
						"3998.713211",
						"2.59668e-15"
					],
					[
						"4004.231139",
						"2.58367e-15"
					],
					[
						"4009.749068",
						"2.55468e-15"
					],
					[
						"4015.266996",
						"2.4914e-15"
					],
					[
						"4020.784925",
						"2.37796e-15"
					],
					[
						"4026.302854",
						"2.33574e-15"
					],
					[
						"4031.820782",
						"2.348e-15"
					],
					[
						"4037.338711",
						"2.27463e-15"
					],
					[
						"4042.856639",
						"2.2441e-15"
					],
					[
						"4048.374568",
						"2.31162e-15"
					],
					[
						"4053.892497",
						"2.27074e-15"
					],
					[
						"4059.410425",
						"2.36083e-15"
					],
					[
						"4064.928354",
						"2.49573e-15"
					],
					[
						"4070.446282",
						"2.29881e-15"
					],
					[
						"4075.964211",
						"2.20546e-15"
					],
					[
						"4081.48214",
						"2.3714e-15"
					],
					[
						"4087.000068",
						"2.33289e-15"
					],
					[
						"4092.517997",
						"2.30198e-15"
					],
					[
						"4098.035925",
						"2.29457e-15"
					],
					[
						"4103.553854",
						"2.2801e-15"
					],
					[
						"4109.071783",
						"2.33832e-15"
					],
					[
						"4114.589711",
						"2.43417e-15"
					],
					[
						"4120.10764",
						"2.38344e-15"
					],
					[
						"4125.625568",
						"2.34392e-15"
					],
					[
						"4131.143497",
						"2.38838e-15"
					],
					[
						"4136.661426",
						"2.15753e-15"
					],
					[
						"4142.179354",
						"2.15943e-15"
					],
					[
						"4147.697283",
						"2.2531e-15"
					],
					[
						"4153.215211",
						"2.1654e-15"
					],
					[
						"4158.73314",
						"2.2193e-15"
					],
					[
						"4164.251069",
						"2.19498e-15"
					],
					[
						"4169.768997",
						"1.99911e-15"
					],
					[
						"4175.286926",
						"2.06777e-15"
					],
					[
						"4180.804854",
						"2.056e-15"
					],
					[
						"4186.322783",
						"2.03183e-15"
					],
					[
						"4191.840712",
						"1.96695e-15"
					],
					[
						"4197.35864",
						"2.10109e-15"
					],
					[
						"4202.876569",
						"2.01203e-15"
					],
					[
						"4208.394497",
						"2.0468e-15"
					],
					[
						"4213.912426",
						"2.07895e-15"
					],
					[
						"4219.430355",
						"2.0468e-15"
					],
					[
						"4224.948283",
						"2.10736e-15"
					],
					[
						"4230.466212",
						"2.27593e-15"
					],
					[
						"4235.98414",
						"2.10023e-15"
					],
					[
						"4241.502069",
						"2.09547e-15"
					],
					[
						"4247.019998",
						"2.24913e-15"
					],
					[
						"4252.537926",
						"2.289e-15"
					],
					[
						"4258.055855",
						"2.22599e-15"
					],
					[
						"4263.573783",
						"2.17811e-15"
					],
					[
						"4269.091712",
						"2.21392e-15"
					],
					[
						"4274.609641",
						"2.36701e-15"
					],
					[
						"4280.127569",
						"2.40532e-15"
					],
					[
						"4285.645498",
						"2.54402e-15"
					],
					[
						"4291.163426",
						"2.7269e-15"
					],
					[
						"4296.681355",
						"2.99859e-15"
					],
					[
						"4302.199284",
						"3.03638e-15"
					],
					[
						"4307.717212",
						"3.1952e-15"
					],
					[
						"4313.235141",
						"3.37219e-15"
					],
					[
						"4318.753069",
						"3.53849e-15"
					],
					[
						"4324.270998",
						"3.76828e-15"
					],
					[
						"4329.788927",
						"3.96045e-15"
					],
					[
						"4335.306855",
						"4.28986e-15"
					],
					[
						"4340.824784",
						"4.54682e-15"
					],
					[
						"4346.342712",
						"4.95491e-15"
					],
					[
						"4351.860641",
						"5.27139e-15"
					],
					[
						"4357.37857",
						"5.71773e-15"
					],
					[
						"4362.896498",
						"5.98259e-15"
					],
					[
						"4368.414427",
						"6.15373e-15"
					],
					[
						"4373.932355",
						"6.41694e-15"
					],
					[
						"4379.450284",
						"6.5321e-15"
					],
					[
						"4384.968213",
						"6.69182e-15"
					],
					[
						"4390.486141",
						"6.88201e-15"
					],
					[
						"4396.00407",
						"7.01854e-15"
					],
					[
						"4401.521998",
						"7.15442e-15"
					],
					[
						"4407.039927",
						"7.33816e-15"
					],
					[
						"4412.557856",
						"7.6913e-15"
					],
					[
						"4418.075784",
						"7.76065e-15"
					],
					[
						"4423.593713",
						"7.7224e-15"
					],
					[
						"4429.111641",
						"7.6685e-15"
					],
					[
						"4434.62957",
						"7.59909e-15"
					],
					[
						"4440.147499",
						"7.33456e-15"
					],
					[
						"4445.665427",
						"7.20008e-15"
					],
					[
						"4451.183356",
						"7.08218e-15"
					],
					[
						"4456.701284",
						"6.95167e-15"
					],
					[
						"4462.219213",
						"7.05362e-15"
					],
					[
						"4467.737142",
						"6.94786e-15"
					],
					[
						"4473.25507",
						"6.87418e-15"
					],
					[
						"4478.772999",
						"6.77338e-15"
					],
					[
						"4484.290927",
						"6.56238e-15"
					],
					[
						"4489.808856",
						"6.60936e-15"
					],
					[
						"4495.326785",
						"6.62955e-15"
					],
					[
						"4500.844713",
						"6.72316e-15"
					],
					[
						"4506.362642",
						"6.73254e-15"
					],
					[
						"4511.88057",
						"6.72787e-15"
					],
					[
						"4517.398499",
						"6.54563e-15"
					],
					[
						"4522.916428",
						"6.47904e-15"
					],
					[
						"4528.434356",
						"6.37449e-15"
					],
					[
						"4533.952285",
						"6.22888e-15"
					],
					[
						"4539.470213",
						"6.22008e-15"
					],
					[
						"4544.988142",
						"6.35255e-15"
					],
					[
						"4550.506071",
						"6.33717e-15"
					],
					[
						"4556.023999",
						"6.42067e-15"
					],
					[
						"4561.541928",
						"6.53908e-15"
					],
					[
						"4567.059856",
						"6.92594e-15"
					],
					[
						"4572.577785",
						"6.93434e-15"
					],
					[
						"4578.095714",
						"7.324e-15"
					],
					[
						"4583.613642",
						"7.59635e-15"
					],
					[
						"4589.131571",
						"8.0047e-15"
					],
					[
						"4594.649499",
						"8.29684e-15"
					],
					[
						"4600.167428",
						"8.74633e-15"
					],
					[
						"4605.685357",
						"8.958e-15"
					],
					[
						"4611.203285",
						"9.12606e-15"
					],
					[
						"4616.721214",
						"9.18443e-15"
					],
					[
						"4622.239142",
						"9.2286e-15"
					],
					[
						"4627.757071",
						"9.24449e-15"
					],
					[
						"4633.275",
						"9.1409e-15"
					],
					[
						"4638.792928",
						"9.03035e-15"
					],
					[
						"4644.310857",
						"8.96154e-15"
					],
					[
						"4649.828785",
						"8.6396e-15"
					],
					[
						"4655.346714",
						"8.57793e-15"
					],
					[
						"4660.864643",
						"8.28239e-15"
					],
					[
						"4666.382571",
						"8.02028e-15"
					],
					[
						"4671.9005",
						"7.87378e-15"
					],
					[
						"4677.418428",
						"7.86557e-15"
					],
					[
						"4682.936357",
						"7.94071e-15"
					],
					[
						"4688.454286",
						"7.96472e-15"
					],
					[
						"4693.972214",
						"8.23223e-15"
					],
					[
						"4699.490143",
						"8.15031e-15"
					],
					[
						"4705.008071",
						"8.24364e-15"
					],
					[
						"4710.526",
						"8.13993e-15"
					],
					[
						"4716.043929",
						"7.87508e-15"
					],
					[
						"4721.561857",
						"7.61696e-15"
					],
					[
						"4727.079786",
						"7.44553e-15"
					],
					[
						"4732.597714",
						"7.30657e-15"
					],
					[
						"4738.115643",
						"7.22792e-15"
					],
					[
						"4743.633572",
						"7.08857e-15"
					],
					[
						"4749.1515",
						"7.06763e-15"
					],
					[
						"4754.669429",
						"6.69683e-15"
					],
					[
						"4760.187357",
						"6.39458e-15"
					],
					[
						"4765.705286",
						"6.23431e-15"
					],
					[
						"4771.223215",
						"5.95533e-15"
					],
					[
						"4776.741143",
						"5.79772e-15"
					],
					[
						"4782.259072",
						"5.58817e-15"
					],
					[
						"4787.777",
						"5.32229e-15"
					],
					[
						"4793.294929",
						"5.23881e-15"
					],
					[
						"4798.812858",
						"4.86069e-15"
					],
					[
						"4804.330786",
						"4.76362e-15"
					],
					[
						"4809.848715",
						"4.40283e-15"
					],
					[
						"4815.366643",
						"4.07412e-15"
					],
					[
						"4820.884572",
						"3.9112e-15"
					],
					[
						"4826.402501",
						"3.78583e-15"
					],
					[
						"4831.920429",
						"3.51373e-15"
					],
					[
						"4837.438358",
						"3.24421e-15"
					],
					[
						"4842.956286",
						"3.17732e-15"
					],
					[
						"4848.474215",
						"3.0674e-15"
					],
					[
						"4853.992144",
						"2.94976e-15"
					],
					[
						"4859.510072",
						"2.96094e-15"
					],
					[
						"4865.028001",
						"2.82546e-15"
					],
					[
						"4870.545929",
						"2.84187e-15"
					],
					[
						"4876.063858",
						"2.8707e-15"
					],
					[
						"4881.581787",
						"2.81225e-15"
					],
					[
						"4887.099715",
						"3.05551e-15"
					],
					[
						"4892.617644",
						"3.12591e-15"
					],
					[
						"4898.135572",
						"3.31648e-15"
					],
					[
						"4903.653501",
						"3.42188e-15"
					],
					[
						"4909.17143",
						"3.6561e-15"
					],
					[
						"4914.689358",
						"3.84334e-15"
					],
					[
						"4920.207287",
						"4.05048e-15"
					],
					[
						"4925.725215",
						"4.19424e-15"
					],
					[
						"4931.243144",
						"4.29838e-15"
					],
					[
						"4936.761073",
						"4.3122e-15"
					],
					[
						"4942.279001",
						"4.36783e-15"
					],
					[
						"4947.79693",
						"4.36095e-15"
					],
					[
						"4953.314858",
						"4.30282e-15"
					],
					[
						"4958.832787",
						"4.2038e-15"
					],
					[
						"4964.350716",
						"4.20103e-15"
					],
					[
						"4969.868644",
						"4.15324e-15"
					],
					[
						"4975.386573",
						"4.22983e-15"
					],
					[
						"4980.904501",
						"4.36605e-15"
					],
					[
						"4986.42243",
						"4.38662e-15"
					],
					[
						"4991.940359",
						"4.51058e-15"
					],
					[
						"4997.458287",
						"4.62338e-15"
					],
					[
						"5002.976216",
						"4.72438e-15"
					],
					[
						"5008.494144",
						"4.99684e-15"
					],
					[
						"5014.012073",
						"5.01687e-15"
					],
					[
						"5019.530002",
						"5.0733e-15"
					],
					[
						"5025.04793",
						"5.22214e-15"
					],
					[
						"5030.565859",
						"5.32679e-15"
					],
					[
						"5036.083787",
						"5.55932e-15"
					],
					[
						"5041.601716",
						"5.73922e-15"
					],
					[
						"5047.119645",
						"5.69517e-15"
					],
					[
						"5052.637573",
						"5.87609e-15"
					],
					[
						"5058.155502",
						"6.01104e-15"
					],
					[
						"5063.67343",
						"6.24338e-15"
					],
					[
						"5069.191359",
						"6.48056e-15"
					],
					[
						"5074.709288",
						"6.67482e-15"
					],
					[
						"5080.227216",
						"6.94008e-15"
					],
					[
						"5085.745145",
						"6.97925e-15"
					],
					[
						"5091.263073",
						"7.01334e-15"
					],
					[
						"5096.781002",
						"7.13084e-15"
					],
					[
						"5102.298931",
						"7.15037e-15"
					],
					[
						"5107.816859",
						"7.16855e-15"
					],
					[
						"5113.334788",
						"7.39758e-15"
					],
					[
						"5118.852716",
						"7.43079e-15"
					],
					[
						"5124.370645",
						"7.58332e-15"
					],
					[
						"5129.888574",
						"7.60942e-15"
					],
					[
						"5135.406502",
						"7.7499e-15"
					],
					[
						"5140.924431",
						"7.85739e-15"
					],
					[
						"5146.442359",
						"7.7732e-15"
					],
					[
						"5151.960288",
						"7.81494e-15"
					],
					[
						"5157.478217",
						"7.90513e-15"
					],
					[
						"5162.996145",
						"7.84345e-15"
					],
					[
						"5168.514074",
						"7.94793e-15"
					],
					[
						"5174.032002",
						"8.06351e-15"
					],
					[
						"5179.549931",
						"8.03146e-15"
					],
					[
						"5185.06786",
						"8.14951e-15"
					],
					[
						"5190.585788",
						"8.2511e-15"
					],
					[
						"5196.103717",
						"8.36517e-15"
					],
					[
						"5201.621645",
						"8.58541e-15"
					],
					[
						"5207.139574",
						"8.60817e-15"
					],
					[
						"5212.657503",
						"8.75012e-15"
					],
					[
						"5218.175431",
						"8.87128e-15"
					],
					[
						"5223.69336",
						"8.87129e-15"
					],
					[
						"5229.211288",
						"8.65086e-15"
					],
					[
						"5234.729217",
						"8.39442e-15"
					],
					[
						"5240.247146",
						"8.25654e-15"
					],
					[
						"5245.765074",
						"7.98034e-15"
					],
					[
						"5251.283003",
						"7.62073e-15"
					],
					[
						"5256.800931",
						"7.38995e-15"
					],
					[
						"5262.31886",
						"7.10375e-15"
					],
					[
						"5267.836789",
						"7.00398e-15"
					],
					[
						"5273.354717",
						"6.78108e-15"
					],
					[
						"5278.872646",
						"6.55775e-15"
					],
					[
						"5284.390574",
						"6.65934e-15"
					],
					[
						"5289.908503",
						"6.57799e-15"
					],
					[
						"5295.426432",
						"6.42127e-15"
					],
					[
						"5300.94436",
						"6.45197e-15"
					],
					[
						"5306.462289",
						"6.50119e-15"
					],
					[
						"5311.980217",
						"6.48597e-15"
					],
					[
						"5317.498146",
						"6.51834e-15"
					],
					[
						"5323.016075",
						"6.60374e-15"
					],
					[
						"5328.534003",
						"6.69361e-15"
					],
					[
						"5334.051932",
						"6.71764e-15"
					],
					[
						"5339.56986",
						"6.69127e-15"
					],
					[
						"5345.087789",
						"6.78436e-15"
					],
					[
						"5350.605718",
						"6.88832e-15"
					],
					[
						"5356.123646",
						"7.00946e-15"
					],
					[
						"5361.641575",
						"7.00013e-15"
					],
					[
						"5367.159503",
						"7.07131e-15"
					],
					[
						"5372.677432",
						"7.103e-15"
					],
					[
						"5378.195361",
						"7.05801e-15"
					],
					[
						"5383.713289",
						"7.02082e-15"
					],
					[
						"5389.231218",
						"6.95787e-15"
					],
					[
						"5394.749146",
						"6.84152e-15"
					],
					[
						"5400.267075",
						"6.66652e-15"
					],
					[
						"5405.785004",
						"6.58268e-15"
					],
					[
						"5411.302932",
						"6.42902e-15"
					],
					[
						"5416.820861",
						"6.29424e-15"
					],
					[
						"5422.338789",
						"6.154e-15"
					],
					[
						"5427.856718",
						"5.84712e-15"
					],
					[
						"5433.374647",
						"5.89454e-15"
					],
					[
						"5438.892575",
						"5.74305e-15"
					],
					[
						"5444.410504",
						"5.62588e-15"
					],
					[
						"5449.928432",
						"5.36669e-15"
					],
					[
						"5455.446361",
						"5.32029e-15"
					],
					[
						"5460.96429",
						"5.18609e-15"
					],
					[
						"5466.482218",
						"5.1998e-15"
					],
					[
						"5472.000147",
						"5.20594e-15"
					],
					[
						"5477.518075",
						"5.14712e-15"
					],
					[
						"5483.036004",
						"5.26197e-15"
					],
					[
						"5488.553933",
						"5.24871e-15"
					],
					[
						"5494.071861",
						"5.26285e-15"
					],
					[
						"5499.58979",
						"5.26609e-15"
					],
					[
						"5505.107718",
						"5.41732e-15"
					],
					[
						"5510.625647",
						"5.54595e-15"
					],
					[
						"5516.143576",
						"5.91514e-15"
					],
					[
						"5521.661504",
						"6.0334e-15"
					],
					[
						"5527.179433",
						"6.22552e-15"
					],
					[
						"5532.697361",
						"6.44122e-15"
					],
					[
						"5538.21529",
						"6.7746e-15"
					],
					[
						"5543.733219",
						"6.99442e-15"
					],
					[
						"5549.251147",
						"7.22396e-15"
					],
					[
						"5554.769076",
						"7.46353e-15"
					],
					[
						"5560.287004",
						"7.65541e-15"
					],
					[
						"5565.804933",
						"7.64399e-15"
					],
					[
						"5571.322862",
						"7.62498e-15"
					],
					[
						"5576.84079",
						"7.85301e-15"
					],
					[
						"5582.358719",
						"7.43769e-15"
					],
					[
						"5587.876647",
						"7.32412e-15"
					],
					[
						"5593.394576",
						"7.33786e-15"
					],
					[
						"5598.912505",
						"7.00816e-15"
					],
					[
						"5604.430433",
						"6.97366e-15"
					],
					[
						"5609.948362",
						"6.85788e-15"
					],
					[
						"5615.46629",
						"6.76262e-15"
					],
					[
						"5620.984219",
						"6.79972e-15"
					],
					[
						"5626.502148",
						"6.6861e-15"
					],
					[
						"5632.020076",
						"6.7418e-15"
					],
					[
						"5637.538005",
						"6.85468e-15"
					],
					[
						"5643.055933",
						"6.74094e-15"
					],
					[
						"5648.573862",
						"6.67977e-15"
					],
					[
						"5654.091791",
						"6.52282e-15"
					],
					[
						"5659.609719",
						"6.6843e-15"
					],
					[
						"5665.127648",
						"6.62735e-15"
					],
					[
						"5670.645576",
						"6.44621e-15"
					],
					[
						"5676.163505",
						"6.25462e-15"
					],
					[
						"5681.681434",
						"6.15654e-15"
					],
					[
						"5687.199362",
						"6.13784e-15"
					],
					[
						"5692.717291",
						"5.74164e-15"
					],
					[
						"5698.235219",
						"5.45737e-15"
					],
					[
						"5703.753148",
						"5.2092e-15"
					],
					[
						"5709.271077",
						"4.94193e-15"
					],
					[
						"5714.789005",
						"4.69133e-15"
					],
					[
						"5720.306934",
						"4.47495e-15"
					],
					[
						"5725.824862",
						"4.35918e-15"
					],
					[
						"5731.342791",
						"4.21727e-15"
					],
					[
						"5736.86072",
						"4.12038e-15"
					],
					[
						"5742.378648",
						"4.09255e-15"
					],
					[
						"5747.896577",
						"4.0381e-15"
					],
					[
						"5753.414505",
						"4.05994e-15"
					],
					[
						"5758.932434",
						"4.16205e-15"
					],
					[
						"5764.450363",
						"4.16558e-15"
					],
					[
						"5769.968291",
						"4.25122e-15"
					],
					[
						"5775.48622",
						"4.45879e-15"
					],
					[
						"5781.004148",
						"4.49506e-15"
					],
					[
						"5786.522077",
						"4.5765e-15"
					],
					[
						"5792.040006",
						"4.82365e-15"
					],
					[
						"5797.557934",
						"4.91934e-15"
					],
					[
						"5803.075863",
						"4.99246e-15"
					],
					[
						"5808.593791",
						"5.26317e-15"
					],
					[
						"5814.11172",
						"5.49946e-15"
					],
					[
						"5819.629649",
						"5.69122e-15"
					],
					[
						"5825.147577",
						"5.8825e-15"
					],
					[
						"5830.665506",
						"6.07041e-15"
					],
					[
						"5836.183434",
						"6.23947e-15"
					],
					[
						"5841.701363",
						"6.42479e-15"
					],
					[
						"5847.219292",
						"6.54649e-15"
					],
					[
						"5852.73722",
						"6.83456e-15"
					],
					[
						"5858.255149",
						"6.96482e-15"
					],
					[
						"5863.773077",
						"7.02616e-15"
					],
					[
						"5869.291006",
						"7.21883e-15"
					],
					[
						"5874.808935",
						"7.185e-15"
					],
					[
						"5880.326863",
						"7.15819e-15"
					],
					[
						"5885.844792",
						"7.19349e-15"
					],
					[
						"5891.36272",
						"6.99501e-15"
					],
					[
						"5896.880649",
						"7.10033e-15"
					],
					[
						"5902.398578",
						"7.20914e-15"
					],
					[
						"5907.916506",
						"7.13886e-15"
					],
					[
						"5913.434435",
						"7.16819e-15"
					],
					[
						"5918.952363",
						"6.90856e-15"
					],
					[
						"5924.470292",
						"6.55554e-15"
					],
					[
						"5929.988221",
						"6.29373e-15"
					],
					[
						"5935.506149",
						"6.10084e-15"
					],
					[
						"5941.024078",
						"6.02992e-15"
					],
					[
						"5946.542006",
						"5.93095e-15"
					],
					[
						"5952.059935",
						"5.64101e-15"
					],
					[
						"5957.577864",
						"5.23816e-15"
					],
					[
						"5963.095792",
						"4.97525e-15"
					],
					[
						"5968.613721",
						"4.66159e-15"
					],
					[
						"5974.131649",
						"4.25727e-15"
					],
					[
						"5979.649578",
						"3.94883e-15"
					],
					[
						"5985.167507",
						"3.69131e-15"
					],
					[
						"5990.685435",
						"3.43721e-15"
					],
					[
						"5996.203364",
						"3.19185e-15"
					],
					[
						"6001.721293",
						"2.97159e-15"
					],
					[
						"6007.239221",
						"2.7762e-15"
					],
					[
						"6012.75715",
						"2.61464e-15"
					],
					[
						"6018.275078",
						"2.50182e-15"
					],
					[
						"6023.793007",
						"2.31783e-15"
					],
					[
						"6029.310935",
						"2.23415e-15"
					],
					[
						"6034.828864",
						"2.11893e-15"
					],
					[
						"6040.346793",
						"2.05761e-15"
					],
					[
						"6045.864721",
						"1.99705e-15"
					],
					[
						"6051.38265",
						"1.98307e-15"
					],
					[
						"6056.900578",
						"1.92798e-15"
					],
					[
						"6062.418507",
						"1.93837e-15"
					],
					[
						"6067.936436",
						"1.93172e-15"
					],
					[
						"6073.454364",
						"1.96222e-15"
					],
					[
						"6078.972293",
						"1.93901e-15"
					],
					[
						"6084.490222",
						"1.991e-15"
					],
					[
						"6090.00815",
						"2.01337e-15"
					],
					[
						"6095.526079",
						"2.05915e-15"
					],
					[
						"6101.044007",
						"2.05213e-15"
					],
					[
						"6106.561936",
						"2.22847e-15"
					],
					[
						"6112.079865",
						"2.22531e-15"
					],
					[
						"6117.597793",
						"2.30995e-15"
					],
					[
						"6123.115722",
						"2.38784e-15"
					],
					[
						"6128.63365",
						"2.44653e-15"
					],
					[
						"6134.151579",
						"2.51227e-15"
					],
					[
						"6139.669507",
						"2.64264e-15"
					],
					[
						"6145.187436",
						"2.70965e-15"
					],
					[
						"6150.705365",
						"2.83194e-15"
					],
					[
						"6156.223293",
						"2.97223e-15"
					],
					[
						"6161.741222",
						"3.19603e-15"
					],
					[
						"6167.259151",
						"3.33814e-15"
					],
					[
						"6172.777079",
						"3.36419e-15"
					],
					[
						"6178.295008",
						"3.58877e-15"
					],
					[
						"6183.812936",
						"3.76148e-15"
					],
					[
						"6189.330865",
						"3.75266e-15"
					],
					[
						"6194.848794",
						"3.92901e-15"
					],
					[
						"6200.366722",
						"4.0703e-15"
					],
					[
						"6205.884651",
						"4.27755e-15"
					],
					[
						"6211.402579",
						"4.45292e-15"
					],
					[
						"6216.920508",
						"4.61644e-15"
					],
					[
						"6222.438437",
						"4.79467e-15"
					],
					[
						"6227.956365",
						"4.98817e-15"
					],
					[
						"6233.474294",
						"5.09135e-15"
					],
					[
						"6238.992222",
						"5.2552e-15"
					],
					[
						"6244.510151",
						"5.54968e-15"
					],
					[
						"6250.02808",
						"5.71956e-15"
					],
					[
						"6255.546008",
						"5.93068e-15"
					],
					[
						"6261.063937",
						"5.99578e-15"
					],
					[
						"6266.581865",
						"5.97593e-15"
					],
					[
						"6272.099794",
						"6.11516e-15"
					],
					[
						"6277.617723",
						"6.1382e-15"
					],
					[
						"6283.135651",
						"6.20753e-15"
					],
					[
						"6288.65358",
						"6.40501e-15"
					],
					[
						"6294.171508",
						"6.4275e-15"
					],
					[
						"6299.689437",
						"6.56849e-15"
					],
					[
						"6305.207366",
						"6.75957e-15"
					],
					[
						"6310.725294",
						"6.76321e-15"
					],
					[
						"6316.243223",
						"6.78183e-15"
					],
					[
						"6321.761151",
						"6.91178e-15"
					],
					[
						"6327.27908",
						"6.93387e-15"
					],
					[
						"6332.797009",
						"6.88662e-15"
					],
					[
						"6338.314937",
						"6.81902e-15"
					],
					[
						"6343.832866",
						"6.85962e-15"
					],
					[
						"6349.350794",
						"6.93465e-15"
					],
					[
						"6354.868723",
						"6.94119e-15"
					],
					[
						"6360.386652",
						"6.95103e-15"
					],
					[
						"6365.90458",
						"6.9219e-15"
					],
					[
						"6371.422509",
						"6.85437e-15"
					],
					[
						"6376.940437",
						"6.8832e-15"
					],
					[
						"6382.458366",
						"6.79658e-15"
					],
					[
						"6387.976295",
						"6.8672e-15"
					],
					[
						"6393.494223",
						"6.81297e-15"
					],
					[
						"6399.012152",
						"6.81141e-15"
					],
					[
						"6404.53008",
						"6.81197e-15"
					],
					[
						"6410.048009",
						"6.73598e-15"
					],
					[
						"6415.565938",
						"6.79172e-15"
					],
					[
						"6421.083866",
						"6.83867e-15"
					],
					[
						"6426.601795",
						"6.71499e-15"
					],
					[
						"6432.119723",
						"6.70258e-15"
					],
					[
						"6437.637652",
						"6.68046e-15"
					],
					[
						"6443.155581",
						"6.55972e-15"
					],
					[
						"6448.673509",
						"6.45147e-15"
					],
					[
						"6454.191438",
						"6.44998e-15"
					],
					[
						"6459.709366",
						"6.35697e-15"
					],
					[
						"6465.227295",
						"6.25723e-15"
					],
					[
						"6470.745224",
						"6.03723e-15"
					],
					[
						"6476.263152",
						"5.92197e-15"
					],
					[
						"6481.781081",
						"6.03123e-15"
					],
					[
						"6487.299009",
						"5.90778e-15"
					],
					[
						"6492.816938",
						"5.82325e-15"
					],
					[
						"6498.334867",
						"5.75897e-15"
					],
					[
						"6503.852795",
						"5.6444e-15"
					],
					[
						"6509.370724",
						"5.68655e-15"
					],
					[
						"6514.888652",
						"5.54349e-15"
					],
					[
						"6520.406581",
						"5.58631e-15"
					],
					[
						"6525.92451",
						"5.65993e-15"
					],
					[
						"6531.442438",
						"5.5682e-15"
					],
					[
						"6536.960367",
						"5.65099e-15"
					],
					[
						"6542.478295",
						"5.50012e-15"
					],
					[
						"6547.996224",
						"5.49137e-15"
					],
					[
						"6553.514153",
						"5.55773e-15"
					],
					[
						"6559.032081",
						"5.4516e-15"
					],
					[
						"6564.55001",
						"5.57352e-15"
					],
					[
						"6570.067938",
						"5.58233e-15"
					],
					[
						"6575.585867",
						"5.49843e-15"
					],
					[
						"6581.103796",
						"5.49895e-15"
					],
					[
						"6586.621724",
						"5.40136e-15"
					],
					[
						"6592.139653",
						"5.47513e-15"
					],
					[
						"6597.657581",
						"5.42051e-15"
					],
					[
						"6603.17551",
						"5.45385e-15"
					],
					[
						"6608.693439",
						"5.46464e-15"
					],
					[
						"6614.211367",
						"5.5193e-15"
					],
					[
						"6619.729296",
						"5.42951e-15"
					],
					[
						"6625.247224",
						"5.3757e-15"
					],
					[
						"6630.765153",
						"5.32811e-15"
					],
					[
						"6636.283082",
						"5.33007e-15"
					],
					[
						"6641.80101",
						"5.28823e-15"
					],
					[
						"6647.318939",
						"5.16281e-15"
					],
					[
						"6652.836867",
						"5.27162e-15"
					],
					[
						"6658.354796",
						"5.2428e-15"
					],
					[
						"6663.872725",
						"5.15697e-15"
					],
					[
						"6669.390653",
						"5.05035e-15"
					],
					[
						"6674.908582",
						"5.04565e-15"
					],
					[
						"6680.42651",
						"5.04596e-15"
					],
					[
						"6685.944439",
						"4.93035e-15"
					],
					[
						"6691.462368",
						"4.89224e-15"
					],
					[
						"6696.980296",
						"4.75463e-15"
					],
					[
						"6702.498225",
						"4.74897e-15"
					],
					[
						"6708.016153",
						"4.8146e-15"
					],
					[
						"6713.534082",
						"4.7574e-15"
					],
					[
						"6719.052011",
						"4.77712e-15"
					],
					[
						"6724.569939",
						"4.78163e-15"
					],
					[
						"6730.087868",
						"4.76112e-15"
					],
					[
						"6735.605796",
						"4.68045e-15"
					],
					[
						"6741.123725",
						"4.5938e-15"
					],
					[
						"6746.641654",
						"4.68453e-15"
					],
					[
						"6752.159582",
						"4.55878e-15"
					],
					[
						"6757.677511",
						"4.49214e-15"
					],
					[
						"6763.195439",
						"4.57213e-15"
					],
					[
						"6768.713368",
						"4.4445e-15"
					],
					[
						"6774.231297",
						"4.37864e-15"
					],
					[
						"6779.749225",
						"4.39085e-15"
					],
					[
						"6785.267154",
						"4.37031e-15"
					],
					[
						"6790.785082",
						"4.39406e-15"
					],
					[
						"6796.303011",
						"4.43102e-15"
					],
					[
						"6801.82094",
						"4.38772e-15"
					],
					[
						"6807.338868",
						"4.36583e-15"
					],
					[
						"6812.856797",
						"4.39258e-15"
					],
					[
						"6818.374725",
						"4.38992e-15"
					],
					[
						"6823.892654",
						"4.3377e-15"
					],
					[
						"6829.410583",
						"4.47287e-15"
					],
					[
						"6834.928511",
						"4.43226e-15"
					],
					[
						"6840.44644",
						"4.29055e-15"
					],
					[
						"6845.964368",
						"4.29417e-15"
					],
					[
						"6851.482297",
						"4.39825e-15"
					],
					[
						"6857.000226",
						"4.25308e-15"
					],
					[
						"6862.518154",
						"3.82238e-15"
					],
					[
						"6868.036083",
						"3.50799e-15"
					],
					[
						"6873.554011",
						"3.4457e-15"
					],
					[
						"6879.07194",
						"3.61038e-15"
					],
					[
						"6884.589869",
						"3.82304e-15"
					],
					[
						"6890.107797",
						"3.84147e-15"
					],
					[
						"6895.625726",
						"3.7396e-15"
					],
					[
						"6901.143654",
						"3.81415e-15"
					],
					[
						"6906.661583",
						"3.84879e-15"
					],
					[
						"6912.179512",
						"3.92199e-15"
					],
					[
						"6917.69744",
						"3.92371e-15"
					],
					[
						"6923.215369",
						"3.94943e-15"
					],
					[
						"6928.733297",
						"3.90513e-15"
					],
					[
						"6934.251226",
						"4.00551e-15"
					],
					[
						"6939.769155",
						"3.90813e-15"
					],
					[
						"6945.287083",
						"3.89076e-15"
					],
					[
						"6950.805012",
						"3.9635e-15"
					],
					[
						"6956.32294",
						"4.03872e-15"
					],
					[
						"6961.840869",
						"4.07537e-15"
					],
					[
						"6967.358798",
						"4.0393e-15"
					],
					[
						"6972.876726",
						"4.11383e-15"
					],
					[
						"6978.394655",
						"4.11753e-15"
					],
					[
						"6983.912583",
						"4.04713e-15"
					],
					[
						"6989.430512",
						"3.94929e-15"
					],
					[
						"6994.948441",
						"3.84273e-15"
					],
					[
						"7000.466369",
						"3.89206e-15"
					],
					[
						"7005.984298",
						"3.97483e-15"
					],
					[
						"7011.502226",
						"3.97668e-15"
					],
					[
						"7017.020155",
						"3.91417e-15"
					],
					[
						"7022.538084",
						"3.88378e-15"
					],
					[
						"7028.056012",
						"3.97137e-15"
					],
					[
						"7033.573941",
						"3.99958e-15"
					],
					[
						"7039.091869",
						"3.93274e-15"
					],
					[
						"7044.609798",
						"3.93242e-15"
					],
					[
						"7050.127727",
						"3.87074e-15"
					],
					[
						"7055.645655",
						"3.82073e-15"
					],
					[
						"7061.163584",
						"3.93184e-15"
					],
					[
						"7066.681512",
						"3.91967e-15"
					],
					[
						"7072.199441",
						"3.87095e-15"
					],
					[
						"7077.71737",
						"3.87748e-15"
					],
					[
						"7083.235298",
						"3.98598e-15"
					],
					[
						"7088.753227",
						"3.91149e-15"
					],
					[
						"7094.271155",
						"4.00744e-15"
					],
					[
						"7099.789084",
						"3.83135e-15"
					],
					[
						"7105.307013",
						"3.86749e-15"
					],
					[
						"7110.824941",
						"3.8601e-15"
					],
					[
						"7116.34287",
						"3.86956e-15"
					],
					[
						"7121.860798",
						"3.83848e-15"
					],
					[
						"7127.378727",
						"3.86149e-15"
					],
					[
						"7132.896656",
						"3.87472e-15"
					],
					[
						"7138.414584",
						"3.72122e-15"
					],
					[
						"7143.932513",
						"3.92213e-15"
					],
					[
						"7149.450441",
						"3.83933e-15"
					],
					[
						"7154.96837",
						"3.75986e-15"
					],
					[
						"7160.486299",
						"3.81335e-15"
					],
					[
						"7166.004227",
						"3.76234e-15"
					],
					[
						"7171.522156",
						"3.67607e-15"
					],
					[
						"7177.040084",
						"3.4322e-15"
					],
					[
						"7182.558013",
						"3.34117e-15"
					],
					[
						"7188.075942",
						"3.37665e-15"
					],
					[
						"7193.59387",
						"3.34854e-15"
					],
					[
						"7199.111799",
						"3.45545e-15"
					],
					[
						"7204.629727",
						"3.4541e-15"
					],
					[
						"7210.147656",
						"3.53083e-15"
					],
					[
						"7215.665585",
						"3.79912e-15"
					],
					[
						"7221.183513",
						"3.75083e-15"
					],
					[
						"7226.701442",
						"3.57242e-15"
					],
					[
						"7232.21937",
						"3.51326e-15"
					],
					[
						"7237.737299",
						"3.40323e-15"
					],
					[
						"7243.255228",
						"3.41802e-15"
					],
					[
						"7248.773156",
						"3.48092e-15"
					],
					[
						"7254.291085",
						"3.51588e-15"
					],
					[
						"7259.809013",
						"3.41984e-15"
					],
					[
						"7265.326942",
						"3.42717e-15"
					],
					[
						"7270.844871",
						"3.42229e-15"
					],
					[
						"7276.362799",
						"3.42318e-15"
					],
					[
						"7281.880728",
						"3.31485e-15"
					],
					[
						"7287.398656",
						"3.26764e-15"
					],
					[
						"7292.916585",
						"3.24142e-15"
					],
					[
						"7298.434514",
						"3.20882e-15"
					],
					[
						"7303.952442",
						"3.26476e-15"
					],
					[
						"7309.470371",
						"3.19673e-15"
					],
					[
						"7314.988299",
						"3.07876e-15"
					],
					[
						"7320.506228",
						"2.94699e-15"
					],
					[
						"7326.024157",
						"2.88344e-15"
					],
					[
						"7331.542085",
						"3.03359e-15"
					],
					[
						"7337.060014",
						"3.0376e-15"
					],
					[
						"7342.577942",
						"2.78198e-15"
					],
					[
						"7348.095871",
						"2.68163e-15"
					],
					[
						"7353.6138",
						"2.66247e-15"
					],
					[
						"7359.131728",
						"2.52864e-15"
					],
					[
						"7364.649657",
						"2.42281e-15"
					],
					[
						"7370.167585",
						"2.28877e-15"
					],
					[
						"7375.685514",
						"2.1512e-15"
					],
					[
						"7381.203443",
						"2.01291e-15"
					],
					[
						"7386.721371",
						"2.00099e-15"
					],
					[
						"7392.2393",
						"1.92013e-15"
					],
					[
						"7397.757228",
						"1.75203e-15"
					],
					[
						"7403.275157",
						"1.6061e-15"
					],
					[
						"7408.793086",
						"1.54904e-15"
					],
					[
						"7414.311014",
						"1.52257e-15"
					],
					[
						"7419.828943",
						"1.56455e-15"
					],
					[
						"7425.346871",
						"1.50905e-15"
					],
					[
						"7430.8648",
						"1.39405e-15"
					],
					[
						"7436.382729",
						"1.34674e-15"
					],
					[
						"7441.900657",
						"1.37809e-15"
					],
					[
						"7447.418586",
						"1.48116e-15"
					],
					[
						"7452.936514",
						"1.50776e-15"
					],
					[
						"7458.454443",
						"1.56315e-15"
					],
					[
						"7463.972372",
						"1.63048e-15"
					],
					[
						"7469.4903",
						"1.67006e-15"
					],
					[
						"7475.008229",
						"1.78313e-15"
					],
					[
						"7480.526157",
						"1.93187e-15"
					],
					[
						"7486.044086",
						"2.02715e-15"
					],
					[
						"7491.562015",
						"2.12456e-15"
					],
					[
						"7497.079943",
						"2.11379e-15"
					],
					[
						"7502.597872",
						"1.98773e-15"
					],
					[
						"7508.1158",
						"2.10385e-15"
					],
					[
						"7513.633729",
						"2.17621e-15"
					],
					[
						"7519.151658",
						"2.32113e-15"
					],
					[
						"7524.669586",
						"2.49538e-15"
					],
					[
						"7530.187515",
						"2.32811e-15"
					],
					[
						"7535.705443",
						"2.25152e-15"
					],
					[
						"7541.223372",
						"2.33074e-15"
					],
					[
						"7546.741301",
						"2.46121e-15"
					],
					[
						"7552.259229",
						"2.58774e-15"
					],
					[
						"7557.777158",
						"2.78746e-15"
					],
					[
						"7563.295086",
						"2.70387e-15"
					],
					[
						"7568.813015",
						"2.61397e-15"
					],
					[
						"7574.330944",
						"2.58296e-15"
					],
					[
						"7579.848872",
						"2.64184e-15"
					],
					[
						"7585.366801",
						"2.7079e-15"
					],
					[
						"7590.884729",
						"2.41875e-15"
					],
					[
						"7596.402658",
						"1.77144e-15"
					],
					[
						"7601.920587",
						"1.0835e-15"
					],
					[
						"7607.438515",
						"9.09912e-16"
					],
					[
						"7612.956444",
						"1.24487e-15"
					],
					[
						"7618.474372",
						"1.65254e-15"
					],
					[
						"7623.992301",
						"1.80944e-15"
					],
					[
						"7629.51023",
						"1.67168e-15"
					],
					[
						"7635.028158",
						"1.61173e-15"
					],
					[
						"7640.546087",
						"1.74691e-15"
					],
					[
						"7646.064015",
						"2.04147e-15"
					],
					[
						"7651.581944",
						"2.48518e-15"
					],
					[
						"7657.099873",
						"2.74833e-15"
					],
					[
						"7662.617801",
						"2.81935e-15"
					],
					[
						"7668.13573",
						"2.8933e-15"
					],
					[
						"7673.653658",
						"3.0204e-15"
					],
					[
						"7679.171587",
						"3.07331e-15"
					],
					[
						"7684.689516",
						"3.32209e-15"
					],
					[
						"7690.207444",
						"3.39563e-15"
					],
					[
						"7695.725373",
						"3.41295e-15"
					],
					[
						"7701.243301",
						"3.28916e-15"
					],
					[
						"7706.76123",
						"3.06671e-15"
					],
					[
						"7712.279159",
						"2.94325e-15"
					],
					[
						"7717.797087",
						"2.96956e-15"
					],
					[
						"7723.315016",
						"3.02168e-15"
					],
					[
						"7728.832944",
						"2.86526e-15"
					],
					[
						"7734.350873",
						"2.55994e-15"
					],
					[
						"7739.868802",
						"2.32937e-15"
					],
					[
						"7745.38673",
						"2.11872e-15"
					],
					[
						"7750.904659",
						"2.09395e-15"
					],
					[
						"7756.422587",
						"2.1137e-15"
					],
					[
						"7761.940516",
						"1.95145e-15"
					],
					[
						"7767.458445",
						"1.80642e-15"
					],
					[
						"7772.976373",
						"1.59824e-15"
					],
					[
						"7778.494302",
						"1.43666e-15"
					],
					[
						"7784.01223",
						"1.45367e-15"
					],
					[
						"7789.530159",
						"1.39147e-15"
					],
					[
						"7795.048088",
						"1.49961e-15"
					],
					[
						"7800.566016",
						"1.40566e-15"
					],
					[
						"7806.083945",
						"1.33047e-15"
					],
					[
						"7811.601873",
						"1.21676e-15"
					],
					[
						"7817.119802",
						"1.13791e-15"
					],
					[
						"7822.637731",
						"1.29015e-15"
					],
					[
						"7828.155659",
						"1.41198e-15"
					],
					[
						"7833.673588",
						"1.52288e-15"
					],
					[
						"7839.191516",
						"1.35642e-15"
					],
					[
						"7844.709445",
						"1.28567e-15"
					],
					[
						"7850.227374",
						"1.17692e-15"
					],
					[
						"7855.745302",
						"1.18173e-15"
					],
					[
						"7861.263231",
						"1.1453e-15"
					],
					[
						"7866.781159",
						"1.23981e-15"
					],
					[
						"7872.299088",
						"1.17391e-15"
					],
					[
						"7877.817017",
						"1.03717e-15"
					],
					[
						"7883.334945",
						"9.42057e-16"
					],
					[
						"7888.852874",
						"9.41638e-16"
					],
					[
						"7894.370802",
						"1.00563e-15"
					],
					[
						"7899.888731",
						"9.84307e-16"
					],
					[
						"7905.40666",
						"9.64518e-16"
					],
					[
						"7910.924588",
						"9.34563e-16"
					],
					[
						"7916.442517",
						"7.6652e-16"
					],
					[
						"7921.960445",
						"7.95526e-16"
					],
					[
						"7927.478374",
						"8.18323e-16"
					],
					[
						"7932.996303",
						"9.0926e-16"
					],
					[
						"7938.514231",
						"9.3988e-16"
					],
					[
						"7944.03216",
						"8.41257e-16"
					],
					[
						"7949.550088",
						"7.34002e-16"
					],
					[
						"7955.068017",
						"6.00249e-16"
					],
					[
						"7960.585946",
						"6.27089e-16"
					],
					[
						"7966.103874",
						"8.15984e-16"
					],
					[
						"7971.621803",
						"7.96428e-16"
					],
					[
						"7977.139731",
						"8.06363e-16"
					],
					[
						"7982.65766",
						"6.87555e-16"
					],
					[
						"7988.175589",
						"6.31781e-16"
					],
					[
						"7993.693517",
						"6.51872e-16"
					],
					[
						"7999.211446",
						"6.09487e-16"
					],
					[
						"8004.729374",
						"7.77599e-16"
					],
					[
						"8010.247303",
						"7.63072e-16"
					],
					[
						"8015.765232",
						"6.3346e-16"
					],
					[
						"8021.28316",
						"6.40981e-16"
					],
					[
						"8026.801089",
						"6.3566e-16"
					],
					[
						"8032.319017",
						"6.54845e-16"
					],
					[
						"8037.836946",
						"7.06115e-16"
					],
					[
						"8043.354875",
						"7.68174e-16"
					],
					[
						"8048.872803",
						"7.42624e-16"
					],
					[
						"8054.390732",
						"6.60516e-16"
					],
					[
						"8059.90866",
						"5.66421e-16"
					],
					[
						"8065.426589",
						"6.02539e-16"
					],
					[
						"8070.944518",
						"7.37619e-16"
					],
					[
						"8076.462446",
						"7.44626e-16"
					],
					[
						"8081.980375",
						"7.23504e-16"
					],
					[
						"8087.498303",
						"5.6916e-16"
					],
					[
						"8093.016232",
						"4.4163e-16"
					],
					[
						"8098.534161",
						"4.91103e-16"
					],
					[
						"8104.052089",
						"4.70367e-16"
					],
					[
						"8109.570018",
						"6.26405e-16"
					],
					[
						"8115.087946",
						"7.02578e-16"
					],
					[
						"8120.605875",
						"6.94773e-16"
					],
					[
						"8126.123804",
						"6.22474e-16"
					],
					[
						"8131.641732",
						"4.90218e-16"
					],
					[
						"8137.159661",
						"4.91841e-16"
					],
					[
						"8142.677589",
						"5.39451e-16"
					],
					[
						"8148.195518",
						"6.33491e-16"
					],
					[
						"8153.713447",
						"5.7615e-16"
					],
					[
						"8159.231375",
						"5.39802e-16"
					],
					[
						"8164.749304",
						"5.73036e-16"
					],
					[
						"8170.267232",
						"6.13808e-16"
					],
					[
						"8175.785161",
						"6.57837e-16"
					],
					[
						"8181.30309",
						"6.85245e-16"
					],
					[
						"8186.821018",
						"7.18722e-16"
					],
					[
						"8192.338947",
						"8.26962e-16"
					],
					[
						"8197.856875",
						"8.18804e-16"
					],
					[
						"8203.374804",
						"7.12079e-16"
					],
					[
						"8208.892733",
						"7.93534e-16"
					],
					[
						"8214.410661",
						"8.17353e-16"
					],
					[
						"8219.92859",
						"8.59697e-16"
					],
					[
						"8225.446518",
						"8.23471e-16"
					],
					[
						"8230.964447",
						"7.48635e-16"
					],
					[
						"8236.482376",
						"7.04131e-16"
					],
					[
						"8242.000304",
						"8.18562e-16"
					],
					[
						"8247.518233",
						"7.84879e-16"
					],
					[
						"8253.036161",
						"9.0593e-16"
					],
					[
						"8258.55409",
						"9.46161e-16"
					],
					[
						"8264.072019",
						"9.53694e-16"
					],
					[
						"8269.589947",
						"9.97367e-16"
					],
					[
						"8275.107876",
						"8.3604e-16"
					],
					[
						"8280.625804",
						"8.2141e-16"
					],
					[
						"8286.143733",
						"8.7423e-16"
					],
					[
						"8291.661662",
						"1.04183e-15"
					],
					[
						"8297.17959",
						"1.06648e-15"
					],
					[
						"8302.697519",
						"1.05059e-15"
					],
					[
						"8308.215447",
						"1.06391e-15"
					],
					[
						"8313.733376",
						"1.02897e-15"
					],
					[
						"8319.251305",
						"1.02029e-15"
					],
					[
						"8324.769233",
						"1.19304e-15"
					],
					[
						"8330.287162",
						"1.2817e-15"
					],
					[
						"8335.80509",
						"1.28529e-15"
					],
					[
						"8341.323019",
						"1.33725e-15"
					],
					[
						"8346.840948",
						"1.25224e-15"
					],
					[
						"8352.358876",
						"1.21216e-15"
					],
					[
						"8357.876805",
						"1.25686e-15"
					],
					[
						"8363.394733",
						"1.40083e-15"
					],
					[
						"8368.912662",
						"1.42953e-15"
					],
					[
						"8374.430591",
						"1.51671e-15"
					],
					[
						"8379.948519",
						"1.5252e-15"
					],
					[
						"8385.466448",
						"1.45618e-15"
					],
					[
						"8390.984376",
						"1.54498e-15"
					],
					[
						"8396.502305",
						"1.67444e-15"
					],
					[
						"8402.020234",
						"1.76962e-15"
					],
					[
						"8407.538162",
						"2.03562e-15"
					],
					[
						"8413.056091",
						"1.9966e-15"
					],
					[
						"8418.574019",
						"1.96263e-15"
					],
					[
						"8424.091948",
						"1.74899e-15"
					],
					[
						"8429.609877",
						"1.85359e-15"
					],
					[
						"8435.127805",
						"2.0582e-15"
					],
					[
						"8440.645734",
						"2.20402e-15"
					],
					[
						"8446.163662",
						"2.37128e-15"
					],
					[
						"8451.681591",
						"2.36898e-15"
					],
					[
						"8457.19952",
						"2.30605e-15"
					],
					[
						"8462.717448",
						"2.12242e-15"
					],
					[
						"8468.235377",
						"2.16212e-15"
					],
					[
						"8473.753305",
						"2.45964e-15"
					],
					[
						"8479.271234",
						"2.61936e-15"
					],
					[
						"8484.789163",
						"2.74165e-15"
					],
					[
						"8490.307091",
						"2.71569e-15"
					],
					[
						"8495.82502",
						"2.56777e-15"
					],
					[
						"8501.342948",
						"2.51316e-15"
					],
					[
						"8506.860877",
						"2.60084e-15"
					],
					[
						"8512.378806",
						"2.74448e-15"
					],
					[
						"8517.896734",
						"3.05776e-15"
					],
					[
						"8523.414663",
						"2.97542e-15"
					],
					[
						"8528.932591",
						"2.88102e-15"
					],
					[
						"8534.45052",
						"2.72437e-15"
					],
					[
						"8539.968449",
						"2.48906e-15"
					],
					[
						"8545.486377",
						"2.56976e-15"
					],
					[
						"8551.004306",
						"2.86578e-15"
					],
					[
						"8556.522234",
						"2.83263e-15"
					],
					[
						"8562.040163",
						"2.81599e-15"
					],
					[
						"8567.558092",
						"2.7574e-15"
					],
					[
						"8573.07602",
						"2.51575e-15"
					],
					[
						"8578.593949",
						"2.48648e-15"
					],
					[
						"8584.111877",
						"2.47297e-15"
					],
					[
						"8589.629806",
						"2.71973e-15"
					],
					[
						"8595.147735",
						"2.94618e-15"
					],
					[
						"8600.665663",
						"3.02195e-15"
					],
					[
						"8606.183592",
						"2.76945e-15"
					],
					[
						"8611.70152",
						"2.4753e-15"
					],
					[
						"8617.219449",
						"2.43684e-15"
					],
					[
						"8622.737378",
						"2.45079e-15"
					],
					[
						"8628.255306",
						"2.64218e-15"
					],
					[
						"8633.773235",
						"2.86322e-15"
					],
					[
						"8639.291163",
						"2.77878e-15"
					],
					[
						"8644.809092",
						"2.50824e-15"
					],
					[
						"8650.327021",
						"2.28798e-15"
					],
					[
						"8655.844949",
						"2.12618e-15"
					],
					[
						"8661.362878",
						"2.27141e-15"
					],
					[
						"8666.880806",
						"2.45182e-15"
					],
					[
						"8672.398735",
						"2.37767e-15"
					],
					[
						"8677.916664",
						"2.37691e-15"
					],
					[
						"8683.434592",
						"2.31781e-15"
					],
					[
						"8688.952521",
						"2.06859e-15"
					],
					[
						"8694.470449",
						"1.95712e-15"
					],
					[
						"8699.988378",
						"2.02996e-15"
					],
					[
						"8705.506307",
						"2.18133e-15"
					],
					[
						"8711.024235",
						"2.19414e-15"
					],
					[
						"8716.542164",
						"2.03193e-15"
					],
					[
						"8722.060092",
						"1.95926e-15"
					],
					[
						"8727.578021",
						"1.71228e-15"
					],
					[
						"8733.09595",
						"1.6449e-15"
					],
					[
						"8738.613878",
						"1.6989e-15"
					],
					[
						"8744.131807",
						"1.79672e-15"
					],
					[
						"8749.649735",
						"1.714e-15"
					],
					[
						"8755.167664",
						"1.60692e-15"
					],
					[
						"8760.685593",
						"1.56512e-15"
					],
					[
						"8766.203521",
						"1.24758e-15"
					],
					[
						"8771.72145",
						"1.17016e-15"
					],
					[
						"8777.239378",
						"1.35617e-15"
					],
					[
						"8782.757307",
						"1.40673e-15"
					],
					[
						"8788.275236",
						"1.39173e-15"
					],
					[
						"8793.793164",
						"1.34496e-15"
					],
					[
						"8799.311093",
						"1.31498e-15"
					],
					[
						"8804.829021",
						"1.2748e-15"
					],
					[
						"8810.34695",
						"1.2269e-15"
					],
					[
						"8815.864879",
						"1.35767e-15"
					],
					[
						"8821.382807",
						"1.51351e-15"
					],
					[
						"8826.900736",
						"1.51675e-15"
					],
					[
						"8832.418664",
						"1.4179e-15"
					],
					[
						"8837.936593",
						"1.40759e-15"
					],
					[
						"8843.454522",
						"1.08905e-15"
					],
					[
						"8848.97245",
						"1.26823e-15"
					],
					[
						"8854.490379",
						"1.47304e-15"
					],
					[
						"8860.008307",
						"1.4435e-15"
					],
					[
						"8865.526236",
						"1.4948e-15"
					],
					[
						"8871.044165",
						"1.33201e-15"
					],
					[
						"8876.562093",
						"1.15086e-15"
					],
					[
						"8882.080022",
						"1.28849e-15"
					],
					[
						"8887.59795",
						"1.39426e-15"
					],
					[
						"8893.115879",
						"1.44508e-15"
					],
					[
						"8898.633808",
						"1.68421e-15"
					],
					[
						"8904.151736",
						"1.50483e-15"
					],
					[
						"8909.669665",
						"1.45872e-15"
					],
					[
						"8915.187593",
						"1.46732e-15"
					],
					[
						"8920.705522",
						"1.70014e-15"
					],
					[
						"8926.223451",
						"1.83348e-15"
					],
					[
						"8931.741379",
						"1.91382e-15"
					],
					[
						"8937.259308",
						"1.92376e-15"
					],
					[
						"8942.777236",
						"1.76861e-15"
					],
					[
						"8948.295165",
						"1.7417e-15"
					],
					[
						"8953.813094",
						"1.78079e-15"
					],
					[
						"8959.331022",
						"1.93088e-15"
					],
					[
						"8964.848951",
						"1.91632e-15"
					],
					[
						"8970.366879",
						"1.87458e-15"
					],
					[
						"8975.884808",
						"1.85935e-15"
					],
					[
						"8981.402737",
						"1.56293e-15"
					],
					[
						"8986.920665",
						"1.52209e-15"
					],
					[
						"8992.438594",
						"1.68151e-15"
					],
					[
						"8997.956522",
						"1.82591e-15"
					],
					[
						"9003.474451",
						"1.70223e-15"
					],
					[
						"9008.99238",
						"1.58186e-15"
					],
					[
						"9014.510308",
						"1.54803e-15"
					],
					[
						"9020.028237",
						"1.59378e-15"
					],
					[
						"9025.546165",
						"1.79361e-15"
					],
					[
						"9031.064094",
						"1.8764e-15"
					],
					[
						"9036.582023",
						"1.92182e-15"
					],
					[
						"9042.099951",
						"1.81821e-15"
					],
					[
						"9047.61788",
						"1.64196e-15"
					],
					[
						"9053.135808",
						"1.74792e-15"
					],
					[
						"9058.653737",
						"1.84533e-15"
					],
					[
						"9064.171666",
						"1.80061e-15"
					],
					[
						"9069.689594",
						"1.78418e-15"
					],
					[
						"9075.207523",
						"1.63611e-15"
					],
					[
						"9080.725451",
						"1.63046e-15"
					],
					[
						"9086.24338",
						"1.58488e-15"
					],
					[
						"9091.761309",
						"1.7395e-15"
					],
					[
						"9097.279237",
						"1.97169e-15"
					],
					[
						"9102.797166",
						"1.76486e-15"
					],
					[
						"9108.315094",
						"1.5483e-15"
					],
					[
						"9113.833023",
						"1.5951e-15"
					],
					[
						"9119.350952",
						"1.81712e-15"
					],
					[
						"9124.86888",
						"1.69316e-15"
					],
					[
						"9130.386809",
						"1.68513e-15"
					],
					[
						"9135.904737",
						"1.63561e-15"
					],
					[
						"9141.422666",
						"1.56353e-15"
					],
					[
						"9146.940595",
						"1.58712e-15"
					],
					[
						"9152.458523",
						"1.77668e-15"
					],
					[
						"9157.976452",
						"1.78796e-15"
					],
					[
						"9163.49438",
						"1.67457e-15"
					],
					[
						"9169.012309",
						"1.62859e-15"
					],
					[
						"9174.530238",
						"1.61017e-15"
					],
					[
						"9180.048166",
						"1.72976e-15"
					],
					[
						"9185.566095",
						"1.89189e-15"
					],
					[
						"9191.084023",
						"1.87855e-15"
					],
					[
						"9196.601952",
						"1.86564e-15"
					],
					[
						"9202.119881",
						"1.84676e-15"
					],
					[
						"9207.637809",
						"1.74258e-15"
					],
					[
						"9213.155738",
						"1.82647e-15"
					],
					[
						"9218.673666",
						"1.88634e-15"
					],
					[
						"9224.191595",
						"1.73544e-15"
					],
					[
						"9229.709524",
						"1.97592e-15"
					],
					[
						"9235.227452",
						"2.0373e-15"
					]
				],
				"source":"8"
			}
		]
	}
}