{
	"ASASSN-15tt":{
		"schema":"https://github.com/astrocatalogs/supernovae/blob/a0bc0b9/SCHEMA.md",
		"name":"ASASSN-15tt",
		"sources":[
			{
				"name":"2016A&A...594A..13P",
				"bibcode":"2016A&A...594A..13P",
				"reference":"Planck Collaboration et al. (2016)",
				"alias":"1"
			},
			{
				"name":"2015ATel.8383....1D",
				"bibcode":"2015ATel.8383....1D",
				"reference":"Dong et al. (2015)",
				"alias":"2"
			},
			{
				"name":"2015ATel.8399....1L",
				"bibcode":"2015ATel.8399....1L",
				"reference":"Le Guillou et al. (2015)",
				"alias":"3"
			},
			{
				"name":"2011ApJ...737..103S",
				"bibcode":"2011ApJ...737..103S",
				"reference":"Schlafly & Finkbeiner (2011)",
				"alias":"4"
			},
			{
				"name":"ASAS-SN Supernovae",
				"url":"http://www.astronomy.ohio-state.edu/~assassin/sn_list.html",
				"alias":"5"
			},
			{
				"name":"Latest Supernovae",
				"secondary":true,
				"url":"http://www.rochesterastronomy.org/snimages/snredshiftall.html",
				"alias":"6"
			},
			{
				"name":"The Open Supernova Catalog",
				"bibcode":"2017ApJ...835...64G",
				"reference":"Guillochon et al. (2017)",
				"secondary":true,
				"url":"https://sne.space",
				"alias":"7"
			},
			{
				"name":"WISeREP",
				"bibcode":"2012PASP..124..668Y",
				"reference":"Yaron & Gal-Yam (2012)",
				"secondary":true,
				"url":"http://wiserep.weizmann.ac.il/",
				"alias":"8"
			},
			{
				"name":"SIMBAD astronomical database",
				"bibcode":"2000A&AS..143....9W",
				"reference":"Wenger et al. (2000)",
				"secondary":true,
				"url":"http://simbad.u-strasbg.fr/",
				"alias":"9"
			}
		],
		"alias":[
			{
				"value":"ASASSN-15tt",
				"source":"2,5,6,8,9"
			}
		],
		"claimedtype":[
			{
				"value":"Ia",
				"source":"2,3,5,6,8,9"
			}
		],
		"comovingdist":[
			{
				"value":"150",
				"derived":true,
				"u_value":"Mpc",
				"source":"1,2,5,6,7,8"
			}
		],
		"dec":[
			{
				"value":"-37:39:30.94",
				"u_value":"degrees",
				"source":"2,9"
			},
			{
				"value":"-37:39:30.9",
				"u_value":"degrees",
				"source":"2,6"
			},
			{
				"value":"-37:39:30.96",
				"u_value":"degrees",
				"source":"2,5"
			}
		],
		"discoverdate":[
			{
				"value":"2015/12/08",
				"source":"2,6"
			}
		],
		"discoverer":[
			{
				"value":"ASAS-SN",
				"source":"2,6"
			}
		],
		"ebv":[
			{
				"value":"0.1055",
				"derived":true,
				"e_value":"0.0032",
				"source":"4,7"
			}
		],
		"host":[
			{
				"value":"2MASXi J0638012-373927",
				"source":"2,5"
			}
		],
		"hostdec":[
			{
				"value":"-37:39:27",
				"derived":true,
				"u_value":"degrees",
				"source":"7"
			}
		],
		"hostoffsetang":[
			{
				"value":"4",
				"u_value":"arcseconds",
				"source":"2,5"
			}
		],
		"hostoffsetdist":[
			{
				"value":"3",
				"source":"1,2,5,6,7,8,9"
			}
		],
		"hostra":[
			{
				"value":"06:38:01.2",
				"derived":true,
				"u_value":"hours",
				"source":"7"
			}
		],
		"lumdist":[
			{
				"value":"154",
				"derived":true,
				"u_value":"Mpc",
				"source":"1,2,5,6,7,8"
			}
		],
		"maxabsmag":[
			{
				"value":"-18.8",
				"derived":true,
				"source":"1,2,5,6,7,8"
			}
		],
		"maxappmag":[
			{
				"value":"17.1",
				"derived":true,
				"source":"2,6,7"
			}
		],
		"maxdate":[
			{
				"value":"2015/12/07",
				"derived":true,
				"source":"2,6,7"
			}
		],
		"maxvisualabsmag":[
			{
				"value":"-18.8",
				"derived":true,
				"source":"1,2,5,6,7,8"
			}
		],
		"maxvisualappmag":[
			{
				"value":"17.1",
				"derived":true,
				"source":"2,6,7"
			}
		],
		"maxvisualdate":[
			{
				"value":"2015/12/07",
				"derived":true,
				"source":"2,6,7"
			}
		],
		"ra":[
			{
				"value":"06:38:01.490",
				"u_value":"hours",
				"source":"2,9"
			},
			{
				"value":"06:38:01.49",
				"u_value":"hours",
				"source":"2,6"
			},
			{
				"value":"06:38:01.488",
				"u_value":"hours",
				"source":"2,5"
			}
		],
		"redshift":[
			{
				"value":"0.034",
				"source":"2,5,6,8"
			}
		],
		"velocity":[
			{
				"value":"10000",
				"u_value":"km/s",
				"source":"7"
			}
		],
		"photometry":[
			{
				"time":"57363.5",
				"magnitude":"17.1",
				"u_time":"MJD",
				"source":"2,6"
			}
		],
		"spectra":[
			{
				"time":"57367.0",
				"filename":"tASASSN-15tt_20151210_Gr13_Free_slit1.0_1_f.asci",
				"instrument":"ESO-NTT - EFOSC2-NTT",
				"observer":"LE GUILLOU, LE BRETON",
				"redshift":"0.034",
				"reducer":"MAGUIRE",
				"reduction":"rapid",
				"survey":"PESSTO",
				"u_fluxes":"erg/s/cm^2/Angstrom",
				"u_time":"MJD",
				"u_wavelengths":"Angstrom",
				"data":[
					[
						"3642.047852",
						"8.38194e-16"
					],
					[
						"3647.56578",
						"8.27281e-16"
					],
					[
						"3653.083709",
						"8.43707e-16"
					],
					[
						"3658.601637",
						"8.78007e-16"
					],
					[
						"3664.119566",
						"8.73052e-16"
					],
					[
						"3669.637495",
						"8.79393e-16"
					],
					[
						"3675.155423",
						"8.9223e-16"
					],
					[
						"3680.673352",
						"8.76952e-16"
					],
					[
						"3686.19128",
						"8.54517e-16"
					],
					[
						"3691.709209",
						"8.28727e-16"
					],
					[
						"3697.227138",
						"7.71192e-16"
					],
					[
						"3702.745066",
						"7.51148e-16"
					],
					[
						"3708.262995",
						"7.05355e-16"
					],
					[
						"3713.780923",
						"6.33379e-16"
					],
					[
						"3719.298852",
						"5.851e-16"
					],
					[
						"3724.816781",
						"5.51971e-16"
					],
					[
						"3730.334709",
						"5.31631e-16"
					],
					[
						"3735.852638",
						"5.19392e-16"
					],
					[
						"3741.370566",
						"5.20898e-16"
					],
					[
						"3746.888495",
						"4.42932e-16"
					],
					[
						"3752.406424",
						"4.55391e-16"
					],
					[
						"3757.924352",
						"4.22994e-16"
					],
					[
						"3763.442281",
						"4.17549e-16"
					],
					[
						"3768.960209",
						"4.38989e-16"
					],
					[
						"3774.478138",
						"3.93515e-16"
					],
					[
						"3779.996067",
						"4.19549e-16"
					],
					[
						"3785.513995",
						"4.031e-16"
					],
					[
						"3791.031924",
						"3.56966e-16"
					],
					[
						"3796.549852",
						"3.75716e-16"
					],
					[
						"3802.067781",
						"3.4909e-16"
					],
					[
						"3807.58571",
						"3.1633e-16"
					],
					[
						"3813.103638",
						"3.09546e-16"
					],
					[
						"3818.621567",
						"2.96427e-16"
					],
					[
						"3824.139495",
						"2.82758e-16"
					],
					[
						"3829.657424",
						"2.90637e-16"
					],
					[
						"3835.175353",
						"2.78741e-16"
					],
					[
						"3840.693281",
						"2.74109e-16"
					],
					[
						"3846.21121",
						"2.69967e-16"
					],
					[
						"3851.729138",
						"2.70987e-16"
					],
					[
						"3857.247067",
						"2.57092e-16"
					],
					[
						"3862.764996",
						"2.61597e-16"
					],
					[
						"3868.282924",
						"2.81928e-16"
					],
					[
						"3873.800853",
						"2.71762e-16"
					],
					[
						"3879.318781",
						"3.03013e-16"
					],
					[
						"3884.83671",
						"3.36263e-16"
					],
					[
						"3890.354639",
						"3.70854e-16"
					],
					[
						"3895.872567",
						"3.50821e-16"
					],
					[
						"3901.390496",
						"3.79716e-16"
					],
					[
						"3906.908424",
						"4.26638e-16"
					],
					[
						"3912.426353",
						"4.43992e-16"
					],
					[
						"3917.944282",
						"4.7619e-16"
					],
					[
						"3923.46221",
						"4.70891e-16"
					],
					[
						"3928.980139",
						"5.22423e-16"
					],
					[
						"3934.498067",
						"5.6212e-16"
					],
					[
						"3940.015996",
						"6.38947e-16"
					],
					[
						"3945.533925",
						"6.72169e-16"
					],
					[
						"3951.051853",
						"7.3018e-16"
					],
					[
						"3956.569782",
						"7.80233e-16"
					],
					[
						"3962.08771",
						"8.19776e-16"
					],
					[
						"3967.605639",
						"8.71956e-16"
					],
					[
						"3973.123568",
						"9.38054e-16"
					],
					[
						"3978.641496",
						"9.96557e-16"
					],
					[
						"3984.159425",
						"1.09701e-15"
					],
					[
						"3989.677353",
						"1.17086e-15"
					],
					[
						"3995.195282",
						"1.24243e-15"
					],
					[
						"4000.713211",
						"1.28327e-15"
					],
					[
						"4006.231139",
						"1.36166e-15"
					],
					[
						"4011.749068",
						"1.40873e-15"
					],
					[
						"4017.266996",
						"1.45112e-15"
					],
					[
						"4022.784925",
						"1.47354e-15"
					],
					[
						"4028.302854",
						"1.54641e-15"
					],
					[
						"4033.820782",
						"1.54846e-15"
					],
					[
						"4039.338711",
						"1.56774e-15"
					],
					[
						"4044.856639",
						"1.58118e-15"
					],
					[
						"4050.374568",
						"1.57222e-15"
					],
					[
						"4055.892497",
						"1.61975e-15"
					],
					[
						"4061.410425",
						"1.60524e-15"
					],
					[
						"4066.928354",
						"1.63424e-15"
					],
					[
						"4072.446282",
						"1.58133e-15"
					],
					[
						"4077.964211",
						"1.57085e-15"
					],
					[
						"4083.48214",
						"1.48769e-15"
					],
					[
						"4089.000068",
						"1.38641e-15"
					],
					[
						"4094.517997",
						"1.31155e-15"
					],
					[
						"4100.035925",
						"1.27638e-15"
					],
					[
						"4105.553854",
						"1.20895e-15"
					],
					[
						"4111.071783",
						"1.13457e-15"
					],
					[
						"4116.589711",
						"1.05411e-15"
					],
					[
						"4122.10764",
						"1.05828e-15"
					],
					[
						"4127.625568",
						"1.02173e-15"
					],
					[
						"4133.143497",
						"9.8059e-16"
					],
					[
						"4138.661426",
						"1.02421e-15"
					],
					[
						"4144.179354",
						"9.98774e-16"
					],
					[
						"4149.697283",
						"1.02554e-15"
					],
					[
						"4155.215211",
						"1.06153e-15"
					],
					[
						"4160.73314",
						"1.10412e-15"
					],
					[
						"4166.251069",
						"1.13389e-15"
					],
					[
						"4171.768997",
						"1.16952e-15"
					],
					[
						"4177.286926",
						"1.20208e-15"
					],
					[
						"4182.804854",
						"1.18714e-15"
					],
					[
						"4188.322783",
						"1.21245e-15"
					],
					[
						"4193.840712",
						"1.21992e-15"
					],
					[
						"4199.35864",
						"1.26666e-15"
					],
					[
						"4204.876569",
						"1.2501e-15"
					],
					[
						"4210.394497",
						"1.28024e-15"
					],
					[
						"4215.912426",
						"1.28817e-15"
					],
					[
						"4221.430355",
						"1.30393e-15"
					],
					[
						"4226.948283",
						"1.27643e-15"
					],
					[
						"4232.466212",
						"1.30832e-15"
					],
					[
						"4237.98414",
						"1.28799e-15"
					],
					[
						"4243.502069",
						"1.23506e-15"
					],
					[
						"4249.019998",
						"1.2591e-15"
					],
					[
						"4254.537926",
						"1.27277e-15"
					],
					[
						"4260.055855",
						"1.27648e-15"
					],
					[
						"4265.573783",
						"1.28419e-15"
					],
					[
						"4271.091712",
						"1.24503e-15"
					],
					[
						"4276.609641",
						"1.27707e-15"
					],
					[
						"4282.127569",
						"1.28051e-15"
					],
					[
						"4287.645498",
						"1.28559e-15"
					],
					[
						"4293.163426",
						"1.25427e-15"
					],
					[
						"4298.681355",
						"1.26234e-15"
					],
					[
						"4304.199284",
						"1.24163e-15"
					],
					[
						"4309.717212",
						"1.2501e-15"
					],
					[
						"4315.235141",
						"1.22925e-15"
					],
					[
						"4320.753069",
						"1.23826e-15"
					],
					[
						"4326.270998",
						"1.24366e-15"
					],
					[
						"4331.788927",
						"1.21641e-15"
					],
					[
						"4337.306855",
						"1.20147e-15"
					],
					[
						"4342.824784",
						"1.23176e-15"
					],
					[
						"4348.342712",
						"1.20157e-15"
					],
					[
						"4353.860641",
						"1.16553e-15"
					],
					[
						"4359.37857",
						"1.12725e-15"
					],
					[
						"4364.896498",
						"1.11823e-15"
					],
					[
						"4370.414427",
						"1.08196e-15"
					],
					[
						"4375.932355",
						"1.06543e-15"
					],
					[
						"4381.450284",
						"1.04557e-15"
					],
					[
						"4386.968213",
						"1.03057e-15"
					],
					[
						"4392.486141",
						"1.03884e-15"
					],
					[
						"4398.00407",
						"1.02225e-15"
					],
					[
						"4403.521998",
						"9.86501e-16"
					],
					[
						"4409.039927",
						"9.77166e-16"
					],
					[
						"4414.557856",
						"9.59902e-16"
					],
					[
						"4420.075784",
						"9.09063e-16"
					],
					[
						"4425.593713",
						"8.79321e-16"
					],
					[
						"4431.111641",
						"8.42708e-16"
					],
					[
						"4436.62957",
						"8.12542e-16"
					],
					[
						"4442.147499",
						"7.64032e-16"
					],
					[
						"4447.665427",
						"7.7103e-16"
					],
					[
						"4453.183356",
						"7.29428e-16"
					],
					[
						"4458.701284",
						"7.06542e-16"
					],
					[
						"4464.219213",
						"6.90163e-16"
					],
					[
						"4469.737142",
						"7.02883e-16"
					],
					[
						"4475.25507",
						"6.96879e-16"
					],
					[
						"4480.772999",
						"7.16563e-16"
					],
					[
						"4486.290927",
						"7.16922e-16"
					],
					[
						"4491.808856",
						"6.94082e-16"
					],
					[
						"4497.326785",
						"6.78038e-16"
					],
					[
						"4502.844713",
						"6.8495e-16"
					],
					[
						"4508.362642",
						"6.84819e-16"
					],
					[
						"4513.88057",
						"6.66811e-16"
					],
					[
						"4519.398499",
						"6.63056e-16"
					],
					[
						"4524.916428",
						"6.55952e-16"
					],
					[
						"4530.434356",
						"6.49742e-16"
					],
					[
						"4535.952285",
						"6.69071e-16"
					],
					[
						"4541.470213",
						"6.63359e-16"
					],
					[
						"4546.988142",
						"7.19852e-16"
					],
					[
						"4552.506071",
						"7.32383e-16"
					],
					[
						"4558.023999",
						"7.61611e-16"
					],
					[
						"4563.541928",
						"7.59044e-16"
					],
					[
						"4569.059856",
						"8.0671e-16"
					],
					[
						"4574.577785",
						"8.00003e-16"
					],
					[
						"4580.095714",
						"8.24045e-16"
					],
					[
						"4585.613642",
						"8.29565e-16"
					],
					[
						"4591.131571",
						"8.68718e-16"
					],
					[
						"4596.649499",
						"9.03925e-16"
					],
					[
						"4602.167428",
						"9.15024e-16"
					],
					[
						"4607.685357",
						"9.26992e-16"
					],
					[
						"4613.203285",
						"9.5482e-16"
					],
					[
						"4618.721214",
						"1.0087e-15"
					],
					[
						"4624.239142",
						"1.024e-15"
					],
					[
						"4629.757071",
						"1.04262e-15"
					],
					[
						"4635.275",
						"1.09668e-15"
					],
					[
						"4640.792928",
						"1.13667e-15"
					],
					[
						"4646.310857",
						"1.17014e-15"
					],
					[
						"4651.828785",
						"1.21381e-15"
					],
					[
						"4657.346714",
						"1.27029e-15"
					],
					[
						"4662.864643",
						"1.26297e-15"
					],
					[
						"4668.382571",
						"1.30645e-15"
					],
					[
						"4673.9005",
						"1.31429e-15"
					],
					[
						"4679.418428",
						"1.30346e-15"
					],
					[
						"4684.936357",
						"1.32967e-15"
					],
					[
						"4690.454286",
						"1.33381e-15"
					],
					[
						"4695.972214",
						"1.34328e-15"
					],
					[
						"4701.490143",
						"1.29787e-15"
					],
					[
						"4707.008071",
						"1.3241e-15"
					],
					[
						"4712.526",
						"1.31241e-15"
					],
					[
						"4718.043929",
						"1.26469e-15"
					],
					[
						"4723.561857",
						"1.28249e-15"
					],
					[
						"4729.079786",
						"1.26244e-15"
					],
					[
						"4734.597714",
						"1.25681e-15"
					],
					[
						"4740.115643",
						"1.26182e-15"
					],
					[
						"4745.633572",
						"1.27639e-15"
					],
					[
						"4751.1515",
						"1.26336e-15"
					],
					[
						"4756.669429",
						"1.27103e-15"
					],
					[
						"4762.187357",
						"1.23537e-15"
					],
					[
						"4767.705286",
						"1.20785e-15"
					],
					[
						"4773.223215",
						"1.20796e-15"
					],
					[
						"4778.741143",
						"1.1637e-15"
					],
					[
						"4784.259072",
						"1.10832e-15"
					],
					[
						"4789.777",
						"1.08888e-15"
					],
					[
						"4795.294929",
						"1.04448e-15"
					],
					[
						"4800.812858",
						"1.01461e-15"
					],
					[
						"4806.330786",
						"9.76352e-16"
					],
					[
						"4811.848715",
						"9.2592e-16"
					],
					[
						"4817.366643",
						"8.95227e-16"
					],
					[
						"4822.884572",
						"8.69684e-16"
					],
					[
						"4828.402501",
						"8.30666e-16"
					],
					[
						"4833.920429",
						"8.5083e-16"
					],
					[
						"4839.438358",
						"8.6295e-16"
					],
					[
						"4844.956286",
						"8.58213e-16"
					],
					[
						"4850.474215",
						"8.44986e-16"
					],
					[
						"4855.992144",
						"8.14486e-16"
					],
					[
						"4861.510072",
						"7.87436e-16"
					],
					[
						"4867.028001",
						"7.44814e-16"
					],
					[
						"4872.545929",
						"7.23923e-16"
					],
					[
						"4878.063858",
						"6.99424e-16"
					],
					[
						"4883.581787",
						"6.87158e-16"
					],
					[
						"4889.099715",
						"6.74417e-16"
					],
					[
						"4894.617644",
						"6.62867e-16"
					],
					[
						"4900.135572",
						"6.78279e-16"
					],
					[
						"4905.653501",
						"6.81204e-16"
					],
					[
						"4911.17143",
						"6.72183e-16"
					],
					[
						"4916.689358",
						"6.72633e-16"
					],
					[
						"4922.207287",
						"6.89872e-16"
					],
					[
						"4927.725215",
						"6.97863e-16"
					],
					[
						"4933.243144",
						"7.07881e-16"
					],
					[
						"4938.761073",
						"7.23999e-16"
					],
					[
						"4944.279001",
						"7.14116e-16"
					],
					[
						"4949.79693",
						"7.16287e-16"
					],
					[
						"4955.314858",
						"7.08175e-16"
					],
					[
						"4960.832787",
						"6.82735e-16"
					],
					[
						"4966.350716",
						"6.66056e-16"
					],
					[
						"4971.868644",
						"6.43651e-16"
					],
					[
						"4977.386573",
						"6.31573e-16"
					],
					[
						"4982.904501",
						"6.1051e-16"
					],
					[
						"4988.42243",
						"6.09833e-16"
					],
					[
						"4993.940359",
						"5.95276e-16"
					],
					[
						"4999.458287",
						"5.88255e-16"
					],
					[
						"5004.976216",
						"5.68702e-16"
					],
					[
						"5010.494144",
						"5.60788e-16"
					],
					[
						"5016.012073",
						"5.46024e-16"
					],
					[
						"5021.530002",
						"5.46207e-16"
					],
					[
						"5027.04793",
						"5.55682e-16"
					],
					[
						"5032.565859",
						"5.64581e-16"
					],
					[
						"5038.083787",
						"5.88955e-16"
					],
					[
						"5043.601716",
						"5.99059e-16"
					],
					[
						"5049.119645",
						"6.21648e-16"
					],
					[
						"5054.637573",
						"6.44291e-16"
					],
					[
						"5060.155502",
						"6.80238e-16"
					],
					[
						"5065.67343",
						"7.0743e-16"
					],
					[
						"5071.191359",
						"7.50985e-16"
					],
					[
						"5076.709288",
						"7.55403e-16"
					],
					[
						"5082.227216",
						"7.78142e-16"
					],
					[
						"5087.745145",
						"7.64617e-16"
					],
					[
						"5093.263073",
						"7.67884e-16"
					],
					[
						"5098.781002",
						"7.48913e-16"
					],
					[
						"5104.298931",
						"7.10318e-16"
					],
					[
						"5109.816859",
						"6.78934e-16"
					],
					[
						"5115.334788",
						"6.6787e-16"
					],
					[
						"5120.852716",
						"6.27174e-16"
					],
					[
						"5126.370645",
						"6.08476e-16"
					],
					[
						"5131.888574",
						"6.06604e-16"
					],
					[
						"5137.406502",
						"5.95798e-16"
					],
					[
						"5142.924431",
						"5.91637e-16"
					],
					[
						"5148.442359",
						"5.69198e-16"
					],
					[
						"5153.960288",
						"5.64042e-16"
					],
					[
						"5159.478217",
						"5.91103e-16"
					],
					[
						"5164.996145",
						"6.06498e-16"
					],
					[
						"5170.514074",
						"6.03729e-16"
					],
					[
						"5176.032002",
						"6.26469e-16"
					],
					[
						"5181.549931",
						"6.38996e-16"
					],
					[
						"5187.06786",
						"6.35597e-16"
					],
					[
						"5192.585788",
						"6.45946e-16"
					],
					[
						"5198.103717",
						"6.66604e-16"
					],
					[
						"5203.621645",
						"6.80513e-16"
					],
					[
						"5209.139574",
						"6.83003e-16"
					],
					[
						"5214.657503",
						"6.91928e-16"
					],
					[
						"5220.175431",
						"7.03503e-16"
					],
					[
						"5225.69336",
						"7.23491e-16"
					],
					[
						"5231.211288",
						"7.29201e-16"
					],
					[
						"5236.729217",
						"7.37524e-16"
					],
					[
						"5242.247146",
						"7.5501e-16"
					],
					[
						"5247.765074",
						"7.66195e-16"
					],
					[
						"5253.283003",
						"7.83561e-16"
					],
					[
						"5258.800931",
						"8.05846e-16"
					],
					[
						"5264.31886",
						"7.97658e-16"
					],
					[
						"5269.836789",
						"8.19304e-16"
					],
					[
						"5275.354717",
						"8.43922e-16"
					],
					[
						"5280.872646",
						"8.70407e-16"
					],
					[
						"5286.390574",
						"8.76129e-16"
					],
					[
						"5291.908503",
						"9.04141e-16"
					],
					[
						"5297.426432",
						"9.01218e-16"
					],
					[
						"5302.94436",
						"9.33686e-16"
					],
					[
						"5308.462289",
						"9.37272e-16"
					],
					[
						"5313.980217",
						"9.43777e-16"
					],
					[
						"5319.498146",
						"9.27047e-16"
					],
					[
						"5325.016075",
						"9.36132e-16"
					],
					[
						"5330.534003",
						"9.30295e-16"
					],
					[
						"5336.051932",
						"9.5726e-16"
					],
					[
						"5341.56986",
						"9.35323e-16"
					],
					[
						"5347.087789",
						"9.3129e-16"
					],
					[
						"5352.605718",
						"9.53399e-16"
					],
					[
						"5358.123646",
						"9.48502e-16"
					],
					[
						"5363.641575",
						"9.52353e-16"
					],
					[
						"5369.159503",
						"9.74021e-16"
					],
					[
						"5374.677432",
						"9.73882e-16"
					],
					[
						"5380.195361",
						"9.5598e-16"
					],
					[
						"5385.713289",
						"9.84603e-16"
					],
					[
						"5391.231218",
						"9.87191e-16"
					],
					[
						"5396.749146",
						"9.70325e-16"
					],
					[
						"5402.267075",
						"9.25815e-16"
					],
					[
						"5407.785004",
						"9.039e-16"
					],
					[
						"5413.302932",
						"8.70887e-16"
					],
					[
						"5418.820861",
						"8.43204e-16"
					],
					[
						"5424.338789",
						"7.99875e-16"
					],
					[
						"5429.856718",
						"7.36467e-16"
					],
					[
						"5435.374647",
						"7.24181e-16"
					],
					[
						"5440.892575",
						"7.00964e-16"
					],
					[
						"5446.410504",
						"6.46144e-16"
					],
					[
						"5451.928432",
						"6.4314e-16"
					],
					[
						"5457.446361",
						"6.42349e-16"
					],
					[
						"5462.96429",
						"6.22094e-16"
					],
					[
						"5468.482218",
						"6.20893e-16"
					],
					[
						"5474.000147",
						"6.26386e-16"
					],
					[
						"5479.518075",
						"6.12449e-16"
					],
					[
						"5485.036004",
						"6.45788e-16"
					],
					[
						"5490.553933",
						"6.3814e-16"
					],
					[
						"5496.071861",
						"6.68495e-16"
					],
					[
						"5501.58979",
						"6.66582e-16"
					],
					[
						"5507.107718",
						"6.7713e-16"
					],
					[
						"5512.625647",
						"6.83462e-16"
					],
					[
						"5518.143576",
						"6.78716e-16"
					],
					[
						"5523.661504",
						"6.58465e-16"
					],
					[
						"5529.179433",
						"6.9073e-16"
					],
					[
						"5534.697361",
						"7.13188e-16"
					],
					[
						"5540.21529",
						"7.09438e-16"
					],
					[
						"5545.733219",
						"7.06697e-16"
					],
					[
						"5551.251147",
						"7.08535e-16"
					],
					[
						"5556.769076",
						"7.22857e-16"
					],
					[
						"5562.287004",
						"7.09802e-16"
					],
					[
						"5567.804933",
						"7.13178e-16"
					],
					[
						"5573.322862",
						"7.18174e-16"
					],
					[
						"5578.84079",
						"7.17758e-16"
					],
					[
						"5584.358719",
						"6.84257e-16"
					],
					[
						"5589.876647",
						"6.59546e-16"
					],
					[
						"5595.394576",
						"6.62928e-16"
					],
					[
						"5600.912505",
						"6.48848e-16"
					],
					[
						"5606.430433",
						"6.45961e-16"
					],
					[
						"5611.948362",
						"6.21386e-16"
					],
					[
						"5617.46629",
						"5.86996e-16"
					],
					[
						"5622.984219",
						"5.75499e-16"
					],
					[
						"5628.502148",
						"5.4801e-16"
					],
					[
						"5634.020076",
						"5.25321e-16"
					],
					[
						"5639.538005",
						"5.1257e-16"
					],
					[
						"5645.055933",
						"5.00347e-16"
					],
					[
						"5650.573862",
						"4.93333e-16"
					],
					[
						"5656.091791",
						"4.89952e-16"
					],
					[
						"5661.609719",
						"5.09302e-16"
					],
					[
						"5667.127648",
						"5.19417e-16"
					],
					[
						"5672.645576",
						"5.43229e-16"
					],
					[
						"5678.163505",
						"5.64093e-16"
					],
					[
						"5683.681434",
						"5.70402e-16"
					],
					[
						"5689.199362",
						"6.18543e-16"
					],
					[
						"5694.717291",
						"6.29659e-16"
					],
					[
						"5700.235219",
						"6.79808e-16"
					],
					[
						"5705.753148",
						"7.00598e-16"
					],
					[
						"5711.271077",
						"7.39545e-16"
					],
					[
						"5716.789005",
						"7.56096e-16"
					],
					[
						"5722.306934",
						"7.75171e-16"
					],
					[
						"5727.824862",
						"7.83967e-16"
					],
					[
						"5733.342791",
						"7.77516e-16"
					],
					[
						"5738.86072",
						"7.86216e-16"
					],
					[
						"5744.378648",
						"8.32879e-16"
					],
					[
						"5749.896577",
						"8.13538e-16"
					],
					[
						"5755.414505",
						"8.08496e-16"
					],
					[
						"5760.932434",
						"8.10798e-16"
					],
					[
						"5766.450363",
						"8.2716e-16"
					],
					[
						"5771.968291",
						"8.07109e-16"
					],
					[
						"5777.48622",
						"8.04718e-16"
					],
					[
						"5783.004148",
						"8.18445e-16"
					],
					[
						"5788.522077",
						"8.15656e-16"
					],
					[
						"5794.040006",
						"8.21302e-16"
					],
					[
						"5799.557934",
						"8.26319e-16"
					],
					[
						"5805.075863",
						"8.15094e-16"
					],
					[
						"5810.593791",
						"8.1537e-16"
					],
					[
						"5816.11172",
						"7.99816e-16"
					],
					[
						"5821.629649",
						"8.00256e-16"
					],
					[
						"5827.147577",
						"7.92978e-16"
					],
					[
						"5832.665506",
						"7.67356e-16"
					],
					[
						"5838.183434",
						"7.81501e-16"
					],
					[
						"5843.701363",
						"7.6734e-16"
					],
					[
						"5849.219292",
						"7.73137e-16"
					],
					[
						"5854.73722",
						"7.73652e-16"
					],
					[
						"5860.255149",
						"7.66471e-16"
					],
					[
						"5865.773077",
						"7.56854e-16"
					],
					[
						"5871.291006",
						"7.60273e-16"
					],
					[
						"5876.808935",
						"7.35061e-16"
					],
					[
						"5882.326863",
						"7.07523e-16"
					],
					[
						"5887.844792",
						"6.61978e-16"
					],
					[
						"5893.36272",
						"6.47512e-16"
					],
					[
						"5898.880649",
						"6.67389e-16"
					],
					[
						"5904.398578",
						"6.76479e-16"
					],
					[
						"5909.916506",
						"6.53144e-16"
					],
					[
						"5915.434435",
						"6.15612e-16"
					],
					[
						"5920.952363",
						"6.26878e-16"
					],
					[
						"5926.470292",
						"6.17298e-16"
					],
					[
						"5931.988221",
						"5.97332e-16"
					],
					[
						"5937.506149",
						"6.07228e-16"
					],
					[
						"5943.024078",
						"6.03155e-16"
					],
					[
						"5948.542006",
						"6.07328e-16"
					],
					[
						"5954.059935",
						"6.00485e-16"
					],
					[
						"5959.577864",
						"5.89758e-16"
					],
					[
						"5965.095792",
						"6.03687e-16"
					],
					[
						"5970.613721",
						"6.21952e-16"
					],
					[
						"5976.131649",
						"6.28425e-16"
					],
					[
						"5981.649578",
						"6.26548e-16"
					],
					[
						"5987.167507",
						"6.54735e-16"
					],
					[
						"5992.685435",
						"6.44065e-16"
					],
					[
						"5998.203364",
						"6.47077e-16"
					],
					[
						"6003.721293",
						"6.68689e-16"
					],
					[
						"6009.239221",
						"6.74817e-16"
					],
					[
						"6014.75715",
						"6.78335e-16"
					],
					[
						"6020.275078",
						"6.88929e-16"
					],
					[
						"6025.793007",
						"7.01759e-16"
					],
					[
						"6031.310935",
						"7.1265e-16"
					],
					[
						"6036.828864",
						"7.0919e-16"
					],
					[
						"6042.346793",
						"7.0152e-16"
					],
					[
						"6047.864721",
						"7.07938e-16"
					],
					[
						"6053.38265",
						"7.26173e-16"
					],
					[
						"6058.900578",
						"7.19158e-16"
					],
					[
						"6064.418507",
						"7.06008e-16"
					],
					[
						"6069.936436",
						"6.71447e-16"
					],
					[
						"6075.454364",
						"6.9241e-16"
					],
					[
						"6080.972293",
						"6.83441e-16"
					],
					[
						"6086.490222",
						"6.82718e-16"
					],
					[
						"6092.00815",
						"7.03056e-16"
					],
					[
						"6097.526079",
						"6.95129e-16"
					],
					[
						"6103.044007",
						"6.86971e-16"
					],
					[
						"6108.561936",
						"6.72689e-16"
					],
					[
						"6114.079865",
						"6.88961e-16"
					],
					[
						"6119.597793",
						"6.84641e-16"
					],
					[
						"6125.115722",
						"6.97101e-16"
					],
					[
						"6130.63365",
						"7.0055e-16"
					],
					[
						"6136.151579",
						"6.98401e-16"
					],
					[
						"6141.669507",
						"6.81628e-16"
					],
					[
						"6147.187436",
						"6.96067e-16"
					],
					[
						"6152.705365",
						"7.00369e-16"
					],
					[
						"6158.223293",
						"6.80604e-16"
					],
					[
						"6163.741222",
						"6.80539e-16"
					],
					[
						"6169.259151",
						"6.34847e-16"
					],
					[
						"6174.777079",
						"6.61473e-16"
					],
					[
						"6180.295008",
						"6.5434e-16"
					],
					[
						"6185.812936",
						"6.36254e-16"
					],
					[
						"6191.330865",
						"6.37728e-16"
					],
					[
						"6196.848794",
						"6.41796e-16"
					],
					[
						"6202.366722",
						"6.54447e-16"
					],
					[
						"6207.884651",
						"6.39444e-16"
					],
					[
						"6213.402579",
						"6.30106e-16"
					],
					[
						"6218.920508",
						"6.16462e-16"
					],
					[
						"6224.438437",
						"6.02015e-16"
					],
					[
						"6229.956365",
						"5.8981e-16"
					],
					[
						"6235.474294",
						"5.76893e-16"
					],
					[
						"6240.992222",
						"5.59158e-16"
					],
					[
						"6246.510151",
						"5.24938e-16"
					],
					[
						"6252.02808",
						"4.77973e-16"
					],
					[
						"6257.546008",
						"4.43822e-16"
					],
					[
						"6263.063937",
						"4.04176e-16"
					],
					[
						"6268.581865",
						"3.68171e-16"
					],
					[
						"6274.099794",
						"3.22628e-16"
					],
					[
						"6279.617723",
						"2.80426e-16"
					],
					[
						"6285.135651",
						"2.58703e-16"
					],
					[
						"6290.65358",
						"2.39131e-16"
					],
					[
						"6296.171508",
						"2.40007e-16"
					],
					[
						"6301.689437",
						"2.2297e-16"
					],
					[
						"6307.207366",
						"2.07348e-16"
					],
					[
						"6312.725294",
						"2.03797e-16"
					],
					[
						"6318.243223",
						"2.01338e-16"
					],
					[
						"6323.761151",
						"2.05385e-16"
					],
					[
						"6329.27908",
						"1.99694e-16"
					],
					[
						"6334.797009",
						"2.06757e-16"
					],
					[
						"6340.314937",
						"2.12818e-16"
					],
					[
						"6345.832866",
						"2.30584e-16"
					],
					[
						"6351.350794",
						"2.29775e-16"
					],
					[
						"6356.868723",
						"2.44302e-16"
					],
					[
						"6362.386652",
						"2.49752e-16"
					],
					[
						"6367.90458",
						"2.67051e-16"
					],
					[
						"6373.422509",
						"2.69418e-16"
					],
					[
						"6378.940437",
						"3.03718e-16"
					],
					[
						"6384.458366",
						"3.20278e-16"
					],
					[
						"6389.976295",
						"3.45064e-16"
					],
					[
						"6395.494223",
						"3.58066e-16"
					],
					[
						"6401.012152",
						"3.78023e-16"
					],
					[
						"6406.53008",
						"4.31212e-16"
					],
					[
						"6412.048009",
						"4.39335e-16"
					],
					[
						"6417.565938",
						"4.55756e-16"
					],
					[
						"6423.083866",
						"4.69459e-16"
					],
					[
						"6428.601795",
						"4.91187e-16"
					],
					[
						"6434.119723",
						"4.98713e-16"
					],
					[
						"6439.637652",
						"5.14244e-16"
					],
					[
						"6445.155581",
						"5.50603e-16"
					],
					[
						"6450.673509",
						"5.3774e-16"
					],
					[
						"6456.191438",
						"5.66523e-16"
					],
					[
						"6461.709366",
						"5.79419e-16"
					],
					[
						"6467.227295",
						"5.86225e-16"
					],
					[
						"6472.745224",
						"6.15876e-16"
					],
					[
						"6478.263152",
						"6.09339e-16"
					],
					[
						"6483.781081",
						"6.13022e-16"
					],
					[
						"6489.299009",
						"6.28683e-16"
					],
					[
						"6494.816938",
						"6.32288e-16"
					],
					[
						"6500.334867",
						"6.44325e-16"
					],
					[
						"6505.852795",
						"6.45724e-16"
					],
					[
						"6511.370724",
						"6.41571e-16"
					],
					[
						"6516.888652",
						"6.41891e-16"
					],
					[
						"6522.406581",
						"6.44354e-16"
					],
					[
						"6527.92451",
						"6.58022e-16"
					],
					[
						"6533.442438",
						"6.50631e-16"
					],
					[
						"6538.960367",
						"6.48739e-16"
					],
					[
						"6544.478295",
						"6.49585e-16"
					],
					[
						"6549.996224",
						"6.56657e-16"
					],
					[
						"6555.514153",
						"6.50541e-16"
					],
					[
						"6561.032081",
						"6.40591e-16"
					],
					[
						"6566.55001",
						"6.63117e-16"
					],
					[
						"6572.067938",
						"6.4801e-16"
					],
					[
						"6577.585867",
						"6.51351e-16"
					],
					[
						"6583.103796",
						"6.36565e-16"
					],
					[
						"6588.621724",
						"6.30236e-16"
					],
					[
						"6594.139653",
						"6.14694e-16"
					],
					[
						"6599.657581",
						"6.25131e-16"
					],
					[
						"6605.17551",
						"6.2296e-16"
					],
					[
						"6610.693439",
						"6.25372e-16"
					],
					[
						"6616.211367",
						"6.03933e-16"
					],
					[
						"6621.729296",
						"6.0398e-16"
					],
					[
						"6627.247224",
						"5.87401e-16"
					],
					[
						"6632.765153",
						"5.99014e-16"
					],
					[
						"6638.283082",
						"5.76872e-16"
					],
					[
						"6643.80101",
						"5.78811e-16"
					],
					[
						"6649.318939",
						"5.82908e-16"
					],
					[
						"6654.836867",
						"5.80238e-16"
					],
					[
						"6660.354796",
						"5.65955e-16"
					],
					[
						"6665.872725",
						"5.56268e-16"
					],
					[
						"6671.390653",
						"5.52514e-16"
					],
					[
						"6676.908582",
						"5.45269e-16"
					],
					[
						"6682.42651",
						"5.38322e-16"
					],
					[
						"6687.944439",
						"5.4415e-16"
					],
					[
						"6693.462368",
						"5.30837e-16"
					],
					[
						"6698.980296",
						"5.18343e-16"
					],
					[
						"6704.498225",
						"5.23665e-16"
					],
					[
						"6710.016153",
						"5.23856e-16"
					],
					[
						"6715.534082",
						"5.25877e-16"
					],
					[
						"6721.052011",
						"5.19556e-16"
					],
					[
						"6726.569939",
						"5.19148e-16"
					],
					[
						"6732.087868",
						"5.09569e-16"
					],
					[
						"6737.605796",
						"5.1067e-16"
					],
					[
						"6743.123725",
						"5.07148e-16"
					],
					[
						"6748.641654",
						"4.99573e-16"
					],
					[
						"6754.159582",
						"5.00952e-16"
					],
					[
						"6759.677511",
						"5.105e-16"
					],
					[
						"6765.195439",
						"4.95469e-16"
					],
					[
						"6770.713368",
						"4.71794e-16"
					],
					[
						"6776.231297",
						"4.81861e-16"
					],
					[
						"6781.749225",
						"4.82234e-16"
					],
					[
						"6787.267154",
						"4.70556e-16"
					],
					[
						"6792.785082",
						"4.67659e-16"
					],
					[
						"6798.303011",
						"4.68353e-16"
					],
					[
						"6803.82094",
						"4.62367e-16"
					],
					[
						"6809.338868",
						"4.53263e-16"
					],
					[
						"6814.856797",
						"4.61564e-16"
					],
					[
						"6820.374725",
						"4.60618e-16"
					],
					[
						"6825.892654",
						"4.42123e-16"
					],
					[
						"6831.410583",
						"4.53605e-16"
					],
					[
						"6836.928511",
						"4.36744e-16"
					],
					[
						"6842.44644",
						"4.25144e-16"
					],
					[
						"6847.964368",
						"4.28065e-16"
					],
					[
						"6853.482297",
						"4.12518e-16"
					],
					[
						"6859.000226",
						"3.88413e-16"
					],
					[
						"6864.518154",
						"3.66041e-16"
					],
					[
						"6870.036083",
						"3.4064e-16"
					],
					[
						"6875.554011",
						"3.46637e-16"
					],
					[
						"6881.07194",
						"3.69582e-16"
					],
					[
						"6886.589869",
						"3.65556e-16"
					],
					[
						"6892.107797",
						"3.60952e-16"
					],
					[
						"6897.625726",
						"3.51085e-16"
					],
					[
						"6903.143654",
						"3.62357e-16"
					],
					[
						"6908.661583",
						"3.9428e-16"
					],
					[
						"6914.179512",
						"3.89728e-16"
					],
					[
						"6919.69744",
						"3.82545e-16"
					],
					[
						"6925.215369",
						"3.92204e-16"
					],
					[
						"6930.733297",
						"3.85771e-16"
					],
					[
						"6936.251226",
						"3.69705e-16"
					],
					[
						"6941.769155",
						"3.80684e-16"
					],
					[
						"6947.287083",
						"3.79666e-16"
					],
					[
						"6952.805012",
						"3.62508e-16"
					],
					[
						"6958.32294",
						"3.66802e-16"
					],
					[
						"6963.840869",
						"3.58599e-16"
					],
					[
						"6969.358798",
						"3.38323e-16"
					],
					[
						"6974.876726",
						"3.46939e-16"
					],
					[
						"6980.394655",
						"3.49999e-16"
					],
					[
						"6985.912583",
						"3.49547e-16"
					],
					[
						"6991.430512",
						"3.35174e-16"
					],
					[
						"6996.948441",
						"3.34367e-16"
					],
					[
						"7002.466369",
						"3.36245e-16"
					],
					[
						"7007.984298",
						"3.3697e-16"
					],
					[
						"7013.502226",
						"3.49688e-16"
					],
					[
						"7019.020155",
						"3.36625e-16"
					],
					[
						"7024.538084",
						"3.42577e-16"
					],
					[
						"7030.056012",
						"3.51988e-16"
					],
					[
						"7035.573941",
						"3.47791e-16"
					],
					[
						"7041.091869",
						"3.48993e-16"
					],
					[
						"7046.609798",
						"3.38955e-16"
					],
					[
						"7052.127727",
						"3.51916e-16"
					],
					[
						"7057.645655",
						"3.5039e-16"
					],
					[
						"7063.163584",
						"3.43812e-16"
					],
					[
						"7068.681512",
						"3.28431e-16"
					],
					[
						"7074.199441",
						"3.43276e-16"
					],
					[
						"7079.71737",
						"3.52245e-16"
					],
					[
						"7085.235298",
						"3.46352e-16"
					],
					[
						"7090.753227",
						"3.47134e-16"
					],
					[
						"7096.271155",
						"3.40277e-16"
					],
					[
						"7101.789084",
						"3.29144e-16"
					],
					[
						"7107.307013",
						"3.21037e-16"
					],
					[
						"7112.824941",
						"3.26288e-16"
					],
					[
						"7118.34287",
						"3.16308e-16"
					],
					[
						"7123.860798",
						"3.15323e-16"
					],
					[
						"7129.378727",
						"3.12188e-16"
					],
					[
						"7134.896656",
						"3.29211e-16"
					],
					[
						"7140.414584",
						"3.15762e-16"
					],
					[
						"7145.932513",
						"3.08251e-16"
					],
					[
						"7151.450441",
						"3.06718e-16"
					],
					[
						"7156.96837",
						"2.98487e-16"
					],
					[
						"7162.486299",
						"2.99838e-16"
					],
					[
						"7168.004227",
						"2.97429e-16"
					],
					[
						"7173.522156",
						"2.90347e-16"
					],
					[
						"7179.040084",
						"2.7709e-16"
					],
					[
						"7184.558013",
						"2.75874e-16"
					],
					[
						"7190.075942",
						"2.70726e-16"
					],
					[
						"7195.59387",
						"2.6541e-16"
					],
					[
						"7201.111799",
						"2.82079e-16"
					],
					[
						"7206.629727",
						"2.87507e-16"
					],
					[
						"7212.147656",
						"2.84441e-16"
					],
					[
						"7217.665585",
						"2.87538e-16"
					],
					[
						"7223.183513",
						"2.91091e-16"
					],
					[
						"7228.701442",
						"2.9289e-16"
					],
					[
						"7234.21937",
						"2.86735e-16"
					],
					[
						"7239.737299",
						"2.62308e-16"
					],
					[
						"7245.255228",
						"2.73937e-16"
					],
					[
						"7250.773156",
						"2.77648e-16"
					],
					[
						"7256.291085",
						"2.71872e-16"
					],
					[
						"7261.809013",
						"2.66378e-16"
					],
					[
						"7267.326942",
						"2.68798e-16"
					],
					[
						"7272.844871",
						"2.85107e-16"
					],
					[
						"7278.362799",
						"2.77208e-16"
					],
					[
						"7283.880728",
						"2.65322e-16"
					],
					[
						"7289.398656",
						"2.61185e-16"
					],
					[
						"7294.916585",
						"2.55196e-16"
					],
					[
						"7300.434514",
						"2.7115e-16"
					],
					[
						"7305.952442",
						"2.77678e-16"
					],
					[
						"7311.470371",
						"2.67079e-16"
					],
					[
						"7316.988299",
						"2.61073e-16"
					],
					[
						"7322.506228",
						"2.70107e-16"
					],
					[
						"7328.024157",
						"2.78467e-16"
					],
					[
						"7333.542085",
						"2.69035e-16"
					],
					[
						"7339.060014",
						"2.67228e-16"
					],
					[
						"7344.577942",
						"2.60254e-16"
					],
					[
						"7350.095871",
						"2.52459e-16"
					],
					[
						"7355.6138",
						"2.75658e-16"
					],
					[
						"7361.131728",
						"2.60245e-16"
					],
					[
						"7366.649657",
						"2.59123e-16"
					],
					[
						"7372.167585",
						"2.69532e-16"
					],
					[
						"7377.685514",
						"2.45223e-16"
					],
					[
						"7383.203443",
						"2.65306e-16"
					],
					[
						"7388.721371",
						"2.79564e-16"
					],
					[
						"7394.2393",
						"2.72846e-16"
					],
					[
						"7399.757228",
						"2.53204e-16"
					],
					[
						"7405.275157",
						"2.67279e-16"
					],
					[
						"7410.793086",
						"2.40254e-16"
					],
					[
						"7416.311014",
						"2.61522e-16"
					],
					[
						"7421.828943",
						"2.59634e-16"
					],
					[
						"7427.346871",
						"2.62592e-16"
					],
					[
						"7432.8648",
						"2.53819e-16"
					],
					[
						"7438.382729",
						"2.44821e-16"
					],
					[
						"7443.900657",
						"2.67592e-16"
					],
					[
						"7449.418586",
						"2.65138e-16"
					],
					[
						"7454.936514",
						"2.64767e-16"
					],
					[
						"7460.454443",
						"2.75191e-16"
					],
					[
						"7465.972372",
						"2.56363e-16"
					],
					[
						"7471.4903",
						"2.5992e-16"
					],
					[
						"7477.008229",
						"2.63939e-16"
					],
					[
						"7482.526157",
						"2.4939e-16"
					],
					[
						"7488.044086",
						"2.59472e-16"
					],
					[
						"7493.562015",
						"2.5231e-16"
					],
					[
						"7499.079943",
						"2.51206e-16"
					],
					[
						"7504.597872",
						"2.49372e-16"
					],
					[
						"7510.1158",
						"2.38036e-16"
					],
					[
						"7515.633729",
						"2.48639e-16"
					],
					[
						"7521.151658",
						"2.5038e-16"
					],
					[
						"7526.669586",
						"2.61527e-16"
					],
					[
						"7532.187515",
						"2.33185e-16"
					],
					[
						"7537.705443",
						"2.21315e-16"
					],
					[
						"7543.223372",
						"2.35806e-16"
					],
					[
						"7548.741301",
						"2.39863e-16"
					],
					[
						"7554.259229",
						"2.39451e-16"
					],
					[
						"7559.777158",
						"2.358e-16"
					],
					[
						"7565.295086",
						"2.15728e-16"
					],
					[
						"7570.813015",
						"2.13897e-16"
					],
					[
						"7576.330944",
						"2.06597e-16"
					],
					[
						"7581.848872",
						"2.03457e-16"
					],
					[
						"7587.366801",
						"1.94463e-16"
					],
					[
						"7592.884729",
						"1.5565e-16"
					],
					[
						"7598.402658",
						"1.13051e-16"
					],
					[
						"7603.920587",
						"7.8291e-17"
					],
					[
						"7609.438515",
						"8.19411e-17"
					],
					[
						"7614.956444",
						"1.14372e-16"
					],
					[
						"7620.474372",
						"1.37469e-16"
					],
					[
						"7625.992301",
						"1.3218e-16"
					],
					[
						"7631.51023",
						"1.06938e-16"
					],
					[
						"7637.028158",
						"1.1628e-16"
					],
					[
						"7642.546087",
						"1.39802e-16"
					],
					[
						"7648.064015",
						"1.38978e-16"
					],
					[
						"7653.581944",
						"1.37899e-16"
					],
					[
						"7659.099873",
						"1.61827e-16"
					],
					[
						"7664.617801",
						"1.50567e-16"
					],
					[
						"7670.13573",
						"1.36654e-16"
					],
					[
						"7675.653658",
						"1.50112e-16"
					],
					[
						"7681.171587",
						"1.47535e-16"
					],
					[
						"7686.689516",
						"1.47777e-16"
					],
					[
						"7692.207444",
						"1.5705e-16"
					],
					[
						"7697.725373",
						"1.24594e-16"
					],
					[
						"7703.243301",
						"1.24166e-16"
					],
					[
						"7708.76123",
						"1.30607e-16"
					],
					[
						"7714.279159",
						"1.40691e-16"
					],
					[
						"7719.797087",
						"1.4276e-16"
					],
					[
						"7725.315016",
						"1.44804e-16"
					],
					[
						"7730.832944",
						"1.48337e-16"
					],
					[
						"7736.350873",
						"1.37127e-16"
					],
					[
						"7741.868802",
						"1.51051e-16"
					],
					[
						"7747.38673",
						"1.56623e-16"
					],
					[
						"7752.904659",
						"1.52408e-16"
					],
					[
						"7758.422587",
						"1.71227e-16"
					],
					[
						"7763.940516",
						"1.75325e-16"
					],
					[
						"7769.458445",
						"1.68249e-16"
					],
					[
						"7774.976373",
						"1.73103e-16"
					],
					[
						"7780.494302",
						"1.67949e-16"
					],
					[
						"7786.01223",
						"1.80994e-16"
					],
					[
						"7791.530159",
						"2.01999e-16"
					],
					[
						"7797.048088",
						"1.95958e-16"
					],
					[
						"7802.566016",
						"1.76667e-16"
					],
					[
						"7808.083945",
						"1.89235e-16"
					],
					[
						"7813.601873",
						"1.85162e-16"
					],
					[
						"7819.119802",
						"1.86787e-16"
					],
					[
						"7824.637731",
						"1.84931e-16"
					],
					[
						"7830.155659",
						"1.95988e-16"
					],
					[
						"7835.673588",
						"2.09021e-16"
					],
					[
						"7841.191516",
						"1.99885e-16"
					],
					[
						"7846.709445",
						"2.06904e-16"
					],
					[
						"7852.227374",
						"1.94919e-16"
					],
					[
						"7857.745302",
						"2.04161e-16"
					],
					[
						"7863.263231",
						"2.07866e-16"
					],
					[
						"7868.781159",
						"2.17954e-16"
					],
					[
						"7874.299088",
						"2.15989e-16"
					],
					[
						"7879.817017",
						"1.99745e-16"
					],
					[
						"7885.334945",
						"1.90218e-16"
					],
					[
						"7890.852874",
						"2.09311e-16"
					],
					[
						"7896.370802",
						"2.22985e-16"
					],
					[
						"7901.888731",
						"2.14791e-16"
					],
					[
						"7907.40666",
						"2.10053e-16"
					],
					[
						"7912.924588",
						"2.01743e-16"
					],
					[
						"7918.442517",
						"2.04872e-16"
					],
					[
						"7923.960445",
						"2.04367e-16"
					],
					[
						"7929.478374",
						"2.04525e-16"
					],
					[
						"7934.996303",
						"2.30843e-16"
					],
					[
						"7940.514231",
						"2.05475e-16"
					],
					[
						"7946.03216",
						"1.81152e-16"
					],
					[
						"7951.550088",
						"2.02419e-16"
					],
					[
						"7957.068017",
						"2.15058e-16"
					],
					[
						"7962.585946",
						"2.06878e-16"
					],
					[
						"7968.103874",
						"2.0203e-16"
					],
					[
						"7973.621803",
						"2.10433e-16"
					],
					[
						"7979.139731",
						"2.02304e-16"
					],
					[
						"7984.65766",
						"1.99064e-16"
					],
					[
						"7990.175589",
						"2.01301e-16"
					],
					[
						"7995.693517",
						"2.24258e-16"
					],
					[
						"8001.211446",
						"2.27203e-16"
					],
					[
						"8006.729374",
						"2.24454e-16"
					],
					[
						"8012.247303",
						"2.29545e-16"
					],
					[
						"8017.765232",
						"2.07809e-16"
					],
					[
						"8023.28316",
						"1.88829e-16"
					],
					[
						"8028.801089",
						"2.1395e-16"
					],
					[
						"8034.319017",
						"2.19971e-16"
					],
					[
						"8039.836946",
						"2.13086e-16"
					],
					[
						"8045.354875",
						"2.17436e-16"
					],
					[
						"8050.872803",
						"2.12539e-16"
					],
					[
						"8056.390732",
						"2.15873e-16"
					],
					[
						"8061.90866",
						"2.30764e-16"
					],
					[
						"8067.426589",
						"2.30248e-16"
					],
					[
						"8072.944518",
						"2.33312e-16"
					],
					[
						"8078.462446",
						"2.34571e-16"
					],
					[
						"8083.980375",
						"2.36771e-16"
					],
					[
						"8089.498303",
						"2.07148e-16"
					],
					[
						"8095.016232",
						"2.07751e-16"
					],
					[
						"8100.534161",
						"2.23956e-16"
					],
					[
						"8106.052089",
						"2.25627e-16"
					],
					[
						"8111.570018",
						"2.30814e-16"
					],
					[
						"8117.087946",
						"2.35608e-16"
					],
					[
						"8122.605875",
						"2.25667e-16"
					],
					[
						"8128.123804",
						"2.11357e-16"
					],
					[
						"8133.641732",
						"2.04717e-16"
					],
					[
						"8139.159661",
						"2.14645e-16"
					],
					[
						"8144.677589",
						"2.05026e-16"
					],
					[
						"8150.195518",
						"2.0317e-16"
					],
					[
						"8155.713447",
						"1.957e-16"
					],
					[
						"8161.231375",
						"1.84468e-16"
					],
					[
						"8166.749304",
						"1.73642e-16"
					],
					[
						"8172.267232",
						"1.81549e-16"
					],
					[
						"8177.785161",
						"1.97256e-16"
					],
					[
						"8183.30309",
						"1.93623e-16"
					],
					[
						"8188.821018",
						"1.90174e-16"
					],
					[
						"8194.338947",
						"1.96809e-16"
					],
					[
						"8199.856875",
						"1.858e-16"
					],
					[
						"8205.374804",
						"1.76955e-16"
					],
					[
						"8210.892733",
						"1.68926e-16"
					],
					[
						"8216.410661",
						"1.85399e-16"
					],
					[
						"8221.92859",
						"1.73922e-16"
					],
					[
						"8227.446518",
						"1.60101e-16"
					],
					[
						"8232.964447",
						"1.61309e-16"
					],
					[
						"8238.482376",
						"1.58775e-16"
					],
					[
						"8244.000304",
						"1.6323e-16"
					],
					[
						"8249.518233",
						"1.63202e-16"
					],
					[
						"8255.036161",
						"1.49504e-16"
					],
					[
						"8260.55409",
						"1.65527e-16"
					],
					[
						"8266.072019",
						"1.44977e-16"
					],
					[
						"8271.589947",
						"1.3811e-16"
					],
					[
						"8277.107876",
						"1.3388e-16"
					],
					[
						"8282.625804",
						"1.2748e-16"
					],
					[
						"8288.143733",
						"1.12191e-16"
					],
					[
						"8293.661662",
						"1.19914e-16"
					],
					[
						"8299.17959",
						"1.29464e-16"
					],
					[
						"8304.697519",
						"1.05258e-16"
					],
					[
						"8310.215447",
						"1.07857e-16"
					],
					[
						"8315.733376",
						"1.01884e-16"
					],
					[
						"8321.251305",
						"9.97102e-17"
					],
					[
						"8326.769233",
						"1.17678e-16"
					],
					[
						"8332.287162",
						"1.13725e-16"
					],
					[
						"8337.80509",
						"1.14421e-16"
					],
					[
						"8343.323019",
						"1.08957e-16"
					],
					[
						"8348.840948",
						"1.16846e-16"
					],
					[
						"8354.358876",
						"1.01174e-16"
					],
					[
						"8359.876805",
						"9.33589e-17"
					],
					[
						"8365.394733",
						"1.07237e-16"
					],
					[
						"8370.912662",
						"1.20628e-16"
					],
					[
						"8376.430591",
						"1.05673e-16"
					],
					[
						"8381.948519",
						"8.89241e-17"
					],
					[
						"8387.466448",
						"9.3367e-17"
					],
					[
						"8392.984376",
						"9.87313e-17"
					],
					[
						"8398.502305",
						"8.50779e-17"
					],
					[
						"8404.020234",
						"9.317e-17"
					],
					[
						"8409.538162",
						"9.07025e-17"
					],
					[
						"8415.056091",
						"7.10648e-17"
					],
					[
						"8420.574019",
						"8.6594e-17"
					],
					[
						"8426.091948",
						"7.5288e-17"
					],
					[
						"8431.609877",
						"7.8725e-17"
					],
					[
						"8437.127805",
						"8.62015e-17"
					],
					[
						"8442.645734",
						"7.37537e-17"
					],
					[
						"8448.163662",
						"8.58637e-17"
					],
					[
						"8453.681591",
						"8.30008e-17"
					],
					[
						"8459.19952",
						"6.94951e-17"
					],
					[
						"8464.717448",
						"7.40904e-17"
					],
					[
						"8470.235377",
						"7.83425e-17"
					],
					[
						"8475.753305",
						"7.53158e-17"
					],
					[
						"8481.271234",
						"7.96506e-17"
					],
					[
						"8486.789163",
						"8.14203e-17"
					],
					[
						"8492.307091",
						"7.59061e-17"
					],
					[
						"8497.82502",
						"8.77278e-17"
					],
					[
						"8503.342948",
						"8.46754e-17"
					],
					[
						"8508.860877",
						"7.95159e-17"
					],
					[
						"8514.378806",
						"8.37296e-17"
					],
					[
						"8519.896734",
						"8.31593e-17"
					],
					[
						"8525.414663",
						"1.00941e-16"
					],
					[
						"8530.932591",
						"9.78473e-17"
					],
					[
						"8536.45052",
						"9.73633e-17"
					],
					[
						"8541.968449",
						"9.37189e-17"
					],
					[
						"8547.486377",
						"9.47517e-17"
					],
					[
						"8553.004306",
						"1.13122e-16"
					],
					[
						"8558.522234",
						"7.65685e-17"
					],
					[
						"8564.040163",
						"1.00645e-16"
					],
					[
						"8569.558092",
						"1.03083e-16"
					],
					[
						"8575.07602",
						"9.17355e-17"
					],
					[
						"8580.593949",
						"9.01965e-17"
					],
					[
						"8586.111877",
						"9.02415e-17"
					],
					[
						"8591.629806",
						"1.08649e-16"
					],
					[
						"8597.147735",
						"1.13188e-16"
					],
					[
						"8602.665663",
						"1.10581e-16"
					],
					[
						"8608.183592",
						"1.00097e-16"
					],
					[
						"8613.70152",
						"1.02903e-16"
					],
					[
						"8619.219449",
						"1.09006e-16"
					],
					[
						"8624.737378",
						"1.20871e-16"
					],
					[
						"8630.255306",
						"1.37843e-16"
					],
					[
						"8635.773235",
						"1.35046e-16"
					],
					[
						"8641.291163",
						"1.31394e-16"
					],
					[
						"8646.809092",
						"1.3153e-16"
					],
					[
						"8652.327021",
						"1.33817e-16"
					],
					[
						"8657.844949",
						"1.15965e-16"
					],
					[
						"8663.362878",
						"1.26958e-16"
					],
					[
						"8668.880806",
						"1.54957e-16"
					],
					[
						"8674.398735",
						"1.58813e-16"
					],
					[
						"8679.916664",
						"1.69979e-16"
					],
					[
						"8685.434592",
						"1.55558e-16"
					],
					[
						"8690.952521",
						"1.8197e-16"
					],
					[
						"8696.470449",
						"1.71939e-16"
					],
					[
						"8701.988378",
						"1.86743e-16"
					],
					[
						"8707.506307",
						"1.9755e-16"
					],
					[
						"8713.024235",
						"2.38137e-16"
					],
					[
						"8718.542164",
						"2.19673e-16"
					],
					[
						"8724.060092",
						"2.28196e-16"
					],
					[
						"8729.578021",
						"2.14237e-16"
					],
					[
						"8735.09595",
						"2.15183e-16"
					],
					[
						"8740.613878",
						"2.34372e-16"
					],
					[
						"8746.131807",
						"2.47119e-16"
					],
					[
						"8751.649735",
						"2.54933e-16"
					],
					[
						"8757.167664",
						"2.40184e-16"
					],
					[
						"8762.685593",
						"2.3271e-16"
					],
					[
						"8768.203521",
						"2.1933e-16"
					],
					[
						"8773.72145",
						"2.19456e-16"
					],
					[
						"8779.239378",
						"2.36372e-16"
					],
					[
						"8784.757307",
						"2.62624e-16"
					],
					[
						"8790.275236",
						"2.76062e-16"
					],
					[
						"8795.793164",
						"2.61273e-16"
					],
					[
						"8801.311093",
						"2.35444e-16"
					],
					[
						"8806.829021",
						"2.34194e-16"
					],
					[
						"8812.34695",
						"2.48186e-16"
					],
					[
						"8817.864879",
						"2.58109e-16"
					],
					[
						"8823.382807",
						"2.81608e-16"
					],
					[
						"8828.900736",
						"2.87333e-16"
					],
					[
						"8834.418664",
						"2.67237e-16"
					],
					[
						"8839.936593",
						"2.53655e-16"
					],
					[
						"8845.454522",
						"2.61557e-16"
					],
					[
						"8850.97245",
						"2.70721e-16"
					],
					[
						"8856.490379",
						"3.00896e-16"
					],
					[
						"8862.008307",
						"3.05589e-16"
					],
					[
						"8867.526236",
						"2.59509e-16"
					],
					[
						"8873.044165",
						"2.19902e-16"
					],
					[
						"8878.562093",
						"2.73142e-16"
					],
					[
						"8884.080022",
						"2.62007e-16"
					],
					[
						"8889.59795",
						"2.57883e-16"
					],
					[
						"8895.115879",
						"2.87267e-16"
					],
					[
						"8900.633808",
						"2.52216e-16"
					],
					[
						"8906.151736",
						"2.64695e-16"
					],
					[
						"8911.669665",
						"2.32335e-16"
					],
					[
						"8917.187593",
						"2.39712e-16"
					],
					[
						"8922.705522",
						"2.37206e-16"
					],
					[
						"8928.223451",
						"2.8999e-16"
					],
					[
						"8933.741379",
						"2.81709e-16"
					],
					[
						"8939.259308",
						"2.59513e-16"
					],
					[
						"8944.777236",
						"2.46199e-16"
					],
					[
						"8950.295165",
						"2.42635e-16"
					],
					[
						"8955.813094",
						"2.32642e-16"
					],
					[
						"8961.331022",
						"2.41186e-16"
					],
					[
						"8966.848951",
						"2.4515e-16"
					],
					[
						"8972.366879",
						"2.40115e-16"
					],
					[
						"8977.884808",
						"2.4363e-16"
					],
					[
						"8983.402737",
						"2.09302e-16"
					],
					[
						"8988.920665",
						"1.92546e-16"
					],
					[
						"8994.438594",
						"2.45271e-16"
					],
					[
						"8999.956522",
						"2.68449e-16"
					],
					[
						"9005.474451",
						"2.0758e-16"
					],
					[
						"9010.99238",
						"2.05263e-16"
					],
					[
						"9016.510308",
						"2.05753e-16"
					],
					[
						"9022.028237",
						"2.14668e-16"
					],
					[
						"9027.546165",
						"2.26125e-16"
					],
					[
						"9033.064094",
						"2.29826e-16"
					],
					[
						"9038.582023",
						"2.26801e-16"
					],
					[
						"9044.099951",
						"2.1054e-16"
					],
					[
						"9049.61788",
						"2.06046e-16"
					],
					[
						"9055.135808",
						"2.09095e-16"
					],
					[
						"9060.653737",
						"2.22996e-16"
					],
					[
						"9066.171666",
						"2.30632e-16"
					],
					[
						"9071.689594",
						"1.9919e-16"
					],
					[
						"9077.207523",
						"1.7326e-16"
					],
					[
						"9082.725451",
						"1.66628e-16"
					],
					[
						"9088.24338",
						"1.96458e-16"
					],
					[
						"9093.761309",
						"1.98855e-16"
					],
					[
						"9099.279237",
						"1.97619e-16"
					],
					[
						"9104.797166",
						"1.98344e-16"
					],
					[
						"9110.315094",
						"1.56682e-16"
					],
					[
						"9115.833023",
						"1.66935e-16"
					],
					[
						"9121.350952",
						"1.58991e-16"
					],
					[
						"9126.86888",
						"1.67271e-16"
					],
					[
						"9132.386809",
						"1.5378e-16"
					],
					[
						"9137.904737",
						"1.49066e-16"
					],
					[
						"9143.422666",
						"1.45075e-16"
					],
					[
						"9148.940595",
						"1.23868e-16"
					],
					[
						"9154.458523",
						"1.55106e-16"
					],
					[
						"9159.976452",
						"1.72612e-16"
					],
					[
						"9165.49438",
						"1.44323e-16"
					],
					[
						"9171.012309",
						"1.36703e-16"
					],
					[
						"9176.530238",
						"1.46969e-16"
					],
					[
						"9182.048166",
						"1.55374e-16"
					],
					[
						"9187.566095",
						"1.57152e-16"
					],
					[
						"9193.084023",
						"1.44941e-16"
					],
					[
						"9198.601952",
						"1.35645e-16"
					],
					[
						"9204.119881",
						"1.28098e-16"
					],
					[
						"9209.637809",
						"1.32713e-16"
					],
					[
						"9215.155738",
						"1.32283e-16"
					],
					[
						"9220.673666",
						"1.4061e-16"
					],
					[
						"9226.191595",
						"1.51662e-16"
					],
					[
						"9231.709524",
						"1.09537e-16"
					],
					[
						"9237.227452",
						"1.53311e-16"
					]
				],
				"source":"8"
			}
		]
	}
}