{
	"ASASSN-15sb":{
		"schema":"https://github.com/astrocatalogs/supernovae/blob/a0bc0b9/SCHEMA.md",
		"name":"ASASSN-15sb",
		"sources":[
			{
				"name":"2016A&A...594A..13P",
				"bibcode":"2016A&A...594A..13P",
				"reference":"Planck Collaboration et al. (2016)",
				"alias":"1"
			},
			{
				"name":"ATel 8217",
				"bibcode":"2015ATel.8217....1K",
				"reference":"Kiyota et al. (2015)",
				"url":"http://www.astronomerstelegram.org/?read=8217",
				"alias":"2"
			},
			{
				"name":"2011ApJ...737..103S",
				"bibcode":"2011ApJ...737..103S",
				"reference":"Schlafly & Finkbeiner (2011)",
				"alias":"3"
			},
			{
				"name":"ASAS-SN Supernovae",
				"url":"http://www.astronomy.ohio-state.edu/~assassin/sn_list.html",
				"alias":"4"
			},
			{
				"name":"Latest Supernovae",
				"secondary":true,
				"url":"http://www.rochesterastronomy.org/snimages/snredshiftall.html",
				"alias":"5"
			},
			{
				"name":"The Open Supernova Catalog",
				"bibcode":"2017ApJ...835...64G",
				"reference":"Guillochon et al. (2017)",
				"secondary":true,
				"url":"https://sne.space",
				"alias":"6"
			}
		],
		"alias":[
			{
				"value":"ASASSN-15sb",
				"source":"2,4,5"
			}
		],
		"claimedtype":[
			{
				"value":"Ia",
				"source":"2,4,5"
			}
		],
		"comovingdist":[
			{
				"value":"99.984",
				"derived":true,
				"u_value":"Mpc",
				"source":"1,2,4,5,6"
			}
		],
		"dec":[
			{
				"value":"-15:23:57.3",
				"u_value":"degrees",
				"source":"2,5"
			},
			{
				"value":"-15:23:57.12",
				"u_value":"degrees",
				"source":"2,4"
			}
		],
		"discoverdate":[
			{
				"value":"2015/10/10",
				"source":"2,5"
			}
		],
		"discoverer":[
			{
				"value":"ASAS-SN",
				"source":"2,5"
			}
		],
		"ebv":[
			{
				"value":"0.2901",
				"derived":true,
				"e_value":"0.0256",
				"source":"3,6"
			}
		],
		"host":[
			{
				"value":"2MFGC 04848",
				"source":"2,4,5"
			}
		],
		"hostoffsetang":[
			{
				"value":"0.21",
				"u_value":"arcseconds",
				"source":"2,4"
			}
		],
		"lumdist":[
			{
				"value":"102.254",
				"derived":true,
				"u_value":"Mpc",
				"source":"1,2,4,5,6"
			}
		],
		"maxabsmag":[
			{
				"value":"-19.724",
				"derived":true,
				"source":"1,2,4,5,6"
			}
		],
		"maxappmag":[
			{
				"value":"15.3",
				"derived":true,
				"source":"2,5,6"
			}
		],
		"maxdate":[
			{
				"value":"2015/10/30",
				"derived":true,
				"source":"2,5,6"
			}
		],
		"maxvisualabsmag":[
			{
				"value":"-19.7484",
				"derived":true,
				"source":"1,2,4,5,6"
			}
		],
		"maxvisualappmag":[
			{
				"value":"15.3",
				"derived":true,
				"source":"2,5,6"
			}
		],
		"maxvisualdate":[
			{
				"value":"2015/10/30",
				"derived":true,
				"source":"2,5,6"
			}
		],
		"ra":[
			{
				"value":"06:00:48.10",
				"u_value":"hours",
				"source":"2,5"
			},
			{
				"value":"06:00:48.096",
				"u_value":"hours",
				"source":"2,4"
			}
		],
		"redshift":[
			{
				"value":"0.022712",
				"source":"2,4,5"
			}
		],
		"velocity":[
			{
				"value":"6731.6",
				"u_value":"km/s",
				"source":"6"
			}
		],
		"photometry":[
			{
				"time":"57325.5",
				"magnitude":"15.3",
				"u_time":"MJD",
				"source":"2,5"
			}
		]
	}
}