{
	"ASASSN-17ec":{
		"schema":"https://github.com/astrocatalogs/supernovae/blob/a0bc0b9/SCHEMA.md",
		"name":"ASASSN-17ec",
		"sources":[
			{
				"name":"2011ApJ...737..103S",
				"bibcode":"2011ApJ...737..103S",
				"reference":"Schlafly & Finkbeiner (2011)",
				"alias":"1"
			},
			{
				"name":"Transient Name Server",
				"url":"https://wis-tns.weizmann.ac.il/",
				"alias":"2"
			},
			{
				"name":"The Open Supernova Catalog",
				"bibcode":"2017ApJ...835...64G",
				"reference":"Guillochon et al. (2017)",
				"secondary":true,
				"url":"https://sne.space",
				"alias":"3"
			}
		],
		"alias":[
			{
				"value":"ASASSN-17ec",
				"source":"2"
			},
			{
				"value":"AT2017cjz",
				"source":"2"
			}
		],
		"dec":[
			{
				"value":"+13:16:55.02",
				"u_value":"degrees",
				"source":"2"
			}
		],
		"discoverdate":[
			{
				"value":"2017/03/24.48",
				"source":"2"
			}
		],
		"discoverer":[
			{
				"value":"ASAS-SN",
				"source":"2"
			}
		],
		"ebv":[
			{
				"value":"0.0183",
				"derived":true,
				"e_value":"0.0005",
				"source":"1,3"
			}
		],
		"maxappmag":[
			{
				"value":"16.7",
				"derived":true,
				"source":"2,3"
			}
		],
		"maxband":[
			{
				"value":"V",
				"derived":true,
				"source":"2,3"
			}
		],
		"maxdate":[
			{
				"value":"2017/03/24",
				"derived":true,
				"source":"2,3"
			}
		],
		"maxvisualappmag":[
			{
				"value":"16.7",
				"derived":true,
				"source":"2,3"
			}
		],
		"maxvisualband":[
			{
				"value":"V",
				"derived":true,
				"source":"2,3"
			}
		],
		"maxvisualdate":[
			{
				"value":"2017/03/24",
				"derived":true,
				"source":"2,3"
			}
		],
		"ra":[
			{
				"value":"14:14:30.89",
				"u_value":"hours",
				"source":"2"
			}
		],
		"photometry":[
			{
				"time":"57831.5",
				"band":"V",
				"instrument":"Brutus",
				"magnitude":"17.8",
				"system":"Vega",
				"telescope":"ASASSN-1",
				"u_time":"MJD",
				"upperlimit":true,
				"source":"2"
			},
			{
				"time":"57833.49",
				"band":"V",
				"e_magnitude":"0.1",
				"instrument":"Brutus",
				"magnitude":"16.8",
				"system":"Vega",
				"telescope":"ASASSN-1",
				"u_time":"MJD",
				"source":"2"
			},
			{
				"time":"57836.48",
				"band":"V",
				"e_magnitude":"0.1",
				"instrument":"Brutus",
				"magnitude":"16.7",
				"system":"Vega",
				"telescope":"ASASSN-1",
				"u_time":"MJD",
				"source":"2"
			}
		]
	}
}