{
	"ASASSN-15fz":{
		"schema":"https://github.com/astrocatalogs/supernovae/blob/a0bc0b9/SCHEMA.md",
		"name":"ASASSN-15fz",
		"sources":[
			{
				"name":"2016A&A...594A..13P",
				"bibcode":"2016A&A...594A..13P",
				"reference":"Planck Collaboration et al. (2016)",
				"alias":"1"
			},
			{
				"name":"2015ATel.7320....1B",
				"bibcode":"2015ATel.7320....1B",
				"reference":"Brimacombe et al. (2015)",
				"alias":"2"
			},
			{
				"name":"2015ATel.7323....1E",
				"bibcode":"2015ATel.7323....1E",
				"reference":"Elias-Rosa et al. (2015)",
				"alias":"3"
			},
			{
				"name":"2011ApJ...737..103S",
				"bibcode":"2011ApJ...737..103S",
				"reference":"Schlafly & Finkbeiner (2011)",
				"alias":"4"
			},
			{
				"name":"Pan-STARRS 3Pi",
				"url":"http://psweb.mp.qub.ac.uk/ps1threepi/psdb/",
				"alias":"5"
			},
			{
				"name":"ASAS-SN Supernovae",
				"url":"http://www.astronomy.ohio-state.edu/~assassin/sn_list.html",
				"alias":"6"
			},
			{
				"name":"Asiago Supernova Catalogue",
				"secondary":true,
				"url":"http://graspa.oapd.inaf.it/cgi-bin/sncat.php",
				"alias":"7"
			},
			{
				"name":"Latest Supernovae",
				"secondary":true,
				"url":"http://www.rochesterastronomy.org/snimages/snredshiftall.html",
				"alias":"8"
			},
			{
				"name":"The Open Supernova Catalog",
				"bibcode":"2017ApJ...835...64G",
				"reference":"Guillochon et al. (2017)",
				"secondary":true,
				"url":"https://sne.space",
				"alias":"9"
			},
			{
				"name":"SIMBAD astronomical database",
				"bibcode":"2000A&AS..143....9W",
				"reference":"Wenger et al. (2000)",
				"secondary":true,
				"url":"http://simbad.u-strasbg.fr/",
				"alias":"10"
			}
		],
		"alias":[
			{
				"value":"ASASSN-15fz",
				"source":"2,5,6,7,8,10"
			},
			{
				"value":"PSN J13352514+0124305",
				"source":"2,8"
			},
			{
				"value":"PS15adi",
				"source":"2,8"
			},
			{
				"value":"PSN J13352514+012430",
				"source":"2,5"
			}
		],
		"claimedtype":[
			{
				"value":"II",
				"source":"2,3,6,7,8,10"
			}
		],
		"comovingdist":[
			{
				"value":"77.041",
				"derived":true,
				"u_value":"Mpc",
				"source":"1,2,3,6,7,8,9"
			}
		],
		"dec":[
			{
				"value":"+01:24:33.0",
				"u_value":"degrees",
				"source":"2,3,7,8,10"
			},
			{
				"value":"+01:24:30.5",
				"u_value":"degrees",
				"source":"2,5"
			},
			{
				"value":"+01:24:32.976",
				"u_value":"degrees",
				"source":"2,6"
			}
		],
		"discoverdate":[
			{
				"value":"2015/03/30",
				"source":"2,8"
			}
		],
		"discoverer":[
			{
				"value":"ASAS-SN",
				"source":"2,3,7,8"
			}
		],
		"ebv":[
			{
				"value":"0.0211",
				"derived":true,
				"e_value":"0.0003",
				"source":"4,9"
			}
		],
		"host":[
			{
				"value":"NGC 5227",
				"source":"2,3,5,6,7,8"
			}
		],
		"hostoffsetang":[
			{
				"value":"12.27",
				"u_value":"arcseconds",
				"source":"2,6"
			}
		],
		"lumdist":[
			{
				"value":"78.3878",
				"derived":true,
				"u_value":"Mpc",
				"source":"1,2,3,6,7,8,9"
			}
		],
		"maxabsmag":[
			{
				"value":"-17.5524",
				"derived":true,
				"source":"1,2,3,6,7,8,9"
			}
		],
		"maxappmag":[
			{
				"value":"16.9",
				"derived":true,
				"source":"2,8,9"
			}
		],
		"maxdate":[
			{
				"value":"2015/03/29",
				"derived":true,
				"source":"2,8,9"
			}
		],
		"maxvisualabsmag":[
			{
				"value":"-17.5712",
				"derived":true,
				"source":"1,2,3,6,7,8,9"
			}
		],
		"maxvisualappmag":[
			{
				"value":"16.9",
				"derived":true,
				"source":"2,8,9"
			}
		],
		"maxvisualdate":[
			{
				"value":"2015/03/29",
				"derived":true,
				"source":"2,8,9"
			}
		],
		"ra":[
			{
				"value":"13:35:25.14",
				"u_value":"hours",
				"source":"2,3,7,8,10"
			},
			{
				"value":"13:35:25.18",
				"u_value":"hours",
				"source":"2,5"
			},
			{
				"value":"13:35:25.2",
				"u_value":"hours",
				"source":"2,6"
			}
		],
		"redshift":[
			{
				"value":"0.017479",
				"source":"2,3,6,7,8"
			}
		],
		"velocity":[
			{
				"value":"5194.3",
				"u_value":"km/s",
				"source":"9"
			}
		],
		"photometry":[
			{
				"time":"57110.5",
				"magnitude":"16.9",
				"u_time":"MJD",
				"source":"2,8"
			},
			{
				"time":"57127.4360804256",
				"band":"w",
				"e_magnitude":"0.020972",
				"instrument":"GPC",
				"magnitude":"17.2257",
				"telescope":"Pan-STARRS1",
				"u_time":"MJD",
				"source":"2,5"
			},
			{
				"time":"57127.4512100959",
				"band":"w",
				"e_magnitude":"0.0183845",
				"instrument":"GPC",
				"magnitude":"17.2277",
				"telescope":"Pan-STARRS1",
				"u_time":"MJD",
				"source":"2,5"
			},
			{
				"time":"57127.480662453",
				"band":"w",
				"e_magnitude":"0.0118044",
				"instrument":"GPC",
				"magnitude":"17.194",
				"telescope":"Pan-STARRS1",
				"u_time":"MJD",
				"source":"2,5"
			},
			{
				"time":"57127.4958340666",
				"band":"w",
				"e_magnitude":"0.011342",
				"instrument":"GPC",
				"magnitude":"17.3146",
				"telescope":"Pan-STARRS1",
				"u_time":"MJD",
				"source":"2,5"
			},
			{
				"time":"57128.3475579844",
				"band":"w",
				"e_magnitude":"0.0124782",
				"instrument":"GPC",
				"magnitude":"17.2087",
				"telescope":"Pan-STARRS1",
				"u_time":"MJD",
				"source":"2,5"
			},
			{
				"time":"57128.3765370911",
				"band":"w",
				"e_magnitude":"0.0191232",
				"instrument":"GPC",
				"magnitude":"17.3283",
				"telescope":"Pan-STARRS1",
				"u_time":"MJD",
				"source":"2,5"
			},
			{
				"time":"57161.335403671",
				"band":"w",
				"e_magnitude":"0.0121063",
				"instrument":"GPC",
				"magnitude":"17.5718",
				"telescope":"Pan-STARRS1",
				"u_time":"MJD",
				"source":"2,5"
			},
			{
				"time":"57161.3470797818",
				"band":"w",
				"e_magnitude":"0.0133632",
				"instrument":"GPC",
				"magnitude":"17.5968",
				"telescope":"Pan-STARRS1",
				"u_time":"MJD",
				"source":"2,5"
			},
			{
				"time":"57161.3587852652",
				"band":"w",
				"e_magnitude":"0.0154792",
				"instrument":"GPC",
				"magnitude":"17.642",
				"telescope":"Pan-STARRS1",
				"u_time":"MJD",
				"source":"2,5"
			},
			{
				"time":"57161.3703957382",
				"band":"w",
				"e_magnitude":"0.0238007",
				"instrument":"GPC",
				"magnitude":"17.71",
				"telescope":"Pan-STARRS1",
				"u_time":"MJD",
				"source":"2,5"
			},
			{
				"time":"57162.3936366304",
				"band":"w",
				"e_magnitude":"0.0179103",
				"instrument":"GPC",
				"magnitude":"17.6801",
				"telescope":"Pan-STARRS1",
				"u_time":"MJD",
				"source":"2,5"
			},
			{
				"time":"57162.4052250916",
				"band":"w",
				"e_magnitude":"0.0217301",
				"instrument":"GPC",
				"magnitude":"17.6608",
				"telescope":"Pan-STARRS1",
				"u_time":"MJD",
				"source":"2,5"
			},
			{
				"time":"57162.4167704169",
				"band":"w",
				"e_magnitude":"0.0179875",
				"instrument":"GPC",
				"magnitude":"17.6943",
				"telescope":"Pan-STARRS1",
				"u_time":"MJD",
				"source":"2,5"
			},
			{
				"time":"57162.4284079306",
				"band":"w",
				"e_magnitude":"0.024158",
				"instrument":"GPC",
				"magnitude":"17.7039",
				"telescope":"Pan-STARRS1",
				"u_time":"MJD",
				"source":"2,5"
			},
			{
				"time":"57180.2755956081",
				"band":"w",
				"e_magnitude":"0.0133082",
				"instrument":"GPC",
				"magnitude":"17.726",
				"telescope":"Pan-STARRS1",
				"u_time":"MJD",
				"source":"2,5"
			},
			{
				"time":"57180.2971076239",
				"band":"w",
				"e_magnitude":"0.0220777",
				"instrument":"GPC",
				"magnitude":"17.7716",
				"telescope":"Pan-STARRS1",
				"u_time":"MJD",
				"source":"2,5"
			},
			{
				"time":"57180.3088655217",
				"band":"w",
				"e_magnitude":"0.0122984",
				"instrument":"GPC",
				"magnitude":"17.7181",
				"telescope":"Pan-STARRS1",
				"u_time":"MJD",
				"source":"2,5"
			},
			{
				"time":"57180.3206004752",
				"band":"w",
				"e_magnitude":"0.0198908",
				"instrument":"GPC",
				"magnitude":"17.7944",
				"telescope":"Pan-STARRS1",
				"u_time":"MJD",
				"source":"2,5"
			},
			{
				"time":"57181.2737874784",
				"band":"w",
				"e_magnitude":"0.0141342",
				"instrument":"GPC",
				"magnitude":"17.7298",
				"telescope":"Pan-STARRS1",
				"u_time":"MJD",
				"source":"2,5"
			},
			{
				"time":"57181.2855255614",
				"band":"w",
				"e_magnitude":"0.0115023",
				"instrument":"GPC",
				"magnitude":"17.7113",
				"telescope":"Pan-STARRS1",
				"u_time":"MJD",
				"source":"2,5"
			},
			{
				"time":"57181.2972490774",
				"band":"w",
				"e_magnitude":"0.00987106",
				"instrument":"GPC",
				"magnitude":"17.7054",
				"telescope":"Pan-STARRS1",
				"u_time":"MJD",
				"source":"2,5"
			},
			{
				"time":"57181.3090881966",
				"band":"w",
				"e_magnitude":"0.024202",
				"instrument":"GPC",
				"magnitude":"17.7948",
				"telescope":"Pan-STARRS1",
				"u_time":"MJD",
				"source":"2,5"
			},
			{
				"time":"57404.6265936753",
				"band":"w",
				"e_magnitude":"0.149252",
				"instrument":"GPC",
				"magnitude":"21.4875",
				"telescope":"Pan-STARRS1",
				"u_time":"MJD",
				"source":"2,5"
			},
			{
				"time":"57404.6373529857",
				"band":"w",
				"e_magnitude":"0.142974",
				"instrument":"GPC",
				"magnitude":"21.6159",
				"telescope":"Pan-STARRS1",
				"u_time":"MJD",
				"source":"2,5"
			},
			{
				"time":"57404.6480875896",
				"band":"w",
				"e_magnitude":"0.157147",
				"instrument":"GPC",
				"magnitude":"21.5508",
				"telescope":"Pan-STARRS1",
				"u_time":"MJD",
				"source":"2,5"
			},
			{
				"time":"57404.6588453194",
				"band":"w",
				"e_magnitude":"0.124228",
				"instrument":"GPC",
				"magnitude":"21.4347",
				"telescope":"Pan-STARRS1",
				"u_time":"MJD",
				"source":"2,5"
			},
			{
				"time":"57423.6058229265",
				"band":"w",
				"e_magnitude":"0.19661",
				"instrument":"GPC",
				"magnitude":"21.3865",
				"telescope":"Pan-STARRS1",
				"u_time":"MJD",
				"source":"2,5"
			},
			{
				"time":"57423.6173581709",
				"band":"w",
				"e_magnitude":"0.175137",
				"instrument":"GPC",
				"magnitude":"21.3676",
				"telescope":"Pan-STARRS1",
				"u_time":"MJD",
				"source":"2,5"
			},
			{
				"time":"57423.628961448",
				"band":"w",
				"e_magnitude":"0.171604",
				"instrument":"GPC",
				"magnitude":"21.3919",
				"telescope":"Pan-STARRS1",
				"u_time":"MJD",
				"source":"2,5"
			}
		]
	}
}