{
	"ASASSN-15ml":{
		"schema":"https://github.com/astrocatalogs/supernovae/blob/a0bc0b9/SCHEMA.md",
		"name":"ASASSN-15ml",
		"sources":[
			{
				"name":"2016A&A...594A..13P",
				"bibcode":"2016A&A...594A..13P",
				"reference":"Planck Collaboration et al. (2016)",
				"alias":"1"
			},
			{
				"name":"ATel 7791",
				"bibcode":"2015ATel.7791....1B",
				"reference":"Brimacombe et al. (2015)",
				"url":"http://www.astronomerstelegram.org/?read=7791",
				"alias":"2"
			},
			{
				"name":"ATel 7802",
				"bibcode":"2015ATel.7802....1P",
				"reference":"Piascik, Ashall, & Steele (2015)",
				"url":"http://www.astronomerstelegram.org/?read=7802",
				"alias":"3"
			},
			{
				"name":"2011ApJ...737..103S",
				"bibcode":"2011ApJ...737..103S",
				"reference":"Schlafly & Finkbeiner (2011)",
				"alias":"4"
			},
			{
				"name":"ASAS-SN Supernovae",
				"url":"http://www.astronomy.ohio-state.edu/~assassin/sn_list.html",
				"alias":"5"
			},
			{
				"name":"Latest Supernovae",
				"secondary":true,
				"url":"http://www.rochesterastronomy.org/snimages/snredshiftall.html",
				"alias":"6"
			},
			{
				"name":"The Open Supernova Catalog",
				"bibcode":"2017ApJ...835...64G",
				"reference":"Guillochon et al. (2017)",
				"secondary":true,
				"url":"https://sne.space",
				"alias":"7"
			}
		],
		"alias":[
			{
				"value":"ASASSN-15ml",
				"source":"2,5,6"
			}
		],
		"claimedtype":[
			{
				"value":"Ia",
				"source":"2,3,5,6"
			}
		],
		"comovingdist":[
			{
				"value":"82.062",
				"derived":true,
				"u_value":"Mpc",
				"source":"1,2,5,7"
			}
		],
		"dec":[
			{
				"value":"-21:54:48.3",
				"u_value":"degrees",
				"source":"2,6"
			},
			{
				"value":"-21:54:48.24",
				"u_value":"degrees",
				"source":"2,5"
			}
		],
		"discoverdate":[
			{
				"value":"2015/07/12",
				"source":"2,6"
			}
		],
		"discoverer":[
			{
				"value":"ASAS-SN",
				"source":"2,6"
			}
		],
		"ebv":[
			{
				"value":"0.156",
				"derived":true,
				"e_value":"0.0043",
				"source":"4,7"
			}
		],
		"host":[
			{
				"value":"2MASX J20030163-2154516",
				"source":"2,5"
			}
		],
		"hostdec":[
			{
				"value":"-21:54:51.6",
				"derived":true,
				"u_value":"degrees",
				"source":"7"
			}
		],
		"hostoffsetang":[
			{
				"value":"3.32",
				"u_value":"arcseconds",
				"source":"2,5"
			}
		],
		"hostoffsetdist":[
			{
				"value":"1.3",
				"source":"1,2,5,6,7"
			}
		],
		"hostra":[
			{
				"value":"20:03:01.63",
				"derived":true,
				"u_value":"hours",
				"source":"7"
			}
		],
		"lumdist":[
			{
				"value":"83.5898",
				"derived":true,
				"u_value":"Mpc",
				"source":"1,2,5,7"
			}
		],
		"maxabsmag":[
			{
				"value":"-17.7907",
				"derived":true,
				"source":"1,2,5,7"
			}
		],
		"maxappmag":[
			{
				"value":"16.8",
				"derived":true,
				"source":"2,6,7"
			}
		],
		"maxdate":[
			{
				"value":"2015/07/17",
				"derived":true,
				"source":"2,6,7"
			}
		],
		"maxvisualabsmag":[
			{
				"value":"-17.8108",
				"derived":true,
				"source":"1,2,5,7"
			}
		],
		"maxvisualappmag":[
			{
				"value":"16.8",
				"derived":true,
				"source":"2,6,7"
			}
		],
		"maxvisualdate":[
			{
				"value":"2015/07/17",
				"derived":true,
				"source":"2,6,7"
			}
		],
		"ra":[
			{
				"value":"20:03:01.67",
				"u_value":"hours",
				"source":"2,6"
			},
			{
				"value":"20:03:01.68",
				"u_value":"hours",
				"source":"2,5"
			}
		],
		"redshift":[
			{
				"value":"0.018623",
				"source":"2,5"
			}
		],
		"velocity":[
			{
				"value":"5531.1",
				"u_value":"km/s",
				"source":"7"
			}
		],
		"photometry":[
			{
				"time":"57220.5",
				"magnitude":"16.8",
				"u_time":"MJD",
				"source":"2,6"
			}
		]
	}
}