{
	"ASASSN-15ub":{
		"schema":"https://github.com/astrocatalogs/supernovae/blob/a0bc0b9/SCHEMA.md",
		"name":"ASASSN-15ub",
		"sources":[
			{
				"name":"2016A&A...594A..13P",
				"bibcode":"2016A&A...594A..13P",
				"reference":"Planck Collaboration et al. (2016)",
				"alias":"1"
			},
			{
				"name":"2015ATel.8409....1G",
				"bibcode":"2015ATel.8409....1G",
				"reference":"Guo et al. (2015)",
				"alias":"2"
			},
			{
				"name":"2015ATel.8419....1K",
				"bibcode":"2015ATel.8419....1K",
				"reference":"Kangas, Mattila, & Harmanen (2015)",
				"alias":"3"
			},
			{
				"name":"2011ApJ...737..103S",
				"bibcode":"2011ApJ...737..103S",
				"reference":"Schlafly & Finkbeiner (2011)",
				"alias":"4"
			},
			{
				"name":"Pan-STARRS 3Pi",
				"url":"http://psweb.mp.qub.ac.uk/ps1threepi/psdb/",
				"alias":"5"
			},
			{
				"name":"ASAS-SN Supernovae",
				"url":"http://www.astronomy.ohio-state.edu/~assassin/sn_list.html",
				"alias":"6"
			},
			{
				"name":"Latest Supernovae",
				"secondary":true,
				"url":"http://www.rochesterastronomy.org/snimages/snredshiftall.html",
				"alias":"7"
			},
			{
				"name":"The Open Supernova Catalog",
				"bibcode":"2017ApJ...835...64G",
				"reference":"Guillochon et al. (2017)",
				"secondary":true,
				"url":"https://sne.space",
				"alias":"8"
			},
			{
				"name":"SIMBAD astronomical database",
				"bibcode":"2000A&AS..143....9W",
				"reference":"Wenger et al. (2000)",
				"secondary":true,
				"url":"http://simbad.u-strasbg.fr/",
				"alias":"9"
			}
		],
		"alias":[
			{
				"value":"ASASSN-15ub",
				"source":"2,3,5,6,7,9"
			},
			{
				"value":"PS16ze",
				"source":"2,7"
			}
		],
		"claimedtype":[
			{
				"value":"Ia",
				"source":"2,3,6,7,9"
			}
		],
		"comovingdist":[
			{
				"value":"140.76",
				"derived":true,
				"u_value":"Mpc",
				"source":"1,2,6,8"
			}
		],
		"dec":[
			{
				"value":"+65:05:58.21",
				"u_value":"degrees",
				"source":"2,9"
			},
			{
				"value":"+65:05:58.2",
				"u_value":"degrees",
				"source":"2,6,7"
			},
			{
				"value":"+65:05:57.6",
				"u_value":"degrees",
				"source":"2,3,5"
			}
		],
		"discoverdate":[
			{
				"value":"2015/12/14",
				"source":"2,7"
			}
		],
		"discoverer":[
			{
				"value":"ASAS-SN",
				"source":"2,7"
			}
		],
		"ebv":[
			{
				"value":"0.0137",
				"derived":true,
				"e_value":"0.0006",
				"source":"4,8"
			}
		],
		"host":[
			{
				"value":"CGCG 314-006",
				"source":"2,6,7"
			},
			{
				"value":"CGCG 314-006 NED01",
				"source":"2,3,5"
			}
		],
		"hostoffsetang":[
			{
				"value":"5.73",
				"u_value":"arcseconds",
				"source":"2,6"
			}
		],
		"lumdist":[
			{
				"value":"145.275",
				"derived":true,
				"u_value":"Mpc",
				"source":"1,2,6,8"
			}
		],
		"maxabsmag":[
			{
				"value":"-19.1767",
				"derived":true,
				"source":"1,2,6,8"
			}
		],
		"maxappmag":[
			{
				"value":"16.6",
				"derived":true,
				"source":"2,7,8"
			}
		],
		"maxdate":[
			{
				"value":"2015/12/13",
				"derived":true,
				"source":"2,7,8"
			}
		],
		"maxvisualabsmag":[
			{
				"value":"-19.211",
				"derived":true,
				"source":"1,2,6,8"
			}
		],
		"maxvisualappmag":[
			{
				"value":"16.6",
				"derived":true,
				"source":"2,7,8"
			}
		],
		"maxvisualdate":[
			{
				"value":"2015/12/13",
				"derived":true,
				"source":"2,7,8"
			}
		],
		"ra":[
			{
				"value":"11:07:13.070",
				"u_value":"hours",
				"source":"2,9"
			},
			{
				"value":"11:07:13.07",
				"u_value":"hours",
				"source":"2,7"
			},
			{
				"value":"11:07:13.05",
				"u_value":"hours",
				"source":"2,3,5"
			},
			{
				"value":"11:07:12.96",
				"u_value":"hours",
				"source":"2,6"
			}
		],
		"redshift":[
			{
				"value":"0.032046",
				"source":"2,6"
			}
		],
		"velocity":[
			{
				"value":"9453.3",
				"u_value":"km/s",
				"source":"8"
			}
		],
		"photometry":[
			{
				"time":"57369.5",
				"magnitude":"16.6",
				"u_time":"MJD",
				"source":"2,7"
			},
			{
				"time":"57412.5065632812",
				"band":"i",
				"e_magnitude":"0.0807153",
				"instrument":"GPC",
				"magnitude":"18.4718",
				"telescope":"Pan-STARRS1",
				"u_time":"MJD",
				"source":"2,3,5"
			},
			{
				"time":"57412.5203412534",
				"band":"i",
				"e_magnitude":"0.0820729",
				"instrument":"GPC",
				"magnitude":"18.4665",
				"telescope":"Pan-STARRS1",
				"u_time":"MJD",
				"source":"2,3,5"
			},
			{
				"time":"57412.5340234175",
				"band":"i",
				"e_magnitude":"0.0686372",
				"instrument":"GPC",
				"magnitude":"18.4549",
				"telescope":"Pan-STARRS1",
				"u_time":"MJD",
				"source":"2,3,5"
			},
			{
				"time":"57412.5477247825",
				"band":"i",
				"e_magnitude":"0.0526874",
				"instrument":"GPC",
				"magnitude":"18.4285",
				"telescope":"Pan-STARRS1",
				"u_time":"MJD",
				"source":"2,3,5"
			},
			{
				"time":"57467.3235551668",
				"band":"i",
				"e_magnitude":"0.135464",
				"instrument":"GPC",
				"magnitude":"20.6977",
				"telescope":"Pan-STARRS1",
				"u_time":"MJD",
				"source":"2,3,5"
			},
			{
				"time":"57467.3360704464",
				"band":"i",
				"e_magnitude":"0.146806",
				"instrument":"GPC",
				"magnitude":"20.5377",
				"telescope":"Pan-STARRS1",
				"u_time":"MJD",
				"source":"2,3,5"
			},
			{
				"time":"57467.3485865075",
				"band":"i",
				"e_magnitude":"0.153156",
				"instrument":"GPC",
				"magnitude":"20.5616",
				"telescope":"Pan-STARRS1",
				"u_time":"MJD",
				"source":"2,3,5"
			},
			{
				"time":"57467.361074055",
				"band":"i",
				"e_magnitude":"0.109962",
				"instrument":"GPC",
				"magnitude":"20.2077",
				"telescope":"Pan-STARRS1",
				"u_time":"MJD",
				"source":"2,3,5"
			}
		]
	}
}