{
	"ASASSN-15fs":{
		"schema":"https://github.com/astrocatalogs/supernovae/blob/a0bc0b9/SCHEMA.md",
		"name":"ASASSN-15fs",
		"sources":[
			{
				"name":"2016A&A...594A..13P",
				"bibcode":"2016A&A...594A..13P",
				"reference":"Planck Collaboration et al. (2016)",
				"alias":"1"
			},
			{
				"name":"2015ATel.7296....1B",
				"bibcode":"2015ATel.7296....1B",
				"reference":"Brimacombe et al. (2015)",
				"alias":"2"
			},
			{
				"name":"2015ATel.7306....1F",
				"bibcode":"2015ATel.7306....1F",
				"reference":"Falco et al. (2015)",
				"alias":"3"
			},
			{
				"name":"2011ApJ...737..103S",
				"bibcode":"2011ApJ...737..103S",
				"reference":"Schlafly & Finkbeiner (2011)",
				"alias":"4"
			},
			{
				"name":"Gaia Photometric Science Alerts",
				"url":"http://gsaweb.ast.cam.ac.uk/alerts/alertsindex",
				"alias":"5"
			},
			{
				"name":"Pan-STARRS 3Pi",
				"url":"http://psweb.mp.qub.ac.uk/ps1threepi/psdb/",
				"alias":"6"
			},
			{
				"name":"ASAS-SN Supernovae",
				"url":"http://www.astronomy.ohio-state.edu/~assassin/sn_list.html",
				"alias":"7"
			},
			{
				"name":"CPCS Alert 26065",
				"url":"http://gsaweb.ast.cam.ac.uk/followup/get_alert_lc_data?alert_id=26065",
				"alias":"8"
			},
			{
				"name":"Cambridge Photometric Calibration Server",
				"secondary":true,
				"url":"http://gsaweb.ast.cam.ac.uk/followup/",
				"alias":"9"
			},
			{
				"name":"Latest Supernovae",
				"secondary":true,
				"url":"http://www.rochesterastronomy.org/snimages/snredshiftall.html",
				"alias":"10"
			},
			{
				"name":"The Open Supernova Catalog",
				"bibcode":"2017ApJ...835...64G",
				"reference":"Guillochon et al. (2017)",
				"secondary":true,
				"url":"https://sne.space",
				"alias":"11"
			},
			{
				"name":"SIMBAD astronomical database",
				"bibcode":"2000A&AS..143....9W",
				"reference":"Wenger et al. (2000)",
				"secondary":true,
				"url":"http://simbad.u-strasbg.fr/",
				"alias":"12"
			}
		],
		"alias":[
			{
				"value":"ASASSN-15fs",
				"source":"2,5,6,7,10,12"
			},
			{
				"value":"Gaia15afh",
				"source":"2,9,10"
			},
			{
				"value":"PS15aij",
				"source":"2,10"
			}
		],
		"claimedtype":[
			{
				"value":"Ia",
				"source":"2,3,5,7,10,12"
			}
		],
		"comovingdist":[
			{
				"value":"127.6",
				"derived":true,
				"u_value":"Mpc",
				"source":"1,2,7,10,11"
			}
		],
		"dec":[
			{
				"value":"+43:28:07.88",
				"u_value":"degrees",
				"source":"2,12"
			},
			{
				"value":"+43:28:07.9",
				"u_value":"degrees",
				"source":"2,10"
			},
			{
				"value":"+43:28:08.04",
				"u_value":"degrees",
				"source":"2,5,7,9"
			},
			{
				"value":"+43:28:07.8",
				"u_value":"degrees",
				"source":"2,6"
			}
		],
		"discoverdate":[
			{
				"value":"2015/03/25",
				"source":"2,10"
			}
		],
		"discoverer":[
			{
				"value":"ASAS-SN",
				"source":"2,10"
			}
		],
		"ebv":[
			{
				"value":"0.0769",
				"derived":true,
				"e_value":"0.0058",
				"source":"4,11"
			}
		],
		"host":[
			{
				"value":"CGCG 229-010",
				"source":"2,6,7,10"
			}
		],
		"hostoffsetang":[
			{
				"value":"2.5",
				"u_value":"arcseconds",
				"source":"2,7"
			}
		],
		"lumdist":[
			{
				"value":"131.27",
				"derived":true,
				"u_value":"Mpc",
				"source":"1,2,7,10,11"
			}
		],
		"maxabsmag":[
			{
				"value":"-20.3",
				"derived":true,
				"source":"1,2,7,10,11"
			}
		],
		"maxappmag":[
			{
				"value":"15.26",
				"derived":true,
				"source":"8,9,11"
			}
		],
		"maxband":[
			{
				"value":"V",
				"derived":true,
				"source":"8,9,11"
			}
		],
		"maxdate":[
			{
				"value":"2015/05/19",
				"derived":true,
				"source":"8,9,11"
			}
		],
		"maxvisualabsmag":[
			{
				"value":"-20.331",
				"derived":true,
				"source":"1,2,7,10,11"
			}
		],
		"maxvisualappmag":[
			{
				"value":"15.26",
				"derived":true,
				"source":"8,9,11"
			}
		],
		"maxvisualband":[
			{
				"value":"V",
				"derived":true,
				"source":"8,9,11"
			}
		],
		"maxvisualdate":[
			{
				"value":"2015/05/19",
				"derived":true,
				"source":"8,9,11"
			}
		],
		"ra":[
			{
				"value":"18:58:40.816",
				"u_value":"hours",
				"source":"2,12"
			},
			{
				"value":"18:58:40.82",
				"u_value":"hours",
				"source":"2,10"
			},
			{
				"value":"18:58:40.8",
				"u_value":"hours",
				"source":"2,5,7,9"
			},
			{
				"value":"18:58:40.79",
				"u_value":"hours",
				"source":"2,6"
			}
		],
		"redshift":[
			{
				"value":"0.02902",
				"source":"2,7,10"
			}
		],
		"velocity":[
			{
				"value":"8574",
				"u_value":"km/s",
				"source":"11"
			}
		],
		"photometry":[
			{
				"time":"57105.5",
				"magnitude":"16.6",
				"u_time":"MJD",
				"source":"2,10"
			},
			{
				"time":"57123.574",
				"band":"G",
				"e_magnitude":"0.0",
				"magnitude":"16.87",
				"telescope":"GAIA",
				"u_time":"MJD",
				"source":"5"
			},
			{
				"time":"57147.5502924099",
				"band":"i",
				"e_magnitude":"0.0482981",
				"instrument":"GPC",
				"magnitude":"17.6456",
				"telescope":"Pan-STARRS1",
				"u_time":"MJD",
				"source":"2,6"
			},
			{
				"time":"57147.5596435871",
				"band":"i",
				"e_magnitude":"0.0352193",
				"instrument":"GPC",
				"magnitude":"17.6586",
				"telescope":"Pan-STARRS1",
				"u_time":"MJD",
				"source":"2,6"
			},
			{
				"time":"57147.5690392852",
				"band":"i",
				"e_magnitude":"0.0531158",
				"instrument":"GPC",
				"magnitude":"17.6464",
				"telescope":"Pan-STARRS1",
				"u_time":"MJD",
				"source":"2,6"
			},
			{
				"time":"57147.5784593342",
				"band":"i",
				"e_magnitude":"0.0377338",
				"instrument":"GPC",
				"magnitude":"17.6506",
				"telescope":"Pan-STARRS1",
				"u_time":"MJD",
				"source":"2,6"
			},
			{
				"time":"57148.5778802066",
				"band":"z",
				"e_magnitude":"0.0242368",
				"instrument":"GPC",
				"magnitude":"17.6642",
				"telescope":"Pan-STARRS1",
				"u_time":"MJD",
				"source":"2,6"
			},
			{
				"time":"57148.6117050125",
				"band":"z",
				"e_magnitude":"0.0288971",
				"instrument":"GPC",
				"magnitude":"17.616",
				"telescope":"Pan-STARRS1",
				"u_time":"MJD",
				"source":"2,6"
			},
			{
				"time":"57148.6205396148",
				"band":"z",
				"e_magnitude":"0.0394326",
				"instrument":"GPC",
				"magnitude":"17.6137",
				"telescope":"Pan-STARRS1",
				"u_time":"MJD",
				"source":"2,6"
			},
			{
				"time":"57148.626886921",
				"band":"y",
				"e_magnitude":"0.0856873",
				"instrument":"GPC",
				"magnitude":"17.4395",
				"telescope":"Pan-STARRS1",
				"u_time":"MJD",
				"source":"2,6"
			},
			{
				"time":"57149.628028682",
				"band":"y",
				"e_magnitude":"0.112213",
				"instrument":"GPC",
				"magnitude":"17.5272",
				"telescope":"Pan-STARRS1",
				"u_time":"MJD",
				"source":"2,6"
			},
			{
				"time":"57151.5278867236",
				"band":"i",
				"e_magnitude":"0.0565299",
				"instrument":"GPC",
				"magnitude":"17.9193",
				"telescope":"Pan-STARRS1",
				"u_time":"MJD",
				"source":"2,6"
			},
			{
				"time":"57151.5408149352",
				"band":"i",
				"e_magnitude":"0.113368",
				"instrument":"GPC",
				"magnitude":"17.9476",
				"telescope":"Pan-STARRS1",
				"u_time":"MJD",
				"source":"2,6"
			},
			{
				"time":"57151.5537104215",
				"band":"i",
				"e_magnitude":"0.0787979",
				"instrument":"GPC",
				"magnitude":"17.9092",
				"telescope":"Pan-STARRS1",
				"u_time":"MJD",
				"source":"2,6"
			},
			{
				"time":"57151.5666190181",
				"band":"i",
				"e_magnitude":"0.066821",
				"instrument":"GPC",
				"magnitude":"17.8802",
				"telescope":"Pan-STARRS1",
				"u_time":"MJD",
				"source":"2,6"
			},
			{
				"time":"57153.5847547735",
				"band":"i",
				"e_magnitude":"0.025603",
				"instrument":"GPC",
				"magnitude":"18.0019",
				"telescope":"Pan-STARRS1",
				"u_time":"MJD",
				"source":"2,6"
			},
			{
				"time":"57153.5909312568",
				"band":"i",
				"e_magnitude":"0.0254839",
				"instrument":"GPC",
				"magnitude":"18.0303",
				"telescope":"Pan-STARRS1",
				"u_time":"MJD",
				"source":"2,6"
			},
			{
				"time":"57153.5970948129",
				"band":"i",
				"e_magnitude":"0.0224297",
				"instrument":"GPC",
				"magnitude":"18.0107",
				"telescope":"Pan-STARRS1",
				"u_time":"MJD",
				"source":"2,6"
			},
			{
				"time":"57153.603269501",
				"band":"i",
				"e_magnitude":"0.0247896",
				"instrument":"GPC",
				"magnitude":"18.0008",
				"telescope":"Pan-STARRS1",
				"u_time":"MJD",
				"source":"2,6"
			},
			{
				"time":"57159.797",
				"band":"G",
				"e_magnitude":"0.0",
				"magnitude":"18.33",
				"telescope":"GAIA",
				"u_time":"MJD",
				"source":"5"
			},
			{
				"time":"57159.871",
				"band":"G",
				"e_magnitude":"0.0",
				"magnitude":"18.41",
				"telescope":"GAIA",
				"u_time":"MJD",
				"source":"5"
			},
			{
				"time":"57161.8665",
				"band":"V",
				"e_magnitude":"0.033",
				"magnitude":"15.265",
				"observatory":"JureJapelj_Vega_Slov",
				"u_time":"MJD",
				"source":"8,9"
			},
			{
				"time":"57200.3786550389",
				"band":"i",
				"e_magnitude":"0.0575094",
				"instrument":"GPC",
				"magnitude":"19.6263",
				"telescope":"Pan-STARRS1",
				"u_time":"MJD",
				"source":"2,6"
			},
			{
				"time":"57200.3901629578",
				"band":"i",
				"e_magnitude":"0.0525761",
				"instrument":"GPC",
				"magnitude":"19.6772",
				"telescope":"Pan-STARRS1",
				"u_time":"MJD",
				"source":"2,6"
			},
			{
				"time":"57200.4016511993",
				"band":"i",
				"e_magnitude":"0.0520122",
				"instrument":"GPC",
				"magnitude":"19.6537",
				"telescope":"Pan-STARRS1",
				"u_time":"MJD",
				"source":"2,6"
			},
			{
				"time":"57200.4131649891",
				"band":"i",
				"e_magnitude":"0.0625392",
				"instrument":"GPC",
				"magnitude":"19.65",
				"telescope":"Pan-STARRS1",
				"u_time":"MJD",
				"source":"2,6"
			},
			{
				"time":"57201.4070271802",
				"band":"i",
				"e_magnitude":"0.0565985",
				"instrument":"GPC",
				"magnitude":"19.6782",
				"telescope":"Pan-STARRS1",
				"u_time":"MJD",
				"source":"2,6"
			},
			{
				"time":"57201.4182469617",
				"band":"i",
				"e_magnitude":"0.0570453",
				"instrument":"GPC",
				"magnitude":"19.596",
				"telescope":"Pan-STARRS1",
				"u_time":"MJD",
				"source":"2,6"
			},
			{
				"time":"57201.4294958912",
				"band":"i",
				"e_magnitude":"0.0522568",
				"instrument":"GPC",
				"magnitude":"19.663",
				"telescope":"Pan-STARRS1",
				"u_time":"MJD",
				"source":"2,6"
			},
			{
				"time":"57201.4407828008",
				"band":"i",
				"e_magnitude":"0.0669858",
				"instrument":"GPC",
				"magnitude":"19.7044",
				"telescope":"Pan-STARRS1",
				"u_time":"MJD",
				"source":"2,6"
			},
			{
				"time":"57207.4410758714",
				"band":"r",
				"e_magnitude":"0.156458",
				"instrument":"GPC",
				"magnitude":"19.4511",
				"telescope":"Pan-STARRS1",
				"u_time":"MJD",
				"source":"2,6"
			},
			{
				"time":"57207.4524344686",
				"band":"r",
				"e_magnitude":"0.148997",
				"instrument":"GPC",
				"magnitude":"19.525",
				"telescope":"Pan-STARRS1",
				"u_time":"MJD",
				"source":"2,6"
			},
			{
				"time":"57207.463676912",
				"band":"r",
				"e_magnitude":"0.123141",
				"instrument":"GPC",
				"magnitude":"19.6155",
				"telescope":"Pan-STARRS1",
				"u_time":"MJD",
				"source":"2,6"
			},
			{
				"time":"57207.4749482251",
				"band":"r",
				"e_magnitude":"0.201168",
				"instrument":"GPC",
				"magnitude":"19.4746",
				"telescope":"Pan-STARRS1",
				"u_time":"MJD",
				"source":"2,6"
			},
			{
				"time":"57210.4645187594",
				"band":"i",
				"e_magnitude":"0.0807607",
				"instrument":"GPC",
				"magnitude":"20.0344",
				"telescope":"Pan-STARRS1",
				"u_time":"MJD",
				"source":"2,6"
			},
			{
				"time":"57210.4896844385",
				"band":"i",
				"e_magnitude":"0.119133",
				"instrument":"GPC",
				"magnitude":"19.8475",
				"telescope":"Pan-STARRS1",
				"u_time":"MJD",
				"source":"2,6"
			},
			{
				"time":"57210.5024459744",
				"band":"i",
				"e_magnitude":"0.085713",
				"instrument":"GPC",
				"magnitude":"19.9612",
				"telescope":"Pan-STARRS1",
				"u_time":"MJD",
				"source":"2,6"
			},
			{
				"time":"57223.497",
				"band":"G",
				"e_magnitude":"0.0",
				"magnitude":"19.62",
				"telescope":"GAIA",
				"u_time":"MJD",
				"source":"5"
			},
			{
				"time":"57223.571",
				"band":"G",
				"e_magnitude":"0.0",
				"magnitude":"19.39",
				"telescope":"GAIA",
				"u_time":"MJD",
				"source":"5"
			},
			{
				"time":"57233.3857183184",
				"band":"i",
				"e_magnitude":"0.14589",
				"instrument":"GPC",
				"magnitude":"20.3364",
				"telescope":"Pan-STARRS1",
				"u_time":"MJD",
				"source":"2,6"
			},
			{
				"time":"57233.4083218173",
				"band":"i",
				"e_magnitude":"0.140236",
				"instrument":"GPC",
				"magnitude":"20.24",
				"telescope":"Pan-STARRS1",
				"u_time":"MJD",
				"source":"2,6"
			},
			{
				"time":"57233.4195413341",
				"band":"i",
				"e_magnitude":"0.152317",
				"instrument":"GPC",
				"magnitude":"20.24",
				"telescope":"Pan-STARRS1",
				"u_time":"MJD",
				"source":"2,6"
			},
			{
				"time":"57234.3693948439",
				"band":"i",
				"e_magnitude":"0.168808",
				"instrument":"GPC",
				"magnitude":"20.3603",
				"telescope":"Pan-STARRS1",
				"u_time":"MJD",
				"source":"2,6"
			},
			{
				"time":"57234.4035798231",
				"band":"i",
				"e_magnitude":"0.181064",
				"instrument":"GPC",
				"magnitude":"20.6324",
				"telescope":"Pan-STARRS1",
				"u_time":"MJD",
				"source":"2,6"
			}
		]
	}
}