{
	"ASASSN-15od":{
		"schema":"https://github.com/astrocatalogs/supernovae/blob/a0bc0b9/SCHEMA.md",
		"name":"ASASSN-15od",
		"sources":[
			{
				"name":"2016A&A...594A..13P",
				"bibcode":"2016A&A...594A..13P",
				"reference":"Planck Collaboration et al. (2016)",
				"alias":"1"
			},
			{
				"name":"ATel 7907",
				"bibcode":"2015ATel.7907....1K",
				"reference":"Kiyota et al. (2015)",
				"url":"http://www.astronomerstelegram.org/?read=7907",
				"alias":"2"
			},
			{
				"name":"ATel 7913",
				"bibcode":"2015ATel.7913....1R",
				"reference":"Reynolds, Mattila, & Harmanen (2015)",
				"url":"http://www.astronomerstelegram.org/?read=7913",
				"alias":"3"
			},
			{
				"name":"ATel 8167",
				"bibcode":"2015ATel.8167....1L",
				"reference":"Lewis et al. (2015)",
				"url":"http://www.astronomerstelegram.org/?read=8167",
				"alias":"4"
			},
			{
				"name":"2011ApJ...737..103S",
				"bibcode":"2011ApJ...737..103S",
				"reference":"Schlafly & Finkbeiner (2011)",
				"alias":"5"
			},
			{
				"name":"Pan-STARRS 3Pi",
				"url":"http://psweb.mp.qub.ac.uk/ps1threepi/psdb/",
				"alias":"6"
			},
			{
				"name":"ASAS-SN Supernovae",
				"url":"http://www.astronomy.ohio-state.edu/~assassin/sn_list.html",
				"alias":"7"
			},
			{
				"name":"Latest Supernovae",
				"secondary":true,
				"url":"http://www.rochesterastronomy.org/snimages/snredshiftall.html",
				"alias":"8"
			},
			{
				"name":"The Open Supernova Catalog",
				"bibcode":"2017ApJ...835...64G",
				"reference":"Guillochon et al. (2017)",
				"secondary":true,
				"url":"https://sne.space",
				"alias":"9"
			},
			{
				"name":"SIMBAD astronomical database",
				"bibcode":"2000A&AS..143....9W",
				"reference":"Wenger et al. (2000)",
				"secondary":true,
				"url":"http://simbad.u-strasbg.fr/",
				"alias":"10"
			}
		],
		"alias":[
			{
				"value":"ASASSN-15od",
				"source":"2,3,4,6,8,10"
			},
			{
				"value":"PS15bxd",
				"source":"2,6,7"
			},
			{
				"value":"DES15X3iv",
				"source":"2,8,10"
			}
		],
		"claimedtype":[
			{
				"value":"Ia",
				"source":"2,3,4,6,7,8,10"
			}
		],
		"comovingdist":[
			{
				"value":"79.28",
				"derived":true,
				"u_value":"Mpc",
				"source":"1,2,7,9"
			}
		],
		"dec":[
			{
				"value":"-04:31:02.00",
				"u_value":"degrees",
				"source":"2,10"
			},
			{
				"value":"-04:31:02.0",
				"u_value":"degrees",
				"source":"2,8"
			},
			{
				"value":"-04:31:01.9",
				"u_value":"degrees",
				"source":"2,3,4,6"
			},
			{
				"value":"-04:31:02.064",
				"u_value":"degrees",
				"source":"2,7"
			}
		],
		"discoverdate":[
			{
				"value":"2015/08/10",
				"source":"2,8"
			}
		],
		"discoverer":[
			{
				"value":"ASAS-SN",
				"source":"2,8"
			}
		],
		"ebv":[
			{
				"value":"0.0245",
				"derived":true,
				"e_value":"0.0009",
				"source":"5,9"
			}
		],
		"host":[
			{
				"value":"MCG -01-07-04",
				"source":"2,8"
			},
			{
				"value":"MCG -01-07-004",
				"source":"2,3,4,6,7"
			}
		],
		"hostoffsetang":[
			{
				"value":"1.08",
				"u_value":"arcseconds",
				"source":"2,7"
			}
		],
		"lumdist":[
			{
				"value":"80.7058",
				"derived":true,
				"u_value":"Mpc",
				"source":"1,2,7,9"
			}
		],
		"maxabsmag":[
			{
				"value":"-17.8252",
				"derived":true,
				"source":"1,2,7,9"
			}
		],
		"maxappmag":[
			{
				"value":"16.69",
				"derived":true,
				"source":"2,3,4,6,9"
			}
		],
		"maxband":[
			{
				"value":"i",
				"derived":true,
				"source":"2,3,4,6,9"
			}
		],
		"maxdate":[
			{
				"value":"2015/09/08",
				"derived":true,
				"source":"2,3,4,6,9"
			}
		],
		"maxvisualabsmag":[
			{
				"value":"-17.8445",
				"derived":true,
				"source":"1,2,7,9"
			}
		],
		"maxvisualappmag":[
			{
				"value":"16.69",
				"derived":true,
				"source":"2,3,4,6,9"
			}
		],
		"maxvisualband":[
			{
				"value":"i",
				"derived":true,
				"source":"2,3,4,6,9"
			}
		],
		"maxvisualdate":[
			{
				"value":"2015/09/08",
				"derived":true,
				"source":"2,3,4,6,9"
			}
		],
		"ra":[
			{
				"value":"02:23:13.210",
				"u_value":"hours",
				"source":"2,10"
			},
			{
				"value":"02:23:13.21",
				"u_value":"hours",
				"source":"2,8"
			},
			{
				"value":"02:23:13.19",
				"u_value":"hours",
				"source":"2,3,4,6"
			},
			{
				"value":"02:23:13.2",
				"u_value":"hours",
				"source":"2,7"
			}
		],
		"redshift":[
			{
				"value":"0.017989",
				"source":"2,7"
			}
		],
		"velocity":[
			{
				"value":"5344.5",
				"u_value":"km/s",
				"source":"9"
			}
		],
		"photometry":[
			{
				"time":"57272.5",
				"magnitude":"16.7",
				"u_time":"MJD",
				"source":"2,8"
			},
			{
				"time":"57273.548335529",
				"band":"i",
				"e_magnitude":"0.0139993",
				"instrument":"GPC",
				"magnitude":"16.6851",
				"telescope":"Pan-STARRS1",
				"u_time":"MJD",
				"source":"2,3,4,6"
			},
			{
				"time":"57273.5622191842",
				"band":"i",
				"e_magnitude":"0.0174541",
				"instrument":"GPC",
				"magnitude":"16.7212",
				"telescope":"Pan-STARRS1",
				"u_time":"MJD",
				"source":"2,3,4,6"
			},
			{
				"time":"57273.5761009945",
				"band":"i",
				"e_magnitude":"0.0166185",
				"instrument":"GPC",
				"magnitude":"16.7348",
				"telescope":"Pan-STARRS1",
				"u_time":"MJD",
				"source":"2,3,4,6"
			},
			{
				"time":"57273.5899763684",
				"band":"i",
				"e_magnitude":"0.0149352",
				"instrument":"GPC",
				"magnitude":"16.7118",
				"telescope":"Pan-STARRS1",
				"u_time":"MJD",
				"source":"2,3,4,6"
			},
			{
				"time":"57308.4113318174",
				"band":"w",
				"e_magnitude":"0.0264704",
				"instrument":"GPC",
				"magnitude":"18.0275",
				"telescope":"Pan-STARRS1",
				"u_time":"MJD",
				"source":"2,3,4,6"
			},
			{
				"time":"57308.4254812876",
				"band":"w",
				"e_magnitude":"0.0193397",
				"instrument":"GPC",
				"magnitude":"17.9964",
				"telescope":"Pan-STARRS1",
				"u_time":"MJD",
				"source":"2,3,4,6"
			},
			{
				"time":"57308.4395827598",
				"band":"w",
				"e_magnitude":"0.0286111",
				"instrument":"GPC",
				"magnitude":"18.0248",
				"telescope":"Pan-STARRS1",
				"u_time":"MJD",
				"source":"2,3,4,6"
			},
			{
				"time":"57308.4536836765",
				"band":"w",
				"e_magnitude":"0.0234562",
				"instrument":"GPC",
				"magnitude":"18.0074",
				"telescope":"Pan-STARRS1",
				"u_time":"MJD",
				"source":"2,3,4,6"
			},
			{
				"time":"57310.4583293699",
				"band":"w",
				"e_magnitude":"0.0133785",
				"instrument":"GPC",
				"magnitude":"17.9583",
				"telescope":"Pan-STARRS1",
				"u_time":"MJD",
				"source":"2,3,4,6"
			},
			{
				"time":"57310.472436734",
				"band":"w",
				"e_magnitude":"0.0126783",
				"instrument":"GPC",
				"magnitude":"17.9654",
				"telescope":"Pan-STARRS1",
				"u_time":"MJD",
				"source":"2,3,4,6"
			},
			{
				"time":"57310.4865570158",
				"band":"w",
				"e_magnitude":"0.0122682",
				"instrument":"GPC",
				"magnitude":"17.966",
				"telescope":"Pan-STARRS1",
				"u_time":"MJD",
				"source":"2,3,4,6"
			},
			{
				"time":"57310.5006621353",
				"band":"w",
				"e_magnitude":"0.0155023",
				"instrument":"GPC",
				"magnitude":"18.0004",
				"telescope":"Pan-STARRS1",
				"u_time":"MJD",
				"source":"2,3,4,6"
			},
			{
				"time":"57362.3069842652",
				"band":"w",
				"e_magnitude":"0.0394964",
				"instrument":"GPC",
				"magnitude":"19.3915",
				"telescope":"Pan-STARRS1",
				"u_time":"MJD",
				"source":"2,3,4,6"
			},
			{
				"time":"57362.318185212",
				"band":"w",
				"e_magnitude":"0.0360042",
				"instrument":"GPC",
				"magnitude":"19.3683",
				"telescope":"Pan-STARRS1",
				"u_time":"MJD",
				"source":"2,3,4,6"
			},
			{
				"time":"57362.3294174991",
				"band":"w",
				"e_magnitude":"0.0547718",
				"instrument":"GPC",
				"magnitude":"19.4179",
				"telescope":"Pan-STARRS1",
				"u_time":"MJD",
				"source":"2,3,4,6"
			},
			{
				"time":"57362.340714049",
				"band":"w",
				"e_magnitude":"0.062094",
				"instrument":"GPC",
				"magnitude":"19.5127",
				"telescope":"Pan-STARRS1",
				"u_time":"MJD",
				"source":"2,3,4,6"
			},
			{
				"time":"57390.2650232332",
				"band":"w",
				"e_magnitude":"0.0635223",
				"instrument":"GPC",
				"magnitude":"20.1201",
				"telescope":"Pan-STARRS1",
				"u_time":"MJD",
				"source":"2,3,4,6"
			},
			{
				"time":"57390.2753832586",
				"band":"w",
				"e_magnitude":"0.0572437",
				"instrument":"GPC",
				"magnitude":"20.0957",
				"telescope":"Pan-STARRS1",
				"u_time":"MJD",
				"source":"2,3,4,6"
			}
		]
	}
}