{
	"ASASSN-15lp":{
		"schema":"https://github.com/astrocatalogs/supernovae/blob/a0bc0b9/SCHEMA.md",
		"name":"ASASSN-15lp",
		"sources":[
			{
				"name":"2016A&A...594A..13P",
				"bibcode":"2016A&A...594A..13P",
				"reference":"Planck Collaboration et al. (2016)",
				"alias":"1"
			},
			{
				"name":"ATel 7691",
				"bibcode":"2015ATel.7691....1K",
				"reference":"Kiyota et al. (2015)",
				"url":"http://www.astronomerstelegram.org/?read=7691",
				"alias":"2"
			},
			{
				"name":"ATel 7692",
				"bibcode":"2015ATel.7692....1M",
				"reference":"Morrell (2015)",
				"url":"http://www.astronomerstelegram.org/?read=7692",
				"alias":"3"
			},
			{
				"name":"2011ApJ...737..103S",
				"bibcode":"2011ApJ...737..103S",
				"reference":"Schlafly & Finkbeiner (2011)",
				"alias":"4"
			},
			{
				"name":"ASAS-SN Supernovae",
				"url":"http://www.astronomy.ohio-state.edu/~assassin/sn_list.html",
				"alias":"5"
			},
			{
				"name":"Latest Supernovae",
				"secondary":true,
				"url":"http://www.rochesterastronomy.org/snimages/snredshiftall.html",
				"alias":"6"
			},
			{
				"name":"The Open Supernova Catalog",
				"bibcode":"2017ApJ...835...64G",
				"reference":"Guillochon et al. (2017)",
				"secondary":true,
				"url":"https://sne.space",
				"alias":"7"
			}
		],
		"alias":[
			{
				"value":"ASASSN-15lp",
				"source":"2,5,6"
			}
		],
		"claimedtype":[
			{
				"value":"Ia",
				"source":"2,3,5,6"
			}
		],
		"comovingdist":[
			{
				"value":"77.95",
				"derived":true,
				"u_value":"Mpc",
				"source":"1,2,5,6,7"
			}
		],
		"dec":[
			{
				"value":"+05:38:23.3",
				"u_value":"degrees",
				"source":"2,6"
			},
			{
				"value":"+05:38:23.316",
				"u_value":"degrees",
				"source":"2,5"
			}
		],
		"discoverdate":[
			{
				"value":"2015/06/20",
				"source":"2,6"
			}
		],
		"discoverer":[
			{
				"value":"ASAS-SN",
				"source":"2,6"
			}
		],
		"ebv":[
			{
				"value":"0.0558",
				"derived":true,
				"e_value":"0.0031",
				"source":"4,7"
			}
		],
		"host":[
			{
				"value":"MRK 576",
				"source":"2,6"
			},
			{
				"value":"MRK 0576",
				"source":"2,5"
			}
		],
		"hostoffsetang":[
			{
				"value":"1.49",
				"u_value":"arcseconds",
				"source":"2,5"
			}
		],
		"lumdist":[
			{
				"value":"79.3284",
				"derived":true,
				"u_value":"Mpc",
				"source":"1,2,5,6,7"
			}
		],
		"maxabsmag":[
			{
				"value":"-19.5781",
				"derived":true,
				"source":"1,2,5,6,7"
			}
		],
		"maxappmag":[
			{
				"value":"14.9",
				"derived":true,
				"source":"2,6,7"
			}
		],
		"maxdate":[
			{
				"value":"2015/06/20",
				"derived":true,
				"source":"2,6,7"
			}
		],
		"maxvisualabsmag":[
			{
				"value":"-19.5971",
				"derived":true,
				"source":"1,2,5,6,7"
			}
		],
		"maxvisualappmag":[
			{
				"value":"14.9",
				"derived":true,
				"source":"2,6,7"
			}
		],
		"maxvisualdate":[
			{
				"value":"2015/06/20",
				"derived":true,
				"source":"2,6,7"
			}
		],
		"ra":[
			{
				"value":"01:49:10.32",
				"u_value":"hours",
				"source":"2,5,6"
			}
		],
		"redshift":[
			{
				"value":"0.017686",
				"source":"2,5,6"
			}
		],
		"velocity":[
			{
				"value":"5255.2",
				"u_value":"km/s",
				"source":"7"
			}
		],
		"photometry":[
			{
				"time":"57193.5",
				"magnitude":"14.9",
				"u_time":"MJD",
				"source":"2,6"
			}
		]
	}
}