{
	"ASASSN-15sh":{
		"schema":"https://github.com/astrocatalogs/supernovae/blob/a0bc0b9/SCHEMA.md",
		"name":"ASASSN-15sh",
		"sources":[
			{
				"name":"2016A&A...594A..13P",
				"bibcode":"2016A&A...594A..13P",
				"reference":"Planck Collaboration et al. (2016)",
				"alias":"1"
			},
			{
				"name":"2015ATel.8237....1B",
				"bibcode":"2015ATel.8237....1B",
				"reference":"Brown et al. (2015)",
				"alias":"2"
			},
			{
				"name":"2015ATel.8268....1D",
				"bibcode":"2015ATel.8268....1D",
				"reference":"Dennefeld et al. (2015)",
				"alias":"3"
			},
			{
				"name":"2011ApJ...737..103S",
				"bibcode":"2011ApJ...737..103S",
				"reference":"Schlafly & Finkbeiner (2011)",
				"alias":"4"
			},
			{
				"name":"ASAS-SN Supernovae",
				"url":"http://www.astronomy.ohio-state.edu/~assassin/sn_list.html",
				"alias":"5"
			},
			{
				"name":"Latest Supernovae",
				"secondary":true,
				"url":"http://www.rochesterastronomy.org/snimages/snredshiftall.html",
				"alias":"6"
			},
			{
				"name":"The Open Supernova Catalog",
				"bibcode":"2017ApJ...835...64G",
				"reference":"Guillochon et al. (2017)",
				"secondary":true,
				"url":"https://sne.space",
				"alias":"7"
			},
			{
				"name":"WISeREP",
				"bibcode":"2012PASP..124..668Y",
				"reference":"Yaron & Gal-Yam (2012)",
				"secondary":true,
				"url":"http://wiserep.weizmann.ac.il/",
				"alias":"8"
			},
			{
				"name":"SIMBAD astronomical database",
				"bibcode":"2000A&AS..143....9W",
				"reference":"Wenger et al. (2000)",
				"secondary":true,
				"url":"http://simbad.u-strasbg.fr/",
				"alias":"9"
			}
		],
		"alias":[
			{
				"value":"ASASSN-15sh",
				"source":"2,5,6,8,9"
			}
		],
		"claimedtype":[
			{
				"value":"Ia",
				"source":"3,8,9"
			},
			{
				"value":"Ia-91T",
				"source":"2,3,5,6"
			}
		],
		"comovingdist":[
			{
				"value":"140",
				"derived":true,
				"u_value":"Mpc",
				"source":"1,2,5,6,7,8"
			}
		],
		"dec":[
			{
				"value":"-62:26:29.99",
				"u_value":"degrees",
				"source":"2,9"
			},
			{
				"value":"-62:26:29.10",
				"u_value":"degrees",
				"source":"2,6"
			},
			{
				"value":"-62:26:30.12",
				"u_value":"degrees",
				"source":"2,5"
			}
		],
		"discoverdate":[
			{
				"value":"2015/11/02",
				"source":"2,6"
			}
		],
		"discoverer":[
			{
				"value":"ASAS-SN",
				"source":"2,6"
			}
		],
		"ebv":[
			{
				"value":"0.0487",
				"derived":true,
				"e_value":"0.0016",
				"source":"4,7"
			}
		],
		"host":[
			{
				"value":"2MASX J19320827-6226340",
				"source":"2,5"
			}
		],
		"hostdec":[
			{
				"value":"-62:26:34.0",
				"derived":true,
				"u_value":"degrees",
				"source":"7"
			}
		],
		"hostoffsetang":[
			{
				"value":"19.22",
				"u_value":"arcseconds",
				"source":"2,5"
			}
		],
		"hostoffsetdist":[
			{
				"value":"12.63",
				"source":"1,2,5,6,7,8,9"
			}
		],
		"hostra":[
			{
				"value":"19:32:08.27",
				"derived":true,
				"u_value":"hours",
				"source":"7"
			}
		],
		"lumdist":[
			{
				"value":"150",
				"derived":true,
				"u_value":"Mpc",
				"source":"1,2,5,6,7,8"
			}
		],
		"maxabsmag":[
			{
				"value":"-19.2",
				"derived":true,
				"source":"1,2,5,6,7,8"
			}
		],
		"maxappmag":[
			{
				"value":"16.6",
				"derived":true,
				"source":"2,6,7"
			}
		],
		"maxdate":[
			{
				"value":"2015/11/01",
				"derived":true,
				"source":"2,6,7"
			}
		],
		"maxvisualabsmag":[
			{
				"value":"-19.3",
				"derived":true,
				"source":"1,2,5,6,7,8"
			}
		],
		"maxvisualappmag":[
			{
				"value":"16.6",
				"derived":true,
				"source":"2,6,7"
			}
		],
		"maxvisualdate":[
			{
				"value":"2015/11/01",
				"derived":true,
				"source":"2,6,7"
			}
		],
		"ra":[
			{
				"value":"19:32:07.007",
				"u_value":"hours",
				"source":"2,9"
			},
			{
				"value":"19:32:07.01",
				"u_value":"hours",
				"source":"2,6"
			},
			{
				"value":"19:32:06.96",
				"u_value":"hours",
				"source":"2,5"
			}
		],
		"redshift":[
			{
				"value":"0.033",
				"source":"2,5,6,8"
			}
		],
		"velocity":[
			{
				"value":"9700",
				"u_value":"km/s",
				"source":"7"
			}
		],
		"photometry":[
			{
				"time":"57327.5",
				"magnitude":"16.6",
				"u_time":"MJD",
				"source":"2,6"
			}
		],
		"spectra":[
			{
				"time":"57336.0",
				"filename":"tASSAS15sh_20151109_Gr13_Free_slit1.5_1_f.asci",
				"instrument":"ESO-NTT - EFOSC2-NTT",
				"observer":"Dennefeld, Harmanen",
				"redshift":"0.033",
				"reducer":"Kangas",
				"reduction":"final",
				"survey":"PESSTO",
				"u_fluxes":"erg/s/cm^2/Angstrom",
				"u_time":"MJD",
				"u_wavelengths":"Angstrom",
				"data":[
					[
						"3650.381836",
						"1.86173e-16"
					],
					[
						"3655.900281",
						"2.05622e-16"
					],
					[
						"3661.418726",
						"1.95501e-16"
					],
					[
						"3666.937171",
						"1.78469e-16"
					],
					[
						"3672.455616",
						"2.19693e-16"
					],
					[
						"3677.974061",
						"2.32971e-16"
					],
					[
						"3683.492506",
						"2.08793e-16"
					],
					[
						"3689.010951",
						"2.59594e-16"
					],
					[
						"3694.529396",
						"2.63959e-16"
					],
					[
						"3700.047841",
						"2.05483e-16"
					],
					[
						"3705.566286",
						"2.07117e-16"
					],
					[
						"3711.084731",
						"2.036e-16"
					],
					[
						"3716.603176",
						"1.87192e-16"
					],
					[
						"3722.121621",
						"2.1666e-16"
					],
					[
						"3727.640066",
						"2.19824e-16"
					],
					[
						"3733.158511",
						"2.55298e-16"
					],
					[
						"3738.676956",
						"2.38257e-16"
					],
					[
						"3744.195401",
						"2.37237e-16"
					],
					[
						"3749.713846",
						"2.51428e-16"
					],
					[
						"3755.232291",
						"2.92249e-16"
					],
					[
						"3760.750736",
						"3.05837e-16"
					],
					[
						"3766.269181",
						"2.82876e-16"
					],
					[
						"3771.787626",
						"3.35136e-16"
					],
					[
						"3777.306071",
						"3.40523e-16"
					],
					[
						"3782.824516",
						"3.50372e-16"
					],
					[
						"3788.342961",
						"3.39163e-16"
					],
					[
						"3793.861406",
						"3.56259e-16"
					],
					[
						"3799.379851",
						"3.92776e-16"
					],
					[
						"3804.898296",
						"3.84871e-16"
					],
					[
						"3810.416741",
						"3.4207e-16"
					],
					[
						"3815.935186",
						"3.87762e-16"
					],
					[
						"3821.453631",
						"3.50707e-16"
					],
					[
						"3826.972076",
						"3.30116e-16"
					],
					[
						"3832.490521",
						"3.32923e-16"
					],
					[
						"3838.008966",
						"3.49452e-16"
					],
					[
						"3843.527411",
						"3.43177e-16"
					],
					[
						"3849.045856",
						"3.25798e-16"
					],
					[
						"3854.564301",
						"3.31286e-16"
					],
					[
						"3860.082747",
						"3.47813e-16"
					],
					[
						"3865.601192",
						"3.32e-16"
					],
					[
						"3871.119637",
						"3.06552e-16"
					],
					[
						"3876.638082",
						"3.07197e-16"
					],
					[
						"3882.156527",
						"2.80118e-16"
					],
					[
						"3887.674972",
						"2.80863e-16"
					],
					[
						"3893.193417",
						"2.97206e-16"
					],
					[
						"3898.711862",
						"2.76123e-16"
					],
					[
						"3904.230307",
						"2.70549e-16"
					],
					[
						"3909.748752",
						"2.45248e-16"
					],
					[
						"3915.267197",
						"2.48509e-16"
					],
					[
						"3920.785642",
						"2.39552e-16"
					],
					[
						"3926.304087",
						"2.2671e-16"
					],
					[
						"3931.822532",
						"2.54354e-16"
					],
					[
						"3937.340977",
						"2.67359e-16"
					],
					[
						"3942.859422",
						"2.34173e-16"
					],
					[
						"3948.377867",
						"2.70791e-16"
					],
					[
						"3953.896312",
						"2.81292e-16"
					],
					[
						"3959.414757",
						"3.06735e-16"
					],
					[
						"3964.933202",
						"3.29797e-16"
					],
					[
						"3970.451647",
						"3.37785e-16"
					],
					[
						"3975.970092",
						"3.50386e-16"
					],
					[
						"3981.488537",
						"3.70185e-16"
					],
					[
						"3987.006982",
						"3.75568e-16"
					],
					[
						"3992.525427",
						"3.62315e-16"
					],
					[
						"3998.043872",
						"3.75527e-16"
					],
					[
						"4003.562317",
						"4.08472e-16"
					],
					[
						"4009.080762",
						"3.9305e-16"
					],
					[
						"4014.599207",
						"4.37151e-16"
					],
					[
						"4020.117652",
						"4.28338e-16"
					],
					[
						"4025.636097",
						"4.20285e-16"
					],
					[
						"4031.154542",
						"4.49305e-16"
					],
					[
						"4036.672987",
						"4.27591e-16"
					],
					[
						"4042.191432",
						"4.27327e-16"
					],
					[
						"4047.709877",
						"4.44675e-16"
					],
					[
						"4053.228322",
						"4.58144e-16"
					],
					[
						"4058.746767",
						"4.32324e-16"
					],
					[
						"4064.265212",
						"4.75786e-16"
					],
					[
						"4069.783657",
						"4.62884e-16"
					],
					[
						"4075.302102",
						"4.7813e-16"
					],
					[
						"4080.820547",
						"4.7e-16"
					],
					[
						"4086.338992",
						"4.60839e-16"
					],
					[
						"4091.857437",
						"4.51338e-16"
					],
					[
						"4097.375882",
						"4.35929e-16"
					],
					[
						"4102.894327",
						"4.3294e-16"
					],
					[
						"4108.412772",
						"4.12551e-16"
					],
					[
						"4113.931217",
						"3.78652e-16"
					],
					[
						"4119.449662",
						"3.85206e-16"
					],
					[
						"4124.968107",
						"3.78598e-16"
					],
					[
						"4130.486552",
						"3.41991e-16"
					],
					[
						"4136.004997",
						"3.55688e-16"
					],
					[
						"4141.523442",
						"3.32944e-16"
					],
					[
						"4147.041887",
						"3.42089e-16"
					],
					[
						"4152.560332",
						"3.39523e-16"
					],
					[
						"4158.078777",
						"3.36504e-16"
					],
					[
						"4163.597222",
						"3.47276e-16"
					],
					[
						"4169.115667",
						"3.50045e-16"
					],
					[
						"4174.634112",
						"3.59933e-16"
					],
					[
						"4180.152557",
						"3.58557e-16"
					],
					[
						"4185.671002",
						"3.48961e-16"
					],
					[
						"4191.189447",
						"3.39832e-16"
					],
					[
						"4196.707892",
						"3.34217e-16"
					],
					[
						"4202.226337",
						"3.44609e-16"
					],
					[
						"4207.744782",
						"3.44164e-16"
					],
					[
						"4213.263227",
						"3.35059e-16"
					],
					[
						"4218.781672",
						"3.37332e-16"
					],
					[
						"4224.300117",
						"3.08768e-16"
					],
					[
						"4229.818563",
						"3.14043e-16"
					],
					[
						"4235.337008",
						"3.22858e-16"
					],
					[
						"4240.855453",
						"3.24873e-16"
					],
					[
						"4246.373898",
						"3.21724e-16"
					],
					[
						"4251.892343",
						"3.26256e-16"
					],
					[
						"4257.410788",
						"3.25466e-16"
					],
					[
						"4262.929233",
						"3.23042e-16"
					],
					[
						"4268.447678",
						"3.3398e-16"
					],
					[
						"4273.966123",
						"3.42252e-16"
					],
					[
						"4279.484568",
						"3.6389e-16"
					],
					[
						"4285.003013",
						"3.47093e-16"
					],
					[
						"4290.521458",
						"3.70604e-16"
					],
					[
						"4296.039903",
						"3.81292e-16"
					],
					[
						"4301.558348",
						"3.86288e-16"
					],
					[
						"4307.076793",
						"3.916e-16"
					],
					[
						"4312.595238",
						"4.05159e-16"
					],
					[
						"4318.113683",
						"4.06929e-16"
					],
					[
						"4323.632128",
						"3.90613e-16"
					],
					[
						"4329.150573",
						"3.99964e-16"
					],
					[
						"4334.669018",
						"4.13133e-16"
					],
					[
						"4340.187463",
						"3.91752e-16"
					],
					[
						"4345.705908",
						"3.88765e-16"
					],
					[
						"4351.224353",
						"3.74966e-16"
					],
					[
						"4356.742798",
						"3.95781e-16"
					],
					[
						"4362.261243",
						"3.90277e-16"
					],
					[
						"4367.779688",
						"3.69406e-16"
					],
					[
						"4373.298133",
						"3.4865e-16"
					],
					[
						"4378.816578",
						"3.56841e-16"
					],
					[
						"4384.335023",
						"3.56399e-16"
					],
					[
						"4389.853468",
						"3.78304e-16"
					],
					[
						"4395.371913",
						"3.87691e-16"
					],
					[
						"4400.890358",
						"3.71809e-16"
					],
					[
						"4406.408803",
						"3.70438e-16"
					],
					[
						"4411.927248",
						"3.86259e-16"
					],
					[
						"4417.445693",
						"3.93591e-16"
					],
					[
						"4422.964138",
						"3.9054e-16"
					],
					[
						"4428.482583",
						"4.01716e-16"
					],
					[
						"4434.001028",
						"3.959e-16"
					],
					[
						"4439.519473",
						"3.70997e-16"
					],
					[
						"4445.037918",
						"3.73275e-16"
					],
					[
						"4450.556363",
						"3.75859e-16"
					],
					[
						"4456.074808",
						"3.76046e-16"
					],
					[
						"4461.593253",
						"3.39544e-16"
					],
					[
						"4467.111698",
						"3.3199e-16"
					],
					[
						"4472.630143",
						"3.27737e-16"
					],
					[
						"4478.148588",
						"3.16783e-16"
					],
					[
						"4483.667033",
						"2.99155e-16"
					],
					[
						"4489.185478",
						"2.93835e-16"
					],
					[
						"4494.703923",
						"2.78546e-16"
					],
					[
						"4500.222368",
						"2.70966e-16"
					],
					[
						"4505.740813",
						"2.69673e-16"
					],
					[
						"4511.259258",
						"2.74977e-16"
					],
					[
						"4516.777703",
						"2.5176e-16"
					],
					[
						"4522.296148",
						"2.39435e-16"
					],
					[
						"4527.814593",
						"2.31625e-16"
					],
					[
						"4533.333038",
						"2.26651e-16"
					],
					[
						"4538.851483",
						"2.39454e-16"
					],
					[
						"4544.369928",
						"2.30313e-16"
					],
					[
						"4549.888373",
						"2.38516e-16"
					],
					[
						"4555.406818",
						"2.25331e-16"
					],
					[
						"4560.925263",
						"2.39649e-16"
					],
					[
						"4566.443708",
						"2.43518e-16"
					],
					[
						"4571.962153",
						"2.48805e-16"
					],
					[
						"4577.480598",
						"2.55383e-16"
					],
					[
						"4582.999043",
						"2.57271e-16"
					],
					[
						"4588.517488",
						"2.61897e-16"
					],
					[
						"4594.035933",
						"2.82184e-16"
					],
					[
						"4599.554379",
						"2.75594e-16"
					],
					[
						"4605.072824",
						"2.83238e-16"
					],
					[
						"4610.591269",
						"2.9069e-16"
					],
					[
						"4616.109714",
						"3.03853e-16"
					],
					[
						"4621.628159",
						"3.1821e-16"
					],
					[
						"4627.146604",
						"3.3e-16"
					],
					[
						"4632.665049",
						"3.44547e-16"
					],
					[
						"4638.183494",
						"3.51094e-16"
					],
					[
						"4643.701939",
						"3.77525e-16"
					],
					[
						"4649.220384",
						"3.9545e-16"
					],
					[
						"4654.738829",
						"4.1634e-16"
					],
					[
						"4660.257274",
						"4.45511e-16"
					],
					[
						"4665.775719",
						"4.57058e-16"
					],
					[
						"4671.294164",
						"4.87125e-16"
					],
					[
						"4676.812609",
						"5.30865e-16"
					],
					[
						"4682.331054",
						"5.56599e-16"
					],
					[
						"4687.849499",
						"6.08737e-16"
					],
					[
						"4693.367944",
						"6.27513e-16"
					],
					[
						"4698.886389",
						"6.64501e-16"
					],
					[
						"4704.404834",
						"6.83941e-16"
					],
					[
						"4709.923279",
						"7.02557e-16"
					],
					[
						"4715.441724",
						"7.15479e-16"
					],
					[
						"4720.960169",
						"7.38051e-16"
					],
					[
						"4726.478614",
						"7.622e-16"
					],
					[
						"4731.997059",
						"7.46347e-16"
					],
					[
						"4737.515504",
						"7.48482e-16"
					],
					[
						"4743.033949",
						"7.88658e-16"
					],
					[
						"4748.552394",
						"7.95732e-16"
					],
					[
						"4754.070839",
						"7.84276e-16"
					],
					[
						"4759.589284",
						"7.82927e-16"
					],
					[
						"4765.107729",
						"7.76201e-16"
					],
					[
						"4770.626174",
						"7.68597e-16"
					],
					[
						"4776.144619",
						"7.31503e-16"
					],
					[
						"4781.663064",
						"7.27482e-16"
					],
					[
						"4787.181509",
						"6.87567e-16"
					],
					[
						"4792.699954",
						"6.65075e-16"
					],
					[
						"4798.218399",
						"6.57084e-16"
					],
					[
						"4803.736844",
						"6.11055e-16"
					],
					[
						"4809.255289",
						"5.80687e-16"
					],
					[
						"4814.773734",
						"5.56967e-16"
					],
					[
						"4820.292179",
						"5.39704e-16"
					],
					[
						"4825.810624",
						"5.22974e-16"
					],
					[
						"4831.329069",
						"4.97255e-16"
					],
					[
						"4836.847514",
						"4.60482e-16"
					],
					[
						"4842.365959",
						"4.8478e-16"
					],
					[
						"4847.884404",
						"4.50194e-16"
					],
					[
						"4853.402849",
						"4.26646e-16"
					],
					[
						"4858.921294",
						"4.20556e-16"
					],
					[
						"4864.439739",
						"4.00536e-16"
					],
					[
						"4869.958184",
						"3.87521e-16"
					],
					[
						"4875.476629",
						"3.91465e-16"
					],
					[
						"4880.995074",
						"3.81618e-16"
					],
					[
						"4886.513519",
						"3.4637e-16"
					],
					[
						"4892.031964",
						"3.53328e-16"
					],
					[
						"4897.550409",
						"3.4361e-16"
					],
					[
						"4903.068854",
						"3.41827e-16"
					],
					[
						"4908.587299",
						"3.44866e-16"
					],
					[
						"4914.105744",
						"3.41665e-16"
					],
					[
						"4919.624189",
						"3.49416e-16"
					],
					[
						"4925.142634",
						"3.71929e-16"
					],
					[
						"4930.661079",
						"3.69883e-16"
					],
					[
						"4936.179524",
						"3.73386e-16"
					],
					[
						"4941.697969",
						"3.76773e-16"
					],
					[
						"4947.216414",
						"3.87355e-16"
					],
					[
						"4952.734859",
						"3.93123e-16"
					],
					[
						"4958.253304",
						"3.77082e-16"
					],
					[
						"4963.771749",
						"3.64686e-16"
					],
					[
						"4969.290195",
						"3.7491e-16"
					],
					[
						"4974.80864",
						"3.61122e-16"
					],
					[
						"4980.327085",
						"3.69318e-16"
					],
					[
						"4985.84553",
						"3.58828e-16"
					],
					[
						"4991.363975",
						"3.68637e-16"
					],
					[
						"4996.88242",
						"3.72151e-16"
					],
					[
						"5002.400865",
						"3.77514e-16"
					],
					[
						"5007.91931",
						"3.97806e-16"
					],
					[
						"5013.437755",
						"3.88881e-16"
					],
					[
						"5018.9562",
						"4.02626e-16"
					],
					[
						"5024.474645",
						"4.29512e-16"
					],
					[
						"5029.99309",
						"4.38834e-16"
					],
					[
						"5035.511535",
						"4.50118e-16"
					],
					[
						"5041.02998",
						"4.49796e-16"
					],
					[
						"5046.548425",
						"4.91042e-16"
					],
					[
						"5052.06687",
						"4.8601e-16"
					],
					[
						"5057.585315",
						"5.14113e-16"
					],
					[
						"5063.10376",
						"5.18027e-16"
					],
					[
						"5068.622205",
						"5.07434e-16"
					],
					[
						"5074.14065",
						"5.26266e-16"
					],
					[
						"5079.659095",
						"5.08208e-16"
					],
					[
						"5085.17754",
						"5.28309e-16"
					],
					[
						"5090.695985",
						"4.89675e-16"
					],
					[
						"5096.21443",
						"4.8056e-16"
					],
					[
						"5101.732875",
						"4.48077e-16"
					],
					[
						"5107.25132",
						"4.32155e-16"
					],
					[
						"5112.769765",
						"4.35235e-16"
					],
					[
						"5118.28821",
						"4.07949e-16"
					],
					[
						"5123.806655",
						"3.81662e-16"
					],
					[
						"5129.3251",
						"3.82713e-16"
					],
					[
						"5134.843545",
						"3.66394e-16"
					],
					[
						"5140.36199",
						"3.54467e-16"
					],
					[
						"5145.880435",
						"3.60626e-16"
					],
					[
						"5151.39888",
						"3.59161e-16"
					],
					[
						"5156.917325",
						"3.44736e-16"
					],
					[
						"5162.43577",
						"3.45736e-16"
					],
					[
						"5167.954215",
						"3.48732e-16"
					],
					[
						"5173.47266",
						"3.38597e-16"
					],
					[
						"5178.991105",
						"3.33268e-16"
					],
					[
						"5184.50955",
						"3.43081e-16"
					],
					[
						"5190.027995",
						"3.5095e-16"
					],
					[
						"5195.54644",
						"3.51247e-16"
					],
					[
						"5201.064885",
						"3.46375e-16"
					],
					[
						"5206.58333",
						"3.35336e-16"
					],
					[
						"5212.101775",
						"3.28386e-16"
					],
					[
						"5217.62022",
						"3.44499e-16"
					],
					[
						"5223.138665",
						"3.48456e-16"
					],
					[
						"5228.65711",
						"3.30848e-16"
					],
					[
						"5234.175555",
						"3.37875e-16"
					],
					[
						"5239.694",
						"3.49862e-16"
					],
					[
						"5245.212445",
						"3.3207e-16"
					],
					[
						"5250.73089",
						"3.23928e-16"
					],
					[
						"5256.249335",
						"3.3442e-16"
					],
					[
						"5261.76778",
						"3.38234e-16"
					],
					[
						"5267.286225",
						"3.42411e-16"
					],
					[
						"5272.80467",
						"3.49475e-16"
					],
					[
						"5278.323115",
						"3.52275e-16"
					],
					[
						"5283.84156",
						"3.6499e-16"
					],
					[
						"5289.360005",
						"3.60781e-16"
					],
					[
						"5294.87845",
						"3.84917e-16"
					],
					[
						"5300.396895",
						"3.85581e-16"
					],
					[
						"5305.91534",
						"3.83311e-16"
					],
					[
						"5311.433785",
						"4.15467e-16"
					],
					[
						"5316.95223",
						"4.38825e-16"
					],
					[
						"5322.470675",
						"4.31315e-16"
					],
					[
						"5327.98912",
						"4.59739e-16"
					],
					[
						"5333.507566",
						"4.91555e-16"
					],
					[
						"5339.026011",
						"5.08007e-16"
					],
					[
						"5344.544456",
						"5.26213e-16"
					],
					[
						"5350.062901",
						"5.50141e-16"
					],
					[
						"5355.581346",
						"5.57205e-16"
					],
					[
						"5361.099791",
						"5.63456e-16"
					],
					[
						"5366.618236",
						"5.86538e-16"
					],
					[
						"5372.136681",
						"5.81131e-16"
					],
					[
						"5377.655126",
						"6.0943e-16"
					],
					[
						"5383.173571",
						"6.13817e-16"
					],
					[
						"5388.692016",
						"6.26871e-16"
					],
					[
						"5394.210461",
						"6.40345e-16"
					],
					[
						"5399.728906",
						"6.45176e-16"
					],
					[
						"5405.247351",
						"6.38653e-16"
					],
					[
						"5410.765796",
						"6.74125e-16"
					],
					[
						"5416.284241",
						"6.77184e-16"
					],
					[
						"5421.802686",
						"6.8118e-16"
					],
					[
						"5427.321131",
						"6.61386e-16"
					],
					[
						"5432.839576",
						"6.80565e-16"
					],
					[
						"5438.358021",
						"6.8273e-16"
					],
					[
						"5443.876466",
						"6.69747e-16"
					],
					[
						"5449.394911",
						"6.73746e-16"
					],
					[
						"5454.913356",
						"6.76742e-16"
					],
					[
						"5460.431801",
						"6.78777e-16"
					],
					[
						"5465.950246",
						"6.77489e-16"
					],
					[
						"5471.468691",
						"6.65846e-16"
					],
					[
						"5476.987136",
						"6.4203e-16"
					],
					[
						"5482.505581",
						"6.51042e-16"
					],
					[
						"5488.024026",
						"6.43983e-16"
					],
					[
						"5493.542471",
						"6.39605e-16"
					],
					[
						"5499.060916",
						"6.33159e-16"
					],
					[
						"5504.579361",
						"6.29938e-16"
					],
					[
						"5510.097806",
						"6.19979e-16"
					],
					[
						"5515.616251",
						"6.28792e-16"
					],
					[
						"5521.134696",
						"6.19045e-16"
					],
					[
						"5526.653141",
						"6.171e-16"
					],
					[
						"5532.171586",
						"6.31334e-16"
					],
					[
						"5537.690031",
						"6.29611e-16"
					],
					[
						"5543.208476",
						"6.31547e-16"
					],
					[
						"5548.726921",
						"6.3161e-16"
					],
					[
						"5554.245366",
						"6.4005e-16"
					],
					[
						"5559.763811",
						"6.4403e-16"
					],
					[
						"5565.282256",
						"6.30419e-16"
					],
					[
						"5570.800701",
						"6.52362e-16"
					],
					[
						"5576.319146",
						"6.33824e-16"
					],
					[
						"5581.837591",
						"6.33831e-16"
					],
					[
						"5587.356036",
						"6.52892e-16"
					],
					[
						"5592.874481",
						"6.3215e-16"
					],
					[
						"5598.392926",
						"6.36115e-16"
					],
					[
						"5603.911371",
						"6.27975e-16"
					],
					[
						"5609.429816",
						"6.33121e-16"
					],
					[
						"5614.948261",
						"6.2882e-16"
					],
					[
						"5620.466706",
						"6.14171e-16"
					],
					[
						"5625.985151",
						"6.03393e-16"
					],
					[
						"5631.503596",
						"6.06953e-16"
					],
					[
						"5637.022041",
						"5.94189e-16"
					],
					[
						"5642.540486",
						"5.83958e-16"
					],
					[
						"5648.058931",
						"5.91005e-16"
					],
					[
						"5653.577376",
						"5.85685e-16"
					],
					[
						"5659.095821",
						"5.7208e-16"
					],
					[
						"5664.614266",
						"5.57364e-16"
					],
					[
						"5670.132711",
						"5.45668e-16"
					],
					[
						"5675.651156",
						"5.48582e-16"
					],
					[
						"5681.169601",
						"5.40809e-16"
					],
					[
						"5686.688046",
						"5.28344e-16"
					],
					[
						"5692.206491",
						"5.23739e-16"
					],
					[
						"5697.724936",
						"5.08288e-16"
					],
					[
						"5703.243382",
						"5.10279e-16"
					],
					[
						"5708.761827",
						"4.80837e-16"
					],
					[
						"5714.280272",
						"4.9459e-16"
					],
					[
						"5719.798717",
						"4.86177e-16"
					],
					[
						"5725.317162",
						"4.63989e-16"
					],
					[
						"5730.835607",
						"4.66674e-16"
					],
					[
						"5736.354052",
						"4.54531e-16"
					],
					[
						"5741.872497",
						"4.53998e-16"
					],
					[
						"5747.390942",
						"4.41798e-16"
					],
					[
						"5752.909387",
						"4.45809e-16"
					],
					[
						"5758.427832",
						"4.29481e-16"
					],
					[
						"5763.946277",
						"4.14577e-16"
					],
					[
						"5769.464722",
						"4.30657e-16"
					],
					[
						"5774.983167",
						"4.08338e-16"
					],
					[
						"5780.501612",
						"3.83312e-16"
					],
					[
						"5786.020057",
						"3.83166e-16"
					],
					[
						"5791.538502",
						"3.85118e-16"
					],
					[
						"5797.056947",
						"3.78589e-16"
					],
					[
						"5802.575392",
						"3.66004e-16"
					],
					[
						"5808.093837",
						"3.61008e-16"
					],
					[
						"5813.612282",
						"3.61094e-16"
					],
					[
						"5819.130727",
						"3.669e-16"
					],
					[
						"5824.649172",
						"3.44852e-16"
					],
					[
						"5830.167617",
						"3.42409e-16"
					],
					[
						"5835.686062",
						"3.42259e-16"
					],
					[
						"5841.204507",
						"3.31503e-16"
					],
					[
						"5846.722952",
						"3.18219e-16"
					],
					[
						"5852.241397",
						"3.22473e-16"
					],
					[
						"5857.759842",
						"3.32867e-16"
					],
					[
						"5863.278287",
						"3.32553e-16"
					],
					[
						"5868.796732",
						"3.19708e-16"
					],
					[
						"5874.315177",
						"3.29932e-16"
					],
					[
						"5879.833622",
						"3.46007e-16"
					],
					[
						"5885.352067",
						"3.33934e-16"
					],
					[
						"5890.870512",
						"3.45812e-16"
					],
					[
						"5896.388957",
						"3.65127e-16"
					],
					[
						"5901.907402",
						"3.60208e-16"
					],
					[
						"5907.425847",
						"3.55949e-16"
					],
					[
						"5912.944292",
						"3.8206e-16"
					],
					[
						"5918.462737",
						"3.86438e-16"
					],
					[
						"5923.981182",
						"3.88544e-16"
					],
					[
						"5929.499627",
						"4.12119e-16"
					],
					[
						"5935.018072",
						"4.36733e-16"
					],
					[
						"5940.536517",
						"4.28191e-16"
					],
					[
						"5946.054962",
						"4.43121e-16"
					],
					[
						"5951.573407",
						"4.57021e-16"
					],
					[
						"5957.091852",
						"4.5639e-16"
					],
					[
						"5962.610297",
						"4.82639e-16"
					],
					[
						"5968.128742",
						"5.03147e-16"
					],
					[
						"5973.647187",
						"5.18353e-16"
					],
					[
						"5979.165632",
						"5.20214e-16"
					],
					[
						"5984.684077",
						"5.30489e-16"
					],
					[
						"5990.202522",
						"5.55433e-16"
					],
					[
						"5995.720967",
						"5.63386e-16"
					],
					[
						"6001.239412",
						"5.63714e-16"
					],
					[
						"6006.757857",
						"5.7363e-16"
					],
					[
						"6012.276302",
						"5.73867e-16"
					],
					[
						"6017.794747",
						"5.70605e-16"
					],
					[
						"6023.313192",
						"5.78647e-16"
					],
					[
						"6028.831637",
						"5.88149e-16"
					],
					[
						"6034.350082",
						"5.80073e-16"
					],
					[
						"6039.868527",
						"5.84556e-16"
					],
					[
						"6045.386972",
						"5.74623e-16"
					],
					[
						"6050.905417",
						"5.66564e-16"
					],
					[
						"6056.423862",
						"5.709e-16"
					],
					[
						"6061.942307",
						"5.43567e-16"
					],
					[
						"6067.460752",
						"5.48206e-16"
					],
					[
						"6072.979197",
						"5.28709e-16"
					],
					[
						"6078.497643",
						"5.10964e-16"
					],
					[
						"6084.016088",
						"5.13418e-16"
					],
					[
						"6089.534533",
						"4.98923e-16"
					],
					[
						"6095.052978",
						"5.04492e-16"
					],
					[
						"6100.571423",
						"4.84865e-16"
					],
					[
						"6106.089868",
						"4.84092e-16"
					],
					[
						"6111.608313",
						"4.62172e-16"
					],
					[
						"6117.126758",
						"4.6877e-16"
					],
					[
						"6122.645203",
						"4.50382e-16"
					],
					[
						"6128.163648",
						"4.47798e-16"
					],
					[
						"6133.682093",
						"4.34659e-16"
					],
					[
						"6139.200538",
						"4.4348e-16"
					],
					[
						"6144.718983",
						"4.23321e-16"
					],
					[
						"6150.237428",
						"4.22458e-16"
					],
					[
						"6155.755873",
						"4.09681e-16"
					],
					[
						"6161.274318",
						"4.23288e-16"
					],
					[
						"6166.792763",
						"4.17119e-16"
					],
					[
						"6172.311208",
						"4.14519e-16"
					],
					[
						"6177.829653",
						"3.96291e-16"
					],
					[
						"6183.348098",
						"3.80074e-16"
					],
					[
						"6188.866543",
						"3.98018e-16"
					],
					[
						"6194.384988",
						"4.03936e-16"
					],
					[
						"6199.903433",
						"3.84566e-16"
					],
					[
						"6205.421878",
						"3.79726e-16"
					],
					[
						"6210.940323",
						"3.78093e-16"
					],
					[
						"6216.458768",
						"3.70067e-16"
					],
					[
						"6221.977213",
						"3.89798e-16"
					],
					[
						"6227.495658",
						"3.9199e-16"
					],
					[
						"6233.014103",
						"3.92953e-16"
					],
					[
						"6238.532548",
						"4.00064e-16"
					],
					[
						"6244.050993",
						"4.05705e-16"
					],
					[
						"6249.569438",
						"4.15627e-16"
					],
					[
						"6255.087883",
						"4.07033e-16"
					],
					[
						"6260.606328",
						"4.0674e-16"
					],
					[
						"6266.124773",
						"3.96205e-16"
					],
					[
						"6271.643218",
						"3.87943e-16"
					],
					[
						"6277.161663",
						"3.85877e-16"
					],
					[
						"6282.680108",
						"3.62324e-16"
					],
					[
						"6288.198553",
						"3.5539e-16"
					],
					[
						"6293.716998",
						"3.38809e-16"
					],
					[
						"6299.235443",
						"3.35986e-16"
					],
					[
						"6304.753888",
						"3.25841e-16"
					],
					[
						"6310.272333",
						"3.28131e-16"
					],
					[
						"6315.790778",
						"3.179e-16"
					],
					[
						"6321.309223",
						"3.11205e-16"
					],
					[
						"6326.827668",
						"3.19231e-16"
					],
					[
						"6332.346113",
						"3.15062e-16"
					],
					[
						"6337.864558",
						"3.10156e-16"
					],
					[
						"6343.383003",
						"3.07996e-16"
					],
					[
						"6348.901448",
						"3.38341e-16"
					],
					[
						"6354.419893",
						"3.34431e-16"
					],
					[
						"6359.938338",
						"3.24651e-16"
					],
					[
						"6365.456783",
						"3.34952e-16"
					],
					[
						"6370.975228",
						"3.34647e-16"
					],
					[
						"6376.493673",
						"3.34092e-16"
					],
					[
						"6382.012118",
						"3.29267e-16"
					],
					[
						"6387.530563",
						"3.36004e-16"
					],
					[
						"6393.049008",
						"3.36061e-16"
					],
					[
						"6398.567453",
						"3.31631e-16"
					],
					[
						"6404.085898",
						"3.11449e-16"
					],
					[
						"6409.604343",
						"3.24714e-16"
					],
					[
						"6415.122788",
						"3.17248e-16"
					],
					[
						"6420.641233",
						"3.31029e-16"
					],
					[
						"6426.159678",
						"3.2734e-16"
					],
					[
						"6431.678123",
						"3.2449e-16"
					],
					[
						"6437.196568",
						"3.43345e-16"
					],
					[
						"6442.715014",
						"3.27284e-16"
					],
					[
						"6448.233459",
						"3.3189e-16"
					],
					[
						"6453.751904",
						"3.42016e-16"
					],
					[
						"6459.270349",
						"3.44188e-16"
					],
					[
						"6464.788794",
						"3.45389e-16"
					],
					[
						"6470.307239",
						"3.29981e-16"
					],
					[
						"6475.825684",
						"3.32281e-16"
					],
					[
						"6481.344129",
						"3.45218e-16"
					],
					[
						"6486.862574",
						"3.46214e-16"
					],
					[
						"6492.381019",
						"3.53357e-16"
					],
					[
						"6497.899464",
						"3.61291e-16"
					],
					[
						"6503.417909",
						"3.69543e-16"
					],
					[
						"6508.936354",
						"3.71553e-16"
					],
					[
						"6514.454799",
						"3.59824e-16"
					],
					[
						"6519.973244",
						"3.7562e-16"
					],
					[
						"6525.491689",
						"3.7626e-16"
					],
					[
						"6531.010134",
						"3.64263e-16"
					],
					[
						"6536.528579",
						"3.70612e-16"
					],
					[
						"6542.047024",
						"3.7003e-16"
					],
					[
						"6547.565469",
						"3.83837e-16"
					],
					[
						"6553.083914",
						"3.66457e-16"
					],
					[
						"6558.602359",
						"3.7133e-16"
					],
					[
						"6564.120804",
						"3.77611e-16"
					],
					[
						"6569.639249",
						"3.79282e-16"
					],
					[
						"6575.157694",
						"3.74136e-16"
					],
					[
						"6580.676139",
						"3.72165e-16"
					],
					[
						"6586.194584",
						"3.90108e-16"
					],
					[
						"6591.713029",
						"3.81056e-16"
					],
					[
						"6597.231474",
						"3.73986e-16"
					],
					[
						"6602.749919",
						"3.80731e-16"
					],
					[
						"6608.268364",
						"3.64067e-16"
					],
					[
						"6613.786809",
						"3.71687e-16"
					],
					[
						"6619.305254",
						"3.74273e-16"
					],
					[
						"6624.823699",
						"3.71259e-16"
					],
					[
						"6630.342144",
						"3.79117e-16"
					],
					[
						"6635.860589",
						"3.9807e-16"
					],
					[
						"6641.379034",
						"3.92383e-16"
					],
					[
						"6646.897479",
						"3.88864e-16"
					],
					[
						"6652.415924",
						"3.89986e-16"
					],
					[
						"6657.934369",
						"3.90201e-16"
					],
					[
						"6663.452814",
						"3.84293e-16"
					],
					[
						"6668.971259",
						"3.9231e-16"
					],
					[
						"6674.489704",
						"3.84291e-16"
					],
					[
						"6680.008149",
						"3.79325e-16"
					],
					[
						"6685.526594",
						"3.83382e-16"
					],
					[
						"6691.045039",
						"3.80262e-16"
					],
					[
						"6696.563484",
						"3.91775e-16"
					],
					[
						"6702.081929",
						"3.87745e-16"
					],
					[
						"6707.600374",
						"3.65693e-16"
					],
					[
						"6713.118819",
						"3.70344e-16"
					],
					[
						"6718.637264",
						"3.61106e-16"
					],
					[
						"6724.155709",
						"3.63372e-16"
					],
					[
						"6729.674154",
						"3.64464e-16"
					],
					[
						"6735.192599",
						"3.69391e-16"
					],
					[
						"6740.711044",
						"3.44548e-16"
					],
					[
						"6746.229489",
						"3.54191e-16"
					],
					[
						"6751.747934",
						"3.53985e-16"
					],
					[
						"6757.266379",
						"3.45728e-16"
					],
					[
						"6762.784824",
						"3.3982e-16"
					],
					[
						"6768.303269",
						"3.44038e-16"
					],
					[
						"6773.821714",
						"3.42715e-16"
					],
					[
						"6779.340159",
						"3.38073e-16"
					],
					[
						"6784.858604",
						"3.13497e-16"
					],
					[
						"6790.377049",
						"3.13896e-16"
					],
					[
						"6795.895494",
						"3.11227e-16"
					],
					[
						"6801.413939",
						"3.08065e-16"
					],
					[
						"6806.932384",
						"3.01001e-16"
					],
					[
						"6812.45083",
						"2.93701e-16"
					],
					[
						"6817.969275",
						"2.90884e-16"
					],
					[
						"6823.48772",
						"2.91301e-16"
					],
					[
						"6829.006165",
						"2.88995e-16"
					],
					[
						"6834.52461",
						"2.86275e-16"
					],
					[
						"6840.043055",
						"2.73019e-16"
					],
					[
						"6845.5615",
						"2.69583e-16"
					],
					[
						"6851.079945",
						"2.82063e-16"
					],
					[
						"6856.59839",
						"2.7061e-16"
					],
					[
						"6862.116835",
						"2.59233e-16"
					],
					[
						"6867.63528",
						"2.42824e-16"
					],
					[
						"6873.153725",
						"2.2502e-16"
					],
					[
						"6878.67217",
						"2.15865e-16"
					],
					[
						"6884.190615",
						"2.18934e-16"
					],
					[
						"6889.70906",
						"2.29437e-16"
					],
					[
						"6895.227505",
						"2.20179e-16"
					],
					[
						"6900.74595",
						"2.16809e-16"
					],
					[
						"6906.264395",
						"2.1719e-16"
					],
					[
						"6911.78284",
						"2.16354e-16"
					],
					[
						"6917.301285",
						"2.22416e-16"
					],
					[
						"6922.81973",
						"2.31025e-16"
					],
					[
						"6928.338175",
						"2.33539e-16"
					],
					[
						"6933.85662",
						"2.25164e-16"
					],
					[
						"6939.375065",
						"2.31863e-16"
					],
					[
						"6944.89351",
						"2.29246e-16"
					],
					[
						"6950.411955",
						"2.38769e-16"
					],
					[
						"6955.9304",
						"2.22951e-16"
					],
					[
						"6961.448845",
						"2.17449e-16"
					],
					[
						"6966.96729",
						"2.10653e-16"
					],
					[
						"6972.485735",
						"2.17818e-16"
					],
					[
						"6978.00418",
						"2.21108e-16"
					],
					[
						"6983.522625",
						"2.15328e-16"
					],
					[
						"6989.04107",
						"2.09267e-16"
					],
					[
						"6994.559515",
						"2.04806e-16"
					],
					[
						"7000.07796",
						"2.15775e-16"
					],
					[
						"7005.596405",
						"2.10911e-16"
					],
					[
						"7011.11485",
						"2.09297e-16"
					],
					[
						"7016.633295",
						"2.18153e-16"
					],
					[
						"7022.15174",
						"2.04194e-16"
					],
					[
						"7027.670185",
						"2.01154e-16"
					],
					[
						"7033.18863",
						"2.165e-16"
					],
					[
						"7038.707075",
						"2.10155e-16"
					],
					[
						"7044.22552",
						"1.92964e-16"
					],
					[
						"7049.743965",
						"1.97565e-16"
					],
					[
						"7055.26241",
						"2.13193e-16"
					],
					[
						"7060.780855",
						"1.9282e-16"
					],
					[
						"7066.2993",
						"1.95962e-16"
					],
					[
						"7071.817745",
						"2.00194e-16"
					],
					[
						"7077.33619",
						"2.01662e-16"
					],
					[
						"7082.854635",
						"2.04458e-16"
					],
					[
						"7088.37308",
						"1.97071e-16"
					],
					[
						"7093.891525",
						"2.01979e-16"
					],
					[
						"7099.40997",
						"2.10253e-16"
					],
					[
						"7104.928415",
						"2.01993e-16"
					],
					[
						"7110.44686",
						"2.03392e-16"
					],
					[
						"7115.965305",
						"2.02664e-16"
					],
					[
						"7121.48375",
						"1.89179e-16"
					],
					[
						"7127.002195",
						"1.98508e-16"
					],
					[
						"7132.52064",
						"1.8937e-16"
					],
					[
						"7138.039085",
						"1.96066e-16"
					],
					[
						"7143.55753",
						"1.92073e-16"
					],
					[
						"7149.075975",
						"1.77577e-16"
					],
					[
						"7154.59442",
						"1.85055e-16"
					],
					[
						"7160.112865",
						"1.91572e-16"
					],
					[
						"7165.63131",
						"1.88142e-16"
					],
					[
						"7171.149755",
						"1.86828e-16"
					],
					[
						"7176.6682",
						"1.69978e-16"
					],
					[
						"7182.186646",
						"1.58891e-16"
					],
					[
						"7187.705091",
						"1.73715e-16"
					],
					[
						"7193.223536",
						"1.77291e-16"
					],
					[
						"7198.741981",
						"1.52482e-16"
					],
					[
						"7204.260426",
						"1.63013e-16"
					],
					[
						"7209.778871",
						"1.81026e-16"
					],
					[
						"7215.297316",
						"1.73142e-16"
					],
					[
						"7220.815761",
						"1.67251e-16"
					],
					[
						"7226.334206",
						"1.77855e-16"
					],
					[
						"7231.852651",
						"1.74429e-16"
					],
					[
						"7237.371096",
						"1.70507e-16"
					],
					[
						"7242.889541",
						"1.82216e-16"
					],
					[
						"7248.407986",
						"1.7493e-16"
					],
					[
						"7253.926431",
						"1.64162e-16"
					],
					[
						"7259.444876",
						"1.74909e-16"
					],
					[
						"7264.963321",
						"1.8008e-16"
					],
					[
						"7270.481766",
						"1.79393e-16"
					],
					[
						"7276.000211",
						"1.7379e-16"
					],
					[
						"7281.518656",
						"1.85002e-16"
					],
					[
						"7287.037101",
						"1.88944e-16"
					],
					[
						"7292.555546",
						"1.81765e-16"
					],
					[
						"7298.073991",
						"1.63229e-16"
					],
					[
						"7303.592436",
						"1.67437e-16"
					],
					[
						"7309.110881",
						"1.85685e-16"
					],
					[
						"7314.629326",
						"1.86728e-16"
					],
					[
						"7320.147771",
						"1.85427e-16"
					],
					[
						"7325.666216",
						"1.79345e-16"
					],
					[
						"7331.184661",
						"1.75065e-16"
					],
					[
						"7336.703106",
						"1.77292e-16"
					],
					[
						"7342.221551",
						"1.90822e-16"
					],
					[
						"7347.739996",
						"1.973e-16"
					],
					[
						"7353.258441",
						"1.98746e-16"
					],
					[
						"7358.776886",
						"1.90921e-16"
					],
					[
						"7364.295331",
						"1.76727e-16"
					],
					[
						"7369.813776",
						"1.82858e-16"
					],
					[
						"7375.332221",
						"1.88552e-16"
					],
					[
						"7380.850666",
						"1.81019e-16"
					],
					[
						"7386.369111",
						"1.77452e-16"
					],
					[
						"7391.887556",
						"1.84011e-16"
					],
					[
						"7397.406001",
						"1.67787e-16"
					],
					[
						"7402.924446",
						"1.78906e-16"
					],
					[
						"7408.442891",
						"1.86612e-16"
					],
					[
						"7413.961336",
						"1.82459e-16"
					],
					[
						"7419.479781",
						"1.80617e-16"
					],
					[
						"7424.998226",
						"1.77003e-16"
					],
					[
						"7430.516671",
						"1.79895e-16"
					],
					[
						"7436.035116",
						"1.79945e-16"
					],
					[
						"7441.553561",
						"1.83518e-16"
					],
					[
						"7447.072006",
						"1.81224e-16"
					],
					[
						"7452.590451",
						"1.62106e-16"
					],
					[
						"7458.108896",
						"1.59692e-16"
					],
					[
						"7463.627341",
						"1.78059e-16"
					],
					[
						"7469.145786",
						"1.67697e-16"
					],
					[
						"7474.664231",
						"1.81632e-16"
					],
					[
						"7480.182676",
						"1.74035e-16"
					],
					[
						"7485.701121",
						"1.64439e-16"
					],
					[
						"7491.219566",
						"1.7903e-16"
					],
					[
						"7496.738011",
						"1.79808e-16"
					],
					[
						"7502.256456",
						"1.7062e-16"
					],
					[
						"7507.774901",
						"1.84264e-16"
					],
					[
						"7513.293346",
						"1.67695e-16"
					],
					[
						"7518.811791",
						"1.86438e-16"
					],
					[
						"7524.330236",
						"1.82018e-16"
					],
					[
						"7529.848681",
						"1.83388e-16"
					],
					[
						"7535.367126",
						"1.79145e-16"
					],
					[
						"7540.885571",
						"1.7465e-16"
					],
					[
						"7546.404016",
						"1.75865e-16"
					],
					[
						"7551.922462",
						"1.79054e-16"
					],
					[
						"7557.440907",
						"1.77712e-16"
					],
					[
						"7562.959352",
						"1.90157e-16"
					],
					[
						"7568.477797",
						"1.79616e-16"
					],
					[
						"7573.996242",
						"1.63392e-16"
					],
					[
						"7579.514687",
						"1.61732e-16"
					],
					[
						"7585.033132",
						"1.59018e-16"
					],
					[
						"7590.551577",
						"1.46295e-16"
					],
					[
						"7596.070022",
						"1.40637e-16"
					],
					[
						"7601.588467",
						"1.21223e-16"
					],
					[
						"7607.106912",
						"9.49246e-17"
					],
					[
						"7612.625357",
						"7.11062e-17"
					],
					[
						"7618.143802",
						"6.41538e-17"
					],
					[
						"7623.662247",
						"6.62539e-17"
					],
					[
						"7629.180692",
						"8.71326e-17"
					],
					[
						"7634.699137",
						"9.67042e-17"
					],
					[
						"7640.217582",
						"8.97945e-17"
					],
					[
						"7645.736027",
						"9.26388e-17"
					],
					[
						"7651.254472",
						"9.46171e-17"
					],
					[
						"7656.772917",
						"9.98985e-17"
					],
					[
						"7662.291362",
						"1.20478e-16"
					],
					[
						"7667.809807",
						"1.22931e-16"
					],
					[
						"7673.328252",
						"1.39873e-16"
					],
					[
						"7678.846697",
						"1.25429e-16"
					],
					[
						"7684.365142",
						"1.39813e-16"
					],
					[
						"7689.883587",
						"1.26781e-16"
					],
					[
						"7695.402032",
						"1.3742e-16"
					],
					[
						"7700.920477",
						"1.55358e-16"
					],
					[
						"7706.438922",
						"1.51387e-16"
					],
					[
						"7711.957367",
						"1.33957e-16"
					],
					[
						"7717.475812",
						"1.49972e-16"
					],
					[
						"7722.994257",
						"1.57368e-16"
					],
					[
						"7728.512702",
						"1.47804e-16"
					],
					[
						"7734.031147",
						"1.52793e-16"
					],
					[
						"7739.549592",
						"1.45269e-16"
					],
					[
						"7745.068037",
						"1.4169e-16"
					],
					[
						"7750.586482",
						"1.47212e-16"
					],
					[
						"7756.104927",
						"1.53672e-16"
					],
					[
						"7761.623372",
						"1.59658e-16"
					],
					[
						"7767.141817",
						"1.53841e-16"
					],
					[
						"7772.660262",
						"1.61699e-16"
					],
					[
						"7778.178707",
						"1.40243e-16"
					],
					[
						"7783.697152",
						"1.39968e-16"
					],
					[
						"7789.215597",
						"1.45053e-16"
					],
					[
						"7794.734042",
						"1.53022e-16"
					],
					[
						"7800.252487",
						"1.52964e-16"
					],
					[
						"7805.770932",
						"1.42016e-16"
					],
					[
						"7811.289377",
						"1.41634e-16"
					],
					[
						"7816.807822",
						"1.52461e-16"
					],
					[
						"7822.326267",
						"1.39835e-16"
					],
					[
						"7827.844712",
						"1.50132e-16"
					],
					[
						"7833.363157",
						"1.42732e-16"
					],
					[
						"7838.881602",
						"1.51855e-16"
					],
					[
						"7844.400047",
						"1.43135e-16"
					],
					[
						"7849.918492",
						"1.4255e-16"
					],
					[
						"7855.436937",
						"1.35821e-16"
					],
					[
						"7860.955382",
						"1.3505e-16"
					],
					[
						"7866.473827",
						"1.46081e-16"
					],
					[
						"7871.992272",
						"1.36649e-16"
					],
					[
						"7877.510717",
						"1.34123e-16"
					],
					[
						"7883.029162",
						"1.40712e-16"
					],
					[
						"7888.547607",
						"1.42834e-16"
					],
					[
						"7894.066052",
						"1.34968e-16"
					],
					[
						"7899.584497",
						"1.20992e-16"
					],
					[
						"7905.102942",
						"1.44616e-16"
					],
					[
						"7910.621387",
						"1.3486e-16"
					],
					[
						"7916.139833",
						"1.27226e-16"
					],
					[
						"7921.658278",
						"1.35819e-16"
					],
					[
						"7927.176723",
						"1.16369e-16"
					],
					[
						"7932.695168",
						"1.23045e-16"
					],
					[
						"7938.213613",
						"1.40712e-16"
					],
					[
						"7943.732058",
						"1.31945e-16"
					],
					[
						"7949.250503",
						"1.419e-16"
					],
					[
						"7954.768948",
						"1.54962e-16"
					],
					[
						"7960.287393",
						"1.54931e-16"
					],
					[
						"7965.805838",
						"1.36462e-16"
					],
					[
						"7971.324283",
						"1.49512e-16"
					],
					[
						"7976.842728",
						"1.46199e-16"
					],
					[
						"7982.361173",
						"1.38921e-16"
					],
					[
						"7987.879618",
						"1.558e-16"
					],
					[
						"7993.398063",
						"1.39818e-16"
					],
					[
						"7998.916508",
						"1.3249e-16"
					],
					[
						"8004.434953",
						"1.47079e-16"
					],
					[
						"8009.953398",
						"1.47901e-16"
					],
					[
						"8015.471843",
						"1.45751e-16"
					],
					[
						"8020.990288",
						"1.3554e-16"
					],
					[
						"8026.508733",
						"1.32549e-16"
					],
					[
						"8032.027178",
						"1.48562e-16"
					],
					[
						"8037.545623",
						"1.45836e-16"
					],
					[
						"8043.064068",
						"1.40693e-16"
					],
					[
						"8048.582513",
						"1.54692e-16"
					],
					[
						"8054.100958",
						"1.50187e-16"
					],
					[
						"8059.619403",
						"1.44476e-16"
					],
					[
						"8065.137848",
						"1.57883e-16"
					],
					[
						"8070.656293",
						"1.43694e-16"
					],
					[
						"8076.174738",
						"1.53233e-16"
					],
					[
						"8081.693183",
						"1.46965e-16"
					],
					[
						"8087.211628",
						"1.47946e-16"
					],
					[
						"8092.730073",
						"1.42843e-16"
					],
					[
						"8098.248518",
						"1.35707e-16"
					],
					[
						"8103.766963",
						"1.55846e-16"
					],
					[
						"8109.285408",
						"1.65458e-16"
					],
					[
						"8114.803853",
						"1.58703e-16"
					],
					[
						"8120.322298",
						"1.58392e-16"
					],
					[
						"8125.840743",
						"1.60174e-16"
					],
					[
						"8131.359188",
						"1.51966e-16"
					],
					[
						"8136.877633",
						"1.40256e-16"
					],
					[
						"8142.396078",
						"1.4292e-16"
					],
					[
						"8147.914523",
						"1.33642e-16"
					],
					[
						"8153.432968",
						"1.36568e-16"
					],
					[
						"8158.951413",
						"1.5127e-16"
					],
					[
						"8164.469858",
						"1.43845e-16"
					],
					[
						"8169.988303",
						"1.28062e-16"
					],
					[
						"8175.506748",
						"1.2605e-16"
					],
					[
						"8181.025193",
						"1.45453e-16"
					],
					[
						"8186.543638",
						"1.31804e-16"
					],
					[
						"8192.062083",
						"1.40864e-16"
					],
					[
						"8197.580528",
						"1.59385e-16"
					],
					[
						"8203.098973",
						"1.30287e-16"
					],
					[
						"8208.617418",
						"1.38882e-16"
					],
					[
						"8214.135863",
						"1.29042e-16"
					],
					[
						"8219.654308",
						"1.25774e-16"
					],
					[
						"8225.172753",
						"1.29465e-16"
					],
					[
						"8230.691198",
						"1.29699e-16"
					],
					[
						"8236.209643",
						"1.36933e-16"
					],
					[
						"8241.728088",
						"1.41948e-16"
					],
					[
						"8247.246533",
						"1.17515e-16"
					],
					[
						"8252.764978",
						"1.24604e-16"
					],
					[
						"8258.283423",
						"1.3701e-16"
					],
					[
						"8263.801868",
						"1.34521e-16"
					],
					[
						"8269.320313",
						"1.3486e-16"
					],
					[
						"8274.838758",
						"1.3655e-16"
					],
					[
						"8280.357203",
						"1.40066e-16"
					],
					[
						"8285.875648",
						"1.32866e-16"
					],
					[
						"8291.394094",
						"1.45824e-16"
					],
					[
						"8296.912539",
						"1.52663e-16"
					],
					[
						"8302.430984",
						"1.27231e-16"
					],
					[
						"8307.949429",
						"1.26718e-16"
					],
					[
						"8313.467874",
						"1.48344e-16"
					],
					[
						"8318.986319",
						"1.36635e-16"
					],
					[
						"8324.504764",
						"1.08328e-16"
					],
					[
						"8330.023209",
						"1.2831e-16"
					],
					[
						"8335.541654",
						"1.11647e-16"
					],
					[
						"8341.060099",
						"1.17319e-16"
					],
					[
						"8346.578544",
						"1.3374e-16"
					],
					[
						"8352.096989",
						"1.221e-16"
					],
					[
						"8357.615434",
						"1.26545e-16"
					],
					[
						"8363.133879",
						"9.46751e-17"
					],
					[
						"8368.652324",
						"1.11639e-16"
					],
					[
						"8374.170769",
						"1.28352e-16"
					],
					[
						"8379.689214",
						"1.29694e-16"
					],
					[
						"8385.207659",
						"1.26438e-16"
					],
					[
						"8390.726104",
						"1.08145e-16"
					],
					[
						"8396.244549",
						"9.94092e-17"
					],
					[
						"8401.762994",
						"1.14752e-16"
					],
					[
						"8407.281439",
						"1.20777e-16"
					],
					[
						"8412.799884",
						"1.10981e-16"
					],
					[
						"8418.318329",
						"1.13808e-16"
					],
					[
						"8423.836774",
						"9.85944e-17"
					],
					[
						"8429.355219",
						"8.99175e-17"
					],
					[
						"8434.873664",
						"9.34817e-17"
					],
					[
						"8440.392109",
						"1.06954e-16"
					],
					[
						"8445.910554",
						"1.00765e-16"
					],
					[
						"8451.428999",
						"1.03364e-16"
					],
					[
						"8456.947444",
						"1.0805e-16"
					],
					[
						"8462.465889",
						"9.31787e-17"
					],
					[
						"8467.984334",
						"6.03368e-17"
					],
					[
						"8473.502779",
						"5.09641e-17"
					],
					[
						"8479.021224",
						"7.79856e-17"
					],
					[
						"8484.539669",
						"8.14691e-17"
					],
					[
						"8490.058114",
						"8.27932e-17"
					],
					[
						"8495.576559",
						"1.04577e-16"
					],
					[
						"8501.095004",
						"1.04398e-16"
					],
					[
						"8506.613449",
						"1.21993e-16"
					],
					[
						"8512.131894",
						"1.01895e-16"
					],
					[
						"8517.650339",
						"9.92747e-17"
					],
					[
						"8523.168784",
						"1.12416e-16"
					],
					[
						"8528.687229",
						"1.19352e-16"
					],
					[
						"8534.205674",
						"1.08159e-16"
					],
					[
						"8539.724119",
						"1.18577e-16"
					],
					[
						"8545.242564",
						"1.09617e-16"
					],
					[
						"8550.761009",
						"1.14305e-16"
					],
					[
						"8556.279454",
						"1.24783e-16"
					],
					[
						"8561.797899",
						"1.0815e-16"
					],
					[
						"8567.316344",
						"1.07826e-16"
					],
					[
						"8572.834789",
						"1.05448e-16"
					],
					[
						"8578.353234",
						"1.05439e-16"
					],
					[
						"8583.871679",
						"9.8732e-17"
					],
					[
						"8589.390124",
						"1.00393e-16"
					],
					[
						"8594.908569",
						"1.18319e-16"
					],
					[
						"8600.427014",
						"1.24244e-16"
					],
					[
						"8605.945459",
						"1.19363e-16"
					],
					[
						"8611.463904",
						"1.35308e-16"
					],
					[
						"8616.982349",
						"1.2723e-16"
					],
					[
						"8622.500794",
						"1.09924e-16"
					],
					[
						"8628.019239",
						"1.1464e-16"
					],
					[
						"8633.537684",
						"1.34009e-16"
					],
					[
						"8639.056129",
						"1.3048e-16"
					],
					[
						"8644.574574",
						"1.39245e-16"
					],
					[
						"8650.093019",
						"1.45104e-16"
					],
					[
						"8655.611464",
						"1.59183e-16"
					],
					[
						"8661.12991",
						"1.66186e-16"
					],
					[
						"8666.648355",
						"1.43801e-16"
					],
					[
						"8672.1668",
						"1.45555e-16"
					],
					[
						"8677.685245",
						"1.80307e-16"
					],
					[
						"8683.20369",
						"1.74221e-16"
					],
					[
						"8688.722135",
						"1.70184e-16"
					],
					[
						"8694.24058",
						"1.6775e-16"
					],
					[
						"8699.759025",
						"1.6999e-16"
					],
					[
						"8705.27747",
						"1.40738e-16"
					],
					[
						"8710.795915",
						"1.79331e-16"
					],
					[
						"8716.31436",
						"1.99418e-16"
					],
					[
						"8721.832805",
						"1.8261e-16"
					],
					[
						"8727.35125",
						"1.84426e-16"
					],
					[
						"8732.869695",
						"1.74368e-16"
					],
					[
						"8738.38814",
						"1.63962e-16"
					],
					[
						"8743.906585",
						"1.78799e-16"
					],
					[
						"8749.42503",
						"1.99016e-16"
					],
					[
						"8754.943475",
						"2.0079e-16"
					],
					[
						"8760.46192",
						"2.0456e-16"
					],
					[
						"8765.980365",
						"1.72841e-16"
					],
					[
						"8771.49881",
						"1.61007e-16"
					],
					[
						"8777.017255",
						"1.52018e-16"
					],
					[
						"8782.5357",
						"1.75006e-16"
					],
					[
						"8788.054145",
						"2.12767e-16"
					],
					[
						"8793.57259",
						"2.11022e-16"
					],
					[
						"8799.091035",
						"2.10921e-16"
					],
					[
						"8804.60948",
						"1.97913e-16"
					],
					[
						"8810.127925",
						"1.83675e-16"
					],
					[
						"8815.64637",
						"1.95496e-16"
					],
					[
						"8821.164815",
						"2.12467e-16"
					],
					[
						"8826.68326",
						"2.36741e-16"
					],
					[
						"8832.201705",
						"2.37961e-16"
					],
					[
						"8837.72015",
						"2.06829e-16"
					],
					[
						"8843.238595",
						"1.97582e-16"
					],
					[
						"8848.75704",
						"1.97593e-16"
					],
					[
						"8854.275485",
						"2.1209e-16"
					],
					[
						"8859.79393",
						"2.30436e-16"
					],
					[
						"8865.312375",
						"2.24106e-16"
					],
					[
						"8870.83082",
						"2.24972e-16"
					],
					[
						"8876.349265",
						"2.12329e-16"
					],
					[
						"8881.86771",
						"1.80726e-16"
					],
					[
						"8887.386155",
						"1.82688e-16"
					],
					[
						"8892.9046",
						"2.18493e-16"
					],
					[
						"8898.423045",
						"2.474e-16"
					],
					[
						"8903.94149",
						"2.19107e-16"
					],
					[
						"8909.459935",
						"2.30086e-16"
					],
					[
						"8914.97838",
						"2.16553e-16"
					],
					[
						"8920.496825",
						"1.92888e-16"
					],
					[
						"8926.01527",
						"1.96176e-16"
					],
					[
						"8931.533715",
						"2.1851e-16"
					],
					[
						"8937.05216",
						"2.33567e-16"
					],
					[
						"8942.570605",
						"2.20254e-16"
					],
					[
						"8948.08905",
						"2.10904e-16"
					],
					[
						"8953.607495",
						"2.0373e-16"
					],
					[
						"8959.12594",
						"2.10509e-16"
					],
					[
						"8964.644385",
						"2.15881e-16"
					],
					[
						"8970.16283",
						"2.14854e-16"
					],
					[
						"8975.681275",
						"2.22306e-16"
					],
					[
						"8981.19972",
						"2.22358e-16"
					],
					[
						"8986.718165",
						"1.977e-16"
					],
					[
						"8992.23661",
						"1.45604e-16"
					],
					[
						"8997.755055",
						"1.83916e-16"
					],
					[
						"9003.2735",
						"1.89811e-16"
					],
					[
						"9008.791945",
						"2.09337e-16"
					],
					[
						"9014.31039",
						"2.04965e-16"
					],
					[
						"9019.828835",
						"1.98515e-16"
					],
					[
						"9025.347281",
						"1.8475e-16"
					],
					[
						"9030.865726",
						"1.75148e-16"
					],
					[
						"9036.384171",
						"2.14158e-16"
					],
					[
						"9041.902616",
						"1.88493e-16"
					],
					[
						"9047.421061",
						"1.81921e-16"
					],
					[
						"9052.939506",
						"2.12284e-16"
					],
					[
						"9058.457951",
						"2.0635e-16"
					],
					[
						"9063.976396",
						"1.79994e-16"
					],
					[
						"9069.494841",
						"1.98255e-16"
					],
					[
						"9075.013286",
						"2.05312e-16"
					],
					[
						"9080.531731",
						"1.92555e-16"
					],
					[
						"9086.050176",
						"1.50047e-16"
					],
					[
						"9091.568621",
						"1.88718e-16"
					],
					[
						"9097.087066",
						"2.04018e-16"
					],
					[
						"9102.605511",
						"1.60774e-16"
					],
					[
						"9108.123956",
						"1.85954e-16"
					],
					[
						"9113.642401",
						"1.60587e-16"
					],
					[
						"9119.160846",
						"1.55595e-16"
					],
					[
						"9124.679291",
						"1.83557e-16"
					],
					[
						"9130.197736",
						"1.83355e-16"
					],
					[
						"9135.716181",
						"1.70083e-16"
					],
					[
						"9141.234626",
						"1.79592e-16"
					],
					[
						"9146.753071",
						"1.59952e-16"
					],
					[
						"9152.271516",
						"1.50025e-16"
					],
					[
						"9157.789961",
						"1.53853e-16"
					],
					[
						"9163.308406",
						"1.59024e-16"
					],
					[
						"9168.826851",
						"1.65964e-16"
					],
					[
						"9174.345296",
						"1.4363e-16"
					],
					[
						"9179.863741",
						"1.43475e-16"
					],
					[
						"9185.382186",
						"1.45541e-16"
					],
					[
						"9190.900631",
						"1.6381e-16"
					],
					[
						"9196.419076",
						"1.64267e-16"
					],
					[
						"9201.937521",
						"1.65684e-16"
					],
					[
						"9207.455966",
						"1.69671e-16"
					],
					[
						"9212.974411",
						"1.31728e-16"
					],
					[
						"9218.492856",
						"1.7007e-16"
					],
					[
						"9224.011301",
						"1.66832e-16"
					],
					[
						"9229.529746",
						"1.77966e-16"
					],
					[
						"9235.048191",
						"1.7511e-16"
					],
					[
						"9240.566636",
						"1.69516e-16"
					],
					[
						"9246.085081",
						"2.01304e-16"
					]
				],
				"source":"8"
			}
		]
	}
}