{
	"ASASSN-15mp":{
		"schema":"https://github.com/astrocatalogs/supernovae/blob/a0bc0b9/SCHEMA.md",
		"name":"ASASSN-15mp",
		"sources":[
			{
				"name":"2016A&A...594A..13P",
				"bibcode":"2016A&A...594A..13P",
				"reference":"Planck Collaboration et al. (2016)",
				"alias":"1"
			},
			{
				"name":"2015ATel.7808....1B",
				"bibcode":"2015ATel.7808....1B",
				"reference":"Brimacombe et al. (2015)",
				"alias":"2"
			},
			{
				"name":"2015ATel.7817....1P",
				"bibcode":"2015ATel.7817....1P",
				"reference":"Piascik & Steele (2015)",
				"alias":"3"
			},
			{
				"name":"2011ApJ...737..103S",
				"bibcode":"2011ApJ...737..103S",
				"reference":"Schlafly & Finkbeiner (2011)",
				"alias":"4"
			},
			{
				"name":"ASAS-SN Supernovae",
				"url":"http://www.astronomy.ohio-state.edu/~assassin/sn_list.html",
				"alias":"5"
			},
			{
				"name":"Latest Supernovae",
				"secondary":true,
				"url":"http://www.rochesterastronomy.org/snimages/snredshiftall.html",
				"alias":"6"
			},
			{
				"name":"The Open Supernova Catalog",
				"bibcode":"2017ApJ...835...64G",
				"reference":"Guillochon et al. (2017)",
				"secondary":true,
				"url":"https://sne.space",
				"alias":"7"
			},
			{
				"name":"SIMBAD astronomical database",
				"bibcode":"2000A&AS..143....9W",
				"reference":"Wenger et al. (2000)",
				"secondary":true,
				"url":"http://simbad.u-strasbg.fr/",
				"alias":"8"
			}
		],
		"alias":[
			{
				"value":"ASASSN-15mp",
				"source":"2,5,6,8"
			}
		],
		"claimedtype":[
			{
				"value":"Ia",
				"source":"2,3,5,6,8"
			}
		],
		"comovingdist":[
			{
				"value":"160",
				"derived":true,
				"u_value":"Mpc",
				"source":"1,2,5,6,7"
			}
		],
		"dec":[
			{
				"value":"-14:04:11.82",
				"u_value":"degrees",
				"source":"2,8"
			},
			{
				"value":"-14:04:11.8",
				"u_value":"degrees",
				"source":"2,6"
			},
			{
				"value":"-14:04:12",
				"u_value":"degrees",
				"source":"2,5"
			}
		],
		"discoverdate":[
			{
				"value":"2015/07/17",
				"source":"2,6"
			}
		],
		"discoverer":[
			{
				"value":"ASAS-SN",
				"source":"2,6"
			}
		],
		"ebv":[
			{
				"value":"0.02",
				"derived":true,
				"e_value":"0.0005",
				"source":"4,7"
			}
		],
		"host":[
			{
				"value":"2MASX J0058421-1404122",
				"source":"2,5"
			}
		],
		"hostdec":[
			{
				"value":"-14:04:12.2",
				"derived":true,
				"u_value":"degrees",
				"source":"7"
			}
		],
		"hostoffsetang":[
			{
				"value":"0.89",
				"u_value":"arcseconds",
				"source":"2,5"
			}
		],
		"hostoffsetdist":[
			{
				"value":"0.67",
				"source":"1,2,5,6,7,8"
			}
		],
		"hostra":[
			{
				"value":"00:58:42.1",
				"derived":true,
				"u_value":"hours",
				"source":"7"
			}
		],
		"lumdist":[
			{
				"value":"168",
				"derived":true,
				"u_value":"Mpc",
				"source":"1,2,5,6,7"
			}
		],
		"maxabsmag":[
			{
				"value":"-19.4",
				"derived":true,
				"source":"1,2,5,6,7"
			}
		],
		"maxappmag":[
			{
				"value":"16.7",
				"derived":true,
				"source":"2,6,7"
			}
		],
		"maxdate":[
			{
				"value":"2015/07/16",
				"derived":true,
				"source":"2,6,7"
			}
		],
		"maxvisualabsmag":[
			{
				"value":"-19.4",
				"derived":true,
				"source":"1,2,5,6,7"
			}
		],
		"maxvisualappmag":[
			{
				"value":"16.7",
				"derived":true,
				"source":"2,6,7"
			}
		],
		"maxvisualdate":[
			{
				"value":"2015/07/16",
				"derived":true,
				"source":"2,6,7"
			}
		],
		"ra":[
			{
				"value":"00:58:45.265",
				"u_value":"hours",
				"source":"2,8"
			},
			{
				"value":"00:58:45.26",
				"u_value":"hours",
				"source":"2,6"
			},
			{
				"value":"00:58:45.264",
				"u_value":"hours",
				"source":"2,5"
			}
		],
		"redshift":[
			{
				"value":"0.037",
				"source":"2,5,6"
			}
		],
		"velocity":[
			{
				"value":"11000",
				"u_value":"km/s",
				"source":"7"
			}
		],
		"photometry":[
			{
				"time":"57219.5",
				"magnitude":"16.7",
				"u_time":"MJD",
				"source":"2,6"
			}
		]
	}
}