{
	"ASASSN-15rx":{
		"schema":"https://github.com/astrocatalogs/supernovae/blob/a0bc0b9/SCHEMA.md",
		"name":"ASASSN-15rx",
		"sources":[
			{
				"name":"ATel 8214",
				"bibcode":"2015ATel.8214....1D",
				"reference":"Dong et al. (2015)",
				"url":"http://www.astronomerstelegram.org/?read=8214",
				"alias":"1"
			},
			{
				"name":"2011ApJ...737..103S",
				"bibcode":"2011ApJ...737..103S",
				"reference":"Schlafly & Finkbeiner (2011)",
				"alias":"2"
			},
			{
				"name":"Latest Supernovae",
				"secondary":true,
				"url":"http://www.rochesterastronomy.org/snimages/snredshiftall.html",
				"alias":"3"
			},
			{
				"name":"The Open Supernova Catalog",
				"bibcode":"2017ApJ...835...64G",
				"reference":"Guillochon et al. (2017)",
				"secondary":true,
				"url":"https://sne.space",
				"alias":"4"
			}
		],
		"alias":[
			{
				"value":"ASASSN-15rx",
				"source":"1,3"
			}
		],
		"dec":[
			{
				"value":"-53:24:07.7",
				"u_value":"degrees",
				"source":"1,3"
			}
		],
		"discoverdate":[
			{
				"value":"2015/10/24",
				"source":"1,3"
			}
		],
		"discoverer":[
			{
				"value":"ASAS-SN",
				"source":"1,3"
			}
		],
		"ebv":[
			{
				"value":"0.0432",
				"derived":true,
				"e_value":"0.0008",
				"source":"2,4"
			}
		],
		"maxappmag":[
			{
				"value":"16.6",
				"derived":true,
				"source":"1,3,4"
			}
		],
		"maxdate":[
			{
				"value":"2015/10/23",
				"derived":true,
				"source":"1,3,4"
			}
		],
		"maxvisualappmag":[
			{
				"value":"16.6",
				"derived":true,
				"source":"1,3,4"
			}
		],
		"maxvisualdate":[
			{
				"value":"2015/10/23",
				"derived":true,
				"source":"1,3,4"
			}
		],
		"ra":[
			{
				"value":"20:25:23.13",
				"u_value":"hours",
				"source":"1,3"
			}
		],
		"photometry":[
			{
				"time":"57318.5",
				"magnitude":"16.6",
				"u_time":"MJD",
				"source":"1,3"
			}
		]
	}
}