{
	"ASASSN-15ox":{
		"schema":"https://github.com/astrocatalogs/supernovae/blob/a0bc0b9/SCHEMA.md",
		"name":"ASASSN-15ox",
		"sources":[
			{
				"name":"2016A&A...594A..13P",
				"bibcode":"2016A&A...594A..13P",
				"reference":"Planck Collaboration et al. (2016)",
				"alias":"1"
			},
			{
				"name":"2015ATel.7961....1B",
				"bibcode":"2015ATel.7961....1B",
				"reference":"Brimacombe et al. (2015)",
				"alias":"2"
			},
			{
				"name":"2015ATel.8031....1S",
				"bibcode":"2015ATel.8031....1S",
				"reference":"Shappee et al. (2015)",
				"alias":"3"
			},
			{
				"name":"2011ApJ...737..103S",
				"bibcode":"2011ApJ...737..103S",
				"reference":"Schlafly & Finkbeiner (2011)",
				"alias":"4"
			},
			{
				"name":"ASAS-SN Supernovae",
				"url":"http://www.astronomy.ohio-state.edu/~assassin/sn_list.html",
				"alias":"5"
			},
			{
				"name":"Latest Supernovae",
				"secondary":true,
				"url":"http://www.rochesterastronomy.org/snimages/snredshiftall.html",
				"alias":"6"
			},
			{
				"name":"The Open Supernova Catalog",
				"bibcode":"2017ApJ...835...64G",
				"reference":"Guillochon et al. (2017)",
				"secondary":true,
				"url":"https://sne.space",
				"alias":"7"
			},
			{
				"name":"SIMBAD astronomical database",
				"bibcode":"2000A&AS..143....9W",
				"reference":"Wenger et al. (2000)",
				"secondary":true,
				"url":"http://simbad.u-strasbg.fr/",
				"alias":"8"
			}
		],
		"alias":[
			{
				"value":"ASASSN-15ox",
				"source":"2,5,6,8"
			}
		],
		"claimedtype":[
			{
				"value":"Ia",
				"source":"2,3,5,6,8"
			}
		],
		"comovingdist":[
			{
				"value":"203.55",
				"derived":true,
				"u_value":"Mpc",
				"source":"1,2,5,7"
			}
		],
		"dec":[
			{
				"value":"-32:11:54.74",
				"u_value":"degrees",
				"source":"2,8"
			},
			{
				"value":"-32:11:54.7",
				"u_value":"degrees",
				"source":"2,6"
			},
			{
				"value":"-32:11:54.6",
				"u_value":"degrees",
				"source":"2,5"
			}
		],
		"discoverdate":[
			{
				"value":"2015/08/27",
				"source":"2,6"
			}
		],
		"discoverer":[
			{
				"value":"ASAS-SN",
				"source":"2,6"
			}
		],
		"ebv":[
			{
				"value":"0.0107",
				"derived":true,
				"e_value":"0.0002",
				"source":"4,7"
			}
		],
		"host":[
			{
				"value":"LSBG F418-058",
				"source":"2,5,6"
			}
		],
		"hostoffsetang":[
			{
				"value":"18.14",
				"u_value":"arcseconds",
				"source":"2,5"
			}
		],
		"lumdist":[
			{
				"value":"213.015",
				"derived":true,
				"u_value":"Mpc",
				"source":"1,2,5,7"
			}
		],
		"maxabsmag":[
			{
				"value":"-19.4927",
				"derived":true,
				"source":"1,2,5,7"
			}
		],
		"maxappmag":[
			{
				"value":"17.1",
				"derived":true,
				"source":"2,6,7"
			}
		],
		"maxdate":[
			{
				"value":"2015/08/26",
				"derived":true,
				"source":"2,6,7"
			}
		],
		"maxvisualabsmag":[
			{
				"value":"-19.5421",
				"derived":true,
				"source":"1,2,5,7"
			}
		],
		"maxvisualappmag":[
			{
				"value":"17.1",
				"derived":true,
				"source":"2,6,7"
			}
		],
		"maxvisualdate":[
			{
				"value":"2015/08/26",
				"derived":true,
				"source":"2,6,7"
			}
		],
		"ra":[
			{
				"value":"03:20:39.266",
				"u_value":"hours",
				"source":"2,8"
			},
			{
				"value":"03:20:39.27",
				"u_value":"hours",
				"source":"2,6"
			},
			{
				"value":"03:20:39.264",
				"u_value":"hours",
				"source":"2,5"
			}
		],
		"redshift":[
			{
				"value":"0.046499",
				"source":"2,5"
			}
		],
		"velocity":[
			{
				"value":"13616",
				"u_value":"km/s",
				"source":"7"
			}
		],
		"photometry":[
			{
				"time":"57260.5",
				"magnitude":"17.1",
				"u_time":"MJD",
				"source":"2,6"
			}
		]
	}
}