{
	"ASASSN-15ps":{
		"schema":"https://github.com/astrocatalogs/supernovae/blob/a0bc0b9/SCHEMA.md",
		"name":"ASASSN-15ps",
		"sources":[
			{
				"name":"2016A&A...594A..13P",
				"bibcode":"2016A&A...594A..13P",
				"reference":"Planck Collaboration et al. (2016)",
				"alias":"1"
			},
			{
				"name":"2015ATel.8066....1N",
				"bibcode":"2015ATel.8066....1N",
				"reference":"Nicholls et al. (2015)",
				"alias":"2"
			},
			{
				"name":"2015ATel.8076....1H",
				"bibcode":"2015ATel.8076....1H",
				"reference":"Hosseinzadeh et al. (2015)",
				"alias":"3"
			},
			{
				"name":"ATel 8484",
				"bibcode":"2015ATel.8484....1W",
				"reference":"Wyrzykowski et al. (2015)",
				"url":"http://www.astronomerstelegram.org/?read=8484",
				"alias":"4"
			},
			{
				"name":"2011ApJ...737..103S",
				"bibcode":"2011ApJ...737..103S",
				"reference":"Schlafly & Finkbeiner (2011)",
				"alias":"5"
			},
			{
				"name":"OGLE-IV Transient Detection System",
				"url":"http://ogle.astrouw.edu.pl/ogle4/transients/transients.html",
				"alias":"6"
			},
			{
				"name":"ASAS-SN Supernovae",
				"url":"http://www.astronomy.ohio-state.edu/~assassin/sn_list.html",
				"alias":"7"
			},
			{
				"name":"Latest Supernovae",
				"secondary":true,
				"url":"http://www.rochesterastronomy.org/snimages/snredshiftall.html",
				"alias":"8"
			},
			{
				"name":"The Open Supernova Catalog",
				"bibcode":"2017ApJ...835...64G",
				"reference":"Guillochon et al. (2017)",
				"secondary":true,
				"url":"https://sne.space",
				"alias":"9"
			},
			{
				"name":"SIMBAD astronomical database",
				"bibcode":"2000A&AS..143....9W",
				"reference":"Wenger et al. (2000)",
				"secondary":true,
				"url":"http://simbad.u-strasbg.fr/",
				"alias":"10"
			}
		],
		"alias":[
			{
				"value":"ASASSN-15ps",
				"source":"2,6,7,8,10"
			},
			{
				"value":"OGLE15ik",
				"source":"2,8"
			}
		],
		"claimedtype":[
			{
				"value":"Ia",
				"source":"2,3,7,8,10"
			}
		],
		"comovingdist":[
			{
				"value":"200",
				"derived":true,
				"u_value":"Mpc",
				"source":"1,2,7,8,9"
			}
		],
		"dec":[
			{
				"value":"-66:13:00.99",
				"u_value":"degrees",
				"source":"2,10"
			},
			{
				"value":"-66:13:00.10",
				"u_value":"degrees",
				"source":"2,8"
			},
			{
				"value":"-66:13:00.84",
				"u_value":"degrees",
				"source":"2,7"
			}
		],
		"discoverdate":[
			{
				"value":"2015/09/17",
				"source":"2,8"
			}
		],
		"discoverer":[
			{
				"value":"ASAS-SN",
				"source":"2,8"
			}
		],
		"ebv":[
			{
				"value":"0.0538",
				"derived":true,
				"e_value":"0.0013",
				"source":"5,9"
			}
		],
		"hostoffsetang":[
			{
				"value":"4.72",
				"u_value":"arcseconds",
				"source":"2,7"
			}
		],
		"lumdist":[
			{
				"value":"180",
				"derived":true,
				"u_value":"Mpc",
				"source":"1,2,7,8,9"
			}
		],
		"maxabsmag":[
			{
				"value":"-19",
				"derived":true,
				"source":"1,2,7,8,9"
			}
		],
		"maxappmag":[
			{
				"value":"17.16",
				"derived":true,
				"source":"4,6,9"
			}
		],
		"maxband":[
			{
				"value":"I",
				"derived":true,
				"source":"4,6,9"
			}
		],
		"maxdate":[
			{
				"value":"2015/09/25",
				"derived":true,
				"source":"4,6,9"
			}
		],
		"maxvisualabsmag":[
			{
				"value":"-19",
				"derived":true,
				"source":"1,2,7,8,9"
			}
		],
		"maxvisualappmag":[
			{
				"value":"17.16",
				"derived":true,
				"source":"4,6,9"
			}
		],
		"maxvisualband":[
			{
				"value":"I",
				"derived":true,
				"source":"4,6,9"
			}
		],
		"maxvisualdate":[
			{
				"value":"2015/09/25",
				"derived":true,
				"source":"4,6,9"
			}
		],
		"ra":[
			{
				"value":"06:14:46.195",
				"u_value":"hours",
				"source":"2,10"
			},
			{
				"value":"06:14:46.19",
				"u_value":"hours",
				"source":"2,8"
			},
			{
				"value":"06:14:46.2",
				"u_value":"hours",
				"source":"2,7"
			}
		],
		"redshift":[
			{
				"value":"0.04",
				"source":"2,7,8"
			}
		],
		"velocity":[
			{
				"value":"10000",
				"u_value":"km/s",
				"source":"9"
			}
		],
		"photometry":[
			{
				"time":"56889.41945",
				"band":"I",
				"magnitude":"22",
				"system":"Vega",
				"u_time":"MJD",
				"upperlimit":true,
				"source":"4,6"
			},
			{
				"time":"56922.35839",
				"band":"I",
				"magnitude":"22",
				"system":"Vega",
				"u_time":"MJD",
				"upperlimit":true,
				"source":"4,6"
			},
			{
				"time":"56928.32687",
				"band":"I",
				"magnitude":"22",
				"system":"Vega",
				"u_time":"MJD",
				"upperlimit":true,
				"source":"4,6"
			},
			{
				"time":"56932.34664",
				"band":"I",
				"magnitude":"22",
				"system":"Vega",
				"u_time":"MJD",
				"upperlimit":true,
				"source":"4,6"
			},
			{
				"time":"56938.36814",
				"band":"I",
				"magnitude":"22",
				"system":"Vega",
				"u_time":"MJD",
				"upperlimit":true,
				"source":"4,6"
			},
			{
				"time":"56943.35599",
				"band":"I",
				"magnitude":"22",
				"system":"Vega",
				"u_time":"MJD",
				"upperlimit":true,
				"source":"4,6"
			},
			{
				"time":"56953.28468",
				"band":"I",
				"magnitude":"22",
				"system":"Vega",
				"u_time":"MJD",
				"upperlimit":true,
				"source":"4,6"
			},
			{
				"time":"56957.33608",
				"band":"I",
				"magnitude":"22",
				"system":"Vega",
				"u_time":"MJD",
				"upperlimit":true,
				"source":"4,6"
			},
			{
				"time":"56964.36396",
				"band":"I",
				"magnitude":"22",
				"system":"Vega",
				"u_time":"MJD",
				"upperlimit":true,
				"source":"4,6"
			},
			{
				"time":"56970.33400",
				"band":"I",
				"magnitude":"22",
				"system":"Vega",
				"u_time":"MJD",
				"upperlimit":true,
				"source":"4,6"
			},
			{
				"time":"56977.24759",
				"band":"I",
				"magnitude":"22",
				"system":"Vega",
				"u_time":"MJD",
				"upperlimit":true,
				"source":"4,6"
			},
			{
				"time":"56980.36053",
				"band":"I",
				"magnitude":"22",
				"system":"Vega",
				"u_time":"MJD",
				"upperlimit":true,
				"source":"4,6"
			},
			{
				"time":"56984.28977",
				"band":"I",
				"magnitude":"22",
				"system":"Vega",
				"u_time":"MJD",
				"upperlimit":true,
				"source":"4,6"
			},
			{
				"time":"56989.30744",
				"band":"I",
				"magnitude":"22",
				"system":"Vega",
				"u_time":"MJD",
				"upperlimit":true,
				"source":"4,6"
			},
			{
				"time":"56993.36073",
				"band":"I",
				"e_magnitude":"0.340",
				"magnitude":"20.771",
				"system":"Vega",
				"u_time":"MJD",
				"source":"4,6"
			},
			{
				"time":"56997.36017",
				"band":"I",
				"magnitude":"22",
				"system":"Vega",
				"u_time":"MJD",
				"upperlimit":true,
				"source":"4,6"
			},
			{
				"time":"57001.22098",
				"band":"I",
				"magnitude":"22",
				"system":"Vega",
				"u_time":"MJD",
				"upperlimit":true,
				"source":"4,6"
			},
			{
				"time":"57006.26304",
				"band":"I",
				"magnitude":"22",
				"system":"Vega",
				"u_time":"MJD",
				"upperlimit":true,
				"source":"4,6"
			},
			{
				"time":"57011.25576",
				"band":"I",
				"magnitude":"22",
				"system":"Vega",
				"u_time":"MJD",
				"upperlimit":true,
				"source":"4,6"
			},
			{
				"time":"57012.33946",
				"band":"I",
				"magnitude":"22",
				"system":"Vega",
				"u_time":"MJD",
				"upperlimit":true,
				"source":"4,6"
			},
			{
				"time":"57017.33978",
				"band":"I",
				"magnitude":"22",
				"system":"Vega",
				"u_time":"MJD",
				"upperlimit":true,
				"source":"4,6"
			},
			{
				"time":"57021.32221",
				"band":"I",
				"magnitude":"22",
				"system":"Vega",
				"u_time":"MJD",
				"upperlimit":true,
				"source":"4,6"
			},
			{
				"time":"57024.31011",
				"band":"I",
				"magnitude":"22",
				"system":"Vega",
				"u_time":"MJD",
				"upperlimit":true,
				"source":"4,6"
			},
			{
				"time":"57028.15531",
				"band":"I",
				"magnitude":"22",
				"system":"Vega",
				"u_time":"MJD",
				"upperlimit":true,
				"source":"4,6"
			},
			{
				"time":"57031.30604",
				"band":"I",
				"magnitude":"22",
				"system":"Vega",
				"u_time":"MJD",
				"upperlimit":true,
				"source":"4,6"
			},
			{
				"time":"57033.30997",
				"band":"I",
				"magnitude":"22",
				"system":"Vega",
				"u_time":"MJD",
				"upperlimit":true,
				"source":"4,6"
			},
			{
				"time":"57036.28768",
				"band":"I",
				"magnitude":"22",
				"system":"Vega",
				"u_time":"MJD",
				"upperlimit":true,
				"source":"4,6"
			},
			{
				"time":"57039.29950",
				"band":"I",
				"magnitude":"22",
				"system":"Vega",
				"u_time":"MJD",
				"upperlimit":true,
				"source":"4,6"
			},
			{
				"time":"57042.27976",
				"band":"I",
				"magnitude":"22",
				"system":"Vega",
				"u_time":"MJD",
				"upperlimit":true,
				"source":"4,6"
			},
			{
				"time":"57045.27326",
				"band":"I",
				"magnitude":"22",
				"system":"Vega",
				"u_time":"MJD",
				"upperlimit":true,
				"source":"4,6"
			},
			{
				"time":"57049.25810",
				"band":"I",
				"magnitude":"22",
				"system":"Vega",
				"u_time":"MJD",
				"upperlimit":true,
				"source":"4,6"
			},
			{
				"time":"57052.25416",
				"band":"I",
				"magnitude":"22",
				"system":"Vega",
				"u_time":"MJD",
				"upperlimit":true,
				"source":"4,6"
			},
			{
				"time":"57055.25508",
				"band":"I",
				"magnitude":"22",
				"system":"Vega",
				"u_time":"MJD",
				"upperlimit":true,
				"source":"4,6"
			},
			{
				"time":"57059.23642",
				"band":"I",
				"magnitude":"22",
				"system":"Vega",
				"u_time":"MJD",
				"upperlimit":true,
				"source":"4,6"
			},
			{
				"time":"57068.21340",
				"band":"I",
				"magnitude":"22",
				"system":"Vega",
				"u_time":"MJD",
				"upperlimit":true,
				"source":"4,6"
			},
			{
				"time":"57072.18655",
				"band":"I",
				"magnitude":"22",
				"system":"Vega",
				"u_time":"MJD",
				"upperlimit":true,
				"source":"4,6"
			},
			{
				"time":"57078.16223",
				"band":"I",
				"magnitude":"22",
				"system":"Vega",
				"u_time":"MJD",
				"upperlimit":true,
				"source":"4,6"
			},
			{
				"time":"57081.18015",
				"band":"I",
				"magnitude":"22",
				"system":"Vega",
				"u_time":"MJD",
				"upperlimit":true,
				"source":"4,6"
			},
			{
				"time":"57084.15187",
				"band":"I",
				"magnitude":"22",
				"system":"Vega",
				"u_time":"MJD",
				"upperlimit":true,
				"source":"4,6"
			},
			{
				"time":"57087.14650",
				"band":"I",
				"magnitude":"22",
				"system":"Vega",
				"u_time":"MJD",
				"upperlimit":true,
				"source":"4,6"
			},
			{
				"time":"57090.14082",
				"band":"I",
				"magnitude":"22",
				"system":"Vega",
				"u_time":"MJD",
				"upperlimit":true,
				"source":"4,6"
			},
			{
				"time":"57097.12382",
				"band":"I",
				"magnitude":"22",
				"system":"Vega",
				"u_time":"MJD",
				"upperlimit":true,
				"source":"4,6"
			},
			{
				"time":"57100.11294",
				"band":"I",
				"magnitude":"22",
				"system":"Vega",
				"u_time":"MJD",
				"upperlimit":true,
				"source":"4,6"
			},
			{
				"time":"57110.11503",
				"band":"I",
				"magnitude":"22",
				"system":"Vega",
				"u_time":"MJD",
				"upperlimit":true,
				"source":"4,6"
			},
			{
				"time":"57113.09861",
				"band":"I",
				"e_magnitude":"0.347",
				"magnitude":"21.312",
				"system":"Vega",
				"u_time":"MJD",
				"source":"4,6"
			},
			{
				"time":"57116.09005",
				"band":"I",
				"magnitude":"22",
				"system":"Vega",
				"u_time":"MJD",
				"upperlimit":true,
				"source":"4,6"
			},
			{
				"time":"57119.08619",
				"band":"I",
				"magnitude":"22",
				"system":"Vega",
				"u_time":"MJD",
				"upperlimit":true,
				"source":"4,6"
			},
			{
				"time":"57126.06652",
				"band":"I",
				"magnitude":"22",
				"system":"Vega",
				"u_time":"MJD",
				"upperlimit":true,
				"source":"4,6"
			},
			{
				"time":"57129.06123",
				"band":"I",
				"magnitude":"22",
				"system":"Vega",
				"u_time":"MJD",
				"upperlimit":true,
				"source":"4,6"
			},
			{
				"time":"57133.04394",
				"band":"I",
				"magnitude":"22",
				"system":"Vega",
				"u_time":"MJD",
				"upperlimit":true,
				"source":"4,6"
			},
			{
				"time":"57136.04381",
				"band":"I",
				"magnitude":"22",
				"system":"Vega",
				"u_time":"MJD",
				"upperlimit":true,
				"source":"4,6"
			},
			{
				"time":"57140.01968",
				"band":"I",
				"magnitude":"22",
				"system":"Vega",
				"u_time":"MJD",
				"upperlimit":true,
				"source":"4,6"
			},
			{
				"time":"57144.01349",
				"band":"I",
				"magnitude":"22",
				"system":"Vega",
				"u_time":"MJD",
				"upperlimit":true,
				"source":"4,6"
			},
			{
				"time":"57290.39602",
				"band":"I",
				"e_magnitude":"0.009",
				"magnitude":"17.160",
				"system":"Vega",
				"u_time":"MJD",
				"source":"4,6"
			},
			{
				"time":"57293.37465",
				"band":"I",
				"e_magnitude":"0.010",
				"magnitude":"17.303",
				"system":"Vega",
				"u_time":"MJD",
				"source":"4,6"
			},
			{
				"time":"57297.35904",
				"band":"I",
				"e_magnitude":"0.014",
				"magnitude":"17.597",
				"system":"Vega",
				"u_time":"MJD",
				"source":"4,6"
			},
			{
				"time":"57306.38035",
				"band":"I",
				"e_magnitude":"0.011",
				"magnitude":"17.655",
				"system":"Vega",
				"u_time":"MJD",
				"source":"4,6"
			},
			{
				"time":"57325.26070",
				"band":"I",
				"e_magnitude":"0.017",
				"magnitude":"18.096",
				"system":"Vega",
				"u_time":"MJD",
				"source":"4,6"
			},
			{
				"time":"57338.29567",
				"band":"I",
				"e_magnitude":"0.029",
				"magnitude":"18.764",
				"system":"Vega",
				"u_time":"MJD",
				"source":"4,6"
			},
			{
				"time":"57342.26531",
				"band":"I",
				"e_magnitude":"0.026",
				"magnitude":"18.849",
				"system":"Vega",
				"u_time":"MJD",
				"source":"4,6"
			},
			{
				"time":"57348.27311",
				"band":"I",
				"e_magnitude":"0.046",
				"magnitude":"19.122",
				"system":"Vega",
				"u_time":"MJD",
				"source":"4,6"
			},
			{
				"time":"57355.33210",
				"band":"I",
				"e_magnitude":"0.040",
				"magnitude":"19.381",
				"system":"Vega",
				"u_time":"MJD",
				"source":"4,6"
			},
			{
				"time":"57363.35259",
				"band":"I",
				"e_magnitude":"0.052",
				"magnitude":"19.736",
				"system":"Vega",
				"u_time":"MJD",
				"source":"4,6"
			},
			{
				"time":"57367.34768",
				"band":"I",
				"e_magnitude":"0.050",
				"magnitude":"19.698",
				"system":"Vega",
				"u_time":"MJD",
				"source":"4,6"
			},
			{
				"time":"57372.33830",
				"band":"I",
				"e_magnitude":"0.060",
				"magnitude":"19.862",
				"system":"Vega",
				"u_time":"MJD",
				"source":"4,6"
			},
			{
				"time":"57376.33347",
				"band":"I",
				"e_magnitude":"0.081",
				"magnitude":"20.180",
				"system":"Vega",
				"u_time":"MJD",
				"source":"4,6"
			},
			{
				"time":"57378.34749",
				"band":"I",
				"e_magnitude":"0.049",
				"magnitude":"19.922",
				"system":"Vega",
				"u_time":"MJD",
				"source":"4,6"
			},
			{
				"time":"57382.25541",
				"band":"I",
				"e_magnitude":"0.113",
				"magnitude":"20.214",
				"system":"Vega",
				"u_time":"MJD",
				"source":"4,6"
			},
			{
				"time":"57386.25446",
				"band":"I",
				"e_magnitude":"0.073",
				"magnitude":"20.266",
				"system":"Vega",
				"u_time":"MJD",
				"source":"4,6"
			},
			{
				"time":"57388.30604",
				"band":"I",
				"e_magnitude":"0.124",
				"magnitude":"20.706",
				"system":"Vega",
				"u_time":"MJD",
				"source":"4,6"
			},
			{
				"time":"57391.23621",
				"band":"I",
				"e_magnitude":"0.113",
				"magnitude":"20.562",
				"system":"Vega",
				"u_time":"MJD",
				"source":"4,6"
			},
			{
				"time":"57398.28819",
				"band":"I",
				"e_magnitude":"0.214",
				"magnitude":"21.106",
				"system":"Vega",
				"u_time":"MJD",
				"source":"4,6"
			},
			{
				"time":"57402.30566",
				"band":"I",
				"e_magnitude":"0.110",
				"magnitude":"20.895",
				"system":"Vega",
				"u_time":"MJD",
				"source":"4,6"
			},
			{
				"time":"57407.24564",
				"band":"I",
				"e_magnitude":"0.160",
				"magnitude":"21.005",
				"system":"Vega",
				"u_time":"MJD",
				"source":"4,6"
			},
			{
				"time":"57410.26020",
				"band":"I",
				"e_magnitude":"0.291",
				"magnitude":"21.142",
				"system":"Vega",
				"u_time":"MJD",
				"source":"4,6"
			},
			{
				"time":"57416.24070",
				"band":"I",
				"e_magnitude":"0.297",
				"magnitude":"21.537",
				"system":"Vega",
				"u_time":"MJD",
				"source":"4,6"
			},
			{
				"time":"57426.21864",
				"band":"I",
				"e_magnitude":"0.354",
				"magnitude":"21.710",
				"system":"Vega",
				"u_time":"MJD",
				"source":"4,6"
			},
			{
				"time":"57432.16767",
				"band":"I",
				"e_magnitude":"0.386",
				"magnitude":"21.957",
				"system":"Vega",
				"u_time":"MJD",
				"source":"4,6"
			},
			{
				"time":"57437.15794",
				"band":"I",
				"e_magnitude":"0.395",
				"magnitude":"21.604",
				"system":"Vega",
				"u_time":"MJD",
				"source":"4,6"
			},
			{
				"time":"57442.16941",
				"band":"I",
				"e_magnitude":"0.522",
				"magnitude":"21.976",
				"system":"Vega",
				"u_time":"MJD",
				"source":"4,6"
			},
			{
				"time":"57446.15449",
				"band":"I",
				"magnitude":"22",
				"system":"Vega",
				"u_time":"MJD",
				"upperlimit":true,
				"source":"4,6"
			},
			{
				"time":"57451.15381",
				"band":"I",
				"e_magnitude":"0.274",
				"magnitude":"21.772",
				"system":"Vega",
				"u_time":"MJD",
				"source":"4,6"
			},
			{
				"time":"57457.12221",
				"band":"I",
				"magnitude":"22",
				"system":"Vega",
				"u_time":"MJD",
				"upperlimit":true,
				"source":"4,6"
			},
			{
				"time":"57465.05407",
				"band":"I",
				"magnitude":"22",
				"system":"Vega",
				"u_time":"MJD",
				"upperlimit":true,
				"source":"4,6"
			},
			{
				"time":"57471.07366",
				"band":"I",
				"magnitude":"22",
				"system":"Vega",
				"u_time":"MJD",
				"upperlimit":true,
				"source":"4,6"
			},
			{
				"time":"57475.04750",
				"band":"I",
				"magnitude":"22",
				"system":"Vega",
				"u_time":"MJD",
				"upperlimit":true,
				"source":"4,6"
			},
			{
				"time":"57487.03530",
				"band":"I",
				"magnitude":"22",
				"system":"Vega",
				"u_time":"MJD",
				"upperlimit":true,
				"source":"4,6"
			},
			{
				"time":"57492.01161",
				"band":"I",
				"magnitude":"22",
				"system":"Vega",
				"u_time":"MJD",
				"upperlimit":true,
				"source":"4,6"
			},
			{
				"time":"57510.98780",
				"band":"I",
				"e_magnitude":"0.231",
				"magnitude":"21.210",
				"system":"Vega",
				"u_time":"MJD",
				"source":"4,6"
			},
			{
				"time":"57515.99467",
				"band":"I",
				"magnitude":"22",
				"system":"Vega",
				"u_time":"MJD",
				"upperlimit":true,
				"source":"4,6"
			},
			{
				"time":"57645.38558",
				"band":"I",
				"magnitude":"22",
				"system":"Vega",
				"u_time":"MJD",
				"upperlimit":true,
				"source":"4,6"
			},
			{
				"time":"57650.38161",
				"band":"I",
				"magnitude":"22",
				"system":"Vega",
				"u_time":"MJD",
				"upperlimit":true,
				"source":"4,6"
			},
			{
				"time":"57655.37856",
				"band":"I",
				"magnitude":"22",
				"system":"Vega",
				"u_time":"MJD",
				"upperlimit":true,
				"source":"4,6"
			},
			{
				"time":"57660.36946",
				"band":"I",
				"magnitude":"22",
				"system":"Vega",
				"u_time":"MJD",
				"upperlimit":true,
				"source":"4,6"
			},
			{
				"time":"57664.36416",
				"band":"I",
				"magnitude":"22",
				"system":"Vega",
				"u_time":"MJD",
				"upperlimit":true,
				"source":"4,6"
			},
			{
				"time":"57684.35188",
				"band":"I",
				"magnitude":"22",
				"system":"Vega",
				"u_time":"MJD",
				"upperlimit":true,
				"source":"4,6"
			},
			{
				"time":"57692.30989",
				"band":"I",
				"magnitude":"22",
				"system":"Vega",
				"u_time":"MJD",
				"upperlimit":true,
				"source":"4,6"
			},
			{
				"time":"57697.31427",
				"band":"I",
				"magnitude":"22",
				"system":"Vega",
				"u_time":"MJD",
				"upperlimit":true,
				"source":"4,6"
			},
			{
				"time":"57701.22789",
				"band":"I",
				"magnitude":"22",
				"system":"Vega",
				"u_time":"MJD",
				"upperlimit":true,
				"source":"4,6"
			},
			{
				"time":"57707.26854",
				"band":"I",
				"magnitude":"22",
				"system":"Vega",
				"u_time":"MJD",
				"upperlimit":true,
				"source":"4,6"
			},
			{
				"time":"57709.27887",
				"band":"I",
				"magnitude":"22",
				"system":"Vega",
				"u_time":"MJD",
				"upperlimit":true,
				"source":"4,6"
			},
			{
				"time":"57712.28727",
				"band":"I",
				"magnitude":"22",
				"system":"Vega",
				"u_time":"MJD",
				"upperlimit":true,
				"source":"4,6"
			},
			{
				"time":"57713.32624",
				"band":"I",
				"magnitude":"22",
				"system":"Vega",
				"u_time":"MJD",
				"upperlimit":true,
				"source":"4,6"
			},
			{
				"time":"57720.28610",
				"band":"I",
				"magnitude":"22",
				"system":"Vega",
				"u_time":"MJD",
				"upperlimit":true,
				"source":"4,6"
			},
			{
				"time":"57735.33469",
				"band":"I",
				"magnitude":"22",
				"system":"Vega",
				"u_time":"MJD",
				"upperlimit":true,
				"source":"4,6"
			},
			{
				"time":"57738.25300",
				"band":"I",
				"magnitude":"22",
				"system":"Vega",
				"u_time":"MJD",
				"upperlimit":true,
				"source":"4,6"
			},
			{
				"time":"57741.32742",
				"band":"I",
				"magnitude":"22",
				"system":"Vega",
				"u_time":"MJD",
				"upperlimit":true,
				"source":"4,6"
			},
			{
				"time":"57745.21009",
				"band":"I",
				"magnitude":"22",
				"system":"Vega",
				"u_time":"MJD",
				"upperlimit":true,
				"source":"4,6"
			},
			{
				"time":"57749.29360",
				"band":"I",
				"magnitude":"22",
				"system":"Vega",
				"u_time":"MJD",
				"upperlimit":true,
				"source":"4,6"
			},
			{
				"time":"57756.20555",
				"band":"I",
				"magnitude":"22",
				"system":"Vega",
				"u_time":"MJD",
				"upperlimit":true,
				"source":"4,6"
			},
			{
				"time":"57761.25234",
				"band":"I",
				"magnitude":"22",
				"system":"Vega",
				"u_time":"MJD",
				"upperlimit":true,
				"source":"4,6"
			},
			{
				"time":"57765.23984",
				"band":"I",
				"magnitude":"22",
				"system":"Vega",
				"u_time":"MJD",
				"upperlimit":true,
				"source":"4,6"
			},
			{
				"time":"57768.27333",
				"band":"I",
				"e_magnitude":"0.328",
				"magnitude":"21.291",
				"system":"Vega",
				"u_time":"MJD",
				"source":"4,6"
			},
			{
				"time":"57774.26462",
				"band":"I",
				"magnitude":"22",
				"system":"Vega",
				"u_time":"MJD",
				"upperlimit":true,
				"source":"4,6"
			},
			{
				"time":"57782.20783",
				"band":"I",
				"magnitude":"22",
				"system":"Vega",
				"u_time":"MJD",
				"upperlimit":true,
				"source":"4,6"
			},
			{
				"time":"57785.17359",
				"band":"I",
				"magnitude":"22",
				"system":"Vega",
				"u_time":"MJD",
				"upperlimit":true,
				"source":"4,6"
			},
			{
				"time":"57790.16044",
				"band":"I",
				"magnitude":"22",
				"system":"Vega",
				"u_time":"MJD",
				"upperlimit":true,
				"source":"4,6"
			},
			{
				"time":"57791.10744",
				"band":"I",
				"magnitude":"22",
				"system":"Vega",
				"u_time":"MJD",
				"upperlimit":true,
				"source":"4,6"
			},
			{
				"time":"57797.07234",
				"band":"I",
				"magnitude":"22",
				"system":"Vega",
				"u_time":"MJD",
				"upperlimit":true,
				"source":"4,6"
			},
			{
				"time":"57802.07655",
				"band":"I",
				"magnitude":"22",
				"system":"Vega",
				"u_time":"MJD",
				"upperlimit":true,
				"source":"4,6"
			},
			{
				"time":"57810.04927",
				"band":"I",
				"magnitude":"22",
				"system":"Vega",
				"u_time":"MJD",
				"upperlimit":true,
				"source":"4,6"
			},
			{
				"time":"57816.02877",
				"band":"I",
				"magnitude":"22",
				"system":"Vega",
				"u_time":"MJD",
				"upperlimit":true,
				"source":"4,6"
			},
			{
				"time":"57820.01571",
				"band":"I",
				"magnitude":"22",
				"system":"Vega",
				"u_time":"MJD",
				"upperlimit":true,
				"source":"4,6"
			},
			{
				"time":"57825.01212",
				"band":"I",
				"magnitude":"22",
				"system":"Vega",
				"u_time":"MJD",
				"upperlimit":true,
				"source":"4,6"
			},
			{
				"time":"57833.99012",
				"band":"I",
				"magnitude":"22",
				"system":"Vega",
				"u_time":"MJD",
				"upperlimit":true,
				"source":"4,6"
			}
		]
	}
}