{
	"ASASSN-15mi":{
		"schema":"https://github.com/astrocatalogs/supernovae/blob/a0bc0b9/SCHEMA.md",
		"name":"ASASSN-15mi",
		"sources":[
			{
				"name":"2016A&A...594A..13P",
				"bibcode":"2016A&A...594A..13P",
				"reference":"Planck Collaboration et al. (2016)",
				"alias":"1"
			},
			{
				"name":"2015ATel.7790....1M",
				"bibcode":"2015ATel.7790....1M",
				"reference":"Masi et al. (2015)",
				"alias":"2"
			},
			{
				"name":"2015ATel.7796....1T",
				"bibcode":"2015ATel.7796....1T",
				"reference":"Tomasella et al. (2015)",
				"alias":"3"
			},
			{
				"name":"2011ApJ...737..103S",
				"bibcode":"2011ApJ...737..103S",
				"reference":"Schlafly & Finkbeiner (2011)",
				"alias":"4"
			},
			{
				"name":"ASAS-SN Supernovae",
				"url":"http://www.astronomy.ohio-state.edu/~assassin/sn_list.html",
				"alias":"5"
			},
			{
				"name":"Asiago Supernova Catalogue",
				"secondary":true,
				"url":"http://graspa.oapd.inaf.it/cgi-bin/sncat.php",
				"alias":"6"
			},
			{
				"name":"Latest Supernovae",
				"secondary":true,
				"url":"http://www.rochesterastronomy.org/snimages/snredshiftall.html",
				"alias":"7"
			},
			{
				"name":"The Open Supernova Catalog",
				"bibcode":"2017ApJ...835...64G",
				"reference":"Guillochon et al. (2017)",
				"secondary":true,
				"url":"https://sne.space",
				"alias":"8"
			},
			{
				"name":"WISeREP",
				"bibcode":"2012PASP..124..668Y",
				"reference":"Yaron & Gal-Yam (2012)",
				"secondary":true,
				"url":"http://wiserep.weizmann.ac.il/",
				"alias":"9"
			},
			{
				"name":"SIMBAD astronomical database",
				"bibcode":"2000A&AS..143....9W",
				"reference":"Wenger et al. (2000)",
				"secondary":true,
				"url":"http://simbad.u-strasbg.fr/",
				"alias":"10"
			}
		],
		"alias":[
			{
				"value":"ASASSN-15mi",
				"source":"2,5,6,7,9,10"
			}
		],
		"claimedtype":[
			{
				"value":"Ia Pec",
				"source":"2,3,6,7,9,10"
			},
			{
				"value":"Ia-91T",
				"source":"3,5"
			}
		],
		"comovingdist":[
			{
				"value":"151.22",
				"derived":true,
				"u_value":"Mpc",
				"source":"1,2,5,8"
			}
		],
		"dec":[
			{
				"value":"+41:36:14.36",
				"u_value":"degrees",
				"source":"2,10"
			},
			{
				"value":"+41:36:14.4",
				"u_value":"degrees",
				"source":"2,3,6,7"
			},
			{
				"value":"+41:36:11.88",
				"u_value":"degrees",
				"source":"2,5"
			}
		],
		"discoverdate":[
			{
				"value":"2015/07/06",
				"source":"2,7"
			}
		],
		"discoverer":[
			{
				"value":"ASAS-SN",
				"source":"2,3,6,7"
			}
		],
		"ebv":[
			{
				"value":"0.0174",
				"derived":true,
				"e_value":"0.0008",
				"source":"4,8"
			}
		],
		"host":[
			{
				"value":"MRK 283a",
				"source":"2,7"
			},
			{
				"value":"MRK 0283a",
				"source":"2,3,5,6"
			}
		],
		"hostoffsetang":[
			{
				"value":"1.79",
				"u_value":"arcseconds",
				"source":"2,5"
			}
		],
		"lumdist":[
			{
				"value":"156.429",
				"derived":true,
				"u_value":"Mpc",
				"source":"1,2,5,8"
			}
		],
		"maxabsmag":[
			{
				"value":"-20.4348",
				"derived":true,
				"source":"1,2,5,8"
			}
		],
		"maxappmag":[
			{
				"value":"15.5",
				"derived":true,
				"source":"2,7,8"
			}
		],
		"maxdate":[
			{
				"value":"2015/07/17",
				"derived":true,
				"source":"2,7,8"
			}
		],
		"maxvisualabsmag":[
			{
				"value":"-20.4716",
				"derived":true,
				"source":"1,2,5,8"
			}
		],
		"maxvisualappmag":[
			{
				"value":"15.5",
				"derived":true,
				"source":"2,7,8"
			}
		],
		"maxvisualdate":[
			{
				"value":"2015/07/17",
				"derived":true,
				"source":"2,7,8"
			}
		],
		"ra":[
			{
				"value":"14:03:15.750",
				"u_value":"hours",
				"source":"2,10"
			},
			{
				"value":"14:03:15.75",
				"u_value":"hours",
				"source":"2,3,6,7"
			},
			{
				"value":"14:03:15.6",
				"u_value":"hours",
				"source":"2,5"
			}
		],
		"redshift":[
			{
				"value":"0.034446",
				"source":"2,5"
			}
		],
		"velocity":[
			{
				"value":"10149",
				"u_value":"km/s",
				"source":"8"
			}
		],
		"photometry":[
			{
				"time":"57220.5",
				"magnitude":"15.5",
				"u_time":"MJD",
				"source":"2,7"
			}
		],
		"spectra":[
			{
				"time":"57216.0",
				"filename":"ASASSNm15mi_2015-07-13_23:21:45_Asiago.ascii",
				"instrument":"Ekar - AFOSC",
				"observer":"tomasella",
				"redshift":"0.0344",
				"reducer":"Unknown",
				"reduction":"final",
				"survey":"Asiago",
				"u_fluxes":"erg/s/cm^2/Angstrom",
				"u_time":"MJD",
				"u_wavelengths":"Angstrom",
				"data":[
					[
						"3454.0",
						"5.625363914e-16"
					],
					[
						"3458.732725",
						"4.349692855e-17"
					],
					[
						"3463.465449",
						"3.856335868e-17"
					],
					[
						"3468.198174",
						"3.642366875e-16"
					],
					[
						"3472.930898",
						"6.117135361e-16"
					],
					[
						"3477.663623",
						"1.465543287e-16"
					],
					[
						"3482.396347",
						"2.864575166e-16"
					],
					[
						"3487.129072",
						"1.538269801e-16"
					],
					[
						"3491.861797",
						"7.769222303e-16"
					],
					[
						"3496.594521",
						"3.001488777e-16"
					],
					[
						"3501.327246",
						"1.563525941e-16"
					],
					[
						"3506.05997",
						"3.055141168e-16"
					],
					[
						"3510.792695",
						"7.900776048e-16"
					],
					[
						"3515.52542",
						"5.189914334e-16"
					],
					[
						"3520.258144",
						"4.274609257e-18"
					],
					[
						"3524.990869",
						"4.589928604e-16"
					],
					[
						"3529.723593",
						"1.700394025e-16"
					],
					[
						"3534.456318",
						"6.310791974e-16"
					],
					[
						"3539.189042",
						"2.621611176e-16"
					],
					[
						"3543.921767",
						"8.733188942e-17"
					],
					[
						"3548.654492",
						"4.546508107e-16"
					],
					[
						"3553.387216",
						"4.740326186e-16"
					],
					[
						"3558.119941",
						"6.131875852e-16"
					],
					[
						"3562.852665",
						"4.673078123e-16"
					],
					[
						"3567.58539",
						"2.421760105e-16"
					],
					[
						"3572.318114",
						"3.478108129e-16"
					],
					[
						"3577.050839",
						"4.681265755e-16"
					],
					[
						"3581.783564",
						"1.858430917e-16"
					],
					[
						"3586.516288",
						"2.617065256e-16"
					],
					[
						"3591.249013",
						"4.799914954e-16"
					],
					[
						"3595.981737",
						"4.66103755e-16"
					],
					[
						"3600.714462",
						"1.543832293e-16"
					],
					[
						"3605.447187",
						"2.831946398e-16"
					],
					[
						"3610.179911",
						"3.953200703e-16"
					],
					[
						"3614.912636",
						"5.778459825e-16"
					],
					[
						"3619.64536",
						"3.947665607e-16"
					],
					[
						"3624.378085",
						"4.772497027e-16"
					],
					[
						"3629.110809",
						"4.205972805e-16"
					],
					[
						"3633.843534",
						"3.635801311e-16"
					],
					[
						"3638.576259",
						"4.415919714e-16"
					],
					[
						"3643.308983",
						"3.819217561e-16"
					],
					[
						"3648.041708",
						"4.517273824e-16"
					],
					[
						"3652.774432",
						"5.996838683e-16"
					],
					[
						"3657.507157",
						"4.129502405e-16"
					],
					[
						"3662.239881",
						"2.095258947e-16"
					],
					[
						"3666.972606",
						"5.395890512e-16"
					],
					[
						"3671.705331",
						"5.281857643e-16"
					],
					[
						"3676.438055",
						"3.825982972e-16"
					],
					[
						"3681.17078",
						"3.516460986e-16"
					],
					[
						"3685.903504",
						"4.814462745e-16"
					],
					[
						"3690.636229",
						"4.408652966e-16"
					],
					[
						"3695.368954",
						"3.545720151e-16"
					],
					[
						"3700.101678",
						"3.672182435e-16"
					],
					[
						"3704.834403",
						"3.916972839e-16"
					],
					[
						"3709.567127",
						"5.307314159e-16"
					],
					[
						"3714.299852",
						"4.691527559e-16"
					],
					[
						"3719.032576",
						"4.207896099e-16"
					],
					[
						"3723.765301",
						"4.570523609e-16"
					],
					[
						"3728.498026",
						"4.534214483e-16"
					],
					[
						"3733.23075",
						"4.632030906e-16"
					],
					[
						"3737.963475",
						"4.050828397e-16"
					],
					[
						"3742.696199",
						"4.428849408e-16"
					],
					[
						"3747.428924",
						"4.094435506e-16"
					],
					[
						"3752.161648",
						"3.913051606e-16"
					],
					[
						"3756.894373",
						"5.013846889e-16"
					],
					[
						"3761.627098",
						"4.083090294e-16"
					],
					[
						"3766.359822",
						"3.941968252e-16"
					],
					[
						"3771.092547",
						"4.314871066e-16"
					],
					[
						"3775.825271",
						"3.973675078e-16"
					],
					[
						"3780.557996",
						"3.747585837e-16"
					],
					[
						"3785.290721",
						"4.089202166e-16"
					],
					[
						"3790.023445",
						"3.977398581e-16"
					],
					[
						"3794.75617",
						"4.125830782e-16"
					],
					[
						"3799.488894",
						"4.120274511e-16"
					],
					[
						"3804.221619",
						"4.947951961e-16"
					],
					[
						"3808.954343",
						"4.44608494e-16"
					],
					[
						"3813.687068",
						"4.107870243e-16"
					],
					[
						"3818.419793",
						"4.136720979e-16"
					],
					[
						"3823.152517",
						"3.763335356e-16"
					],
					[
						"3827.885242",
						"4.100701962e-16"
					],
					[
						"3832.617966",
						"4.174305948e-16"
					],
					[
						"3837.350691",
						"4.142182753e-16"
					],
					[
						"3842.083415",
						"3.878705743e-16"
					],
					[
						"3846.81614",
						"4.101333001e-16"
					],
					[
						"3851.548865",
						"4.256683079e-16"
					],
					[
						"3879.945212",
						"4.406335272e-16"
					],
					[
						"3884.677937",
						"4.075541113e-16"
					],
					[
						"3889.410661",
						"3.83040369e-16"
					],
					[
						"3894.143386",
						"4.2311633e-16"
					],
					[
						"3898.87611",
						"4.665855579e-16"
					],
					[
						"3903.608835",
						"4.380011076e-16"
					],
					[
						"3908.34156",
						"4.344116467e-16"
					],
					[
						"3913.074284",
						"4.405693115e-16"
					],
					[
						"3917.807009",
						"4.549706186e-16"
					],
					[
						"3922.539733",
						"4.37202382e-16"
					],
					[
						"3927.272458",
						"4.669083833e-16"
					],
					[
						"3932.005182",
						"4.257016598e-16"
					],
					[
						"3936.737907",
						"3.667789246e-16"
					],
					[
						"3941.470632",
						"4.151745226e-16"
					],
					[
						"3946.203356",
						"4.246088814e-16"
					],
					[
						"3950.936081",
						"4.266679921e-16"
					],
					[
						"3955.668805",
						"4.380854403e-16"
					],
					[
						"3960.40153",
						"4.335876424e-16"
					],
					[
						"3965.134255",
						"4.528478482e-16"
					],
					[
						"3969.866979",
						"4.327789907e-16"
					],
					[
						"3974.599704",
						"4.256457292e-16"
					],
					[
						"3979.332428",
						"4.216218727e-16"
					],
					[
						"3984.065153",
						"4.457241423e-16"
					],
					[
						"3988.797877",
						"4.716467915e-16"
					],
					[
						"3993.530602",
						"4.807822007e-16"
					],
					[
						"3998.263327",
						"4.802140533e-16"
					],
					[
						"4002.996051",
						"4.607347837e-16"
					],
					[
						"4007.728776",
						"4.474514013e-16"
					],
					[
						"4021.926949",
						"4.608022816e-16"
					],
					[
						"4026.659674",
						"4.633246928e-16"
					],
					[
						"4031.392399",
						"4.525656274e-16"
					],
					[
						"4036.125123",
						"4.799232563e-16"
					],
					[
						"4040.857848",
						"4.95715815e-16"
					],
					[
						"4045.590572",
						"5.190845541e-16"
					],
					[
						"4050.323297",
						"6.310867678e-16"
					],
					[
						"4055.056022",
						"6.135861142e-16"
					],
					[
						"4059.788746",
						"5.335606648e-16"
					],
					[
						"4064.521471",
						"5.192702131e-16"
					],
					[
						"4069.254195",
						"5.236740433e-16"
					],
					[
						"4073.98692",
						"5.025207719e-16"
					],
					[
						"4078.719644",
						"5.472549111e-16"
					],
					[
						"4083.452369",
						"5.248963118e-16"
					],
					[
						"4088.185094",
						"5.366934691e-16"
					],
					[
						"4092.917818",
						"5.909309475e-16"
					],
					[
						"4097.650543",
						"5.692165167e-16"
					],
					[
						"4102.383267",
						"5.638707859e-16"
					],
					[
						"4107.115992",
						"5.198040027e-16"
					],
					[
						"4111.848716",
						"5.455101821e-16"
					],
					[
						"4116.581441",
						"5.82574438e-16"
					],
					[
						"4121.314166",
						"5.56603402e-16"
					],
					[
						"4126.04689",
						"5.334090988e-16"
					],
					[
						"4130.779615",
						"5.691717298e-16"
					],
					[
						"4135.512339",
						"5.748722616e-16"
					],
					[
						"4140.245064",
						"5.930056488e-16"
					],
					[
						"4144.977789",
						"5.826865111e-16"
					],
					[
						"4149.710513",
						"5.879443093e-16"
					],
					[
						"4154.443238",
						"5.894836329e-16"
					],
					[
						"4159.175962",
						"6.008124868e-16"
					],
					[
						"4163.908687",
						"5.981783731e-16"
					],
					[
						"4168.641411",
						"5.777846255e-16"
					],
					[
						"4173.374136",
						"6.118716136e-16"
					],
					[
						"4178.106861",
						"6.053058907e-16"
					],
					[
						"4182.839585",
						"6.068514611e-16"
					],
					[
						"4187.57231",
						"5.840149764e-16"
					],
					[
						"4192.305034",
						"5.719313102e-16"
					],
					[
						"4197.037759",
						"5.736079061e-16"
					],
					[
						"4201.770483",
						"5.814068561e-16"
					],
					[
						"4206.503208",
						"5.558526132e-16"
					],
					[
						"4211.235933",
						"5.577178856e-16"
					],
					[
						"4215.968657",
						"5.416737052e-16"
					],
					[
						"4220.701382",
						"5.438742438e-16"
					],
					[
						"4225.434106",
						"5.530324699e-16"
					],
					[
						"4230.166831",
						"5.398548607e-16"
					],
					[
						"4234.899556",
						"5.372021653e-16"
					],
					[
						"4239.63228",
						"5.188596668e-16"
					],
					[
						"4244.365005",
						"5.34053585e-16"
					],
					[
						"4249.097729",
						"5.1294203e-16"
					],
					[
						"4253.830454",
						"5.195262818e-16"
					],
					[
						"4258.563178",
						"5.325235788e-16"
					],
					[
						"4263.295903",
						"5.365973308e-16"
					],
					[
						"4268.028628",
						"5.594695498e-16"
					],
					[
						"4272.761352",
						"5.751082661e-16"
					],
					[
						"4277.494077",
						"5.841884064e-16"
					],
					[
						"4282.226801",
						"5.762755305e-16"
					],
					[
						"4286.959526",
						"5.480618689e-16"
					],
					[
						"4291.69225",
						"5.321679838e-16"
					],
					[
						"4296.424975",
						"5.357700973e-16"
					],
					[
						"4301.1577",
						"5.016554218e-16"
					],
					[
						"4305.890424",
						"5.180997195e-16"
					],
					[
						"4310.623149",
						"5.198819827e-16"
					],
					[
						"4315.355873",
						"4.964125526e-16"
					],
					[
						"4320.088598",
						"5.085467231e-16"
					],
					[
						"4324.821323",
						"5.074665972e-16"
					],
					[
						"4329.554047",
						"4.741957784e-16"
					],
					[
						"4334.286772",
						"4.847652672e-16"
					],
					[
						"4339.019496",
						"5.01280398e-16"
					],
					[
						"4343.752221",
						"4.752807746e-16"
					],
					[
						"4348.484945",
						"4.452301103e-16"
					],
					[
						"4353.21767",
						"5.345753044e-16"
					],
					[
						"4357.950395",
						"5.490738615e-16"
					],
					[
						"4362.683119",
						"4.839980671e-16"
					],
					[
						"4367.415844",
						"4.691706495e-16"
					],
					[
						"4372.148568",
						"4.405303745e-16"
					],
					[
						"4376.881293",
						"4.655391016e-16"
					],
					[
						"4381.614017",
						"4.473827916e-16"
					],
					[
						"4386.346742",
						"4.422161818e-16"
					],
					[
						"4391.079467",
						"4.264509134e-16"
					],
					[
						"4395.812191",
						"4.378699763e-16"
					],
					[
						"4400.544916",
						"4.259174415e-16"
					],
					[
						"4405.27764",
						"4.173648174e-16"
					],
					[
						"4410.010365",
						"4.293717477e-16"
					],
					[
						"4414.74309",
						"4.292751859e-16"
					],
					[
						"4419.475814",
						"4.486160186e-16"
					],
					[
						"4424.208539",
						"4.439848924e-16"
					],
					[
						"4428.941263",
						"4.316525163e-16"
					],
					[
						"4433.673988",
						"4.558092871e-16"
					],
					[
						"4438.406712",
						"4.609650708e-16"
					],
					[
						"4443.139437",
						"4.572893713e-16"
					],
					[
						"4447.872162",
						"4.323750089e-16"
					],
					[
						"4452.604886",
						"4.431762672e-16"
					],
					[
						"4457.337611",
						"4.722374382e-16"
					],
					[
						"4462.070335",
						"5.047878026e-16"
					],
					[
						"4466.80306",
						"4.990421134e-16"
					],
					[
						"4471.535784",
						"4.871240422e-16"
					],
					[
						"4476.268509",
						"4.870262099e-16"
					],
					[
						"4481.001234",
						"5.17249669e-16"
					],
					[
						"4485.733958",
						"5.286485619e-16"
					],
					[
						"4490.466683",
						"5.414713702e-16"
					],
					[
						"4495.199407",
						"5.83912856e-16"
					],
					[
						"4499.932132",
						"5.838373642e-16"
					],
					[
						"4504.664857",
						"5.475164326e-16"
					],
					[
						"4509.397581",
						"5.46402796e-16"
					],
					[
						"4514.130306",
						"5.624188126e-16"
					],
					[
						"4518.86303",
						"5.266149417e-16"
					],
					[
						"4523.595755",
						"5.37130644e-16"
					],
					[
						"4528.328479",
						"5.319135563e-16"
					],
					[
						"4533.061204",
						"5.065995531e-16"
					],
					[
						"4537.793929",
						"5.149312868e-16"
					],
					[
						"4542.526653",
						"4.993179285e-16"
					],
					[
						"4547.259378",
						"4.862206816e-16"
					],
					[
						"4551.992102",
						"4.821416356e-16"
					],
					[
						"4556.724827",
						"4.959750601e-16"
					],
					[
						"4561.457551",
						"5.043462867e-16"
					],
					[
						"4566.190276",
						"5.081317828e-16"
					],
					[
						"4570.923001",
						"5.285268539e-16"
					],
					[
						"4575.655725",
						"5.120985969e-16"
					],
					[
						"4580.38845",
						"5.462111019e-16"
					],
					[
						"4585.121174",
						"5.421717076e-16"
					],
					[
						"4589.853899",
						"5.538977141e-16"
					],
					[
						"4594.586624",
						"5.628635049e-16"
					],
					[
						"4599.319348",
						"5.732056184e-16"
					],
					[
						"4604.052073",
						"5.645832994e-16"
					],
					[
						"4608.784797",
						"5.632710336e-16"
					],
					[
						"4613.517522",
						"5.555717688e-16"
					],
					[
						"4618.250246",
						"5.219723012e-16"
					],
					[
						"4622.982971",
						"5.372583871e-16"
					],
					[
						"4627.715696",
						"5.547969455e-16"
					],
					[
						"4632.44842",
						"5.532196113e-16"
					],
					[
						"4637.181145",
						"5.410312836e-16"
					],
					[
						"4641.913869",
						"5.355826383e-16"
					],
					[
						"4646.646594",
						"5.418818635e-16"
					],
					[
						"4651.379318",
						"5.387021548e-16"
					],
					[
						"4656.112043",
						"5.375093736e-16"
					],
					[
						"4660.844768",
						"5.394598787e-16"
					],
					[
						"4665.577492",
						"5.266004892e-16"
					],
					[
						"4670.310217",
						"5.260604527e-16"
					],
					[
						"4675.042941",
						"5.380385045e-16"
					],
					[
						"4679.775666",
						"5.283939756e-16"
					],
					[
						"4684.508391",
						"5.279440423e-16"
					],
					[
						"4689.241115",
						"5.766209082e-16"
					],
					[
						"4693.97384",
						"5.639161022e-16"
					],
					[
						"4698.706564",
						"5.510356427e-16"
					],
					[
						"4703.439289",
						"5.671310157e-16"
					],
					[
						"4708.172013",
						"5.641541184e-16"
					],
					[
						"4712.904738",
						"5.739438076e-16"
					],
					[
						"4717.637463",
						"5.811657164e-16"
					],
					[
						"4722.370187",
						"5.641868351e-16"
					],
					[
						"4727.102912",
						"5.71437543e-16"
					],
					[
						"4731.835636",
						"5.760548784e-16"
					],
					[
						"4736.568361",
						"5.722916698e-16"
					],
					[
						"4741.301085",
						"5.753513116e-16"
					],
					[
						"4746.03381",
						"5.606252203e-16"
					],
					[
						"4750.766535",
						"5.738387226e-16"
					],
					[
						"4755.499259",
						"5.428140233e-16"
					],
					[
						"4760.231984",
						"5.526013302e-16"
					],
					[
						"4764.964708",
						"5.58162472e-16"
					],
					[
						"4769.697433",
						"5.450192206e-16"
					],
					[
						"4774.430158",
						"5.468975162e-16"
					],
					[
						"4779.162882",
						"5.352308549e-16"
					],
					[
						"4783.895607",
						"5.344750369e-16"
					],
					[
						"4788.628331",
						"5.17874991e-16"
					],
					[
						"4793.361056",
						"5.154843464e-16"
					],
					[
						"4798.09378",
						"5.402634483e-16"
					],
					[
						"4802.826505",
						"5.458364486e-16"
					],
					[
						"4807.55923",
						"5.383662003e-16"
					],
					[
						"4812.291954",
						"5.171013323e-16"
					],
					[
						"4817.024679",
						"5.241763338e-16"
					],
					[
						"4821.757403",
						"5.256751057e-16"
					],
					[
						"4826.490128",
						"5.280098461e-16"
					],
					[
						"4831.222852",
						"5.294502786e-16"
					],
					[
						"4835.955577",
						"5.330782795e-16"
					],
					[
						"4840.688302",
						"5.10232001e-16"
					],
					[
						"4845.421026",
						"4.908444756e-16"
					],
					[
						"4850.153751",
						"5.055457383e-16"
					],
					[
						"4854.886475",
						"5.107822548e-16"
					],
					[
						"4859.6192",
						"5.070963909e-16"
					],
					[
						"4864.351925",
						"4.911893239e-16"
					],
					[
						"4869.084649",
						"4.811312841e-16"
					],
					[
						"4873.817374",
						"4.826787604e-16"
					],
					[
						"4878.550098",
						"4.833843918e-16"
					],
					[
						"4883.282823",
						"4.86072292e-16"
					],
					[
						"4888.015547",
						"4.906031242e-16"
					],
					[
						"4892.748272",
						"4.979158243e-16"
					],
					[
						"4897.480997",
						"4.743070573e-16"
					],
					[
						"4902.213721",
						"4.734417602e-16"
					],
					[
						"4906.946446",
						"4.837503629e-16"
					],
					[
						"4911.67917",
						"4.848670171e-16"
					],
					[
						"4916.411895",
						"4.820153218e-16"
					],
					[
						"4921.144619",
						"4.920606561e-16"
					],
					[
						"4925.877344",
						"4.789997787e-16"
					],
					[
						"4930.610069",
						"4.777280116e-16"
					],
					[
						"4935.342793",
						"5.00543744e-16"
					],
					[
						"4940.075518",
						"5.126584857e-16"
					],
					[
						"4944.808242",
						"5.117644954e-16"
					],
					[
						"4949.540967",
						"5.075768174e-16"
					],
					[
						"4954.273692",
						"4.974955901e-16"
					],
					[
						"4959.006416",
						"4.964338343e-16"
					],
					[
						"4963.739141",
						"5.002715818e-16"
					],
					[
						"4968.471865",
						"4.872023398e-16"
					],
					[
						"4973.20459",
						"5.035972978e-16"
					],
					[
						"4977.937314",
						"4.973116781e-16"
					],
					[
						"4982.670039",
						"4.958443523e-16"
					],
					[
						"4987.402764",
						"4.906427759e-16"
					],
					[
						"4992.135488",
						"4.990644539e-16"
					],
					[
						"4996.868213",
						"4.901531379e-16"
					],
					[
						"5001.600937",
						"4.787114169e-16"
					],
					[
						"5006.333662",
						"4.808465752e-16"
					],
					[
						"5011.066386",
						"4.758183758e-16"
					],
					[
						"5015.799111",
						"4.499352195e-16"
					],
					[
						"5020.531836",
						"4.661616179e-16"
					],
					[
						"5025.26456",
						"5.304005437e-16"
					],
					[
						"5029.997285",
						"5.7141822e-16"
					],
					[
						"5034.730009",
						"5.698987488e-16"
					],
					[
						"5039.462734",
						"4.905425613e-16"
					],
					[
						"5044.195459",
						"4.202103982e-16"
					],
					[
						"5048.928183",
						"4.238383461e-16"
					],
					[
						"5053.660908",
						"4.187529192e-16"
					],
					[
						"5058.393632",
						"4.100017453e-16"
					],
					[
						"5063.126357",
						"4.18895353e-16"
					],
					[
						"5067.859081",
						"4.20108913e-16"
					],
					[
						"5072.591806",
						"4.211513194e-16"
					],
					[
						"5077.324531",
						"4.169390775e-16"
					],
					[
						"5082.057255",
						"4.118555034e-16"
					],
					[
						"5086.78998",
						"4.090500773e-16"
					],
					[
						"5091.522704",
						"4.037689063e-16"
					],
					[
						"5096.255429",
						"3.960596095e-16"
					],
					[
						"5100.988153",
						"3.978193469e-16"
					],
					[
						"5105.720878",
						"4.022613465e-16"
					],
					[
						"5110.453603",
						"3.900847979e-16"
					],
					[
						"5115.186327",
						"3.739128213e-16"
					],
					[
						"5119.919052",
						"3.888869345e-16"
					],
					[
						"5124.651776",
						"4.192678358e-16"
					],
					[
						"5129.384501",
						"4.58335457e-16"
					],
					[
						"5134.117226",
						"4.659996229e-16"
					],
					[
						"5138.84995",
						"4.240279492e-16"
					],
					[
						"5143.582675",
						"4.011157344e-16"
					],
					[
						"5148.315399",
						"3.985474511e-16"
					],
					[
						"5153.048124",
						"3.965848228e-16"
					],
					[
						"5157.780848",
						"3.899140149e-16"
					],
					[
						"5162.513573",
						"3.971293856e-16"
					],
					[
						"5167.246298",
						"4.058248406e-16"
					],
					[
						"5171.979022",
						"4.692625526e-16"
					],
					[
						"5176.711747",
						"5.327564599e-16"
					],
					[
						"5181.444471",
						"5.785547903e-16"
					],
					[
						"5186.177196",
						"5.971138115e-16"
					],
					[
						"5190.90992",
						"4.906128121e-16"
					],
					[
						"5195.642645",
						"4.170213191e-16"
					],
					[
						"5200.37537",
						"4.392518047e-16"
					],
					[
						"5205.108094",
						"4.283631697e-16"
					],
					[
						"5209.840819",
						"4.245174283e-16"
					],
					[
						"5214.573543",
						"4.45536948e-16"
					],
					[
						"5219.306268",
						"4.470545134e-16"
					],
					[
						"5224.038993",
						"4.540420587e-16"
					],
					[
						"5228.771717",
						"4.576045734e-16"
					],
					[
						"5233.504442",
						"4.579377221e-16"
					],
					[
						"5238.237166",
						"4.538735521e-16"
					],
					[
						"5242.969891",
						"4.660402804e-16"
					],
					[
						"5247.702615",
						"4.686767764e-16"
					],
					[
						"5252.43534",
						"4.634144254e-16"
					],
					[
						"5257.168065",
						"4.640178834e-16"
					],
					[
						"5261.900789",
						"4.630738122e-16"
					],
					[
						"5266.633514",
						"4.746050011e-16"
					],
					[
						"5271.366238",
						"4.639318037e-16"
					],
					[
						"5276.098963",
						"4.593755076e-16"
					],
					[
						"5280.831687",
						"4.611725409e-16"
					],
					[
						"5285.564412",
						"4.575185996e-16"
					],
					[
						"5290.297137",
						"4.646342587e-16"
					],
					[
						"5295.029861",
						"4.643853369e-16"
					],
					[
						"5299.762586",
						"4.622047564e-16"
					],
					[
						"5304.49531",
						"4.581254987e-16"
					],
					[
						"5309.228035",
						"4.662230278e-16"
					],
					[
						"5313.96076",
						"4.648094357e-16"
					],
					[
						"5318.693484",
						"4.560189278e-16"
					],
					[
						"5323.426209",
						"4.582911466e-16"
					],
					[
						"5328.158933",
						"4.627881504e-16"
					],
					[
						"5332.891658",
						"4.574732833e-16"
					],
					[
						"5337.624382",
						"4.627047706e-16"
					],
					[
						"5342.357107",
						"4.78373186e-16"
					],
					[
						"5347.089832",
						"4.761655535e-16"
					],
					[
						"5351.822556",
						"4.633591565e-16"
					],
					[
						"5356.555281",
						"4.711798646e-16"
					],
					[
						"5361.288005",
						"4.833101705e-16"
					],
					[
						"5366.02073",
						"4.683693034e-16"
					],
					[
						"5370.753454",
						"4.597905537e-16"
					],
					[
						"5375.486179",
						"4.588300184e-16"
					],
					[
						"5380.218904",
						"4.725181767e-16"
					],
					[
						"5384.951628",
						"4.501604773e-16"
					],
					[
						"5389.684353",
						"4.142642004e-16"
					],
					[
						"5394.417077",
						"3.698245639e-16"
					],
					[
						"5399.149802",
						"3.965678822e-16"
					],
					[
						"5403.882527",
						"4.28843305e-16"
					],
					[
						"5408.615251",
						"4.288049768e-16"
					],
					[
						"5413.347976",
						"4.367196526e-16"
					],
					[
						"5418.0807",
						"4.341964209e-16"
					],
					[
						"5422.813425",
						"4.313613751e-16"
					],
					[
						"5427.546149",
						"4.160656542e-16"
					],
					[
						"5432.278874",
						"4.051455466e-16"
					],
					[
						"5437.011599",
						"4.088093876e-16"
					],
					[
						"5441.744323",
						"4.200564764e-16"
					],
					[
						"5446.477048",
						"4.085629275e-16"
					],
					[
						"5451.209772",
						"4.602868621e-16"
					],
					[
						"5455.942497",
						"4.858105059e-16"
					],
					[
						"5460.675221",
						"4.156713074e-16"
					],
					[
						"5465.407946",
						"4.079030094e-16"
					],
					[
						"5470.140671",
						"3.91716051e-16"
					],
					[
						"5474.873395",
						"4.060573246e-16"
					],
					[
						"5479.60612",
						"4.186126293e-16"
					],
					[
						"5484.338844",
						"4.020559145e-16"
					],
					[
						"5489.071569",
						"4.102085272e-16"
					],
					[
						"5493.804294",
						"4.068581414e-16"
					],
					[
						"5498.537018",
						"4.033613776e-16"
					],
					[
						"5503.269743",
						"4.041778115e-16"
					],
					[
						"5508.002467",
						"3.937408038e-16"
					],
					[
						"5512.735192",
						"4.015478271e-16"
					],
					[
						"5517.467916",
						"4.014852261e-16"
					],
					[
						"5522.200641",
						"4.021041425e-16"
					],
					[
						"5526.933366",
						"4.101417175e-16"
					],
					[
						"5531.66609",
						"4.034340371e-16"
					],
					[
						"5536.398815",
						"4.005994414e-16"
					],
					[
						"5541.131539",
						"4.093832524e-16"
					],
					[
						"5545.864264",
						"4.016038107e-16"
					],
					[
						"5550.596988",
						"4.053652723e-16"
					],
					[
						"5555.329713",
						"4.061501012e-16"
					],
					[
						"5560.062438",
						"4.125933485e-16"
					],
					[
						"5564.795162",
						"4.227936634e-16"
					],
					[
						"5569.527887",
						"4.93152111e-16"
					],
					[
						"5574.260611",
						"4.681321342e-16"
					],
					[
						"5578.993336",
						"4.275536709e-16"
					],
					[
						"5583.726061",
						"4.040221427e-16"
					],
					[
						"5588.458785",
						"4.034017175e-16"
					],
					[
						"5593.19151",
						"4.114063112e-16"
					],
					[
						"5597.924234",
						"3.990973343e-16"
					],
					[
						"5602.656959",
						"4.001958831e-16"
					],
					[
						"5607.389683",
						"3.942733493e-16"
					],
					[
						"5612.122408",
						"3.856476158e-16"
					],
					[
						"5616.855133",
						"3.867198801e-16"
					],
					[
						"5621.587857",
						"3.965674587e-16"
					],
					[
						"5626.320582",
						"4.131448728e-16"
					],
					[
						"5631.053306",
						"4.057498517e-16"
					],
					[
						"5635.786031",
						"4.11152969e-16"
					],
					[
						"5640.518755",
						"4.157607223e-16"
					],
					[
						"5645.25148",
						"4.281021247e-16"
					],
					[
						"5649.984205",
						"4.063296193e-16"
					],
					[
						"5654.716929",
						"4.016575179e-16"
					],
					[
						"5659.449654",
						"4.200431091e-16"
					],
					[
						"5664.182378",
						"4.335112771e-16"
					],
					[
						"5668.915103",
						"4.126952836e-16"
					],
					[
						"5673.647828",
						"4.358172714e-16"
					],
					[
						"5678.380552",
						"4.719618348e-16"
					],
					[
						"5683.113277",
						"4.798049893e-16"
					],
					[
						"5687.846001",
						"4.574968414e-16"
					],
					[
						"5692.578726",
						"4.438838573e-16"
					],
					[
						"5697.31145",
						"4.315863683e-16"
					],
					[
						"5702.044175",
						"4.35792231e-16"
					],
					[
						"5706.7769",
						"4.310700223e-16"
					],
					[
						"5711.509624",
						"4.223810524e-16"
					],
					[
						"5716.242349",
						"4.126811223e-16"
					],
					[
						"5720.975073",
						"4.246357218e-16"
					],
					[
						"5725.707798",
						"4.442813275e-16"
					],
					[
						"5730.440522",
						"4.414739427e-16"
					],
					[
						"5735.173247",
						"4.352941756e-16"
					],
					[
						"5739.905972",
						"4.215030763e-16"
					],
					[
						"5744.638696",
						"4.145768879e-16"
					],
					[
						"5749.371421",
						"4.202264653e-16"
					],
					[
						"5754.104145",
						"4.233501375e-16"
					],
					[
						"5758.83687",
						"4.484234774e-16"
					],
					[
						"5763.569595",
						"4.53685299e-16"
					],
					[
						"5768.302319",
						"4.305250625e-16"
					],
					[
						"5773.035044",
						"4.100841457e-16"
					],
					[
						"5777.767768",
						"4.307791723e-16"
					],
					[
						"5782.500493",
						"4.881546696e-16"
					],
					[
						"5787.233217",
						"4.57880865e-16"
					],
					[
						"5791.965942",
						"4.247786321e-16"
					],
					[
						"5796.698667",
						"4.33525359e-16"
					],
					[
						"5801.431391",
						"4.325883024e-16"
					],
					[
						"5806.164116",
						"4.505377246e-16"
					],
					[
						"5810.89684",
						"4.527066054e-16"
					],
					[
						"5815.629565",
						"4.508814082e-16"
					],
					[
						"5820.362289",
						"4.61366882e-16"
					],
					[
						"5825.095014",
						"4.602732566e-16"
					],
					[
						"5829.827739",
						"4.42714343e-16"
					],
					[
						"5834.560463",
						"4.463046245e-16"
					],
					[
						"5839.293188",
						"4.726292968e-16"
					],
					[
						"5844.025912",
						"4.816237279e-16"
					],
					[
						"5848.758637",
						"4.695101509e-16"
					],
					[
						"5853.491362",
						"4.590435236e-16"
					],
					[
						"5858.224086",
						"4.576650834e-16"
					],
					[
						"5862.956811",
						"4.521899683e-16"
					],
					[
						"5867.689535",
						"4.421075763e-16"
					],
					[
						"5872.42226",
						"4.532481771e-16"
					],
					[
						"5877.154984",
						"4.516023392e-16"
					],
					[
						"5881.887709",
						"4.178009071e-16"
					],
					[
						"5886.620434",
						"4.124492205e-16"
					],
					[
						"5891.353158",
						"3.909701591e-16"
					],
					[
						"5896.085883",
						"4.120305745e-16"
					],
					[
						"5900.818607",
						"4.150270594e-16"
					],
					[
						"5905.551332",
						"3.908107581e-16"
					],
					[
						"5910.284056",
						"4.069160572e-16"
					],
					[
						"5915.016781",
						"4.160283318e-16"
					],
					[
						"5919.749506",
						"4.326123105e-16"
					],
					[
						"5924.48223",
						"4.41093069e-16"
					],
					[
						"5929.214955",
						"4.6158674e-16"
					],
					[
						"5933.947679",
						"4.423150993e-16"
					],
					[
						"5938.680404",
						"4.27064827e-16"
					],
					[
						"5943.413129",
						"4.209021064e-16"
					],
					[
						"5948.145853",
						"4.276027988e-16"
					],
					[
						"5952.878578",
						"4.408754345e-16"
					],
					[
						"5957.611302",
						"4.368395872e-16"
					],
					[
						"5962.344027",
						"4.377541975e-16"
					],
					[
						"5967.076751",
						"4.359348766e-16"
					],
					[
						"5971.809476",
						"4.166866617e-16"
					],
					[
						"5976.542201",
						"4.166607742e-16"
					],
					[
						"5981.274925",
						"4.192240812e-16"
					],
					[
						"5986.00765",
						"4.165926146e-16"
					],
					[
						"5990.740374",
						"4.405383683e-16"
					],
					[
						"5995.473099",
						"4.180436085e-16"
					],
					[
						"6000.205823",
						"4.185392021e-16"
					],
					[
						"6004.938548",
						"4.230215946e-16"
					],
					[
						"6009.671273",
						"4.273329659e-16"
					],
					[
						"6014.403997",
						"4.255952778e-16"
					],
					[
						"6019.136722",
						"4.541336442e-16"
					],
					[
						"6023.869446",
						"4.180431585e-16"
					],
					[
						"6028.602171",
						"4.373050318e-16"
					],
					[
						"6033.334896",
						"4.365715542e-16"
					],
					[
						"6038.06762",
						"4.239833741e-16"
					],
					[
						"6042.800345",
						"4.393516487e-16"
					],
					[
						"6047.533069",
						"4.449932587e-16"
					],
					[
						"6052.265794",
						"4.417489372e-16"
					],
					[
						"6056.998518",
						"4.547975062e-16"
					],
					[
						"6061.731243",
						"4.419384608e-16"
					],
					[
						"6066.463968",
						"4.174106631e-16"
					],
					[
						"6071.196692",
						"4.510281038e-16"
					],
					[
						"6075.929417",
						"4.742707408e-16"
					],
					[
						"6080.662141",
						"4.503664122e-16"
					],
					[
						"6085.394866",
						"4.312694456e-16"
					],
					[
						"6090.12759",
						"4.135929797e-16"
					],
					[
						"6094.860315",
						"4.361762545e-16"
					],
					[
						"6099.59304",
						"4.696214299e-16"
					],
					[
						"6104.325764",
						"4.924735317e-16"
					],
					[
						"6109.058489",
						"4.890002202e-16"
					],
					[
						"6113.791213",
						"4.699697192e-16"
					],
					[
						"6118.523938",
						"4.376107313e-16"
					],
					[
						"6123.256663",
						"4.356845254e-16"
					],
					[
						"6127.989387",
						"4.40424363e-16"
					],
					[
						"6132.722112",
						"4.48589443e-16"
					],
					[
						"6137.454836",
						"4.479911201e-16"
					],
					[
						"6142.187561",
						"4.391161471e-16"
					],
					[
						"6146.920285",
						"4.362200091e-16"
					],
					[
						"6151.65301",
						"4.428630502e-16"
					],
					[
						"6156.385735",
						"4.474313901e-16"
					],
					[
						"6161.118459",
						"4.310621608e-16"
					],
					[
						"6165.851184",
						"4.259106387e-16"
					],
					[
						"6170.583908",
						"4.425198696e-16"
					],
					[
						"6175.316633",
						"4.291239641e-16"
					],
					[
						"6180.049357",
						"4.204015364e-16"
					],
					[
						"6184.782082",
						"4.316935444e-16"
					],
					[
						"6189.514807",
						"4.36734211e-16"
					],
					[
						"6194.247531",
						"4.178467792e-16"
					],
					[
						"6198.980256",
						"4.398976144e-16"
					],
					[
						"6203.71298",
						"4.319231962e-16"
					],
					[
						"6208.445705",
						"4.287701955e-16"
					],
					[
						"6213.17843",
						"4.20017804e-16"
					],
					[
						"6217.911154",
						"3.983418074e-16"
					],
					[
						"6222.643879",
						"4.094096693e-16"
					],
					[
						"6227.376603",
						"4.157743013e-16"
					],
					[
						"6232.109328",
						"4.108368404e-16"
					],
					[
						"6236.842052",
						"4.064962995e-16"
					],
					[
						"6241.574777",
						"3.914406329e-16"
					],
					[
						"6246.307502",
						"3.911472419e-16"
					],
					[
						"6251.040226",
						"3.931513748e-16"
					],
					[
						"6255.772951",
						"3.711797372e-16"
					],
					[
						"6260.505675",
						"3.657268832e-16"
					],
					[
						"6265.2384",
						"3.752720181e-16"
					],
					[
						"6269.971124",
						"3.545767003e-16"
					],
					[
						"6274.703849",
						"3.54761327e-16"
					],
					[
						"6279.436574",
						"3.478712963e-16"
					],
					[
						"6284.169298",
						"3.318533739e-16"
					],
					[
						"6288.902023",
						"3.706886963e-16"
					],
					[
						"6293.634747",
						"3.625570212e-16"
					],
					[
						"6298.367472",
						"3.255246613e-16"
					],
					[
						"6303.100197",
						"3.171405175e-16"
					],
					[
						"6307.832921",
						"3.303050506e-16"
					],
					[
						"6312.565646",
						"3.215765878e-16"
					],
					[
						"6317.29837",
						"3.134605563e-16"
					],
					[
						"6322.031095",
						"3.203259966e-16"
					],
					[
						"6326.763819",
						"3.233436574e-16"
					],
					[
						"6331.496544",
						"3.202394404e-16"
					],
					[
						"6336.229269",
						"3.071083122e-16"
					],
					[
						"6340.961993",
						"3.096708251e-16"
					],
					[
						"6345.694718",
						"3.158500892e-16"
					],
					[
						"6350.427442",
						"3.208088319e-16"
					],
					[
						"6355.160167",
						"3.341726295e-16"
					],
					[
						"6359.892891",
						"3.296231097e-16"
					],
					[
						"6364.625616",
						"3.053889147e-16"
					],
					[
						"6369.358341",
						"3.012225184e-16"
					],
					[
						"6374.091065",
						"3.150993269e-16"
					],
					[
						"6378.82379",
						"3.284008676e-16"
					],
					[
						"6383.556514",
						"3.263373894e-16"
					],
					[
						"6388.289239",
						"3.275025362e-16"
					],
					[
						"6393.021963",
						"3.268476739e-16"
					],
					[
						"6397.754688",
						"3.250964332e-16"
					],
					[
						"6402.487413",
						"3.324460587e-16"
					],
					[
						"6407.220137",
						"3.291846642e-16"
					],
					[
						"6411.952862",
						"3.160939024e-16"
					],
					[
						"6416.685586",
						"3.234118435e-16"
					],
					[
						"6421.418311",
						"3.358530634e-16"
					],
					[
						"6426.151036",
						"3.239342246e-16"
					],
					[
						"6430.88376",
						"3.26084603e-16"
					],
					[
						"6435.616485",
						"3.374619231e-16"
					],
					[
						"6440.349209",
						"3.258452898e-16"
					],
					[
						"6445.081934",
						"3.160730442e-16"
					],
					[
						"6449.814658",
						"3.247205094e-16"
					],
					[
						"6454.547383",
						"3.207295284e-16"
					],
					[
						"6459.280108",
						"3.213124988e-16"
					],
					[
						"6464.012832",
						"3.204501663e-16"
					],
					[
						"6468.745557",
						"3.135489125e-16"
					],
					[
						"6473.478281",
						"3.126390667e-16"
					],
					[
						"6478.211006",
						"3.192758875e-16"
					],
					[
						"6482.94373",
						"3.11720883e-16"
					],
					[
						"6487.676455",
						"2.811834659e-16"
					],
					[
						"6492.40918",
						"2.830259479e-16"
					],
					[
						"6497.141904",
						"3.203194586e-16"
					],
					[
						"6501.874629",
						"3.14985798e-16"
					],
					[
						"6506.607353",
						"3.128172878e-16"
					],
					[
						"6511.340078",
						"3.095493817e-16"
					],
					[
						"6516.072803",
						"3.225005155e-16"
					],
					[
						"6520.805527",
						"3.283357519e-16"
					],
					[
						"6525.538252",
						"3.260939204e-16"
					],
					[
						"6530.270976",
						"3.261977878e-16"
					],
					[
						"6535.003701",
						"3.193915869e-16"
					],
					[
						"6539.736425",
						"3.177751304e-16"
					],
					[
						"6544.46915",
						"3.103804799e-16"
					],
					[
						"6549.201875",
						"3.064049837e-16"
					],
					[
						"6553.934599",
						"3.096069005e-16"
					],
					[
						"6558.667324",
						"3.073028386e-16"
					],
					[
						"6563.400048",
						"2.712551545e-16"
					],
					[
						"6568.132773",
						"2.411461243e-16"
					],
					[
						"6572.865497",
						"2.873358633e-16"
					],
					[
						"6577.598222",
						"3.051434075e-16"
					],
					[
						"6582.330947",
						"3.042326618e-16"
					],
					[
						"6587.063671",
						"3.00554633e-16"
					],
					[
						"6591.796396",
						"3.055742561e-16"
					],
					[
						"6596.52912",
						"3.049968973e-16"
					],
					[
						"6601.261845",
						"3.087268333e-16"
					],
					[
						"6605.99457",
						"3.113671674e-16"
					],
					[
						"6610.727294",
						"2.936111333e-16"
					],
					[
						"6615.460019",
						"2.961656788e-16"
					],
					[
						"6620.192743",
						"3.064699405e-16"
					],
					[
						"6624.925468",
						"3.051858121e-16"
					],
					[
						"6629.658192",
						"2.985000751e-16"
					],
					[
						"6634.390917",
						"2.899522686e-16"
					],
					[
						"6639.123642",
						"2.919782126e-16"
					],
					[
						"6643.856366",
						"2.999890267e-16"
					],
					[
						"6648.589091",
						"3.050001266e-16"
					],
					[
						"6653.321815",
						"3.002232578e-16"
					],
					[
						"6658.05454",
						"3.074680629e-16"
					],
					[
						"6662.787264",
						"3.058697647e-16"
					],
					[
						"6667.519989",
						"2.968886744e-16"
					],
					[
						"6672.252714",
						"2.971003532e-16"
					],
					[
						"6676.985438",
						"3.01704242e-16"
					],
					[
						"6681.718163",
						"2.856354711e-16"
					],
					[
						"6686.450887",
						"2.83348641e-16"
					],
					[
						"6691.183612",
						"2.943916212e-16"
					],
					[
						"6695.916337",
						"2.987725286e-16"
					],
					[
						"6700.649061",
						"2.988722138e-16"
					],
					[
						"6705.381786",
						"2.987986013e-16"
					],
					[
						"6710.11451",
						"2.921759154e-16"
					],
					[
						"6714.847235",
						"2.86302139e-16"
					],
					[
						"6719.579959",
						"2.927437981e-16"
					],
					[
						"6724.312684",
						"2.840747864e-16"
					],
					[
						"6729.045409",
						"2.837394408e-16"
					],
					[
						"6733.778133",
						"2.85229107e-16"
					],
					[
						"6738.510858",
						"2.898843472e-16"
					],
					[
						"6743.243582",
						"2.78791339e-16"
					],
					[
						"6747.976307",
						"2.838611753e-16"
					],
					[
						"6752.709031",
						"3.236209548e-16"
					],
					[
						"6757.441756",
						"3.457364027e-16"
					],
					[
						"6762.174481",
						"3.429149359e-16"
					],
					[
						"6766.907205",
						"3.27082752e-16"
					],
					[
						"6771.63993",
						"3.210979083e-16"
					],
					[
						"6776.372654",
						"3.348998073e-16"
					],
					[
						"6795.303553",
						"3.29098611e-16"
					],
					[
						"6800.036277",
						"3.348998073e-16"
					],
					[
						"6804.769002",
						"3.329737073e-16"
					],
					[
						"6809.501726",
						"3.29098611e-16"
					],
					[
						"6814.234451",
						"3.262094875e-16"
					],
					[
						"6823.6999",
						"2.82424528e-16"
					],
					[
						"6828.432625",
						"2.810241708e-16"
					],
					[
						"6833.165349",
						"2.779160628e-16"
					],
					[
						"6837.898074",
						"2.663033734e-16"
					],
					[
						"6842.630798",
						"2.727737522e-16"
					],
					[
						"6847.363523",
						"2.862246884e-16"
					],
					[
						"6852.096248",
						"2.842579573e-16"
					],
					[
						"6856.828972",
						"2.756533466e-16"
					],
					[
						"6861.561697",
						"2.409048523e-16"
					],
					[
						"6866.294421",
						"2.201279282e-16"
					],
					[
						"6871.027146",
						"1.878247386e-16"
					],
					[
						"6875.759871",
						"2.113953097e-16"
					],
					[
						"6880.492595",
						"2.294303881e-16"
					],
					[
						"6885.22532",
						"2.318618756e-16"
					],
					[
						"6889.958044",
						"2.299859888e-16"
					],
					[
						"6894.690769",
						"2.219958344e-16"
					],
					[
						"6899.423493",
						"2.303513776e-16"
					],
					[
						"6904.156218",
						"2.468347182e-16"
					],
					[
						"6908.888943",
						"2.485329398e-16"
					],
					[
						"6913.621667",
						"2.475666341e-16"
					],
					[
						"6918.354392",
						"2.457186729e-16"
					],
					[
						"6923.087116",
						"2.303876412e-16"
					],
					[
						"6927.819841",
						"2.275091321e-16"
					],
					[
						"6932.552565",
						"2.324813214e-16"
					],
					[
						"6937.28529",
						"2.391668201e-16"
					],
					[
						"6942.018015",
						"2.671595385e-16"
					],
					[
						"6946.750739",
						"2.860180653e-16"
					],
					[
						"6951.483464",
						"3.136085224e-16"
					],
					[
						"6956.216188",
						"3.057866496e-16"
					],
					[
						"6960.948913",
						"2.947961059e-16"
					],
					[
						"6965.681638",
						"3.063732464e-16"
					],
					[
						"6970.414362",
						"2.899752179e-16"
					],
					[
						"6975.147087",
						"2.528604047e-16"
					],
					[
						"6979.879811",
						"2.334247837e-16"
					],
					[
						"6984.612536",
						"2.33559859e-16"
					],
					[
						"6989.34526",
						"2.38896696e-16"
					],
					[
						"6994.077985",
						"2.331741943e-16"
					],
					[
						"6998.81071",
						"2.338434562e-16"
					],
					[
						"7003.543434",
						"2.324140617e-16"
					],
					[
						"7008.276159",
						"2.222056735e-16"
					],
					[
						"7013.008883",
						"2.338239745e-16"
					],
					[
						"7017.741608",
						"2.330489129e-16"
					],
					[
						"7022.474332",
						"1.47442681e-16"
					],
					[
						"7027.207057",
						"1.507880244e-16"
					],
					[
						"7031.939782",
						"2.144320154e-16"
					],
					[
						"7036.672506",
						"2.394430322e-16"
					],
					[
						"7041.405231",
						"2.417951898e-16"
					],
					[
						"7046.137955",
						"2.378586571e-16"
					],
					[
						"7050.87068",
						"2.280512332e-16"
					],
					[
						"7055.603405",
						"2.288161569e-16"
					],
					[
						"7060.336129",
						"2.362624235e-16"
					],
					[
						"7065.068854",
						"2.340006073e-16"
					],
					[
						"7069.801578",
						"2.250981587e-16"
					],
					[
						"7074.534303",
						"2.337836345e-16"
					],
					[
						"7079.267027",
						"2.375237879e-16"
					],
					[
						"7083.999752",
						"2.328455191e-16"
					],
					[
						"7088.732477",
						"2.295747543e-16"
					],
					[
						"7093.465201",
						"2.317837898e-16"
					],
					[
						"7098.197926",
						"2.418901634e-16"
					],
					[
						"7102.93065",
						"2.473426203e-16"
					],
					[
						"7107.663375",
						"2.384093344e-16"
					],
					[
						"7112.396099",
						"2.310884551e-16"
					],
					[
						"7117.128824",
						"2.362954843e-16"
					],
					[
						"7121.861549",
						"2.346334998e-16"
					],
					[
						"7126.594273",
						"2.252728328e-16"
					],
					[
						"7131.326998",
						"2.29351667e-16"
					],
					[
						"7136.059722",
						"2.369988657e-16"
					],
					[
						"7140.792447",
						"2.287805286e-16"
					],
					[
						"7145.525172",
						"2.283909728e-16"
					],
					[
						"7150.257896",
						"2.236152158e-16"
					],
					[
						"7154.990621",
						"2.179181383e-16"
					],
					[
						"7159.723345",
						"2.124135094e-16"
					],
					[
						"7164.45607",
						"1.85471006e-16"
					],
					[
						"7169.188794",
						"1.603907575e-16"
					],
					[
						"7173.921519",
						"1.518201076e-16"
					],
					[
						"7178.654244",
						"1.50303376e-16"
					],
					[
						"7183.386968",
						"1.521428271e-16"
					],
					[
						"7188.119693",
						"1.448631613e-16"
					],
					[
						"7192.852417",
						"1.446153115e-16"
					],
					[
						"7197.585142",
						"1.455999344e-16"
					],
					[
						"7202.317866",
						"1.528891426e-16"
					],
					[
						"7207.050591",
						"1.761817281e-16"
					],
					[
						"7211.783316",
						"1.971780205e-16"
					],
					[
						"7216.51604",
						"2.032805884e-16"
					],
					[
						"7221.248765",
						"1.983485935e-16"
					],
					[
						"7225.981489",
						"1.978685111e-16"
					],
					[
						"7230.714214",
						"1.88007605e-16"
					],
					[
						"7235.446939",
						"1.679752891e-16"
					],
					[
						"7240.179663",
						"1.552005367e-16"
					],
					[
						"7244.912388",
						"1.570044919e-16"
					],
					[
						"7249.645112",
						"1.66564291e-16"
					],
					[
						"7254.377837",
						"1.659761722e-16"
					],
					[
						"7259.110561",
						"1.66599562e-16"
					],
					[
						"7263.843286",
						"1.688583077e-16"
					],
					[
						"7268.576011",
						"1.709889661e-16"
					],
					[
						"7273.308735",
						"1.634995802e-16"
					],
					[
						"7278.04146",
						"1.564106424e-16"
					],
					[
						"7282.774184",
						"1.742505724e-16"
					],
					[
						"7287.506909",
						"1.794867447e-16"
					],
					[
						"7292.239633",
						"1.741062459e-16"
					],
					[
						"7296.972358",
						"1.768136676e-16"
					],
					[
						"7301.705083",
						"1.879576433e-16"
					],
					[
						"7306.437807",
						"1.9143654e-16"
					],
					[
						"7311.170532",
						"1.814419218e-16"
					],
					[
						"7315.903256",
						"1.885327787e-16"
					],
					[
						"7320.635981",
						"2.079870344e-16"
					],
					[
						"7325.368706",
						"1.997936317e-16"
					],
					[
						"7330.10143",
						"2.059361956e-16"
					],
					[
						"7334.834155",
						"1.911723319e-16"
					],
					[
						"7339.566879",
						"1.895671118e-16"
					],
					[
						"7344.299604",
						"1.923896638e-16"
					],
					[
						"7349.032328",
						"1.956110227e-16"
					],
					[
						"7353.765053",
						"1.974961607e-16"
					],
					[
						"7358.497778",
						"1.992487646e-16"
					],
					[
						"7363.230502",
						"1.964478516e-16"
					],
					[
						"7367.963227",
						"1.951927341e-16"
					],
					[
						"7372.695951",
						"2.012117369e-16"
					],
					[
						"7377.428676",
						"2.104413123e-16"
					],
					[
						"7382.1614",
						"2.217115886e-16"
					],
					[
						"7386.894125",
						"2.125559169e-16"
					],
					[
						"7391.62685",
						"2.138206694e-16"
					],
					[
						"7396.359574",
						"2.048600534e-16"
					],
					[
						"7401.092299",
						"2.053445695e-16"
					],
					[
						"7405.825023",
						"2.114826467e-16"
					],
					[
						"7410.557748",
						"2.203225737e-16"
					],
					[
						"7415.290473",
						"2.226740828e-16"
					],
					[
						"7420.023197",
						"2.208525913e-16"
					],
					[
						"7424.755922",
						"2.225721212e-16"
					],
					[
						"7429.488646",
						"2.200481483e-16"
					],
					[
						"7434.221371",
						"2.124712665e-16"
					],
					[
						"7438.954095",
						"2.080377637e-16"
					],
					[
						"7443.68682",
						"2.094686538e-16"
					],
					[
						"7448.419545",
						"2.118047972e-16"
					],
					[
						"7453.152269",
						"2.182553369e-16"
					],
					[
						"7457.884994",
						"2.283168045e-16"
					],
					[
						"7462.617718",
						"2.074758765e-16"
					],
					[
						"7467.350443",
						"2.116327965e-16"
					],
					[
						"7472.083167",
						"2.132662996e-16"
					],
					[
						"7476.815892",
						"2.057522571e-16"
					],
					[
						"7481.548617",
						"2.087229207e-16"
					],
					[
						"7486.281341",
						"2.067735009e-16"
					],
					[
						"7491.014066",
						"2.104613897e-16"
					],
					[
						"7495.74679",
						"2.222027883e-16"
					],
					[
						"7500.479515",
						"2.129893066e-16"
					],
					[
						"7505.21224",
						"2.168191925e-16"
					],
					[
						"7509.944964",
						"2.317623757e-16"
					],
					[
						"7514.677689",
						"2.219259541e-16"
					],
					[
						"7519.410413",
						"2.046694048e-16"
					],
					[
						"7524.143138",
						"2.009772147e-16"
					],
					[
						"7528.875862",
						"1.978526293e-16"
					],
					[
						"7533.608587",
						"1.980954366e-16"
					],
					[
						"7538.341312",
						"2.090584649e-16"
					],
					[
						"7543.074036",
						"2.221303935e-16"
					],
					[
						"7547.806761",
						"2.228417159e-16"
					],
					[
						"7552.539485",
						"2.143264275e-16"
					],
					[
						"7557.27221",
						"2.045089318e-16"
					],
					[
						"7562.004934",
						"1.956911335e-16"
					],
					[
						"7566.737659",
						"1.977257596e-16"
					],
					[
						"7571.470384",
						"2.067435238e-16"
					],
					[
						"7576.203108",
						"2.128922022e-16"
					],
					[
						"7580.935833",
						"2.084959688e-16"
					],
					[
						"7585.668557",
						"1.90189006e-16"
					],
					[
						"7590.401282",
						"1.464816692e-16"
					],
					[
						"7595.134007",
						"8.751685363e-17"
					],
					[
						"7599.866731",
						"4.702024481e-17"
					],
					[
						"7604.599456",
						"3.578018709e-17"
					],
					[
						"7609.33218",
						"4.960670624e-17"
					],
					[
						"7614.064905",
						"8.075214411e-17"
					],
					[
						"7618.797629",
						"1.035317056e-16"
					],
					[
						"7623.530354",
						"9.911518313e-17"
					],
					[
						"7628.263079",
						"8.36221829e-17"
					],
					[
						"7632.995803",
						"7.916291177e-17"
					],
					[
						"7637.728528",
						"9.121810967e-17"
					],
					[
						"7642.461252",
						"1.095402397e-16"
					],
					[
						"7647.193977",
						"1.192352795e-16"
					],
					[
						"7651.926701",
						"1.41491904e-16"
					],
					[
						"7656.659426",
						"1.282442425e-16"
					],
					[
						"7661.392151",
						"1.174746553e-16"
					],
					[
						"7666.124875",
						"1.041398157e-16"
					],
					[
						"7670.8576",
						"1.367565266e-16"
					],
					[
						"7675.590324",
						"1.863479763e-16"
					],
					[
						"7680.323049",
						"1.901892046e-16"
					],
					[
						"7685.055774",
						"1.962278745e-16"
					],
					[
						"7689.788498",
						"1.85545042e-16"
					],
					[
						"7694.521223",
						"1.893198443e-16"
					],
					[
						"7699.253947",
						"2.099407026e-16"
					],
					[
						"7703.986672",
						"2.072874778e-16"
					],
					[
						"7708.719396",
						"2.040613808e-16"
					],
					[
						"7713.452121",
						"2.089159119e-16"
					],
					[
						"7718.184846",
						"2.097713357e-16"
					],
					[
						"7722.91757",
						"2.074884364e-16"
					],
					[
						"7727.650295",
						"2.032091465e-16"
					],
					[
						"7732.383019",
						"2.014550339e-16"
					],
					[
						"7737.115744",
						"2.044313754e-16"
					],
					[
						"7741.848468",
						"2.107566733e-16"
					],
					[
						"7746.581193",
						"2.113371556e-16"
					],
					[
						"7751.313918",
						"1.989243509e-16"
					],
					[
						"7756.046642",
						"1.981235342e-16"
					],
					[
						"7760.779367",
						"1.960994034e-16"
					],
					[
						"7765.512091",
						"1.914812871e-16"
					],
					[
						"7770.244816",
						"1.976780478e-16"
					],
					[
						"7774.977541",
						"1.855115445e-16"
					],
					[
						"7779.710265",
						"1.991669729e-16"
					],
					[
						"7784.44299",
						"2.134503042e-16"
					],
					[
						"7789.175714",
						"2.015089396e-16"
					],
					[
						"7793.908439",
						"1.973206793e-16"
					],
					[
						"7798.641163",
						"1.980889382e-16"
					],
					[
						"7803.373888",
						"1.949266598e-16"
					],
					[
						"7808.106613",
						"2.045352692e-16"
					],
					[
						"7812.839337",
						"1.971848894e-16"
					],
					[
						"7817.572062",
						"1.829821586e-16"
					],
					[
						"7822.304786",
						"1.88574773e-16"
					],
					[
						"7827.037511",
						"2.007738738e-16"
					],
					[
						"7831.770235",
						"1.983720325e-16"
					],
					[
						"7836.50296",
						"1.962540002e-16"
					],
					[
						"7841.235685",
						"2.068306491e-16"
					],
					[
						"7845.968409",
						"2.24626626e-16"
					],
					[
						"7850.701134",
						"2.031282549e-16"
					],
					[
						"7855.433858",
						"1.890580715e-16"
					],
					[
						"7860.166583",
						"1.972394436e-16"
					],
					[
						"7864.899308",
						"1.909222454e-16"
					],
					[
						"7869.632032",
						"1.977219215e-16"
					],
					[
						"7874.364757",
						"1.926127511e-16"
					],
					[
						"7879.097481",
						"2.03670303e-16"
					],
					[
						"7883.830206",
						"1.890533731e-16"
					],
					[
						"7888.56293",
						"1.858815391e-16"
					],
					[
						"7893.295655",
						"1.73945667e-16"
					],
					[
						"7898.02838",
						"2.029286992e-16"
					],
					[
						"7902.761104",
						"1.865580273e-16"
					],
					[
						"7907.493829",
						"1.921983138e-16"
					],
					[
						"7912.226553",
						"2.012028166e-16"
					],
					[
						"7916.959278",
						"1.869826422e-16"
					],
					[
						"7921.692002",
						"1.821019457e-16"
					],
					[
						"7926.424727",
						"1.770916003e-16"
					],
					[
						"7931.157452",
						"1.896278335e-16"
					],
					[
						"7935.890176",
						"1.90143306e-16"
					],
					[
						"7940.622901",
						"2.036722485e-16"
					],
					[
						"7945.355625",
						"2.070699624e-16"
					],
					[
						"7950.08835",
						"2.118760009e-16"
					],
					[
						"7954.821075",
						"1.970552933e-16"
					],
					[
						"7959.553799",
						"1.865537127e-16"
					],
					[
						"7964.286524",
						"1.757041074e-16"
					],
					[
						"7969.019248",
						"1.837216051e-16"
					],
					[
						"7973.751973",
						"2.019287106e-16"
					],
					[
						"7978.484697",
						"2.174226108e-16"
					],
					[
						"7983.217422",
						"2.224084056e-16"
					],
					[
						"7987.950147",
						"2.098775722e-16"
					],
					[
						"7992.682871",
						"2.040366315e-16"
					],
					[
						"7997.415596",
						"1.951901665e-16"
					],
					[
						"8002.14832",
						"1.961848743e-16"
					],
					[
						"8006.881045",
						"2.179420141e-16"
					],
					[
						"8011.613769",
						"2.25267777e-16"
					],
					[
						"8016.346494",
						"2.117802994e-16"
					],
					[
						"8021.079219",
						"2.021011348e-16"
					],
					[
						"8025.811943",
						"2.063499182e-16"
					],
					[
						"8030.544668",
						"2.046998451e-16"
					],
					[
						"8035.277392",
						"2.160433236e-16"
					],
					[
						"8040.010117",
						"2.24312668e-16"
					],
					[
						"8044.742842",
						"2.127590857e-16"
					],
					[
						"8049.475566",
						"2.175753812e-16"
					],
					[
						"8054.208291",
						"2.186073452e-16"
					],
					[
						"8058.941015",
						"2.154574017e-16"
					],
					[
						"8063.67374",
						"2.295384378e-16"
					],
					[
						"8068.406464",
						"2.227988084e-16"
					],
					[
						"8073.139189",
						"2.137755252e-16"
					],
					[
						"8077.871914",
						"2.137244915e-16"
					],
					[
						"8082.604638",
						"2.087670326e-16"
					],
					[
						"8087.337363",
						"2.175884175e-16"
					],
					[
						"8092.070087",
						"2.241888953e-16"
					],
					[
						"8096.802812",
						"2.102928963e-16"
					],
					[
						"8101.535536",
						"2.092300552e-16"
					],
					[
						"8106.268261",
						"2.196692598e-16"
					],
					[
						"8111.000986",
						"2.139089064e-16"
					],
					[
						"8115.73371",
						"2.10811876e-16"
					],
					[
						"8120.466435",
						"2.018389516e-16"
					],
					[
						"8125.199159",
						"1.910560766e-16"
					],
					[
						"8129.931884",
						"1.73362948e-16"
					],
					[
						"8134.664609",
						"1.688547475e-16"
					],
					[
						"8139.397333",
						"1.573674719e-16"
					],
					[
						"8144.130058",
						"1.514977321e-16"
					],
					[
						"8148.862782",
						"1.552454162e-16"
					],
					[
						"8153.595507",
						"1.543753413e-16"
					],
					[
						"8158.328231",
						"1.415037095e-16"
					],
					[
						"8163.060956",
						"1.455874539e-16"
					],
					[
						"8167.793681",
						"1.736702621e-16"
					],
					[
						"8172.526405",
						"1.863891898e-16"
					],
					[
						"8177.25913",
						"1.818132663e-16"
					],
					[
						"8181.991854",
						"1.996426349e-16"
					],
					[
						"8186.724579",
						"2.183917886e-16"
					],
					[
						"8191.457303",
						"1.771375121e-16"
					],
					[
						"8196.190028",
						"1.690639779e-16"
					],
					[
						"8200.922753",
						"2.006045334e-16"
					],
					[
						"8205.655477",
						"1.968051142e-16"
					],
					[
						"8210.388202",
						"1.741341847e-16"
					],
					[
						"8215.120926",
						"1.634636475e-16"
					],
					[
						"8219.853651",
						"1.568197725e-16"
					],
					[
						"8224.586376",
						"1.516625065e-16"
					],
					[
						"8229.3191",
						"1.891797398e-16"
					],
					[
						"8234.051825",
						"2.12804124e-16"
					],
					[
						"8238.784549",
						"2.149574538e-16"
					],
					[
						"8243.517274",
						"2.199307283e-16"
					],
					[
						"8248.249998",
						"2.49291299e-16"
					]
				],
				"source":"9"
			}
		]
	}
}