{
	"ASASSN-15om":{
		"schema":"https://github.com/astrocatalogs/supernovae/blob/a0bc0b9/SCHEMA.md",
		"name":"ASASSN-15om",
		"sources":[
			{
				"name":"2016A&A...594A..13P",
				"bibcode":"2016A&A...594A..13P",
				"reference":"Planck Collaboration et al. (2016)",
				"alias":"1"
			},
			{
				"name":"2015ATel.7915....1D",
				"bibcode":"2015ATel.7915....1D",
				"reference":"Dong et al. (2015)",
				"alias":"2"
			},
			{
				"name":"2015ATel.7926....1A",
				"bibcode":"2015ATel.7926....1A",
				"reference":"Ashall et al. (2015)",
				"alias":"3"
			},
			{
				"name":"2011ApJ...737..103S",
				"bibcode":"2011ApJ...737..103S",
				"reference":"Schlafly & Finkbeiner (2011)",
				"alias":"4"
			},
			{
				"name":"ASAS-SN Supernovae",
				"url":"http://www.astronomy.ohio-state.edu/~assassin/sn_list.html",
				"alias":"5"
			},
			{
				"name":"Latest Supernovae",
				"secondary":true,
				"url":"http://www.rochesterastronomy.org/snimages/snredshiftall.html",
				"alias":"6"
			},
			{
				"name":"The Open Supernova Catalog",
				"bibcode":"2017ApJ...835...64G",
				"reference":"Guillochon et al. (2017)",
				"secondary":true,
				"url":"https://sne.space",
				"alias":"7"
			},
			{
				"name":"WISeREP",
				"bibcode":"2012PASP..124..668Y",
				"reference":"Yaron & Gal-Yam (2012)",
				"secondary":true,
				"url":"http://wiserep.weizmann.ac.il/",
				"alias":"8"
			},
			{
				"name":"SIMBAD astronomical database",
				"bibcode":"2000A&AS..143....9W",
				"reference":"Wenger et al. (2000)",
				"secondary":true,
				"url":"http://simbad.u-strasbg.fr/",
				"alias":"9"
			}
		],
		"alias":[
			{
				"value":"ASASSN-15om",
				"source":"2,5,6,8,9"
			}
		],
		"claimedtype":[
			{
				"value":"Ia",
				"source":"2,3,5,6,8,9"
			}
		],
		"comovingdist":[
			{
				"value":"182.83",
				"derived":true,
				"u_value":"Mpc",
				"source":"1,2,5,7"
			}
		],
		"dec":[
			{
				"value":"-45:18:08.04",
				"u_value":"degrees",
				"source":"2,9"
			},
			{
				"value":"-45:18:08.0",
				"u_value":"degrees",
				"source":"2,6"
			},
			{
				"value":"-45:18:07.92",
				"u_value":"degrees",
				"source":"2,5"
			}
		],
		"discoverdate":[
			{
				"value":"2015/08/15",
				"source":"2,6"
			}
		],
		"discoverer":[
			{
				"value":"ASAS-SN",
				"source":"2,6"
			}
		],
		"ebv":[
			{
				"value":"0.0157",
				"derived":true,
				"e_value":"0.0011",
				"source":"4,7"
			}
		],
		"host":[
			{
				"value":"LCRS B021111.4-453206",
				"source":"2,5"
			}
		],
		"hostoffsetang":[
			{
				"value":"7",
				"u_value":"arcseconds",
				"source":"2,5"
			}
		],
		"lumdist":[
			{
				"value":"190.461",
				"derived":true,
				"u_value":"Mpc",
				"source":"1,2,5,7"
			}
		],
		"maxabsmag":[
			{
				"value":"-19.2547",
				"derived":true,
				"source":"1,2,5,7"
			}
		],
		"maxappmag":[
			{
				"value":"17.1",
				"derived":true,
				"source":"2,6,7"
			}
		],
		"maxdate":[
			{
				"value":"2015/08/14",
				"derived":true,
				"source":"2,6,7"
			}
		],
		"maxvisualabsmag":[
			{
				"value":"-19.299",
				"derived":true,
				"source":"1,2,5,7"
			}
		],
		"maxvisualappmag":[
			{
				"value":"17.1",
				"derived":true,
				"source":"2,6,7"
			}
		],
		"maxvisualdate":[
			{
				"value":"2015/08/14",
				"derived":true,
				"source":"2,6,7"
			}
		],
		"ra":[
			{
				"value":"02:13:07.470",
				"u_value":"hours",
				"source":"2,9"
			},
			{
				"value":"02:13:07.47",
				"u_value":"hours",
				"source":"2,6"
			},
			{
				"value":"02:13:07.464",
				"u_value":"hours",
				"source":"2,5"
			}
		],
		"redshift":[
			{
				"value":"0.041719",
				"source":"2,5"
			}
		],
		"velocity":[
			{
				"value":"12246",
				"u_value":"km/s",
				"source":"7"
			}
		],
		"photometry":[
			{
				"time":"57248.5",
				"magnitude":"17.1",
				"u_time":"MJD",
				"source":"2,6"
			}
		],
		"spectra":[
			{
				"time":"57253.0",
				"filename":"tASASSN-15om_20150818_Gr13_Free_slit1.0_1_f.asci",
				"instrument":"ESO-NTT - EFOSC2-NTT",
				"observer":"Ashall,Prentice",
				"redshift":"0.04",
				"reducer":"Inserra",
				"reduction":"rapid",
				"survey":"PESSTO",
				"u_fluxes":"erg/s/cm^2/Angstrom",
				"u_time":"MJD",
				"u_wavelengths":"Angstrom",
				"data":[
					[
						"3642.047852",
						"3.59739e-16"
					],
					[
						"3647.56578",
						"3.98233e-16"
					],
					[
						"3653.083709",
						"3.62412e-16"
					],
					[
						"3658.601637",
						"4.56651e-16"
					],
					[
						"3664.119566",
						"4.23082e-16"
					],
					[
						"3669.637495",
						"4.06446e-16"
					],
					[
						"3675.155423",
						"4.53024e-16"
					],
					[
						"3680.673352",
						"5.02884e-16"
					],
					[
						"3686.19128",
						"4.06437e-16"
					],
					[
						"3691.709209",
						"5.04975e-16"
					],
					[
						"3697.227138",
						"5.17197e-16"
					],
					[
						"3702.745066",
						"5.28212e-16"
					],
					[
						"3708.262995",
						"5.55524e-16"
					],
					[
						"3713.780923",
						"6.06857e-16"
					],
					[
						"3719.298852",
						"5.42354e-16"
					],
					[
						"3724.816781",
						"5.55026e-16"
					],
					[
						"3730.334709",
						"4.72445e-16"
					],
					[
						"3735.852638",
						"5.25909e-16"
					],
					[
						"3741.370566",
						"4.88022e-16"
					],
					[
						"3746.888495",
						"4.61053e-16"
					],
					[
						"3752.406424",
						"4.21303e-16"
					],
					[
						"3757.924352",
						"4.72776e-16"
					],
					[
						"3763.442281",
						"5.00781e-16"
					],
					[
						"3768.960209",
						"3.97102e-16"
					],
					[
						"3774.478138",
						"4.38949e-16"
					],
					[
						"3779.996067",
						"4.7376e-16"
					],
					[
						"3785.513995",
						"4.03363e-16"
					],
					[
						"3791.031924",
						"4.66474e-16"
					],
					[
						"3796.549852",
						"4.66829e-16"
					],
					[
						"3802.067781",
						"4.63364e-16"
					],
					[
						"3807.58571",
						"4.57817e-16"
					],
					[
						"3813.103638",
						"4.47118e-16"
					],
					[
						"3818.621567",
						"4.50211e-16"
					],
					[
						"3824.139495",
						"4.49637e-16"
					],
					[
						"3829.657424",
						"4.43323e-16"
					],
					[
						"3835.175353",
						"3.73344e-16"
					],
					[
						"3840.693281",
						"3.57465e-16"
					],
					[
						"3846.21121",
						"3.33528e-16"
					],
					[
						"3851.729138",
						"3.2052e-16"
					],
					[
						"3857.247067",
						"3.08256e-16"
					],
					[
						"3862.764996",
						"3.26347e-16"
					],
					[
						"3868.282924",
						"2.79499e-16"
					],
					[
						"3873.800853",
						"2.51814e-16"
					],
					[
						"3879.318781",
						"3.0687e-16"
					],
					[
						"3884.83671",
						"2.92179e-16"
					],
					[
						"3890.354639",
						"3.43518e-16"
					],
					[
						"3895.872567",
						"3.31149e-16"
					],
					[
						"3901.390496",
						"3.16986e-16"
					],
					[
						"3906.908424",
						"3.27587e-16"
					],
					[
						"3912.426353",
						"3.24996e-16"
					],
					[
						"3917.944282",
						"3.03826e-16"
					],
					[
						"3923.46221",
						"2.78573e-16"
					],
					[
						"3928.980139",
						"2.66351e-16"
					],
					[
						"3934.498067",
						"2.74492e-16"
					],
					[
						"3940.015996",
						"2.73195e-16"
					],
					[
						"3945.533925",
						"2.65655e-16"
					],
					[
						"3951.051853",
						"2.66864e-16"
					],
					[
						"3956.569782",
						"2.83025e-16"
					],
					[
						"3962.08771",
						"2.76386e-16"
					],
					[
						"3967.605639",
						"2.86972e-16"
					],
					[
						"3973.123568",
						"3.14737e-16"
					],
					[
						"3978.641496",
						"3.34434e-16"
					],
					[
						"3984.159425",
						"3.0858e-16"
					],
					[
						"3989.677353",
						"3.75515e-16"
					],
					[
						"3995.195282",
						"3.83971e-16"
					],
					[
						"4000.713211",
						"4.0095e-16"
					],
					[
						"4006.231139",
						"4.21039e-16"
					],
					[
						"4011.749068",
						"4.667e-16"
					],
					[
						"4017.266996",
						"5.29581e-16"
					],
					[
						"4022.784925",
						"5.37675e-16"
					],
					[
						"4028.302854",
						"5.74093e-16"
					],
					[
						"4033.820782",
						"6.13753e-16"
					],
					[
						"4039.338711",
						"6.78021e-16"
					],
					[
						"4044.856639",
						"6.97667e-16"
					],
					[
						"4050.374568",
						"6.91554e-16"
					],
					[
						"4055.892497",
						"7.48288e-16"
					],
					[
						"4061.410425",
						"6.96335e-16"
					],
					[
						"4066.928354",
						"7.64539e-16"
					],
					[
						"4072.446282",
						"7.30008e-16"
					],
					[
						"4077.964211",
						"7.3181e-16"
					],
					[
						"4083.48214",
						"8.02517e-16"
					],
					[
						"4089.000068",
						"7.72149e-16"
					],
					[
						"4094.517997",
						"7.76173e-16"
					],
					[
						"4100.035925",
						"7.78629e-16"
					],
					[
						"4105.553854",
						"7.71936e-16"
					],
					[
						"4111.071783",
						"7.72023e-16"
					],
					[
						"4116.589711",
						"7.38611e-16"
					],
					[
						"4122.10764",
						"7.3339e-16"
					],
					[
						"4127.625568",
						"6.95826e-16"
					],
					[
						"4133.143497",
						"6.5563e-16"
					],
					[
						"4138.661426",
						"6.25456e-16"
					],
					[
						"4144.179354",
						"5.95805e-16"
					],
					[
						"4149.697283",
						"5.83351e-16"
					],
					[
						"4155.215211",
						"5.85717e-16"
					],
					[
						"4160.73314",
						"5.71939e-16"
					],
					[
						"4166.251069",
						"5.30952e-16"
					],
					[
						"4171.768997",
						"5.53181e-16"
					],
					[
						"4177.286926",
						"5.67055e-16"
					],
					[
						"4182.804854",
						"5.54739e-16"
					],
					[
						"4188.322783",
						"5.73505e-16"
					],
					[
						"4193.840712",
						"5.96695e-16"
					],
					[
						"4199.35864",
						"6.08319e-16"
					],
					[
						"4204.876569",
						"6.46139e-16"
					],
					[
						"4210.394497",
						"6.46113e-16"
					],
					[
						"4215.912426",
						"6.77252e-16"
					],
					[
						"4221.430355",
						"6.49108e-16"
					],
					[
						"4226.948283",
						"6.61892e-16"
					],
					[
						"4232.466212",
						"6.47198e-16"
					],
					[
						"4237.98414",
						"6.78663e-16"
					],
					[
						"4243.502069",
						"6.70983e-16"
					],
					[
						"4249.019998",
						"6.42432e-16"
					],
					[
						"4254.537926",
						"6.42298e-16"
					],
					[
						"4260.055855",
						"6.35899e-16"
					],
					[
						"4265.573783",
						"6.45927e-16"
					],
					[
						"4271.091712",
						"6.76519e-16"
					],
					[
						"4276.609641",
						"5.9622e-16"
					],
					[
						"4282.127569",
						"6.31539e-16"
					],
					[
						"4287.645498",
						"6.18323e-16"
					],
					[
						"4293.163426",
						"6.03285e-16"
					],
					[
						"4298.681355",
						"5.76304e-16"
					],
					[
						"4304.199284",
						"6.25077e-16"
					],
					[
						"4309.717212",
						"6.15601e-16"
					],
					[
						"4315.235141",
						"6.10922e-16"
					],
					[
						"4320.753069",
						"6.15438e-16"
					],
					[
						"4326.270998",
						"6.28898e-16"
					],
					[
						"4331.788927",
						"6.21521e-16"
					],
					[
						"4337.306855",
						"5.79666e-16"
					],
					[
						"4342.824784",
						"6.0213e-16"
					],
					[
						"4348.342712",
						"6.00805e-16"
					],
					[
						"4353.860641",
						"6.14703e-16"
					],
					[
						"4359.37857",
						"6.27087e-16"
					],
					[
						"4364.896498",
						"5.8757e-16"
					],
					[
						"4370.414427",
						"5.90304e-16"
					],
					[
						"4375.932355",
						"6.34432e-16"
					],
					[
						"4381.450284",
						"5.92653e-16"
					],
					[
						"4386.968213",
						"6.06489e-16"
					],
					[
						"4392.486141",
						"5.71691e-16"
					],
					[
						"4398.00407",
						"5.75636e-16"
					],
					[
						"4403.521998",
						"5.12641e-16"
					],
					[
						"4409.039927",
						"5.15971e-16"
					],
					[
						"4414.557856",
						"4.90645e-16"
					],
					[
						"4420.075784",
						"4.6934e-16"
					],
					[
						"4425.593713",
						"4.89632e-16"
					],
					[
						"4431.111641",
						"4.78307e-16"
					],
					[
						"4436.62957",
						"4.80031e-16"
					],
					[
						"4442.147499",
						"5.0514e-16"
					],
					[
						"4447.665427",
						"4.83085e-16"
					],
					[
						"4453.183356",
						"4.62901e-16"
					],
					[
						"4458.701284",
						"4.34163e-16"
					],
					[
						"4464.219213",
						"4.53686e-16"
					],
					[
						"4469.737142",
						"4.24525e-16"
					],
					[
						"4475.25507",
						"4.20383e-16"
					],
					[
						"4480.772999",
						"3.96875e-16"
					],
					[
						"4486.290927",
						"3.83038e-16"
					],
					[
						"4491.808856",
						"3.70871e-16"
					],
					[
						"4497.326785",
						"3.58875e-16"
					],
					[
						"4502.844713",
						"3.73716e-16"
					],
					[
						"4508.362642",
						"3.5047e-16"
					],
					[
						"4513.88057",
						"3.53269e-16"
					],
					[
						"4519.398499",
						"3.38252e-16"
					],
					[
						"4524.916428",
						"3.57459e-16"
					],
					[
						"4530.434356",
						"3.71664e-16"
					],
					[
						"4535.952285",
						"3.49029e-16"
					],
					[
						"4541.470213",
						"3.5147e-16"
					],
					[
						"4546.988142",
						"3.83266e-16"
					],
					[
						"4552.506071",
						"3.67388e-16"
					],
					[
						"4558.023999",
						"3.38016e-16"
					],
					[
						"4563.541928",
						"3.35961e-16"
					],
					[
						"4569.059856",
						"3.4528e-16"
					],
					[
						"4574.577785",
						"3.34006e-16"
					],
					[
						"4580.095714",
						"3.76822e-16"
					],
					[
						"4585.613642",
						"3.9338e-16"
					],
					[
						"4591.131571",
						"4.04688e-16"
					],
					[
						"4596.649499",
						"3.7656e-16"
					],
					[
						"4602.167428",
						"3.95143e-16"
					],
					[
						"4607.685357",
						"4.16525e-16"
					],
					[
						"4613.203285",
						"4.07505e-16"
					],
					[
						"4618.721214",
						"4.3706e-16"
					],
					[
						"4624.239142",
						"4.65594e-16"
					],
					[
						"4629.757071",
						"4.66779e-16"
					],
					[
						"4635.275",
						"4.42118e-16"
					],
					[
						"4640.792928",
						"5.00235e-16"
					],
					[
						"4646.310857",
						"4.86608e-16"
					],
					[
						"4651.828785",
						"4.77994e-16"
					],
					[
						"4657.346714",
						"5.12921e-16"
					],
					[
						"4662.864643",
						"5.19303e-16"
					],
					[
						"4668.382571",
						"5.11589e-16"
					],
					[
						"4673.9005",
						"5.49615e-16"
					],
					[
						"4679.418428",
						"5.35828e-16"
					],
					[
						"4684.936357",
						"5.22804e-16"
					],
					[
						"4690.454286",
						"5.69983e-16"
					],
					[
						"4695.972214",
						"5.68871e-16"
					],
					[
						"4701.490143",
						"5.94847e-16"
					],
					[
						"4707.008071",
						"5.70594e-16"
					],
					[
						"4712.526",
						"5.92599e-16"
					],
					[
						"4718.043929",
						"6.09651e-16"
					],
					[
						"4723.561857",
						"5.94365e-16"
					],
					[
						"4729.079786",
						"5.96671e-16"
					],
					[
						"4734.597714",
						"5.77139e-16"
					],
					[
						"4740.115643",
						"5.84378e-16"
					],
					[
						"4745.633572",
						"5.91376e-16"
					],
					[
						"4751.1515",
						"5.90261e-16"
					],
					[
						"4756.669429",
						"6.09706e-16"
					],
					[
						"4762.187357",
						"5.88593e-16"
					],
					[
						"4767.705286",
						"5.70615e-16"
					],
					[
						"4773.223215",
						"5.5883e-16"
					],
					[
						"4778.741143",
						"5.70527e-16"
					],
					[
						"4784.259072",
						"5.83126e-16"
					],
					[
						"4789.777",
						"5.9332e-16"
					],
					[
						"4795.294929",
						"5.69345e-16"
					],
					[
						"4800.812858",
						"5.80878e-16"
					],
					[
						"4806.330786",
						"5.50824e-16"
					],
					[
						"4811.848715",
						"5.43895e-16"
					],
					[
						"4817.366643",
						"5.18032e-16"
					],
					[
						"4822.884572",
						"5.47755e-16"
					],
					[
						"4828.402501",
						"5.21931e-16"
					],
					[
						"4833.920429",
						"5.16941e-16"
					],
					[
						"4839.438358",
						"4.90856e-16"
					],
					[
						"4844.956286",
						"4.76759e-16"
					],
					[
						"4850.474215",
						"4.54054e-16"
					],
					[
						"4855.992144",
						"4.79908e-16"
					],
					[
						"4861.510072",
						"4.58787e-16"
					],
					[
						"4867.028001",
						"4.53651e-16"
					],
					[
						"4872.545929",
						"4.82299e-16"
					],
					[
						"4878.063858",
						"4.55592e-16"
					],
					[
						"4883.581787",
						"4.49852e-16"
					],
					[
						"4889.099715",
						"4.62729e-16"
					],
					[
						"4894.617644",
						"4.47907e-16"
					],
					[
						"4900.135572",
						"4.19412e-16"
					],
					[
						"4905.653501",
						"4.06009e-16"
					],
					[
						"4911.17143",
						"3.59791e-16"
					],
					[
						"4916.689358",
						"3.32808e-16"
					],
					[
						"4922.207287",
						"3.39237e-16"
					],
					[
						"4927.725215",
						"3.27256e-16"
					],
					[
						"4933.243144",
						"3.33964e-16"
					],
					[
						"4938.761073",
						"3.39141e-16"
					],
					[
						"4944.279001",
						"3.22436e-16"
					],
					[
						"4949.79693",
						"3.30938e-16"
					],
					[
						"4955.314858",
						"3.41573e-16"
					],
					[
						"4960.832787",
						"3.3783e-16"
					],
					[
						"4966.350716",
						"3.55099e-16"
					],
					[
						"4971.868644",
						"3.62915e-16"
					],
					[
						"4977.386573",
						"3.59716e-16"
					],
					[
						"4982.904501",
						"3.76103e-16"
					],
					[
						"4988.42243",
						"3.6413e-16"
					],
					[
						"4993.940359",
						"3.52697e-16"
					],
					[
						"4999.458287",
						"3.42985e-16"
					],
					[
						"5004.976216",
						"3.29888e-16"
					],
					[
						"5010.494144",
						"3.11061e-16"
					],
					[
						"5016.012073",
						"2.85159e-16"
					],
					[
						"5021.530002",
						"3.00578e-16"
					],
					[
						"5027.04793",
						"2.99199e-16"
					],
					[
						"5032.565859",
						"2.76722e-16"
					],
					[
						"5038.083787",
						"2.8694e-16"
					],
					[
						"5043.601716",
						"2.76977e-16"
					],
					[
						"5049.119645",
						"2.45771e-16"
					],
					[
						"5054.637573",
						"2.61233e-16"
					],
					[
						"5060.155502",
						"2.50529e-16"
					],
					[
						"5065.67343",
						"3.02766e-16"
					],
					[
						"5071.191359",
						"2.97993e-16"
					],
					[
						"5076.709288",
						"3.04573e-16"
					],
					[
						"5082.227216",
						"3.15628e-16"
					],
					[
						"5087.745145",
						"3.47843e-16"
					],
					[
						"5093.263073",
						"3.4081e-16"
					],
					[
						"5098.781002",
						"3.53307e-16"
					],
					[
						"5104.298931",
						"3.74277e-16"
					],
					[
						"5109.816859",
						"3.73989e-16"
					],
					[
						"5115.334788",
						"3.80335e-16"
					],
					[
						"5120.852716",
						"3.80964e-16"
					],
					[
						"5126.370645",
						"3.81478e-16"
					],
					[
						"5131.888574",
						"3.84259e-16"
					],
					[
						"5137.406502",
						"3.57447e-16"
					],
					[
						"5142.924431",
						"3.24501e-16"
					],
					[
						"5148.442359",
						"3.33201e-16"
					],
					[
						"5153.960288",
						"3.05138e-16"
					],
					[
						"5159.478217",
						"2.86297e-16"
					],
					[
						"5164.996145",
						"2.84813e-16"
					],
					[
						"5170.514074",
						"2.69412e-16"
					],
					[
						"5176.032002",
						"2.69974e-16"
					],
					[
						"5181.549931",
						"2.64496e-16"
					],
					[
						"5187.06786",
						"2.63577e-16"
					],
					[
						"5192.585788",
						"2.57283e-16"
					],
					[
						"5198.103717",
						"2.51119e-16"
					],
					[
						"5203.621645",
						"2.36683e-16"
					],
					[
						"5209.139574",
						"2.56175e-16"
					],
					[
						"5214.657503",
						"2.57001e-16"
					],
					[
						"5220.175431",
						"2.70758e-16"
					],
					[
						"5225.69336",
						"2.9224e-16"
					],
					[
						"5231.211288",
						"2.82645e-16"
					],
					[
						"5236.729217",
						"2.90242e-16"
					],
					[
						"5242.247146",
						"2.99327e-16"
					],
					[
						"5247.765074",
						"2.95099e-16"
					],
					[
						"5253.283003",
						"2.9759e-16"
					],
					[
						"5258.800931",
						"2.90776e-16"
					],
					[
						"5264.31886",
						"3.2895e-16"
					],
					[
						"5269.836789",
						"3.27996e-16"
					],
					[
						"5275.354717",
						"3.32723e-16"
					],
					[
						"5280.872646",
						"3.33563e-16"
					],
					[
						"5286.390574",
						"3.33576e-16"
					],
					[
						"5291.908503",
						"3.31078e-16"
					],
					[
						"5297.426432",
						"3.52645e-16"
					],
					[
						"5302.94436",
						"3.58801e-16"
					],
					[
						"5308.462289",
						"3.5567e-16"
					],
					[
						"5313.980217",
						"3.78736e-16"
					],
					[
						"5319.498146",
						"3.6961e-16"
					],
					[
						"5325.016075",
						"3.80229e-16"
					],
					[
						"5330.534003",
						"3.94156e-16"
					],
					[
						"5336.051932",
						"3.81333e-16"
					],
					[
						"5341.56986",
						"3.86107e-16"
					],
					[
						"5347.087789",
						"3.98648e-16"
					],
					[
						"5352.605718",
						"4.11551e-16"
					],
					[
						"5358.123646",
						"4.2503e-16"
					],
					[
						"5363.641575",
						"4.15698e-16"
					],
					[
						"5369.159503",
						"4.44047e-16"
					],
					[
						"5374.677432",
						"4.35337e-16"
					],
					[
						"5380.195361",
						"4.22538e-16"
					],
					[
						"5385.713289",
						"4.64619e-16"
					],
					[
						"5391.231218",
						"4.31776e-16"
					],
					[
						"5396.749146",
						"4.31475e-16"
					],
					[
						"5402.267075",
						"4.52541e-16"
					],
					[
						"5407.785004",
						"4.33555e-16"
					],
					[
						"5413.302932",
						"4.43222e-16"
					],
					[
						"5418.820861",
						"4.52007e-16"
					],
					[
						"5424.338789",
						"4.66881e-16"
					],
					[
						"5429.856718",
						"4.16522e-16"
					],
					[
						"5435.374647",
						"4.07226e-16"
					],
					[
						"5440.892575",
						"4.13809e-16"
					],
					[
						"5446.410504",
						"4.06157e-16"
					],
					[
						"5451.928432",
						"3.86215e-16"
					],
					[
						"5457.446361",
						"3.83106e-16"
					],
					[
						"5462.96429",
						"3.61411e-16"
					],
					[
						"5468.482218",
						"3.5983e-16"
					],
					[
						"5474.000147",
						"3.20601e-16"
					],
					[
						"5479.518075",
						"3.31471e-16"
					],
					[
						"5485.036004",
						"3.08882e-16"
					],
					[
						"5490.553933",
						"3.21046e-16"
					],
					[
						"5496.071861",
						"3.09062e-16"
					],
					[
						"5501.58979",
						"2.92278e-16"
					],
					[
						"5507.107718",
						"2.93651e-16"
					],
					[
						"5512.625647",
						"2.96216e-16"
					],
					[
						"5518.143576",
						"3.10343e-16"
					],
					[
						"5523.661504",
						"3.08842e-16"
					],
					[
						"5529.179433",
						"3.16099e-16"
					],
					[
						"5534.697361",
						"3.11334e-16"
					],
					[
						"5540.21529",
						"3.05229e-16"
					],
					[
						"5545.733219",
						"3.49069e-16"
					],
					[
						"5551.251147",
						"3.25574e-16"
					],
					[
						"5556.769076",
						"3.1644e-16"
					],
					[
						"5562.287004",
						"3.18565e-16"
					],
					[
						"5567.804933",
						"3.14235e-16"
					],
					[
						"5573.322862",
						"3.12092e-16"
					],
					[
						"5578.84079",
						"3.21129e-16"
					],
					[
						"5584.358719",
						"3.27432e-16"
					],
					[
						"5589.876647",
						"2.92231e-16"
					],
					[
						"5595.394576",
						"3.26737e-16"
					],
					[
						"5600.912505",
						"2.96427e-16"
					],
					[
						"5606.430433",
						"3.13492e-16"
					],
					[
						"5611.948362",
						"3.04103e-16"
					],
					[
						"5617.46629",
						"3.05341e-16"
					],
					[
						"5622.984219",
						"3.04662e-16"
					],
					[
						"5628.502148",
						"3.02413e-16"
					],
					[
						"5634.020076",
						"2.99198e-16"
					],
					[
						"5639.538005",
						"2.91772e-16"
					],
					[
						"5645.055933",
						"2.97843e-16"
					],
					[
						"5650.573862",
						"2.67823e-16"
					],
					[
						"5656.091791",
						"2.76377e-16"
					],
					[
						"5661.609719",
						"2.80382e-16"
					],
					[
						"5667.127648",
						"2.71115e-16"
					],
					[
						"5672.645576",
						"2.62217e-16"
					],
					[
						"5678.163505",
						"2.7392e-16"
					],
					[
						"5683.681434",
						"2.64407e-16"
					],
					[
						"5689.199362",
						"2.48277e-16"
					],
					[
						"5694.717291",
						"2.53118e-16"
					],
					[
						"5700.235219",
						"2.54516e-16"
					],
					[
						"5705.753148",
						"2.5038e-16"
					],
					[
						"5711.271077",
						"2.67691e-16"
					],
					[
						"5716.789005",
						"2.75753e-16"
					],
					[
						"5722.306934",
						"2.82384e-16"
					],
					[
						"5727.824862",
						"3.01297e-16"
					],
					[
						"5733.342791",
						"2.90451e-16"
					],
					[
						"5738.86072",
						"2.88201e-16"
					],
					[
						"5744.378648",
						"3.10594e-16"
					],
					[
						"5749.896577",
						"3.09603e-16"
					],
					[
						"5755.414505",
						"3.04515e-16"
					],
					[
						"5760.932434",
						"3.29096e-16"
					],
					[
						"5766.450363",
						"3.1804e-16"
					],
					[
						"5771.968291",
						"3.18431e-16"
					],
					[
						"5777.48622",
						"3.33858e-16"
					],
					[
						"5783.004148",
						"3.04011e-16"
					],
					[
						"5788.522077",
						"3.27406e-16"
					],
					[
						"5794.040006",
						"3.50239e-16"
					],
					[
						"5799.557934",
						"3.42632e-16"
					],
					[
						"5805.075863",
						"3.28465e-16"
					],
					[
						"5810.593791",
						"3.38326e-16"
					],
					[
						"5816.11172",
						"3.23928e-16"
					],
					[
						"5821.629649",
						"3.00081e-16"
					],
					[
						"5827.147577",
						"3.02467e-16"
					],
					[
						"5832.665506",
						"3.25615e-16"
					],
					[
						"5838.183434",
						"3.41884e-16"
					],
					[
						"5843.701363",
						"3.19474e-16"
					],
					[
						"5849.219292",
						"3.12909e-16"
					],
					[
						"5854.73722",
						"3.07315e-16"
					],
					[
						"5860.255149",
						"3.34737e-16"
					],
					[
						"5865.773077",
						"3.36222e-16"
					],
					[
						"5871.291006",
						"3.17736e-16"
					],
					[
						"5876.808935",
						"3.0701e-16"
					],
					[
						"5882.326863",
						"3.1713e-16"
					],
					[
						"5887.844792",
						"3.16498e-16"
					],
					[
						"5893.36272",
						"3.11174e-16"
					],
					[
						"5898.880649",
						"3.20449e-16"
					],
					[
						"5904.398578",
						"3.01889e-16"
					],
					[
						"5909.916506",
						"3.06171e-16"
					],
					[
						"5915.434435",
						"3.03298e-16"
					],
					[
						"5920.952363",
						"2.85273e-16"
					],
					[
						"5926.470292",
						"2.96427e-16"
					],
					[
						"5931.988221",
						"2.97848e-16"
					],
					[
						"5937.506149",
						"3.00337e-16"
					],
					[
						"5943.024078",
						"2.94707e-16"
					],
					[
						"5948.542006",
						"2.7006e-16"
					],
					[
						"5954.059935",
						"2.64564e-16"
					],
					[
						"5959.577864",
						"2.67132e-16"
					],
					[
						"5965.095792",
						"2.64367e-16"
					],
					[
						"5970.613721",
						"2.72468e-16"
					],
					[
						"5976.131649",
						"2.63587e-16"
					],
					[
						"5981.649578",
						"2.60259e-16"
					],
					[
						"5987.167507",
						"2.70891e-16"
					],
					[
						"5992.685435",
						"2.65778e-16"
					],
					[
						"5998.203364",
						"2.79545e-16"
					],
					[
						"6003.721293",
						"2.67405e-16"
					],
					[
						"6009.239221",
						"2.79027e-16"
					],
					[
						"6014.75715",
						"2.99609e-16"
					],
					[
						"6020.275078",
						"2.69657e-16"
					],
					[
						"6025.793007",
						"2.61048e-16"
					],
					[
						"6031.310935",
						"2.84221e-16"
					],
					[
						"6036.828864",
						"2.85224e-16"
					],
					[
						"6042.346793",
						"2.8955e-16"
					],
					[
						"6047.864721",
						"2.82986e-16"
					],
					[
						"6053.38265",
						"3.24271e-16"
					],
					[
						"6058.900578",
						"3.1918e-16"
					],
					[
						"6064.418507",
						"3.06987e-16"
					],
					[
						"6069.936436",
						"3.13408e-16"
					],
					[
						"6075.454364",
						"3.06767e-16"
					],
					[
						"6080.972293",
						"3.19081e-16"
					],
					[
						"6086.490222",
						"3.21848e-16"
					],
					[
						"6092.00815",
						"3.25698e-16"
					],
					[
						"6097.526079",
						"3.23846e-16"
					],
					[
						"6103.044007",
						"3.17901e-16"
					],
					[
						"6108.561936",
						"3.09383e-16"
					],
					[
						"6114.079865",
						"3.18301e-16"
					],
					[
						"6119.597793",
						"3.47315e-16"
					],
					[
						"6125.115722",
						"3.04903e-16"
					],
					[
						"6130.63365",
						"2.95897e-16"
					],
					[
						"6136.151579",
						"3.19553e-16"
					],
					[
						"6141.669507",
						"2.80349e-16"
					],
					[
						"6147.187436",
						"3.09389e-16"
					],
					[
						"6152.705365",
						"3.12889e-16"
					],
					[
						"6158.223293",
						"3.00582e-16"
					],
					[
						"6163.741222",
						"2.97567e-16"
					],
					[
						"6169.259151",
						"2.82034e-16"
					],
					[
						"6174.777079",
						"3.15846e-16"
					],
					[
						"6180.295008",
						"2.88309e-16"
					],
					[
						"6185.812936",
						"2.90972e-16"
					],
					[
						"6191.330865",
						"2.94694e-16"
					],
					[
						"6196.848794",
						"2.84251e-16"
					],
					[
						"6202.366722",
						"2.91659e-16"
					],
					[
						"6207.884651",
						"2.98932e-16"
					],
					[
						"6213.402579",
						"2.85038e-16"
					],
					[
						"6218.920508",
						"2.77321e-16"
					],
					[
						"6224.438437",
						"2.71071e-16"
					],
					[
						"6229.956365",
						"2.70517e-16"
					],
					[
						"6235.474294",
						"2.77728e-16"
					],
					[
						"6240.992222",
						"2.71542e-16"
					],
					[
						"6246.510151",
						"2.62466e-16"
					],
					[
						"6252.02808",
						"2.50964e-16"
					],
					[
						"6257.546008",
						"2.59855e-16"
					],
					[
						"6263.063937",
						"2.71805e-16"
					],
					[
						"6268.581865",
						"2.62881e-16"
					],
					[
						"6274.099794",
						"2.59556e-16"
					],
					[
						"6279.617723",
						"2.53057e-16"
					],
					[
						"6285.135651",
						"2.52547e-16"
					],
					[
						"6290.65358",
						"2.44056e-16"
					],
					[
						"6296.171508",
						"2.43585e-16"
					],
					[
						"6301.689437",
						"2.3464e-16"
					],
					[
						"6307.207366",
						"2.12632e-16"
					],
					[
						"6312.725294",
						"2.04249e-16"
					],
					[
						"6318.243223",
						"1.81437e-16"
					],
					[
						"6323.761151",
						"1.61112e-16"
					],
					[
						"6329.27908",
						"1.42766e-16"
					],
					[
						"6334.797009",
						"1.42656e-16"
					],
					[
						"6340.314937",
						"1.49157e-16"
					],
					[
						"6345.832866",
						"1.0923e-16"
					],
					[
						"6351.350794",
						"1.23275e-16"
					],
					[
						"6356.868723",
						"1.18995e-16"
					],
					[
						"6362.386652",
						"1.09455e-16"
					],
					[
						"6367.90458",
						"8.0387e-17"
					],
					[
						"6373.422509",
						"8.51017e-17"
					],
					[
						"6378.940437",
						"9.71349e-17"
					],
					[
						"6384.458366",
						"8.63124e-17"
					],
					[
						"6389.976295",
						"1.0753e-16"
					],
					[
						"6395.494223",
						"7.06225e-17"
					],
					[
						"6401.012152",
						"9.81662e-17"
					],
					[
						"6406.53008",
						"9.60995e-17"
					],
					[
						"6412.048009",
						"9.10387e-17"
					],
					[
						"6417.565938",
						"1.05476e-16"
					],
					[
						"6423.083866",
						"1.39486e-16"
					],
					[
						"6428.601795",
						"1.50948e-16"
					],
					[
						"6434.119723",
						"1.32873e-16"
					],
					[
						"6439.637652",
						"1.48254e-16"
					],
					[
						"6445.155581",
						"1.58013e-16"
					],
					[
						"6450.673509",
						"1.63807e-16"
					],
					[
						"6456.191438",
						"1.85899e-16"
					],
					[
						"6461.709366",
						"1.78156e-16"
					],
					[
						"6467.227295",
						"1.75655e-16"
					],
					[
						"6472.745224",
						"2.19924e-16"
					],
					[
						"6478.263152",
						"2.27268e-16"
					],
					[
						"6483.781081",
						"2.031e-16"
					],
					[
						"6489.299009",
						"2.15442e-16"
					],
					[
						"6494.816938",
						"2.21939e-16"
					],
					[
						"6500.334867",
						"2.18002e-16"
					],
					[
						"6505.852795",
						"2.16977e-16"
					],
					[
						"6511.370724",
						"2.08315e-16"
					],
					[
						"6516.888652",
						"2.17862e-16"
					],
					[
						"6522.406581",
						"2.32488e-16"
					],
					[
						"6527.92451",
						"2.39817e-16"
					],
					[
						"6533.442438",
						"2.40913e-16"
					],
					[
						"6538.960367",
						"2.27571e-16"
					],
					[
						"6544.478295",
						"2.18239e-16"
					],
					[
						"6549.996224",
						"2.18611e-16"
					],
					[
						"6555.514153",
						"2.39473e-16"
					],
					[
						"6561.032081",
						"2.23573e-16"
					],
					[
						"6566.55001",
						"2.27093e-16"
					],
					[
						"6572.067938",
						"2.27034e-16"
					],
					[
						"6577.585867",
						"2.27772e-16"
					],
					[
						"6583.103796",
						"2.10959e-16"
					],
					[
						"6588.621724",
						"2.35157e-16"
					],
					[
						"6594.139653",
						"2.31984e-16"
					],
					[
						"6599.657581",
						"2.16962e-16"
					],
					[
						"6605.17551",
						"2.27888e-16"
					],
					[
						"6610.693439",
						"1.93975e-16"
					],
					[
						"6616.211367",
						"2.2122e-16"
					],
					[
						"6621.729296",
						"1.89909e-16"
					],
					[
						"6627.247224",
						"2.12788e-16"
					],
					[
						"6632.765153",
						"2.09459e-16"
					],
					[
						"6638.283082",
						"2.14839e-16"
					],
					[
						"6643.80101",
						"2.13101e-16"
					],
					[
						"6649.318939",
						"2.04999e-16"
					],
					[
						"6654.836867",
						"2.25692e-16"
					],
					[
						"6660.354796",
						"2.12673e-16"
					],
					[
						"6665.872725",
						"2.14699e-16"
					],
					[
						"6671.390653",
						"2.08366e-16"
					],
					[
						"6676.908582",
						"2.11429e-16"
					],
					[
						"6682.42651",
						"2.21554e-16"
					],
					[
						"6687.944439",
						"2.09689e-16"
					],
					[
						"6693.462368",
						"2.07081e-16"
					],
					[
						"6698.980296",
						"2.09363e-16"
					],
					[
						"6704.498225",
						"2.08905e-16"
					],
					[
						"6710.016153",
						"2.06869e-16"
					],
					[
						"6715.534082",
						"2.00035e-16"
					],
					[
						"6721.052011",
						"1.97699e-16"
					],
					[
						"6726.569939",
						"1.95708e-16"
					],
					[
						"6732.087868",
						"1.95728e-16"
					],
					[
						"6737.605796",
						"1.97856e-16"
					],
					[
						"6743.123725",
						"1.94487e-16"
					],
					[
						"6748.641654",
						"2.01128e-16"
					],
					[
						"6754.159582",
						"1.94468e-16"
					],
					[
						"6759.677511",
						"1.87019e-16"
					],
					[
						"6765.195439",
						"1.8525e-16"
					],
					[
						"6770.713368",
						"2.18197e-16"
					],
					[
						"6776.231297",
						"2.08435e-16"
					],
					[
						"6781.749225",
						"1.84708e-16"
					],
					[
						"6787.267154",
						"1.84948e-16"
					],
					[
						"6792.785082",
						"1.89554e-16"
					],
					[
						"6798.303011",
						"1.88637e-16"
					],
					[
						"6803.82094",
						"2.00966e-16"
					],
					[
						"6809.338868",
						"1.83564e-16"
					],
					[
						"6814.856797",
						"1.71721e-16"
					],
					[
						"6820.374725",
						"1.55249e-16"
					],
					[
						"6825.892654",
						"1.64021e-16"
					],
					[
						"6831.410583",
						"1.67835e-16"
					],
					[
						"6836.928511",
						"1.77128e-16"
					],
					[
						"6842.44644",
						"1.77198e-16"
					],
					[
						"6847.964368",
						"1.72315e-16"
					],
					[
						"6853.482297",
						"1.96328e-16"
					],
					[
						"6859.000226",
						"1.82131e-16"
					],
					[
						"6864.518154",
						"1.58739e-16"
					],
					[
						"6870.036083",
						"1.52726e-16"
					],
					[
						"6875.554011",
						"1.40489e-16"
					],
					[
						"6881.07194",
						"1.42247e-16"
					],
					[
						"6886.589869",
						"1.46763e-16"
					],
					[
						"6892.107797",
						"1.51343e-16"
					],
					[
						"6897.625726",
						"1.46441e-16"
					],
					[
						"6903.143654",
						"1.48871e-16"
					],
					[
						"6908.661583",
						"1.79121e-16"
					],
					[
						"6914.179512",
						"1.62929e-16"
					],
					[
						"6919.69744",
						"1.37671e-16"
					],
					[
						"6925.215369",
						"1.62319e-16"
					],
					[
						"6930.733297",
						"1.51544e-16"
					],
					[
						"6936.251226",
						"1.45273e-16"
					],
					[
						"6941.769155",
						"1.5137e-16"
					],
					[
						"6947.287083",
						"1.48373e-16"
					],
					[
						"6952.805012",
						"1.48949e-16"
					],
					[
						"6958.32294",
						"1.50947e-16"
					],
					[
						"6963.840869",
						"1.43562e-16"
					],
					[
						"6969.358798",
						"1.58641e-16"
					],
					[
						"6974.876726",
						"1.5275e-16"
					],
					[
						"6980.394655",
						"1.57259e-16"
					],
					[
						"6985.912583",
						"1.37944e-16"
					],
					[
						"6991.430512",
						"1.42224e-16"
					],
					[
						"6996.948441",
						"1.45728e-16"
					],
					[
						"7002.466369",
						"1.43249e-16"
					],
					[
						"7007.984298",
						"1.34093e-16"
					],
					[
						"7013.502226",
						"1.47122e-16"
					],
					[
						"7019.020155",
						"1.57755e-16"
					],
					[
						"7024.538084",
						"1.37e-16"
					],
					[
						"7030.056012",
						"1.25309e-16"
					],
					[
						"7035.573941",
						"1.33723e-16"
					],
					[
						"7041.091869",
						"1.34636e-16"
					],
					[
						"7046.609798",
						"1.22717e-16"
					],
					[
						"7052.127727",
						"1.24772e-16"
					],
					[
						"7057.645655",
						"1.19961e-16"
					],
					[
						"7063.163584",
						"1.15563e-16"
					],
					[
						"7068.681512",
						"1.41374e-16"
					],
					[
						"7074.199441",
						"1.1908e-16"
					],
					[
						"7079.71737",
						"1.26125e-16"
					],
					[
						"7085.235298",
						"1.0911e-16"
					],
					[
						"7090.753227",
						"1.19485e-16"
					],
					[
						"7096.271155",
						"1.54619e-16"
					],
					[
						"7101.789084",
						"1.4184e-16"
					],
					[
						"7107.307013",
						"1.20405e-16"
					],
					[
						"7112.824941",
						"1.43383e-16"
					],
					[
						"7118.34287",
						"1.28126e-16"
					],
					[
						"7123.860798",
						"1.1752e-16"
					],
					[
						"7129.378727",
						"1.13494e-16"
					],
					[
						"7134.896656",
						"1.43972e-16"
					],
					[
						"7140.414584",
						"1.26632e-16"
					],
					[
						"7145.932513",
						"1.28397e-16"
					],
					[
						"7151.450441",
						"1.22251e-16"
					],
					[
						"7156.96837",
						"1.25896e-16"
					],
					[
						"7162.486299",
						"1.22603e-16"
					],
					[
						"7168.004227",
						"1.17736e-16"
					],
					[
						"7173.522156",
						"1.18223e-16"
					],
					[
						"7179.040084",
						"1.04183e-16"
					],
					[
						"7184.558013",
						"1.0827e-16"
					],
					[
						"7190.075942",
						"1.16807e-16"
					],
					[
						"7195.59387",
						"1.18774e-16"
					],
					[
						"7201.111799",
						"1.17283e-16"
					],
					[
						"7206.629727",
						"1.00202e-16"
					],
					[
						"7212.147656",
						"1.20076e-16"
					],
					[
						"7217.665585",
						"1.11321e-16"
					],
					[
						"7223.183513",
						"1.14347e-16"
					],
					[
						"7228.701442",
						"1.14965e-16"
					],
					[
						"7234.21937",
						"1.21062e-16"
					],
					[
						"7239.737299",
						"9.75252e-17"
					],
					[
						"7245.255228",
						"1.16655e-16"
					],
					[
						"7250.773156",
						"1.02541e-16"
					],
					[
						"7256.291085",
						"9.69535e-17"
					],
					[
						"7261.809013",
						"1.24019e-16"
					],
					[
						"7267.326942",
						"9.46831e-17"
					],
					[
						"7272.844871",
						"9.36687e-17"
					],
					[
						"7278.362799",
						"1.03706e-16"
					],
					[
						"7283.880728",
						"1.00909e-16"
					],
					[
						"7289.398656",
						"9.44346e-17"
					],
					[
						"7294.916585",
						"9.46333e-17"
					],
					[
						"7300.434514",
						"1.1246e-16"
					],
					[
						"7305.952442",
						"1.16424e-16"
					],
					[
						"7311.470371",
						"9.79898e-17"
					],
					[
						"7316.988299",
						"1.00285e-16"
					],
					[
						"7322.506228",
						"8.52427e-17"
					],
					[
						"7328.024157",
						"8.96328e-17"
					],
					[
						"7333.542085",
						"1.23927e-16"
					],
					[
						"7339.060014",
						"1.20011e-16"
					],
					[
						"7344.577942",
						"1.0746e-16"
					],
					[
						"7350.095871",
						"9.39262e-17"
					],
					[
						"7355.6138",
						"1.09211e-16"
					],
					[
						"7361.131728",
						"1.05391e-16"
					],
					[
						"7366.649657",
						"9.72428e-17"
					],
					[
						"7372.167585",
						"1.10929e-16"
					],
					[
						"7377.685514",
						"1.04532e-16"
					],
					[
						"7383.203443",
						"1.10452e-16"
					],
					[
						"7388.721371",
						"1.05395e-16"
					],
					[
						"7394.2393",
						"9.4527e-17"
					],
					[
						"7399.757228",
						"1.00489e-16"
					],
					[
						"7405.275157",
						"8.01754e-17"
					],
					[
						"7410.793086",
						"9.97214e-17"
					],
					[
						"7416.311014",
						"1.04233e-16"
					],
					[
						"7421.828943",
						"1.0318e-16"
					],
					[
						"7427.346871",
						"9.22458e-17"
					],
					[
						"7432.8648",
						"9.42683e-17"
					],
					[
						"7438.382729",
						"9.97793e-17"
					],
					[
						"7443.900657",
						"8.98132e-17"
					],
					[
						"7449.418586",
						"8.65551e-17"
					],
					[
						"7454.936514",
						"8.68838e-17"
					],
					[
						"7460.454443",
						"1.01872e-16"
					],
					[
						"7465.972372",
						"1.10624e-16"
					],
					[
						"7471.4903",
						"9.67769e-17"
					],
					[
						"7477.008229",
						"8.71185e-17"
					],
					[
						"7482.526157",
						"1.02449e-16"
					],
					[
						"7488.044086",
						"9.08617e-17"
					],
					[
						"7493.562015",
						"8.40905e-17"
					],
					[
						"7499.079943",
						"1.00637e-16"
					],
					[
						"7504.597872",
						"1.0196e-16"
					],
					[
						"7510.1158",
						"9.14786e-17"
					],
					[
						"7515.633729",
						"8.1542e-17"
					],
					[
						"7521.151658",
						"9.47196e-17"
					],
					[
						"7526.669586",
						"9.56122e-17"
					],
					[
						"7532.187515",
						"9.09646e-17"
					],
					[
						"7537.705443",
						"9.43373e-17"
					],
					[
						"7543.223372",
						"9.0849e-17"
					],
					[
						"7548.741301",
						"1.05457e-16"
					],
					[
						"7554.259229",
						"1.10691e-16"
					],
					[
						"7559.777158",
						"9.89781e-17"
					],
					[
						"7565.295086",
						"1.08591e-16"
					],
					[
						"7570.813015",
						"1.07439e-16"
					],
					[
						"7576.330944",
						"8.72016e-17"
					],
					[
						"7581.848872",
						"8.80776e-17"
					],
					[
						"7587.366801",
						"9.45262e-17"
					],
					[
						"7592.884729",
						"8.73767e-17"
					],
					[
						"7598.402658",
						"5.88571e-17"
					],
					[
						"7603.920587",
						"3.83594e-17"
					],
					[
						"7609.438515",
						"3.65727e-17"
					],
					[
						"7614.956444",
						"3.1982e-17"
					],
					[
						"7620.474372",
						"4.07529e-17"
					],
					[
						"7625.992301",
						"6.61176e-17"
					],
					[
						"7631.51023",
						"6.58111e-17"
					],
					[
						"7637.028158",
						"3.88201e-17"
					],
					[
						"7642.546087",
						"3.58609e-17"
					],
					[
						"7648.064015",
						"4.99519e-17"
					],
					[
						"7653.581944",
						"4.38227e-17"
					],
					[
						"7659.099873",
						"7.19473e-17"
					],
					[
						"7664.617801",
						"6.79494e-17"
					],
					[
						"7670.13573",
						"6.35374e-17"
					],
					[
						"7675.653658",
						"6.95274e-17"
					],
					[
						"7681.171587",
						"7.74055e-17"
					],
					[
						"7686.689516",
						"7.31166e-17"
					],
					[
						"7692.207444",
						"7.87999e-17"
					],
					[
						"7697.725373",
						"8.69291e-17"
					],
					[
						"7703.243301",
						"5.4404e-17"
					],
					[
						"7708.76123",
						"7.1219e-17"
					],
					[
						"7714.279159",
						"8.43105e-17"
					],
					[
						"7719.797087",
						"5.90771e-17"
					],
					[
						"7725.315016",
						"7.85757e-17"
					],
					[
						"7730.832944",
						"8.15201e-17"
					],
					[
						"7736.350873",
						"5.95094e-17"
					],
					[
						"7741.868802",
						"6.12376e-17"
					],
					[
						"7747.38673",
						"5.88379e-17"
					],
					[
						"7752.904659",
						"6.5941e-17"
					],
					[
						"7758.422587",
						"7.76937e-17"
					],
					[
						"7763.940516",
						"5.67875e-17"
					],
					[
						"7769.458445",
						"5.02168e-17"
					],
					[
						"7774.976373",
						"8.15968e-17"
					],
					[
						"7780.494302",
						"7.33731e-17"
					],
					[
						"7786.01223",
						"5.67553e-17"
					],
					[
						"7791.530159",
						"8.99382e-17"
					],
					[
						"7797.048088",
						"7.21341e-17"
					],
					[
						"7802.566016",
						"6.20335e-17"
					],
					[
						"7808.083945",
						"5.89029e-17"
					],
					[
						"7813.601873",
						"7.50582e-17"
					],
					[
						"7819.119802",
						"4.56526e-17"
					],
					[
						"7824.637731",
						"7.33149e-17"
					],
					[
						"7830.155659",
						"6.48563e-17"
					],
					[
						"7835.673588",
						"8.27865e-17"
					],
					[
						"7841.191516",
						"5.59885e-17"
					],
					[
						"7846.709445",
						"3.95009e-17"
					],
					[
						"7852.227374",
						"3.1376e-17"
					],
					[
						"7857.745302",
						"6.62848e-17"
					],
					[
						"7863.263231",
						"7.65849e-17"
					],
					[
						"7868.781159",
						"6.81392e-17"
					],
					[
						"7874.299088",
						"6.19491e-17"
					],
					[
						"7879.817017",
						"5.11975e-17"
					],
					[
						"7885.334945",
						"5.71992e-17"
					],
					[
						"7890.852874",
						"7.87957e-17"
					],
					[
						"7896.370802",
						"5.73608e-17"
					],
					[
						"7901.888731",
						"6.16844e-17"
					],
					[
						"7907.40666",
						"7.0995e-17"
					],
					[
						"7912.924588",
						"5.7297e-17"
					],
					[
						"7918.442517",
						"7.60646e-17"
					],
					[
						"7923.960445",
						"6.47507e-17"
					],
					[
						"7929.478374",
						"6.29786e-17"
					],
					[
						"7934.996303",
						"7.58742e-17"
					],
					[
						"7940.514231",
						"5.44275e-17"
					],
					[
						"7946.03216",
						"2.48503e-17"
					],
					[
						"7951.550088",
						"7.17023e-17"
					],
					[
						"7957.068017",
						"6.30917e-17"
					],
					[
						"7962.585946",
						"6.13597e-17"
					],
					[
						"7968.103874",
						"9.55567e-17"
					],
					[
						"7973.621803",
						"7.42908e-17"
					],
					[
						"7979.139731",
						"9.02849e-17"
					],
					[
						"7984.65766",
						"6.53395e-17"
					],
					[
						"7990.175589",
						"7.43285e-17"
					],
					[
						"7995.693517",
						"6.11179e-17"
					],
					[
						"8001.211446",
						"7.30239e-17"
					],
					[
						"8006.729374",
						"8.28031e-17"
					],
					[
						"8012.247303",
						"5.49769e-17"
					],
					[
						"8017.765232",
						"5.47722e-17"
					],
					[
						"8023.28316",
						"9.25514e-17"
					],
					[
						"8028.801089",
						"9.18249e-17"
					],
					[
						"8034.319017",
						"6.04566e-17"
					],
					[
						"8039.836946",
						"5.77719e-17"
					],
					[
						"8045.354875",
						"5.92364e-17"
					],
					[
						"8050.872803",
						"7.39347e-17"
					],
					[
						"8056.390732",
						"6.81078e-17"
					],
					[
						"8061.90866",
						"5.64338e-17"
					],
					[
						"8067.426589",
						"6.41464e-17"
					],
					[
						"8072.944518",
						"7.70518e-17"
					],
					[
						"8078.462446",
						"8.3314e-17"
					],
					[
						"8083.980375",
						"9.47121e-17"
					],
					[
						"8089.498303",
						"6.71531e-17"
					],
					[
						"8095.016232",
						"5.01522e-17"
					],
					[
						"8100.534161",
						"8.92762e-17"
					],
					[
						"8106.052089",
						"4.73784e-17"
					],
					[
						"8111.570018",
						"8.53676e-17"
					],
					[
						"8117.087946",
						"8.89967e-17"
					],
					[
						"8122.605875",
						"7.24026e-17"
					],
					[
						"8128.123804",
						"9.14264e-17"
					],
					[
						"8133.641732",
						"8.08685e-17"
					],
					[
						"8139.159661",
						"8.41162e-17"
					],
					[
						"8144.677589",
						"7.09491e-17"
					],
					[
						"8150.195518",
						"5.74198e-17"
					],
					[
						"8155.713447",
						"8.53831e-17"
					],
					[
						"8161.231375",
						"9.33949e-17"
					],
					[
						"8166.749304",
						"6.50298e-17"
					],
					[
						"8172.267232",
						"6.66526e-17"
					],
					[
						"8177.785161",
						"7.63184e-17"
					],
					[
						"8183.30309",
						"7.56581e-17"
					],
					[
						"8188.821018",
						"1.04368e-16"
					],
					[
						"8194.338947",
						"7.63363e-17"
					],
					[
						"8199.856875",
						"4.45618e-17"
					],
					[
						"8205.374804",
						"8.85598e-17"
					],
					[
						"8210.892733",
						"9.06348e-17"
					],
					[
						"8216.410661",
						"6.637e-17"
					],
					[
						"8221.92859",
						"6.91359e-17"
					],
					[
						"8227.446518",
						"8.0034e-17"
					],
					[
						"8232.964447",
						"8.93469e-17"
					],
					[
						"8238.482376",
						"5.81042e-17"
					],
					[
						"8244.000304",
						"5.83656e-17"
					],
					[
						"8249.518233",
						"7.8759e-17"
					],
					[
						"8255.036161",
						"4.60584e-17"
					],
					[
						"8260.55409",
						"6.88315e-17"
					],
					[
						"8266.072019",
						"7.9672e-17"
					],
					[
						"8271.589947",
						"9.29289e-17"
					],
					[
						"8277.107876",
						"7.89468e-17"
					],
					[
						"8282.625804",
						"4.89456e-17"
					],
					[
						"8288.143733",
						"3.91186e-17"
					],
					[
						"8293.661662",
						"1.00594e-16"
					],
					[
						"8299.17959",
						"9.20442e-17"
					],
					[
						"8304.697519",
						"5.96499e-17"
					],
					[
						"8310.215447",
						"7.62869e-17"
					],
					[
						"8315.733376",
						"6.84608e-17"
					],
					[
						"8321.251305",
						"4.97198e-17"
					],
					[
						"8326.769233",
						"5.97531e-17"
					],
					[
						"8332.287162",
						"8.8827e-17"
					],
					[
						"8337.80509",
						"9.94685e-17"
					],
					[
						"8343.323019",
						"8.27413e-17"
					],
					[
						"8348.840948",
						"8.31583e-17"
					],
					[
						"8354.358876",
						"6.20426e-17"
					],
					[
						"8359.876805",
						"7.01825e-17"
					],
					[
						"8365.394733",
						"6.02003e-17"
					],
					[
						"8370.912662",
						"5.94719e-17"
					],
					[
						"8376.430591",
						"1.10952e-16"
					],
					[
						"8381.948519",
						"4.87709e-17"
					],
					[
						"8387.466448",
						"6.86245e-17"
					],
					[
						"8392.984376",
						"3.34974e-17"
					],
					[
						"8398.502305",
						"2.73317e-17"
					],
					[
						"8404.020234",
						"6.68725e-17"
					],
					[
						"8409.538162",
						"6.91103e-17"
					],
					[
						"8415.056091",
						"7.00828e-17"
					],
					[
						"8420.574019",
						"7.80231e-17"
					],
					[
						"8426.091948",
						"6.992e-17"
					],
					[
						"8431.609877",
						"5.17368e-17"
					],
					[
						"8437.127805",
						"5.18357e-17"
					],
					[
						"8442.645734",
						"5.12081e-17"
					],
					[
						"8448.163662",
						"6.6779e-17"
					],
					[
						"8453.681591",
						"8.88365e-17"
					],
					[
						"8459.19952",
						"6.63131e-17"
					],
					[
						"8464.717448",
						"4.3914e-17"
					],
					[
						"8470.235377",
						"4.83651e-17"
					],
					[
						"8475.753305",
						"3.93543e-17"
					],
					[
						"8481.271234",
						"6.08018e-17"
					],
					[
						"8486.789163",
						"4.12446e-17"
					],
					[
						"8492.307091",
						"2.23555e-17"
					],
					[
						"8497.82502",
						"4.49597e-17"
					],
					[
						"8503.342948",
						"2.82336e-17"
					],
					[
						"8508.860877",
						"7.04389e-17"
					],
					[
						"8514.378806",
						"3.71676e-17"
					],
					[
						"8519.896734",
						"5.70361e-17"
					],
					[
						"8525.414663",
						"4.70525e-17"
					],
					[
						"8530.932591",
						"1.471e-17"
					],
					[
						"8536.45052",
						"4.60507e-18"
					],
					[
						"8541.968449",
						"2.86073e-17"
					],
					[
						"8547.486377",
						"-1.27825e-17"
					],
					[
						"8553.004306",
						"2.53005e-17"
					],
					[
						"8558.522234",
						"4.71485e-17"
					],
					[
						"8564.040163",
						"4.20727e-17"
					],
					[
						"8569.558092",
						"2.58756e-17"
					],
					[
						"8575.07602",
						"2.15347e-17"
					],
					[
						"8580.593949",
						"2.97129e-17"
					],
					[
						"8586.111877",
						"2.62839e-17"
					],
					[
						"8591.629806",
						"2.03168e-17"
					],
					[
						"8597.147735",
						"2.37448e-17"
					],
					[
						"8602.665663",
						"2.65454e-17"
					],
					[
						"8608.183592",
						"6.48514e-18"
					],
					[
						"8613.70152",
						"3.67875e-17"
					],
					[
						"8619.219449",
						"6.95947e-17"
					],
					[
						"8624.737378",
						"2.37783e-17"
					],
					[
						"8630.255306",
						"1.78372e-18"
					],
					[
						"8635.773235",
						"1.14942e-17"
					],
					[
						"8641.291163",
						"5.2155e-17"
					],
					[
						"8646.809092",
						"4.12715e-17"
					],
					[
						"8652.327021",
						"2.2572e-17"
					],
					[
						"8657.844949",
						"4.95662e-17"
					],
					[
						"8663.362878",
						"2.87278e-17"
					],
					[
						"8668.880806",
						"2.86815e-17"
					],
					[
						"8674.398735",
						"1.09322e-17"
					],
					[
						"8679.916664",
						"5.62789e-17"
					],
					[
						"8685.434592",
						"7.27603e-17"
					],
					[
						"8690.952521",
						"2.71602e-17"
					],
					[
						"8696.470449",
						"4.44651e-17"
					],
					[
						"8701.988378",
						"1.72208e-17"
					],
					[
						"8707.506307",
						"2.58513e-17"
					],
					[
						"8713.024235",
						"5.35882e-17"
					],
					[
						"8718.542164",
						"5.18578e-17"
					],
					[
						"8724.060092",
						"5.56781e-17"
					],
					[
						"8729.578021",
						"5.30369e-17"
					],
					[
						"8735.09595",
						"6.9657e-17"
					],
					[
						"8740.613878",
						"6.92095e-17"
					],
					[
						"8746.131807",
						"7.4601e-17"
					],
					[
						"8751.649735",
						"5.22588e-17"
					],
					[
						"8757.167664",
						"6.77294e-17"
					],
					[
						"8762.685593",
						"5.37297e-17"
					],
					[
						"8768.203521",
						"5.17174e-17"
					],
					[
						"8773.72145",
						"7.86748e-17"
					],
					[
						"8779.239378",
						"8.29e-17"
					],
					[
						"8784.757307",
						"1.16461e-16"
					],
					[
						"8790.275236",
						"6.977e-17"
					],
					[
						"8795.793164",
						"6.42008e-17"
					],
					[
						"8801.311093",
						"7.96203e-17"
					],
					[
						"8806.829021",
						"6.74233e-17"
					],
					[
						"8812.34695",
						"7.15062e-17"
					],
					[
						"8817.864879",
						"7.49328e-17"
					],
					[
						"8823.382807",
						"1.11934e-16"
					],
					[
						"8828.900736",
						"1.0113e-16"
					],
					[
						"8834.418664",
						"1.12615e-16"
					],
					[
						"8839.936593",
						"7.66447e-17"
					],
					[
						"8845.454522",
						"6.31693e-17"
					],
					[
						"8850.97245",
						"8.65209e-17"
					],
					[
						"8856.490379",
						"8.87972e-17"
					],
					[
						"8862.008307",
						"1.06053e-16"
					],
					[
						"8867.526236",
						"9.51522e-17"
					],
					[
						"8873.044165",
						"7.32409e-17"
					],
					[
						"8878.562093",
						"3.7113e-17"
					],
					[
						"8884.080022",
						"5.73407e-17"
					],
					[
						"8889.59795",
						"4.29415e-17"
					],
					[
						"8895.115879",
						"1.01958e-16"
					],
					[
						"8900.633808",
						"1.09414e-16"
					],
					[
						"8906.151736",
						"7.25722e-17"
					],
					[
						"8911.669665",
						"6.63049e-17"
					],
					[
						"8917.187593",
						"5.21454e-17"
					],
					[
						"8922.705522",
						"9.53414e-17"
					],
					[
						"8928.223451",
						"4.93744e-17"
					],
					[
						"8933.741379",
						"5.73883e-17"
					],
					[
						"8939.259308",
						"1.02127e-16"
					],
					[
						"8944.777236",
						"1.04511e-16"
					],
					[
						"8950.295165",
						"7.62357e-17"
					],
					[
						"8955.813094",
						"1.05727e-16"
					],
					[
						"8961.331022",
						"1.22113e-16"
					],
					[
						"8966.848951",
						"9.34324e-17"
					],
					[
						"8972.366879",
						"8.59954e-17"
					],
					[
						"8977.884808",
						"6.65332e-17"
					],
					[
						"8983.402737",
						"5.9814e-17"
					],
					[
						"8988.920665",
						"8.14889e-17"
					],
					[
						"8994.438594",
						"6.51412e-17"
					],
					[
						"8999.956522",
						"6.76738e-17"
					],
					[
						"9005.474451",
						"9.11452e-17"
					],
					[
						"9010.99238",
						"3.00612e-17"
					],
					[
						"9016.510308",
						"7.85996e-17"
					],
					[
						"9022.028237",
						"1.34245e-16"
					],
					[
						"9027.546165",
						"5.60183e-17"
					],
					[
						"9033.064094",
						"1.22063e-16"
					],
					[
						"9038.582023",
						"7.64266e-17"
					],
					[
						"9044.099951",
						"8.8634e-17"
					],
					[
						"9049.61788",
						"8.88076e-17"
					],
					[
						"9055.135808",
						"6.30689e-17"
					],
					[
						"9060.653737",
						"7.03522e-17"
					],
					[
						"9066.171666",
						"1.16925e-16"
					],
					[
						"9071.689594",
						"9.14664e-17"
					],
					[
						"9077.207523",
						"6.81256e-17"
					],
					[
						"9082.725451",
						"5.57801e-17"
					],
					[
						"9088.24338",
						"5.18509e-17"
					],
					[
						"9093.761309",
						"8.27456e-17"
					],
					[
						"9099.279237",
						"9.50655e-17"
					],
					[
						"9104.797166",
						"1.07641e-16"
					],
					[
						"9110.315094",
						"4.17409e-17"
					],
					[
						"9115.833023",
						"9.99519e-17"
					],
					[
						"9121.350952",
						"9.97545e-17"
					],
					[
						"9126.86888",
						"8.66582e-17"
					],
					[
						"9132.386809",
						"1.04222e-16"
					],
					[
						"9137.904737",
						"9.1757e-17"
					],
					[
						"9143.422666",
						"6.77756e-17"
					],
					[
						"9148.940595",
						"6.11729e-17"
					],
					[
						"9154.458523",
						"7.93851e-17"
					],
					[
						"9159.976452",
						"7.92001e-17"
					],
					[
						"9165.49438",
						"6.89628e-17"
					],
					[
						"9171.012309",
						"7.96928e-17"
					],
					[
						"9176.530238",
						"7.25706e-17"
					],
					[
						"9182.048166",
						"4.69139e-17"
					],
					[
						"9187.566095",
						"4.02901e-17"
					],
					[
						"9193.084023",
						"4.383e-17"
					],
					[
						"9198.601952",
						"7.66884e-17"
					],
					[
						"9204.119881",
						"6.40256e-17"
					],
					[
						"9209.637809",
						"-7.98682e-19"
					],
					[
						"9215.155738",
						"5.58049e-17"
					],
					[
						"9220.673666",
						"7.8831e-17"
					],
					[
						"9226.191595",
						"7.00664e-17"
					],
					[
						"9231.709524",
						"5.64625e-17"
					],
					[
						"9237.227452",
						"8.80042e-17"
					]
				],
				"source":"8"
			}
		]
	}
}