{
	"ASASSN-15bm":{
		"schema":"https://github.com/astrocatalogs/supernovae/blob/a0bc0b9/SCHEMA.md",
		"name":"ASASSN-15bm",
		"sources":[
			{
				"name":"2016A&A...594A..13P",
				"bibcode":"2016A&A...594A..13P",
				"reference":"Planck Collaboration et al. (2016)",
				"alias":"1"
			},
			{
				"name":"2015ATel.6983....1F",
				"bibcode":"2015ATel.6983....1F",
				"reference":"Fernandez et al. (2015)",
				"alias":"2"
			},
			{
				"name":"2015ATel.6988....1M",
				"bibcode":"2015ATel.6988....1M",
				"reference":"Morrell et al. (2015)",
				"alias":"3"
			},
			{
				"name":"2011ApJ...737..103S",
				"bibcode":"2011ApJ...737..103S",
				"reference":"Schlafly & Finkbeiner (2011)",
				"alias":"4"
			},
			{
				"name":"ASAS-SN Supernovae",
				"url":"http://www.astronomy.ohio-state.edu/~assassin/sn_list.html",
				"alias":"5"
			},
			{
				"name":"Latest Supernovae",
				"secondary":true,
				"url":"http://www.rochesterastronomy.org/snimages/snredshiftall.html",
				"alias":"6"
			},
			{
				"name":"The Open Supernova Catalog",
				"bibcode":"2017ApJ...835...64G",
				"reference":"Guillochon et al. (2017)",
				"secondary":true,
				"url":"https://sne.space",
				"alias":"7"
			},
			{
				"name":"SIMBAD astronomical database",
				"bibcode":"2000A&AS..143....9W",
				"reference":"Wenger et al. (2000)",
				"secondary":true,
				"url":"http://simbad.u-strasbg.fr/",
				"alias":"8"
			}
		],
		"alias":[
			{
				"value":"ASASSN-15bm",
				"source":"2,5,6,8"
			}
		],
		"claimedtype":[
			{
				"value":"Ia",
				"source":"2,3,5,6,8"
			}
		],
		"comovingdist":[
			{
				"value":"92",
				"derived":true,
				"u_value":"Mpc",
				"source":"1,2,5,6,7"
			}
		],
		"dec":[
			{
				"value":"-05:37:37.05",
				"u_value":"degrees",
				"source":"2,8"
			},
			{
				"value":"-05:37:37.0",
				"u_value":"degrees",
				"source":"2,6"
			},
			{
				"value":"-05:37:37.056",
				"u_value":"degrees",
				"source":"2,5"
			}
		],
		"discoverdate":[
			{
				"value":"2015/01/22",
				"source":"2,6"
			}
		],
		"discoverer":[
			{
				"value":"ASAS-SN",
				"source":"2,6"
			}
		],
		"ebv":[
			{
				"value":"0.069",
				"derived":true,
				"e_value":"0.0016",
				"source":"4,7"
			}
		],
		"host":[
			{
				"value":"GALEXASC J150551.56-053737.2",
				"source":"2,5"
			}
		],
		"hostdec":[
			{
				"value":"-05:37:37.2",
				"derived":true,
				"u_value":"degrees",
				"source":"7"
			}
		],
		"hostoffsetang":[
			{
				"value":"0.14",
				"u_value":"arcseconds",
				"source":"2,5"
			}
		],
		"hostoffsetdist":[
			{
				"value":"0.061",
				"source":"1,2,5,6,7,8"
			}
		],
		"hostra":[
			{
				"value":"15:05:51.56",
				"derived":true,
				"u_value":"hours",
				"source":"7"
			}
		],
		"lumdist":[
			{
				"value":"94.4",
				"derived":true,
				"u_value":"Mpc",
				"source":"1,2,5,6,7"
			}
		],
		"maxabsmag":[
			{
				"value":"-18.7",
				"derived":true,
				"source":"1,2,5,6,7"
			}
		],
		"maxappmag":[
			{
				"value":"16.2",
				"derived":true,
				"source":"2,6,7"
			}
		],
		"maxdate":[
			{
				"value":"2015/01/27",
				"derived":true,
				"source":"2,6,7"
			}
		],
		"maxvisualabsmag":[
			{
				"value":"-18.7",
				"derived":true,
				"source":"1,2,5,6,7"
			}
		],
		"maxvisualappmag":[
			{
				"value":"16.2",
				"derived":true,
				"source":"2,6,7"
			}
		],
		"maxvisualdate":[
			{
				"value":"2015/01/27",
				"derived":true,
				"source":"2,6,7"
			}
		],
		"ra":[
			{
				"value":"15:05:51.580",
				"u_value":"hours",
				"source":"2,8"
			},
			{
				"value":"15:05:51.58",
				"u_value":"hours",
				"source":"2,6"
			},
			{
				"value":"15:05:51.6",
				"u_value":"hours",
				"source":"2,5"
			}
		],
		"redshift":[
			{
				"value":"0.021",
				"source":"2,5,6"
			}
		],
		"velocity":[
			{
				"value":"6200",
				"u_value":"km/s",
				"source":"7"
			}
		],
		"photometry":[
			{
				"time":"57049.5",
				"magnitude":"16.2",
				"u_time":"MJD",
				"source":"2,6"
			}
		]
	}
}