{
	"ASASSN-15fy":{
		"schema":"https://github.com/astrocatalogs/supernovae/blob/a0bc0b9/SCHEMA.md",
		"name":"ASASSN-15fy",
		"sources":[
			{
				"name":"2016A&A...594A..13P",
				"bibcode":"2016A&A...594A..13P",
				"reference":"Planck Collaboration et al. (2016)",
				"alias":"1"
			},
			{
				"name":"ATel 7348",
				"bibcode":"2015ATel.7348....1H",
				"reference":"Holoien et al. (2015)",
				"url":"http://www.astronomerstelegram.org/?read=7348",
				"alias":"2"
			},
			{
				"name":"2015ATel.7354....1M",
				"bibcode":"2015ATel.7354....1M",
				"reference":"Morrell et al. (2015)",
				"alias":"3"
			},
			{
				"name":"2011ApJ...737..103S",
				"bibcode":"2011ApJ...737..103S",
				"reference":"Schlafly & Finkbeiner (2011)",
				"alias":"4"
			},
			{
				"name":"Pan-STARRS 3Pi",
				"url":"http://psweb.mp.qub.ac.uk/ps1threepi/psdb/",
				"alias":"5"
			},
			{
				"name":"ASAS-SN Supernovae",
				"url":"http://www.astronomy.ohio-state.edu/~assassin/sn_list.html",
				"alias":"6"
			},
			{
				"name":"Latest Supernovae",
				"secondary":true,
				"url":"http://www.rochesterastronomy.org/snimages/snredshiftall.html",
				"alias":"7"
			},
			{
				"name":"The Open Supernova Catalog",
				"bibcode":"2017ApJ...835...64G",
				"reference":"Guillochon et al. (2017)",
				"secondary":true,
				"url":"https://sne.space",
				"alias":"8"
			},
			{
				"name":"SIMBAD astronomical database",
				"bibcode":"2000A&AS..143....9W",
				"reference":"Wenger et al. (2000)",
				"secondary":true,
				"url":"http://simbad.u-strasbg.fr/",
				"alias":"9"
			}
		],
		"alias":[
			{
				"value":"ASASSN-15fy",
				"source":"2,5,7,9"
			},
			{
				"value":"PS15bgj",
				"source":"2,5,6"
			}
		],
		"claimedtype":[
			{
				"value":"Ia",
				"source":"2,3,6,7,9"
			}
		],
		"comovingdist":[
			{
				"value":"110",
				"derived":true,
				"u_value":"Mpc",
				"source":"1,2,6,7,8"
			}
		],
		"dec":[
			{
				"value":"-14:17:45.97",
				"u_value":"degrees",
				"source":"2,9"
			},
			{
				"value":"-14:17:45.10",
				"u_value":"degrees",
				"source":"2,7"
			},
			{
				"value":"-14:17:45.8",
				"u_value":"degrees",
				"source":"2,5"
			},
			{
				"value":"-14:17:47.76",
				"u_value":"degrees",
				"source":"2,6"
			}
		],
		"discoverdate":[
			{
				"value":"2015/03/29",
				"source":"2,7"
			}
		],
		"discoverer":[
			{
				"value":"ASAS-SN",
				"source":"2,7"
			}
		],
		"ebv":[
			{
				"value":"0.1338",
				"derived":true,
				"e_value":"0.0061",
				"source":"4,8"
			}
		],
		"hostoffsetang":[
			{
				"value":"3",
				"u_value":"arcseconds",
				"source":"2,6"
			}
		],
		"lumdist":[
			{
				"value":"113",
				"derived":true,
				"u_value":"Mpc",
				"source":"1,2,6,7,8"
			}
		],
		"maxabsmag":[
			{
				"value":"-18.3",
				"derived":true,
				"source":"1,2,6,7,8"
			}
		],
		"maxappmag":[
			{
				"value":"16.9",
				"derived":true,
				"source":"2,7,8"
			}
		],
		"maxdate":[
			{
				"value":"2015/03/28",
				"derived":true,
				"source":"2,7,8"
			}
		],
		"maxvisualabsmag":[
			{
				"value":"-15.4",
				"derived":true,
				"source":"1,2,6,7,8"
			}
		],
		"maxvisualappmag":[
			{
				"value":"19.86",
				"derived":true,
				"source":"2,5,8"
			}
		],
		"maxvisualband":[
			{
				"value":"g",
				"derived":true,
				"source":"2,5,8"
			}
		],
		"maxvisualdate":[
			{
				"value":"2015/07/14",
				"derived":true,
				"source":"2,5,8"
			}
		],
		"ra":[
			{
				"value":"19:50:22.340",
				"u_value":"hours",
				"source":"2,9"
			},
			{
				"value":"19:50:22.34",
				"u_value":"hours",
				"source":"2,7"
			},
			{
				"value":"19:50:22.35",
				"u_value":"hours",
				"source":"2,5"
			},
			{
				"value":"19:50:22.32",
				"u_value":"hours",
				"source":"2,6"
			}
		],
		"redshift":[
			{
				"value":"0.025",
				"source":"2,6,7"
			}
		],
		"velocity":[
			{
				"value":"7400",
				"u_value":"km/s",
				"source":"8"
			}
		],
		"photometry":[
			{
				"time":"57109.5",
				"magnitude":"16.9",
				"u_time":"MJD",
				"source":"2,7"
			},
			{
				"time":"57216.4172185209",
				"band":"g",
				"e_magnitude":"0.126336",
				"instrument":"GPC",
				"magnitude":"19.942",
				"telescope":"Pan-STARRS1",
				"u_time":"MJD",
				"source":"2,5"
			},
			{
				"time":"57216.4277450653",
				"band":"g",
				"e_magnitude":"0.0809183",
				"instrument":"GPC",
				"magnitude":"19.9111",
				"telescope":"Pan-STARRS1",
				"u_time":"MJD",
				"source":"2,5"
			},
			{
				"time":"57217.3964842784",
				"band":"g",
				"e_magnitude":"0.132328",
				"instrument":"GPC",
				"magnitude":"19.859",
				"telescope":"Pan-STARRS1",
				"u_time":"MJD",
				"source":"2,5"
			},
			{
				"time":"57217.407084064",
				"band":"g",
				"e_magnitude":"0.184076",
				"instrument":"GPC",
				"magnitude":"19.8905",
				"telescope":"Pan-STARRS1",
				"u_time":"MJD",
				"source":"2,5"
			},
			{
				"time":"57217.4174415676",
				"band":"g",
				"e_magnitude":"0.137537",
				"instrument":"GPC",
				"magnitude":"20.0775",
				"telescope":"Pan-STARRS1",
				"u_time":"MJD",
				"source":"2,5"
			},
			{
				"time":"57217.4282461448",
				"band":"g",
				"e_magnitude":"0.0695282",
				"instrument":"GPC",
				"magnitude":"19.9752",
				"telescope":"Pan-STARRS1",
				"u_time":"MJD",
				"source":"2,5"
			}
		]
	}
}