{
	"ASASSN-15jp":{
		"schema":"https://github.com/astrocatalogs/supernovae/blob/a0bc0b9/SCHEMA.md",
		"name":"ASASSN-15jp",
		"sources":[
			{
				"name":"2016A&A...594A..13P",
				"bibcode":"2016A&A...594A..13P",
				"reference":"Planck Collaboration et al. (2016)",
				"alias":"1"
			},
			{
				"name":"2015ATel.7546....1H",
				"bibcode":"2015ATel.7546....1H",
				"reference":"Holoien et al. (2015)",
				"alias":"2"
			},
			{
				"name":"2015ATel.7557....1F",
				"bibcode":"2015ATel.7557....1F",
				"reference":"Falco et al. (2015)",
				"alias":"3"
			},
			{
				"name":"2011ApJ...737..103S",
				"bibcode":"2011ApJ...737..103S",
				"reference":"Schlafly & Finkbeiner (2011)",
				"alias":"4"
			},
			{
				"name":"ASAS-SN Supernovae",
				"url":"http://www.astronomy.ohio-state.edu/~assassin/sn_list.html",
				"alias":"5"
			},
			{
				"name":"Latest Supernovae",
				"secondary":true,
				"url":"http://www.rochesterastronomy.org/snimages/snredshiftall.html",
				"alias":"6"
			},
			{
				"name":"The Open Supernova Catalog",
				"bibcode":"2017ApJ...835...64G",
				"reference":"Guillochon et al. (2017)",
				"secondary":true,
				"url":"https://sne.space",
				"alias":"7"
			},
			{
				"name":"SIMBAD astronomical database",
				"bibcode":"2000A&AS..143....9W",
				"reference":"Wenger et al. (2000)",
				"secondary":true,
				"url":"http://simbad.u-strasbg.fr/",
				"alias":"8"
			}
		],
		"alias":[
			{
				"value":"ASASSN-15jp",
				"source":"2,5,6,8"
			}
		],
		"claimedtype":[
			{
				"value":"II",
				"source":"2,3,5,6,8"
			}
		],
		"comovingdist":[
			{
				"value":"41.85",
				"derived":true,
				"u_value":"Mpc",
				"source":"1,2,5,6,7"
			}
		],
		"dec":[
			{
				"value":"-31:39:04.04",
				"u_value":"degrees",
				"source":"2,8"
			},
			{
				"value":"-31:39:04.0",
				"u_value":"degrees",
				"source":"2,6"
			},
			{
				"value":"-31:39:03.96",
				"u_value":"degrees",
				"source":"2,5"
			}
		],
		"discoverdate":[
			{
				"value":"2015/05/21",
				"source":"2,6"
			}
		],
		"discoverer":[
			{
				"value":"ASAS-SN",
				"source":"2,6"
			}
		],
		"ebv":[
			{
				"value":"0.0874",
				"derived":true,
				"e_value":"0.0054",
				"source":"4,7"
			}
		],
		"host":[
			{
				"value":"NGC 3157",
				"source":"2,5,6"
			}
		],
		"hostoffsetang":[
			{
				"value":"53",
				"u_value":"arcseconds",
				"source":"2,5"
			}
		],
		"lumdist":[
			{
				"value":"42.246",
				"derived":true,
				"u_value":"Mpc",
				"source":"1,2,5,6,7"
			}
		],
		"maxabsmag":[
			{
				"value":"-17.719",
				"derived":true,
				"source":"1,2,5,6,7"
			}
		],
		"maxappmag":[
			{
				"value":"15.4",
				"derived":true,
				"source":"2,6,7"
			}
		],
		"maxdate":[
			{
				"value":"2015/05/21",
				"derived":true,
				"source":"2,6,7"
			}
		],
		"maxvisualabsmag":[
			{
				"value":"-17.729",
				"derived":true,
				"source":"1,2,5,6,7"
			}
		],
		"maxvisualappmag":[
			{
				"value":"15.4",
				"derived":true,
				"source":"2,6,7"
			}
		],
		"maxvisualdate":[
			{
				"value":"2015/05/21",
				"derived":true,
				"source":"2,6,7"
			}
		],
		"ra":[
			{
				"value":"10:11:38.990",
				"u_value":"hours",
				"source":"2,8"
			},
			{
				"value":"10:11:38.99",
				"u_value":"hours",
				"source":"2,6"
			},
			{
				"value":"10:11:38.88",
				"u_value":"hours",
				"source":"2,5"
			}
		],
		"redshift":[
			{
				"value":"0.009477",
				"source":"2,5,6"
			}
		],
		"velocity":[
			{
				"value":"2828",
				"u_value":"km/s",
				"source":"7"
			}
		],
		"photometry":[
			{
				"time":"57163.5",
				"magnitude":"15.4",
				"u_time":"MJD",
				"source":"2,6"
			}
		]
	}
}