{
	"ASASSN-15ih":{
		"schema":"https://github.com/astrocatalogs/supernovae/blob/a0bc0b9/SCHEMA.md",
		"name":"ASASSN-15ih",
		"sources":[
			{
				"name":"2016A&A...594A..13P",
				"bibcode":"2016A&A...594A..13P",
				"reference":"Planck Collaboration et al. (2016)",
				"alias":"1"
			},
			{
				"name":"2015ATel.7483....1K",
				"bibcode":"2015ATel.7483....1K",
				"reference":"Kiyota et al. (2015)",
				"alias":"2"
			},
			{
				"name":"2015ATel.7531....1K",
				"bibcode":"2015ATel.7531....1K",
				"reference":"Kim, Schulze, & Prieto (2015)",
				"alias":"3"
			},
			{
				"name":"2011ApJ...737..103S",
				"bibcode":"2011ApJ...737..103S",
				"reference":"Schlafly & Finkbeiner (2011)",
				"alias":"4"
			},
			{
				"name":"Gaia Photometric Science Alerts",
				"url":"http://gsaweb.ast.cam.ac.uk/alerts/alertsindex",
				"alias":"5"
			},
			{
				"name":"ASAS-SN Supernovae",
				"url":"http://www.astronomy.ohio-state.edu/~assassin/sn_list.html",
				"alias":"6"
			},
			{
				"name":"CPCS Alert 26413",
				"url":"http://gsaweb.ast.cam.ac.uk/followup/get_alert_lc_data?alert_id=26413",
				"alias":"7"
			},
			{
				"name":"Cambridge Photometric Calibration Server",
				"secondary":true,
				"url":"http://gsaweb.ast.cam.ac.uk/followup/",
				"alias":"8"
			},
			{
				"name":"Latest Supernovae",
				"secondary":true,
				"url":"http://www.rochesterastronomy.org/snimages/snredshiftall.html",
				"alias":"9"
			},
			{
				"name":"The Open Supernova Catalog",
				"bibcode":"2017ApJ...835...64G",
				"reference":"Guillochon et al. (2017)",
				"secondary":true,
				"url":"https://sne.space",
				"alias":"10"
			},
			{
				"name":"SIMBAD astronomical database",
				"bibcode":"2000A&AS..143....9W",
				"reference":"Wenger et al. (2000)",
				"secondary":true,
				"url":"http://simbad.u-strasbg.fr/",
				"alias":"11"
			}
		],
		"alias":[
			{
				"value":"ASASSN-15ih",
				"source":"2,5,6,9,11"
			},
			{
				"value":"Gaia15afw",
				"source":"2,8,9"
			},
			{
				"value":"PSN J09595957-0253167",
				"source":"2,9"
			}
		],
		"claimedtype":[
			{
				"value":"Ia",
				"source":"2,3,5,6,9,11"
			}
		],
		"comovingdist":[
			{
				"value":"87.342",
				"derived":true,
				"u_value":"Mpc",
				"source":"1,2,6,9,10"
			}
		],
		"dec":[
			{
				"value":"+09:59:59.57",
				"u_value":"degrees",
				"source":"2,11"
			},
			{
				"value":"-02:53:16.4",
				"u_value":"degrees",
				"source":"2,9"
			},
			{
				"value":"-02:53:16.692",
				"u_value":"degrees",
				"source":"5,8"
			},
			{
				"value":"-02:53:16.368",
				"u_value":"degrees",
				"source":"2,6"
			}
		],
		"discoverdate":[
			{
				"value":"2015/05/04",
				"source":"2,9"
			}
		],
		"discoverer":[
			{
				"value":"ASAS-SN",
				"source":"2,9"
			}
		],
		"ebv":[
			{
				"value":"0.0401",
				"derived":true,
				"e_value":"0.0035",
				"source":"4,10"
			}
		],
		"host":[
			{
				"value":"GALEXASC J095959.71-025322.1",
				"source":"2,6"
			}
		],
		"hostdec":[
			{
				"value":"-02:53:22.1",
				"derived":true,
				"u_value":"degrees",
				"source":"10"
			}
		],
		"hostoffsetang":[
			{
				"value":"8.39",
				"u_value":"arcseconds",
				"source":"2,6"
			}
		],
		"hostoffsetdist":[
			{
				"value":"3.48",
				"source":"1,2,6,9,10,11"
			}
		],
		"hostra":[
			{
				"value":"09:59:59.71",
				"derived":true,
				"u_value":"hours",
				"source":"10"
			}
		],
		"lumdist":[
			{
				"value":"89.074",
				"derived":true,
				"u_value":"Mpc",
				"source":"1,2,6,9,10"
			}
		],
		"maxabsmag":[
			{
				"value":"-18.7274",
				"derived":true,
				"source":"1,2,6,9,10"
			}
		],
		"maxappmag":[
			{
				"value":"16",
				"derived":true,
				"source":"2,9,10"
			}
		],
		"maxdate":[
			{
				"value":"2015/05/10",
				"derived":true,
				"source":"2,9,10"
			}
		],
		"maxvisualabsmag":[
			{
				"value":"-15.7288",
				"derived":true,
				"source":"1,2,6,9,10"
			}
		],
		"maxvisualappmag":[
			{
				"value":"19.02",
				"derived":true,
				"source":"7,8,10"
			}
		],
		"maxvisualband":[
			{
				"value":"g",
				"derived":true,
				"source":"7,8,10"
			}
		],
		"maxvisualdate":[
			{
				"value":"2015/11/08",
				"derived":true,
				"source":"7,8,10"
			}
		],
		"ra":[
			{
				"value":"09:59:59.570",
				"u_value":"hours",
				"source":"2,11"
			},
			{
				"value":"09:59:59.57",
				"u_value":"hours",
				"source":"2,9"
			},
			{
				"value":"09:59:59.52",
				"u_value":"hours",
				"source":"2,5,6,8"
			}
		],
		"redshift":[
			{
				"value":"0.019827",
				"source":"2,6,9"
			}
		],
		"velocity":[
			{
				"value":"5885.1",
				"u_value":"km/s",
				"source":"10"
			}
		],
		"photometry":[
			{
				"time":"57152.5",
				"magnitude":"16.0",
				"u_time":"MJD",
				"source":"2,9"
			},
			{
				"time":"57166.210",
				"band":"G",
				"e_magnitude":"0.0",
				"magnitude":"17.35",
				"telescope":"GAIA",
				"u_time":"MJD",
				"source":"5"
			},
			{
				"time":"57334.1346",
				"band":"g",
				"magnitude":"21.6423",
				"observatory":"Goran Damljanovic, A",
				"u_time":"MJD",
				"source":"7,8"
			},
			{
				"time":"57334.1383",
				"band":"V",
				"magnitude":"22.1981",
				"observatory":"Goran Damljanovic, A",
				"u_time":"MJD",
				"source":"7,8"
			},
			{
				"time":"57334.1419",
				"band":"r",
				"magnitude":"22.4187",
				"observatory":"Goran Damljanovic, A",
				"u_time":"MJD",
				"source":"7,8"
			},
			{
				"time":"57334.1456",
				"band":"i",
				"magnitude":"21.4111",
				"observatory":"Goran Damljanovic, A",
				"u_time":"MJD",
				"source":"7,8"
			},
			{
				"time":"57334.1492",
				"band":"g",
				"e_magnitude":"0.1401",
				"magnitude":"19.0171",
				"observatory":"Goran Damljanovic, A",
				"u_time":"MJD",
				"source":"7,8"
			},
			{
				"time":"57334.1529",
				"band":"V",
				"magnitude":"22.4803",
				"observatory":"Goran Damljanovic, A",
				"u_time":"MJD",
				"source":"7,8"
			},
			{
				"time":"57334.1565",
				"band":"r",
				"magnitude":"22.2125",
				"observatory":"Goran Damljanovic, A",
				"u_time":"MJD",
				"source":"7,8"
			},
			{
				"time":"57334.1601",
				"band":"i",
				"magnitude":"21.5019",
				"observatory":"Goran Damljanovic, A",
				"u_time":"MJD",
				"source":"7,8"
			},
			{
				"time":"57343.1212",
				"band":"B",
				"magnitude":"21.6418",
				"observatory":"Goran Damljanovic, A",
				"u_time":"MJD",
				"source":"7,8"
			},
			{
				"time":"57343.1248",
				"band":"V",
				"magnitude":"22.7437",
				"observatory":"Goran Damljanovic, A",
				"u_time":"MJD",
				"source":"7,8"
			},
			{
				"time":"57343.1285",
				"band":"r",
				"magnitude":"22.3109",
				"observatory":"Goran Damljanovic, A",
				"u_time":"MJD",
				"source":"7,8"
			},
			{
				"time":"57343.1322",
				"band":"i",
				"magnitude":"21.5041",
				"observatory":"Goran Damljanovic, A",
				"u_time":"MJD",
				"source":"7,8"
			},
			{
				"time":"57343.1358",
				"band":"g",
				"magnitude":"21.4754",
				"observatory":"Goran Damljanovic, A",
				"u_time":"MJD",
				"source":"7,8"
			},
			{
				"time":"57343.1395",
				"band":"V",
				"magnitude":"23.0565",
				"observatory":"Goran Damljanovic, A",
				"u_time":"MJD",
				"source":"7,8"
			},
			{
				"time":"57343.1431",
				"band":"r",
				"magnitude":"22.3955",
				"observatory":"Goran Damljanovic, A",
				"u_time":"MJD",
				"source":"7,8"
			},
			{
				"time":"57343.1468",
				"band":"z",
				"magnitude":"21.467",
				"observatory":"Goran Damljanovic, A",
				"u_time":"MJD",
				"source":"7,8"
			}
		]
	}
}