{
	"ASASSN-15nq":{
		"schema":"https://github.com/astrocatalogs/supernovae/blob/a0bc0b9/SCHEMA.md",
		"name":"ASASSN-15nq",
		"sources":[
			{
				"name":"2016A&A...594A..13P",
				"bibcode":"2016A&A...594A..13P",
				"reference":"Planck Collaboration et al. (2016)",
				"alias":"1"
			},
			{
				"name":"2015ATel.7880....1M",
				"bibcode":"2015ATel.7880....1M",
				"reference":"Masi et al. (2015)",
				"alias":"2"
			},
			{
				"name":"2015ATel.7888....1T",
				"bibcode":"2015ATel.7888....1T",
				"reference":"Tomasella et al. (2015)",
				"alias":"3"
			},
			{
				"name":"ATel 7885",
				"bibcode":"2015ATel.7885....1B",
				"reference":"Balam & Graham (2015)",
				"url":"http://www.astronomerstelegram.org/?read=7885",
				"alias":"4"
			},
			{
				"name":"2011ApJ...737..103S",
				"bibcode":"2011ApJ...737..103S",
				"reference":"Schlafly & Finkbeiner (2011)",
				"alias":"5"
			},
			{
				"name":"ASAS-SN Supernovae",
				"url":"http://www.astronomy.ohio-state.edu/~assassin/sn_list.html",
				"alias":"6"
			},
			{
				"name":"Asiago Supernova Catalogue",
				"secondary":true,
				"url":"http://graspa.oapd.inaf.it/cgi-bin/sncat.php",
				"alias":"7"
			},
			{
				"name":"Latest Supernovae",
				"secondary":true,
				"url":"http://www.rochesterastronomy.org/snimages/snredshiftall.html",
				"alias":"8"
			},
			{
				"name":"The Open Supernova Catalog",
				"bibcode":"2017ApJ...835...64G",
				"reference":"Guillochon et al. (2017)",
				"secondary":true,
				"url":"https://sne.space",
				"alias":"9"
			},
			{
				"name":"WISeREP",
				"bibcode":"2012PASP..124..668Y",
				"reference":"Yaron & Gal-Yam (2012)",
				"secondary":true,
				"url":"http://wiserep.weizmann.ac.il/",
				"alias":"10"
			},
			{
				"name":"SIMBAD astronomical database",
				"bibcode":"2000A&AS..143....9W",
				"reference":"Wenger et al. (2000)",
				"secondary":true,
				"url":"http://simbad.u-strasbg.fr/",
				"alias":"11"
			}
		],
		"alias":[
			{
				"value":"ASASSN-15nq",
				"source":"2,6,7,8,10,11"
			}
		],
		"claimedtype":[
			{
				"value":"Ia",
				"source":"2,3,4,6,7,8,10,11"
			}
		],
		"comovingdist":[
			{
				"value":"133.66",
				"derived":true,
				"u_value":"Mpc",
				"source":"1,2,6,9"
			}
		],
		"dec":[
			{
				"value":"+33:27:43.27",
				"u_value":"degrees",
				"source":"2,3,7,11"
			},
			{
				"value":"+33:27:43.3",
				"u_value":"degrees",
				"source":"2,8"
			},
			{
				"value":"+33:27:43.2",
				"u_value":"degrees",
				"source":"2,6"
			}
		],
		"discoverdate":[
			{
				"value":"2015/08/06",
				"source":"2,8"
			}
		],
		"discoverer":[
			{
				"value":"ASAS-SN",
				"source":"2,8"
			},
			{
				"value":"ASASSN",
				"source":"3,7"
			}
		],
		"ebv":[
			{
				"value":"0.0387",
				"derived":true,
				"e_value":"0.0017",
				"source":"5,9"
			}
		],
		"host":[
			{
				"value":"2MFGC 13779",
				"source":"2,3,6,7,8"
			}
		],
		"hostoffsetang":[
			{
				"value":"6.36",
				"u_value":"arcseconds",
				"source":"2,6"
			}
		],
		"lumdist":[
			{
				"value":"137.73",
				"derived":true,
				"u_value":"Mpc",
				"source":"1,2,6,9"
			}
		],
		"maxabsmag":[
			{
				"value":"-19.1626",
				"derived":true,
				"source":"1,2,6,9"
			}
		],
		"maxappmag":[
			{
				"value":"16.5",
				"derived":true,
				"source":"2,8,9"
			}
		],
		"maxdate":[
			{
				"value":"2015/08/10",
				"derived":true,
				"source":"2,8,9"
			}
		],
		"maxvisualabsmag":[
			{
				"value":"-19.1951",
				"derived":true,
				"source":"1,2,6,9"
			}
		],
		"maxvisualappmag":[
			{
				"value":"16.5",
				"derived":true,
				"source":"2,8,9"
			}
		],
		"maxvisualdate":[
			{
				"value":"2015/08/10",
				"derived":true,
				"source":"2,8,9"
			}
		],
		"ra":[
			{
				"value":"17:17:19.230",
				"u_value":"hours",
				"source":"2,11"
			},
			{
				"value":"17:17:19.23",
				"u_value":"hours",
				"source":"2,3,7,8"
			},
			{
				"value":"17:17:19.2",
				"u_value":"hours",
				"source":"2,6"
			}
		],
		"redshift":[
			{
				"value":"0.030418",
				"source":"2,6"
			}
		],
		"velocity":[
			{
				"value":"8980.5",
				"u_value":"km/s",
				"source":"9"
			}
		],
		"photometry":[
			{
				"time":"57244.5",
				"magnitude":"16.5",
				"u_time":"MJD",
				"source":"2,8"
			}
		],
		"spectra":[
			{
				"time":"57241.0",
				"filename":"ASASSNm15nq_2015-08-07_01:00:20_Asiago.ascii",
				"instrument":"Ekar - AFOSC",
				"observer":"tomasella",
				"redshift":"0.03",
				"reducer":"Unknown",
				"reduction":"final",
				"survey":"Asiago",
				"u_fluxes":"erg/s/cm^2/Angstrom",
				"u_time":"MJD",
				"u_wavelengths":"Angstrom",
				"data":[
					[
						"3455.0",
						"2.359849408e-16"
					],
					[
						"3459.732725",
						"-3.04953778e-16"
					],
					[
						"3464.465449",
						"-1.446359182e-16"
					],
					[
						"3469.198174",
						"2.290635997e-17"
					],
					[
						"3473.930898",
						"6.821158971e-17"
					],
					[
						"3478.663623",
						"-9.051232609e-17"
					],
					[
						"3483.396347",
						"-1.502118137e-17"
					],
					[
						"3488.129072",
						"3.234765092e-16"
					],
					[
						"3492.861797",
						"1.907568225e-16"
					],
					[
						"3497.594521",
						"5.761929051e-17"
					],
					[
						"3502.327246",
						"2.236923752e-16"
					],
					[
						"3507.05997",
						"1.68608605e-16"
					],
					[
						"3511.792695",
						"2.273592602e-16"
					],
					[
						"3516.52542",
						"3.334981001e-16"
					],
					[
						"3521.258144",
						"1.923349772e-16"
					],
					[
						"3525.990869",
						"3.141459913e-16"
					],
					[
						"3530.723593",
						"5.485612676e-17"
					],
					[
						"3535.456318",
						"-7.3041987e-17"
					],
					[
						"3540.189042",
						"-1.622473826e-18"
					],
					[
						"3544.921767",
						"-8.719841266e-19"
					],
					[
						"3549.654492",
						"-2.916813871e-17"
					],
					[
						"3554.387216",
						"-9.360408237e-17"
					],
					[
						"3559.119941",
						"2.883429325e-16"
					],
					[
						"3563.852665",
						"3.583089657e-17"
					],
					[
						"3568.58539",
						"-3.692038939e-17"
					],
					[
						"3573.318114",
						"7.341421166e-17"
					],
					[
						"3578.050839",
						"1.960472182e-16"
					],
					[
						"3582.783564",
						"-1.005006114e-16"
					],
					[
						"3587.516288",
						"9.627105825e-17"
					],
					[
						"3592.249013",
						"-1.316036993e-17"
					],
					[
						"3596.981737",
						"2.430573748e-16"
					],
					[
						"3601.714462",
						"1.433106028e-16"
					],
					[
						"3606.447187",
						"1.322020701e-16"
					],
					[
						"3611.179911",
						"1.23666228e-16"
					],
					[
						"3615.912636",
						"2.42041147e-16"
					],
					[
						"3620.64536",
						"3.243417575e-18"
					],
					[
						"3625.378085",
						"6.392062006e-17"
					],
					[
						"3630.110809",
						"5.809672013e-18"
					],
					[
						"3634.843534",
						"2.64424522e-16"
					],
					[
						"3639.576259",
						"1.877413985e-16"
					],
					[
						"3644.308983",
						"6.795597767e-17"
					],
					[
						"3649.041708",
						"1.033699024e-16"
					],
					[
						"3653.774432",
						"1.681966955e-16"
					],
					[
						"3658.507157",
						"2.865437551e-16"
					],
					[
						"3663.239881",
						"-2.679407411e-17"
					],
					[
						"3667.972606",
						"1.434702024e-16"
					],
					[
						"3672.705331",
						"1.160786259e-16"
					],
					[
						"3677.438055",
						"5.07675285e-17"
					],
					[
						"3682.17078",
						"1.676725807e-16"
					],
					[
						"3686.903504",
						"1.419252341e-17"
					],
					[
						"3691.636229",
						"6.347995117e-17"
					],
					[
						"3696.368954",
						"1.089635227e-16"
					],
					[
						"3701.101678",
						"9.132287706e-17"
					],
					[
						"3705.834403",
						"9.734108586e-17"
					],
					[
						"3710.567127",
						"1.259526743e-16"
					],
					[
						"3715.299852",
						"1.415832644e-16"
					],
					[
						"3720.032576",
						"2.102474874e-16"
					],
					[
						"3724.765301",
						"1.203243653e-16"
					],
					[
						"3729.498026",
						"1.1256557e-16"
					],
					[
						"3734.23075",
						"1.120552459e-16"
					],
					[
						"3738.963475",
						"1.572371612e-16"
					],
					[
						"3743.696199",
						"1.12766158e-16"
					],
					[
						"3748.428924",
						"1.412111126e-16"
					],
					[
						"3753.161648",
						"1.715137163e-16"
					],
					[
						"3757.894373",
						"1.726509109e-16"
					],
					[
						"3762.627098",
						"1.086957279e-16"
					],
					[
						"3767.359822",
						"1.006960775e-16"
					],
					[
						"3772.092547",
						"1.738830792e-16"
					],
					[
						"3776.825271",
						"1.027225442e-16"
					],
					[
						"3781.557996",
						"1.030203491e-16"
					],
					[
						"3786.290721",
						"1.449878869e-16"
					],
					[
						"3791.023445",
						"1.052547757e-16"
					],
					[
						"3795.75617",
						"7.848515307e-17"
					],
					[
						"3800.488894",
						"1.068694389e-16"
					],
					[
						"3805.221619",
						"7.390827009e-17"
					],
					[
						"3809.954343",
						"8.905282214e-17"
					],
					[
						"3814.687068",
						"4.253398775e-17"
					],
					[
						"3819.419793",
						"3.765038289e-17"
					],
					[
						"3824.152517",
						"9.407926124e-17"
					],
					[
						"3828.885242",
						"6.057845966e-17"
					],
					[
						"3833.617966",
						"1.236882012e-17"
					],
					[
						"3838.350691",
						"4.107537054e-17"
					],
					[
						"3843.083415",
						"3.366039449e-17"
					],
					[
						"3847.81614",
						"9.909484772e-17"
					],
					[
						"3852.548865",
						"6.550558414e-17"
					],
					[
						"3857.281589",
						"6.847888816e-17"
					],
					[
						"3862.014314",
						"9.073469209e-17"
					],
					[
						"3866.747038",
						"4.793549369e-17"
					],
					[
						"3871.479763",
						"1.070005834e-16"
					],
					[
						"3876.212488",
						"1.239800669e-16"
					],
					[
						"3880.945212",
						"1.218031922e-16"
					],
					[
						"3885.677937",
						"9.070022182e-17"
					],
					[
						"3890.410661",
						"1.242103805e-16"
					],
					[
						"3895.143386",
						"1.155668857e-16"
					],
					[
						"3899.87611",
						"1.00942478e-16"
					],
					[
						"3904.608835",
						"1.206027745e-16"
					],
					[
						"3909.34156",
						"7.659125357e-17"
					],
					[
						"3914.074284",
						"1.024984511e-16"
					],
					[
						"3918.807009",
						"5.902250646e-17"
					],
					[
						"3923.539733",
						"1.136492163e-16"
					],
					[
						"3928.272458",
						"1.213481238e-16"
					],
					[
						"3933.005182",
						"1.387610168e-16"
					],
					[
						"3937.737907",
						"1.336932981e-16"
					],
					[
						"3942.470632",
						"1.184811158e-16"
					],
					[
						"3947.203356",
						"1.179240593e-16"
					],
					[
						"3951.936081",
						"1.314045357e-16"
					],
					[
						"3956.668805",
						"1.526368723e-16"
					],
					[
						"3961.40153",
						"1.435063733e-16"
					],
					[
						"3966.134255",
						"1.49820779e-16"
					],
					[
						"3970.866979",
						"1.836557615e-16"
					],
					[
						"3975.599704",
						"1.952929883e-16"
					],
					[
						"3980.332428",
						"2.155847611e-16"
					],
					[
						"3985.065153",
						"1.720282623e-16"
					],
					[
						"3989.797877",
						"2.165565991e-16"
					],
					[
						"3994.530602",
						"2.220673689e-16"
					],
					[
						"3999.263327",
						"2.387141074e-16"
					],
					[
						"4003.996051",
						"1.9370905e-16"
					],
					[
						"4008.728776",
						"2.281813057e-16"
					],
					[
						"4013.4615",
						"2.107752948e-16"
					],
					[
						"4018.194225",
						"2.718874117e-16"
					],
					[
						"4022.926949",
						"2.350173116e-16"
					],
					[
						"4027.659674",
						"2.638974028e-16"
					],
					[
						"4032.392399",
						"2.671125281e-16"
					],
					[
						"4037.125123",
						"2.757916777e-16"
					],
					[
						"4041.857848",
						"2.474545346e-16"
					],
					[
						"4046.590572",
						"2.232737821e-16"
					],
					[
						"4051.323297",
						"2.7461769e-16"
					],
					[
						"4056.056022",
						"2.313277949e-16"
					],
					[
						"4060.788746",
						"2.558775625e-16"
					],
					[
						"4065.521471",
						"2.659308907e-16"
					],
					[
						"4070.254195",
						"2.804081925e-16"
					],
					[
						"4074.98692",
						"2.544802493e-16"
					],
					[
						"4079.719644",
						"2.456891326e-16"
					],
					[
						"4084.452369",
						"2.249343637e-16"
					],
					[
						"4089.185094",
						"2.514628268e-16"
					],
					[
						"4093.917818",
						"2.61202991e-16"
					],
					[
						"4098.650543",
						"2.314558557e-16"
					],
					[
						"4103.383267",
						"2.358453127e-16"
					],
					[
						"4108.115992",
						"2.30480709e-16"
					],
					[
						"4112.848716",
						"2.124748664e-16"
					],
					[
						"4117.581441",
						"2.015162585e-16"
					],
					[
						"4122.314166",
						"2.172297917e-16"
					],
					[
						"4127.04689",
						"2.5164568e-16"
					],
					[
						"4131.779615",
						"2.811726927e-16"
					],
					[
						"4136.512339",
						"2.591712237e-16"
					],
					[
						"4141.245064",
						"2.733798573e-16"
					],
					[
						"4145.977789",
						"2.978284045e-16"
					],
					[
						"4150.710513",
						"2.825829232e-16"
					],
					[
						"4155.443238",
						"3.088554764e-16"
					],
					[
						"4160.175962",
						"3.258681067e-16"
					],
					[
						"4164.908687",
						"3.365836294e-16"
					],
					[
						"4169.641411",
						"1.997699413e-16"
					],
					[
						"4174.374136",
						"-2.473257458e-17"
					],
					[
						"4179.106861",
						"3.581073983e-16"
					],
					[
						"4183.839585",
						"3.304638693e-16"
					],
					[
						"4188.57231",
						"3.201104532e-16"
					],
					[
						"4193.305034",
						"3.162536475e-16"
					],
					[
						"4198.037759",
						"3.402503821e-16"
					],
					[
						"4202.770483",
						"3.742623018e-16"
					],
					[
						"4207.503208",
						"3.550568621e-16"
					],
					[
						"4212.235933",
						"3.573385041e-16"
					],
					[
						"4216.968657",
						"3.360508986e-16"
					],
					[
						"4221.701382",
						"3.506746312e-16"
					],
					[
						"4226.434106",
						"3.414153435e-16"
					],
					[
						"4231.166831",
						"3.672199905e-16"
					],
					[
						"4235.899556",
						"3.593559513e-16"
					],
					[
						"4240.63228",
						"3.318838141e-16"
					],
					[
						"4245.365005",
						"3.228441726e-16"
					],
					[
						"4250.097729",
						"3.231825093e-16"
					],
					[
						"4254.830454",
						"3.157482335e-16"
					],
					[
						"4259.563178",
						"3.493734563e-16"
					],
					[
						"4264.295903",
						"3.439035822e-16"
					],
					[
						"4269.028628",
						"3.411294964e-16"
					],
					[
						"4273.761352",
						"3.292092282e-16"
					],
					[
						"4278.494077",
						"3.366872056e-16"
					],
					[
						"4283.226801",
						"2.980657061e-16"
					],
					[
						"4287.959526",
						"3.217186511e-16"
					],
					[
						"4292.69225",
						"3.378596051e-16"
					],
					[
						"4297.424975",
						"3.268178159e-16"
					],
					[
						"4302.1577",
						"2.839777482e-16"
					],
					[
						"4306.890424",
						"1.005775359e-17"
					],
					[
						"4311.623149",
						"1.779105091e-16"
					],
					[
						"4316.355873",
						"2.963462027e-16"
					],
					[
						"4321.088598",
						"3.166196716e-16"
					],
					[
						"4325.821323",
						"2.929874524e-16"
					],
					[
						"4330.554047",
						"3.009168454e-16"
					],
					[
						"4335.286772",
						"2.969797304e-16"
					],
					[
						"4340.019496",
						"2.663281492e-16"
					],
					[
						"4344.752221",
						"2.836718899e-16"
					],
					[
						"4349.484945",
						"3.103026322e-16"
					],
					[
						"4354.21767",
						"2.790788802e-16"
					],
					[
						"4358.950395",
						"2.559607041e-16"
					],
					[
						"4363.683119",
						"2.07655196e-16"
					],
					[
						"4368.415844",
						"2.534096526e-16"
					],
					[
						"4373.148568",
						"2.806317828e-16"
					],
					[
						"4377.881293",
						"2.650171274e-16"
					],
					[
						"4382.614017",
						"2.491605913e-16"
					],
					[
						"4387.346742",
						"2.235368123e-16"
					],
					[
						"4392.079467",
						"2.467565529e-16"
					],
					[
						"4396.812191",
						"2.184859416e-16"
					],
					[
						"4401.544916",
						"2.160964219e-16"
					],
					[
						"4406.27764",
						"2.142743879e-16"
					],
					[
						"4411.010365",
						"2.316924955e-16"
					],
					[
						"4415.74309",
						"2.427125265e-16"
					],
					[
						"4420.475814",
						"2.078725923e-16"
					],
					[
						"4425.208539",
						"1.923797509e-16"
					],
					[
						"4429.941263",
						"2.222582955e-16"
					],
					[
						"4434.673988",
						"2.510628155e-16"
					],
					[
						"4439.406712",
						"2.387827701e-16"
					],
					[
						"4444.139437",
						"2.360457684e-16"
					],
					[
						"4448.872162",
						"2.448770662e-16"
					],
					[
						"4453.604886",
						"2.261979516e-16"
					],
					[
						"4458.337611",
						"2.626730167e-16"
					],
					[
						"4463.070335",
						"2.616179842e-16"
					],
					[
						"4467.80306",
						"2.420139361e-16"
					],
					[
						"4472.535784",
						"2.746042963e-16"
					],
					[
						"4477.268509",
						"2.630591314e-16"
					],
					[
						"4482.001234",
						"2.763981268e-16"
					],
					[
						"4486.733958",
						"2.881039633e-16"
					],
					[
						"4491.466683",
						"3.060067988e-16"
					],
					[
						"4496.199407",
						"3.21783158e-16"
					],
					[
						"4500.932132",
						"2.890612429e-16"
					],
					[
						"4505.664857",
						"2.867156234e-16"
					],
					[
						"4510.397581",
						"2.756721402e-16"
					],
					[
						"4515.130306",
						"2.968883303e-16"
					],
					[
						"4519.86303",
						"2.869838681e-16"
					],
					[
						"4524.595755",
						"2.839837039e-16"
					],
					[
						"4529.328479",
						"2.993215383e-16"
					],
					[
						"4534.061204",
						"2.840636162e-16"
					],
					[
						"4538.793929",
						"2.536714652e-16"
					],
					[
						"4543.526653",
						"2.530555664e-16"
					],
					[
						"4548.259378",
						"2.709432611e-16"
					],
					[
						"4552.992102",
						"2.779016897e-16"
					],
					[
						"4557.724827",
						"2.584228436e-16"
					],
					[
						"4562.457551",
						"2.789783745e-16"
					],
					[
						"4567.190276",
						"2.86007795e-16"
					],
					[
						"4571.923001",
						"2.932337537e-16"
					],
					[
						"4576.655725",
						"3.101183761e-16"
					],
					[
						"4581.38845",
						"3.121013332e-16"
					],
					[
						"4586.121174",
						"3.115593644e-16"
					],
					[
						"4590.853899",
						"3.145742194e-16"
					],
					[
						"4595.586624",
						"3.127046059e-16"
					],
					[
						"4600.319348",
						"3.230824536e-16"
					],
					[
						"4605.052073",
						"3.329862275e-16"
					],
					[
						"4609.784797",
						"3.502820844e-16"
					],
					[
						"4614.517522",
						"3.396890639e-16"
					],
					[
						"4619.250246",
						"3.540909534e-16"
					],
					[
						"4623.982971",
						"3.546673328e-16"
					],
					[
						"4628.715696",
						"3.606559351e-16"
					],
					[
						"4633.44842",
						"3.410108853e-16"
					],
					[
						"4638.181145",
						"3.574996257e-16"
					],
					[
						"4642.913869",
						"3.641976181e-16"
					],
					[
						"4647.646594",
						"3.647850619e-16"
					],
					[
						"4652.379318",
						"3.645253405e-16"
					],
					[
						"4657.112043",
						"3.648133846e-16"
					],
					[
						"4661.844768",
						"3.717412141e-16"
					],
					[
						"4666.577492",
						"3.57438454e-16"
					],
					[
						"4671.310217",
						"3.597055907e-16"
					],
					[
						"4676.042941",
						"3.595959528e-16"
					],
					[
						"4680.775666",
						"3.403640962e-16"
					],
					[
						"4685.508391",
						"3.29995963e-16"
					],
					[
						"4690.241115",
						"3.627649678e-16"
					],
					[
						"4694.97384",
						"3.571892411e-16"
					],
					[
						"4699.706564",
						"3.536814129e-16"
					],
					[
						"4704.439289",
						"3.505564172e-16"
					],
					[
						"4709.172013",
						"3.596994761e-16"
					],
					[
						"4713.904738",
						"3.778268812e-16"
					],
					[
						"4718.637463",
						"3.595041027e-16"
					],
					[
						"4723.370187",
						"3.557931455e-16"
					],
					[
						"4728.102912",
						"3.798788714e-16"
					],
					[
						"4732.835636",
						"3.669861565e-16"
					],
					[
						"4737.568361",
						"3.616261849e-16"
					],
					[
						"4742.301085",
						"3.523345247e-16"
					],
					[
						"4747.03381",
						"3.512880155e-16"
					],
					[
						"4751.766535",
						"3.441915205e-16"
					],
					[
						"4756.499259",
						"3.334436518e-16"
					],
					[
						"4761.231984",
						"3.32737438e-16"
					],
					[
						"4765.964708",
						"3.355494021e-16"
					],
					[
						"4770.697433",
						"3.170601023e-16"
					],
					[
						"4775.430158",
						"3.049880564e-16"
					],
					[
						"4780.162882",
						"3.071394142e-16"
					],
					[
						"4784.895607",
						"3.019682515e-16"
					],
					[
						"4789.628331",
						"3.201270498e-16"
					],
					[
						"4794.361056",
						"3.236630947e-16"
					],
					[
						"4799.09378",
						"2.896590099e-16"
					],
					[
						"4803.826505",
						"2.909648171e-16"
					],
					[
						"4808.55923",
						"2.963698402e-16"
					],
					[
						"4813.291954",
						"3.076062352e-16"
					],
					[
						"4818.024679",
						"2.994306732e-16"
					],
					[
						"4822.757403",
						"3.0710143e-16"
					],
					[
						"4827.490128",
						"3.000815651e-16"
					],
					[
						"4832.222852",
						"2.915286234e-16"
					],
					[
						"4836.955577",
						"3.129766623e-16"
					],
					[
						"4841.688302",
						"3.129597481e-16"
					],
					[
						"4846.421026",
						"3.101446871e-16"
					],
					[
						"4851.153751",
						"2.983910726e-16"
					],
					[
						"4855.886475",
						"2.764080795e-16"
					],
					[
						"4860.6192",
						"2.867462489e-16"
					],
					[
						"4865.351925",
						"2.968584988e-16"
					],
					[
						"4870.084649",
						"2.752820815e-16"
					],
					[
						"4874.817374",
						"2.778755905e-16"
					],
					[
						"4879.550098",
						"2.76048964e-16"
					],
					[
						"4884.282823",
						"2.837797278e-16"
					],
					[
						"4889.015547",
						"2.975438808e-16"
					],
					[
						"4893.748272",
						"2.974546247e-16"
					],
					[
						"4898.480997",
						"2.98738912e-16"
					],
					[
						"4903.213721",
						"2.919482224e-16"
					],
					[
						"4907.946446",
						"3.028486364e-16"
					],
					[
						"4912.67917",
						"3.003818647e-16"
					],
					[
						"4917.411895",
						"2.952431276e-16"
					],
					[
						"4922.144619",
						"3.019216647e-16"
					],
					[
						"4926.877344",
						"2.982144398e-16"
					],
					[
						"4931.610069",
						"2.878389744e-16"
					],
					[
						"4936.342793",
						"2.807036747e-16"
					],
					[
						"4941.075518",
						"2.784785456e-16"
					],
					[
						"4945.808242",
						"2.7440752e-16"
					],
					[
						"4950.540967",
						"2.728127952e-16"
					],
					[
						"4955.273692",
						"2.540085579e-16"
					],
					[
						"4960.006416",
						"2.517520091e-16"
					],
					[
						"4964.739141",
						"2.501677664e-16"
					],
					[
						"4969.471865",
						"2.138127285e-16"
					],
					[
						"4974.20459",
						"2.246350434e-16"
					],
					[
						"4978.937314",
						"2.266240621e-16"
					],
					[
						"4983.670039",
						"2.102849421e-16"
					],
					[
						"4988.402764",
						"2.142006696e-16"
					],
					[
						"4993.135488",
						"1.985623105e-16"
					],
					[
						"4997.868213",
						"1.998502771e-16"
					],
					[
						"5002.600937",
						"2.198606628e-16"
					],
					[
						"5007.333662",
						"2.174678742e-16"
					],
					[
						"5012.066386",
						"2.085823e-16"
					],
					[
						"5016.799111",
						"2.19135682e-16"
					],
					[
						"5021.531836",
						"2.193093105e-16"
					],
					[
						"5026.26456",
						"2.317122949e-16"
					],
					[
						"5030.997285",
						"2.370360822e-16"
					],
					[
						"5035.730009",
						"2.261103101e-16"
					],
					[
						"5040.462734",
						"2.35983935e-16"
					],
					[
						"5045.195459",
						"2.376382962e-16"
					],
					[
						"5049.928183",
						"2.275233199e-16"
					],
					[
						"5054.660908",
						"2.393377355e-16"
					],
					[
						"5059.393632",
						"2.617571623e-16"
					],
					[
						"5064.126357",
						"2.459078259e-16"
					],
					[
						"5068.859081",
						"2.472823751e-16"
					],
					[
						"5073.591806",
						"2.448615814e-16"
					],
					[
						"5078.324531",
						"2.535462896e-16"
					],
					[
						"5083.057255",
						"2.550614728e-16"
					],
					[
						"5087.78998",
						"2.49354403e-16"
					],
					[
						"5092.522704",
						"2.628378175e-16"
					],
					[
						"5097.255429",
						"2.704644228e-16"
					],
					[
						"5101.988153",
						"2.675701377e-16"
					],
					[
						"5106.720878",
						"2.68238579e-16"
					],
					[
						"5111.453603",
						"2.675165099e-16"
					],
					[
						"5116.186327",
						"2.719201548e-16"
					],
					[
						"5120.919052",
						"2.747433156e-16"
					],
					[
						"5125.651776",
						"2.644524212e-16"
					],
					[
						"5130.384501",
						"2.601905219e-16"
					],
					[
						"5135.117226",
						"2.673641234e-16"
					],
					[
						"5139.84995",
						"2.674049133e-16"
					],
					[
						"5144.582675",
						"2.653968364e-16"
					],
					[
						"5149.315399",
						"2.496108422e-16"
					],
					[
						"5154.048124",
						"2.558798125e-16"
					],
					[
						"5158.780848",
						"2.700270626e-16"
					],
					[
						"5163.513573",
						"2.643865643e-16"
					],
					[
						"5168.246298",
						"2.811845512e-16"
					],
					[
						"5172.979022",
						"3.045317174e-16"
					],
					[
						"5177.711747",
						"2.972591189e-16"
					],
					[
						"5182.444471",
						"2.842058912e-16"
					],
					[
						"5187.177196",
						"2.959583675e-16"
					],
					[
						"5191.90992",
						"3.069487788e-16"
					],
					[
						"5196.642645",
						"2.941787777e-16"
					],
					[
						"5201.37537",
						"2.914661283e-16"
					],
					[
						"5206.108094",
						"2.987487058e-16"
					],
					[
						"5210.840819",
						"2.951436012e-16"
					],
					[
						"5215.573543",
						"3.150440844e-16"
					],
					[
						"5220.306268",
						"3.322393033e-16"
					],
					[
						"5225.038993",
						"3.250484965e-16"
					],
					[
						"5229.771717",
						"3.312163786e-16"
					],
					[
						"5234.504442",
						"3.291440331e-16"
					],
					[
						"5239.237166",
						"3.213526535e-16"
					],
					[
						"5243.969891",
						"3.145608521e-16"
					],
					[
						"5248.702615",
						"3.155901295e-16"
					],
					[
						"5253.43534",
						"3.424592587e-16"
					],
					[
						"5258.168065",
						"3.398901813e-16"
					],
					[
						"5262.900789",
						"3.02436052e-16"
					],
					[
						"5267.633514",
						"3.014940719e-16"
					],
					[
						"5272.366238",
						"3.072656221e-16"
					],
					[
						"5277.098963",
						"3.078245844e-16"
					],
					[
						"5281.831687",
						"3.13366721e-16"
					],
					[
						"5286.564412",
						"3.162525887e-16"
					],
					[
						"5291.297137",
						"3.075661864e-16"
					],
					[
						"5296.029861",
						"3.033204338e-16"
					],
					[
						"5300.762586",
						"3.22059079e-16"
					],
					[
						"5305.49531",
						"3.299201535e-16"
					],
					[
						"5310.228035",
						"3.192171511e-16"
					],
					[
						"5314.96076",
						"3.306682954e-16"
					],
					[
						"5319.693484",
						"3.339301663e-16"
					],
					[
						"5324.426209",
						"3.358091501e-16"
					],
					[
						"5329.158933",
						"3.331981181e-16"
					],
					[
						"5333.891658",
						"3.339918938e-16"
					],
					[
						"5338.624382",
						"3.306656749e-16"
					],
					[
						"5343.357107",
						"3.353551669e-16"
					],
					[
						"5348.089832",
						"3.252188295e-16"
					],
					[
						"5352.822556",
						"2.900753266e-16"
					],
					[
						"5357.555281",
						"2.896394223e-16"
					],
					[
						"5362.288005",
						"3.045793894e-16"
					],
					[
						"5367.02073",
						"2.855251715e-16"
					],
					[
						"5371.753454",
						"2.891092061e-16"
					],
					[
						"5376.486179",
						"2.794126641e-16"
					],
					[
						"5381.218904",
						"2.838226353e-16"
					],
					[
						"5385.951628",
						"2.599439559e-16"
					],
					[
						"5390.684353",
						"2.526029067e-16"
					],
					[
						"5395.417077",
						"2.477328908e-16"
					],
					[
						"5400.149802",
						"2.372815894e-16"
					],
					[
						"5404.882527",
						"2.354217433e-16"
					],
					[
						"5409.615251",
						"2.156990047e-16"
					],
					[
						"5414.347976",
						"2.183967649e-16"
					],
					[
						"5419.0807",
						"2.351935209e-16"
					],
					[
						"5423.813425",
						"2.244417346e-16"
					],
					[
						"5428.546149",
						"2.10455209e-16"
					],
					[
						"5433.278874",
						"2.197533014e-16"
					],
					[
						"5438.011599",
						"2.218657354e-16"
					],
					[
						"5442.744323",
						"2.170573146e-16"
					],
					[
						"5447.477048",
						"2.225973204e-16"
					],
					[
						"5452.209772",
						"2.246289289e-16"
					],
					[
						"5456.942497",
						"2.170491487e-16"
					],
					[
						"5461.675221",
						"2.094716846e-16"
					],
					[
						"5466.407946",
						"2.337491444e-16"
					],
					[
						"5471.140671",
						"2.612445221e-16"
					],
					[
						"5475.873395",
						"2.444293829e-16"
					],
					[
						"5480.60612",
						"2.26548782e-16"
					],
					[
						"5485.338844",
						"2.235530647e-16"
					],
					[
						"5490.071569",
						"2.392459912e-16"
					],
					[
						"5494.804294",
						"2.559398459e-16"
					],
					[
						"5499.537018",
						"2.586385723e-16"
					],
					[
						"5504.269743",
						"2.476701574e-16"
					],
					[
						"5509.002467",
						"2.486037465e-16"
					],
					[
						"5513.735192",
						"2.587320106e-16"
					],
					[
						"5518.467916",
						"2.481332726e-16"
					],
					[
						"5523.200641",
						"2.40293268e-16"
					],
					[
						"5527.933366",
						"2.533281522e-16"
					],
					[
						"5532.66609",
						"2.476579019e-16"
					],
					[
						"5537.398815",
						"2.456640128e-16"
					],
					[
						"5542.131539",
						"2.46911057e-16"
					],
					[
						"5546.864264",
						"2.392026337e-16"
					],
					[
						"5551.596988",
						"2.332342543e-16"
					],
					[
						"5556.329713",
						"2.373335232e-16"
					],
					[
						"5561.062438",
						"2.321925096e-16"
					],
					[
						"5565.795162",
						"2.239854221e-16"
					],
					[
						"5570.527887",
						"1.935444212e-16"
					],
					[
						"5575.260611",
						"2.181805333e-16"
					],
					[
						"5579.993336",
						"2.35910296e-16"
					],
					[
						"5584.726061",
						"2.318022657e-16"
					],
					[
						"5589.458785",
						"2.113999286e-16"
					],
					[
						"5594.19151",
						"1.988663557e-16"
					],
					[
						"5598.924234",
						"2.006444631e-16"
					],
					[
						"5603.656959",
						"1.912075102e-16"
					],
					[
						"5608.389683",
						"1.919481479e-16"
					],
					[
						"5613.122408",
						"2.126119798e-16"
					],
					[
						"5617.855133",
						"2.246312583e-16"
					],
					[
						"5622.587857",
						"2.186842002e-16"
					],
					[
						"5627.320582",
						"2.123738048e-16"
					],
					[
						"5632.053306",
						"2.198672935e-16"
					],
					[
						"5636.786031",
						"2.295178178e-16"
					],
					[
						"5641.518755",
						"2.270149678e-16"
					],
					[
						"5646.25148",
						"2.353640392e-16"
					],
					[
						"5650.984205",
						"2.41244036e-16"
					],
					[
						"5655.716929",
						"2.522810606e-16"
					],
					[
						"5660.449654",
						"2.656435348e-16"
					],
					[
						"5665.182378",
						"2.876164959e-16"
					],
					[
						"5669.915103",
						"2.76865689e-16"
					],
					[
						"5674.647828",
						"2.732681018e-16"
					],
					[
						"5679.380552",
						"2.959908459e-16"
					],
					[
						"5684.113277",
						"2.768549423e-16"
					],
					[
						"5688.846001",
						"2.740884797e-16"
					],
					[
						"5693.578726",
						"2.62842238e-16"
					],
					[
						"5698.31145",
						"2.849323279e-16"
					],
					[
						"5703.044175",
						"2.898531393e-16"
					],
					[
						"5707.7769",
						"2.825422391e-16"
					],
					[
						"5712.509624",
						"2.815313582e-16"
					],
					[
						"5717.242349",
						"2.87717531e-16"
					],
					[
						"5721.975073",
						"2.819765799e-16"
					],
					[
						"5726.707798",
						"2.680241738e-16"
					],
					[
						"5731.440522",
						"2.688870886e-16"
					],
					[
						"5736.173247",
						"2.806269917e-16"
					],
					[
						"5740.905972",
						"2.804977663e-16"
					],
					[
						"5745.638696",
						"2.605736985e-16"
					],
					[
						"5750.371421",
						"2.669105372e-16"
					],
					[
						"5755.104145",
						"2.923997703e-16"
					],
					[
						"5759.83687",
						"2.781919308e-16"
					],
					[
						"5764.569595",
						"2.843238935e-16"
					],
					[
						"5769.302319",
						"3.063085807e-16"
					],
					[
						"5774.035044",
						"2.8730672e-16"
					],
					[
						"5778.767768",
						"3.048374168e-16"
					],
					[
						"5783.500493",
						"3.156234814e-16"
					],
					[
						"5788.233217",
						"2.913653049e-16"
					],
					[
						"5792.965942",
						"2.933312683e-16"
					],
					[
						"5797.698667",
						"2.867390227e-16"
					],
					[
						"5802.431391",
						"3.068687077e-16"
					],
					[
						"5807.164116",
						"3.035227688e-16"
					],
					[
						"5811.89684",
						"3.072789893e-16"
					],
					[
						"5816.629565",
						"2.96780413e-16"
					],
					[
						"5821.362289",
						"3.005469832e-16"
					],
					[
						"5826.095014",
						"2.946456517e-16"
					],
					[
						"5830.827739",
						"3.007819025e-16"
					],
					[
						"5835.560463",
						"3.162438537e-16"
					],
					[
						"5840.293188",
						"3.056904055e-16"
					],
					[
						"5845.025912",
						"2.958715731e-16"
					],
					[
						"5849.758637",
						"2.976490188e-16"
					],
					[
						"5854.491362",
						"2.879977401e-16"
					],
					[
						"5859.224086",
						"2.851863583e-16"
					],
					[
						"5863.956811",
						"2.748980844e-16"
					],
					[
						"5868.689535",
						"2.629030126e-16"
					],
					[
						"5873.42226",
						"2.632519902e-16"
					],
					[
						"5878.154984",
						"2.33651418e-16"
					],
					[
						"5882.887709",
						"2.451787953e-16"
					],
					[
						"5887.620434",
						"2.508342754e-16"
					],
					[
						"5892.353158",
						"2.173570849e-16"
					],
					[
						"5897.085883",
						"2.237439383e-16"
					],
					[
						"5901.818607",
						"2.182246716e-16"
					],
					[
						"5906.551332",
						"2.252203961e-16"
					],
					[
						"5911.284056",
						"2.131194188e-16"
					],
					[
						"5916.016781",
						"2.217845393e-16"
					],
					[
						"5920.749506",
						"2.416972516e-16"
					],
					[
						"5925.48223",
						"2.358943348e-16"
					],
					[
						"5930.214955",
						"2.502183501e-16"
					],
					[
						"5934.947679",
						"2.494952751e-16"
					],
					[
						"5939.680404",
						"2.362873316e-16"
					],
					[
						"5944.413129",
						"2.486592536e-16"
					],
					[
						"5949.145853",
						"2.525248738e-16"
					],
					[
						"5953.878578",
						"2.463165723e-16"
					],
					[
						"5958.611302",
						"2.481091322e-16"
					],
					[
						"5963.344027",
						"2.508151907e-16"
					],
					[
						"5968.076751",
						"2.491567002e-16"
					],
					[
						"5972.809476",
						"2.570097809e-16"
					],
					[
						"5977.542201",
						"2.660892859e-16"
					],
					[
						"5982.274925",
						"2.573306475e-16"
					],
					[
						"5987.00765",
						"2.764614161e-16"
					],
					[
						"5991.740374",
						"2.810510641e-16"
					],
					[
						"5996.473099",
						"2.657920038e-16"
					],
					[
						"6001.205823",
						"2.45652472e-16"
					],
					[
						"6005.938548",
						"2.643195693e-16"
					],
					[
						"6010.671273",
						"2.939544464e-16"
					],
					[
						"6015.403997",
						"2.745901615e-16"
					],
					[
						"6020.136722",
						"2.795657918e-16"
					],
					[
						"6024.869446",
						"2.909877929e-16"
					],
					[
						"6029.602171",
						"2.938059509e-16"
					],
					[
						"6034.334896",
						"2.730561583e-16"
					],
					[
						"6039.06762",
						"2.80436674e-16"
					],
					[
						"6043.800345",
						"2.760047859e-16"
					],
					[
						"6048.533069",
						"2.73257461e-16"
					],
					[
						"6053.265794",
						"2.764873564e-16"
					],
					[
						"6057.998518",
						"2.70445391e-16"
					],
					[
						"6062.731243",
						"2.839092709e-16"
					],
					[
						"6067.463968",
						"2.981495623e-16"
					],
					[
						"6072.196692",
						"2.894405284e-16"
					],
					[
						"6076.929417",
						"2.728397679e-16"
					],
					[
						"6081.662141",
						"2.652794694e-16"
					],
					[
						"6086.394866",
						"2.723941227e-16"
					],
					[
						"6091.12759",
						"2.841135911e-16"
					],
					[
						"6095.860315",
						"2.857499794e-16"
					],
					[
						"6100.59304",
						"2.728782549e-16"
					],
					[
						"6105.325764",
						"2.761701691e-16"
					],
					[
						"6110.058489",
						"2.626216653e-16"
					],
					[
						"6114.791213",
						"2.626973954e-16"
					],
					[
						"6119.523938",
						"2.688518573e-16"
					],
					[
						"6124.256663",
						"2.494202069e-16"
					],
					[
						"6128.989387",
						"2.57109969e-16"
					],
					[
						"6133.722112",
						"2.721171164e-16"
					],
					[
						"6138.454836",
						"2.639179434e-16"
					],
					[
						"6143.187561",
						"2.440058928e-16"
					],
					[
						"6147.920285",
						"2.371204414e-16"
					],
					[
						"6152.65301",
						"2.362877816e-16"
					],
					[
						"6157.385735",
						"2.340143187e-16"
					],
					[
						"6162.118459",
						"2.287227186e-16"
					],
					[
						"6166.851184",
						"2.154840436e-16"
					],
					[
						"6171.583908",
						"2.192648678e-16"
					],
					[
						"6176.316633",
						"2.135710858e-16"
					],
					[
						"6181.049357",
						"2.108837018e-16"
					],
					[
						"6185.782082",
						"1.950103043e-16"
					],
					[
						"6190.514807",
						"1.768153352e-16"
					],
					[
						"6195.247531",
						"1.718444562e-16"
					],
					[
						"6199.980256",
						"1.790819027e-16"
					],
					[
						"6204.71298",
						"1.670331634e-16"
					],
					[
						"6209.445705",
						"1.607792677e-16"
					],
					[
						"6214.17843",
						"1.586040077e-16"
					],
					[
						"6218.911154",
						"1.492521816e-16"
					],
					[
						"6223.643879",
						"1.394562853e-16"
					],
					[
						"6228.376603",
						"1.30841722e-16"
					],
					[
						"6233.109328",
						"1.250093178e-16"
					],
					[
						"6237.842052",
						"1.151099379e-16"
					],
					[
						"6242.574777",
						"1.02247511e-16"
					],
					[
						"6247.307502",
						"9.531334854e-17"
					],
					[
						"6252.040226",
						"9.443742383e-17"
					],
					[
						"6256.772951",
						"1.00381868e-16"
					],
					[
						"6261.505675",
						"9.875531324e-17"
					],
					[
						"6266.2384",
						"9.624681855e-17"
					],
					[
						"6270.971124",
						"9.219246226e-17"
					],
					[
						"6275.703849",
						"7.68176496e-17"
					],
					[
						"6280.436574",
						"8.763860799e-17"
					],
					[
						"6285.169298",
						"8.62081017e-17"
					],
					[
						"6289.902023",
						"9.477675978e-17"
					],
					[
						"6294.634747",
						"7.889702946e-17"
					],
					[
						"6299.367472",
						"7.967260062e-17"
					],
					[
						"6304.100197",
						"8.698401035e-17"
					],
					[
						"6308.832921",
						"8.542578074e-17"
					],
					[
						"6313.565646",
						"9.166399973e-17"
					],
					[
						"6318.29837",
						"9.475329432e-17"
					],
					[
						"6323.031095",
						"9.54027039e-17"
					],
					[
						"6327.763819",
						"1.081936293e-16"
					],
					[
						"6332.496544",
						"1.15834879e-16"
					],
					[
						"6337.229269",
						"1.099655097e-16"
					],
					[
						"6341.961993",
						"1.133839362e-16"
					],
					[
						"6346.694718",
						"1.247045183e-16"
					],
					[
						"6351.427442",
						"1.198788922e-16"
					],
					[
						"6356.160167",
						"1.340934418e-16"
					],
					[
						"6360.892891",
						"1.51553451e-16"
					],
					[
						"6365.625616",
						"1.494465625e-16"
					],
					[
						"6370.358341",
						"1.504883997e-16"
					],
					[
						"6375.091065",
						"1.599006299e-16"
					],
					[
						"6379.82379",
						"1.717293523e-16"
					],
					[
						"6384.556514",
						"1.758723757e-16"
					],
					[
						"6389.289239",
						"1.830520785e-16"
					],
					[
						"6394.021963",
						"1.871942946e-16"
					],
					[
						"6398.754688",
						"1.835287727e-16"
					],
					[
						"6403.487413",
						"1.930833176e-16"
					],
					[
						"6408.220137",
						"2.001258539e-16"
					],
					[
						"6412.952862",
						"1.943343853e-16"
					],
					[
						"6417.685586",
						"2.081700332e-16"
					],
					[
						"6422.418311",
						"2.222455635e-16"
					],
					[
						"6427.151036",
						"2.22113294e-16"
					],
					[
						"6431.88376",
						"2.242374673e-16"
					],
					[
						"6436.616485",
						"2.258226101e-16"
					],
					[
						"6441.349209",
						"2.108972675e-16"
					],
					[
						"6446.081934",
						"1.984430377e-16"
					],
					[
						"6450.814658",
						"2.15378588e-16"
					],
					[
						"6455.547383",
						"2.329502865e-16"
					],
					[
						"6460.280108",
						"2.30535025e-16"
					],
					[
						"6465.012832",
						"2.302566688e-16"
					],
					[
						"6469.745557",
						"2.233871786e-16"
					],
					[
						"6474.478281",
						"2.134429456e-16"
					],
					[
						"6479.211006",
						"2.182722775e-16"
					],
					[
						"6483.94373",
						"2.20764844e-16"
					],
					[
						"6488.676455",
						"2.198299711e-16"
					],
					[
						"6493.40918",
						"2.290531143e-16"
					],
					[
						"6498.141904",
						"2.318002275e-16"
					],
					[
						"6502.874629",
						"2.309986167e-16"
					],
					[
						"6507.607353",
						"2.254406247e-16"
					],
					[
						"6512.340078",
						"2.171001163e-16"
					],
					[
						"6517.072803",
						"2.159878694e-16"
					],
					[
						"6521.805527",
						"2.161606773e-16"
					],
					[
						"6526.538252",
						"2.304492893e-16"
					],
					[
						"6531.270976",
						"2.260347654e-16"
					],
					[
						"6536.003701",
						"2.190692164e-16"
					],
					[
						"6540.736425",
						"2.241197827e-16"
					],
					[
						"6545.46915",
						"2.301292697e-16"
					],
					[
						"6550.201875",
						"2.312789052e-16"
					],
					[
						"6554.934599",
						"2.276719742e-16"
					],
					[
						"6559.667324",
						"2.311956048e-16"
					],
					[
						"6564.400048",
						"2.354156288e-16"
					],
					[
						"6569.132773",
						"2.321537314e-16"
					],
					[
						"6573.865497",
						"2.31420095e-16"
					],
					[
						"6578.598222",
						"2.163257429e-16"
					],
					[
						"6583.330947",
						"2.211595217e-16"
					],
					[
						"6588.063671",
						"2.196564352e-16"
					],
					[
						"6592.796396",
						"2.125656048e-16"
					],
					[
						"6597.52912",
						"2.105819066e-16"
					],
					[
						"6602.261845",
						"2.333564123e-16"
					],
					[
						"6606.99457",
						"2.374673544e-16"
					],
					[
						"6611.727294",
						"2.126686516e-16"
					],
					[
						"6616.460019",
						"2.099297309e-16"
					],
					[
						"6621.192743",
						"2.120162245e-16"
					],
					[
						"6625.925468",
						"2.027619925e-16"
					],
					[
						"6630.658192",
						"2.015187732e-16"
					],
					[
						"6635.390917",
						"2.080870107e-16"
					],
					[
						"6640.123642",
						"2.108894986e-16"
					],
					[
						"6644.856366",
						"2.066369962e-16"
					],
					[
						"6649.589091",
						"2.023326924e-16"
					],
					[
						"6654.321815",
						"1.990416915e-16"
					],
					[
						"6659.05454",
						"2.053946636e-16"
					],
					[
						"6663.787264",
						"2.038855817e-16"
					],
					[
						"6668.519989",
						"1.955879146e-16"
					],
					[
						"6673.252714",
						"2.01570376e-16"
					],
					[
						"6677.985438",
						"1.873280596e-16"
					],
					[
						"6682.718163",
						"1.898841801e-16"
					],
					[
						"6687.450887",
						"1.983346837e-16"
					],
					[
						"6692.183612",
						"1.924480694e-16"
					],
					[
						"6696.916337",
						"1.830301615e-16"
					],
					[
						"6701.649061",
						"1.902034188e-16"
					],
					[
						"6706.381786",
						"1.966527409e-16"
					],
					[
						"6711.11451",
						"1.851813605e-16"
					],
					[
						"6715.847235",
						"1.815589314e-16"
					],
					[
						"6720.579959",
						"1.853112609e-16"
					],
					[
						"6725.312684",
						"1.860431636e-16"
					],
					[
						"6730.045409",
						"1.836370209e-16"
					],
					[
						"6734.778133",
						"2.00219279e-16"
					],
					[
						"6739.510858",
						"1.850069246e-16"
					],
					[
						"6744.243582",
						"1.721169758e-16"
					],
					[
						"6748.976307",
						"1.778824114e-16"
					],
					[
						"6753.709031",
						"1.764898628e-16"
					],
					[
						"6758.441756",
						"1.718583793e-16"
					],
					[
						"6763.174481",
						"1.749378469e-16"
					],
					[
						"6767.907205",
						"1.825089186e-16"
					],
					[
						"6772.63993",
						"1.768926534e-16"
					],
					[
						"6777.372654",
						"1.653792787e-16"
					],
					[
						"6782.105379",
						"1.70547212e-16"
					],
					[
						"6786.838104",
						"1.788449849e-16"
					],
					[
						"6791.570828",
						"1.734019115e-16"
					],
					[
						"6796.303553",
						"1.579341899e-16"
					],
					[
						"6801.036277",
						"1.552504322e-16"
					],
					[
						"6805.769002",
						"1.726523932e-16"
					],
					[
						"6810.501726",
						"1.670372927e-16"
					],
					[
						"6815.234451",
						"1.597177104e-16"
					],
					[
						"6819.967176",
						"1.680808505e-16"
					],
					[
						"6824.6999",
						"1.709728328e-16"
					],
					[
						"6829.432625",
						"1.605464528e-16"
					],
					[
						"6834.165349",
						"1.540881442e-16"
					],
					[
						"6838.898074",
						"1.613184307e-16"
					],
					[
						"6843.630798",
						"1.603576835e-16"
					],
					[
						"6848.363523",
						"1.50243594e-16"
					],
					[
						"6853.096248",
						"1.476038423e-16"
					],
					[
						"6857.828972",
						"1.447924605e-16"
					],
					[
						"6862.561697",
						"1.376075168e-16"
					],
					[
						"6867.294421",
						"1.122198218e-16"
					],
					[
						"6872.027146",
						"1.109286987e-16"
					],
					[
						"6876.759871",
						"1.127998805e-16"
					],
					[
						"6881.492595",
						"1.18769054e-16"
					],
					[
						"6886.22532",
						"1.187002988e-16"
					],
					[
						"6890.958044",
						"1.292722361e-16"
					],
					[
						"6895.690769",
						"1.286872275e-16"
					],
					[
						"6900.423493",
						"1.196935773e-16"
					],
					[
						"6905.156218",
						"1.232589772e-16"
					],
					[
						"6909.888943",
						"1.24232218e-16"
					],
					[
						"6914.621667",
						"1.214257199e-16"
					],
					[
						"6919.354392",
						"1.227080352e-16"
					],
					[
						"6924.087116",
						"1.17474126e-16"
					],
					[
						"6928.819841",
						"1.164505528e-16"
					],
					[
						"6933.552565",
						"1.152605509e-16"
					],
					[
						"6938.28529",
						"1.141939776e-16"
					],
					[
						"6943.018015",
						"1.098201907e-16"
					],
					[
						"6947.750739",
						"1.16673918e-16"
					],
					[
						"6952.483464",
						"1.244121464e-16"
					],
					[
						"6957.216188",
						"1.200126969e-16"
					],
					[
						"6961.948913",
						"1.234322881e-16"
					],
					[
						"6966.681638",
						"1.349672092e-16"
					],
					[
						"6971.414362",
						"1.397523762e-16"
					],
					[
						"6976.147087",
						"1.303149072e-16"
					],
					[
						"6980.879811",
						"1.235010433e-16"
					],
					[
						"6985.612536",
						"1.253668054e-16"
					],
					[
						"6990.34526",
						"1.216539159e-16"
					],
					[
						"6995.077985",
						"1.192740974e-16"
					],
					[
						"6999.81071",
						"1.167094008e-16"
					],
					[
						"7004.543434",
						"1.196807262e-16"
					],
					[
						"7009.276159",
						"1.225771421e-16"
					],
					[
						"7014.008883",
						"1.205419072e-16"
					],
					[
						"7018.741608",
						"1.20735441e-16"
					],
					[
						"7023.474332",
						"1.129898938e-16"
					],
					[
						"7028.207057",
						"1.184517476e-16"
					],
					[
						"7032.939782",
						"1.169273794e-16"
					],
					[
						"7037.672506",
						"1.16932144e-16"
					],
					[
						"7042.405231",
						"1.201223348e-16"
					],
					[
						"7047.137955",
						"1.159828847e-16"
					],
					[
						"7051.87068",
						"1.154369588e-16"
					],
					[
						"7056.603405",
						"1.105752874e-16"
					],
					[
						"7061.336129",
						"1.044789134e-16"
					],
					[
						"7066.068854",
						"1.149327889e-16"
					],
					[
						"7070.801578",
						"1.185359876e-16"
					],
					[
						"7075.534303",
						"1.189723419e-16"
					],
					[
						"7080.267027",
						"1.145279865e-16"
					],
					[
						"7084.999752",
						"1.156228296e-16"
					],
					[
						"7089.732477",
						"1.18061186e-16"
					],
					[
						"7094.465201",
						"1.160398742e-16"
					],
					[
						"7099.197926",
						"1.151618451e-16"
					],
					[
						"7103.93065",
						"1.249967314e-16"
					],
					[
						"7108.663375",
						"1.220821837e-16"
					],
					[
						"7113.396099",
						"1.122103985e-16"
					],
					[
						"7118.128824",
						"1.130649489e-16"
					],
					[
						"7122.861549",
						"1.121479166e-16"
					],
					[
						"7127.594273",
						"1.217561554e-16"
					],
					[
						"7132.326998",
						"1.205118243e-16"
					],
					[
						"7137.059722",
						"1.110644291e-16"
					],
					[
						"7141.792447",
						"1.097640946e-16"
					],
					[
						"7146.525172",
						"1.099790093e-16"
					],
					[
						"7151.257896",
						"1.061673942e-16"
					],
					[
						"7155.990621",
						"1.116216312e-16"
					],
					[
						"7160.723345",
						"1.000387071e-16"
					],
					[
						"7165.45607",
						"8.632243791e-17"
					],
					[
						"7170.188794",
						"8.09331974e-17"
					],
					[
						"7174.921519",
						"7.148581542e-17"
					],
					[
						"7179.654244",
						"6.867886073e-17"
					],
					[
						"7184.386968",
						"7.268921763e-17"
					],
					[
						"7189.119693",
						"7.198989267e-17"
					],
					[
						"7193.852417",
						"7.487431779e-17"
					],
					[
						"7198.585142",
						"7.024057111e-17"
					],
					[
						"7203.317866",
						"7.585244232e-17"
					],
					[
						"7208.050591",
						"8.71873909e-17"
					],
					[
						"7212.783316",
						"9.539373726e-17"
					],
					[
						"7217.51604",
						"9.688826734e-17"
					],
					[
						"7222.248765",
						"9.766487082e-17"
					],
					[
						"7226.981489",
						"9.140707743e-17"
					],
					[
						"7231.714214",
						"7.958882376e-17"
					],
					[
						"7236.446939",
						"7.202593789e-17"
					],
					[
						"7241.179663",
						"7.281809899e-17"
					],
					[
						"7245.912388",
						"7.178834515e-17"
					],
					[
						"7250.645112",
						"7.088961672e-17"
					],
					[
						"7255.377837",
						"8.121605346e-17"
					],
					[
						"7260.110561",
						"7.855774644e-17"
					],
					[
						"7264.843286",
						"7.697248457e-17"
					],
					[
						"7269.576011",
						"8.372455477e-17"
					],
					[
						"7274.308735",
						"7.344979366e-17"
					],
					[
						"7279.04146",
						"7.792531723e-17"
					],
					[
						"7283.774184",
						"7.931108298e-17"
					],
					[
						"7288.506909",
						"8.039149998e-17"
					],
					[
						"7293.239633",
						"8.26770331e-17"
					],
					[
						"7297.972358",
						"8.4361239e-17"
					],
					[
						"7302.705083",
						"8.458777399e-17"
					],
					[
						"7307.437807",
						"8.636308226e-17"
					],
					[
						"7312.170532",
						"8.666518847e-17"
					],
					[
						"7316.903256",
						"8.759278219e-17"
					],
					[
						"7321.635981",
						"1.04218325e-16"
					],
					[
						"7326.368706",
						"1.004140751e-16"
					],
					[
						"7331.10143",
						"1.049320231e-16"
					],
					[
						"7335.834155",
						"1.054903898e-16"
					],
					[
						"7340.566879",
						"9.984944158e-17"
					],
					[
						"7345.299604",
						"1.016890516e-16"
					],
					[
						"7350.032328",
						"9.964220968e-17"
					],
					[
						"7354.765053",
						"9.496447684e-17"
					],
					[
						"7359.497778",
						"9.526215598e-17"
					],
					[
						"7364.230502",
						"9.854728062e-17"
					],
					[
						"7368.963227",
						"9.959331999e-17"
					],
					[
						"7373.695951",
						"9.616229393e-17"
					],
					[
						"7378.428676",
						"9.175961519e-17"
					],
					[
						"7383.1614",
						"9.451930147e-17"
					],
					[
						"7387.894125",
						"1.034188384e-16"
					],
					[
						"7392.62685",
						"9.776500599e-17"
					],
					[
						"7397.359574",
						"9.427829413e-17"
					],
					[
						"7402.092299",
						"9.706579353e-17"
					],
					[
						"7406.825023",
						"1.005541333e-16"
					],
					[
						"7411.557748",
						"9.674783192e-17"
					],
					[
						"7416.290473",
						"9.765770412e-17"
					],
					[
						"7421.023197",
						"9.703770248e-17"
					],
					[
						"7425.755922",
						"9.741681589e-17"
					],
					[
						"7430.488646",
						"1.015417869e-16"
					],
					[
						"7435.221371",
						"1.000366292e-16"
					],
					[
						"7439.954095",
						"9.781085827e-17"
					],
					[
						"7444.68682",
						"9.497884993e-17"
					],
					[
						"7449.419545",
						"8.954203661e-17"
					],
					[
						"7454.152269",
						"9.089642244e-17"
					],
					[
						"7458.884994",
						"9.74823286e-17"
					],
					[
						"7463.617718",
						"9.533547727e-17"
					],
					[
						"7468.350443",
						"9.907550493e-17"
					],
					[
						"7473.083167",
						"9.522075725e-17"
					],
					[
						"7477.815892",
						"8.671663248e-17"
					],
					[
						"7482.548617",
						"8.643788585e-17"
					],
					[
						"7487.281341",
						"7.650693409e-17"
					],
					[
						"7492.014066",
						"4.567776046e-17"
					],
					[
						"7496.74679",
						"4.517680664e-17"
					],
					[
						"7501.479515",
						"8.111214634e-17"
					],
					[
						"7506.21224",
						"9.033755937e-17"
					],
					[
						"7510.944964",
						"9.562129795e-17"
					],
					[
						"7515.677689",
						"8.116292862e-17"
					],
					[
						"7520.410413",
						"7.935851683e-17"
					],
					[
						"7525.143138",
						"8.002859268e-17"
					],
					[
						"7529.875862",
						"8.121237416e-17"
					],
					[
						"7534.608587",
						"8.746245161e-17"
					],
					[
						"7539.341312",
						"8.925898202e-17"
					],
					[
						"7544.074036",
						"8.490140779e-17"
					],
					[
						"7548.806761",
						"8.356573609e-17"
					],
					[
						"7553.539485",
						"8.371389407e-17"
					],
					[
						"7558.27221",
						"8.222264624e-17"
					],
					[
						"7563.004934",
						"8.303147006e-17"
					],
					[
						"7567.737659",
						"8.403325196e-17"
					],
					[
						"7572.470384",
						"8.341668477e-17"
					],
					[
						"7577.203108",
						"7.999954872e-17"
					],
					[
						"7581.935833",
						"7.768294669e-17"
					],
					[
						"7586.668557",
						"6.826804975e-17"
					],
					[
						"7591.401282",
						"5.57142737e-17"
					],
					[
						"7596.134007",
						"2.933202304e-17"
					],
					[
						"7600.866731",
						"1.348401096e-17"
					],
					[
						"7605.599456",
						"1.170873661e-17"
					],
					[
						"7610.33218",
						"2.007729474e-17"
					],
					[
						"7615.064905",
						"2.972490406e-17"
					],
					[
						"7619.797629",
						"3.179411621e-17"
					],
					[
						"7624.530354",
						"2.748260932e-17"
					],
					[
						"7629.263079",
						"1.958564505e-17"
					],
					[
						"7633.995803",
						"2.841622823e-17"
					],
					[
						"7638.728528",
						"2.895304528e-17"
					],
					[
						"7643.461252",
						"3.426076218e-17"
					],
					[
						"7648.193977",
						"4.297254898e-17"
					],
					[
						"7652.926701",
						"5.242438781e-17"
					],
					[
						"7657.659426",
						"5.570189246e-17"
					],
					[
						"7662.392151",
						"5.341728248e-17"
					],
					[
						"7667.124875",
						"5.471800083e-17"
					],
					[
						"7671.8576",
						"6.0769545e-17"
					],
					[
						"7676.590324",
						"6.273526363e-17"
					],
					[
						"7681.323049",
						"6.31936011e-17"
					],
					[
						"7686.055774",
						"6.4130671e-17"
					],
					[
						"7690.788498",
						"5.809155108e-17"
					],
					[
						"7695.521223",
						"5.981922698e-17"
					],
					[
						"7700.253947",
						"6.437120189e-17"
					],
					[
						"7704.986672",
						"6.314328205e-17"
					],
					[
						"7709.719396",
						"6.968486456e-17"
					],
					[
						"7714.452121",
						"7.201776535e-17"
					],
					[
						"7719.184846",
						"6.364144992e-17"
					],
					[
						"7723.91757",
						"6.248927997e-17"
					],
					[
						"7728.650295",
						"5.671361376e-17"
					],
					[
						"7733.383019",
						"5.85886403e-17"
					],
					[
						"7738.115744",
						"6.665811143e-17"
					],
					[
						"7742.848468",
						"6.620180552e-17"
					],
					[
						"7747.581193",
						"7.088918659e-17"
					],
					[
						"7752.313918",
						"6.726637373e-17"
					],
					[
						"7757.046642",
						"6.426382723e-17"
					],
					[
						"7761.779367",
						"6.729429935e-17"
					],
					[
						"7766.512091",
						"6.742910332e-17"
					],
					[
						"7771.244816",
						"7.491098505e-17"
					],
					[
						"7775.977541",
						"7.069702922e-17"
					],
					[
						"7780.710265",
						"6.35745674e-17"
					],
					[
						"7785.44299",
						"6.826716301e-17"
					],
					[
						"7790.175714",
						"7.421487617e-17"
					],
					[
						"7794.908439",
						"7.148199716e-17"
					],
					[
						"7799.641163",
						"6.588365862e-17"
					],
					[
						"7804.373888",
						"6.82188689e-17"
					],
					[
						"7809.106613",
						"7.941712754e-17"
					],
					[
						"7813.839337",
						"7.939429074e-17"
					],
					[
						"7818.572062",
						"6.319211879e-17"
					],
					[
						"7823.304786",
						"6.6239922e-17"
					],
					[
						"7828.037511",
						"6.806392805e-17"
					],
					[
						"7832.770235",
						"7.037171563e-17"
					],
					[
						"7837.50296",
						"8.12329478e-17"
					],
					[
						"7842.235685",
						"7.528113845e-17"
					],
					[
						"7846.968409",
						"7.874772005e-17"
					],
					[
						"7851.701134",
						"8.272088029e-17"
					],
					[
						"7856.433858",
						"7.375448729e-17"
					],
					[
						"7861.166583",
						"6.881358529e-17"
					],
					[
						"7865.899308",
						"7.096246817e-17"
					],
					[
						"7870.632032",
						"7.572773657e-17"
					],
					[
						"7875.364757",
						"7.818405271e-17"
					],
					[
						"7880.097481",
						"8.446468951e-17"
					],
					[
						"7884.830206",
						"8.408596653e-17"
					],
					[
						"7889.56293",
						"6.595122935e-17"
					],
					[
						"7894.295655",
						"7.34089177e-17"
					],
					[
						"7899.02838",
						"7.456456181e-17"
					],
					[
						"7903.761104",
						"7.7024994e-17"
					],
					[
						"7908.493829",
						"8.259006664e-17"
					],
					[
						"7913.226553",
						"8.377836783e-17"
					],
					[
						"7917.959278",
						"7.728632351e-17"
					],
					[
						"7922.692002",
						"7.096275272e-17"
					],
					[
						"7927.424727",
						"7.509743818e-17"
					],
					[
						"7932.157452",
						"7.814978096e-17"
					],
					[
						"7936.890176",
						"8.013697319e-17"
					],
					[
						"7941.622901",
						"8.493401856e-17"
					],
					[
						"7946.355625",
						"7.828107107e-17"
					],
					[
						"7951.08835",
						"7.453861481e-17"
					],
					[
						"7955.821075",
						"7.677179732e-17"
					],
					[
						"7960.553799",
						"7.662507533e-17"
					],
					[
						"7965.286524",
						"4.761785965e-17"
					],
					[
						"7970.019248",
						"6.06832072e-17"
					],
					[
						"7974.751973",
						"8.258660571e-17"
					],
					[
						"7979.484697",
						"8.194047839e-17"
					],
					[
						"7984.217422",
						"9.389466099e-17"
					],
					[
						"7988.950147",
						"8.548533113e-17"
					],
					[
						"7993.682871",
						"6.761216832e-17"
					],
					[
						"7998.415596",
						"8.073251677e-17"
					],
					[
						"8003.14832",
						"7.492255234e-17"
					],
					[
						"8007.881045",
						"7.955888644e-17"
					],
					[
						"8012.613769",
						"8.719016361e-17"
					],
					[
						"8017.346494",
						"8.683343039e-17"
					],
					[
						"8022.079219",
						"7.916257428e-17"
					],
					[
						"8026.811943",
						"7.891460539e-17"
					],
					[
						"8031.544668",
						"8.770900437e-17"
					],
					[
						"8036.277392",
						"8.469667066e-17"
					],
					[
						"8041.010117",
						"7.830333877e-17"
					],
					[
						"8045.742842",
						"8.399046356e-17"
					],
					[
						"8050.475566",
						"8.215798057e-17"
					],
					[
						"8055.208291",
						"7.38279674e-17"
					],
					[
						"8059.941015",
						"8.144637363e-17"
					],
					[
						"8064.67374",
						"8.536052612e-17"
					],
					[
						"8069.406464",
						"6.837365094e-17"
					],
					[
						"8074.139189",
						"7.184453388e-17"
					],
					[
						"8078.871914",
						"8.640045097e-17"
					],
					[
						"8083.604638",
						"7.765851509e-17"
					],
					[
						"8088.337363",
						"7.089808044e-17"
					],
					[
						"8093.070087",
						"6.843418071e-17"
					],
					[
						"8097.802812",
						"6.815095406e-17"
					],
					[
						"8102.535536",
						"7.168786587e-17"
					],
					[
						"8107.268261",
						"6.808555386e-17"
					],
					[
						"8112.000986",
						"6.460338156e-17"
					],
					[
						"8116.73371",
						"6.737282857e-17"
					],
					[
						"8121.466435",
						"6.455595433e-17"
					],
					[
						"8126.199159",
						"5.707082344e-17"
					],
					[
						"8130.931884",
						"5.300325542e-17"
					],
					[
						"8135.664609",
						"5.021617622e-17"
					],
					[
						"8140.397333",
						"4.662932587e-17"
					],
					[
						"8145.130058",
						"4.992873096e-17"
					],
					[
						"8149.862782",
						"5.2376815e-17"
					],
					[
						"8154.595507",
						"4.587760068e-17"
					],
					[
						"8159.328231",
						"4.580462019e-17"
					],
					[
						"8164.060956",
						"4.15237653e-17"
					],
					[
						"8168.793681",
						"3.486134825e-17"
					],
					[
						"8173.526405",
						"4.547023739e-17"
					],
					[
						"8178.25913",
						"4.521678594e-17"
					],
					[
						"8182.991854",
						"4.462987482e-17"
					],
					[
						"8187.724579",
						"4.715154816e-17"
					],
					[
						"8192.457303",
						"6.15498344e-17"
					],
					[
						"8197.190028",
						"6.425425178e-17"
					],
					[
						"8201.922753",
						"6.023956708e-17"
					],
					[
						"8206.655477",
						"5.980902288e-17"
					],
					[
						"8211.388202",
						"6.290250631e-17"
					],
					[
						"8216.120926",
						"5.300340762e-17"
					],
					[
						"8220.853651",
						"3.705747638e-17"
					],
					[
						"8225.586376",
						"3.73536335e-17"
					],
					[
						"8230.3191",
						"4.216548209e-17"
					],
					[
						"8235.051825",
						"3.825720259e-17"
					],
					[
						"8239.784549",
						"4.060852635e-17"
					],
					[
						"8244.517274",
						"4.47519733e-17"
					],
					[
						"8249.249998",
						"5.105694907e-17"
					]
				],
				"source":"10"
			}
		]
	}
}