{
	"ASASSN-17ed":{
		"schema":"https://github.com/astrocatalogs/supernovae/blob/a0bc0b9/SCHEMA.md",
		"name":"ASASSN-17ed",
		"sources":[
			{
				"name":"2016A&A...594A..13P",
				"bibcode":"2016A&A...594A..13P",
				"reference":"Planck Collaboration et al. (2016)",
				"alias":"1"
			},
			{
				"name":"2011ApJ...737..103S",
				"bibcode":"2011ApJ...737..103S",
				"reference":"Schlafly & Finkbeiner (2011)",
				"alias":"2"
			},
			{
				"name":"Transient Name Server",
				"url":"https://wis-tns.weizmann.ac.il/",
				"alias":"3"
			},
			{
				"name":"ATel 10226",
				"url":"http://www.astronomerstelegram.org/?read=10226",
				"alias":"4"
			},
			{
				"name":"Latest Supernovae",
				"secondary":true,
				"url":"http://www.rochesterastronomy.org/snimages/snredshiftall.html",
				"alias":"5"
			},
			{
				"name":"The Open Supernova Catalog",
				"bibcode":"2017ApJ...835...64G",
				"reference":"Guillochon et al. (2017)",
				"secondary":true,
				"url":"https://sne.space",
				"alias":"6"
			}
		],
		"alias":[
			{
				"value":"ASASSN-17ed",
				"source":"3,4,5"
			},
			{
				"value":"AT2017cnn",
				"source":"3,4,5"
			}
		],
		"comovingdist":[
			{
				"value":"176.71",
				"derived":true,
				"u_value":"Mpc",
				"source":"1,3,6"
			}
		],
		"dec":[
			{
				"value":"-44:15:04.43",
				"u_value":"degrees",
				"source":"3,4,5"
			}
		],
		"discoverdate":[
			{
				"value":"2017/03/16.06",
				"source":"3"
			}
		],
		"discoverer":[
			{
				"value":"ASAS-SN",
				"source":"3,4,5"
			}
		],
		"ebv":[
			{
				"value":"0.0104",
				"derived":true,
				"e_value":"0.001",
				"source":"2,6"
			}
		],
		"host":[
			{
				"value":"AM 0440-442",
				"source":"3,4,5"
			}
		],
		"hostcomovingdist":[
			{
				"value":"176.71",
				"derived":true,
				"source":"1,3,6"
			}
		],
		"hostlumdist":[
			{
				"value":"183.832",
				"derived":true,
				"source":"1,3,6"
			}
		],
		"hostredshift":[
			{
				"value":"0.040308",
				"source":"3"
			}
		],
		"hostvelocity":[
			{
				"value":"11841",
				"source":"6"
			}
		],
		"lumdist":[
			{
				"value":"183.832",
				"derived":true,
				"u_value":"Mpc",
				"source":"1,3,6"
			}
		],
		"maxabsmag":[
			{
				"value":"-19.3792",
				"derived":true,
				"source":"1,3,6"
			}
		],
		"maxappmag":[
			{
				"value":"16.9",
				"derived":true,
				"source":"3,6"
			}
		],
		"maxband":[
			{
				"value":"V",
				"derived":true,
				"source":"3,6"
			}
		],
		"maxdate":[
			{
				"value":"2017/03/16",
				"derived":true,
				"source":"3,6"
			}
		],
		"maxvisualabsmag":[
			{
				"value":"-19.4221",
				"derived":true,
				"source":"1,3,6"
			}
		],
		"maxvisualappmag":[
			{
				"value":"16.9",
				"derived":true,
				"source":"3,6"
			}
		],
		"maxvisualband":[
			{
				"value":"V",
				"derived":true,
				"source":"3,6"
			}
		],
		"maxvisualdate":[
			{
				"value":"2017/03/16",
				"derived":true,
				"source":"3,6"
			}
		],
		"ra":[
			{
				"value":"04:42:28.25",
				"u_value":"hours",
				"source":"3"
			},
			{
				"value":"04:42:28.250",
				"u_value":"hours",
				"source":"4,5"
			}
		],
		"redshift":[
			{
				"value":"0.040308",
				"kind":"host",
				"source":"3"
			},
			{
				"value":"0.040308",
				"source":"4,5"
			}
		],
		"velocity":[
			{
				"value":"11841",
				"u_value":"km/s",
				"source":"6"
			}
		],
		"photometry":[
			{
				"time":"57827.11",
				"band":"V",
				"instrument":"Cassius",
				"magnitude":"16.8",
				"observer":"ASASSN",
				"system":"Vega",
				"telescope":"ASASSN-2",
				"u_time":"MJD",
				"upperlimit":true,
				"source":"3"
			},
			{
				"time":"57828.06",
				"band":"V",
				"instrument":"Cassius",
				"magnitude":"16.9",
				"observer":"ASASSN",
				"system":"Vega",
				"telescope":"ASASSN-2",
				"u_time":"MJD",
				"source":"3"
			},
			{
				"time":"57836.09",
				"band":"V",
				"instrument":"Cassius",
				"magnitude":"17.2",
				"observer":"ASASSN",
				"system":"Vega",
				"telescope":"ASASSN-2",
				"u_time":"MJD",
				"source":"3"
			}
		]
	}
}