{
	"ASASSN-15pe":{
		"schema":"https://github.com/astrocatalogs/supernovae/blob/a0bc0b9/SCHEMA.md",
		"name":"ASASSN-15pe",
		"sources":[
			{
				"name":"2016A&A...594A..13P",
				"bibcode":"2016A&A...594A..13P",
				"reference":"Planck Collaboration et al. (2016)",
				"alias":"1"
			},
			{
				"name":"2015ATel.8012....1M",
				"bibcode":"2015ATel.8012....1M",
				"reference":"Masi et al. (2015)",
				"alias":"2"
			},
			{
				"name":"2015ATel.8072....1Z",
				"bibcode":"2015ATel.8072....1Z",
				"reference":"Zinn et al. (2015)",
				"alias":"3"
			},
			{
				"name":"2011ApJ...737..103S",
				"bibcode":"2011ApJ...737..103S",
				"reference":"Schlafly & Finkbeiner (2011)",
				"alias":"4"
			},
			{
				"name":"CGCG 226-5",
				"url":"http://archive.stsci.edu/cgi-bin/dss_search?v=3&r=17+20+15.35",
				"alias":"5"
			},
			{
				"name":"ASAS-SN Supernovae",
				"url":"http://www.astronomy.ohio-state.edu/~assassin/sn_list.html",
				"alias":"6"
			},
			{
				"name":"Latest Supernovae",
				"secondary":true,
				"url":"http://www.rochesterastronomy.org/snimages/snredshiftall.html",
				"alias":"7"
			},
			{
				"name":"The Open Supernova Catalog",
				"bibcode":"2017ApJ...835...64G",
				"reference":"Guillochon et al. (2017)",
				"secondary":true,
				"url":"https://sne.space",
				"alias":"8"
			},
			{
				"name":"SIMBAD astronomical database",
				"bibcode":"2000A&AS..143....9W",
				"reference":"Wenger et al. (2000)",
				"secondary":true,
				"url":"http://simbad.u-strasbg.fr/",
				"alias":"9"
			}
		],
		"alias":[
			{
				"value":"ASASSN-15pe",
				"source":"2,5,6,7,9"
			},
			{
				"value":"PSN J17201537+3915398",
				"source":"5,7"
			}
		],
		"claimedtype":[
			{
				"value":"Ia",
				"source":"3,5,6,7,9"
			}
		],
		"comovingdist":[
			{
				"value":"166.4",
				"derived":true,
				"u_value":"Mpc",
				"source":"1,2,5,6,7,8"
			}
		],
		"dec":[
			{
				"value":"+39:09:00.00",
				"u_value":"degrees",
				"source":"2,9"
			},
			{
				"value":"+39:15:39.4",
				"u_value":"degrees",
				"source":"5,7"
			},
			{
				"value":"+39:15:39.24",
				"u_value":"degrees",
				"source":"2,6"
			}
		],
		"discoverdate":[
			{
				"value":"2015/09/07",
				"source":"5,7"
			}
		],
		"discoverer":[
			{
				"value":"ASAS-SN",
				"source":"5,7"
			}
		],
		"ebv":[
			{
				"value":"0.0339",
				"derived":true,
				"e_value":"0.0006",
				"source":"4,8"
			}
		],
		"host":[
			{
				"value":"CGCG 226-005",
				"source":"5,7"
			},
			{
				"value":"CGCC 226-005",
				"source":"2,6"
			}
		],
		"hostoffsetang":[
			{
				"value":"5.09",
				"u_value":"arcseconds",
				"source":"2,6"
			}
		],
		"lumdist":[
			{
				"value":"172.69",
				"derived":true,
				"u_value":"Mpc",
				"source":"1,2,5,6,7,8"
			}
		],
		"maxabsmag":[
			{
				"value":"-19.946",
				"derived":true,
				"source":"1,2,5,6,7,8"
			}
		],
		"maxappmag":[
			{
				"value":"16.2",
				"derived":true,
				"source":"5,7,8"
			}
		],
		"maxdate":[
			{
				"value":"2015/09/06",
				"derived":true,
				"source":"5,7,8"
			}
		],
		"maxvisualabsmag":[
			{
				"value":"-19.986",
				"derived":true,
				"source":"1,2,5,6,7,8"
			}
		],
		"maxvisualappmag":[
			{
				"value":"16.2",
				"derived":true,
				"source":"5,7,8"
			}
		],
		"maxvisualdate":[
			{
				"value":"2015/09/06",
				"derived":true,
				"source":"5,7,8"
			}
		],
		"ra":[
			{
				"value":"17:20:15.353",
				"u_value":"hours",
				"source":"2,9"
			},
			{
				"value":"17:20:15.35",
				"u_value":"hours",
				"source":"5,7"
			},
			{
				"value":"17:20:15.36",
				"u_value":"hours",
				"source":"2,6"
			}
		],
		"redshift":[
			{
				"value":"0.03793",
				"source":"2,5,6,7"
			}
		],
		"velocity":[
			{
				"value":"11160",
				"u_value":"km/s",
				"source":"8"
			}
		],
		"photometry":[
			{
				"time":"57271.5",
				"magnitude":"16.2",
				"u_time":"MJD",
				"source":"5,7"
			}
		]
	}
}