{
	"ASASSN-15ln":{
		"schema":"https://github.com/astrocatalogs/supernovae/blob/a0bc0b9/SCHEMA.md",
		"name":"ASASSN-15ln",
		"sources":[
			{
				"name":"2016A&A...594A..13P",
				"bibcode":"2016A&A...594A..13P",
				"reference":"Planck Collaboration et al. (2016)",
				"alias":"1"
			},
			{
				"name":"2015ATel.7670....1H",
				"bibcode":"2015ATel.7670....1H",
				"reference":"Holoien et al. (2015)",
				"alias":"2"
			},
			{
				"name":"2015ATel.7712....1B",
				"bibcode":"2015ATel.7712....1B",
				"reference":"Benetti et al. (2015)",
				"alias":"3"
			},
			{
				"name":"2011ApJ...737..103S",
				"bibcode":"2011ApJ...737..103S",
				"reference":"Schlafly & Finkbeiner (2011)",
				"alias":"4"
			},
			{
				"name":"ASAS-SN Supernovae",
				"url":"http://www.astronomy.ohio-state.edu/~assassin/sn_list.html",
				"alias":"5"
			},
			{
				"name":"Asiago Supernova Catalogue",
				"secondary":true,
				"url":"http://graspa.oapd.inaf.it/cgi-bin/sncat.php",
				"alias":"6"
			},
			{
				"name":"Latest Supernovae",
				"secondary":true,
				"url":"http://www.rochesterastronomy.org/snimages/snredshiftall.html",
				"alias":"7"
			},
			{
				"name":"The Open Supernova Catalog",
				"bibcode":"2017ApJ...835...64G",
				"reference":"Guillochon et al. (2017)",
				"secondary":true,
				"url":"https://sne.space",
				"alias":"8"
			},
			{
				"name":"WISeREP",
				"bibcode":"2012PASP..124..668Y",
				"reference":"Yaron & Gal-Yam (2012)",
				"secondary":true,
				"url":"http://wiserep.weizmann.ac.il/",
				"alias":"9"
			},
			{
				"name":"SIMBAD astronomical database",
				"bibcode":"2000A&AS..143....9W",
				"reference":"Wenger et al. (2000)",
				"secondary":true,
				"url":"http://simbad.u-strasbg.fr/",
				"alias":"10"
			}
		],
		"alias":[
			{
				"value":"ASASSN-15ln",
				"source":"2,5,6,7,9,10"
			},
			{
				"value":"CSS150918:005341+180529",
				"source":"2,7"
			}
		],
		"claimedtype":[
			{
				"value":"II",
				"source":"2,3,5,6,7,9,10"
			}
		],
		"comovingdist":[
			{
				"value":"66.215",
				"derived":true,
				"u_value":"Mpc",
				"source":"1,2,5,7,8"
			}
		],
		"dec":[
			{
				"value":"+18:05:29.0",
				"u_value":"degrees",
				"source":"2,3,6,7,10"
			},
			{
				"value":"+18:05:29.04",
				"u_value":"degrees",
				"source":"2,5"
			}
		],
		"discoverdate":[
			{
				"value":"2015/06/19",
				"source":"2,7"
			}
		],
		"discoverer":[
			{
				"value":"ASAS-SN",
				"source":"2,3,6,7"
			}
		],
		"ebv":[
			{
				"value":"0.0408",
				"derived":true,
				"e_value":"0.0019",
				"source":"4,8"
			}
		],
		"host":[
			{
				"value":"UGC 546",
				"source":"2,3,5,6,7"
			}
		],
		"hostoffsetang":[
			{
				"value":"21.78",
				"u_value":"arcseconds",
				"source":"2,5"
			}
		],
		"lumdist":[
			{
				"value":"67.2087",
				"derived":true,
				"u_value":"Mpc",
				"source":"1,2,5,7,8"
			}
		],
		"maxabsmag":[
			{
				"value":"-18.2209",
				"derived":true,
				"source":"1,2,5,7,8"
			}
		],
		"maxappmag":[
			{
				"value":"15.9",
				"derived":true,
				"source":"2,7,8"
			}
		],
		"maxdate":[
			{
				"value":"2015/06/20",
				"derived":true,
				"source":"2,7,8"
			}
		],
		"maxvisualabsmag":[
			{
				"value":"-18.2371",
				"derived":true,
				"source":"1,2,5,7,8"
			}
		],
		"maxvisualappmag":[
			{
				"value":"15.9",
				"derived":true,
				"source":"2,7,8"
			}
		],
		"maxvisualdate":[
			{
				"value":"2015/06/20",
				"derived":true,
				"source":"2,7,8"
			}
		],
		"ra":[
			{
				"value":"00:53:41.40",
				"u_value":"hours",
				"source":"2,3,6,7,10"
			},
			{
				"value":"00:53:41.352",
				"u_value":"hours",
				"source":"2,5"
			}
		],
		"redshift":[
			{
				"value":"0.015014",
				"source":"2,5,7"
			}
		],
		"velocity":[
			{
				"value":"4467.3",
				"u_value":"km/s",
				"source":"8"
			}
		],
		"photometry":[
			{
				"time":"57193.5",
				"magnitude":"15.9",
				"u_time":"MJD",
				"source":"2,7"
			}
		],
		"spectra":[
			{
				"time":"57198.0",
				"filename":"ASASSNm15ln_2015-06-25_01:22:15_Asiago.ascii",
				"instrument":"Ekar - AFOSC",
				"observer":"Benetti",
				"redshift":"0.015",
				"reducer":"Unknown",
				"reduction":"final",
				"survey":"Asiago",
				"u_fluxes":"erg/s/cm^2/Angstrom",
				"u_time":"MJD",
				"u_wavelengths":"Angstrom",
				"data":[
					[
						"3452.0",
						"1.593768935e-15"
					],
					[
						"3456.732725",
						"2.00574162e-15"
					],
					[
						"3461.465449",
						"1.579653237e-15"
					],
					[
						"3466.198174",
						"1.943588036e-15"
					],
					[
						"3470.930898",
						"2.232089788e-15"
					],
					[
						"3475.663623",
						"1.802629049e-15"
					],
					[
						"3480.396347",
						"2.153354475e-15"
					],
					[
						"3485.129072",
						"2.174726599e-15"
					],
					[
						"3489.861797",
						"1.660367747e-15"
					],
					[
						"3494.594521",
						"2.211976355e-15"
					],
					[
						"3499.327246",
						"2.140606418e-15"
					],
					[
						"3504.05997",
						"2.17085587e-15"
					],
					[
						"3508.792695",
						"2.593166169e-15"
					],
					[
						"3513.52542",
						"2.125713673e-15"
					],
					[
						"3518.258144",
						"2.01296914e-15"
					],
					[
						"3522.990869",
						"2.242762826e-15"
					],
					[
						"3527.723593",
						"2.271644109e-15"
					],
					[
						"3532.456318",
						"1.664095328e-15"
					],
					[
						"3537.189042",
						"2.425812999e-15"
					],
					[
						"3541.921767",
						"2.276075573e-15"
					],
					[
						"3546.654492",
						"1.665537825e-15"
					],
					[
						"3551.387216",
						"9.522545563e-16"
					],
					[
						"3556.119941",
						"1.259030726e-15"
					],
					[
						"3560.852665",
						"2.040869135e-15"
					],
					[
						"3565.58539",
						"1.922626089e-15"
					],
					[
						"3570.318114",
						"1.881755902e-15"
					],
					[
						"3575.050839",
						"1.465475207e-15"
					],
					[
						"3579.783564",
						"1.43888282e-15"
					],
					[
						"3584.516288",
						"-4.045357888e-16"
					],
					[
						"3589.249013",
						"6.362695771e-17"
					],
					[
						"3593.981737",
						"1.822259249e-15"
					],
					[
						"3598.714462",
						"1.337923586e-15"
					],
					[
						"3603.447187",
						"1.437868498e-15"
					],
					[
						"3608.179911",
						"1.413279131e-15"
					],
					[
						"3612.912636",
						"1.408668625e-15"
					],
					[
						"3617.64536",
						"1.612258817e-15"
					],
					[
						"3622.378085",
						"1.590869329e-15"
					],
					[
						"3627.110809",
						"1.61714048e-15"
					],
					[
						"3631.843534",
						"1.669805389e-15"
					],
					[
						"3636.576259",
						"1.448421893e-15"
					],
					[
						"3641.308983",
						"1.807947357e-15"
					],
					[
						"3646.041708",
						"1.710101605e-15"
					],
					[
						"3650.774432",
						"1.551232317e-15"
					],
					[
						"3655.507157",
						"1.474840639e-15"
					],
					[
						"3660.239881",
						"1.458242393e-15"
					],
					[
						"3664.972606",
						"1.842848714e-15"
					],
					[
						"3669.705331",
						"1.634872162e-15"
					],
					[
						"3674.438055",
						"1.684566102e-15"
					],
					[
						"3679.17078",
						"1.661196675e-15"
					],
					[
						"3683.903504",
						"1.554052937e-15"
					],
					[
						"3688.636229",
						"1.751574244e-15"
					],
					[
						"3693.368954",
						"1.598744724e-15"
					],
					[
						"3698.101678",
						"1.61468959e-15"
					],
					[
						"3702.834403",
						"1.991886067e-15"
					],
					[
						"3707.567127",
						"1.691118114e-15"
					],
					[
						"3712.299852",
						"1.843164657e-15"
					],
					[
						"3717.032576",
						"1.731453188e-15"
					],
					[
						"3721.765301",
						"1.75663103e-15"
					],
					[
						"3726.498026",
						"1.866130473e-15"
					],
					[
						"3731.23075",
						"1.864226132e-15"
					],
					[
						"3735.963475",
						"1.694220902e-15"
					],
					[
						"3740.696199",
						"1.760852113e-15"
					],
					[
						"3745.428924",
						"1.745241508e-15"
					],
					[
						"3750.161648",
						"1.759612269e-15"
					],
					[
						"3754.894373",
						"1.742989988e-15"
					],
					[
						"3759.627098",
						"1.704655712e-15"
					],
					[
						"3764.359822",
						"1.814100204e-15"
					],
					[
						"3769.092547",
						"1.781717076e-15"
					],
					[
						"3773.825271",
						"1.773968948e-15"
					],
					[
						"3778.557996",
						"1.793438318e-15"
					],
					[
						"3783.290721",
						"1.881789571e-15"
					],
					[
						"3788.023445",
						"1.772486746e-15"
					],
					[
						"3792.75617",
						"1.63763063e-15"
					],
					[
						"3797.488894",
						"1.758576559e-15"
					],
					[
						"3802.221619",
						"1.736272382e-15"
					],
					[
						"3806.954343",
						"1.66125205e-15"
					],
					[
						"3811.687068",
						"1.645168588e-15"
					],
					[
						"3816.419793",
						"1.589105701e-15"
					],
					[
						"3821.152517",
						"1.658703116e-15"
					],
					[
						"3825.885242",
						"1.741206772e-15"
					],
					[
						"3830.617966",
						"1.637617925e-15"
					],
					[
						"3835.350691",
						"1.570090341e-15"
					],
					[
						"3840.083415",
						"1.668820183e-15"
					],
					[
						"3844.81614",
						"1.633903897e-15"
					],
					[
						"3849.548865",
						"1.640936494e-15"
					],
					[
						"3854.281589",
						"1.615558328e-15"
					],
					[
						"3859.014314",
						"1.650822533e-15"
					],
					[
						"3863.747038",
						"1.628289657e-15"
					],
					[
						"3868.479763",
						"1.600781627e-15"
					],
					[
						"3873.212488",
						"1.505816845e-15"
					],
					[
						"3877.945212",
						"1.547839315e-15"
					],
					[
						"3882.677937",
						"1.496221444e-15"
					],
					[
						"3887.410661",
						"1.583344712e-15"
					],
					[
						"3892.143386",
						"1.599606368e-15"
					],
					[
						"3896.87611",
						"1.670918708e-15"
					],
					[
						"3901.608835",
						"1.554670106e-15"
					],
					[
						"3906.34156",
						"1.469278068e-15"
					],
					[
						"3911.074284",
						"1.464349183e-15"
					],
					[
						"3915.807009",
						"1.510798776e-15"
					],
					[
						"3920.539733",
						"1.570581832e-15"
					],
					[
						"3925.272458",
						"1.537882654e-15"
					],
					[
						"3930.005182",
						"1.535972489e-15"
					],
					[
						"3934.737907",
						"1.574515664e-15"
					],
					[
						"3939.470632",
						"1.494619917e-15"
					],
					[
						"3944.203356",
						"1.460775657e-15"
					],
					[
						"3948.936081",
						"1.615014851e-15"
					],
					[
						"3953.668805",
						"1.599490748e-15"
					],
					[
						"3958.40153",
						"1.482363032e-15"
					],
					[
						"3963.134255",
						"1.504089216e-15"
					],
					[
						"3967.866979",
						"1.506158729e-15"
					],
					[
						"3972.599704",
						"1.517361269e-15"
					],
					[
						"3977.332428",
						"1.532339247e-15"
					],
					[
						"3982.065153",
						"1.492369033e-15"
					],
					[
						"3986.797877",
						"1.502390174e-15"
					],
					[
						"3991.530602",
						"1.486624349e-15"
					],
					[
						"3996.263327",
						"1.491237608e-15"
					],
					[
						"4000.996051",
						"1.514273622e-15"
					],
					[
						"4005.728776",
						"1.510040787e-15"
					],
					[
						"4010.4615",
						"1.437769818e-15"
					],
					[
						"4015.194225",
						"1.382597057e-15"
					],
					[
						"4019.926949",
						"1.412720089e-15"
					],
					[
						"4024.659674",
						"1.48403984e-15"
					],
					[
						"4029.392399",
						"1.56254603e-15"
					],
					[
						"4034.125123",
						"1.444178258e-15"
					],
					[
						"4038.857848",
						"1.362542069e-15"
					],
					[
						"4043.590572",
						"1.391475974e-15"
					],
					[
						"4048.323297",
						"1.466869106e-15"
					],
					[
						"4053.056022",
						"1.501509048e-15"
					],
					[
						"4057.788746",
						"1.537554111e-15"
					],
					[
						"4062.521471",
						"1.412014405e-15"
					],
					[
						"4067.254195",
						"1.414617761e-15"
					],
					[
						"4071.98692",
						"1.472024889e-15"
					],
					[
						"4076.719644",
						"1.499297974e-15"
					],
					[
						"4081.452369",
						"1.519981989e-15"
					],
					[
						"4086.185094",
						"1.531169812e-15"
					],
					[
						"4090.917818",
						"1.444672607e-15"
					],
					[
						"4095.650543",
						"1.447824205e-15"
					],
					[
						"4100.383267",
						"1.502813584e-15"
					],
					[
						"4105.115992",
						"1.492443889e-15"
					],
					[
						"4109.848716",
						"1.445026879e-15"
					],
					[
						"4114.581441",
						"1.447600377e-15"
					],
					[
						"4119.314166",
						"1.512379127e-15"
					],
					[
						"4124.04689",
						"1.44702863e-15"
					],
					[
						"4128.779615",
						"1.469364783e-15"
					],
					[
						"4133.512339",
						"1.463782306e-15"
					],
					[
						"4138.245064",
						"1.485468149e-15"
					],
					[
						"4142.977789",
						"1.45756159e-15"
					],
					[
						"4147.710513",
						"1.487721151e-15"
					],
					[
						"4152.443238",
						"1.399473659e-15"
					],
					[
						"4157.175962",
						"1.419014391e-15"
					],
					[
						"4161.908687",
						"1.447175166e-15"
					],
					[
						"4166.641411",
						"1.421512186e-15"
					],
					[
						"4171.374136",
						"1.38491528e-15"
					],
					[
						"4176.106861",
						"1.347522481e-15"
					],
					[
						"4180.839585",
						"1.445518476e-15"
					],
					[
						"4185.57231",
						"1.491609668e-15"
					],
					[
						"4190.305034",
						"1.406100103e-15"
					],
					[
						"4195.037759",
						"1.450163922e-15"
					],
					[
						"4199.770483",
						"1.373684153e-15"
					],
					[
						"4204.503208",
						"1.370680468e-15"
					],
					[
						"4209.235933",
						"1.392041898e-15"
					],
					[
						"4213.968657",
						"1.342731345e-15"
					],
					[
						"4218.701382",
						"1.323116709e-15"
					],
					[
						"4223.434106",
						"1.306884911e-15"
					],
					[
						"4228.166831",
						"1.30978801e-15"
					],
					[
						"4232.899556",
						"1.293986081e-15"
					],
					[
						"4237.63228",
						"1.304313107e-15"
					],
					[
						"4242.365005",
						"1.245596148e-15"
					],
					[
						"4247.097729",
						"1.238212032e-15"
					],
					[
						"4251.830454",
						"1.317426977e-15"
					],
					[
						"4256.563178",
						"1.261404112e-15"
					],
					[
						"4261.295903",
						"1.238354122e-15"
					],
					[
						"4266.028628",
						"1.226835109e-15"
					],
					[
						"4270.761352",
						"1.272463186e-15"
					],
					[
						"4275.494077",
						"1.313457569e-15"
					],
					[
						"4280.226801",
						"1.249034996e-15"
					],
					[
						"4284.959526",
						"1.229617824e-15"
					],
					[
						"4289.69225",
						"1.27514701e-15"
					],
					[
						"4294.424975",
						"1.3174418e-15"
					],
					[
						"4299.1577",
						"1.286047265e-15"
					],
					[
						"4303.890424",
						"1.261392359e-15"
					],
					[
						"4308.623149",
						"1.329959465e-15"
					],
					[
						"4313.355873",
						"1.277152149e-15"
					],
					[
						"4318.088598",
						"1.301564697e-15"
					],
					[
						"4322.821323",
						"1.313209918e-15"
					],
					[
						"4327.554047",
						"1.306243389e-15"
					],
					[
						"4332.286772",
						"1.352918505e-15"
					],
					[
						"4337.019496",
						"1.365310491e-15"
					],
					[
						"4341.752221",
						"1.352334687e-15"
					],
					[
						"4346.484945",
						"1.337133516e-15"
					],
					[
						"4351.21767",
						"1.382507695e-15"
					],
					[
						"4355.950395",
						"1.336160593e-15"
					],
					[
						"4360.683119",
						"1.341960333e-15"
					],
					[
						"4365.415844",
						"1.374301004e-15"
					],
					[
						"4370.148568",
						"1.338270446e-15"
					],
					[
						"4374.881293",
						"1.361899913e-15"
					],
					[
						"4379.614017",
						"1.368035713e-15"
					],
					[
						"4384.346742",
						"1.376179935e-15"
					],
					[
						"4389.079467",
						"1.319967335e-15"
					],
					[
						"4393.812191",
						"1.329109255e-15"
					],
					[
						"4398.544916",
						"1.333533944e-15"
					],
					[
						"4403.27764",
						"1.275504775e-15"
					],
					[
						"4408.010365",
						"1.274302306e-15"
					],
					[
						"4412.74309",
						"1.266566143e-15"
					],
					[
						"4417.475814",
						"1.273860367e-15"
					],
					[
						"4422.208539",
						"1.304102725e-15"
					],
					[
						"4426.941263",
						"1.284451773e-15"
					],
					[
						"4431.673988",
						"1.249421455e-15"
					],
					[
						"4436.406712",
						"1.283811627e-15"
					],
					[
						"4441.139437",
						"9.809350919e-16"
					],
					[
						"4445.872162",
						"9.145638136e-16"
					],
					[
						"4450.604886",
						"1.193684781e-15"
					],
					[
						"4455.337611",
						"1.270102717e-15"
					],
					[
						"4460.070335",
						"1.246992799e-15"
					],
					[
						"4464.80306",
						"1.203926362e-15"
					],
					[
						"4469.535784",
						"1.224631871e-15"
					],
					[
						"4474.268509",
						"1.192239425e-15"
					],
					[
						"4479.001234",
						"1.255749214e-15"
					],
					[
						"4483.733958",
						"1.250008343e-15"
					],
					[
						"4488.466683",
						"1.23633649e-15"
					],
					[
						"4493.199407",
						"1.269437584e-15"
					],
					[
						"4497.932132",
						"1.238409179e-15"
					],
					[
						"4502.664857",
						"1.226035298e-15"
					],
					[
						"4507.397581",
						"1.232236109e-15"
					],
					[
						"4512.130306",
						"1.242691143e-15"
					],
					[
						"4516.86303",
						"1.238418497e-15"
					],
					[
						"4521.595755",
						"1.218624395e-15"
					],
					[
						"4526.328479",
						"1.209770148e-15"
					],
					[
						"4531.061204",
						"1.178256817e-15"
					],
					[
						"4535.793929",
						"1.19176064e-15"
					],
					[
						"4540.526653",
						"1.243993032e-15"
					],
					[
						"4545.259378",
						"1.205114855e-15"
					],
					[
						"4549.992102",
						"1.195876584e-15"
					],
					[
						"4554.724827",
						"1.204579424e-15"
					],
					[
						"4559.457551",
						"1.236376724e-15"
					],
					[
						"4564.190276",
						"1.223700876e-15"
					],
					[
						"4568.923001",
						"1.1655113e-15"
					],
					[
						"4573.655725",
						"1.165443855e-15"
					],
					[
						"4578.38845",
						"1.212190015e-15"
					],
					[
						"4583.121174",
						"1.215697473e-15"
					],
					[
						"4587.853899",
						"1.194528637e-15"
					],
					[
						"4592.586624",
						"1.178812682e-15"
					],
					[
						"4597.319348",
						"1.205182935e-15"
					],
					[
						"4602.052073",
						"1.166872694e-15"
					],
					[
						"4606.784797",
						"1.179007606e-15"
					],
					[
						"4611.517522",
						"1.16828618e-15"
					],
					[
						"4616.250246",
						"1.137162802e-15"
					],
					[
						"4620.982971",
						"1.172177344e-15"
					],
					[
						"4625.715696",
						"1.198822883e-15"
					],
					[
						"4630.44842",
						"1.178388636e-15"
					],
					[
						"4635.181145",
						"1.141878975e-15"
					],
					[
						"4639.913869",
						"1.132452875e-15"
					],
					[
						"4644.646594",
						"1.126754355e-15"
					],
					[
						"4649.379318",
						"1.133845397e-15"
					],
					[
						"4654.112043",
						"1.124708241e-15"
					],
					[
						"4658.844768",
						"1.124963727e-15"
					],
					[
						"4663.577492",
						"1.156045601e-15"
					],
					[
						"4668.310217",
						"1.114227585e-15"
					],
					[
						"4673.042941",
						"1.080729549e-15"
					],
					[
						"4677.775666",
						"1.075380642e-15"
					],
					[
						"4682.508391",
						"1.110010419e-15"
					],
					[
						"4687.241115",
						"1.135131934e-15"
					],
					[
						"4691.97384",
						"1.120725704e-15"
					],
					[
						"4696.706564",
						"1.119641925e-15"
					],
					[
						"4701.439289",
						"1.077496213e-15"
					],
					[
						"4706.172013",
						"1.0898468e-15"
					],
					[
						"4710.904738",
						"1.117163295e-15"
					],
					[
						"4715.637463",
						"1.100486699e-15"
					],
					[
						"4720.370187",
						"1.058728398e-15"
					],
					[
						"4725.102912",
						"1.105051041e-15"
					],
					[
						"4729.835636",
						"1.077421886e-15"
					],
					[
						"4734.568361",
						"1.072516718e-15"
					],
					[
						"4739.301085",
						"1.038414854e-15"
					],
					[
						"4744.03381",
						"1.050368183e-15"
					],
					[
						"4748.766535",
						"1.001125605e-15"
					],
					[
						"4753.499259",
						"1.024348813e-15"
					],
					[
						"4758.231984",
						"1.020557705e-15"
					],
					[
						"4762.964708",
						"1.005038367e-15"
					],
					[
						"4767.697433",
						"9.988593679e-16"
					],
					[
						"4772.430158",
						"1.027270865e-15"
					],
					[
						"4777.162882",
						"1.014968029e-15"
					],
					[
						"4781.895607",
						"9.782330568e-16"
					],
					[
						"4786.628331",
						"1.040955423e-15"
					],
					[
						"4791.361056",
						"1.05289647e-15"
					],
					[
						"4796.09378",
						"1.060206047e-15"
					],
					[
						"4800.826505",
						"1.078058431e-15"
					],
					[
						"4805.55923",
						"1.079517021e-15"
					],
					[
						"4810.291954",
						"1.099084118e-15"
					],
					[
						"4815.024679",
						"1.100512957e-15"
					],
					[
						"4819.757403",
						"1.077952552e-15"
					],
					[
						"4824.490128",
						"1.049316697e-15"
					],
					[
						"4829.222852",
						"1.111735508e-15"
					],
					[
						"4833.955577",
						"1.141026648e-15"
					],
					[
						"4838.688302",
						"1.134168858e-15"
					],
					[
						"4843.421026",
						"1.147110039e-15"
					],
					[
						"4848.153751",
						"1.09958355e-15"
					],
					[
						"4852.886475",
						"1.091895137e-15"
					],
					[
						"4857.6192",
						"1.112134884e-15"
					],
					[
						"4862.351925",
						"1.139410509e-15"
					],
					[
						"4867.084649",
						"1.146774084e-15"
					],
					[
						"4871.817374",
						"1.151917798e-15"
					],
					[
						"4876.550098",
						"1.137026218e-15"
					],
					[
						"4881.282823",
						"1.111750437e-15"
					],
					[
						"4886.015547",
						"1.130566215e-15"
					],
					[
						"4890.748272",
						"1.138219158e-15"
					],
					[
						"4895.480997",
						"1.098563404e-15"
					],
					[
						"4900.213721",
						"1.123259709e-15"
					],
					[
						"4904.946446",
						"1.162876498e-15"
					],
					[
						"4909.67917",
						"1.137274716e-15"
					],
					[
						"4914.411895",
						"1.133941324e-15"
					],
					[
						"4919.144619",
						"1.146202231e-15"
					],
					[
						"4923.877344",
						"1.152705433e-15"
					],
					[
						"4928.610069",
						"1.149556588e-15"
					],
					[
						"4933.342793",
						"1.103846878e-15"
					],
					[
						"4938.075518",
						"1.128918842e-15"
					],
					[
						"4942.808242",
						"1.120045748e-15"
					],
					[
						"4947.540967",
						"1.076795081e-15"
					],
					[
						"4952.273692",
						"1.090268411e-15"
					],
					[
						"4957.006416",
						"1.09370567e-15"
					],
					[
						"4961.739141",
						"1.116448399e-15"
					],
					[
						"4966.471865",
						"1.123278661e-15"
					],
					[
						"4971.20459",
						"1.078972168e-15"
					],
					[
						"4975.937314",
						"1.09109575e-15"
					],
					[
						"4980.670039",
						"1.102405546e-15"
					],
					[
						"4985.402764",
						"1.079956949e-15"
					],
					[
						"4990.135488",
						"1.065063463e-15"
					],
					[
						"4994.868213",
						"1.082361464e-15"
					],
					[
						"4999.600937",
						"1.063847653e-15"
					],
					[
						"5004.333662",
						"1.074312428e-15"
					],
					[
						"5009.066386",
						"1.079297216e-15"
					],
					[
						"5013.799111",
						"1.075353113e-15"
					],
					[
						"5018.531836",
						"1.068985226e-15"
					],
					[
						"5023.26456",
						"1.061790316e-15"
					],
					[
						"5027.997285",
						"1.042753356e-15"
					],
					[
						"5032.730009",
						"1.035401957e-15"
					],
					[
						"5037.462734",
						"1.015557352e-15"
					],
					[
						"5042.195459",
						"1.023200977e-15"
					],
					[
						"5046.928183",
						"1.020530176e-15"
					],
					[
						"5051.660908",
						"1.009354106e-15"
					],
					[
						"5056.393632",
						"1.005267066e-15"
					],
					[
						"5061.126357",
						"1.000914693e-15"
					],
					[
						"5065.859081",
						"1.036475995e-15"
					],
					[
						"5070.591806",
						"1.015233574e-15"
					],
					[
						"5075.324531",
						"9.880306869e-16"
					],
					[
						"5080.057255",
						"1.001871523e-15"
					],
					[
						"5084.78998",
						"9.776921204e-16"
					],
					[
						"5089.522704",
						"9.851342578e-16"
					],
					[
						"5094.255429",
						"9.787063365e-16"
					],
					[
						"5098.988153",
						"9.88198823e-16"
					],
					[
						"5103.720878",
						"9.963587149e-16"
					],
					[
						"5108.453603",
						"1.001878829e-15"
					],
					[
						"5113.186327",
						"9.841750988e-16"
					],
					[
						"5117.919052",
						"9.656764287e-16"
					],
					[
						"5122.651776",
						"9.946084272e-16"
					],
					[
						"5127.384501",
						"1.010884906e-15"
					],
					[
						"5132.117226",
						"9.753486979e-16"
					],
					[
						"5136.84995",
						"9.828288458e-16"
					],
					[
						"5141.582675",
						"9.79256802e-16"
					],
					[
						"5146.315399",
						"9.617718185e-16"
					],
					[
						"5151.048124",
						"9.792283205e-16"
					],
					[
						"5155.780848",
						"9.861198865e-16"
					],
					[
						"5160.513573",
						"9.784753083e-16"
					],
					[
						"5165.246298",
						"9.922423465e-16"
					],
					[
						"5169.979022",
						"9.73895507e-16"
					],
					[
						"5174.711747",
						"9.761494617e-16"
					],
					[
						"5179.444471",
						"9.716732102e-16"
					],
					[
						"5184.177196",
						"9.36596517e-16"
					],
					[
						"5188.90992",
						"9.646315076e-16"
					],
					[
						"5193.642645",
						"9.591255817e-16"
					],
					[
						"5198.37537",
						"9.087413092e-16"
					],
					[
						"5203.108094",
						"9.320757963e-16"
					],
					[
						"5207.840819",
						"9.584461554e-16"
					],
					[
						"5212.573543",
						"9.416690797e-16"
					],
					[
						"5217.306268",
						"9.561038976e-16"
					],
					[
						"5222.038993",
						"9.748755241e-16"
					],
					[
						"5226.771717",
						"9.712114713e-16"
					],
					[
						"5231.504442",
						"9.3642224e-16"
					],
					[
						"5236.237166",
						"9.198624282e-16"
					],
					[
						"5240.969891",
						"9.367054666e-16"
					],
					[
						"5245.702615",
						"9.358338697e-16"
					],
					[
						"5250.43534",
						"9.187141692e-16"
					],
					[
						"5255.168065",
						"9.311100729e-16"
					],
					[
						"5259.900789",
						"9.320275154e-16"
					],
					[
						"5264.633514",
						"9.170735723e-16"
					],
					[
						"5269.366238",
						"9.193568555e-16"
					],
					[
						"5274.098963",
						"9.377155534e-16"
					],
					[
						"5278.831687",
						"9.467672651e-16"
					],
					[
						"5283.564412",
						"9.305663836e-16"
					],
					[
						"5288.297137",
						"9.332992295e-16"
					],
					[
						"5293.029861",
						"9.059174072e-16"
					],
					[
						"5297.762586",
						"9.178043499e-16"
					],
					[
						"5302.49531",
						"9.168354501e-16"
					],
					[
						"5307.228035",
						"9.146776337e-16"
					],
					[
						"5311.96076",
						"9.377721988e-16"
					],
					[
						"5316.693484",
						"8.963582169e-16"
					],
					[
						"5321.426209",
						"9.042348821e-16"
					],
					[
						"5326.158933",
						"8.974554422e-16"
					],
					[
						"5330.891658",
						"9.112730906e-16"
					],
					[
						"5335.624382",
						"9.169632462e-16"
					],
					[
						"5340.357107",
						"9.29515851e-16"
					],
					[
						"5345.089832",
						"8.894527808e-16"
					],
					[
						"5349.822556",
						"8.671671851e-16"
					],
					[
						"5354.555281",
						"8.823960963e-16"
					],
					[
						"5359.288005",
						"9.166798078e-16"
					],
					[
						"5364.02073",
						"9.202543927e-16"
					],
					[
						"5368.753454",
						"8.975505216e-16"
					],
					[
						"5373.486179",
						"9.017617577e-16"
					],
					[
						"5378.218904",
						"9.090597936e-16"
					],
					[
						"5382.951628",
						"9.261361895e-16"
					],
					[
						"5387.684353",
						"8.891536723e-16"
					],
					[
						"5392.417077",
						"8.62055553e-16"
					],
					[
						"5397.149802",
						"8.747703117e-16"
					],
					[
						"5401.882527",
						"8.832345531e-16"
					],
					[
						"5406.615251",
						"8.772037844e-16"
					],
					[
						"5411.347976",
						"9.067638049e-16"
					],
					[
						"5416.0807",
						"8.875512447e-16"
					],
					[
						"5420.813425",
						"8.750746082e-16"
					],
					[
						"5425.546149",
						"8.724727348e-16"
					],
					[
						"5430.278874",
						"8.67387996e-16"
					],
					[
						"5435.011599",
						"8.681978124e-16"
					],
					[
						"5439.744323",
						"8.738857975e-16"
					],
					[
						"5444.477048",
						"8.833991951e-16"
					],
					[
						"5449.209772",
						"8.878462769e-16"
					],
					[
						"5453.942497",
						"8.913390173e-16"
					],
					[
						"5458.675221",
						"8.693908054e-16"
					],
					[
						"5463.407946",
						"8.610793476e-16"
					],
					[
						"5468.140671",
						"8.933553792e-16"
					],
					[
						"5472.873395",
						"8.797971875e-16"
					],
					[
						"5477.60612",
						"8.4430386e-16"
					],
					[
						"5482.338844",
						"8.86165393e-16"
					],
					[
						"5487.071569",
						"8.816207965e-16"
					],
					[
						"5491.804294",
						"8.461776557e-16"
					],
					[
						"5496.537018",
						"8.552261381e-16"
					],
					[
						"5501.269743",
						"8.719253927e-16"
					],
					[
						"5506.002467",
						"8.674306653e-16"
					],
					[
						"5510.735192",
						"8.771574093e-16"
					],
					[
						"5515.467916",
						"8.581133029e-16"
					],
					[
						"5520.200641",
						"8.390312388e-16"
					],
					[
						"5524.933366",
						"8.770377659e-16"
					],
					[
						"5529.66609",
						"8.838389111e-16"
					],
					[
						"5534.398815",
						"8.580145177e-16"
					],
					[
						"5539.131539",
						"8.635246787e-16"
					],
					[
						"5543.864264",
						"8.698689555e-16"
					],
					[
						"5548.596988",
						"8.609118997e-16"
					],
					[
						"5553.329713",
						"8.760503373e-16"
					],
					[
						"5558.062438",
						"8.939313616e-16"
					],
					[
						"5562.795162",
						"8.702322797e-16"
					],
					[
						"5567.527887",
						"7.77548717e-16"
					],
					[
						"5572.260611",
						"8.309118986e-16"
					],
					[
						"5576.993336",
						"9.018898714e-16"
					],
					[
						"5581.726061",
						"9.002754266e-16"
					],
					[
						"5586.458785",
						"8.753674699e-16"
					],
					[
						"5591.19151",
						"8.825657147e-16"
					],
					[
						"5595.924234",
						"8.69365765e-16"
					],
					[
						"5600.656959",
						"8.460143901e-16"
					],
					[
						"5605.389683",
						"8.618196544e-16"
					],
					[
						"5610.122408",
						"8.52879751e-16"
					],
					[
						"5614.855133",
						"8.547840399e-16"
					],
					[
						"5619.587857",
						"8.599504115e-16"
					],
					[
						"5624.320582",
						"8.326489514e-16"
					],
					[
						"5629.053306",
						"8.506653951e-16"
					],
					[
						"5633.786031",
						"8.564242133e-16"
					],
					[
						"5638.518755",
						"8.474595342e-16"
					],
					[
						"5643.25148",
						"8.239185299e-16"
					],
					[
						"5647.984205",
						"8.11048923e-16"
					],
					[
						"5652.716929",
						"8.536506039e-16"
					],
					[
						"5657.449654",
						"8.439335478e-16"
					],
					[
						"5662.182378",
						"8.275376369e-16"
					],
					[
						"5666.915103",
						"8.135868984e-16"
					],
					[
						"5671.647828",
						"8.125106901e-16"
					],
					[
						"5676.380552",
						"8.209191862e-16"
					],
					[
						"5681.113277",
						"7.898150776e-16"
					],
					[
						"5685.846001",
						"7.944616886e-16"
					],
					[
						"5690.578726",
						"8.18581587e-16"
					],
					[
						"5695.31145",
						"8.20082e-16"
					],
					[
						"5700.044175",
						"8.165733248e-16"
					],
					[
						"5704.7769",
						"8.24707541e-16"
					],
					[
						"5709.509624",
						"8.025404241e-16"
					],
					[
						"5714.242349",
						"7.757742889e-16"
					],
					[
						"5718.975073",
						"7.791925433e-16"
					],
					[
						"5723.707798",
						"7.843339274e-16"
					],
					[
						"5728.440522",
						"7.974672262e-16"
					],
					[
						"5733.173247",
						"7.923974693e-16"
					],
					[
						"5737.905972",
						"7.923183246e-16"
					],
					[
						"5742.638696",
						"7.886049851e-16"
					],
					[
						"5747.371421",
						"7.64660846e-16"
					],
					[
						"5752.104145",
						"7.704115645e-16"
					],
					[
						"5756.83687",
						"7.754353698e-16"
					],
					[
						"5761.569595",
						"7.703617483e-16"
					],
					[
						"5766.302319",
						"7.370884413e-16"
					],
					[
						"5771.035044",
						"7.436001129e-16"
					],
					[
						"5775.767768",
						"7.544894626e-16"
					],
					[
						"5780.500493",
						"7.844763877e-16"
					],
					[
						"5785.233217",
						"7.917168254e-16"
					],
					[
						"5789.965942",
						"7.872373446e-16"
					],
					[
						"5794.698667",
						"7.48192355e-16"
					],
					[
						"5799.431391",
						"7.811949291e-16"
					],
					[
						"5804.164116",
						"7.792822758e-16"
					],
					[
						"5808.89684",
						"7.708248636e-16"
					],
					[
						"5813.629565",
						"7.737704736e-16"
					],
					[
						"5818.362289",
						"7.835360753e-16"
					],
					[
						"5823.095014",
						"7.725432817e-16"
					],
					[
						"5827.827739",
						"8.071290663e-16"
					],
					[
						"5832.560463",
						"8.041869503e-16"
					],
					[
						"5837.293188",
						"8.020345337e-16"
					],
					[
						"5842.025912",
						"8.139734631e-16"
					],
					[
						"5846.758637",
						"7.954502819e-16"
					],
					[
						"5851.491362",
						"7.733294341e-16"
					],
					[
						"5856.224086",
						"7.862024821e-16"
					],
					[
						"5860.956811",
						"8.136821367e-16"
					],
					[
						"5865.689535",
						"8.197365164e-16"
					],
					[
						"5870.42226",
						"8.125783469e-16"
					],
					[
						"5875.154984",
						"7.872485148e-16"
					],
					[
						"5879.887709",
						"7.88655066e-16"
					],
					[
						"5884.620434",
						"7.952804518e-16"
					],
					[
						"5889.353158",
						"7.492412465e-16"
					],
					[
						"5894.085883",
						"7.459044661e-16"
					],
					[
						"5898.818607",
						"7.434573349e-16"
					],
					[
						"5903.551332",
						"7.873424296e-16"
					],
					[
						"5908.284056",
						"7.781227406e-16"
					],
					[
						"5913.016781",
						"7.691961251e-16"
					],
					[
						"5917.749506",
						"7.653187259e-16"
					],
					[
						"5922.48223",
						"7.727556223e-16"
					],
					[
						"5927.214955",
						"7.856375111e-16"
					],
					[
						"5931.947679",
						"7.752916389e-16"
					],
					[
						"5936.680404",
						"7.68769697e-16"
					],
					[
						"5941.413129",
						"7.650109353e-16"
					],
					[
						"5946.145853",
						"7.844295362e-16"
					],
					[
						"5950.878578",
						"7.922696732e-16"
					],
					[
						"5955.611302",
						"7.656969261e-16"
					],
					[
						"5960.344027",
						"7.576834651e-16"
					],
					[
						"5965.076751",
						"7.685860496e-16"
					],
					[
						"5969.809476",
						"7.662686204e-16"
					],
					[
						"5974.542201",
						"7.634018904e-16"
					],
					[
						"5979.274925",
						"7.709680651e-16"
					],
					[
						"5984.00765",
						"7.659040257e-16"
					],
					[
						"5988.740374",
						"7.507276305e-16"
					],
					[
						"5993.473099",
						"7.598484283e-16"
					],
					[
						"5998.205823",
						"7.742838285e-16"
					],
					[
						"6002.938548",
						"7.778904948e-16"
					],
					[
						"6007.671273",
						"7.867649649e-16"
					],
					[
						"6012.403997",
						"7.805557899e-16"
					],
					[
						"6017.136722",
						"7.544037535e-16"
					],
					[
						"6021.869446",
						"7.681638567e-16"
					],
					[
						"6026.602171",
						"7.782694891e-16"
					],
					[
						"6031.334896",
						"7.636131721e-16"
					],
					[
						"6036.06762",
						"7.593523317e-16"
					],
					[
						"6040.800345",
						"7.573068001e-16"
					],
					[
						"6045.533069",
						"7.759821296e-16"
					],
					[
						"6050.265794",
						"7.709246017e-16"
					],
					[
						"6054.998518",
						"7.464457201e-16"
					],
					[
						"6059.731243",
						"7.506830024e-16"
					],
					[
						"6064.463968",
						"7.624630602e-16"
					],
					[
						"6069.196692",
						"7.561260362e-16"
					],
					[
						"6073.929417",
						"7.325019167e-16"
					],
					[
						"6078.662141",
						"7.315697569e-16"
					],
					[
						"6083.394866",
						"7.325717969e-16"
					],
					[
						"6088.12759",
						"7.473925971e-16"
					],
					[
						"6092.860315",
						"7.381413032e-16"
					],
					[
						"6097.59304",
						"7.579843206e-16"
					],
					[
						"6102.325764",
						"7.351915639e-16"
					],
					[
						"6107.058489",
						"7.371996144e-16"
					],
					[
						"6111.791213",
						"7.346976378e-16"
					],
					[
						"6116.523938",
						"7.327185983e-16"
					],
					[
						"6121.256663",
						"7.541392674e-16"
					],
					[
						"6125.989387",
						"7.20943358e-16"
					],
					[
						"6130.722112",
						"7.340323464e-16"
					],
					[
						"6135.454836",
						"7.543371026e-16"
					],
					[
						"6140.187561",
						"7.437648079e-16"
					],
					[
						"6144.920285",
						"7.310639194e-16"
					],
					[
						"6149.65301",
						"7.314289377e-16"
					],
					[
						"6154.385735",
						"7.442698513e-16"
					],
					[
						"6159.118459",
						"7.231722193e-16"
					],
					[
						"6163.851184",
						"7.026448523e-16"
					],
					[
						"6168.583908",
						"7.110521308e-16"
					],
					[
						"6173.316633",
						"7.048346972e-16"
					],
					[
						"6178.049357",
						"7.034414339e-16"
					],
					[
						"6182.782082",
						"6.895238355e-16"
					],
					[
						"6187.514807",
						"6.942790785e-16"
					],
					[
						"6192.247531",
						"7.035922587e-16"
					],
					[
						"6196.980256",
						"6.759652733e-16"
					],
					[
						"6201.71298",
						"7.032615453e-16"
					],
					[
						"6206.445705",
						"6.93772394e-16"
					],
					[
						"6211.17843",
						"6.91797219e-16"
					],
					[
						"6215.911154",
						"7.092941668e-16"
					],
					[
						"6220.643879",
						"7.103160062e-16"
					],
					[
						"6225.376603",
						"7.057021648e-16"
					],
					[
						"6230.109328",
						"7.113068759e-16"
					],
					[
						"6234.842052",
						"7.035831531e-16"
					],
					[
						"6239.574777",
						"6.886040636e-16"
					],
					[
						"6244.307502",
						"6.781803703e-16"
					],
					[
						"6249.040226",
						"6.719693953e-16"
					],
					[
						"6253.772951",
						"6.809391566e-16"
					],
					[
						"6258.505675",
						"6.664573284e-16"
					],
					[
						"6263.2384",
						"6.680538267e-16"
					],
					[
						"6267.971124",
						"6.632627966e-16"
					],
					[
						"6272.703849",
						"6.383944916e-16"
					],
					[
						"6277.436574",
						"6.35726179e-16"
					],
					[
						"6282.169298",
						"6.476450972e-16"
					],
					[
						"6286.902023",
						"6.63289637e-16"
					],
					[
						"6291.634747",
						"6.404554816e-16"
					],
					[
						"6296.367472",
						"6.657069631e-16"
					],
					[
						"6301.100197",
						"6.595017586e-16"
					],
					[
						"6305.832921",
						"6.575608884e-16"
					],
					[
						"6310.565646",
						"6.458764395e-16"
					],
					[
						"6315.29837",
						"6.442915879e-16"
					],
					[
						"6320.031095",
						"6.615243144e-16"
					],
					[
						"6324.763819",
						"6.6916074e-16"
					],
					[
						"6329.496544",
						"6.683133894e-16"
					],
					[
						"6334.229269",
						"6.390717474e-16"
					],
					[
						"6338.961993",
						"6.665179972e-16"
					],
					[
						"6343.694718",
						"6.809260276e-16"
					],
					[
						"6348.427442",
						"6.545384631e-16"
					],
					[
						"6353.160167",
						"6.451392032e-16"
					],
					[
						"6357.892891",
						"6.686611493e-16"
					],
					[
						"6362.625616",
						"6.576218219e-16"
					],
					[
						"6367.358341",
						"6.660474174e-16"
					],
					[
						"6372.091065",
						"6.602297834e-16"
					],
					[
						"6376.82379",
						"6.539374932e-16"
					],
					[
						"6381.556514",
						"6.449443856e-16"
					],
					[
						"6386.289239",
						"6.561250617e-16"
					],
					[
						"6391.021963",
						"6.751000291e-16"
					],
					[
						"6395.754688",
						"6.501693084e-16"
					],
					[
						"6400.487413",
						"6.420830554e-16"
					],
					[
						"6405.220137",
						"6.546665239e-16"
					],
					[
						"6409.952862",
						"6.372986427e-16"
					],
					[
						"6414.685586",
						"6.413618598e-16"
					],
					[
						"6419.418311",
						"6.438202141e-16"
					],
					[
						"6424.151036",
						"6.494396954e-16"
					],
					[
						"6428.88376",
						"6.484507844e-16"
					],
					[
						"6433.616485",
						"6.61319703e-16"
					],
					[
						"6438.349209",
						"6.649141932e-16"
					],
					[
						"6443.081934",
						"6.802160552e-16"
					],
					[
						"6447.814658",
						"6.60717145e-16"
					],
					[
						"6452.547383",
						"6.548513359e-16"
					],
					[
						"6457.280108",
						"6.82150996e-16"
					],
					[
						"6462.012832",
						"6.665466904e-16"
					],
					[
						"6466.745557",
						"6.49808737e-16"
					],
					[
						"6471.478281",
						"6.489944737e-16"
					],
					[
						"6476.211006",
						"6.502250537e-16"
					],
					[
						"6480.94373",
						"6.399697611e-16"
					],
					[
						"6485.676455",
						"6.361775946e-16"
					],
					[
						"6490.40918",
						"6.5494758e-16"
					],
					[
						"6495.141904",
						"6.428845074e-16"
					],
					[
						"6499.874629",
						"6.548887112e-16"
					],
					[
						"6504.607353",
						"6.553687142e-16"
					],
					[
						"6509.340078",
						"6.594849238e-16"
					],
					[
						"6514.072803",
						"6.626914199e-16"
					],
					[
						"6518.805527",
						"6.449507913e-16"
					],
					[
						"6523.538252",
						"6.370141985e-16"
					],
					[
						"6528.270976",
						"6.433312114e-16"
					],
					[
						"6533.003701",
						"6.836141925e-16"
					],
					[
						"6537.736425",
						"6.782599914e-16"
					],
					[
						"6542.46915",
						"6.441185285e-16"
					],
					[
						"6547.201875",
						"6.534826366e-16"
					],
					[
						"6551.934599",
						"6.643859093e-16"
					],
					[
						"6556.667324",
						"6.634219859e-16"
					],
					[
						"6561.400048",
						"6.842504201e-16"
					],
					[
						"6566.132773",
						"6.869577492e-16"
					],
					[
						"6570.865497",
						"6.733276656e-16"
					],
					[
						"6575.598222",
						"6.7749565e-16"
					],
					[
						"6580.330947",
						"6.627676529e-16"
					],
					[
						"6585.063671",
						"6.657407385e-16"
					],
					[
						"6589.796396",
						"6.83040963e-16"
					],
					[
						"6594.52912",
						"6.73379017e-16"
					],
					[
						"6599.261845",
						"6.303740954e-16"
					],
					[
						"6603.99457",
						"6.463714244e-16"
					],
					[
						"6608.727294",
						"6.670103351e-16"
					],
					[
						"6613.460019",
						"6.59812355e-16"
					],
					[
						"6618.192743",
						"6.649166814e-16"
					],
					[
						"6622.925468",
						"6.578978487e-16"
					],
					[
						"6627.658192",
						"6.388035026e-16"
					],
					[
						"6632.390917",
						"6.528722964e-16"
					],
					[
						"6637.123642",
						"6.677440244e-16"
					],
					[
						"6641.856366",
						"6.620586334e-16"
					],
					[
						"6646.589091",
						"6.607032748e-16"
					],
					[
						"6651.321815",
						"6.479427234e-16"
					],
					[
						"6656.05454",
						"6.550114781e-16"
					],
					[
						"6660.787264",
						"6.61297786e-16"
					],
					[
						"6665.519989",
						"6.67933601e-16"
					],
					[
						"6670.252714",
						"6.492351898e-16"
					],
					[
						"6674.985438",
						"6.5972384e-16"
					],
					[
						"6679.718163",
						"6.444381776e-16"
					],
					[
						"6684.450887",
						"6.259286018e-16"
					],
					[
						"6689.183612",
						"6.283344401e-16"
					],
					[
						"6693.916337",
						"6.216693496e-16"
					],
					[
						"6698.649061",
						"6.231782329e-16"
					],
					[
						"6703.381786",
						"6.200313467e-16"
					],
					[
						"6708.11451",
						"6.022543486e-16"
					],
					[
						"6712.847235",
						"6.115820342e-16"
					],
					[
						"6717.579959",
						"6.223126711e-16"
					],
					[
						"6722.312684",
						"6.298377648e-16"
					],
					[
						"6727.045409",
						"6.265415361e-16"
					],
					[
						"6731.778133",
						"6.190793346e-16"
					],
					[
						"6736.510858",
						"6.005593827e-16"
					],
					[
						"6741.243582",
						"6.070172678e-16"
					],
					[
						"6745.976307",
						"6.153693832e-16"
					],
					[
						"6750.709031",
						"6.090050953e-16"
					],
					[
						"6755.441756",
						"6.00419887e-16"
					],
					[
						"6760.174481",
						"6.031732735e-16"
					],
					[
						"6764.907205",
						"6.072077443e-16"
					],
					[
						"6769.63993",
						"6.04887774e-16"
					],
					[
						"6774.372654",
						"5.992499227e-16"
					],
					[
						"6779.105379",
						"5.951024789e-16"
					],
					[
						"6783.838104",
						"5.949916234e-16"
					],
					[
						"6788.570828",
						"5.837423377e-16"
					],
					[
						"6793.303553",
						"6.012271094e-16"
					],
					[
						"6798.036277",
						"6.103950234e-16"
					],
					[
						"6802.769002",
						"5.931088809e-16"
					],
					[
						"6807.501726",
						"5.751044015e-16"
					],
					[
						"6812.234451",
						"5.802089397e-16"
					],
					[
						"6816.967176",
						"5.630303175e-16"
					],
					[
						"6821.6999",
						"5.690406515e-16"
					],
					[
						"6826.432625",
						"5.804888312e-16"
					],
					[
						"6831.165349",
						"5.646183454e-16"
					],
					[
						"6835.898074",
						"5.584046176e-16"
					],
					[
						"6840.630798",
						"5.588074347e-16"
					],
					[
						"6845.363523",
						"5.441078661e-16"
					],
					[
						"6850.096248",
						"5.463748439e-16"
					],
					[
						"6854.828972",
						"5.565109696e-16"
					],
					[
						"6859.561697",
						"5.075320305e-16"
					],
					[
						"6864.294421",
						"4.019751023e-16"
					],
					[
						"6869.027146",
						"3.765288826e-16"
					],
					[
						"6873.759871",
						"4.157167296e-16"
					],
					[
						"6878.492595",
						"4.515020187e-16"
					],
					[
						"6883.22532",
						"4.556592564e-16"
					],
					[
						"6887.958044",
						"4.396470779e-16"
					],
					[
						"6892.690769",
						"4.463015011e-16"
					],
					[
						"6897.423493",
						"4.735375808e-16"
					],
					[
						"6902.156218",
						"4.80760919e-16"
					],
					[
						"6906.888943",
						"4.803426964e-16"
					],
					[
						"6911.621667",
						"4.814158872e-16"
					],
					[
						"6916.354392",
						"4.821306771e-16"
					],
					[
						"6921.087116",
						"4.981843338e-16"
					],
					[
						"6925.819841",
						"4.994905644e-16"
					],
					[
						"6930.552565",
						"4.855998594e-16"
					],
					[
						"6935.28529",
						"4.601235965e-16"
					],
					[
						"6940.018015",
						"4.607313956e-16"
					],
					[
						"6944.750739",
						"4.530201664e-16"
					],
					[
						"6949.483464",
						"4.426430864e-16"
					],
					[
						"6954.216188",
						"4.341834242e-16"
					],
					[
						"6958.948913",
						"4.684542714e-16"
					],
					[
						"6963.681638",
						"4.759359017e-16"
					],
					[
						"6968.414362",
						"4.811298018e-16"
					],
					[
						"6973.147087",
						"5.042859356e-16"
					],
					[
						"6977.879811",
						"4.878123624e-16"
					],
					[
						"6982.612536",
						"4.602348225e-16"
					],
					[
						"6987.34526",
						"4.493060858e-16"
					],
					[
						"6992.077985",
						"4.517413584e-16"
					],
					[
						"6996.81071",
						"4.410156185e-16"
					],
					[
						"7001.543434",
						"4.252507736e-16"
					],
					[
						"7006.276159",
						"4.242630273e-16"
					],
					[
						"7011.008883",
						"4.304274154e-16"
					],
					[
						"7015.741608",
						"4.273321718e-16"
					],
					[
						"7020.474332",
						"4.306186861e-16"
					],
					[
						"7025.207057",
						"4.586816288e-16"
					],
					[
						"7029.939782",
						"4.530682355e-16"
					],
					[
						"7034.672506",
						"4.492700869e-16"
					],
					[
						"7039.405231",
						"4.592440057e-16"
					],
					[
						"7044.137955",
						"4.553648066e-16"
					],
					[
						"7048.87068",
						"4.712722441e-16"
					],
					[
						"7053.603405",
						"4.790810409e-16"
					],
					[
						"7058.336129",
						"4.489473144e-16"
					],
					[
						"7063.068854",
						"4.658492745e-16"
					],
					[
						"7067.801578",
						"4.616264976e-16"
					],
					[
						"7072.534303",
						"4.660033286e-16"
					],
					[
						"7077.267027",
						"4.827218002e-16"
					],
					[
						"7081.999752",
						"5.041337344e-16"
					],
					[
						"7086.732477",
						"5.029319534e-16"
					],
					[
						"7091.465201",
						"4.895564032e-16"
					],
					[
						"7096.197926",
						"4.88152499e-16"
					],
					[
						"7100.93065",
						"4.957191502e-16"
					],
					[
						"7105.663375",
						"4.894495182e-16"
					],
					[
						"7110.396099",
						"4.758158347e-16"
					],
					[
						"7115.128824",
						"4.814678209e-16"
					],
					[
						"7119.861549",
						"4.829942272e-16"
					],
					[
						"7124.594273",
						"4.700316056e-16"
					],
					[
						"7129.326998",
						"4.882823598e-16"
					],
					[
						"7134.059722",
						"4.820966899e-16"
					],
					[
						"7138.792447",
						"4.635276631e-16"
					],
					[
						"7143.525172",
						"4.674865363e-16"
					],
					[
						"7148.257896",
						"4.632081199e-16"
					],
					[
						"7152.990621",
						"4.61606063e-16"
					],
					[
						"7157.723345",
						"4.612487209e-16"
					],
					[
						"7162.45607",
						"4.562623439e-16"
					],
					[
						"7167.188794",
						"4.017452387e-16"
					],
					[
						"7171.921519",
						"3.690451877e-16"
					],
					[
						"7176.654244",
						"3.74106236e-16"
					],
					[
						"7181.386968",
						"3.53172902e-16"
					],
					[
						"7186.119693",
						"3.530201714e-16"
					],
					[
						"7190.852417",
						"3.378197151e-16"
					],
					[
						"7195.585142",
						"3.380987331e-16"
					],
					[
						"7200.317866",
						"3.667970299e-16"
					],
					[
						"7205.050591",
						"3.920691843e-16"
					],
					[
						"7209.783316",
						"4.132397405e-16"
					],
					[
						"7214.51604",
						"4.265702656e-16"
					],
					[
						"7219.248765",
						"4.400942319e-16"
					],
					[
						"7223.981489",
						"4.132461727e-16"
					],
					[
						"7228.714214",
						"3.80337328e-16"
					],
					[
						"7233.446939",
						"3.695317022e-16"
					],
					[
						"7238.179663",
						"3.651115402e-16"
					],
					[
						"7242.912388",
						"3.399682671e-16"
					],
					[
						"7247.645112",
						"3.072058004e-16"
					],
					[
						"7252.377837",
						"2.932515943e-16"
					],
					[
						"7257.110561",
						"2.981382068e-16"
					],
					[
						"7261.843286",
						"3.287643771e-16"
					],
					[
						"7266.576011",
						"3.568859768e-16"
					],
					[
						"7271.308735",
						"3.70690708e-16"
					],
					[
						"7276.04146",
						"3.778622713e-16"
					],
					[
						"7280.774184",
						"3.754577036e-16"
					],
					[
						"7285.506909",
						"3.88892202e-16"
					],
					[
						"7290.239633",
						"4.008955323e-16"
					],
					[
						"7294.972358",
						"4.18291498e-16"
					],
					[
						"7299.705083",
						"4.277580176e-16"
					],
					[
						"7304.437807",
						"4.472292669e-16"
					],
					[
						"7309.170532",
						"4.578339605e-16"
					],
					[
						"7313.903256",
						"4.373572037e-16"
					],
					[
						"7318.635981",
						"4.417597898e-16"
					],
					[
						"7323.368706",
						"4.437733724e-16"
					],
					[
						"7328.10143",
						"4.284107359e-16"
					],
					[
						"7332.834155",
						"4.337951655e-16"
					],
					[
						"7337.566879",
						"4.286600018e-16"
					],
					[
						"7342.299604",
						"4.350211663e-16"
					],
					[
						"7347.032328",
						"4.538437471e-16"
					],
					[
						"7351.765053",
						"4.192003378e-16"
					],
					[
						"7356.497778",
						"4.044323978e-16"
					],
					[
						"7361.230502",
						"4.057577397e-16"
					],
					[
						"7365.963227",
						"3.987497861e-16"
					],
					[
						"7370.695951",
						"4.121388094e-16"
					],
					[
						"7375.428676",
						"4.003737336e-16"
					],
					[
						"7380.1614",
						"4.013215634e-16"
					],
					[
						"7384.894125",
						"4.039746294e-16"
					],
					[
						"7389.62685",
						"3.809283982e-16"
					],
					[
						"7394.359574",
						"3.920533289e-16"
					],
					[
						"7399.092299",
						"4.057857712e-16"
					],
					[
						"7403.825023",
						"4.142728031e-16"
					],
					[
						"7408.557748",
						"4.174364447e-16"
					],
					[
						"7413.290473",
						"4.526584834e-16"
					],
					[
						"7418.023197",
						"4.69542497e-16"
					],
					[
						"7422.755922",
						"4.722502495e-16"
					],
					[
						"7427.488646",
						"4.843935786e-16"
					],
					[
						"7432.221371",
						"4.52105212e-16"
					],
					[
						"7436.954095",
						"4.180734399e-16"
					],
					[
						"7441.68682",
						"4.234907185e-16"
					],
					[
						"7446.419545",
						"4.454913141e-16"
					],
					[
						"7451.152269",
						"4.392609368e-16"
					],
					[
						"7455.884994",
						"4.38421183e-16"
					],
					[
						"7460.617718",
						"4.61638462e-16"
					],
					[
						"7465.350443",
						"4.463000717e-16"
					],
					[
						"7470.083167",
						"4.471990384e-16"
					],
					[
						"7474.815892",
						"4.4367914e-16"
					],
					[
						"7479.548617",
						"4.449402133e-16"
					],
					[
						"7484.281341",
						"4.378701087e-16"
					],
					[
						"7489.014066",
						"4.270836735e-16"
					],
					[
						"7493.74679",
						"4.342319963e-16"
					],
					[
						"7498.479515",
						"4.36202089e-16"
					],
					[
						"7503.21224",
						"4.391142412e-16"
					],
					[
						"7507.944964",
						"4.279770815e-16"
					],
					[
						"7512.677689",
						"4.247634914e-16"
					],
					[
						"7517.410413",
						"4.346517276e-16"
					],
					[
						"7522.143138",
						"4.421097733e-16"
					],
					[
						"7526.875862",
						"4.336739869e-16"
					],
					[
						"7531.608587",
						"4.367087206e-16"
					],
					[
						"7536.341312",
						"4.448095584e-16"
					],
					[
						"7541.074036",
						"4.389240294e-16"
					],
					[
						"7545.806761",
						"4.217478688e-16"
					],
					[
						"7550.539485",
						"4.250526473e-16"
					],
					[
						"7555.27221",
						"4.315041267e-16"
					],
					[
						"7560.004934",
						"4.223209396e-16"
					],
					[
						"7564.737659",
						"4.434084071e-16"
					],
					[
						"7569.470384",
						"4.494933859e-16"
					],
					[
						"7574.203108",
						"4.186734304e-16"
					],
					[
						"7578.935833",
						"4.125089099e-16"
					],
					[
						"7583.668557",
						"3.731223543e-16"
					],
					[
						"7588.401282",
						"2.741040969e-16"
					],
					[
						"7593.134007",
						"1.41061148e-16"
					],
					[
						"7597.866731",
						"4.043802788e-17"
					],
					[
						"7602.599456",
						"2.633179595e-17"
					],
					[
						"7607.33218",
						"9.434335685e-17"
					],
					[
						"7612.064905",
						"1.62551393e-16"
					],
					[
						"7616.797629",
						"1.757671981e-16"
					],
					[
						"7621.530354",
						"1.538552101e-16"
					],
					[
						"7626.263079",
						"1.348354823e-16"
					],
					[
						"7630.995803",
						"1.577642936e-16"
					],
					[
						"7635.728528",
						"1.607302457e-16"
					],
					[
						"7640.461252",
						"1.971183179e-16"
					],
					[
						"7645.193977",
						"2.318752693e-16"
					],
					[
						"7649.926701",
						"2.706991568e-16"
					],
					[
						"7654.659426",
						"3.034873257e-16"
					],
					[
						"7659.392151",
						"3.253570812e-16"
					],
					[
						"7664.124875",
						"3.381654634e-16"
					],
					[
						"7668.8576",
						"3.529515088e-16"
					],
					[
						"7673.590324",
						"3.498733116e-16"
					],
					[
						"7678.323049",
						"3.310925265e-16"
					],
					[
						"7683.055774",
						"2.934258713e-16"
					],
					[
						"7687.788498",
						"2.451148972e-16"
					],
					[
						"7692.521223",
						"2.249845504e-16"
					],
					[
						"7697.253947",
						"2.079921827e-16"
					],
					[
						"7701.986672",
						"2.020843397e-16"
					],
					[
						"7706.719396",
						"2.072231827e-16"
					],
					[
						"7711.452121",
						"2.082202331e-16"
					],
					[
						"7716.184846",
						"1.943703048e-16"
					],
					[
						"7720.91757",
						"2.063116826e-16"
					],
					[
						"7725.650295",
						"2.220465372e-16"
					],
					[
						"7730.383019",
						"2.070037747e-16"
					],
					[
						"7735.115744",
						"2.017445339e-16"
					],
					[
						"7739.848468",
						"2.133889605e-16"
					],
					[
						"7744.581193",
						"2.141080783e-16"
					],
					[
						"7749.313918",
						"2.211207302e-16"
					],
					[
						"7754.046642",
						"2.302057144e-16"
					],
					[
						"7758.779367",
						"2.477411229e-16"
					],
					[
						"7763.512091",
						"2.415187659e-16"
					],
					[
						"7768.244816",
						"2.502871451e-16"
					],
					[
						"7772.977541",
						"2.548798901e-16"
					],
					[
						"7777.710265",
						"2.569615529e-16"
					],
					[
						"7782.44299",
						"2.786431876e-16"
					],
					[
						"7787.175714",
						"3.043699605e-16"
					],
					[
						"7791.908439",
						"3.031699001e-16"
					],
					[
						"7796.641163",
						"3.006444714e-16"
					],
					[
						"7801.373888",
						"3.244074513e-16"
					],
					[
						"7806.106613",
						"3.4597831e-16"
					],
					[
						"7810.839337",
						"3.478356415e-16"
					],
					[
						"7815.572062",
						"3.43430329e-16"
					],
					[
						"7820.304786",
						"3.682359536e-16"
					],
					[
						"7825.037511",
						"3.56467119e-16"
					],
					[
						"7829.770235",
						"3.619865974e-16"
					],
					[
						"7834.50296",
						"3.688097125e-16"
					],
					[
						"7839.235685",
						"3.803997438e-16"
					],
					[
						"7843.968409",
						"3.873191559e-16"
					],
					[
						"7848.701134",
						"3.997478027e-16"
					],
					[
						"7853.433858",
						"4.077440055e-16"
					],
					[
						"7858.166583",
						"4.042249541e-16"
					],
					[
						"7862.899308",
						"3.969595026e-16"
					],
					[
						"7867.632032",
						"3.783359744e-16"
					],
					[
						"7872.364757",
						"3.867392824e-16"
					],
					[
						"7877.097481",
						"4.004579604e-16"
					],
					[
						"7881.830206",
						"3.969097923e-16"
					],
					[
						"7886.56293",
						"3.728767942e-16"
					],
					[
						"7891.295655",
						"3.635519937e-16"
					],
					[
						"7896.02838",
						"3.815175361e-16"
					],
					[
						"7900.761104",
						"4.061414721e-16"
					],
					[
						"7905.493829",
						"3.91479967e-16"
					],
					[
						"7910.226553",
						"4.001921244e-16"
					],
					[
						"7914.959278",
						"4.031227525e-16"
					],
					[
						"7919.692002",
						"3.770186e-16"
					],
					[
						"7924.424727",
						"3.946706607e-16"
					],
					[
						"7929.157452",
						"4.08195474e-16"
					],
					[
						"7933.890176",
						"3.968444914e-16"
					],
					[
						"7938.622901",
						"3.937473154e-16"
					],
					[
						"7943.355625",
						"3.907023378e-16"
					],
					[
						"7948.08835",
						"3.858513537e-16"
					],
					[
						"7952.821075",
						"3.782709117e-16"
					],
					[
						"7957.553799",
						"3.76569699e-16"
					],
					[
						"7962.286524",
						"3.734009223e-16"
					],
					[
						"7967.019248",
						"3.767211326e-16"
					],
					[
						"7971.751973",
						"3.787996191e-16"
					],
					[
						"7976.484697",
						"3.678157988e-16"
					],
					[
						"7981.217422",
						"3.575344864e-16"
					],
					[
						"7985.950147",
						"3.586361586e-16"
					],
					[
						"7990.682871",
						"3.68966943e-16"
					],
					[
						"7995.415596",
						"3.795489256e-16"
					],
					[
						"8000.14832",
						"3.817999422e-16"
					],
					[
						"8004.881045",
						"3.767479994e-16"
					],
					[
						"8009.613769",
						"3.778202637e-16"
					],
					[
						"8014.346494",
						"3.51500356e-16"
					],
					[
						"8019.079219",
						"3.518114553e-16"
					],
					[
						"8023.811943",
						"3.790977482e-16"
					],
					[
						"8028.544668",
						"3.705171986e-16"
					],
					[
						"8033.277392",
						"3.714853573e-16"
					],
					[
						"8038.010117",
						"3.798493576e-16"
					],
					[
						"8042.742842",
						"3.639821012e-16"
					],
					[
						"8047.475566",
						"3.654127398e-16"
					],
					[
						"8052.208291",
						"3.784155426e-16"
					],
					[
						"8056.941015",
						"4.137531748e-16"
					],
					[
						"8061.67374",
						"4.107317818e-16"
					],
					[
						"8066.406464",
						"3.869792045e-16"
					],
					[
						"8071.139189",
						"3.801940736e-16"
					],
					[
						"8075.871914",
						"3.812679261e-16"
					],
					[
						"8080.604638",
						"3.693461756e-16"
					],
					[
						"8085.337363",
						"3.564517401e-16"
					],
					[
						"8090.070087",
						"3.728771118e-16"
					],
					[
						"8094.802812",
						"3.823139588e-16"
					],
					[
						"8099.535536",
						"3.725903117e-16"
					],
					[
						"8104.268261",
						"3.691019389e-16"
					],
					[
						"8109.000986",
						"3.595418751e-16"
					],
					[
						"8113.73371",
						"3.569882825e-16"
					],
					[
						"8118.466435",
						"3.571076612e-16"
					],
					[
						"8123.199159",
						"3.369539945e-16"
					],
					[
						"8127.931884",
						"3.246813606e-16"
					],
					[
						"8132.664609",
						"3.306458755e-16"
					],
					[
						"8137.397333",
						"3.188920492e-16"
					],
					[
						"8142.130058",
						"3.091946337e-16"
					],
					[
						"8146.862782",
						"3.021324965e-16"
					],
					[
						"8151.595507",
						"2.91512371e-16"
					],
					[
						"8156.328231",
						"2.867465136e-16"
					],
					[
						"8161.060956",
						"2.915157591e-16"
					],
					[
						"8165.793681",
						"2.957509503e-16"
					],
					[
						"8170.526405",
						"3.023643983e-16"
					],
					[
						"8175.25913",
						"3.200539932e-16"
					],
					[
						"8179.991854",
						"3.086067929e-16"
					],
					[
						"8184.724579",
						"2.632511432e-16"
					],
					[
						"8189.457303",
						"3.248032804e-16"
					],
					[
						"8194.190028",
						"3.898214236e-16"
					],
					[
						"8198.922753",
						"4.041947521e-16"
					],
					[
						"8203.655477",
						"3.76284196e-16"
					],
					[
						"8208.388202",
						"3.704001757e-16"
					],
					[
						"8213.120926",
						"3.391731944e-16"
					],
					[
						"8217.853651",
						"2.840838126e-16"
					],
					[
						"8222.586376",
						"2.762860273e-16"
					],
					[
						"8227.3191",
						"3.736971456e-16"
					],
					[
						"8232.051825",
						"4.156491257e-16"
					],
					[
						"8236.784549",
						"4.240980676e-16"
					],
					[
						"8241.517274",
						"4.387174857e-16"
					],
					[
						"8246.249998",
						"4.607630534e-16"
					]
				],
				"source":"9"
			}
		]
	}
}