{
	"ASASSN-15df":{
		"schema":"https://github.com/astrocatalogs/supernovae/blob/a0bc0b9/SCHEMA.md",
		"name":"ASASSN-15df",
		"sources":[
			{
				"name":"2016A&A...594A..13P",
				"bibcode":"2016A&A...594A..13P",
				"reference":"Planck Collaboration et al. (2016)",
				"alias":"1"
			},
			{
				"name":"2015ATel.7097....1K",
				"bibcode":"2015ATel.7097....1K",
				"reference":"Koff et al. (2015)",
				"alias":"2"
			},
			{
				"name":"2015ATel.7103....1C",
				"bibcode":"2015ATel.7103....1C",
				"reference":"Challis et al. (2015)",
				"alias":"3"
			},
			{
				"name":"2011ApJ...737..103S",
				"bibcode":"2011ApJ...737..103S",
				"reference":"Schlafly & Finkbeiner (2011)",
				"alias":"4"
			},
			{
				"name":"ASAS-SN Supernovae",
				"url":"http://www.astronomy.ohio-state.edu/~assassin/sn_list.html",
				"alias":"5"
			},
			{
				"name":"Latest Supernovae",
				"secondary":true,
				"url":"http://www.rochesterastronomy.org/snimages/snredshiftall.html",
				"alias":"6"
			},
			{
				"name":"The Open Supernova Catalog",
				"bibcode":"2017ApJ...835...64G",
				"reference":"Guillochon et al. (2017)",
				"secondary":true,
				"url":"https://sne.space",
				"alias":"7"
			},
			{
				"name":"SIMBAD astronomical database",
				"bibcode":"2000A&AS..143....9W",
				"reference":"Wenger et al. (2000)",
				"secondary":true,
				"url":"http://simbad.u-strasbg.fr/",
				"alias":"8"
			}
		],
		"alias":[
			{
				"value":"ASASSN-15df",
				"source":"2,5,6,8"
			},
			{
				"value":"CSS150227:103530+343423",
				"source":"2,6"
			}
		],
		"claimedtype":[
			{
				"value":"Ia",
				"source":"2,3,5,6,8"
			}
		],
		"comovingdist":[
			{
				"value":"159.3",
				"derived":true,
				"u_value":"Mpc",
				"source":"1,2,5,6,7"
			}
		],
		"dec":[
			{
				"value":"+34:34:23.67",
				"u_value":"degrees",
				"source":"2,8"
			},
			{
				"value":"+34:34:23.7",
				"u_value":"degrees",
				"source":"2,6"
			},
			{
				"value":"+34:34:23.52",
				"u_value":"degrees",
				"source":"2,5"
			}
		],
		"discoverdate":[
			{
				"value":"2015/02/15",
				"source":"2,6"
			}
		],
		"discoverer":[
			{
				"value":"ASAS-SN",
				"source":"2,6"
			}
		],
		"ebv":[
			{
				"value":"0.0156",
				"derived":true,
				"e_value":"0.0005",
				"source":"4,7"
			}
		],
		"host":[
			{
				"value":"SDSS J103529.48+343420.2",
				"source":"2,5"
			}
		],
		"hostdec":[
			{
				"value":"+34:34:20.2",
				"derived":true,
				"u_value":"degrees",
				"source":"7"
			}
		],
		"hostoffsetang":[
			{
				"value":"4.53",
				"u_value":"arcseconds",
				"source":"2,5"
			}
		],
		"hostoffsetdist":[
			{
				"value":"3.38",
				"source":"1,2,5,6,7,8"
			}
		],
		"hostra":[
			{
				"value":"10:35:29.48",
				"derived":true,
				"u_value":"hours",
				"source":"7"
			}
		],
		"lumdist":[
			{
				"value":"165.12",
				"derived":true,
				"u_value":"Mpc",
				"source":"1,2,5,6,7"
			}
		],
		"maxabsmag":[
			{
				"value":"-19.75",
				"derived":true,
				"source":"1,2,5,6,7"
			}
		],
		"maxappmag":[
			{
				"value":"16.3",
				"derived":true,
				"source":"2,6,7"
			}
		],
		"maxdate":[
			{
				"value":"2015/02/26",
				"derived":true,
				"source":"2,6,7"
			}
		],
		"maxvisualabsmag":[
			{
				"value":"-19.789",
				"derived":true,
				"source":"1,2,5,6,7"
			}
		],
		"maxvisualappmag":[
			{
				"value":"16.3",
				"derived":true,
				"source":"2,6,7"
			}
		],
		"maxvisualdate":[
			{
				"value":"2015/02/26",
				"derived":true,
				"source":"2,6,7"
			}
		],
		"ra":[
			{
				"value":"10:35:29.720",
				"u_value":"hours",
				"source":"2,8"
			},
			{
				"value":"10:35:29.72",
				"u_value":"hours",
				"source":"2,6"
			},
			{
				"value":"10:35:29.76",
				"u_value":"hours",
				"source":"2,5"
			}
		],
		"redshift":[
			{
				"value":"0.03631",
				"source":"2,5,6"
			}
		],
		"velocity":[
			{
				"value":"10690",
				"u_value":"km/s",
				"source":"7"
			}
		],
		"photometry":[
			{
				"time":"57079.5",
				"magnitude":"16.3",
				"u_time":"MJD",
				"source":"2,6"
			}
		]
	}
}