{
	"ASASSN-16pq":{
		"schema":"https://github.com/astrocatalogs/supernovae/blob/a0bc0b9/SCHEMA.md",
		"name":"ASASSN-16pq",
		"sources":[
			{
				"name":"2016A&A...594A..13P",
				"bibcode":"2016A&A...594A..13P",
				"reference":"Planck Collaboration et al. (2016)",
				"alias":"1"
			},
			{
				"name":"2011ApJ...737..103S",
				"bibcode":"2011ApJ...737..103S",
				"reference":"Schlafly & Finkbeiner (2011)",
				"alias":"2"
			},
			{
				"name":"Transient Name Server",
				"url":"https://wis-tns.weizmann.ac.il/",
				"alias":"3"
			},
			{
				"name":"Latest Supernovae",
				"secondary":true,
				"url":"http://www.rochesterastronomy.org/snimages/snredshiftall.html",
				"alias":"4"
			},
			{
				"name":"The Open Supernova Catalog",
				"bibcode":"2017ApJ...835...64G",
				"reference":"Guillochon et al. (2017)",
				"secondary":true,
				"url":"https://sne.space",
				"alias":"5"
			}
		],
		"alias":[
			{
				"value":"ASASSN-16pq",
				"source":"3,4"
			},
			{
				"value":"AT2016jgb",
				"source":"3,4"
			}
		],
		"comovingdist":[
			{
				"value":"21.2",
				"derived":true,
				"u_value":"Mpc",
				"source":"1,3,5"
			}
		],
		"dec":[
			{
				"value":"+14:50:29.36",
				"u_value":"degrees",
				"source":"3,4"
			}
		],
		"discoverdate":[
			{
				"value":"2016/12/31.27",
				"source":"3"
			}
		],
		"discoverer":[
			{
				"value":"ASAS-SN",
				"source":"3,4"
			}
		],
		"ebv":[
			{
				"value":"0.0181",
				"derived":true,
				"e_value":"0.0002",
				"source":"2,5"
			}
		],
		"host":[
			{
				"value":"NGC 3485",
				"source":"3,4"
			}
		],
		"hostcomovingdist":[
			{
				"value":"21.2",
				"derived":true,
				"source":"1,3,5"
			}
		],
		"hostlumdist":[
			{
				"value":"21.28",
				"derived":true,
				"source":"1,3,5"
			}
		],
		"hostredshift":[
			{
				"value":"0.00479",
				"source":"3"
			}
		],
		"hostvelocity":[
			{
				"value":"1430",
				"source":"5"
			}
		],
		"lumdist":[
			{
				"value":"21.28",
				"derived":true,
				"u_value":"Mpc",
				"source":"1,3,5"
			}
		],
		"maxabsmag":[
			{
				"value":"-14.83",
				"derived":true,
				"source":"1,3,5"
			}
		],
		"maxappmag":[
			{
				"value":"16.8",
				"derived":true,
				"source":"3,5"
			}
		],
		"maxband":[
			{
				"value":"V",
				"derived":true,
				"source":"3,5"
			}
		],
		"maxdate":[
			{
				"value":"2016/12/27",
				"derived":true,
				"source":"3,5"
			}
		],
		"maxvisualabsmag":[
			{
				"value":"-14.84",
				"derived":true,
				"source":"1,3,5"
			}
		],
		"maxvisualappmag":[
			{
				"value":"16.8",
				"derived":true,
				"source":"3,5"
			}
		],
		"maxvisualband":[
			{
				"value":"V",
				"derived":true,
				"source":"3,5"
			}
		],
		"maxvisualdate":[
			{
				"value":"2016/12/27",
				"derived":true,
				"source":"3,5"
			}
		],
		"ra":[
			{
				"value":"11:00:03.43",
				"u_value":"hours",
				"source":"3"
			},
			{
				"value":"11:00:03.430",
				"u_value":"hours",
				"source":"3,4"
			}
		],
		"redshift":[
			{
				"value":"0.00479",
				"kind":"host",
				"source":"3"
			},
			{
				"value":"0.00479",
				"source":"3,4"
			}
		],
		"velocity":[
			{
				"value":"1430",
				"u_value":"km/s",
				"source":"5"
			}
		],
		"photometry":[
			{
				"time":"57746.3",
				"band":"V",
				"instrument":"Cassius",
				"magnitude":"17.9",
				"system":"Vega",
				"telescope":"ASASSN-2",
				"u_time":"MJD",
				"upperlimit":true,
				"source":"3"
			},
			{
				"time":"57749.29",
				"band":"V",
				"e_magnitude":"0.2",
				"instrument":"Cassius",
				"magnitude":"16.8",
				"system":"Vega",
				"telescope":"ASASSN-2",
				"u_time":"MJD",
				"source":"3"
			},
			{
				"time":"57750.31",
				"band":"V",
				"e_magnitude":"0.15",
				"instrument":"Cassius",
				"magnitude":"17",
				"system":"Vega",
				"telescope":"ASASSN-2",
				"u_time":"MJD",
				"source":"3"
			},
			{
				"time":"57753.27",
				"band":"V",
				"e_magnitude":"0.17",
				"instrument":"Cassius",
				"magnitude":"17",
				"system":"Vega",
				"telescope":"ASASSN-2",
				"u_time":"MJD",
				"source":"3"
			}
		]
	}
}