{
	"ASASSN-15he":{
		"schema":"https://github.com/astrocatalogs/supernovae/blob/a0bc0b9/SCHEMA.md",
		"name":"ASASSN-15he",
		"sources":[
			{
				"name":"2016A&A...594A..13P",
				"bibcode":"2016A&A...594A..13P",
				"reference":"Planck Collaboration et al. (2016)",
				"alias":"1"
			},
			{
				"name":"2015ATel.7400....1B",
				"bibcode":"2015ATel.7400....1B",
				"reference":"Brimacombe et al. (2015)",
				"alias":"2"
			},
			{
				"name":"2015ATel.7412....1P",
				"bibcode":"2015ATel.7412....1P",
				"reference":"Prajs et al. (2015)",
				"alias":"3"
			},
			{
				"name":"2011ApJ...737..103S",
				"bibcode":"2011ApJ...737..103S",
				"reference":"Schlafly & Finkbeiner (2011)",
				"alias":"4"
			},
			{
				"name":"ASAS-SN Supernovae",
				"url":"http://www.astronomy.ohio-state.edu/~assassin/sn_list.html",
				"alias":"5"
			},
			{
				"name":"Latest Supernovae",
				"secondary":true,
				"url":"http://www.rochesterastronomy.org/snimages/snredshiftall.html",
				"alias":"6"
			},
			{
				"name":"The Open Supernova Catalog",
				"bibcode":"2017ApJ...835...64G",
				"reference":"Guillochon et al. (2017)",
				"secondary":true,
				"url":"https://sne.space",
				"alias":"7"
			},
			{
				"name":"WISeREP",
				"bibcode":"2012PASP..124..668Y",
				"reference":"Yaron & Gal-Yam (2012)",
				"secondary":true,
				"url":"http://wiserep.weizmann.ac.il/",
				"alias":"8"
			},
			{
				"name":"SIMBAD astronomical database",
				"bibcode":"2000A&AS..143....9W",
				"reference":"Wenger et al. (2000)",
				"secondary":true,
				"url":"http://simbad.u-strasbg.fr/",
				"alias":"9"
			}
		],
		"alias":[
			{
				"value":"ASASSN-15he",
				"source":"2,5,6,8,9"
			}
		],
		"claimedtype":[
			{
				"value":"Ia",
				"source":"2,3,5,6,8,9"
			}
		],
		"comovingdist":[
			{
				"value":"70.024",
				"derived":true,
				"u_value":"Mpc",
				"source":"1,2,5,7"
			}
		],
		"dec":[
			{
				"value":"-67:52:04.18",
				"u_value":"degrees",
				"source":"2,9"
			},
			{
				"value":"-67:52:04.2",
				"u_value":"degrees",
				"source":"2,6"
			},
			{
				"value":"-67:52:01.92",
				"u_value":"degrees",
				"source":"2,5"
			}
		],
		"discoverdate":[
			{
				"value":"2015/04/12",
				"source":"2,6"
			}
		],
		"discoverer":[
			{
				"value":"ASAS-SN",
				"source":"2,6"
			}
		],
		"ebv":[
			{
				"value":"0.0733",
				"derived":true,
				"e_value":"0.0013",
				"source":"4,7"
			}
		],
		"host":[
			{
				"value":"ESO 69-G5",
				"source":"2,6"
			},
			{
				"value":"ESO 069-G005",
				"source":"2,5"
			}
		],
		"hostoffsetang":[
			{
				"value":"10.41",
				"u_value":"arcseconds",
				"source":"2,5"
			}
		],
		"lumdist":[
			{
				"value":"71.136",
				"derived":true,
				"u_value":"Mpc",
				"source":"1,2,5,7"
			}
		],
		"maxabsmag":[
			{
				"value":"-17.6433",
				"derived":true,
				"source":"1,2,5,7"
			}
		],
		"maxappmag":[
			{
				"value":"16.6",
				"derived":true,
				"source":"2,6,7"
			}
		],
		"maxdate":[
			{
				"value":"2015/04/11",
				"derived":true,
				"source":"2,6,7"
			}
		],
		"maxvisualabsmag":[
			{
				"value":"-17.6604",
				"derived":true,
				"source":"1,2,5,7"
			}
		],
		"maxvisualappmag":[
			{
				"value":"16.6",
				"derived":true,
				"source":"2,6,7"
			}
		],
		"maxvisualdate":[
			{
				"value":"2015/04/11",
				"derived":true,
				"source":"2,6,7"
			}
		],
		"ra":[
			{
				"value":"16:31:33.500",
				"u_value":"hours",
				"source":"2,9"
			},
			{
				"value":"16:31:33.50",
				"u_value":"hours",
				"source":"2,6"
			},
			{
				"value":"16:31:33.6",
				"u_value":"hours",
				"source":"2,5"
			}
		],
		"redshift":[
			{
				"value":"0.015881",
				"source":"2,5"
			}
		],
		"velocity":[
			{
				"value":"4723.2",
				"u_value":"km/s",
				"source":"7"
			}
		],
		"photometry":[
			{
				"time":"57123.5",
				"magnitude":"16.6",
				"u_time":"MJD",
				"source":"2,6"
			}
		],
		"spectra":[
			{
				"time":"57130.0",
				"filename":"tASASSN-15he_20150417_Gr13_Free_slit1.0_1_f.asci",
				"instrument":"ESO-NTT - EFOSC2-NTT",
				"observer":"Prajs, Cartier, Frohmaier",
				"redshift":"0.014",
				"reducer":"Prajs, Cartier, Frohmaier",
				"reduction":"rapid",
				"survey":"PESSTO",
				"u_fluxes":"erg/s/cm^2/Angstrom",
				"u_time":"MJD",
				"u_wavelengths":"Angstrom",
				"data":[
					[
						"3644.047852",
						"8.47369e-16"
					],
					[
						"3649.56578",
						"9.38292e-16"
					],
					[
						"3655.083709",
						"8.90042e-16"
					],
					[
						"3660.601637",
						"9.25796e-16"
					],
					[
						"3666.119566",
						"8.29293e-16"
					],
					[
						"3671.637495",
						"8.40385e-16"
					],
					[
						"3677.155423",
						"8.10819e-16"
					],
					[
						"3682.673352",
						"7.99462e-16"
					],
					[
						"3688.19128",
						"8.29238e-16"
					],
					[
						"3693.709209",
						"7.82222e-16"
					],
					[
						"3699.227138",
						"7.32564e-16"
					],
					[
						"3704.745066",
						"7.09987e-16"
					],
					[
						"3710.262995",
						"6.35287e-16"
					],
					[
						"3715.780923",
						"7.18963e-16"
					],
					[
						"3721.298852",
						"6.1938e-16"
					],
					[
						"3726.816781",
						"5.56242e-16"
					],
					[
						"3732.334709",
						"6.1255e-16"
					],
					[
						"3737.852638",
						"5.10648e-16"
					],
					[
						"3743.370566",
						"4.86582e-16"
					],
					[
						"3748.888495",
						"5.06773e-16"
					],
					[
						"3754.406424",
						"4.70538e-16"
					],
					[
						"3759.924352",
						"4.20809e-16"
					],
					[
						"3765.442281",
						"3.86071e-16"
					],
					[
						"3770.960209",
						"3.91733e-16"
					],
					[
						"3776.478138",
						"4.31462e-16"
					],
					[
						"3781.996067",
						"4.58031e-16"
					],
					[
						"3787.513995",
						"5.03283e-16"
					],
					[
						"3793.031924",
						"4.65378e-16"
					],
					[
						"3798.549852",
						"4.90697e-16"
					],
					[
						"3804.067781",
						"4.56943e-16"
					],
					[
						"3809.58571",
						"4.82179e-16"
					],
					[
						"3815.103638",
						"4.82971e-16"
					],
					[
						"3820.621567",
						"4.43219e-16"
					],
					[
						"3826.139495",
						"4.19973e-16"
					],
					[
						"3831.657424",
						"4.4182e-16"
					],
					[
						"3837.175353",
						"4.32104e-16"
					],
					[
						"3842.693281",
						"4.33735e-16"
					],
					[
						"3848.21121",
						"4.48678e-16"
					],
					[
						"3853.729138",
						"4.38472e-16"
					],
					[
						"3859.247067",
						"4.59954e-16"
					],
					[
						"3864.764996",
						"4.7685e-16"
					],
					[
						"3870.282924",
						"4.79036e-16"
					],
					[
						"3875.800853",
						"4.86541e-16"
					],
					[
						"3881.318781",
						"3.75747e-16"
					],
					[
						"3886.83671",
						"4.62436e-16"
					],
					[
						"3892.354639",
						"6.46463e-16"
					],
					[
						"3897.872567",
						"6.2043e-16"
					],
					[
						"3903.390496",
						"7.22772e-16"
					],
					[
						"3908.908424",
						"7.68542e-16"
					],
					[
						"3914.426353",
						"7.77248e-16"
					],
					[
						"3919.944282",
						"9.177e-16"
					],
					[
						"3925.46221",
						"9.77968e-16"
					],
					[
						"3930.980139",
						"9.86505e-16"
					],
					[
						"3936.498067",
						"1.00017e-15"
					],
					[
						"3942.015996",
						"9.7255e-16"
					],
					[
						"3947.533925",
						"1.07239e-15"
					],
					[
						"3953.051853",
						"1.06925e-15"
					],
					[
						"3958.569782",
						"1.10259e-15"
					],
					[
						"3964.08771",
						"1.10045e-15"
					],
					[
						"3969.605639",
						"1.04929e-15"
					],
					[
						"3975.123568",
						"1.0744e-15"
					],
					[
						"3980.641496",
						"1.11328e-15"
					],
					[
						"3986.159425",
						"1.11031e-15"
					],
					[
						"3991.677353",
						"1.15008e-15"
					],
					[
						"3997.195282",
						"1.16316e-15"
					],
					[
						"4002.713211",
						"1.09884e-15"
					],
					[
						"4008.231139",
						"1.16294e-15"
					],
					[
						"4013.749068",
						"1.16562e-15"
					],
					[
						"4019.266996",
						"1.09257e-15"
					],
					[
						"4024.784925",
						"1.08012e-15"
					],
					[
						"4030.302854",
						"1.06857e-15"
					],
					[
						"4035.820782",
						"9.93673e-16"
					],
					[
						"4041.338711",
						"9.64183e-16"
					],
					[
						"4046.856639",
						"9.59127e-16"
					],
					[
						"4052.374568",
						"9.59589e-16"
					],
					[
						"4057.892497",
						"9.97649e-16"
					],
					[
						"4063.410425",
						"9.87108e-16"
					],
					[
						"4068.928354",
						"9.70427e-16"
					],
					[
						"4074.446282",
						"1.01124e-15"
					],
					[
						"4079.964211",
						"1.01182e-15"
					],
					[
						"4085.48214",
						"1.08516e-15"
					],
					[
						"4091.000068",
						"1.09613e-15"
					],
					[
						"4096.517997",
						"1.12342e-15"
					],
					[
						"4102.035925",
						"1.18284e-15"
					],
					[
						"4107.553854",
						"1.19287e-15"
					],
					[
						"4113.071783",
						"1.1883e-15"
					],
					[
						"4118.589711",
						"1.17411e-15"
					],
					[
						"4124.10764",
						"1.19843e-15"
					],
					[
						"4129.625568",
						"1.19589e-15"
					],
					[
						"4135.143497",
						"1.23176e-15"
					],
					[
						"4140.661426",
						"1.24138e-15"
					],
					[
						"4146.179354",
						"1.21537e-15"
					],
					[
						"4151.697283",
						"1.20602e-15"
					],
					[
						"4157.215211",
						"1.16972e-15"
					],
					[
						"4162.73314",
						"1.14355e-15"
					],
					[
						"4168.251069",
						"1.15413e-15"
					],
					[
						"4173.768997",
						"1.11371e-15"
					],
					[
						"4179.286926",
						"1.05517e-15"
					],
					[
						"4184.804854",
						"1.09857e-15"
					],
					[
						"4190.322783",
						"1.0682e-15"
					],
					[
						"4195.840712",
						"1.08167e-15"
					],
					[
						"4201.35864",
						"1.00886e-15"
					],
					[
						"4206.876569",
						"1.05594e-15"
					],
					[
						"4212.394497",
						"1.02916e-15"
					],
					[
						"4217.912426",
						"1.01504e-15"
					],
					[
						"4223.430355",
						"1.07234e-15"
					],
					[
						"4228.948283",
						"1.11949e-15"
					],
					[
						"4234.466212",
						"1.0938e-15"
					],
					[
						"4239.98414",
						"1.05189e-15"
					],
					[
						"4245.502069",
						"1.04322e-15"
					],
					[
						"4251.019998",
						"1.02906e-15"
					],
					[
						"4256.537926",
						"9.85489e-16"
					],
					[
						"4262.055855",
						"9.59744e-16"
					],
					[
						"4267.573783",
						"9.8467e-16"
					],
					[
						"4273.091712",
						"9.14406e-16"
					],
					[
						"4278.609641",
						"8.9699e-16"
					],
					[
						"4284.127569",
						"9.12933e-16"
					],
					[
						"4289.645498",
						"8.36178e-16"
					],
					[
						"4295.163426",
						"8.16991e-16"
					],
					[
						"4300.681355",
						"8.26408e-16"
					],
					[
						"4306.199284",
						"8.32399e-16"
					],
					[
						"4311.717212",
						"7.9645e-16"
					],
					[
						"4317.235141",
						"7.58296e-16"
					],
					[
						"4322.753069",
						"7.40979e-16"
					],
					[
						"4328.270998",
						"7.35669e-16"
					],
					[
						"4333.788927",
						"6.99229e-16"
					],
					[
						"4339.306855",
						"7.09457e-16"
					],
					[
						"4344.824784",
						"6.63201e-16"
					],
					[
						"4350.342712",
						"6.34522e-16"
					],
					[
						"4355.860641",
						"6.33273e-16"
					],
					[
						"4361.37857",
						"6.0681e-16"
					],
					[
						"4366.896498",
						"6.12233e-16"
					],
					[
						"4372.414427",
						"6.10101e-16"
					],
					[
						"4377.932355",
						"6.50651e-16"
					],
					[
						"4383.450284",
						"6.42272e-16"
					],
					[
						"4388.968213",
						"6.90291e-16"
					],
					[
						"4394.486141",
						"7.29282e-16"
					],
					[
						"4400.00407",
						"7.19662e-16"
					],
					[
						"4405.521998",
						"7.21268e-16"
					],
					[
						"4411.039927",
						"7.39808e-16"
					],
					[
						"4416.557856",
						"7.41442e-16"
					],
					[
						"4422.075784",
						"7.36034e-16"
					],
					[
						"4427.593713",
						"7.80105e-16"
					],
					[
						"4433.111641",
						"7.32232e-16"
					],
					[
						"4438.62957",
						"7.48755e-16"
					],
					[
						"4444.147499",
						"7.7828e-16"
					],
					[
						"4449.665427",
						"8.07428e-16"
					],
					[
						"4455.183356",
						"8.19069e-16"
					],
					[
						"4460.701284",
						"8.41335e-16"
					],
					[
						"4466.219213",
						"7.78811e-16"
					],
					[
						"4471.737142",
						"8.09978e-16"
					],
					[
						"4477.25507",
						"7.94178e-16"
					],
					[
						"4482.772999",
						"7.85176e-16"
					],
					[
						"4488.290927",
						"7.89073e-16"
					],
					[
						"4493.808856",
						"7.22976e-16"
					],
					[
						"4499.326785",
						"7.55113e-16"
					],
					[
						"4504.844713",
						"7.78983e-16"
					],
					[
						"4510.362642",
						"7.54458e-16"
					],
					[
						"4515.88057",
						"7.7907e-16"
					],
					[
						"4521.398499",
						"8.1063e-16"
					],
					[
						"4526.916428",
						"8.41163e-16"
					],
					[
						"4532.434356",
						"8.96404e-16"
					],
					[
						"4537.952285",
						"8.69252e-16"
					],
					[
						"4543.470213",
						"8.80904e-16"
					],
					[
						"4548.988142",
						"9.19786e-16"
					],
					[
						"4554.506071",
						"9.76051e-16"
					],
					[
						"4560.023999",
						"9.20005e-16"
					],
					[
						"4565.541928",
						"9.99053e-16"
					],
					[
						"4571.059856",
						"9.90847e-16"
					],
					[
						"4576.577785",
						"9.61264e-16"
					],
					[
						"4582.095714",
						"9.73215e-16"
					],
					[
						"4587.613642",
						"9.44653e-16"
					],
					[
						"4593.131571",
						"9.83824e-16"
					],
					[
						"4598.649499",
						"9.74526e-16"
					],
					[
						"4604.167428",
						"9.20884e-16"
					],
					[
						"4609.685357",
						"9.37245e-16"
					],
					[
						"4615.203285",
						"9.20239e-16"
					],
					[
						"4620.721214",
						"9.46789e-16"
					],
					[
						"4626.239142",
						"9.24309e-16"
					],
					[
						"4631.757071",
						"9.15178e-16"
					],
					[
						"4637.275",
						"9.15953e-16"
					],
					[
						"4642.792928",
						"9.12469e-16"
					],
					[
						"4648.310857",
						"9.13695e-16"
					],
					[
						"4653.828785",
						"9.48317e-16"
					],
					[
						"4659.346714",
						"9.71769e-16"
					],
					[
						"4664.864643",
						"9.91482e-16"
					],
					[
						"4670.382571",
						"9.80253e-16"
					],
					[
						"4675.9005",
						"9.86517e-16"
					],
					[
						"4681.418428",
						"9.73421e-16"
					],
					[
						"4686.936357",
						"9.56205e-16"
					],
					[
						"4692.454286",
						"9.78958e-16"
					],
					[
						"4697.972214",
						"9.3183e-16"
					],
					[
						"4703.490143",
						"9.04599e-16"
					],
					[
						"4709.008071",
						"8.754e-16"
					],
					[
						"4714.526",
						"8.54527e-16"
					],
					[
						"4720.043929",
						"8.51534e-16"
					],
					[
						"4725.561857",
						"8.13404e-16"
					],
					[
						"4731.079786",
						"8.41644e-16"
					],
					[
						"4736.597714",
						"7.94358e-16"
					],
					[
						"4742.115643",
						"8.0245e-16"
					],
					[
						"4747.633572",
						"7.83659e-16"
					],
					[
						"4753.1515",
						"8.10968e-16"
					],
					[
						"4758.669429",
						"8.41057e-16"
					],
					[
						"4764.187357",
						"8.10801e-16"
					],
					[
						"4769.705286",
						"7.70476e-16"
					],
					[
						"4775.223215",
						"7.99429e-16"
					],
					[
						"4780.741143",
						"7.82694e-16"
					],
					[
						"4786.259072",
						"7.67141e-16"
					],
					[
						"4791.777",
						"7.71858e-16"
					],
					[
						"4797.294929",
						"7.39648e-16"
					],
					[
						"4802.812858",
						"7.66121e-16"
					],
					[
						"4808.330786",
						"7.2574e-16"
					],
					[
						"4813.848715",
						"7.09757e-16"
					],
					[
						"4819.366643",
						"7.10248e-16"
					],
					[
						"4824.884572",
						"7.11007e-16"
					],
					[
						"4830.402501",
						"6.78856e-16"
					],
					[
						"4835.920429",
						"7.21687e-16"
					],
					[
						"4841.438358",
						"7.10092e-16"
					],
					[
						"4846.956286",
						"6.93544e-16"
					],
					[
						"4852.474215",
						"7.22888e-16"
					],
					[
						"4857.992144",
						"7.16711e-16"
					],
					[
						"4863.510072",
						"7.35872e-16"
					],
					[
						"4869.028001",
						"7.15864e-16"
					],
					[
						"4874.545929",
						"7.19277e-16"
					],
					[
						"4880.063858",
						"6.93397e-16"
					],
					[
						"4885.581787",
						"6.74085e-16"
					],
					[
						"4891.099715",
						"6.55335e-16"
					],
					[
						"4896.617644",
						"6.36415e-16"
					],
					[
						"4902.135572",
						"6.51126e-16"
					],
					[
						"4907.653501",
						"6.02526e-16"
					],
					[
						"4913.17143",
						"5.6698e-16"
					],
					[
						"4918.689358",
						"5.68387e-16"
					],
					[
						"4924.207287",
						"5.41429e-16"
					],
					[
						"4929.725215",
						"5.65691e-16"
					],
					[
						"4935.243144",
						"5.40449e-16"
					],
					[
						"4940.761073",
						"5.41681e-16"
					],
					[
						"4946.279001",
						"5.79866e-16"
					],
					[
						"4951.79693",
						"5.77226e-16"
					],
					[
						"4957.314858",
						"5.98865e-16"
					],
					[
						"4962.832787",
						"6.31949e-16"
					],
					[
						"4968.350716",
						"6.27431e-16"
					],
					[
						"4973.868644",
						"6.34337e-16"
					],
					[
						"4979.386573",
						"6.59884e-16"
					],
					[
						"4984.904501",
						"6.54098e-16"
					],
					[
						"4990.42243",
						"6.51544e-16"
					],
					[
						"4995.940359",
						"6.45488e-16"
					],
					[
						"5001.458287",
						"6.73852e-16"
					],
					[
						"5006.976216",
						"6.36159e-16"
					],
					[
						"5012.494144",
						"6.50587e-16"
					],
					[
						"5018.012073",
						"6.16513e-16"
					],
					[
						"5023.530002",
						"6.25534e-16"
					],
					[
						"5029.04793",
						"5.95578e-16"
					],
					[
						"5034.565859",
						"5.91754e-16"
					],
					[
						"5040.083787",
						"5.86191e-16"
					],
					[
						"5045.601716",
						"6.06906e-16"
					],
					[
						"5051.119645",
						"5.55847e-16"
					],
					[
						"5056.637573",
						"5.92076e-16"
					],
					[
						"5062.155502",
						"6.01778e-16"
					],
					[
						"5067.67343",
						"5.97295e-16"
					],
					[
						"5073.191359",
						"6.10706e-16"
					],
					[
						"5078.709288",
						"6.20772e-16"
					],
					[
						"5084.227216",
						"6.12329e-16"
					],
					[
						"5089.745145",
						"6.08166e-16"
					],
					[
						"5095.263073",
						"6.36526e-16"
					],
					[
						"5100.781002",
						"6.43006e-16"
					],
					[
						"5106.298931",
						"6.41328e-16"
					],
					[
						"5111.816859",
						"6.79506e-16"
					],
					[
						"5117.334788",
						"6.80639e-16"
					],
					[
						"5122.852716",
						"7.01791e-16"
					],
					[
						"5128.370645",
						"7.26058e-16"
					],
					[
						"5133.888574",
						"7.16678e-16"
					],
					[
						"5139.406502",
						"7.47929e-16"
					],
					[
						"5144.924431",
						"7.53957e-16"
					],
					[
						"5150.442359",
						"7.7084e-16"
					],
					[
						"5155.960288",
						"8.09576e-16"
					],
					[
						"5161.478217",
						"8.00444e-16"
					],
					[
						"5166.996145",
						"8.03801e-16"
					],
					[
						"5172.514074",
						"8.83071e-16"
					],
					[
						"5178.032002",
						"8.60933e-16"
					],
					[
						"5183.549931",
						"8.16133e-16"
					],
					[
						"5189.06786",
						"8.62448e-16"
					],
					[
						"5194.585788",
						"8.64303e-16"
					],
					[
						"5200.103717",
						"8.63506e-16"
					],
					[
						"5205.621645",
						"8.38927e-16"
					],
					[
						"5211.139574",
						"8.50104e-16"
					],
					[
						"5216.657503",
						"8.14836e-16"
					],
					[
						"5222.175431",
						"8.40456e-16"
					],
					[
						"5227.69336",
						"8.64464e-16"
					],
					[
						"5233.211288",
						"8.25082e-16"
					],
					[
						"5238.729217",
						"8.14455e-16"
					],
					[
						"5244.247146",
						"8.23085e-16"
					],
					[
						"5249.765074",
						"8.20914e-16"
					],
					[
						"5255.283003",
						"8.1467e-16"
					],
					[
						"5260.800931",
						"7.95518e-16"
					],
					[
						"5266.31886",
						"8.13088e-16"
					],
					[
						"5271.836789",
						"8.23547e-16"
					],
					[
						"5277.354717",
						"8.19217e-16"
					],
					[
						"5282.872646",
						"8.34725e-16"
					],
					[
						"5288.390574",
						"8.13458e-16"
					],
					[
						"5293.908503",
						"7.59023e-16"
					],
					[
						"5299.426432",
						"7.41701e-16"
					],
					[
						"5304.94436",
						"7.28495e-16"
					],
					[
						"5310.462289",
						"7.12124e-16"
					],
					[
						"5315.980217",
						"6.56934e-16"
					],
					[
						"5321.498146",
						"6.18241e-16"
					],
					[
						"5327.016075",
						"6.0455e-16"
					],
					[
						"5332.534003",
						"6.20695e-16"
					],
					[
						"5338.051932",
						"5.5578e-16"
					],
					[
						"5343.56986",
						"5.50325e-16"
					],
					[
						"5349.087789",
						"5.353e-16"
					],
					[
						"5354.605718",
						"5.35252e-16"
					],
					[
						"5360.123646",
						"5.15526e-16"
					],
					[
						"5365.641575",
						"5.14157e-16"
					],
					[
						"5371.159503",
						"5.32686e-16"
					],
					[
						"5376.677432",
						"5.40471e-16"
					],
					[
						"5382.195361",
						"5.39173e-16"
					],
					[
						"5387.713289",
						"5.73805e-16"
					],
					[
						"5393.231218",
						"5.61038e-16"
					],
					[
						"5398.749146",
						"5.67165e-16"
					],
					[
						"5404.267075",
						"5.68158e-16"
					],
					[
						"5409.785004",
						"5.85186e-16"
					],
					[
						"5415.302932",
						"6.1008e-16"
					],
					[
						"5420.820861",
						"6.16059e-16"
					],
					[
						"5426.338789",
						"6.08335e-16"
					],
					[
						"5431.856718",
						"6.20285e-16"
					],
					[
						"5437.374647",
						"6.23714e-16"
					],
					[
						"5442.892575",
						"6.30625e-16"
					],
					[
						"5448.410504",
						"6.66408e-16"
					],
					[
						"5453.928432",
						"6.60537e-16"
					],
					[
						"5459.446361",
						"6.7361e-16"
					],
					[
						"5464.96429",
						"6.48631e-16"
					],
					[
						"5470.482218",
						"6.37423e-16"
					],
					[
						"5476.000147",
						"6.489e-16"
					],
					[
						"5481.518075",
						"6.41408e-16"
					],
					[
						"5487.036004",
						"6.3806e-16"
					],
					[
						"5492.553933",
						"5.85452e-16"
					],
					[
						"5498.071861",
						"6.04462e-16"
					],
					[
						"5503.58979",
						"6.14358e-16"
					],
					[
						"5509.107718",
						"6.16967e-16"
					],
					[
						"5514.625647",
						"5.41671e-16"
					],
					[
						"5520.143576",
						"5.46853e-16"
					],
					[
						"5525.661504",
						"5.27768e-16"
					],
					[
						"5531.179433",
						"5.29033e-16"
					],
					[
						"5536.697361",
						"5.16799e-16"
					],
					[
						"5542.21529",
						"5.11581e-16"
					],
					[
						"5547.733219",
						"4.96226e-16"
					],
					[
						"5553.251147",
						"5.19879e-16"
					],
					[
						"5558.769076",
						"5.85563e-16"
					],
					[
						"5564.287004",
						"6.0076e-16"
					],
					[
						"5569.804933",
						"6.29652e-16"
					],
					[
						"5575.322862",
						"6.06376e-16"
					],
					[
						"5580.84079",
						"6.62951e-16"
					],
					[
						"5586.358719",
						"6.87992e-16"
					],
					[
						"5591.876647",
						"6.63782e-16"
					],
					[
						"5597.394576",
						"6.94225e-16"
					],
					[
						"5602.912505",
						"7.13273e-16"
					],
					[
						"5608.430433",
						"6.97714e-16"
					],
					[
						"5613.948362",
						"7.54424e-16"
					],
					[
						"5619.46629",
						"7.60622e-16"
					],
					[
						"5624.984219",
						"7.85727e-16"
					],
					[
						"5630.502148",
						"7.81776e-16"
					],
					[
						"5636.020076",
						"7.87101e-16"
					],
					[
						"5641.538005",
						"7.72689e-16"
					],
					[
						"5647.055933",
						"7.69134e-16"
					],
					[
						"5652.573862",
						"8.04517e-16"
					],
					[
						"5658.091791",
						"7.95372e-16"
					],
					[
						"5663.609719",
						"8.26147e-16"
					],
					[
						"5669.127648",
						"8.14383e-16"
					],
					[
						"5674.645576",
						"8.14467e-16"
					],
					[
						"5680.163505",
						"8.08832e-16"
					],
					[
						"5685.681434",
						"8.27935e-16"
					],
					[
						"5691.199362",
						"8.05116e-16"
					],
					[
						"5696.717291",
						"8.12834e-16"
					],
					[
						"5702.235219",
						"7.98114e-16"
					],
					[
						"5707.753148",
						"8.33572e-16"
					],
					[
						"5713.271077",
						"7.79217e-16"
					],
					[
						"5718.789005",
						"7.8336e-16"
					],
					[
						"5724.306934",
						"7.82835e-16"
					],
					[
						"5729.824862",
						"7.99287e-16"
					],
					[
						"5735.342791",
						"7.99755e-16"
					],
					[
						"5740.86072",
						"7.66422e-16"
					],
					[
						"5746.378648",
						"7.63315e-16"
					],
					[
						"5751.896577",
						"7.62798e-16"
					],
					[
						"5757.414505",
						"8.13612e-16"
					],
					[
						"5762.932434",
						"7.96193e-16"
					],
					[
						"5768.450363",
						"7.67159e-16"
					],
					[
						"5773.968291",
						"7.45071e-16"
					],
					[
						"5779.48622",
						"7.62898e-16"
					],
					[
						"5785.004148",
						"7.87637e-16"
					],
					[
						"5790.522077",
						"7.67308e-16"
					],
					[
						"5796.040006",
						"7.80732e-16"
					],
					[
						"5801.557934",
						"7.32036e-16"
					],
					[
						"5807.075863",
						"7.30724e-16"
					],
					[
						"5812.593791",
						"7.25737e-16"
					],
					[
						"5818.11172",
						"7.1432e-16"
					],
					[
						"5823.629649",
						"6.99681e-16"
					],
					[
						"5829.147577",
						"6.95286e-16"
					],
					[
						"5834.665506",
						"7.32645e-16"
					],
					[
						"5840.183434",
						"7.54584e-16"
					],
					[
						"5845.701363",
						"7.2162e-16"
					],
					[
						"5851.219292",
						"7.09863e-16"
					],
					[
						"5856.73722",
						"7.10838e-16"
					],
					[
						"5862.255149",
						"6.9465e-16"
					],
					[
						"5867.773077",
						"6.97713e-16"
					],
					[
						"5873.291006",
						"7.17067e-16"
					],
					[
						"5878.808935",
						"7.30355e-16"
					],
					[
						"5884.326863",
						"7.02903e-16"
					],
					[
						"5889.844792",
						"6.89932e-16"
					],
					[
						"5895.36272",
						"7.00472e-16"
					],
					[
						"5900.880649",
						"7.30316e-16"
					],
					[
						"5906.398578",
						"7.37064e-16"
					],
					[
						"5911.916506",
						"7.39851e-16"
					],
					[
						"5917.434435",
						"7.56521e-16"
					],
					[
						"5922.952363",
						"7.51445e-16"
					],
					[
						"5928.470292",
						"7.37803e-16"
					],
					[
						"5933.988221",
						"7.33468e-16"
					],
					[
						"5939.506149",
						"7.20598e-16"
					],
					[
						"5945.024078",
						"7.32732e-16"
					],
					[
						"5950.542006",
						"7.68184e-16"
					],
					[
						"5956.059935",
						"7.47147e-16"
					],
					[
						"5961.577864",
						"7.41969e-16"
					],
					[
						"5967.095792",
						"7.44602e-16"
					],
					[
						"5972.613721",
						"7.26032e-16"
					],
					[
						"5978.131649",
						"7.37174e-16"
					],
					[
						"5983.649578",
						"7.01277e-16"
					],
					[
						"5989.167507",
						"6.79981e-16"
					],
					[
						"5994.685435",
						"7.10544e-16"
					],
					[
						"6000.203364",
						"7.23818e-16"
					],
					[
						"6005.721293",
						"7.47728e-16"
					],
					[
						"6011.239221",
						"7.7866e-16"
					],
					[
						"6016.75715",
						"7.78353e-16"
					],
					[
						"6022.275078",
						"7.44466e-16"
					],
					[
						"6027.793007",
						"7.18679e-16"
					],
					[
						"6033.310935",
						"7.29278e-16"
					],
					[
						"6038.828864",
						"7.44547e-16"
					],
					[
						"6044.346793",
						"7.22269e-16"
					],
					[
						"6049.864721",
						"7.42449e-16"
					],
					[
						"6055.38265",
						"7.48478e-16"
					],
					[
						"6060.900578",
						"7.13723e-16"
					],
					[
						"6066.418507",
						"7.40197e-16"
					],
					[
						"6071.936436",
						"7.41043e-16"
					],
					[
						"6077.454364",
						"7.63489e-16"
					],
					[
						"6082.972293",
						"6.96546e-16"
					],
					[
						"6088.490222",
						"7.19414e-16"
					],
					[
						"6094.00815",
						"7.15101e-16"
					],
					[
						"6099.526079",
						"7.09969e-16"
					],
					[
						"6105.044007",
						"6.94072e-16"
					],
					[
						"6110.561936",
						"6.75967e-16"
					],
					[
						"6116.079865",
						"7.08749e-16"
					],
					[
						"6121.597793",
						"6.84679e-16"
					],
					[
						"6127.115722",
						"6.59236e-16"
					],
					[
						"6132.63365",
						"6.34246e-16"
					],
					[
						"6138.151579",
						"6.21381e-16"
					],
					[
						"6143.669507",
						"5.77493e-16"
					],
					[
						"6149.187436",
						"5.57977e-16"
					],
					[
						"6154.705365",
						"5.33515e-16"
					],
					[
						"6160.223293",
						"4.78618e-16"
					],
					[
						"6165.741222",
						"4.19541e-16"
					],
					[
						"6171.259151",
						"3.94619e-16"
					],
					[
						"6176.777079",
						"3.65053e-16"
					],
					[
						"6182.295008",
						"3.66541e-16"
					],
					[
						"6187.812936",
						"3.21945e-16"
					],
					[
						"6193.330865",
						"3.1194e-16"
					],
					[
						"6198.848794",
						"2.81723e-16"
					],
					[
						"6204.366722",
						"2.60787e-16"
					],
					[
						"6209.884651",
						"2.37412e-16"
					],
					[
						"6215.402579",
						"2.61828e-16"
					],
					[
						"6220.920508",
						"2.52553e-16"
					],
					[
						"6226.438437",
						"2.63189e-16"
					],
					[
						"6231.956365",
						"2.68321e-16"
					],
					[
						"6237.474294",
						"2.73557e-16"
					],
					[
						"6242.992222",
						"2.78687e-16"
					],
					[
						"6248.510151",
						"3.04908e-16"
					],
					[
						"6254.02808",
						"3.18367e-16"
					],
					[
						"6259.546008",
						"3.20698e-16"
					],
					[
						"6265.063937",
						"3.47966e-16"
					],
					[
						"6270.581865",
						"3.61293e-16"
					],
					[
						"6276.099794",
						"3.86483e-16"
					],
					[
						"6281.617723",
						"4.0425e-16"
					],
					[
						"6287.135651",
						"4.37553e-16"
					],
					[
						"6292.65358",
						"4.78318e-16"
					],
					[
						"6298.171508",
						"4.97219e-16"
					],
					[
						"6303.689437",
						"5.20988e-16"
					],
					[
						"6309.207366",
						"5.21399e-16"
					],
					[
						"6314.725294",
						"5.40267e-16"
					],
					[
						"6320.243223",
						"5.32391e-16"
					],
					[
						"6325.761151",
						"5.7337e-16"
					],
					[
						"6331.27908",
						"5.61153e-16"
					],
					[
						"6336.797009",
						"5.83103e-16"
					],
					[
						"6342.314937",
						"5.71791e-16"
					],
					[
						"6347.832866",
						"5.98653e-16"
					],
					[
						"6353.350794",
						"6.20988e-16"
					],
					[
						"6358.868723",
						"5.95746e-16"
					],
					[
						"6364.386652",
						"6.07198e-16"
					],
					[
						"6369.90458",
						"6.02225e-16"
					],
					[
						"6375.422509",
						"6.39386e-16"
					],
					[
						"6380.940437",
						"6.17652e-16"
					],
					[
						"6386.458366",
						"6.19561e-16"
					],
					[
						"6391.976295",
						"6.09181e-16"
					],
					[
						"6397.494223",
						"6.63248e-16"
					],
					[
						"6403.012152",
						"6.43607e-16"
					],
					[
						"6408.53008",
						"6.20566e-16"
					],
					[
						"6414.048009",
						"6.1825e-16"
					],
					[
						"6419.565938",
						"6.46788e-16"
					],
					[
						"6425.083866",
						"6.36537e-16"
					],
					[
						"6430.601795",
						"6.22764e-16"
					],
					[
						"6436.119723",
						"6.20888e-16"
					],
					[
						"6441.637652",
						"6.23518e-16"
					],
					[
						"6447.155581",
						"6.09782e-16"
					],
					[
						"6452.673509",
						"6.19779e-16"
					],
					[
						"6458.191438",
						"6.18767e-16"
					],
					[
						"6463.709366",
						"5.91963e-16"
					],
					[
						"6469.227295",
						"5.99107e-16"
					],
					[
						"6474.745224",
						"6.08761e-16"
					],
					[
						"6480.263152",
						"5.93689e-16"
					],
					[
						"6485.781081",
						"6.11153e-16"
					],
					[
						"6491.299009",
						"6.01899e-16"
					],
					[
						"6496.816938",
						"5.89976e-16"
					],
					[
						"6502.334867",
						"5.95518e-16"
					],
					[
						"6507.852795",
						"5.87731e-16"
					],
					[
						"6513.370724",
						"5.82463e-16"
					],
					[
						"6518.888652",
						"5.85478e-16"
					],
					[
						"6524.406581",
						"5.65526e-16"
					],
					[
						"6529.92451",
						"5.40026e-16"
					],
					[
						"6535.442438",
						"5.4067e-16"
					],
					[
						"6540.960367",
						"5.64666e-16"
					],
					[
						"6546.478295",
						"5.6131e-16"
					],
					[
						"6551.996224",
						"5.53949e-16"
					],
					[
						"6557.514153",
						"5.56309e-16"
					],
					[
						"6563.032081",
						"5.69791e-16"
					],
					[
						"6568.55001",
						"5.61638e-16"
					],
					[
						"6574.067938",
						"5.42916e-16"
					],
					[
						"6579.585867",
						"5.30732e-16"
					],
					[
						"6585.103796",
						"5.5005e-16"
					],
					[
						"6590.621724",
						"5.41636e-16"
					],
					[
						"6596.139653",
						"5.34989e-16"
					],
					[
						"6601.657581",
						"5.19604e-16"
					],
					[
						"6607.17551",
						"5.5168e-16"
					],
					[
						"6612.693439",
						"5.79457e-16"
					],
					[
						"6618.211367",
						"4.99312e-16"
					],
					[
						"6623.729296",
						"5.00524e-16"
					],
					[
						"6629.247224",
						"5.09753e-16"
					],
					[
						"6634.765153",
						"5.05359e-16"
					],
					[
						"6640.283082",
						"5.1049e-16"
					],
					[
						"6645.80101",
						"5.05585e-16"
					],
					[
						"6651.318939",
						"5.10225e-16"
					],
					[
						"6656.836867",
						"5.16274e-16"
					],
					[
						"6662.354796",
						"5.11396e-16"
					],
					[
						"6667.872725",
						"4.87623e-16"
					],
					[
						"6673.390653",
						"4.81956e-16"
					],
					[
						"6678.908582",
						"4.96943e-16"
					],
					[
						"6684.42651",
						"4.99971e-16"
					],
					[
						"6689.944439",
						"4.93977e-16"
					],
					[
						"6695.462368",
						"4.88456e-16"
					],
					[
						"6700.980296",
						"4.84952e-16"
					],
					[
						"6706.498225",
						"4.65192e-16"
					],
					[
						"6712.016153",
						"4.57252e-16"
					],
					[
						"6717.534082",
						"4.57042e-16"
					],
					[
						"6723.052011",
						"4.37822e-16"
					],
					[
						"6728.569939",
						"4.40857e-16"
					],
					[
						"6734.087868",
						"4.61239e-16"
					],
					[
						"6739.605796",
						"4.72215e-16"
					],
					[
						"6745.123725",
						"4.51305e-16"
					],
					[
						"6750.641654",
						"4.34493e-16"
					],
					[
						"6756.159582",
						"4.50968e-16"
					],
					[
						"6761.677511",
						"4.51006e-16"
					],
					[
						"6767.195439",
						"4.37575e-16"
					],
					[
						"6772.713368",
						"4.28262e-16"
					],
					[
						"6778.231297",
						"4.23251e-16"
					],
					[
						"6783.749225",
						"4.39548e-16"
					],
					[
						"6789.267154",
						"4.48219e-16"
					],
					[
						"6794.785082",
						"4.1134e-16"
					],
					[
						"6800.303011",
						"4.2812e-16"
					],
					[
						"6805.82094",
						"4.22615e-16"
					],
					[
						"6811.338868",
						"3.99396e-16"
					],
					[
						"6816.856797",
						"4.12656e-16"
					],
					[
						"6822.374725",
						"4.10722e-16"
					],
					[
						"6827.892654",
						"4.07744e-16"
					],
					[
						"6833.410583",
						"3.93185e-16"
					],
					[
						"6838.928511",
						"3.91043e-16"
					],
					[
						"6844.44644",
						"3.74166e-16"
					],
					[
						"6849.964368",
						"3.71999e-16"
					],
					[
						"6855.482297",
						"3.81979e-16"
					],
					[
						"6861.000226",
						"3.52191e-16"
					],
					[
						"6866.518154",
						"3.32186e-16"
					],
					[
						"6872.036083",
						"3.02132e-16"
					],
					[
						"6877.554011",
						"3.09333e-16"
					],
					[
						"6883.07194",
						"3.40772e-16"
					],
					[
						"6888.589869",
						"3.38889e-16"
					],
					[
						"6894.107797",
						"3.43223e-16"
					],
					[
						"6899.625726",
						"3.2557e-16"
					],
					[
						"6905.143654",
						"3.33751e-16"
					],
					[
						"6910.661583",
						"3.16649e-16"
					],
					[
						"6916.179512",
						"3.5807e-16"
					],
					[
						"6921.69744",
						"3.57576e-16"
					],
					[
						"6927.215369",
						"3.5652e-16"
					],
					[
						"6932.733297",
						"3.53694e-16"
					],
					[
						"6938.251226",
						"3.2852e-16"
					],
					[
						"6943.769155",
						"3.61092e-16"
					],
					[
						"6949.287083",
						"3.53329e-16"
					],
					[
						"6954.805012",
						"3.48704e-16"
					],
					[
						"6960.32294",
						"3.61049e-16"
					],
					[
						"6965.840869",
						"3.44148e-16"
					],
					[
						"6971.358798",
						"3.74874e-16"
					],
					[
						"6976.876726",
						"3.39843e-16"
					],
					[
						"6982.394655",
						"3.35378e-16"
					],
					[
						"6987.912583",
						"3.51955e-16"
					],
					[
						"6993.430512",
						"3.65241e-16"
					],
					[
						"6998.948441",
						"3.3271e-16"
					],
					[
						"7004.466369",
						"3.35322e-16"
					],
					[
						"7009.984298",
						"3.61197e-16"
					],
					[
						"7015.502226",
						"3.51368e-16"
					],
					[
						"7021.020155",
						"3.33969e-16"
					],
					[
						"7026.538084",
						"3.22702e-16"
					],
					[
						"7032.056012",
						"3.26241e-16"
					],
					[
						"7037.573941",
						"3.10032e-16"
					],
					[
						"7043.091869",
						"3.13048e-16"
					],
					[
						"7048.609798",
						"3.41773e-16"
					],
					[
						"7054.127727",
						"3.32643e-16"
					],
					[
						"7059.645655",
						"3.5236e-16"
					],
					[
						"7065.163584",
						"3.3153e-16"
					],
					[
						"7070.681512",
						"3.28571e-16"
					],
					[
						"7076.199441",
						"3.12562e-16"
					],
					[
						"7081.71737",
						"3.39419e-16"
					],
					[
						"7087.235298",
						"3.02324e-16"
					],
					[
						"7092.753227",
						"3.10098e-16"
					],
					[
						"7098.271155",
						"3.25822e-16"
					],
					[
						"7103.789084",
						"3.26574e-16"
					],
					[
						"7109.307013",
						"3.2424e-16"
					],
					[
						"7114.824941",
						"3.16909e-16"
					],
					[
						"7120.34287",
						"3.1425e-16"
					],
					[
						"7125.860798",
						"3.14272e-16"
					],
					[
						"7131.378727",
						"3.48331e-16"
					],
					[
						"7136.896656",
						"3.11547e-16"
					],
					[
						"7142.414584",
						"3.1239e-16"
					],
					[
						"7147.932513",
						"3.27114e-16"
					],
					[
						"7153.450441",
						"3.21021e-16"
					],
					[
						"7158.96837",
						"2.86802e-16"
					],
					[
						"7164.486299",
						"2.89634e-16"
					],
					[
						"7170.004227",
						"3.06459e-16"
					],
					[
						"7175.522156",
						"2.93511e-16"
					],
					[
						"7181.040084",
						"2.85375e-16"
					],
					[
						"7186.558013",
						"3.01846e-16"
					],
					[
						"7192.075942",
						"2.85094e-16"
					],
					[
						"7197.59387",
						"2.81559e-16"
					],
					[
						"7203.111799",
						"2.96946e-16"
					],
					[
						"7208.629727",
						"2.82857e-16"
					],
					[
						"7214.147656",
						"2.88167e-16"
					],
					[
						"7219.665585",
						"3.05835e-16"
					],
					[
						"7225.183513",
						"2.67695e-16"
					],
					[
						"7230.701442",
						"2.69013e-16"
					],
					[
						"7236.21937",
						"2.82372e-16"
					],
					[
						"7241.737299",
						"2.94752e-16"
					],
					[
						"7247.255228",
						"2.71985e-16"
					],
					[
						"7252.773156",
						"2.88675e-16"
					],
					[
						"7258.291085",
						"2.69496e-16"
					],
					[
						"7263.809013",
						"2.783e-16"
					],
					[
						"7269.326942",
						"2.74625e-16"
					],
					[
						"7274.844871",
						"2.92503e-16"
					],
					[
						"7280.362799",
						"3.02098e-16"
					],
					[
						"7285.880728",
						"2.81781e-16"
					],
					[
						"7291.398656",
						"2.72912e-16"
					],
					[
						"7296.916585",
						"2.5798e-16"
					],
					[
						"7302.434514",
						"2.67415e-16"
					],
					[
						"7307.952442",
						"2.90896e-16"
					],
					[
						"7313.470371",
						"2.89856e-16"
					],
					[
						"7318.988299",
						"2.73042e-16"
					],
					[
						"7324.506228",
						"2.60977e-16"
					],
					[
						"7330.024157",
						"2.91274e-16"
					],
					[
						"7335.542085",
						"3.17885e-16"
					],
					[
						"7341.060014",
						"3.00853e-16"
					],
					[
						"7346.577942",
						"2.85442e-16"
					],
					[
						"7352.095871",
						"2.9065e-16"
					],
					[
						"7357.6138",
						"2.90151e-16"
					],
					[
						"7363.131728",
						"2.98536e-16"
					],
					[
						"7368.649657",
						"3.00794e-16"
					],
					[
						"7374.167585",
						"2.69238e-16"
					],
					[
						"7379.685514",
						"2.51259e-16"
					],
					[
						"7385.203443",
						"2.86488e-16"
					],
					[
						"7390.721371",
						"2.95815e-16"
					],
					[
						"7396.2393",
						"2.81598e-16"
					],
					[
						"7401.757228",
						"2.53839e-16"
					],
					[
						"7407.275157",
						"2.52933e-16"
					],
					[
						"7412.793086",
						"2.63463e-16"
					],
					[
						"7418.311014",
						"2.7141e-16"
					],
					[
						"7423.828943",
						"2.81902e-16"
					],
					[
						"7429.346871",
						"2.8116e-16"
					],
					[
						"7434.8648",
						"2.71064e-16"
					],
					[
						"7440.382729",
						"2.65575e-16"
					],
					[
						"7445.900657",
						"2.36976e-16"
					],
					[
						"7451.418586",
						"2.66881e-16"
					],
					[
						"7456.936514",
						"2.72859e-16"
					],
					[
						"7462.454443",
						"2.39181e-16"
					],
					[
						"7467.972372",
						"2.22726e-16"
					],
					[
						"7473.4903",
						"2.34678e-16"
					],
					[
						"7479.008229",
						"2.51053e-16"
					],
					[
						"7484.526157",
						"2.5441e-16"
					],
					[
						"7490.044086",
						"2.5222e-16"
					],
					[
						"7495.562015",
						"2.44362e-16"
					],
					[
						"7501.079943",
						"2.35566e-16"
					],
					[
						"7506.597872",
						"2.28131e-16"
					],
					[
						"7512.1158",
						"2.35282e-16"
					],
					[
						"7517.633729",
						"2.57191e-16"
					],
					[
						"7523.151658",
						"2.21695e-16"
					],
					[
						"7528.669586",
						"2.18449e-16"
					],
					[
						"7534.187515",
						"2.17682e-16"
					],
					[
						"7539.705443",
						"1.8987e-16"
					],
					[
						"7545.223372",
						"2.16342e-16"
					],
					[
						"7550.741301",
						"2.03305e-16"
					],
					[
						"7556.259229",
						"1.82105e-16"
					],
					[
						"7561.777158",
						"1.94408e-16"
					],
					[
						"7567.295086",
						"2.11156e-16"
					],
					[
						"7572.813015",
						"1.83567e-16"
					],
					[
						"7578.330944",
						"1.96721e-16"
					],
					[
						"7583.848872",
						"1.89443e-16"
					],
					[
						"7589.366801",
						"1.7855e-16"
					],
					[
						"7594.884729",
						"1.83476e-16"
					],
					[
						"7600.402658",
						"1.09585e-16"
					],
					[
						"7605.920587",
						"7.01609e-17"
					],
					[
						"7611.438515",
						"9.24496e-17"
					],
					[
						"7616.956444",
						"1.15668e-16"
					],
					[
						"7622.474372",
						"1.34203e-16"
					],
					[
						"7627.992301",
						"1.25568e-16"
					],
					[
						"7633.51023",
						"1.17048e-16"
					],
					[
						"7639.028158",
						"1.29282e-16"
					],
					[
						"7644.546087",
						"1.25195e-16"
					],
					[
						"7650.064015",
						"1.32635e-16"
					],
					[
						"7655.581944",
						"1.76565e-16"
					],
					[
						"7661.099873",
						"1.78553e-16"
					],
					[
						"7666.617801",
						"1.97805e-16"
					],
					[
						"7672.13573",
						"1.89017e-16"
					],
					[
						"7677.653658",
						"1.80811e-16"
					],
					[
						"7683.171587",
						"2.1983e-16"
					],
					[
						"7688.689516",
						"1.96654e-16"
					],
					[
						"7694.207444",
						"2.1489e-16"
					],
					[
						"7699.725373",
						"2.42286e-16"
					],
					[
						"7705.243301",
						"2.37614e-16"
					],
					[
						"7710.76123",
						"2.01234e-16"
					],
					[
						"7716.279159",
						"2.04846e-16"
					],
					[
						"7721.797087",
						"2.33945e-16"
					],
					[
						"7727.315016",
						"2.23541e-16"
					],
					[
						"7732.832944",
						"2.27669e-16"
					],
					[
						"7738.350873",
						"2.26627e-16"
					],
					[
						"7743.868802",
						"2.23292e-16"
					],
					[
						"7749.38673",
						"2.04676e-16"
					],
					[
						"7754.904659",
						"2.00122e-16"
					],
					[
						"7760.422587",
						"2.11677e-16"
					],
					[
						"7765.940516",
						"2.06416e-16"
					],
					[
						"7771.458445",
						"2.15079e-16"
					],
					[
						"7776.976373",
						"2.18622e-16"
					],
					[
						"7782.494302",
						"2.28571e-16"
					],
					[
						"7788.01223",
						"2.50747e-16"
					],
					[
						"7793.530159",
						"2.21693e-16"
					],
					[
						"7799.048088",
						"2.62788e-16"
					],
					[
						"7804.566016",
						"2.25097e-16"
					],
					[
						"7810.083945",
						"1.95633e-16"
					],
					[
						"7815.601873",
						"2.2622e-16"
					],
					[
						"7821.119802",
						"2.27086e-16"
					],
					[
						"7826.637731",
						"2.43263e-16"
					],
					[
						"7832.155659",
						"2.3314e-16"
					],
					[
						"7837.673588",
						"2.41224e-16"
					],
					[
						"7843.191516",
						"2.32663e-16"
					],
					[
						"7848.709445",
						"2.23399e-16"
					],
					[
						"7854.227374",
						"2.2529e-16"
					],
					[
						"7859.745302",
						"2.2551e-16"
					],
					[
						"7865.263231",
						"2.48129e-16"
					],
					[
						"7870.781159",
						"2.58841e-16"
					],
					[
						"7876.299088",
						"2.46094e-16"
					],
					[
						"7881.817017",
						"2.54026e-16"
					],
					[
						"7887.334945",
						"2.49101e-16"
					],
					[
						"7892.852874",
						"2.47564e-16"
					],
					[
						"7898.370802",
						"2.71056e-16"
					],
					[
						"7903.888731",
						"2.77045e-16"
					],
					[
						"7909.40666",
						"2.6567e-16"
					],
					[
						"7914.924588",
						"2.58733e-16"
					],
					[
						"7920.442517",
						"2.49058e-16"
					],
					[
						"7925.960445",
						"2.71388e-16"
					],
					[
						"7931.478374",
						"2.94478e-16"
					],
					[
						"7936.996303",
						"2.93766e-16"
					],
					[
						"7942.514231",
						"2.81538e-16"
					],
					[
						"7948.03216",
						"2.67945e-16"
					],
					[
						"7953.550088",
						"2.45478e-16"
					],
					[
						"7959.068017",
						"2.79406e-16"
					],
					[
						"7964.585946",
						"2.68403e-16"
					],
					[
						"7970.103874",
						"2.98465e-16"
					],
					[
						"7975.621803",
						"2.61815e-16"
					],
					[
						"7981.139731",
						"2.8765e-16"
					],
					[
						"7986.65766",
						"2.66586e-16"
					],
					[
						"7992.175589",
						"2.62187e-16"
					],
					[
						"7997.693517",
						"2.72154e-16"
					],
					[
						"8003.211446",
						"2.6149e-16"
					],
					[
						"8008.729374",
						"2.68546e-16"
					],
					[
						"8014.247303",
						"2.4106e-16"
					],
					[
						"8019.765232",
						"2.34921e-16"
					],
					[
						"8025.28316",
						"2.55906e-16"
					],
					[
						"8030.801089",
						"2.91838e-16"
					],
					[
						"8036.319017",
						"2.67486e-16"
					],
					[
						"8041.836946",
						"2.39359e-16"
					],
					[
						"8047.354875",
						"2.62022e-16"
					],
					[
						"8052.872803",
						"2.64119e-16"
					],
					[
						"8058.390732",
						"2.75479e-16"
					],
					[
						"8063.90866",
						"2.51242e-16"
					],
					[
						"8069.426589",
						"2.78399e-16"
					],
					[
						"8074.944518",
						"2.54262e-16"
					],
					[
						"8080.462446",
						"2.47483e-16"
					],
					[
						"8085.980375",
						"2.74903e-16"
					],
					[
						"8091.498303",
						"2.64455e-16"
					],
					[
						"8097.016232",
						"2.90383e-16"
					],
					[
						"8102.534161",
						"2.45705e-16"
					],
					[
						"8108.052089",
						"2.54356e-16"
					],
					[
						"8113.570018",
						"2.56324e-16"
					],
					[
						"8119.087946",
						"2.62153e-16"
					],
					[
						"8124.605875",
						"2.38445e-16"
					],
					[
						"8130.123804",
						"2.40127e-16"
					],
					[
						"8135.641732",
						"2.46442e-16"
					],
					[
						"8141.159661",
						"2.27791e-16"
					],
					[
						"8146.677589",
						"2.1374e-16"
					],
					[
						"8152.195518",
						"2.35749e-16"
					],
					[
						"8157.713447",
						"2.18687e-16"
					],
					[
						"8163.231375",
						"2.23953e-16"
					],
					[
						"8168.749304",
						"2.12413e-16"
					],
					[
						"8174.267232",
						"2.04117e-16"
					],
					[
						"8179.785161",
						"2.34956e-16"
					],
					[
						"8185.30309",
						"2.35741e-16"
					],
					[
						"8190.821018",
						"2.31062e-16"
					],
					[
						"8196.338947",
						"2.35552e-16"
					],
					[
						"8201.856875",
						"2.40301e-16"
					],
					[
						"8207.374804",
						"2.21318e-16"
					],
					[
						"8212.892733",
						"1.95626e-16"
					],
					[
						"8218.410661",
						"2.69984e-16"
					],
					[
						"8223.92859",
						"2.45961e-16"
					],
					[
						"8229.446518",
						"2.23881e-16"
					],
					[
						"8234.964447",
						"2.02616e-16"
					],
					[
						"8240.482376",
						"2.46652e-16"
					],
					[
						"8246.000304",
						"2.47466e-16"
					],
					[
						"8251.518233",
						"2.61736e-16"
					],
					[
						"8257.036161",
						"2.93296e-16"
					],
					[
						"8262.55409",
						"2.21991e-16"
					],
					[
						"8268.072019",
						"2.68939e-16"
					],
					[
						"8273.589947",
						"2.33822e-16"
					],
					[
						"8279.107876",
						"2.36487e-16"
					],
					[
						"8284.625804",
						"1.92512e-16"
					],
					[
						"8290.143733",
						"2.22614e-16"
					],
					[
						"8295.661662",
						"1.82059e-16"
					],
					[
						"8301.17959",
						"1.93794e-16"
					],
					[
						"8306.697519",
						"2.02378e-16"
					],
					[
						"8312.215447",
						"1.5747e-16"
					],
					[
						"8317.733376",
						"1.32334e-16"
					],
					[
						"8323.251305",
						"1.54688e-16"
					],
					[
						"8328.769233",
						"1.71383e-16"
					],
					[
						"8334.287162",
						"1.7993e-16"
					],
					[
						"8339.80509",
						"1.65885e-16"
					],
					[
						"8345.323019",
						"1.30158e-16"
					],
					[
						"8350.840948",
						"1.35201e-16"
					],
					[
						"8356.358876",
						"1.68469e-16"
					],
					[
						"8361.876805",
						"1.6344e-16"
					],
					[
						"8367.394733",
						"1.61199e-16"
					],
					[
						"8372.912662",
						"1.54834e-16"
					],
					[
						"8378.430591",
						"1.86664e-16"
					],
					[
						"8383.948519",
						"2.02015e-16"
					],
					[
						"8389.466448",
						"1.84723e-16"
					],
					[
						"8394.984376",
						"1.85249e-16"
					],
					[
						"8400.502305",
						"1.83566e-16"
					],
					[
						"8406.020234",
						"1.70958e-16"
					],
					[
						"8411.538162",
						"2.11802e-16"
					],
					[
						"8417.056091",
						"2.04106e-16"
					],
					[
						"8422.574019",
						"2.06942e-16"
					],
					[
						"8428.091948",
						"2.3497e-16"
					],
					[
						"8433.609877",
						"1.94132e-16"
					],
					[
						"8439.127805",
						"2.42308e-16"
					],
					[
						"8444.645734",
						"2.0225e-16"
					],
					[
						"8450.163662",
						"1.95278e-16"
					],
					[
						"8455.681591",
						"2.05221e-16"
					],
					[
						"8461.19952",
						"1.8738e-16"
					],
					[
						"8466.717448",
						"1.92179e-16"
					],
					[
						"8472.235377",
						"2.16997e-16"
					],
					[
						"8477.753305",
						"1.98963e-16"
					],
					[
						"8483.271234",
						"1.9717e-16"
					],
					[
						"8488.789163",
						"2.46367e-16"
					],
					[
						"8494.307091",
						"2.21215e-16"
					],
					[
						"8499.82502",
						"1.96342e-16"
					],
					[
						"8505.342948",
						"1.85554e-16"
					],
					[
						"8510.860877",
						"1.81679e-16"
					],
					[
						"8516.378806",
						"2.47758e-16"
					],
					[
						"8521.896734",
						"2.26587e-16"
					],
					[
						"8527.414663",
						"2.6249e-16"
					],
					[
						"8532.932591",
						"2.21719e-16"
					],
					[
						"8538.45052",
						"2.40886e-16"
					],
					[
						"8543.968449",
						"2.2556e-16"
					],
					[
						"8549.486377",
						"2.46784e-16"
					],
					[
						"8555.004306",
						"2.53898e-16"
					],
					[
						"8560.522234",
						"2.7289e-16"
					],
					[
						"8566.040163",
						"3.20377e-16"
					],
					[
						"8571.558092",
						"2.69906e-16"
					],
					[
						"8577.07602",
						"3.0511e-16"
					],
					[
						"8582.593949",
						"2.42749e-16"
					],
					[
						"8588.111877",
						"2.92123e-16"
					],
					[
						"8593.629806",
						"3.10147e-16"
					],
					[
						"8599.147735",
						"3.30438e-16"
					],
					[
						"8604.665663",
						"3.13906e-16"
					],
					[
						"8610.183592",
						"3.30711e-16"
					],
					[
						"8615.70152",
						"3.17643e-16"
					],
					[
						"8621.219449",
						"2.89035e-16"
					],
					[
						"8626.737378",
						"2.84006e-16"
					],
					[
						"8632.255306",
						"2.60238e-16"
					],
					[
						"8637.773235",
						"3.03535e-16"
					],
					[
						"8643.291163",
						"3.34259e-16"
					],
					[
						"8648.809092",
						"2.73505e-16"
					],
					[
						"8654.327021",
						"2.25191e-16"
					],
					[
						"8659.844949",
						"2.63301e-16"
					],
					[
						"8665.362878",
						"3.18309e-16"
					],
					[
						"8670.880806",
						"3.27278e-16"
					],
					[
						"8676.398735",
						"2.95011e-16"
					],
					[
						"8681.916664",
						"2.97845e-16"
					],
					[
						"8687.434592",
						"2.43936e-16"
					],
					[
						"8692.952521",
						"3.12479e-16"
					],
					[
						"8698.470449",
						"2.94112e-16"
					],
					[
						"8703.988378",
						"2.40641e-16"
					],
					[
						"8709.506307",
						"2.82661e-16"
					],
					[
						"8715.024235",
						"3.21028e-16"
					],
					[
						"8720.542164",
						"2.59251e-16"
					],
					[
						"8726.060092",
						"2.98083e-16"
					],
					[
						"8731.578021",
						"2.90515e-16"
					],
					[
						"8737.09595",
						"3.15763e-16"
					],
					[
						"8742.613878",
						"2.52132e-16"
					],
					[
						"8748.131807",
						"3.85868e-16"
					],
					[
						"8753.649735",
						"-3.20706e-16"
					],
					[
						"8759.167664",
						"-3.11866e-16"
					],
					[
						"8764.685593",
						"2.31157e-16"
					],
					[
						"8770.203521",
						"2.30532e-16"
					],
					[
						"8775.72145",
						"2.81344e-16"
					],
					[
						"8781.239378",
						"3.1165e-16"
					],
					[
						"8786.757307",
						"3.0495e-16"
					],
					[
						"8792.275236",
						"2.85314e-16"
					],
					[
						"8797.793164",
						"2.88019e-16"
					],
					[
						"8803.311093",
						"2.77269e-16"
					],
					[
						"8808.829021",
						"2.90951e-16"
					],
					[
						"8814.34695",
						"3.10644e-16"
					],
					[
						"8819.864879",
						"3.27712e-16"
					],
					[
						"8825.382807",
						"3.07493e-16"
					],
					[
						"8830.900736",
						"2.83341e-16"
					],
					[
						"8836.418664",
						"2.99395e-16"
					],
					[
						"8841.936593",
						"2.63874e-16"
					],
					[
						"8847.454522",
						"2.7653e-16"
					],
					[
						"8852.97245",
						"3.07758e-16"
					],
					[
						"8858.490379",
						"3.47784e-16"
					],
					[
						"8864.008307",
						"2.65344e-16"
					],
					[
						"8869.526236",
						"2.91181e-16"
					],
					[
						"8875.044165",
						"2.71912e-16"
					],
					[
						"8880.562093",
						"2.55842e-16"
					],
					[
						"8886.080022",
						"2.33984e-16"
					],
					[
						"8891.59795",
						"2.31618e-16"
					],
					[
						"8897.115879",
						"2.54303e-16"
					],
					[
						"8902.633808",
						"2.58363e-16"
					],
					[
						"8908.151736",
						"2.8887e-16"
					],
					[
						"8913.669665",
						"2.18185e-16"
					],
					[
						"8919.187593",
						"2.99218e-16"
					],
					[
						"8924.705522",
						"2.89045e-16"
					],
					[
						"8930.223451",
						"2.42138e-16"
					],
					[
						"8935.741379",
						"2.5074e-16"
					],
					[
						"8941.259308",
						"2.47506e-16"
					],
					[
						"8946.777236",
						"2.11961e-16"
					],
					[
						"8952.295165",
						"2.16742e-16"
					],
					[
						"8957.813094",
						"2.06006e-16"
					],
					[
						"8963.331022",
						"2.0895e-16"
					],
					[
						"8968.848951",
						"2.36305e-16"
					],
					[
						"8974.366879",
						"2.17086e-16"
					],
					[
						"8979.884808",
						"2.21209e-16"
					],
					[
						"8985.402737",
						"2.45045e-16"
					],
					[
						"8990.920665",
						"2.17412e-16"
					],
					[
						"8996.438594",
						"1.94013e-16"
					],
					[
						"9001.956522",
						"2.01686e-16"
					],
					[
						"9007.474451",
						"1.89562e-16"
					],
					[
						"9012.99238",
						"1.62651e-16"
					],
					[
						"9018.510308",
						"1.64089e-16"
					],
					[
						"9024.028237",
						"1.93192e-16"
					],
					[
						"9029.546165",
						"2.05952e-16"
					],
					[
						"9035.064094",
						"1.9217e-16"
					],
					[
						"9040.582023",
						"2.32213e-16"
					],
					[
						"9046.099951",
						"1.72088e-16"
					],
					[
						"9051.61788",
						"2.02521e-16"
					],
					[
						"9057.135808",
						"1.73376e-16"
					],
					[
						"9062.653737",
						"3.11645e-17"
					],
					[
						"9068.171666",
						"-1.05043e-16"
					],
					[
						"9073.689594",
						"1.89265e-16"
					],
					[
						"9079.207523",
						"2.05084e-16"
					],
					[
						"9084.725451",
						"1.8807e-16"
					],
					[
						"9090.24338",
						"2.3292e-16"
					],
					[
						"9095.761309",
						"2.06698e-16"
					],
					[
						"9101.279237",
						"2.46616e-16"
					],
					[
						"9106.797166",
						"2.39749e-16"
					],
					[
						"9112.315094",
						"2.12303e-16"
					],
					[
						"9117.833023",
						"1.9439e-16"
					],
					[
						"9123.350952",
						"2.10558e-16"
					],
					[
						"9128.86888",
						"1.74942e-16"
					],
					[
						"9134.386809",
						"1.91778e-16"
					],
					[
						"9139.904737",
						"2.04181e-16"
					],
					[
						"9145.422666",
						"1.65493e-16"
					],
					[
						"9150.940595",
						"1.49956e-16"
					],
					[
						"9156.458523",
						"1.8176e-16"
					],
					[
						"9161.976452",
						"2.07579e-16"
					],
					[
						"9167.49438",
						"1.90475e-16"
					],
					[
						"9173.012309",
						"1.70046e-16"
					],
					[
						"9178.530238",
						"1.90639e-16"
					],
					[
						"9184.048166",
						"1.94912e-16"
					],
					[
						"9189.566095",
						"2.59369e-16"
					],
					[
						"9195.084023",
						"2.50514e-16"
					],
					[
						"9200.601952",
						"1.55342e-16"
					],
					[
						"9206.119881",
						"2.41948e-16"
					],
					[
						"9211.637809",
						"1.69684e-16"
					],
					[
						"9217.155738",
						"2.20781e-16"
					],
					[
						"9222.673666",
						"1.90245e-16"
					],
					[
						"9228.191595",
						"1.50496e-16"
					],
					[
						"9233.709524",
						"2.1247e-16"
					],
					[
						"9239.227452",
						"1.96752e-16"
					]
				],
				"source":"8"
			}
		]
	}
}