{
	"ASASSN-15uw":{
		"schema":"https://github.com/astrocatalogs/supernovae/blob/a0bc0b9/SCHEMA.md",
		"name":"ASASSN-15uw",
		"sources":[
			{
				"name":"2016ATel.8506....1P",
				"bibcode":"2016ATel.8506....1P",
				"reference":"Pan et al. (2016)",
				"alias":"1"
			},
			{
				"name":"2016A&A...594A..13P",
				"bibcode":"2016A&A...594A..13P",
				"reference":"Planck Collaboration et al. (2016)",
				"alias":"2"
			},
			{
				"name":"2015ATel.8490....1B",
				"bibcode":"2015ATel.8490....1B",
				"reference":"Brown et al. (2015)",
				"alias":"3"
			},
			{
				"name":"2011ApJ...737..103S",
				"bibcode":"2011ApJ...737..103S",
				"reference":"Schlafly & Finkbeiner (2011)",
				"alias":"4"
			},
			{
				"name":"ASAS-SN Supernovae",
				"url":"http://www.astronomy.ohio-state.edu/~assassin/sn_list.html",
				"alias":"5"
			},
			{
				"name":"Latest Supernovae",
				"secondary":true,
				"url":"http://www.rochesterastronomy.org/snimages/snredshiftall.html",
				"alias":"6"
			},
			{
				"name":"The Open Supernova Catalog",
				"bibcode":"2017ApJ...835...64G",
				"reference":"Guillochon et al. (2017)",
				"secondary":true,
				"url":"https://sne.space",
				"alias":"7"
			},
			{
				"name":"SIMBAD astronomical database",
				"bibcode":"2000A&AS..143....9W",
				"reference":"Wenger et al. (2000)",
				"secondary":true,
				"url":"http://simbad.u-strasbg.fr/",
				"alias":"8"
			}
		],
		"alias":[
			{
				"value":"ASASSN-15uw",
				"source":"3,5,6,8"
			}
		],
		"claimedtype":[
			{
				"value":"Ia",
				"source":"1,3,5,6,8"
			}
		],
		"comovingdist":[
			{
				"value":"135.38",
				"derived":true,
				"u_value":"Mpc",
				"source":"2,3,5,7"
			}
		],
		"dec":[
			{
				"value":"-06:03:46.97",
				"u_value":"degrees",
				"source":"3,8"
			},
			{
				"value":"-06:03:46.9",
				"u_value":"degrees",
				"source":"3,6"
			},
			{
				"value":"-06:03:46.98",
				"u_value":"degrees",
				"source":"3,5"
			}
		],
		"discoverdate":[
			{
				"value":"2015/12/31",
				"source":"3,6"
			}
		],
		"discoverer":[
			{
				"value":"ASAS-SN",
				"source":"3,6"
			}
		],
		"ebv":[
			{
				"value":"0.0233",
				"derived":true,
				"e_value":"0.0006",
				"source":"4,7"
			}
		],
		"host":[
			{
				"value":"2MASX J02353437-0603496",
				"source":"3,5"
			}
		],
		"hostdec":[
			{
				"value":"-06:03:49.6",
				"derived":true,
				"u_value":"degrees",
				"source":"7"
			}
		],
		"hostoffsetang":[
			{
				"value":"3.31",
				"u_value":"arcseconds",
				"source":"3,5"
			}
		],
		"hostoffsetdist":[
			{
				"value":"2.11",
				"source":"2,3,5,7,8"
			}
		],
		"hostra":[
			{
				"value":"02:35:34.37",
				"derived":true,
				"u_value":"hours",
				"source":"7"
			}
		],
		"lumdist":[
			{
				"value":"139.55",
				"derived":true,
				"u_value":"Mpc",
				"source":"2,3,5,7"
			}
		],
		"maxabsmag":[
			{
				"value":"-19.5907",
				"derived":true,
				"source":"2,3,5,7"
			}
		],
		"maxappmag":[
			{
				"value":"16.1",
				"derived":true,
				"source":"3,6,7"
			}
		],
		"maxdate":[
			{
				"value":"2016/01/09",
				"derived":true,
				"source":"3,6,7"
			}
		],
		"maxvisualabsmag":[
			{
				"value":"-19.6236",
				"derived":true,
				"source":"2,3,5,7"
			}
		],
		"maxvisualappmag":[
			{
				"value":"16.1",
				"derived":true,
				"source":"3,6,7"
			}
		],
		"maxvisualdate":[
			{
				"value":"2016/01/09",
				"derived":true,
				"source":"3,6,7"
			}
		],
		"ra":[
			{
				"value":"02:35:34.307",
				"u_value":"hours",
				"source":"3,8"
			},
			{
				"value":"02:35:34.31",
				"u_value":"hours",
				"source":"3,6"
			},
			{
				"value":"02:35:34.296",
				"u_value":"hours",
				"source":"3,5"
			}
		],
		"redshift":[
			{
				"value":"0.030811",
				"source":"3,5"
			}
		],
		"velocity":[
			{
				"value":"9094.7",
				"u_value":"km/s",
				"source":"7"
			}
		],
		"photometry":[
			{
				"time":"57396.5",
				"magnitude":"16.1",
				"u_time":"MJD",
				"source":"3,6"
			}
		]
	}
}