{
	"ASASSN-15lg":{
		"schema":"https://github.com/astrocatalogs/supernovae/blob/a0bc0b9/SCHEMA.md",
		"name":"ASASSN-15lg",
		"sources":[
			{
				"name":"2016A&A...594A..13P",
				"bibcode":"2016A&A...594A..13P",
				"reference":"Planck Collaboration et al. (2016)",
				"alias":"1"
			},
			{
				"name":"2015ATel.7635....1M",
				"bibcode":"2015ATel.7635....1M",
				"reference":"Masi et al. (2015)",
				"alias":"2"
			},
			{
				"name":"2015ATel.7640....1P",
				"bibcode":"2015ATel.7640....1P",
				"reference":"Pan et al. (2015)",
				"alias":"3"
			},
			{
				"name":"ATel 7644",
				"bibcode":"2015ATel.7644....1C",
				"reference":"Challis et al. (2015)",
				"url":"http://www.astronomerstelegram.org/?read=7644",
				"alias":"4"
			},
			{
				"name":"2011ApJ...737..103S",
				"bibcode":"2011ApJ...737..103S",
				"reference":"Schlafly & Finkbeiner (2011)",
				"alias":"5"
			},
			{
				"name":"ASAS-SN Supernovae",
				"url":"http://www.astronomy.ohio-state.edu/~assassin/sn_list.html",
				"alias":"6"
			},
			{
				"name":"Latest Supernovae",
				"secondary":true,
				"url":"http://www.rochesterastronomy.org/snimages/snredshiftall.html",
				"alias":"7"
			},
			{
				"name":"The Open Supernova Catalog",
				"bibcode":"2017ApJ...835...64G",
				"reference":"Guillochon et al. (2017)",
				"secondary":true,
				"url":"https://sne.space",
				"alias":"8"
			},
			{
				"name":"SIMBAD astronomical database",
				"bibcode":"2000A&AS..143....9W",
				"reference":"Wenger et al. (2000)",
				"secondary":true,
				"url":"http://simbad.u-strasbg.fr/",
				"alias":"9"
			}
		],
		"alias":[
			{
				"value":"ASASSN-15lg",
				"source":"2,6,7,9"
			}
		],
		"claimedtype":[
			{
				"value":"Ia",
				"source":"2,3,4,6,7,9"
			}
		],
		"comovingdist":[
			{
				"value":"89.491",
				"derived":true,
				"u_value":"Mpc",
				"source":"1,2,6,8"
			}
		],
		"dec":[
			{
				"value":"+03:30:02.31",
				"u_value":"degrees",
				"source":"2,9"
			},
			{
				"value":"+03:30:02.3",
				"u_value":"degrees",
				"source":"2,7"
			},
			{
				"value":"+03:30:02.304",
				"u_value":"degrees",
				"source":"2,6"
			}
		],
		"discoverdate":[
			{
				"value":"2015/06/15",
				"source":"2,7"
			}
		],
		"discoverer":[
			{
				"value":"ASAS-SN",
				"source":"2,7"
			}
		],
		"ebv":[
			{
				"value":"0.0266",
				"derived":true,
				"e_value":"0.0005",
				"source":"5,8"
			}
		],
		"host":[
			{
				"value":"CGCG 044-042",
				"source":"2,6,7"
			}
		],
		"hostoffsetang":[
			{
				"value":"2.12",
				"u_value":"arcseconds",
				"source":"2,6"
			}
		],
		"lumdist":[
			{
				"value":"91.3087",
				"derived":true,
				"u_value":"Mpc",
				"source":"1,2,6,8"
			}
		],
		"maxabsmag":[
			{
				"value":"-18.9807",
				"derived":true,
				"source":"1,2,6,8"
			}
		],
		"maxappmag":[
			{
				"value":"15.8",
				"derived":true,
				"source":"2,7,8"
			}
		],
		"maxdate":[
			{
				"value":"2015/06/21",
				"derived":true,
				"source":"2,7,8"
			}
		],
		"maxvisualabsmag":[
			{
				"value":"-19.0026",
				"derived":true,
				"source":"1,2,6,8"
			}
		],
		"maxvisualappmag":[
			{
				"value":"15.8",
				"derived":true,
				"source":"2,7,8"
			}
		],
		"maxvisualdate":[
			{
				"value":"2015/06/21",
				"derived":true,
				"source":"2,7,8"
			}
		],
		"ra":[
			{
				"value":"13:15:32.840",
				"u_value":"hours",
				"source":"2,9"
			},
			{
				"value":"13:15:32.84",
				"u_value":"hours",
				"source":"2,7"
			},
			{
				"value":"13:15:32.88",
				"u_value":"hours",
				"source":"2,6"
			}
		],
		"redshift":[
			{
				"value":"0.020317",
				"source":"2,6"
			}
		],
		"velocity":[
			{
				"value":"6029",
				"u_value":"km/s",
				"source":"8"
			}
		],
		"photometry":[
			{
				"time":"57194.5",
				"magnitude":"15.8",
				"u_time":"MJD",
				"source":"2,7"
			}
		]
	}
}