{
	"ASASSN-15pf":{
		"schema":"https://github.com/astrocatalogs/supernovae/blob/a0bc0b9/SCHEMA.md",
		"name":"ASASSN-15pf",
		"sources":[
			{
				"name":"2016A&A...594A..13P",
				"bibcode":"2016A&A...594A..13P",
				"reference":"Planck Collaboration et al. (2016)",
				"alias":"1"
			},
			{
				"name":"2015ATel.8017....1B",
				"bibcode":"2015ATel.8017....1B",
				"reference":"Brimacombe et al. (2015)",
				"alias":"2"
			},
			{
				"name":"2015ATel.8082....1S",
				"bibcode":"2015ATel.8082....1S",
				"reference":"Shappee et al. (2015)",
				"alias":"3"
			},
			{
				"name":"2011ApJ...737..103S",
				"bibcode":"2011ApJ...737..103S",
				"reference":"Schlafly & Finkbeiner (2011)",
				"alias":"4"
			},
			{
				"name":"ASAS-SN Supernovae",
				"url":"http://www.astronomy.ohio-state.edu/~assassin/sn_list.html",
				"alias":"5"
			},
			{
				"name":"Latest Supernovae",
				"secondary":true,
				"url":"http://www.rochesterastronomy.org/snimages/snredshiftall.html",
				"alias":"6"
			},
			{
				"name":"The Open Supernova Catalog",
				"bibcode":"2017ApJ...835...64G",
				"reference":"Guillochon et al. (2017)",
				"secondary":true,
				"url":"https://sne.space",
				"alias":"7"
			},
			{
				"name":"SIMBAD astronomical database",
				"bibcode":"2000A&AS..143....9W",
				"reference":"Wenger et al. (2000)",
				"secondary":true,
				"url":"http://simbad.u-strasbg.fr/",
				"alias":"8"
			}
		],
		"alias":[
			{
				"value":"ASASSN-15pf",
				"source":"2,5,6,8"
			}
		],
		"claimedtype":[
			{
				"value":"Ia",
				"source":"2,3,5,6,8"
			}
		],
		"comovingdist":[
			{
				"value":"172.57",
				"derived":true,
				"u_value":"Mpc",
				"source":"1,2,5,7"
			}
		],
		"dec":[
			{
				"value":"-44:30:32.64",
				"u_value":"degrees",
				"source":"2,8"
			},
			{
				"value":"-44:30:32.6",
				"u_value":"degrees",
				"source":"2,6"
			},
			{
				"value":"-44:30:32.76",
				"u_value":"degrees",
				"source":"2,5"
			}
		],
		"discoverdate":[
			{
				"value":"2015/09/08",
				"source":"2,6"
			}
		],
		"discoverer":[
			{
				"value":"ASAS-SN",
				"source":"2,6"
			}
		],
		"ebv":[
			{
				"value":"0.0095",
				"derived":true,
				"e_value":"0.0003",
				"source":"4,7"
			}
		],
		"host":[
			{
				"value":"ESO 241-G16",
				"source":"2,6"
			},
			{
				"value":"ESO 241-G016",
				"source":"2,5"
			}
		],
		"hostoffsetang":[
			{
				"value":"6.94",
				"u_value":"arcseconds",
				"source":"2,5"
			}
		],
		"lumdist":[
			{
				"value":"179.357",
				"derived":true,
				"u_value":"Mpc",
				"source":"1,2,5,7"
			}
		],
		"maxabsmag":[
			{
				"value":"-18.9267",
				"derived":true,
				"source":"1,2,5,7"
			}
		],
		"maxappmag":[
			{
				"value":"17.3",
				"derived":true,
				"source":"2,6,7"
			}
		],
		"maxdate":[
			{
				"value":"2015/09/15",
				"derived":true,
				"source":"2,6,7"
			}
		],
		"maxvisualabsmag":[
			{
				"value":"-18.9686",
				"derived":true,
				"source":"1,2,5,7"
			}
		],
		"maxvisualappmag":[
			{
				"value":"17.3",
				"derived":true,
				"source":"2,6,7"
			}
		],
		"maxvisualdate":[
			{
				"value":"2015/09/15",
				"derived":true,
				"source":"2,6,7"
			}
		],
		"ra":[
			{
				"value":"00:06:37.140",
				"u_value":"hours",
				"source":"2,8"
			},
			{
				"value":"00:06:37.14",
				"u_value":"hours",
				"source":"2,5,6"
			}
		],
		"redshift":[
			{
				"value":"0.039354",
				"source":"2,5"
			}
		],
		"velocity":[
			{
				"value":"11566",
				"u_value":"km/s",
				"source":"7"
			}
		],
		"photometry":[
			{
				"time":"57280.5",
				"magnitude":"17.3",
				"u_time":"MJD",
				"source":"2,6"
			}
		]
	}
}