{
	"ASASSN-15so":{
		"schema":"https://github.com/astrocatalogs/supernovae/blob/a0bc0b9/SCHEMA.md",
		"name":"ASASSN-15so",
		"sources":[
			{
				"name":"2016A&A...594A..13P",
				"bibcode":"2016A&A...594A..13P",
				"reference":"Planck Collaboration et al. (2016)",
				"alias":"1"
			},
			{
				"name":"2015ATel.8256....1S",
				"bibcode":"2015ATel.8256....1S",
				"reference":"Stanek et al. (2015)",
				"alias":"2"
			},
			{
				"name":"2015ATel.8259....1T",
				"bibcode":"2015ATel.8259....1T",
				"reference":"Tomasella et al. (2015)",
				"alias":"3"
			},
			{
				"name":"2011ApJ...737..103S",
				"bibcode":"2011ApJ...737..103S",
				"reference":"Schlafly & Finkbeiner (2011)",
				"alias":"4"
			},
			{
				"name":"ASAS-SN Supernovae",
				"url":"http://www.astronomy.ohio-state.edu/~assassin/sn_list.html",
				"alias":"5"
			},
			{
				"name":"Asiago Supernova Catalogue",
				"secondary":true,
				"url":"http://graspa.oapd.inaf.it/cgi-bin/sncat.php",
				"alias":"6"
			},
			{
				"name":"Latest Supernovae",
				"secondary":true,
				"url":"http://www.rochesterastronomy.org/snimages/snredshiftall.html",
				"alias":"7"
			},
			{
				"name":"The Open Supernova Catalog",
				"bibcode":"2017ApJ...835...64G",
				"reference":"Guillochon et al. (2017)",
				"secondary":true,
				"url":"https://sne.space",
				"alias":"8"
			},
			{
				"name":"WISeREP",
				"bibcode":"2012PASP..124..668Y",
				"reference":"Yaron & Gal-Yam (2012)",
				"secondary":true,
				"url":"http://wiserep.weizmann.ac.il/",
				"alias":"9"
			},
			{
				"name":"SIMBAD astronomical database",
				"bibcode":"2000A&AS..143....9W",
				"reference":"Wenger et al. (2000)",
				"secondary":true,
				"url":"http://simbad.u-strasbg.fr/",
				"alias":"10"
			}
		],
		"alias":[
			{
				"value":"ASASSN-15so",
				"source":"2,5,6,7,9,10"
			}
		],
		"claimedtype":[
			{
				"value":"Ia",
				"source":"2,3,5,6,7,9,10"
			}
		],
		"comovingdist":[
			{
				"value":"31.48",
				"derived":true,
				"u_value":"Mpc",
				"source":"1,2,5,7,8"
			}
		],
		"dec":[
			{
				"value":"+48:19:07.24",
				"u_value":"degrees",
				"source":"2,3,6,10"
			},
			{
				"value":"+48:19:07.2",
				"u_value":"degrees",
				"source":"2,7"
			},
			{
				"value":"+48:19:07.68",
				"u_value":"degrees",
				"source":"2,5"
			}
		],
		"discoverdate":[
			{
				"value":"2015/11/08",
				"source":"2,7"
			}
		],
		"discoverer":[
			{
				"value":"ASAS-SN",
				"source":"2,3,6,7"
			}
		],
		"ebv":[
			{
				"value":"0.0126",
				"derived":true,
				"e_value":"0.0002",
				"source":"4,8"
			}
		],
		"host":[
			{
				"value":"NGC 3583",
				"source":"2,3,5,6,7"
			}
		],
		"hostoffsetang":[
			{
				"value":"1.5",
				"u_value":"arcseconds",
				"source":"2,5"
			}
		],
		"lumdist":[
			{
				"value":"31.705",
				"derived":true,
				"u_value":"Mpc",
				"source":"1,2,5,7,8"
			}
		],
		"maxabsmag":[
			{
				"value":"-18.798",
				"derived":true,
				"source":"1,2,5,7,8"
			}
		],
		"maxappmag":[
			{
				"value":"13.7",
				"derived":true,
				"source":"2,7,8"
			}
		],
		"maxdate":[
			{
				"value":"2015/11/22",
				"derived":true,
				"source":"2,7,8"
			}
		],
		"maxvisualabsmag":[
			{
				"value":"-18.806",
				"derived":true,
				"source":"1,2,5,7,8"
			}
		],
		"maxvisualappmag":[
			{
				"value":"13.7",
				"derived":true,
				"source":"2,7,8"
			}
		],
		"maxvisualdate":[
			{
				"value":"2015/11/22",
				"derived":true,
				"source":"2,7,8"
			}
		],
		"ra":[
			{
				"value":"11:14:11.037",
				"u_value":"hours",
				"source":"2,3,6,10"
			},
			{
				"value":"11:14:11.04",
				"u_value":"hours",
				"source":"2,5,7"
			}
		],
		"redshift":[
			{
				"value":"0.007125",
				"source":"2,5,7"
			}
		],
		"velocity":[
			{
				"value":"2128",
				"u_value":"km/s",
				"source":"8"
			}
		],
		"photometry":[
			{
				"time":"57348.5",
				"magnitude":"13.7",
				"u_time":"MJD",
				"source":"2,7"
			}
		],
		"spectra":[
			{
				"time":"57334.0",
				"filename":"ASASSNm15so_2015-11-08_23:51:38_Asiago.ascii",
				"instrument":"Ekar - AFOSC",
				"observer":"tomasella",
				"redshift":"0.007",
				"reducer":"Unknown",
				"reduction":"final",
				"survey":"Asiago",
				"u_fluxes":"erg/s/cm^2/Angstrom",
				"u_time":"MJD",
				"u_wavelengths":"Angstrom",
				"data":[
					[
						"3398.67731",
						"1.83255737e-16"
					],
					[
						"3403.43371",
						"1.943643623e-16"
					],
					[
						"3408.19011",
						"6.696396974e-17"
					],
					[
						"3412.94651",
						"-2.701715876e-16"
					],
					[
						"3417.70291",
						"5.12105532e-16"
					],
					[
						"3422.45931",
						"4.477408218e-16"
					],
					[
						"3427.21571",
						"2.890690515e-17"
					],
					[
						"3431.97211",
						"-3.396195807e-16"
					],
					[
						"3436.72851",
						"3.12785524e-16"
					],
					[
						"3441.48491",
						"1.048446463e-16"
					],
					[
						"3446.24131",
						"3.150872037e-16"
					],
					[
						"3450.99771",
						"1.020928878e-16"
					],
					[
						"3455.75411",
						"2.395618021e-16"
					],
					[
						"3460.51051",
						"5.007178093e-16"
					],
					[
						"3465.26691",
						"2.098267635e-16"
					],
					[
						"3470.02331",
						"-1.871546164e-16"
					],
					[
						"3474.77971",
						"1.198620442e-16"
					],
					[
						"3479.53611",
						"1.188515471e-16"
					],
					[
						"3484.29251",
						"7.704364858e-17"
					],
					[
						"3489.04891",
						"2.20377525e-16"
					],
					[
						"3493.80531",
						"6.517867178e-16"
					],
					[
						"3498.56171",
						"4.510290567e-16"
					],
					[
						"3503.31811",
						"6.617894887e-16"
					],
					[
						"3508.07451",
						"6.358878564e-16"
					],
					[
						"3512.83091",
						"7.24920813e-16"
					],
					[
						"3517.58731",
						"6.2895378e-16"
					],
					[
						"3522.34371",
						"4.517367527e-16"
					],
					[
						"3527.10011",
						"2.681215826e-16"
					],
					[
						"3531.85651",
						"6.342276718e-16"
					],
					[
						"3536.61291",
						"4.642435118e-16"
					],
					[
						"3541.36931",
						"4.297733472e-16"
					],
					[
						"3546.12571",
						"7.334319059e-16"
					],
					[
						"3550.88211",
						"3.191745877e-16"
					],
					[
						"3555.63851",
						"4.781907563e-16"
					],
					[
						"3560.39491",
						"5.951326544e-16"
					],
					[
						"3565.15131",
						"5.348526018e-16"
					],
					[
						"3569.90771",
						"4.295405984e-16"
					],
					[
						"3574.66411",
						"4.0174103e-16"
					],
					[
						"3579.420509",
						"4.16064066e-16"
					],
					[
						"3584.176909",
						"3.331746394e-16"
					],
					[
						"3588.933309",
						"5.675435208e-16"
					],
					[
						"3593.689709",
						"4.911247377e-16"
					],
					[
						"3598.446109",
						"5.451229822e-16"
					],
					[
						"3603.202509",
						"5.02124784e-16"
					],
					[
						"3607.958909",
						"5.277205844e-16"
					],
					[
						"3612.715309",
						"7.182040535e-16"
					],
					[
						"3617.471709",
						"4.480485595e-16"
					],
					[
						"3622.228109",
						"4.116520831e-16"
					],
					[
						"3626.984509",
						"6.423231363e-16"
					],
					[
						"3631.740909",
						"6.731237954e-16"
					],
					[
						"3636.497309",
						"3.228462108e-16"
					],
					[
						"3641.253709",
						"5.549763047e-16"
					],
					[
						"3646.010109",
						"7.470295905e-16"
					],
					[
						"3650.766509",
						"7.580756413e-16"
					],
					[
						"3655.522909",
						"5.85468379e-16"
					],
					[
						"3660.279309",
						"4.213445223e-16"
					],
					[
						"3665.035709",
						"5.401109823e-16"
					],
					[
						"3669.792109",
						"5.520583821e-16"
					],
					[
						"3674.548509",
						"5.472137771e-16"
					],
					[
						"3679.304909",
						"5.058434174e-16"
					],
					[
						"3684.061309",
						"5.57702639e-16"
					],
					[
						"3688.817709",
						"4.88452931e-16"
					],
					[
						"3693.574109",
						"3.870680106e-16"
					],
					[
						"3698.330509",
						"3.253640162e-16"
					],
					[
						"3703.086909",
						"3.309213465e-16"
					],
					[
						"3707.843309",
						"2.863981713e-16"
					],
					[
						"3712.599709",
						"3.13898393e-16"
					],
					[
						"3717.356109",
						"4.468394729e-16"
					],
					[
						"3722.112509",
						"4.590147245e-16"
					],
					[
						"3726.868909",
						"4.220439598e-16"
					],
					[
						"3731.625309",
						"3.196078715e-16"
					],
					[
						"3736.381709",
						"4.850602994e-16"
					],
					[
						"3741.138109",
						"3.721440313e-16"
					],
					[
						"3745.894509",
						"3.989905552e-16"
					],
					[
						"3750.650909",
						"4.503305721e-16"
					],
					[
						"3755.407309",
						"4.696024246e-16"
					],
					[
						"3760.163709",
						"5.366653052e-16"
					],
					[
						"3764.920109",
						"4.92641456e-16"
					],
					[
						"3769.676509",
						"5.06351796e-16"
					],
					[
						"3774.432909",
						"4.580973349e-16"
					],
					[
						"3779.189309",
						"4.47653948e-16"
					],
					[
						"3783.945709",
						"4.34829181e-16"
					],
					[
						"3788.702109",
						"4.248644207e-16"
					],
					[
						"3793.458509",
						"4.190790798e-16"
					],
					[
						"3798.214909",
						"4.173521119e-16"
					],
					[
						"3802.971308",
						"4.272567329e-16"
					],
					[
						"3807.727708",
						"3.734741906e-16"
					],
					[
						"3812.484108",
						"5.374059826e-16"
					],
					[
						"3817.240508",
						"6.061078191e-16"
					],
					[
						"3821.996908",
						"5.277921587e-16"
					],
					[
						"3826.753308",
						"5.326034117e-16"
					],
					[
						"3831.509708",
						"6.305742599e-16"
					],
					[
						"3836.266108",
						"6.873665485e-16"
					],
					[
						"3841.022508",
						"7.498096585e-16"
					],
					[
						"3845.778908",
						"7.56572846e-16"
					],
					[
						"3850.535308",
						"8.174037348e-16"
					],
					[
						"3855.291708",
						"8.197801386e-16"
					],
					[
						"3860.048108",
						"8.181626233e-16"
					],
					[
						"3864.804508",
						"8.387976694e-16"
					],
					[
						"3869.560908",
						"8.753889634e-16"
					],
					[
						"3874.317308",
						"9.639389523e-16"
					],
					[
						"3879.073708",
						"9.509759601e-16"
					],
					[
						"3883.830108",
						"1.036684895e-15"
					],
					[
						"3888.586508",
						"1.01818993e-15"
					],
					[
						"3893.342908",
						"1.049793894e-15"
					],
					[
						"3898.099308",
						"1.134311689e-15"
					],
					[
						"3902.855708",
						"1.127213129e-15"
					],
					[
						"3907.612108",
						"1.149283208e-15"
					],
					[
						"3912.368508",
						"1.096926725e-15"
					],
					[
						"3917.124908",
						"1.13274489e-15"
					],
					[
						"3921.881308",
						"1.288028369e-15"
					],
					[
						"3926.637708",
						"1.391104656e-15"
					],
					[
						"3931.394108",
						"1.371355235e-15"
					],
					[
						"3936.150508",
						"1.331835113e-15"
					],
					[
						"3940.906908",
						"1.402764488e-15"
					],
					[
						"3945.663308",
						"1.435647048e-15"
					],
					[
						"3950.419708",
						"1.414725228e-15"
					],
					[
						"3955.176108",
						"1.478630794e-15"
					],
					[
						"3959.932508",
						"1.435932604e-15"
					],
					[
						"3964.688908",
						"1.405913227e-15"
					],
					[
						"3969.445308",
						"1.410435112e-15"
					],
					[
						"3974.201708",
						"1.296304516e-15"
					],
					[
						"3978.958108",
						"1.289937052e-15"
					],
					[
						"3983.714508",
						"1.278055721e-15"
					],
					[
						"3988.470908",
						"1.257008117e-15"
					],
					[
						"3993.227308",
						"1.269404868e-15"
					],
					[
						"3997.983708",
						"1.290660948e-15"
					],
					[
						"4002.740108",
						"1.253031191e-15"
					],
					[
						"4007.496508",
						"1.253554869e-15"
					],
					[
						"4012.252908",
						"1.340655691e-15"
					],
					[
						"4017.009308",
						"1.386304202e-15"
					],
					[
						"4021.765708",
						"1.346944593e-15"
					],
					[
						"4026.522107",
						"1.314250815e-15"
					],
					[
						"4031.278507",
						"1.373378162e-15"
					],
					[
						"4036.034907",
						"1.427060781e-15"
					],
					[
						"4040.791307",
						"1.396429846e-15"
					],
					[
						"4045.547707",
						"1.472460053e-15"
					],
					[
						"4050.304107",
						"1.584504512e-15"
					],
					[
						"4055.060507",
						"1.602984548e-15"
					],
					[
						"4059.816907",
						"1.582850574e-15"
					],
					[
						"4064.573307",
						"1.698078925e-15"
					],
					[
						"4069.329707",
						"1.660317137e-15"
					],
					[
						"4074.086107",
						"1.679690687e-15"
					],
					[
						"4078.842507",
						"1.671252862e-15"
					],
					[
						"4083.598907",
						"1.690146038e-15"
					],
					[
						"4088.355307",
						"1.766018908e-15"
					],
					[
						"4093.111707",
						"1.766118011e-15"
					],
					[
						"4097.868107",
						"1.742036229e-15"
					],
					[
						"4102.624507",
						"1.732533684e-15"
					],
					[
						"4107.380907",
						"1.784231069e-15"
					],
					[
						"4112.137307",
						"1.745261731e-15"
					],
					[
						"4116.893707",
						"1.731773684e-15"
					],
					[
						"4121.650107",
						"1.715693822e-15"
					],
					[
						"4126.406507",
						"1.701901373e-15"
					],
					[
						"4131.162907",
						"1.703441702e-15"
					],
					[
						"4135.919307",
						"1.624416281e-15"
					],
					[
						"4140.675707",
						"1.626626825e-15"
					],
					[
						"4145.432107",
						"1.695589707e-15"
					],
					[
						"4150.188507",
						"1.69491981e-15"
					],
					[
						"4154.944907",
						"1.709637219e-15"
					],
					[
						"4159.701307",
						"1.806108236e-15"
					],
					[
						"4164.457707",
						"1.882886056e-15"
					],
					[
						"4169.214107",
						"1.891257282e-15"
					],
					[
						"4173.970507",
						"1.827864701e-15"
					],
					[
						"4178.726907",
						"1.820975359e-15"
					],
					[
						"4183.483307",
						"1.824464287e-15"
					],
					[
						"4188.239707",
						"1.754998904e-15"
					],
					[
						"4192.996107",
						"1.711002318e-15"
					],
					[
						"4197.752507",
						"1.656590404e-15"
					],
					[
						"4202.508907",
						"1.624678332e-15"
					],
					[
						"4207.265307",
						"1.664961207e-15"
					],
					[
						"4212.021707",
						"1.651528429e-15"
					],
					[
						"4216.778107",
						"1.630860614e-15"
					],
					[
						"4221.534507",
						"1.571951272e-15"
					],
					[
						"4226.290907",
						"1.612006507e-15"
					],
					[
						"4231.047307",
						"1.606160709e-15"
					],
					[
						"4235.803707",
						"1.597636382e-15"
					],
					[
						"4240.560107",
						"1.60894533e-15"
					],
					[
						"4245.316507",
						"1.558777898e-15"
					],
					[
						"4250.072906",
						"1.591623189e-15"
					],
					[
						"4254.829306",
						"1.563357593e-15"
					],
					[
						"4259.585706",
						"1.549339833e-15"
					],
					[
						"4264.342106",
						"1.585509305e-15"
					],
					[
						"4269.098506",
						"1.544749127e-15"
					],
					[
						"4273.854906",
						"1.512631437e-15"
					],
					[
						"4278.611306",
						"1.565196714e-15"
					],
					[
						"4283.367706",
						"1.56844625e-15"
					],
					[
						"4288.124106",
						"1.53755337e-15"
					],
					[
						"4292.880506",
						"1.543444802e-15"
					],
					[
						"4297.636906",
						"1.535663004e-15"
					],
					[
						"4302.393306",
						"1.507683282e-15"
					],
					[
						"4307.149706",
						"1.578081673e-15"
					],
					[
						"4311.906106",
						"1.448442751e-15"
					],
					[
						"4316.662506",
						"1.398684542e-15"
					],
					[
						"4321.418906",
						"1.418957428e-15"
					],
					[
						"4326.175306",
						"1.433920265e-15"
					],
					[
						"4330.931706",
						"1.465581616e-15"
					],
					[
						"4335.688106",
						"1.507258178e-15"
					],
					[
						"4340.444506",
						"1.53272507e-15"
					],
					[
						"4345.200906",
						"1.574377069e-15"
					],
					[
						"4349.957306",
						"1.680858427e-15"
					],
					[
						"4354.713706",
						"1.695724067e-15"
					],
					[
						"4359.470106",
						"1.627241983e-15"
					],
					[
						"4364.226506",
						"1.681757659e-15"
					],
					[
						"4368.982906",
						"1.74481185e-15"
					],
					[
						"4373.739306",
						"1.705449382e-15"
					],
					[
						"4378.495706",
						"1.739068437e-15"
					],
					[
						"4383.252106",
						"1.752017559e-15"
					],
					[
						"4388.008506",
						"1.698632249e-15"
					],
					[
						"4392.764906",
						"1.699645618e-15"
					],
					[
						"4397.521306",
						"1.723688966e-15"
					],
					[
						"4402.277706",
						"1.665997764e-15"
					],
					[
						"4407.034106",
						"1.681694025e-15"
					],
					[
						"4411.790506",
						"1.670310432e-15"
					],
					[
						"4416.546906",
						"1.6667296e-15"
					],
					[
						"4421.303306",
						"1.685038641e-15"
					],
					[
						"4426.059706",
						"1.716218559e-15"
					],
					[
						"4430.816106",
						"1.743131019e-15"
					],
					[
						"4435.572506",
						"1.795924148e-15"
					],
					[
						"4440.328906",
						"1.833271101e-15"
					],
					[
						"4445.085306",
						"1.90663093e-15"
					],
					[
						"4449.841706",
						"1.964234253e-15"
					],
					[
						"4454.598106",
						"2.019515011e-15"
					],
					[
						"4459.354506",
						"2.016886244e-15"
					],
					[
						"4464.110906",
						"2.100270921e-15"
					],
					[
						"4468.867306",
						"2.153839825e-15"
					],
					[
						"4473.623705",
						"2.197941019e-15"
					],
					[
						"4478.380105",
						"2.204902571e-15"
					],
					[
						"4483.136505",
						"2.159968109e-15"
					],
					[
						"4487.892905",
						"2.233862204e-15"
					],
					[
						"4492.649305",
						"2.200421132e-15"
					],
					[
						"4497.405705",
						"2.225335335e-15"
					],
					[
						"4502.162105",
						"2.261010669e-15"
					],
					[
						"4506.918505",
						"2.246799785e-15"
					],
					[
						"4511.674905",
						"2.326183501e-15"
					],
					[
						"4516.431305",
						"2.35535934e-15"
					],
					[
						"4521.187705",
						"2.338064197e-15"
					],
					[
						"4525.944105",
						"2.307548988e-15"
					],
					[
						"4530.700505",
						"2.373479492e-15"
					],
					[
						"4535.456905",
						"2.423343051e-15"
					],
					[
						"4540.213305",
						"2.296313732e-15"
					],
					[
						"4544.969705",
						"2.298045279e-15"
					],
					[
						"4549.726105",
						"2.316178348e-15"
					],
					[
						"4554.482505",
						"2.359836967e-15"
					],
					[
						"4559.238905",
						"2.387738868e-15"
					],
					[
						"4563.995305",
						"2.356826612e-15"
					],
					[
						"4568.751705",
						"2.338674908e-15"
					],
					[
						"4573.508105",
						"2.294902151e-15"
					],
					[
						"4578.264505",
						"2.343794799e-15"
					],
					[
						"4583.020905",
						"2.411562517e-15"
					],
					[
						"4587.777305",
						"2.44623221e-15"
					],
					[
						"4592.533705",
						"2.436732312e-15"
					],
					[
						"4597.290105",
						"2.410425587e-15"
					],
					[
						"4602.046505",
						"2.472725707e-15"
					],
					[
						"4606.802905",
						"2.478118342e-15"
					],
					[
						"4611.559305",
						"2.487267145e-15"
					],
					[
						"4616.315705",
						"2.477070351e-15"
					],
					[
						"4621.072105",
						"2.493715395e-15"
					],
					[
						"4625.828505",
						"2.467545889e-15"
					],
					[
						"4630.584905",
						"2.358594794e-15"
					],
					[
						"4635.341305",
						"2.291965488e-15"
					],
					[
						"4640.097705",
						"2.291583688e-15"
					],
					[
						"4644.854105",
						"2.221200967e-15"
					],
					[
						"4649.610505",
						"2.10110906e-15"
					],
					[
						"4654.366905",
						"2.111202092e-15"
					],
					[
						"4659.123305",
						"2.124742338e-15"
					],
					[
						"4663.879705",
						"2.158091084e-15"
					],
					[
						"4668.636105",
						"2.152284673e-15"
					],
					[
						"4673.392505",
						"2.105238345e-15"
					],
					[
						"4678.148905",
						"2.140012012e-15"
					],
					[
						"4682.905305",
						"2.242319616e-15"
					],
					[
						"4687.661705",
						"2.285231576e-15"
					],
					[
						"4692.418105",
						"2.272637467e-15"
					],
					[
						"4697.174504",
						"2.247463224e-15"
					],
					[
						"4701.930904",
						"2.280633881e-15"
					],
					[
						"4706.687304",
						"2.217282593e-15"
					],
					[
						"4711.443704",
						"2.248574955e-15"
					],
					[
						"4716.200104",
						"2.221183391e-15"
					],
					[
						"4720.956504",
						"2.171883109e-15"
					],
					[
						"4725.712904",
						"2.163892624e-15"
					],
					[
						"4730.469304",
						"2.154639424e-15"
					],
					[
						"4735.225704",
						"2.114906591e-15"
					],
					[
						"4739.982104",
						"2.028867737e-15"
					],
					[
						"4744.738504",
						"2.046471623e-15"
					],
					[
						"4749.494904",
						"2.038162018e-15"
					],
					[
						"4754.251304",
						"2.005272576e-15"
					],
					[
						"4759.007704",
						"1.940156918e-15"
					],
					[
						"4763.764104",
						"2.027608623e-15"
					],
					[
						"4768.520504",
						"2.047659587e-15"
					],
					[
						"4773.276904",
						"2.061502858e-15"
					],
					[
						"4778.033304",
						"2.147117983e-15"
					],
					[
						"4782.789704",
						"2.195497753e-15"
					],
					[
						"4787.546104",
						"2.219813739e-15"
					],
					[
						"4792.302504",
						"2.251714482e-15"
					],
					[
						"4797.058904",
						"2.210175563e-15"
					],
					[
						"4801.815304",
						"2.252419637e-15"
					],
					[
						"4806.571704",
						"2.15748842e-15"
					],
					[
						"4811.328104",
						"2.160900904e-15"
					],
					[
						"4816.084504",
						"2.111345665e-15"
					],
					[
						"4820.840904",
						"2.044233127e-15"
					],
					[
						"4825.597304",
						"1.967269807e-15"
					],
					[
						"4830.353704",
						"1.949702979e-15"
					],
					[
						"4835.110104",
						"1.929569006e-15"
					],
					[
						"4839.866504",
						"1.821018981e-15"
					],
					[
						"4844.622904",
						"1.844143404e-15"
					],
					[
						"4849.379304",
						"1.759923553e-15"
					],
					[
						"4854.135704",
						"1.679164467e-15"
					],
					[
						"4858.892104",
						"1.704470212e-15"
					],
					[
						"4863.648504",
						"1.692215445e-15"
					],
					[
						"4868.404904",
						"1.674334156e-15"
					],
					[
						"4873.161304",
						"1.720084629e-15"
					],
					[
						"4877.917704",
						"1.714723334e-15"
					],
					[
						"4882.674104",
						"1.714303629e-15"
					],
					[
						"4887.430504",
						"1.729104577e-15"
					],
					[
						"4892.186904",
						"1.714358157e-15"
					],
					[
						"4896.943304",
						"1.755479807e-15"
					],
					[
						"4901.699704",
						"1.778249958e-15"
					],
					[
						"4906.456104",
						"1.802132052e-15"
					],
					[
						"4911.212504",
						"1.814251611e-15"
					],
					[
						"4915.968904",
						"1.851137143e-15"
					],
					[
						"4920.725303",
						"1.852858949e-15"
					],
					[
						"4925.481703",
						"1.852025045e-15"
					],
					[
						"4930.238103",
						"1.914585417e-15"
					],
					[
						"4934.994503",
						"1.907912068e-15"
					],
					[
						"4939.750903",
						"1.881078911e-15"
					],
					[
						"4944.507303",
						"1.888027334e-15"
					],
					[
						"4949.263703",
						"1.877208606e-15"
					],
					[
						"4954.020103",
						"1.885770838e-15"
					],
					[
						"4958.776503",
						"1.941948816e-15"
					],
					[
						"4963.532903",
						"1.876261834e-15"
					],
					[
						"4968.289303",
						"1.899330565e-15"
					],
					[
						"4973.045703",
						"1.904776775e-15"
					],
					[
						"4977.802103",
						"1.908345325e-15"
					],
					[
						"4982.558503",
						"1.960554106e-15"
					],
					[
						"4987.314903",
						"1.954343237e-15"
					],
					[
						"4992.071303",
						"1.94568042e-15"
					],
					[
						"4996.827703",
						"2.019806179e-15"
					],
					[
						"5001.584103",
						"2.068885809e-15"
					],
					[
						"5006.340503",
						"2.081830801e-15"
					],
					[
						"5011.096903",
						"2.095785034e-15"
					],
					[
						"5015.853303",
						"2.076587668e-15"
					],
					[
						"5020.609703",
						"2.073910196e-15"
					],
					[
						"5025.366103",
						"2.104368442e-15"
					],
					[
						"5030.122503",
						"2.115660027e-15"
					],
					[
						"5034.878903",
						"2.120502302e-15"
					],
					[
						"5039.635303",
						"2.166325514e-15"
					],
					[
						"5044.391703",
						"2.193870179e-15"
					],
					[
						"5049.148103",
						"2.218627893e-15"
					],
					[
						"5053.904503",
						"2.25854305e-15"
					],
					[
						"5058.660903",
						"2.257611526e-15"
					],
					[
						"5063.417303",
						"2.289090023e-15"
					],
					[
						"5068.173703",
						"2.365512088e-15"
					],
					[
						"5072.930103",
						"2.375907935e-15"
					],
					[
						"5077.686503",
						"2.390691625e-15"
					],
					[
						"5082.442903",
						"2.476872992e-15"
					],
					[
						"5087.199303",
						"2.482844151e-15"
					],
					[
						"5091.955703",
						"2.477520761e-15"
					],
					[
						"5096.712103",
						"2.529928595e-15"
					],
					[
						"5101.468503",
						"2.574550502e-15"
					],
					[
						"5106.224903",
						"2.571538665e-15"
					],
					[
						"5110.981303",
						"2.518831616e-15"
					],
					[
						"5115.737703",
						"2.515553175e-15"
					],
					[
						"5120.494103",
						"2.465658488e-15"
					],
					[
						"5125.250503",
						"2.466221129e-15"
					],
					[
						"5130.006903",
						"2.467941877e-15"
					],
					[
						"5134.763303",
						"2.404010371e-15"
					],
					[
						"5139.519703",
						"2.393745602e-15"
					],
					[
						"5144.276102",
						"2.396266372e-15"
					],
					[
						"5149.032502",
						"2.400724095e-15"
					],
					[
						"5153.788902",
						"2.419296351e-15"
					],
					[
						"5158.545302",
						"2.401460166e-15"
					],
					[
						"5163.301702",
						"2.389030593e-15"
					],
					[
						"5168.058102",
						"2.44450511e-15"
					],
					[
						"5172.814502",
						"2.486649235e-15"
					],
					[
						"5177.570902",
						"2.498563176e-15"
					],
					[
						"5182.327302",
						"2.534948324e-15"
					],
					[
						"5187.083702",
						"2.594682993e-15"
					],
					[
						"5191.840102",
						"2.59007831e-15"
					],
					[
						"5196.596502",
						"2.633054221e-15"
					],
					[
						"5201.352902",
						"2.649967775e-15"
					],
					[
						"5206.109302",
						"2.626468751e-15"
					],
					[
						"5210.865702",
						"2.657265175e-15"
					],
					[
						"5215.622102",
						"2.650371809e-15"
					],
					[
						"5220.378502",
						"2.539868103e-15"
					],
					[
						"5225.134902",
						"2.4748651e-15"
					],
					[
						"5229.891302",
						"2.435089492e-15"
					],
					[
						"5234.647702",
						"2.364619527e-15"
					],
					[
						"5239.404102",
						"2.326106633e-15"
					],
					[
						"5244.160502",
						"2.271223557e-15"
					],
					[
						"5248.916902",
						"2.111341429e-15"
					],
					[
						"5253.673302",
						"2.100992593e-15"
					],
					[
						"5258.429702",
						"2.081561869e-15"
					],
					[
						"5263.186102",
						"2.035913569e-15"
					],
					[
						"5267.942502",
						"1.972489648e-15"
					],
					[
						"5272.698902",
						"1.975617317e-15"
					],
					[
						"5277.455302",
						"2.044883436e-15"
					],
					[
						"5282.211702",
						"2.047661916e-15"
					],
					[
						"5286.968102",
						"2.041452529e-15"
					],
					[
						"5291.724502",
						"2.042194954e-15"
					],
					[
						"5296.480902",
						"2.067772384e-15"
					],
					[
						"5301.237302",
						"2.037667562e-15"
					],
					[
						"5305.993702",
						"2.014492106e-15"
					],
					[
						"5310.750102",
						"2.052846393e-15"
					],
					[
						"5315.506502",
						"2.057784171e-15"
					],
					[
						"5320.262902",
						"2.089198506e-15"
					],
					[
						"5325.019302",
						"2.120393035e-15"
					],
					[
						"5329.775702",
						"2.117004056e-15"
					],
					[
						"5334.532102",
						"2.133786955e-15"
					],
					[
						"5339.288502",
						"2.171284892e-15"
					],
					[
						"5344.044902",
						"2.187303132e-15"
					],
					[
						"5348.801302",
						"2.206770491e-15"
					],
					[
						"5353.557702",
						"2.200168292e-15"
					],
					[
						"5358.314102",
						"2.134780102e-15"
					],
					[
						"5363.070502",
						"2.15026577e-15"
					],
					[
						"5367.826901",
						"2.172045528e-15"
					],
					[
						"5372.583301",
						"2.172527701e-15"
					],
					[
						"5377.339701",
						"2.165540315e-15"
					],
					[
						"5382.096101",
						"2.107190756e-15"
					],
					[
						"5386.852501",
						"2.109843028e-15"
					],
					[
						"5391.608901",
						"2.125990864e-15"
					],
					[
						"5396.365301",
						"2.103779331e-15"
					],
					[
						"5401.121701",
						"2.064581611e-15"
					],
					[
						"5405.878101",
						"2.07663489e-15"
					],
					[
						"5410.634501",
						"2.055416503e-15"
					],
					[
						"5415.390901",
						"2.01975091e-15"
					],
					[
						"5420.147301",
						"2.031453517e-15"
					],
					[
						"5424.903701",
						"1.950582623e-15"
					],
					[
						"5429.660101",
						"1.902419906e-15"
					],
					[
						"5434.416501",
						"1.913600106e-15"
					],
					[
						"5439.172901",
						"1.835447764e-15"
					],
					[
						"5443.929301",
						"1.784239963e-15"
					],
					[
						"5448.685701",
						"1.771493917e-15"
					],
					[
						"5453.442101",
						"1.765428314e-15"
					],
					[
						"5458.198501",
						"1.78077814e-15"
					],
					[
						"5462.954901",
						"1.82798625e-15"
					],
					[
						"5467.711301",
						"1.894980204e-15"
					],
					[
						"5472.467701",
						"1.920083296e-15"
					],
					[
						"5477.224101",
						"1.967815508e-15"
					],
					[
						"5481.980501",
						"2.026774507e-15"
					],
					[
						"5486.736901",
						"2.088870916e-15"
					],
					[
						"5491.493301",
						"2.14148945e-15"
					],
					[
						"5496.249701",
						"2.170277558e-15"
					],
					[
						"5501.006101",
						"2.247389744e-15"
					],
					[
						"5505.762501",
						"2.247747403e-15"
					],
					[
						"5510.518901",
						"2.266858373e-15"
					],
					[
						"5515.275301",
						"2.267317676e-15"
					],
					[
						"5520.031701",
						"2.340947074e-15"
					],
					[
						"5524.788101",
						"2.302751817e-15"
					],
					[
						"5529.544501",
						"2.290038911e-15"
					],
					[
						"5534.300901",
						"2.330564779e-15"
					],
					[
						"5539.057301",
						"2.265032381e-15"
					],
					[
						"5543.813701",
						"2.290073428e-15"
					],
					[
						"5548.570101",
						"2.31603647e-15"
					],
					[
						"5553.326501",
						"2.302636197e-15"
					],
					[
						"5558.082901",
						"2.303990391e-15"
					],
					[
						"5562.839301",
						"2.376606526e-15"
					],
					[
						"5567.595701",
						"2.369837674e-15"
					],
					[
						"5572.352101",
						"2.383146255e-15"
					],
					[
						"5577.108501",
						"2.448844248e-15"
					],
					[
						"5581.864901",
						"2.476137556e-15"
					],
					[
						"5586.6213",
						"2.453729723e-15"
					],
					[
						"5591.3777",
						"2.502021612e-15"
					],
					[
						"5596.1341",
						"2.52940047e-15"
					],
					[
						"5600.8905",
						"2.464081312e-15"
					],
					[
						"5605.6469",
						"2.46513608e-15"
					],
					[
						"5610.4033",
						"2.480001508e-15"
					],
					[
						"5615.1597",
						"2.461713855e-15"
					],
					[
						"5619.9161",
						"2.476654034e-15"
					],
					[
						"5624.6725",
						"2.483351312e-15"
					],
					[
						"5629.4289",
						"2.487238134e-15"
					],
					[
						"5634.1853",
						"2.479957674e-15"
					],
					[
						"5638.9417",
						"2.456095697e-15"
					],
					[
						"5643.6981",
						"2.444220507e-15"
					],
					[
						"5648.4545",
						"2.427498383e-15"
					],
					[
						"5653.2109",
						"2.481656187e-15"
					],
					[
						"5657.9673",
						"2.522741944e-15"
					],
					[
						"5662.7237",
						"2.480905081e-15"
					],
					[
						"5667.4801",
						"2.452461503e-15"
					],
					[
						"5672.2365",
						"2.473379405e-15"
					],
					[
						"5676.9929",
						"2.525702324e-15"
					],
					[
						"5681.7493",
						"2.452627733e-15"
					],
					[
						"5686.5057",
						"2.434604777e-15"
					],
					[
						"5691.2621",
						"2.4939568e-15"
					],
					[
						"5696.0185",
						"2.409766807e-15"
					],
					[
						"5700.7749",
						"2.38950832e-15"
					],
					[
						"5705.5313",
						"2.40221932e-15"
					],
					[
						"5710.2877",
						"2.386783838e-15"
					],
					[
						"5715.0441",
						"2.339278631e-15"
					],
					[
						"5719.8005",
						"2.321500044e-15"
					],
					[
						"5724.5569",
						"2.325269765e-15"
					],
					[
						"5729.3133",
						"2.307690443e-15"
					],
					[
						"5734.0697",
						"2.239604452e-15"
					],
					[
						"5738.8261",
						"2.172153948e-15"
					],
					[
						"5743.5825",
						"2.118618289e-15"
					],
					[
						"5748.3389",
						"2.054176658e-15"
					],
					[
						"5753.0953",
						"2.011769107e-15"
					],
					[
						"5757.8517",
						"1.983615637e-15"
					],
					[
						"5762.6081",
						"2.002796698e-15"
					],
					[
						"5767.3645",
						"2.018691483e-15"
					],
					[
						"5772.1209",
						"1.991268792e-15"
					],
					[
						"5776.8773",
						"2.04407092e-15"
					],
					[
						"5781.6337",
						"2.05630017e-15"
					],
					[
						"5786.3901",
						"2.06927735e-15"
					],
					[
						"5791.1465",
						"2.059581364e-15"
					],
					[
						"5795.9029",
						"2.079896178e-15"
					],
					[
						"5800.6593",
						"2.13480043e-15"
					],
					[
						"5805.4157",
						"2.099523414e-15"
					],
					[
						"5810.172099",
						"2.149098135e-15"
					],
					[
						"5814.928499",
						"2.165404366e-15"
					],
					[
						"5819.684899",
						"2.14345266e-15"
					],
					[
						"5824.441299",
						"2.209351188e-15"
					],
					[
						"5829.197699",
						"2.191210072e-15"
					],
					[
						"5833.954099",
						"2.211232025e-15"
					],
					[
						"5838.710499",
						"2.23526722e-15"
					],
					[
						"5843.466899",
						"2.238563025e-15"
					],
					[
						"5848.223299",
						"2.23778799e-15"
					],
					[
						"5852.979699",
						"2.262147811e-15"
					],
					[
						"5857.736099",
						"2.308018456e-15"
					],
					[
						"5862.492499",
						"2.314032602e-15"
					],
					[
						"5867.248899",
						"2.322767629e-15"
					],
					[
						"5872.005299",
						"2.307786369e-15"
					],
					[
						"5876.761699",
						"2.267293324e-15"
					],
					[
						"5881.518099",
						"2.288248072e-15"
					],
					[
						"5886.274499",
						"2.258451147e-15"
					],
					[
						"5891.030899",
						"2.227691357e-15"
					],
					[
						"5895.787299",
						"2.261195322e-15"
					],
					[
						"5900.543699",
						"2.275553166e-15"
					],
					[
						"5905.300099",
						"2.36604106e-15"
					],
					[
						"5910.056499",
						"2.332567589e-15"
					],
					[
						"5914.812899",
						"2.333293496e-15"
					],
					[
						"5919.569299",
						"2.342447805e-15"
					],
					[
						"5924.325699",
						"2.331993724e-15"
					],
					[
						"5929.082099",
						"2.354310501e-15"
					],
					[
						"5933.838499",
						"2.421083167e-15"
					],
					[
						"5938.594899",
						"2.324296736e-15"
					],
					[
						"5943.351299",
						"2.273653271e-15"
					],
					[
						"5948.107699",
						"2.338157159e-15"
					],
					[
						"5952.864099",
						"2.37873999e-15"
					],
					[
						"5957.620499",
						"2.427051573e-15"
					],
					[
						"5962.376899",
						"2.414543861e-15"
					],
					[
						"5967.133299",
						"2.406154635e-15"
					],
					[
						"5971.889699",
						"2.450359167e-15"
					],
					[
						"5976.646099",
						"2.451847827e-15"
					],
					[
						"5981.402499",
						"2.439389667e-15"
					],
					[
						"5986.158899",
						"2.450874586e-15"
					],
					[
						"5990.915299",
						"2.476088216e-15"
					],
					[
						"5995.671699",
						"2.473222068e-15"
					],
					[
						"6000.428099",
						"2.410780917e-15"
					],
					[
						"6005.184499",
						"2.408386567e-15"
					],
					[
						"6009.940899",
						"2.411653996e-15"
					],
					[
						"6014.697299",
						"2.37683946e-15"
					],
					[
						"6019.453699",
						"2.337971024e-15"
					],
					[
						"6024.210099",
						"2.356039295e-15"
					],
					[
						"6028.966499",
						"2.348128643e-15"
					],
					[
						"6033.722898",
						"2.348533313e-15"
					],
					[
						"6038.479298",
						"2.311085139e-15"
					],
					[
						"6043.235698",
						"2.211198567e-15"
					],
					[
						"6047.992098",
						"2.188642291e-15"
					],
					[
						"6052.748498",
						"2.121769887e-15"
					],
					[
						"6057.504898",
						"2.086175869e-15"
					],
					[
						"6062.261298",
						"2.040813443e-15"
					],
					[
						"6067.017698",
						"1.950228563e-15"
					],
					[
						"6071.774098",
						"1.866709844e-15"
					],
					[
						"6076.530498",
						"1.801670843e-15"
					],
					[
						"6081.286898",
						"1.762738561e-15"
					],
					[
						"6086.043298",
						"1.711306085e-15"
					],
					[
						"6090.799698",
						"1.603743066e-15"
					],
					[
						"6095.556098",
						"1.502922004e-15"
					],
					[
						"6100.312498",
						"1.458567865e-15"
					],
					[
						"6105.068898",
						"1.412156389e-15"
					],
					[
						"6109.825298",
						"1.359013436e-15"
					],
					[
						"6114.581698",
						"1.335421239e-15"
					],
					[
						"6119.338098",
						"1.231423381e-15"
					],
					[
						"6124.094498",
						"1.15976397e-15"
					],
					[
						"6128.850898",
						"1.205804869e-15"
					],
					[
						"6133.607298",
						"1.197976909e-15"
					],
					[
						"6138.363698",
						"1.175322059e-15"
					],
					[
						"6143.120098",
						"1.203479552e-15"
					],
					[
						"6147.876498",
						"1.198731615e-15"
					],
					[
						"6152.632898",
						"1.195051363e-15"
					],
					[
						"6157.389298",
						"1.237553041e-15"
					],
					[
						"6162.145698",
						"1.257864255e-15"
					],
					[
						"6166.902098",
						"1.28692098e-15"
					],
					[
						"6171.658498",
						"1.337553962e-15"
					],
					[
						"6176.414898",
						"1.374796624e-15"
					],
					[
						"6181.171298",
						"1.435733445e-15"
					],
					[
						"6185.927698",
						"1.524006243e-15"
					],
					[
						"6190.684098",
						"1.603924013e-15"
					],
					[
						"6195.440498",
						"1.646905323e-15"
					],
					[
						"6200.196898",
						"1.678723163e-15"
					],
					[
						"6204.953298",
						"1.751678852e-15"
					],
					[
						"6209.709698",
						"1.733390034e-15"
					],
					[
						"6214.466098",
						"1.744206645e-15"
					],
					[
						"6219.222498",
						"1.787020561e-15"
					],
					[
						"6223.978898",
						"1.800312413e-15"
					],
					[
						"6228.735298",
						"1.891403819e-15"
					],
					[
						"6233.491698",
						"1.919706366e-15"
					],
					[
						"6238.248098",
						"1.910728452e-15"
					],
					[
						"6243.004498",
						"1.919309319e-15"
					],
					[
						"6247.760898",
						"1.984811648e-15"
					],
					[
						"6252.517298",
						"2.045685153e-15"
					],
					[
						"6257.273697",
						"2.074270609e-15"
					],
					[
						"6262.030097",
						"2.078749719e-15"
					],
					[
						"6266.786497",
						"2.06215465e-15"
					],
					[
						"6271.542897",
						"2.03707951e-15"
					],
					[
						"6276.299297",
						"2.016102315e-15"
					],
					[
						"6281.055697",
						"2.03772029e-15"
					],
					[
						"6285.812097",
						"2.081185151e-15"
					],
					[
						"6290.568497",
						"2.104375854e-15"
					],
					[
						"6295.324897",
						"2.145600312e-15"
					],
					[
						"6300.081297",
						"2.14528691e-15"
					],
					[
						"6304.837697",
						"2.161412088e-15"
					],
					[
						"6309.594097",
						"2.189887642e-15"
					],
					[
						"6314.350497",
						"2.200870059e-15"
					],
					[
						"6319.106897",
						"2.202858469e-15"
					],
					[
						"6323.863297",
						"2.231960403e-15"
					],
					[
						"6328.619697",
						"2.207977089e-15"
					],
					[
						"6333.376097",
						"2.200594985e-15"
					],
					[
						"6338.132497",
						"2.181577401e-15"
					],
					[
						"6342.888897",
						"2.1918265e-15"
					],
					[
						"6347.645297",
						"2.219428974e-15"
					],
					[
						"6352.401697",
						"2.214293414e-15"
					],
					[
						"6357.158097",
						"2.221574932e-15"
					],
					[
						"6361.914497",
						"2.21545279e-15"
					],
					[
						"6366.670897",
						"2.214061327e-15"
					],
					[
						"6371.427297",
						"2.24792528e-15"
					],
					[
						"6376.183697",
						"2.247741474e-15"
					],
					[
						"6380.940097",
						"2.255760123e-15"
					],
					[
						"6385.696497",
						"2.243759784e-15"
					],
					[
						"6390.452897",
						"2.251761281e-15"
					],
					[
						"6395.209297",
						"2.276533606e-15"
					],
					[
						"6399.965697",
						"2.314483224e-15"
					],
					[
						"6404.722097",
						"2.330485793e-15"
					],
					[
						"6409.478497",
						"2.297002581e-15"
					],
					[
						"6414.234897",
						"2.273774397e-15"
					],
					[
						"6418.991297",
						"2.316149761e-15"
					],
					[
						"6423.747697",
						"2.324327652e-15"
					],
					[
						"6428.504097",
						"2.32695049e-15"
					],
					[
						"6433.260497",
						"2.292158188e-15"
					],
					[
						"6438.016897",
						"2.272634078e-15"
					],
					[
						"6442.773297",
						"2.272757534e-15"
					],
					[
						"6447.529697",
						"2.2850357e-15"
					],
					[
						"6452.286097",
						"2.278895981e-15"
					],
					[
						"6457.042497",
						"2.217812624e-15"
					],
					[
						"6461.798897",
						"2.206266929e-15"
					],
					[
						"6466.555297",
						"2.19501092e-15"
					],
					[
						"6471.311697",
						"2.166007665e-15"
					],
					[
						"6476.068097",
						"2.133646136e-15"
					],
					[
						"6480.824496",
						"2.156379653e-15"
					],
					[
						"6485.580896",
						"2.17894927e-15"
					],
					[
						"6490.337296",
						"2.123875611e-15"
					],
					[
						"6495.093696",
						"2.120456351e-15"
					],
					[
						"6499.850096",
						"2.107798714e-15"
					],
					[
						"6504.606496",
						"2.098442388e-15"
					],
					[
						"6509.362896",
						"2.099153049e-15"
					],
					[
						"6514.119296",
						"2.075273284e-15"
					],
					[
						"6518.875696",
						"2.079030722e-15"
					],
					[
						"6523.632096",
						"2.129520662e-15"
					],
					[
						"6528.388496",
						"2.126651126e-15"
					],
					[
						"6533.144896",
						"2.084247175e-15"
					],
					[
						"6537.901296",
						"2.061830448e-15"
					],
					[
						"6542.657696",
						"2.026579689e-15"
					],
					[
						"6547.414096",
						"2.045554498e-15"
					],
					[
						"6552.170496",
						"2.095431186e-15"
					],
					[
						"6556.926896",
						"2.081331052e-15"
					],
					[
						"6561.683296",
						"2.10327577e-15"
					],
					[
						"6566.439696",
						"2.065441773e-15"
					],
					[
						"6571.196096",
						"2.050499476e-15"
					],
					[
						"6575.952496",
						"2.048763482e-15"
					],
					[
						"6580.708896",
						"2.015357773e-15"
					],
					[
						"6585.465296",
						"2.020027678e-15"
					],
					[
						"6590.221696",
						"2.047892309e-15"
					],
					[
						"6594.978096",
						"1.946027068e-15"
					],
					[
						"6599.734496",
						"1.853175951e-15"
					],
					[
						"6604.490896",
						"1.912980077e-15"
					],
					[
						"6609.247296",
						"1.995298974e-15"
					],
					[
						"6614.003696",
						"2.040345669e-15"
					],
					[
						"6618.760096",
						"2.032932225e-15"
					],
					[
						"6623.516496",
						"1.965431746e-15"
					],
					[
						"6628.272896",
						"1.994112281e-15"
					],
					[
						"6633.029296",
						"2.056087141e-15"
					],
					[
						"6637.785696",
						"2.080022386e-15"
					],
					[
						"6642.542096",
						"1.970911625e-15"
					],
					[
						"6647.298496",
						"1.910577257e-15"
					],
					[
						"6652.054896",
						"1.96062081e-15"
					],
					[
						"6656.811296",
						"1.942759638e-15"
					],
					[
						"6661.567696",
						"1.93501331e-15"
					],
					[
						"6666.324096",
						"1.924804657e-15"
					],
					[
						"6671.080496",
						"1.951196722e-15"
					],
					[
						"6675.836896",
						"1.946489548e-15"
					],
					[
						"6680.593296",
						"1.925625221e-15"
					],
					[
						"6685.349696",
						"1.934961429e-15"
					],
					[
						"6690.106096",
						"1.915172834e-15"
					],
					[
						"6694.862496",
						"1.903976541e-15"
					],
					[
						"6699.618896",
						"1.923920567e-15"
					],
					[
						"6704.375295",
						"1.906368562e-15"
					],
					[
						"6709.131695",
						"1.883862261e-15"
					],
					[
						"6713.888095",
						"1.868092837e-15"
					],
					[
						"6718.644495",
						"1.874310482e-15"
					],
					[
						"6723.400895",
						"1.873008169e-15"
					],
					[
						"6728.157295",
						"1.848962386e-15"
					],
					[
						"6732.913695",
						"1.821965964e-15"
					],
					[
						"6737.670095",
						"1.834601154e-15"
					],
					[
						"6742.426495",
						"1.841114414e-15"
					],
					[
						"6747.182895",
						"1.799635422e-15"
					],
					[
						"6751.939295",
						"1.780823879e-15"
					],
					[
						"6756.695695",
						"1.784328266e-15"
					],
					[
						"6761.452095",
						"1.812208568e-15"
					],
					[
						"6766.208495",
						"1.83692393e-15"
					],
					[
						"6770.964895",
						"1.825186595e-15"
					],
					[
						"6775.721295",
						"1.821905824e-15"
					],
					[
						"6780.477695",
						"1.787095311e-15"
					],
					[
						"6785.234095",
						"1.780507301e-15"
					],
					[
						"6789.990495",
						"1.79124789e-15"
					],
					[
						"6794.746895",
						"1.781158246e-15"
					],
					[
						"6799.503295",
						"1.75171411e-15"
					],
					[
						"6804.259695",
						"1.773424623e-15"
					],
					[
						"6809.016095",
						"1.757270328e-15"
					],
					[
						"6813.772495",
						"1.764637927e-15"
					],
					[
						"6818.528895",
						"1.730047748e-15"
					],
					[
						"6823.285295",
						"1.727544554e-15"
					],
					[
						"6828.041695",
						"1.774383464e-15"
					],
					[
						"6832.798095",
						"1.77637251e-15"
					],
					[
						"6837.554495",
						"1.739238479e-15"
					],
					[
						"6842.310895",
						"1.728788951e-15"
					],
					[
						"6847.067295",
						"1.725240836e-15"
					],
					[
						"6851.823695",
						"1.688229096e-15"
					],
					[
						"6856.580095",
						"1.674518703e-15"
					],
					[
						"6861.336495",
						"1.566778654e-15"
					],
					[
						"6866.092895",
						"1.334278909e-15"
					],
					[
						"6870.849295",
						"1.20026358e-15"
					],
					[
						"6875.605695",
						"1.205997146e-15"
					],
					[
						"6880.362095",
						"1.360158942e-15"
					],
					[
						"6885.118495",
						"1.406979006e-15"
					],
					[
						"6889.874895",
						"1.362733393e-15"
					],
					[
						"6894.631295",
						"1.349880197e-15"
					],
					[
						"6899.387695",
						"1.391433622e-15"
					],
					[
						"6904.144095",
						"1.433789716e-15"
					],
					[
						"6908.900495",
						"1.462938767e-15"
					],
					[
						"6913.656895",
						"1.506685054e-15"
					],
					[
						"6918.413295",
						"1.533127411e-15"
					],
					[
						"6923.169695",
						"1.546980847e-15"
					],
					[
						"6927.926094",
						"1.575588326e-15"
					],
					[
						"6932.682494",
						"1.532343376e-15"
					],
					[
						"6937.438894",
						"1.512874112e-15"
					],
					[
						"6942.195294",
						"1.577232734e-15"
					],
					[
						"6946.951694",
						"1.573628186e-15"
					],
					[
						"6951.708094",
						"1.572607617e-15"
					],
					[
						"6956.464494",
						"1.576621706e-15"
					],
					[
						"6961.220894",
						"1.610764545e-15"
					],
					[
						"6965.977294",
						"1.622517974e-15"
					],
					[
						"6970.733694",
						"1.638067593e-15"
					],
					[
						"6975.490094",
						"1.62072237e-15"
					],
					[
						"6980.246494",
						"1.582966089e-15"
					],
					[
						"6985.002894",
						"1.567913148e-15"
					],
					[
						"6989.759294",
						"1.512892535e-15"
					],
					[
						"6994.515694",
						"1.476930375e-15"
					],
					[
						"6999.272094",
						"1.523025484e-15"
					],
					[
						"7004.028494",
						"1.554595355e-15"
					],
					[
						"7008.784894",
						"1.522936652e-15"
					],
					[
						"7013.541294",
						"1.520432611e-15"
					],
					[
						"7018.297694",
						"1.532572816e-15"
					],
					[
						"7023.054094",
						"1.538483412e-15"
					],
					[
						"7027.810494",
						"1.531686079e-15"
					],
					[
						"7032.566894",
						"1.514984495e-15"
					],
					[
						"7037.323294",
						"1.546624881e-15"
					],
					[
						"7042.079694",
						"1.569914793e-15"
					],
					[
						"7046.836094",
						"1.579649002e-15"
					],
					[
						"7051.592494",
						"1.574816573e-15"
					],
					[
						"7056.348894",
						"1.554697317e-15"
					],
					[
						"7061.105294",
						"1.568960928e-15"
					],
					[
						"7065.861694",
						"1.56673302e-15"
					],
					[
						"7070.618094",
						"1.5560117e-15"
					],
					[
						"7075.374494",
						"1.575237336e-15"
					],
					[
						"7080.130894",
						"1.589866231e-15"
					],
					[
						"7084.887294",
						"1.565899751e-15"
					],
					[
						"7089.643694",
						"1.589108136e-15"
					],
					[
						"7094.400094",
						"1.634260922e-15"
					],
					[
						"7099.156494",
						"1.582243146e-15"
					],
					[
						"7103.912894",
						"1.571410759e-15"
					],
					[
						"7108.669294",
						"1.55242928e-15"
					],
					[
						"7113.425694",
						"1.59013527e-15"
					],
					[
						"7118.182094",
						"1.609126172e-15"
					],
					[
						"7122.938494",
						"1.554923369e-15"
					],
					[
						"7127.694894",
						"1.573351312e-15"
					],
					[
						"7132.451294",
						"1.593920977e-15"
					],
					[
						"7137.207694",
						"1.586877475e-15"
					],
					[
						"7141.964094",
						"1.585629372e-15"
					],
					[
						"7146.720494",
						"1.598935942e-15"
					],
					[
						"7151.476893",
						"1.569207309e-15"
					],
					[
						"7156.233293",
						"1.521356724e-15"
					],
					[
						"7160.989693",
						"1.457869804e-15"
					],
					[
						"7165.746093",
						"1.397823215e-15"
					],
					[
						"7170.502493",
						"1.326759692e-15"
					],
					[
						"7175.258893",
						"1.24686998e-15"
					],
					[
						"7180.015293",
						"1.240061529e-15"
					],
					[
						"7184.771693",
						"1.211376229e-15"
					],
					[
						"7189.528093",
						"1.150932699e-15"
					],
					[
						"7194.284493",
						"1.169728148e-15"
					],
					[
						"7199.040893",
						"1.209777454e-15"
					],
					[
						"7203.797293",
						"1.265545044e-15"
					],
					[
						"7208.553693",
						"1.355522919e-15"
					],
					[
						"7213.310093",
						"1.403149041e-15"
					],
					[
						"7218.066493",
						"1.437239787e-15"
					],
					[
						"7222.822893",
						"1.423842585e-15"
					],
					[
						"7227.579293",
						"1.362006321e-15"
					],
					[
						"7232.335693",
						"1.29788508e-15"
					],
					[
						"7237.092093",
						"1.225345602e-15"
					],
					[
						"7241.848493",
						"1.228774179e-15"
					],
					[
						"7246.604893",
						"1.235915302e-15"
					],
					[
						"7251.361293",
						"1.252948606e-15"
					],
					[
						"7256.117693",
						"1.262840998e-15"
					],
					[
						"7260.874093",
						"1.24575052e-15"
					],
					[
						"7265.630493",
						"1.273366229e-15"
					],
					[
						"7270.386893",
						"1.274144758e-15"
					],
					[
						"7275.143293",
						"1.261087322e-15"
					],
					[
						"7279.899693",
						"1.292146432e-15"
					],
					[
						"7284.656093",
						"1.307866834e-15"
					],
					[
						"7289.412493",
						"1.302960078e-15"
					],
					[
						"7294.168893",
						"1.276248259e-15"
					],
					[
						"7298.925293",
						"1.306840759e-15"
					],
					[
						"7303.681693",
						"1.316277553e-15"
					],
					[
						"7308.438093",
						"1.312569667e-15"
					],
					[
						"7313.194493",
						"1.311778114e-15"
					],
					[
						"7317.950893",
						"1.319087903e-15"
					],
					[
						"7322.707293",
						"1.384874834e-15"
					],
					[
						"7327.463693",
						"1.435301247e-15"
					],
					[
						"7332.220093",
						"1.39709932e-15"
					],
					[
						"7336.976493",
						"1.383692694e-15"
					],
					[
						"7341.732893",
						"1.410215625e-15"
					],
					[
						"7346.489293",
						"1.432764277e-15"
					],
					[
						"7351.245693",
						"1.42822831e-15"
					],
					[
						"7356.002093",
						"1.387671525e-15"
					],
					[
						"7360.758493",
						"1.430748656e-15"
					],
					[
						"7365.514893",
						"1.397825968e-15"
					],
					[
						"7370.271293",
						"1.414428449e-15"
					],
					[
						"7375.027692",
						"1.450771668e-15"
					],
					[
						"7379.784092",
						"1.409242807e-15"
					],
					[
						"7384.540492",
						"1.378028902e-15"
					],
					[
						"7389.296892",
						"1.414182704e-15"
					],
					[
						"7394.053292",
						"1.444403992e-15"
					],
					[
						"7398.809692",
						"1.443709213e-15"
					],
					[
						"7403.566092",
						"1.462404289e-15"
					],
					[
						"7408.322492",
						"1.477139063e-15"
					],
					[
						"7413.078892",
						"1.462320433e-15"
					],
					[
						"7417.835292",
						"1.47002208e-15"
					],
					[
						"7422.591692",
						"1.479357865e-15"
					],
					[
						"7427.348092",
						"1.483629558e-15"
					],
					[
						"7432.104492",
						"1.503665593e-15"
					],
					[
						"7436.860892",
						"1.505053139e-15"
					],
					[
						"7441.617292",
						"1.484195906e-15"
					],
					[
						"7446.373692",
						"1.488790213e-15"
					],
					[
						"7451.130092",
						"1.486809532e-15"
					],
					[
						"7455.886492",
						"1.474808346e-15"
					],
					[
						"7460.642892",
						"1.482804548e-15"
					],
					[
						"7465.399292",
						"1.450976227e-15"
					],
					[
						"7470.155692",
						"1.398376645e-15"
					],
					[
						"7474.912092",
						"1.399531681e-15"
					],
					[
						"7479.668492",
						"1.357511435e-15"
					],
					[
						"7484.424892",
						"1.371596005e-15"
					],
					[
						"7489.181292",
						"1.361057009e-15"
					],
					[
						"7493.937692",
						"1.332842977e-15"
					],
					[
						"7498.694092",
						"1.403442432e-15"
					],
					[
						"7503.450492",
						"1.361736223e-15"
					],
					[
						"7508.206892",
						"1.319570182e-15"
					],
					[
						"7512.963292",
						"1.354884997e-15"
					],
					[
						"7517.719692",
						"1.344084586e-15"
					],
					[
						"7522.476092",
						"1.336978403e-15"
					],
					[
						"7527.232492",
						"1.368551345e-15"
					],
					[
						"7531.988892",
						"1.373522581e-15"
					],
					[
						"7536.745292",
						"1.38685615e-15"
					],
					[
						"7541.501692",
						"1.381154665e-15"
					],
					[
						"7546.258092",
						"1.408813785e-15"
					],
					[
						"7551.014492",
						"1.365033723e-15"
					],
					[
						"7555.770892",
						"1.326072113e-15"
					],
					[
						"7560.527292",
						"1.393675507e-15"
					],
					[
						"7565.283692",
						"1.414429614e-15"
					],
					[
						"7570.040092",
						"1.341814326e-15"
					],
					[
						"7574.796492",
						"1.340593858e-15"
					],
					[
						"7579.552892",
						"1.359271252e-15"
					],
					[
						"7584.309292",
						"1.324624534e-15"
					],
					[
						"7589.065692",
						"1.140541298e-15"
					],
					[
						"7593.822092",
						"7.47869159e-16"
					],
					[
						"7598.578491",
						"3.829213344e-16"
					],
					[
						"7603.334891",
						"1.71041866e-16"
					],
					[
						"7608.091291",
						"1.686902378e-16"
					],
					[
						"7612.847691",
						"3.947778104e-16"
					],
					[
						"7617.604091",
						"5.729618846e-16"
					],
					[
						"7622.360491",
						"6.059854758e-16"
					],
					[
						"7627.116891",
						"5.083017717e-16"
					],
					[
						"7631.873291",
						"4.529813088e-16"
					],
					[
						"7636.629691",
						"5.012942152e-16"
					],
					[
						"7641.386091",
						"5.854928901e-16"
					],
					[
						"7646.142491",
						"6.859162693e-16"
					],
					[
						"7650.898891",
						"7.952533997e-16"
					],
					[
						"7655.655291",
						"9.019447168e-16"
					],
					[
						"7660.411691",
						"1.012173879e-15"
					],
					[
						"7665.168091",
						"1.107608975e-15"
					],
					[
						"7669.924491",
						"1.178272169e-15"
					],
					[
						"7674.680891",
						"1.232611874e-15"
					],
					[
						"7679.437291",
						"1.277596629e-15"
					],
					[
						"7684.193691",
						"1.337991137e-15"
					],
					[
						"7688.950091",
						"1.346473643e-15"
					],
					[
						"7693.706491",
						"1.347226973e-15"
					],
					[
						"7698.462891",
						"1.375800147e-15"
					],
					[
						"7703.219291",
						"1.387430121e-15"
					],
					[
						"7707.975691",
						"1.411685015e-15"
					],
					[
						"7712.732091",
						"1.409511317e-15"
					],
					[
						"7717.488491",
						"1.401142949e-15"
					],
					[
						"7722.244891",
						"1.427219917e-15"
					],
					[
						"7727.001291",
						"1.428897042e-15"
					],
					[
						"7731.757691",
						"1.454295855e-15"
					],
					[
						"7736.514091",
						"1.437394689e-15"
					],
					[
						"7741.270491",
						"1.439588927e-15"
					],
					[
						"7746.026891",
						"1.431319874e-15"
					],
					[
						"7750.783291",
						"1.494591224e-15"
					],
					[
						"7755.539691",
						"1.481724158e-15"
					],
					[
						"7760.296091",
						"1.436424306e-15"
					],
					[
						"7765.052491",
						"1.452903015e-15"
					],
					[
						"7769.808891",
						"1.46406585e-15"
					],
					[
						"7774.565291",
						"1.47355389e-15"
					],
					[
						"7779.321691",
						"1.497960932e-15"
					],
					[
						"7784.078091",
						"1.508531057e-15"
					],
					[
						"7788.834491",
						"1.519717397e-15"
					],
					[
						"7793.590891",
						"1.516179446e-15"
					],
					[
						"7798.347291",
						"1.501730229e-15"
					],
					[
						"7803.103691",
						"1.486643513e-15"
					],
					[
						"7807.860091",
						"1.51774561e-15"
					],
					[
						"7812.616491",
						"1.553368852e-15"
					],
					[
						"7817.372891",
						"1.556795312e-15"
					],
					[
						"7822.12929",
						"1.544722233e-15"
					],
					[
						"7826.88569",
						"1.560647406e-15"
					],
					[
						"7831.64209",
						"1.560302557e-15"
					],
					[
						"7836.39849",
						"1.525894279e-15"
					],
					[
						"7841.15489",
						"1.49317022e-15"
					],
					[
						"7845.91129",
						"1.500339083e-15"
					],
					[
						"7850.66769",
						"1.493480658e-15"
					],
					[
						"7855.42409",
						"1.464081309e-15"
					],
					[
						"7860.18049",
						"1.51093843e-15"
					],
					[
						"7864.93689",
						"1.4947961e-15"
					],
					[
						"7869.69329",
						"1.500274074e-15"
					],
					[
						"7874.44969",
						"1.498482387e-15"
					],
					[
						"7879.20609",
						"1.48056097e-15"
					],
					[
						"7883.96249",
						"1.499649281e-15"
					],
					[
						"7888.71889",
						"1.481391274e-15"
					],
					[
						"7893.47529",
						"1.443977299e-15"
					],
					[
						"7898.23169",
						"1.427522837e-15"
					],
					[
						"7902.98809",
						"1.42932257e-15"
					],
					[
						"7907.74449",
						"1.46618428e-15"
					],
					[
						"7912.50089",
						"1.48017917e-15"
					],
					[
						"7917.25729",
						"1.442343267e-15"
					],
					[
						"7922.01369",
						"1.458367224e-15"
					],
					[
						"7926.77009",
						"1.488865916e-15"
					],
					[
						"7931.52649",
						"1.478967172e-15"
					],
					[
						"7936.28289",
						"1.461467683e-15"
					],
					[
						"7941.03929",
						"1.474415746e-15"
					],
					[
						"7945.79569",
						"1.429176351e-15"
					],
					[
						"7950.55209",
						"1.37166292e-15"
					],
					[
						"7955.30849",
						"1.385118991e-15"
					],
					[
						"7960.06489",
						"1.406060081e-15"
					],
					[
						"7964.82129",
						"1.360804487e-15"
					],
					[
						"7969.57769",
						"1.351997992e-15"
					],
					[
						"7974.33409",
						"1.37573916e-15"
					],
					[
						"7979.09049",
						"1.373786432e-15"
					],
					[
						"7983.84689",
						"1.389287558e-15"
					],
					[
						"7988.60329",
						"1.324734648e-15"
					],
					[
						"7993.35969",
						"1.333413242e-15"
					],
					[
						"7998.11609",
						"1.320674607e-15"
					],
					[
						"8002.87249",
						"1.329969735e-15"
					],
					[
						"8007.62889",
						"1.318611447e-15"
					],
					[
						"8012.38529",
						"1.295930657e-15"
					],
					[
						"8017.14169",
						"1.323604918e-15"
					],
					[
						"8021.89809",
						"1.294826444e-15"
					],
					[
						"8026.65449",
						"1.283087414e-15"
					],
					[
						"8031.41089",
						"1.314921983e-15"
					],
					[
						"8036.16729",
						"1.299600004e-15"
					],
					[
						"8040.92369",
						"1.308009241e-15"
					],
					[
						"8045.680089",
						"1.340574588e-15"
					],
					[
						"8050.436489",
						"1.320479896e-15"
					],
					[
						"8055.192889",
						"1.361749564e-15"
					],
					[
						"8059.949289",
						"1.357419955e-15"
					],
					[
						"8064.705689",
						"1.373277577e-15"
					],
					[
						"8069.462089",
						"1.37006531e-15"
					],
					[
						"8074.218489",
						"1.334275627e-15"
					],
					[
						"8078.974889",
						"1.346565969e-15"
					],
					[
						"8083.731289",
						"1.376636804e-15"
					],
					[
						"8088.487689",
						"1.389221596e-15"
					],
					[
						"8093.244089",
						"1.381181982e-15"
					],
					[
						"8098.000489",
						"1.374889269e-15"
					],
					[
						"8102.756889",
						"1.395666246e-15"
					],
					[
						"8107.513289",
						"1.382406263e-15"
					],
					[
						"8112.269689",
						"1.323060805e-15"
					],
					[
						"8117.026089",
						"1.320456814e-15"
					],
					[
						"8121.782489",
						"1.30610257e-15"
					],
					[
						"8126.538889",
						"1.253379004e-15"
					],
					[
						"8131.295289",
						"1.181793497e-15"
					],
					[
						"8136.051689",
						"1.161637183e-15"
					],
					[
						"8140.808089",
						"1.16276649e-15"
					],
					[
						"8145.564489",
						"1.159591175e-15"
					],
					[
						"8150.320889",
						"1.135389009e-15"
					],
					[
						"8155.077289",
						"1.087500413e-15"
					],
					[
						"8159.833689",
						"1.076743094e-15"
					],
					[
						"8164.590089",
						"1.087550917e-15"
					],
					[
						"8169.346489",
						"1.097462791e-15"
					],
					[
						"8174.102889",
						"1.213843953e-15"
					],
					[
						"8178.859289",
						"1.182650588e-15"
					],
					[
						"8183.615689",
						"1.240661016e-15"
					],
					[
						"8188.372089",
						"1.244312469e-15"
					],
					[
						"8193.128489",
						"1.260525951e-15"
					],
					[
						"8197.884889",
						"1.352307794e-15"
					],
					[
						"8202.641289",
						"1.409023638e-15"
					],
					[
						"8207.397689",
						"1.426453458e-15"
					],
					[
						"8212.154089",
						"1.38916728e-15"
					],
					[
						"8216.910489",
						"1.276378702e-15"
					],
					[
						"8221.666889",
						"1.171427084e-15"
					],
					[
						"8226.423289",
						"1.095947767e-15"
					],
					[
						"8231.179689",
						"1.101304721e-15"
					],
					[
						"8235.936089",
						"1.240999512e-15"
					],
					[
						"8240.692489",
						"1.324978276e-15"
					],
					[
						"8245.448889",
						"1.35800589e-15"
					],
					[
						"8250.205289",
						"1.413702436e-15"
					]
				],
				"source":"9"
			}
		]
	}
}