{
	"ASASSN-16hf":{
		"schema":"https://github.com/astrocatalogs/supernovae/blob/a0bc0b9/SCHEMA.md",
		"name":"ASASSN-16hf",
		"sources":[
			{
				"name":"2012PASP..124..668Y",
				"bibcode":"2012PASP..124..668Y",
				"reference":"Yaron & Gal-Yam (2012)",
				"alias":"1"
			},
			{
				"name":"2011ApJ...737..103S",
				"bibcode":"2011ApJ...737..103S",
				"reference":"Schlafly & Finkbeiner (2011)",
				"alias":"2"
			},
			{
				"name":"Transient Name Server",
				"url":"https://wis-tns.weizmann.ac.il/",
				"alias":"3"
			},
			{
				"name":"The Open Supernova Catalog",
				"bibcode":"2017ApJ...835...64G",
				"reference":"Guillochon et al. (2017)",
				"secondary":true,
				"url":"https://sne.space",
				"alias":"4"
			}
		],
		"alias":[
			{
				"value":"ASASSN-16hf",
				"source":"3,4"
			},
			{
				"value":"AT2016dah",
				"source":"3"
			},
			{
				"value":"iPTF16bqy",
				"source":"1,4"
			}
		],
		"dec":[
			{
				"value":"+40:08:35.68",
				"u_value":"degrees",
				"source":"3"
			}
		],
		"discoverdate":[
			{
				"value":"2016/07/14.54",
				"source":"3"
			}
		],
		"discoverer":[
			{
				"value":"ASAS-SN",
				"source":"3"
			}
		],
		"ebv":[
			{
				"value":"0.0545",
				"derived":true,
				"e_value":"0.0012",
				"source":"2,4"
			}
		],
		"host":[
			{
				"value":"M31",
				"source":"3"
			}
		],
		"hostredshift":[
			{
				"value":"-0.001001",
				"source":"3"
			}
		],
		"hostvelocity":[
			{
				"value":"-300.242",
				"source":"4"
			}
		],
		"maxappmag":[
			{
				"value":"16.4",
				"derived":true,
				"source":"3,4"
			}
		],
		"maxband":[
			{
				"value":"V",
				"derived":true,
				"source":"3,4"
			}
		],
		"maxdate":[
			{
				"value":"2016/07/14",
				"derived":true,
				"source":"3,4"
			}
		],
		"maxvisualappmag":[
			{
				"value":"16.4",
				"derived":true,
				"source":"3,4"
			}
		],
		"maxvisualband":[
			{
				"value":"V",
				"derived":true,
				"source":"3,4"
			}
		],
		"maxvisualdate":[
			{
				"value":"2016/07/14",
				"derived":true,
				"source":"3,4"
			}
		],
		"ra":[
			{
				"value":"00:44:41.07",
				"u_value":"hours",
				"source":"3"
			}
		],
		"redshift":[
			{
				"value":"-0.001001",
				"kind":"host",
				"source":"3"
			}
		],
		"velocity":[
			{
				"value":"-300.242",
				"u_value":"km/s",
				"source":"4"
			}
		],
		"photometry":[
			{
				"time":"57580.52",
				"band":"V",
				"instrument":"Brutus",
				"magnitude":"17.6",
				"observer":"ASASSN",
				"system":"Vega",
				"telescope":"ASASSN-1",
				"u_time":"MJD",
				"upperlimit":true,
				"source":"3"
			},
			{
				"time":"57582.52",
				"band":"V",
				"instrument":"Brutus",
				"magnitude":"16.6",
				"observer":"ASASSN",
				"system":"Vega",
				"telescope":"ASASSN-1",
				"u_time":"MJD",
				"source":"3"
			},
			{
				"time":"57583.54",
				"band":"V",
				"instrument":"Brutus",
				"magnitude":"16.4",
				"observer":"ASASSN",
				"system":"Vega",
				"telescope":"ASASSN-1",
				"u_time":"MJD",
				"source":"3"
			}
		]
	}
}