{
	"ASASSN-15ov":{
		"schema":"https://github.com/astrocatalogs/supernovae/blob/a0bc0b9/SCHEMA.md",
		"name":"ASASSN-15ov",
		"sources":[
			{
				"name":"2016A&A...594A..13P",
				"bibcode":"2016A&A...594A..13P",
				"reference":"Planck Collaboration et al. (2016)",
				"alias":"1"
			},
			{
				"name":"2015ATel.7948....1B",
				"bibcode":"2015ATel.7948....1B",
				"reference":"Brimacombe et al. (2015)",
				"alias":"2"
			},
			{
				"name":"2015ATel.8005....1R",
				"bibcode":"2015ATel.8005....1R",
				"reference":"Romero-Canizales et al. (2015)",
				"alias":"3"
			},
			{
				"name":"2011ApJ...737..103S",
				"bibcode":"2011ApJ...737..103S",
				"reference":"Schlafly & Finkbeiner (2011)",
				"alias":"4"
			},
			{
				"name":"ASAS-SN Supernovae",
				"url":"http://www.astronomy.ohio-state.edu/~assassin/sn_list.html",
				"alias":"5"
			},
			{
				"name":"Latest Supernovae",
				"secondary":true,
				"url":"http://www.rochesterastronomy.org/snimages/snredshiftall.html",
				"alias":"6"
			},
			{
				"name":"The Open Supernova Catalog",
				"bibcode":"2017ApJ...835...64G",
				"reference":"Guillochon et al. (2017)",
				"secondary":true,
				"url":"https://sne.space",
				"alias":"7"
			},
			{
				"name":"WISeREP",
				"bibcode":"2012PASP..124..668Y",
				"reference":"Yaron & Gal-Yam (2012)",
				"secondary":true,
				"url":"http://wiserep.weizmann.ac.il/",
				"alias":"8"
			},
			{
				"name":"SIMBAD astronomical database",
				"bibcode":"2000A&AS..143....9W",
				"reference":"Wenger et al. (2000)",
				"secondary":true,
				"url":"http://simbad.u-strasbg.fr/",
				"alias":"9"
			}
		],
		"alias":[
			{
				"value":"ASASSN-15ov",
				"source":"2,5,6,8,9"
			}
		],
		"claimedtype":[
			{
				"value":"II",
				"source":"2,3,5,6,8,9"
			}
		],
		"comovingdist":[
			{
				"value":"111.97",
				"derived":true,
				"u_value":"Mpc",
				"source":"1,2,5,7"
			}
		],
		"dec":[
			{
				"value":"-18:33:23.19",
				"u_value":"degrees",
				"source":"2,9"
			},
			{
				"value":"-18:33:23.2",
				"u_value":"degrees",
				"source":"2,6"
			},
			{
				"value":"-18:33:23.04",
				"u_value":"degrees",
				"source":"2,5"
			}
		],
		"discoverdate":[
			{
				"value":"2015/08/24",
				"source":"2,6"
			}
		],
		"discoverer":[
			{
				"value":"ASAS-SN",
				"source":"2,6"
			}
		],
		"ebv":[
			{
				"value":"0.0331",
				"derived":true,
				"e_value":"0.0004",
				"source":"4,7"
			}
		],
		"host":[
			{
				"value":"2MASX J03305920-1833266",
				"source":"2,5"
			}
		],
		"hostdec":[
			{
				"value":"-18:33:26.6",
				"derived":true,
				"u_value":"degrees",
				"source":"7"
			}
		],
		"hostoffsetang":[
			{
				"value":"3.47",
				"u_value":"arcseconds",
				"source":"2,5"
			}
		],
		"hostoffsetdist":[
			{
				"value":"1.84",
				"source":"1,2,5,7,9"
			}
		],
		"hostra":[
			{
				"value":"03:30:59.20",
				"derived":true,
				"u_value":"hours",
				"source":"7"
			}
		],
		"lumdist":[
			{
				"value":"114.819",
				"derived":true,
				"u_value":"Mpc",
				"source":"1,2,5,7"
			}
		],
		"maxabsmag":[
			{
				"value":"-18.6728",
				"derived":true,
				"source":"1,2,5,7"
			}
		],
		"maxappmag":[
			{
				"value":"16.6",
				"derived":true,
				"source":"2,6,7"
			}
		],
		"maxdate":[
			{
				"value":"2015/08/24",
				"derived":true,
				"source":"2,6,7"
			}
		],
		"maxvisualabsmag":[
			{
				"value":"-18.7001",
				"derived":true,
				"source":"1,2,5,7"
			}
		],
		"maxvisualappmag":[
			{
				"value":"16.6",
				"derived":true,
				"source":"2,6,7"
			}
		],
		"maxvisualdate":[
			{
				"value":"2015/08/24",
				"derived":true,
				"source":"2,6,7"
			}
		],
		"ra":[
			{
				"value":"03:30:59.150",
				"u_value":"hours",
				"source":"2,9"
			},
			{
				"value":"03:30:59.15",
				"u_value":"hours",
				"source":"2,6"
			},
			{
				"value":"03:30:59.16",
				"u_value":"hours",
				"source":"2,5"
			}
		],
		"redshift":[
			{
				"value":"0.025451",
				"source":"2,5"
			}
		],
		"velocity":[
			{
				"value":"7533",
				"u_value":"km/s",
				"source":"7"
			}
		],
		"photometry":[
			{
				"time":"57258.5",
				"magnitude":"16.6",
				"u_time":"MJD",
				"source":"2,6"
			}
		],
		"spectra":[
			{
				"time":"57270.0",
				"filename":"tASASSN-15ov_20150904_Gr13_Free_slit1.0_1_f.asci",
				"instrument":"ESO-NTT - EFOSC2-NTT",
				"observer":"Galbany, Romero, Moraga",
				"redshift":"0.029",
				"reducer":"Forster, de Jaeger",
				"reduction":"rapid",
				"survey":"PESSTO",
				"u_fluxes":"erg/s/cm^2/Angstrom",
				"u_time":"MJD",
				"u_wavelengths":"Angstrom",
				"data":[
					[
						"3642.332275",
						"8.33154e-16"
					],
					[
						"3647.856216",
						"1.02978e-15"
					],
					[
						"3653.380157",
						"9.48784e-16"
					],
					[
						"3658.904099",
						"6.4506e-16"
					],
					[
						"3664.42804",
						"7.23946e-16"
					],
					[
						"3669.951981",
						"6.25848e-16"
					],
					[
						"3675.475922",
						"6.59776e-16"
					],
					[
						"3680.999863",
						"6.63157e-16"
					],
					[
						"3686.523804",
						"6.15162e-16"
					],
					[
						"3692.047745",
						"6.63223e-16"
					],
					[
						"3697.571686",
						"6.26692e-16"
					],
					[
						"3703.095627",
						"6.35584e-16"
					],
					[
						"3708.619568",
						"7.71337e-16"
					],
					[
						"3714.143509",
						"6.20299e-16"
					],
					[
						"3719.66745",
						"6.71912e-16"
					],
					[
						"3725.191391",
						"7.50811e-16"
					],
					[
						"3730.715332",
						"6.98815e-16"
					],
					[
						"3736.239273",
						"7.22839e-16"
					],
					[
						"3741.763214",
						"6.50373e-16"
					],
					[
						"3747.287155",
						"8.04967e-16"
					],
					[
						"3752.811096",
						"6.89185e-16"
					],
					[
						"3758.335037",
						"6.56837e-16"
					],
					[
						"3763.858978",
						"6.39799e-16"
					],
					[
						"3769.382919",
						"5.62501e-16"
					],
					[
						"3774.90686",
						"6.0961e-16"
					],
					[
						"3780.430801",
						"6.61404e-16"
					],
					[
						"3785.954742",
						"6.08353e-16"
					],
					[
						"3791.478683",
						"6.91118e-16"
					],
					[
						"3797.002625",
						"7.39355e-16"
					],
					[
						"3802.526566",
						"7.14575e-16"
					],
					[
						"3808.050507",
						"6.98598e-16"
					],
					[
						"3813.574448",
						"7.45714e-16"
					],
					[
						"3819.098389",
						"7.4764e-16"
					],
					[
						"3824.62233",
						"6.83915e-16"
					],
					[
						"3830.146271",
						"7.02082e-16"
					],
					[
						"3835.670212",
						"7.41141e-16"
					],
					[
						"3841.194153",
						"7.01968e-16"
					],
					[
						"3846.718094",
						"7.31312e-16"
					],
					[
						"3852.242035",
						"6.96845e-16"
					],
					[
						"3857.765976",
						"7.22248e-16"
					],
					[
						"3863.289917",
						"7.91276e-16"
					],
					[
						"3868.813858",
						"7.39503e-16"
					],
					[
						"3874.337799",
						"7.75641e-16"
					],
					[
						"3879.86174",
						"7.87572e-16"
					],
					[
						"3885.385681",
						"7.03041e-16"
					],
					[
						"3890.909622",
						"7.94997e-16"
					],
					[
						"3896.433563",
						"7.74568e-16"
					],
					[
						"3901.957504",
						"7.13131e-16"
					],
					[
						"3907.481445",
						"6.62944e-16"
					],
					[
						"3913.005386",
						"7.62199e-16"
					],
					[
						"3918.529327",
						"7.26734e-16"
					],
					[
						"3924.053268",
						"7.03233e-16"
					],
					[
						"3929.577209",
						"7.64462e-16"
					],
					[
						"3935.101151",
						"7.61609e-16"
					],
					[
						"3940.625092",
						"7.59293e-16"
					],
					[
						"3946.149033",
						"7.03982e-16"
					],
					[
						"3951.672974",
						"7.85106e-16"
					],
					[
						"3957.196915",
						"6.8104e-16"
					],
					[
						"3962.720856",
						"7.25078e-16"
					],
					[
						"3968.244797",
						"6.42536e-16"
					],
					[
						"3973.768738",
						"6.94131e-16"
					],
					[
						"3979.292679",
						"6.93004e-16"
					],
					[
						"3984.81662",
						"5.97716e-16"
					],
					[
						"3990.340561",
						"7.18811e-16"
					],
					[
						"3995.864502",
						"6.72053e-16"
					],
					[
						"4001.388443",
						"6.21389e-16"
					],
					[
						"4006.912384",
						"6.80832e-16"
					],
					[
						"4012.436325",
						"6.21898e-16"
					],
					[
						"4017.960266",
						"6.43149e-16"
					],
					[
						"4023.484207",
						"7.02005e-16"
					],
					[
						"4029.008148",
						"7.23109e-16"
					],
					[
						"4034.532089",
						"6.91359e-16"
					],
					[
						"4040.05603",
						"6.61562e-16"
					],
					[
						"4045.579971",
						"7.33943e-16"
					],
					[
						"4051.103912",
						"6.55524e-16"
					],
					[
						"4056.627853",
						"8.4269e-16"
					],
					[
						"4062.151794",
						"6.41285e-16"
					],
					[
						"4067.675735",
						"6.82927e-16"
					],
					[
						"4073.199677",
						"6.93869e-16"
					],
					[
						"4078.723618",
						"7.12479e-16"
					],
					[
						"4084.247559",
						"7.49993e-16"
					],
					[
						"4089.7715",
						"8.44488e-16"
					],
					[
						"4095.295441",
						"8.44087e-16"
					],
					[
						"4100.819382",
						"7.38662e-16"
					],
					[
						"4106.343323",
						"7.16123e-16"
					],
					[
						"4111.867264",
						"7.92279e-16"
					],
					[
						"4117.391205",
						"7.58495e-16"
					],
					[
						"4122.915146",
						"7.17996e-16"
					],
					[
						"4128.439087",
						"7.43698e-16"
					],
					[
						"4133.963028",
						"7.22486e-16"
					],
					[
						"4139.486969",
						"7.58146e-16"
					],
					[
						"4145.01091",
						"6.48287e-16"
					],
					[
						"4150.534851",
						"6.39478e-16"
					],
					[
						"4156.058792",
						"7.03246e-16"
					],
					[
						"4161.582733",
						"6.86578e-16"
					],
					[
						"4167.106674",
						"7.06958e-16"
					],
					[
						"4172.630615",
						"7.0844e-16"
					],
					[
						"4178.154556",
						"6.78789e-16"
					],
					[
						"4183.678497",
						"6.3913e-16"
					],
					[
						"4189.202438",
						"7.14625e-16"
					],
					[
						"4194.726379",
						"6.55049e-16"
					],
					[
						"4200.25032",
						"6.96033e-16"
					],
					[
						"4205.774261",
						"6.48423e-16"
					],
					[
						"4211.298203",
						"6.45297e-16"
					],
					[
						"4216.822144",
						"6.89731e-16"
					],
					[
						"4222.346085",
						"6.55833e-16"
					],
					[
						"4227.870026",
						"6.60133e-16"
					],
					[
						"4233.393967",
						"7.16714e-16"
					],
					[
						"4238.917908",
						"6.75667e-16"
					],
					[
						"4244.441849",
						"6.94203e-16"
					],
					[
						"4249.96579",
						"6.98797e-16"
					],
					[
						"4255.489731",
						"7.29198e-16"
					],
					[
						"4261.013672",
						"6.77114e-16"
					],
					[
						"4266.537613",
						"6.78141e-16"
					],
					[
						"4272.061554",
						"6.4999e-16"
					],
					[
						"4277.585495",
						"6.61354e-16"
					],
					[
						"4283.109436",
						"6.79062e-16"
					],
					[
						"4288.633377",
						"6.35466e-16"
					],
					[
						"4294.157318",
						"6.42667e-16"
					],
					[
						"4299.681259",
						"6.61546e-16"
					],
					[
						"4305.2052",
						"6.57801e-16"
					],
					[
						"4310.729141",
						"6.52869e-16"
					],
					[
						"4316.253082",
						"6.10559e-16"
					],
					[
						"4321.777023",
						"6.07335e-16"
					],
					[
						"4327.300964",
						"6.20672e-16"
					],
					[
						"4332.824905",
						"5.9514e-16"
					],
					[
						"4338.348846",
						"5.63429e-16"
					],
					[
						"4343.872787",
						"5.6949e-16"
					],
					[
						"4349.396729",
						"5.74442e-16"
					],
					[
						"4354.92067",
						"6.1285e-16"
					],
					[
						"4360.444611",
						"5.8663e-16"
					],
					[
						"4365.968552",
						"4.88625e-16"
					],
					[
						"4371.492493",
						"5.99908e-16"
					],
					[
						"4377.016434",
						"5.80263e-16"
					],
					[
						"4382.540375",
						"5.78189e-16"
					],
					[
						"4388.064316",
						"5.52764e-16"
					],
					[
						"4393.588257",
						"5.68568e-16"
					],
					[
						"4399.112198",
						"5.92868e-16"
					],
					[
						"4404.636139",
						"6.01925e-16"
					],
					[
						"4410.16008",
						"6.03181e-16"
					],
					[
						"4415.684021",
						"5.7074e-16"
					],
					[
						"4421.207962",
						"5.678e-16"
					],
					[
						"4426.731903",
						"5.41564e-16"
					],
					[
						"4432.255844",
						"5.87096e-16"
					],
					[
						"4437.779785",
						"5.06073e-16"
					],
					[
						"4443.303726",
						"6.02153e-16"
					],
					[
						"4448.827667",
						"5.52155e-16"
					],
					[
						"4454.351608",
						"5.89728e-16"
					],
					[
						"4459.875549",
						"5.44822e-16"
					],
					[
						"4465.39949",
						"6.43123e-16"
					],
					[
						"4470.923431",
						"6.59538e-16"
					],
					[
						"4476.447372",
						"6.34114e-16"
					],
					[
						"4481.971313",
						"5.85017e-16"
					],
					[
						"4487.495255",
						"5.74094e-16"
					],
					[
						"4493.019196",
						"5.79574e-16"
					],
					[
						"4498.543137",
						"6.39459e-16"
					],
					[
						"4504.067078",
						"6.14347e-16"
					],
					[
						"4509.591019",
						"6.20336e-16"
					],
					[
						"4515.11496",
						"6.12419e-16"
					],
					[
						"4520.638901",
						"6.38433e-16"
					],
					[
						"4526.162842",
						"5.87288e-16"
					],
					[
						"4531.686783",
						"5.48774e-16"
					],
					[
						"4537.210724",
						"6.03497e-16"
					],
					[
						"4542.734665",
						"5.50758e-16"
					],
					[
						"4548.258606",
						"5.66592e-16"
					],
					[
						"4553.782547",
						"5.58983e-16"
					],
					[
						"4559.306488",
						"6.42133e-16"
					],
					[
						"4564.830429",
						"6.13395e-16"
					],
					[
						"4570.35437",
						"5.97205e-16"
					],
					[
						"4575.878311",
						"5.87922e-16"
					],
					[
						"4581.402252",
						"6.19121e-16"
					],
					[
						"4586.926193",
						"5.41277e-16"
					],
					[
						"4592.450134",
						"5.66579e-16"
					],
					[
						"4597.974075",
						"5.7379e-16"
					],
					[
						"4603.498016",
						"5.65544e-16"
					],
					[
						"4609.021957",
						"5.4684e-16"
					],
					[
						"4614.545898",
						"5.34269e-16"
					],
					[
						"4620.069839",
						"5.60257e-16"
					],
					[
						"4625.593781",
						"5.79271e-16"
					],
					[
						"4631.117722",
						"5.56725e-16"
					],
					[
						"4636.641663",
						"5.47618e-16"
					],
					[
						"4642.165604",
						"5.94457e-16"
					],
					[
						"4647.689545",
						"5.90582e-16"
					],
					[
						"4653.213486",
						"5.6865e-16"
					],
					[
						"4658.737427",
						"5.96165e-16"
					],
					[
						"4664.261368",
						"6.42814e-16"
					],
					[
						"4669.785309",
						"6.19699e-16"
					],
					[
						"4675.30925",
						"5.752e-16"
					],
					[
						"4680.833191",
						"6.07046e-16"
					],
					[
						"4686.357132",
						"6.33433e-16"
					],
					[
						"4691.881073",
						"6.09797e-16"
					],
					[
						"4697.405014",
						"5.76973e-16"
					],
					[
						"4702.928955",
						"5.71065e-16"
					],
					[
						"4708.452896",
						"6.34923e-16"
					],
					[
						"4713.976837",
						"6.30299e-16"
					],
					[
						"4719.500778",
						"5.97192e-16"
					],
					[
						"4725.024719",
						"5.98222e-16"
					],
					[
						"4730.54866",
						"6.1286e-16"
					],
					[
						"4736.072601",
						"6.0166e-16"
					],
					[
						"4741.596542",
						"5.7218e-16"
					],
					[
						"4747.120483",
						"5.98912e-16"
					],
					[
						"4752.644424",
						"6.61591e-16"
					],
					[
						"4758.168365",
						"6.12828e-16"
					],
					[
						"4763.692307",
						"5.5605e-16"
					],
					[
						"4769.216248",
						"5.89842e-16"
					],
					[
						"4774.740189",
						"5.72431e-16"
					],
					[
						"4780.26413",
						"6.20343e-16"
					],
					[
						"4785.788071",
						"5.95643e-16"
					],
					[
						"4791.312012",
						"5.30941e-16"
					],
					[
						"4796.835953",
						"5.27811e-16"
					],
					[
						"4802.359894",
						"5.38293e-16"
					],
					[
						"4807.883835",
						"5.80306e-16"
					],
					[
						"4813.407776",
						"5.31683e-16"
					],
					[
						"4818.931717",
						"6.15864e-16"
					],
					[
						"4824.455658",
						"5.17301e-16"
					],
					[
						"4829.979599",
						"5.43791e-16"
					],
					[
						"4835.50354",
						"5.4812e-16"
					],
					[
						"4841.027481",
						"5.08767e-16"
					],
					[
						"4846.551422",
						"5.34868e-16"
					],
					[
						"4852.075363",
						"5.479e-16"
					],
					[
						"4857.599304",
						"5.50356e-16"
					],
					[
						"4863.123245",
						"5.23357e-16"
					],
					[
						"4868.647186",
						"5.06715e-16"
					],
					[
						"4874.171127",
						"4.90947e-16"
					],
					[
						"4879.695068",
						"5.39465e-16"
					],
					[
						"4885.219009",
						"5.50498e-16"
					],
					[
						"4890.74295",
						"5.02252e-16"
					],
					[
						"4896.266891",
						"4.95741e-16"
					],
					[
						"4901.790833",
						"4.72455e-16"
					],
					[
						"4907.314774",
						"4.62514e-16"
					],
					[
						"4912.838715",
						"5.19184e-16"
					],
					[
						"4918.362656",
						"5.00095e-16"
					],
					[
						"4923.886597",
						"4.73904e-16"
					],
					[
						"4929.410538",
						"5.10665e-16"
					],
					[
						"4934.934479",
						"5.35696e-16"
					],
					[
						"4940.45842",
						"4.91659e-16"
					],
					[
						"4945.982361",
						"5.25071e-16"
					],
					[
						"4951.506302",
						"4.99123e-16"
					],
					[
						"4957.030243",
						"4.73651e-16"
					],
					[
						"4962.554184",
						"5.20555e-16"
					],
					[
						"4968.078125",
						"4.75968e-16"
					],
					[
						"4973.602066",
						"5.41707e-16"
					],
					[
						"4979.126007",
						"5.04459e-16"
					],
					[
						"4984.649948",
						"5.36476e-16"
					],
					[
						"4990.173889",
						"5.84261e-16"
					],
					[
						"4995.69783",
						"5.98382e-16"
					],
					[
						"5001.221771",
						"5.95492e-16"
					],
					[
						"5006.745712",
						"5.49844e-16"
					],
					[
						"5012.269653",
						"5.71888e-16"
					],
					[
						"5017.793594",
						"5.73255e-16"
					],
					[
						"5023.317535",
						"5.66391e-16"
					],
					[
						"5028.841476",
						"5.46266e-16"
					],
					[
						"5034.365417",
						"5.29579e-16"
					],
					[
						"5039.889359",
						"5.29837e-16"
					],
					[
						"5045.4133",
						"5.54884e-16"
					],
					[
						"5050.937241",
						"5.10497e-16"
					],
					[
						"5056.461182",
						"4.67749e-16"
					],
					[
						"5061.985123",
						"5.30504e-16"
					],
					[
						"5067.509064",
						"5.67307e-16"
					],
					[
						"5073.033005",
						"5.01132e-16"
					],
					[
						"5078.556946",
						"5.37139e-16"
					],
					[
						"5084.080887",
						"5.5556e-16"
					],
					[
						"5089.604828",
						"5.64492e-16"
					],
					[
						"5095.128769",
						"5.30101e-16"
					],
					[
						"5100.65271",
						"5.47417e-16"
					],
					[
						"5106.176651",
						"5.27538e-16"
					],
					[
						"5111.700592",
						"5.3042e-16"
					],
					[
						"5117.224533",
						"4.96034e-16"
					],
					[
						"5122.748474",
						"5.21488e-16"
					],
					[
						"5128.272415",
						"5.29655e-16"
					],
					[
						"5133.796356",
						"5.38972e-16"
					],
					[
						"5139.320297",
						"5.00919e-16"
					],
					[
						"5144.844238",
						"5.10293e-16"
					],
					[
						"5150.368179",
						"5.36933e-16"
					],
					[
						"5155.89212",
						"5.09177e-16"
					],
					[
						"5161.416061",
						"5.05615e-16"
					],
					[
						"5166.940002",
						"4.92636e-16"
					],
					[
						"5172.463943",
						"4.99766e-16"
					],
					[
						"5177.987885",
						"5.09158e-16"
					],
					[
						"5183.511826",
						"5.12112e-16"
					],
					[
						"5189.035767",
						"4.73487e-16"
					],
					[
						"5194.559708",
						"4.83418e-16"
					],
					[
						"5200.083649",
						"4.73978e-16"
					],
					[
						"5205.60759",
						"5.0029e-16"
					],
					[
						"5211.131531",
						"4.6373e-16"
					],
					[
						"5216.655472",
						"4.53558e-16"
					],
					[
						"5222.179413",
						"4.83015e-16"
					],
					[
						"5227.703354",
						"4.90074e-16"
					],
					[
						"5233.227295",
						"4.39331e-16"
					],
					[
						"5238.751236",
						"4.94469e-16"
					],
					[
						"5244.275177",
						"4.82759e-16"
					],
					[
						"5249.799118",
						"4.83669e-16"
					],
					[
						"5255.323059",
						"4.82548e-16"
					],
					[
						"5260.847",
						"4.99158e-16"
					],
					[
						"5266.370941",
						"4.67972e-16"
					],
					[
						"5271.894882",
						"4.19994e-16"
					],
					[
						"5277.418823",
						"4.50512e-16"
					],
					[
						"5282.942764",
						"4.74038e-16"
					],
					[
						"5288.466705",
						"4.25891e-16"
					],
					[
						"5293.990646",
						"4.28889e-16"
					],
					[
						"5299.514587",
						"4.45012e-16"
					],
					[
						"5305.038528",
						"4.05654e-16"
					],
					[
						"5310.562469",
						"4.6548e-16"
					],
					[
						"5316.086411",
						"4.90813e-16"
					],
					[
						"5321.610352",
						"4.30369e-16"
					],
					[
						"5327.134293",
						"4.60648e-16"
					],
					[
						"5332.658234",
						"4.48712e-16"
					],
					[
						"5338.182175",
						"4.57636e-16"
					],
					[
						"5343.706116",
						"4.57343e-16"
					],
					[
						"5349.230057",
						"4.40417e-16"
					],
					[
						"5354.753998",
						"4.6597e-16"
					],
					[
						"5360.277939",
						"4.57243e-16"
					],
					[
						"5365.80188",
						"4.39338e-16"
					],
					[
						"5371.325821",
						"4.66953e-16"
					],
					[
						"5376.849762",
						"4.26046e-16"
					],
					[
						"5382.373703",
						"4.90518e-16"
					],
					[
						"5387.897644",
						"4.16945e-16"
					],
					[
						"5393.421585",
						"4.64119e-16"
					],
					[
						"5398.945526",
						"4.73715e-16"
					],
					[
						"5404.469467",
						"4.17598e-16"
					],
					[
						"5409.993408",
						"4.15007e-16"
					],
					[
						"5415.517349",
						"4.33701e-16"
					],
					[
						"5421.04129",
						"4.42138e-16"
					],
					[
						"5426.565231",
						"4.68748e-16"
					],
					[
						"5432.089172",
						"4.74415e-16"
					],
					[
						"5437.613113",
						"4.40147e-16"
					],
					[
						"5443.137054",
						"4.41315e-16"
					],
					[
						"5448.660995",
						"4.20908e-16"
					],
					[
						"5454.184937",
						"4.33161e-16"
					],
					[
						"5459.708878",
						"4.4962e-16"
					],
					[
						"5465.232819",
						"4.27601e-16"
					],
					[
						"5470.75676",
						"4.19139e-16"
					],
					[
						"5476.280701",
						"4.37133e-16"
					],
					[
						"5481.804642",
						"4.3039e-16"
					],
					[
						"5487.328583",
						"4.27192e-16"
					],
					[
						"5492.852524",
						"4.15331e-16"
					],
					[
						"5498.376465",
						"4.54102e-16"
					],
					[
						"5503.900406",
						"3.71547e-16"
					],
					[
						"5509.424347",
						"4.23341e-16"
					],
					[
						"5514.948288",
						"4.17301e-16"
					],
					[
						"5520.472229",
						"4.01899e-16"
					],
					[
						"5525.99617",
						"4.43067e-16"
					],
					[
						"5531.520111",
						"4.53028e-16"
					],
					[
						"5537.044052",
						"3.81934e-16"
					],
					[
						"5542.567993",
						"4.21515e-16"
					],
					[
						"5548.091934",
						"3.71831e-16"
					],
					[
						"5553.615875",
						"4.1874e-16"
					],
					[
						"5559.139816",
						"4.38031e-16"
					],
					[
						"5564.663757",
						"4.08428e-16"
					],
					[
						"5570.187698",
						"3.89625e-16"
					],
					[
						"5575.711639",
						"3.53933e-16"
					],
					[
						"5581.23558",
						"4.0232e-16"
					],
					[
						"5586.759521",
						"4.06796e-16"
					],
					[
						"5592.283463",
						"3.66152e-16"
					],
					[
						"5597.807404",
						"3.94786e-16"
					],
					[
						"5603.331345",
						"3.75964e-16"
					],
					[
						"5608.855286",
						"3.60885e-16"
					],
					[
						"5614.379227",
						"3.94369e-16"
					],
					[
						"5619.903168",
						"3.73479e-16"
					],
					[
						"5625.427109",
						"3.99381e-16"
					],
					[
						"5630.95105",
						"3.37346e-16"
					],
					[
						"5636.474991",
						"3.85457e-16"
					],
					[
						"5641.998932",
						"3.43956e-16"
					],
					[
						"5647.522873",
						"3.62609e-16"
					],
					[
						"5653.046814",
						"3.70254e-16"
					],
					[
						"5658.570755",
						"3.48764e-16"
					],
					[
						"5664.094696",
						"3.84882e-16"
					],
					[
						"5669.618637",
						"3.55783e-16"
					],
					[
						"5675.142578",
						"3.72458e-16"
					],
					[
						"5680.666519",
						"3.63393e-16"
					],
					[
						"5686.19046",
						"3.37931e-16"
					],
					[
						"5691.714401",
						"3.74744e-16"
					],
					[
						"5697.238342",
						"3.71902e-16"
					],
					[
						"5702.762283",
						"3.57997e-16"
					],
					[
						"5708.286224",
						"3.55575e-16"
					],
					[
						"5713.810165",
						"3.56173e-16"
					],
					[
						"5719.334106",
						"3.26818e-16"
					],
					[
						"5724.858047",
						"3.8147e-16"
					],
					[
						"5730.381989",
						"3.26319e-16"
					],
					[
						"5735.90593",
						"3.62213e-16"
					],
					[
						"5741.429871",
						"3.07227e-16"
					],
					[
						"5746.953812",
						"3.21762e-16"
					],
					[
						"5752.477753",
						"3.36456e-16"
					],
					[
						"5758.001694",
						"3.18143e-16"
					],
					[
						"5763.525635",
						"3.11807e-16"
					],
					[
						"5769.049576",
						"3.55725e-16"
					],
					[
						"5774.573517",
						"3.60474e-16"
					],
					[
						"5780.097458",
						"3.55265e-16"
					],
					[
						"5785.621399",
						"3.16219e-16"
					],
					[
						"5791.14534",
						"2.98248e-16"
					],
					[
						"5796.669281",
						"3.48141e-16"
					],
					[
						"5802.193222",
						"3.34011e-16"
					],
					[
						"5807.717163",
						"2.76822e-16"
					],
					[
						"5813.241104",
						"3.26543e-16"
					],
					[
						"5818.765045",
						"2.84449e-16"
					],
					[
						"5824.288986",
						"3.06064e-16"
					],
					[
						"5829.812927",
						"2.98025e-16"
					],
					[
						"5835.336868",
						"3.01316e-16"
					],
					[
						"5840.860809",
						"3.30565e-16"
					],
					[
						"5846.38475",
						"3.17638e-16"
					],
					[
						"5851.908691",
						"3.09318e-16"
					],
					[
						"5857.432632",
						"3.83474e-16"
					],
					[
						"5862.956573",
						"3.27265e-16"
					],
					[
						"5868.480515",
						"3.39986e-16"
					],
					[
						"5874.004456",
						"3.16301e-16"
					],
					[
						"5879.528397",
						"3.2743e-16"
					],
					[
						"5885.052338",
						"3.48966e-16"
					],
					[
						"5890.576279",
						"3.29133e-16"
					],
					[
						"5896.10022",
						"3.19436e-16"
					],
					[
						"5901.624161",
						"3.38697e-16"
					],
					[
						"5907.148102",
						"3.57776e-16"
					],
					[
						"5912.672043",
						"3.60562e-16"
					],
					[
						"5918.195984",
						"3.44896e-16"
					],
					[
						"5923.719925",
						"3.39745e-16"
					],
					[
						"5929.243866",
						"3.66377e-16"
					],
					[
						"5934.767807",
						"3.87659e-16"
					],
					[
						"5940.291748",
						"3.76802e-16"
					],
					[
						"5945.815689",
						"4.08244e-16"
					],
					[
						"5951.33963",
						"3.90511e-16"
					],
					[
						"5956.863571",
						"3.61925e-16"
					],
					[
						"5962.387512",
						"3.933e-16"
					],
					[
						"5967.911453",
						"3.85729e-16"
					],
					[
						"5973.435394",
						"3.80986e-16"
					],
					[
						"5978.959335",
						"3.64571e-16"
					],
					[
						"5984.483276",
						"3.35689e-16"
					],
					[
						"5990.007217",
						"3.50109e-16"
					],
					[
						"5995.531158",
						"3.99615e-16"
					],
					[
						"6001.055099",
						"3.6925e-16"
					],
					[
						"6006.579041",
						"3.60278e-16"
					],
					[
						"6012.102982",
						"3.73931e-16"
					],
					[
						"6017.626923",
						"3.96464e-16"
					],
					[
						"6023.150864",
						"3.72797e-16"
					],
					[
						"6028.674805",
						"3.54851e-16"
					],
					[
						"6034.198746",
						"3.85558e-16"
					],
					[
						"6039.722687",
						"3.85056e-16"
					],
					[
						"6045.246628",
						"3.85636e-16"
					],
					[
						"6050.770569",
						"3.44123e-16"
					],
					[
						"6056.29451",
						"3.7395e-16"
					],
					[
						"6061.818451",
						"3.54935e-16"
					],
					[
						"6067.342392",
						"3.47682e-16"
					],
					[
						"6072.866333",
						"3.5582e-16"
					],
					[
						"6078.390274",
						"3.76972e-16"
					],
					[
						"6083.914215",
						"3.78009e-16"
					],
					[
						"6089.438156",
						"3.47838e-16"
					],
					[
						"6094.962097",
						"3.73954e-16"
					],
					[
						"6100.486038",
						"3.49433e-16"
					],
					[
						"6106.009979",
						"3.75623e-16"
					],
					[
						"6111.53392",
						"3.75738e-16"
					],
					[
						"6117.057861",
						"3.68455e-16"
					],
					[
						"6122.581802",
						"3.81625e-16"
					],
					[
						"6128.105743",
						"3.6492e-16"
					],
					[
						"6133.629684",
						"3.7567e-16"
					],
					[
						"6139.153625",
						"3.65136e-16"
					],
					[
						"6144.677567",
						"3.27532e-16"
					],
					[
						"6150.201508",
						"3.72795e-16"
					],
					[
						"6155.725449",
						"3.36409e-16"
					],
					[
						"6161.24939",
						"3.41404e-16"
					],
					[
						"6166.773331",
						"3.15624e-16"
					],
					[
						"6172.297272",
						"3.33528e-16"
					],
					[
						"6177.821213",
						"3.33719e-16"
					],
					[
						"6183.345154",
						"3.22358e-16"
					],
					[
						"6188.869095",
						"3.22219e-16"
					],
					[
						"6194.393036",
						"3.20438e-16"
					],
					[
						"6199.916977",
						"2.88931e-16"
					],
					[
						"6205.440918",
						"3.13301e-16"
					],
					[
						"6210.964859",
						"3.47145e-16"
					],
					[
						"6216.4888",
						"3.13281e-16"
					],
					[
						"6222.012741",
						"2.91629e-16"
					],
					[
						"6227.536682",
						"3.05019e-16"
					],
					[
						"6233.060623",
						"3.33006e-16"
					],
					[
						"6238.584564",
						"3.29109e-16"
					],
					[
						"6244.108505",
						"3.45284e-16"
					],
					[
						"6249.632446",
						"3.45179e-16"
					],
					[
						"6255.156387",
						"3.04309e-16"
					],
					[
						"6260.680328",
						"2.74539e-16"
					],
					[
						"6266.204269",
						"2.64697e-16"
					],
					[
						"6271.72821",
						"2.81188e-16"
					],
					[
						"6277.252151",
						"3.00311e-16"
					],
					[
						"6282.776093",
						"2.79361e-16"
					],
					[
						"6288.300034",
						"2.83489e-16"
					],
					[
						"6293.823975",
						"2.96227e-16"
					],
					[
						"6299.347916",
						"2.79701e-16"
					],
					[
						"6304.871857",
						"2.89068e-16"
					],
					[
						"6310.395798",
						"3.14448e-16"
					],
					[
						"6315.919739",
						"2.98576e-16"
					],
					[
						"6321.44368",
						"3.07223e-16"
					],
					[
						"6326.967621",
						"2.82427e-16"
					],
					[
						"6332.491562",
						"2.73758e-16"
					],
					[
						"6338.015503",
						"3.15562e-16"
					],
					[
						"6343.539444",
						"3.08444e-16"
					],
					[
						"6349.063385",
						"3.22509e-16"
					],
					[
						"6354.587326",
						"3.08893e-16"
					],
					[
						"6360.111267",
						"2.69964e-16"
					],
					[
						"6365.635208",
						"2.68463e-16"
					],
					[
						"6371.159149",
						"2.83462e-16"
					],
					[
						"6376.68309",
						"2.8538e-16"
					],
					[
						"6382.207031",
						"2.95547e-16"
					],
					[
						"6387.730972",
						"3.01738e-16"
					],
					[
						"6393.254913",
						"2.7187e-16"
					],
					[
						"6398.778854",
						"2.78826e-16"
					],
					[
						"6404.302795",
						"2.73949e-16"
					],
					[
						"6409.826736",
						"3.0735e-16"
					],
					[
						"6415.350677",
						"2.61871e-16"
					],
					[
						"6420.874619",
						"2.82731e-16"
					],
					[
						"6426.39856",
						"2.58766e-16"
					],
					[
						"6431.922501",
						"2.85514e-16"
					],
					[
						"6437.446442",
						"2.76511e-16"
					],
					[
						"6442.970383",
						"2.63516e-16"
					],
					[
						"6448.494324",
						"2.94189e-16"
					],
					[
						"6454.018265",
						"2.91484e-16"
					],
					[
						"6459.542206",
						"2.66663e-16"
					],
					[
						"6465.066147",
						"2.95108e-16"
					],
					[
						"6470.590088",
						"2.68728e-16"
					],
					[
						"6476.114029",
						"2.98073e-16"
					],
					[
						"6481.63797",
						"2.58416e-16"
					],
					[
						"6487.161911",
						"2.71197e-16"
					],
					[
						"6492.685852",
						"2.6086e-16"
					],
					[
						"6498.209793",
						"2.53784e-16"
					],
					[
						"6503.733734",
						"2.72811e-16"
					],
					[
						"6509.257675",
						"2.91905e-16"
					],
					[
						"6514.781616",
						"2.92624e-16"
					],
					[
						"6520.305557",
						"2.78129e-16"
					],
					[
						"6525.829498",
						"2.92322e-16"
					],
					[
						"6531.353439",
						"2.99092e-16"
					],
					[
						"6536.87738",
						"2.68546e-16"
					],
					[
						"6542.401321",
						"2.79897e-16"
					],
					[
						"6547.925262",
						"2.73478e-16"
					],
					[
						"6553.449203",
						"2.41434e-16"
					],
					[
						"6558.973145",
						"2.57234e-16"
					],
					[
						"6564.497086",
						"2.52316e-16"
					],
					[
						"6570.021027",
						"2.40533e-16"
					],
					[
						"6575.544968",
						"2.61552e-16"
					],
					[
						"6581.068909",
						"2.65638e-16"
					],
					[
						"6586.59285",
						"2.76742e-16"
					],
					[
						"6592.116791",
						"2.74303e-16"
					],
					[
						"6597.640732",
						"2.73914e-16"
					],
					[
						"6603.164673",
						"3.04645e-16"
					],
					[
						"6608.688614",
						"2.59821e-16"
					],
					[
						"6614.212555",
						"2.62221e-16"
					],
					[
						"6619.736496",
						"2.85179e-16"
					],
					[
						"6625.260437",
						"3.083e-16"
					],
					[
						"6630.784378",
						"2.71807e-16"
					],
					[
						"6636.308319",
						"2.6174e-16"
					],
					[
						"6641.83226",
						"3.24347e-16"
					],
					[
						"6647.356201",
						"3.35147e-16"
					],
					[
						"6652.880142",
						"3.4038e-16"
					],
					[
						"6658.404083",
						"3.36004e-16"
					],
					[
						"6663.928024",
						"3.52565e-16"
					],
					[
						"6669.451965",
						"3.07282e-16"
					],
					[
						"6674.975906",
						"3.02604e-16"
					],
					[
						"6680.499847",
						"2.89455e-16"
					],
					[
						"6686.023788",
						"3.2026e-16"
					],
					[
						"6691.547729",
						"3.44342e-16"
					],
					[
						"6697.071671",
						"3.29202e-16"
					],
					[
						"6702.595612",
						"3.0337e-16"
					],
					[
						"6708.119553",
						"3.48027e-16"
					],
					[
						"6713.643494",
						"3.66202e-16"
					],
					[
						"6719.167435",
						"3.19384e-16"
					],
					[
						"6724.691376",
						"3.72856e-16"
					],
					[
						"6730.215317",
						"4.92501e-16"
					],
					[
						"6735.739258",
						"5.39155e-16"
					],
					[
						"6741.263199",
						"5.03754e-16"
					],
					[
						"6746.78714",
						"4.81482e-16"
					],
					[
						"6752.311081",
						"4.13387e-16"
					],
					[
						"6757.835022",
						"3.8473e-16"
					],
					[
						"6763.358963",
						"4.02252e-16"
					],
					[
						"6768.882904",
						"3.80128e-16"
					],
					[
						"6774.406845",
						"3.83158e-16"
					],
					[
						"6779.930786",
						"3.7341e-16"
					],
					[
						"6785.454727",
						"3.66575e-16"
					],
					[
						"6790.978668",
						"3.76601e-16"
					],
					[
						"6796.502609",
						"3.60497e-16"
					],
					[
						"6802.02655",
						"3.02393e-16"
					],
					[
						"6807.550491",
						"3.79697e-16"
					],
					[
						"6813.074432",
						"3.4745e-16"
					],
					[
						"6818.598373",
						"3.6162e-16"
					],
					[
						"6824.122314",
						"3.27267e-16"
					],
					[
						"6829.646255",
						"3.22471e-16"
					],
					[
						"6835.170197",
						"2.86376e-16"
					],
					[
						"6840.694138",
						"2.7686e-16"
					],
					[
						"6846.218079",
						"3.07588e-16"
					],
					[
						"6851.74202",
						"3.30919e-16"
					],
					[
						"6857.265961",
						"2.99399e-16"
					],
					[
						"6862.789902",
						"2.695e-16"
					],
					[
						"6868.313843",
						"2.2517e-16"
					],
					[
						"6873.837784",
						"2.32974e-16"
					],
					[
						"6879.361725",
						"2.55651e-16"
					],
					[
						"6884.885666",
						"2.69026e-16"
					],
					[
						"6890.409607",
						"2.50457e-16"
					],
					[
						"6895.933548",
						"2.28209e-16"
					],
					[
						"6901.457489",
						"2.39529e-16"
					],
					[
						"6906.98143",
						"2.50779e-16"
					],
					[
						"6912.505371",
						"2.78494e-16"
					],
					[
						"6918.029312",
						"2.60325e-16"
					],
					[
						"6923.553253",
						"2.73677e-16"
					],
					[
						"6929.077194",
						"2.68043e-16"
					],
					[
						"6934.601135",
						"2.41843e-16"
					],
					[
						"6940.125076",
						"2.34351e-16"
					],
					[
						"6945.649017",
						"2.91336e-16"
					],
					[
						"6951.172958",
						"2.5588e-16"
					],
					[
						"6956.696899",
						"2.48336e-16"
					],
					[
						"6962.22084",
						"2.87762e-16"
					],
					[
						"6967.744781",
						"2.95272e-16"
					],
					[
						"6973.268723",
						"2.91737e-16"
					],
					[
						"6978.792664",
						"2.86134e-16"
					],
					[
						"6984.316605",
						"2.899e-16"
					],
					[
						"6989.840546",
						"2.91786e-16"
					],
					[
						"6995.364487",
						"2.4373e-16"
					],
					[
						"7000.888428",
						"2.37538e-16"
					],
					[
						"7006.412369",
						"2.63404e-16"
					],
					[
						"7011.93631",
						"2.51269e-16"
					],
					[
						"7017.460251",
						"2.58808e-16"
					],
					[
						"7022.984192",
						"2.5703e-16"
					],
					[
						"7028.508133",
						"2.43697e-16"
					],
					[
						"7034.032074",
						"2.15493e-16"
					],
					[
						"7039.556015",
						"2.28056e-16"
					],
					[
						"7045.079956",
						"2.45247e-16"
					],
					[
						"7050.603897",
						"2.31873e-16"
					],
					[
						"7056.127838",
						"2.67095e-16"
					],
					[
						"7061.651779",
						"2.3329e-16"
					],
					[
						"7067.17572",
						"1.97539e-16"
					],
					[
						"7072.699661",
						"2.36813e-16"
					],
					[
						"7078.223602",
						"2.24733e-16"
					],
					[
						"7083.747543",
						"2.15305e-16"
					],
					[
						"7089.271484",
						"2.13155e-16"
					],
					[
						"7094.795425",
						"2.2373e-16"
					],
					[
						"7100.319366",
						"2.21156e-16"
					],
					[
						"7105.843308",
						"2.27339e-16"
					],
					[
						"7111.367249",
						"2.66822e-16"
					],
					[
						"7116.89119",
						"2.86337e-16"
					],
					[
						"7122.415131",
						"2.27993e-16"
					],
					[
						"7127.939072",
						"2.682e-16"
					],
					[
						"7133.463013",
						"2.25561e-16"
					],
					[
						"7138.986954",
						"2.47006e-16"
					],
					[
						"7144.510895",
						"2.77346e-16"
					],
					[
						"7150.034836",
						"2.80768e-16"
					],
					[
						"7155.558777",
						"2.74462e-16"
					],
					[
						"7161.082718",
						"2.33356e-16"
					],
					[
						"7166.606659",
						"2.58827e-16"
					],
					[
						"7172.1306",
						"2.77094e-16"
					],
					[
						"7177.654541",
						"2.28204e-16"
					],
					[
						"7183.178482",
						"2.31646e-16"
					],
					[
						"7188.702423",
						"2.27153e-16"
					],
					[
						"7194.226364",
						"2.44885e-16"
					],
					[
						"7199.750305",
						"2.68936e-16"
					],
					[
						"7205.274246",
						"2.49602e-16"
					],
					[
						"7210.798187",
						"2.48848e-16"
					],
					[
						"7216.322128",
						"2.69935e-16"
					],
					[
						"7221.846069",
						"2.43507e-16"
					],
					[
						"7227.37001",
						"2.48548e-16"
					],
					[
						"7232.893951",
						"2.2669e-16"
					],
					[
						"7238.417892",
						"2.04843e-16"
					],
					[
						"7243.941834",
						"2.55214e-16"
					],
					[
						"7249.465775",
						"2.60182e-16"
					],
					[
						"7254.989716",
						"2.58167e-16"
					],
					[
						"7260.513657",
						"2.54889e-16"
					],
					[
						"7266.037598",
						"2.74909e-16"
					],
					[
						"7271.561539",
						"2.43164e-16"
					],
					[
						"7277.08548",
						"2.01613e-16"
					],
					[
						"7282.609421",
						"2.46063e-16"
					],
					[
						"7288.133362",
						"2.60045e-16"
					],
					[
						"7293.657303",
						"2.26506e-16"
					],
					[
						"7299.181244",
						"2.47061e-16"
					],
					[
						"7304.705185",
						"2.27747e-16"
					],
					[
						"7310.229126",
						"1.94719e-16"
					],
					[
						"7315.753067",
						"2.39965e-16"
					],
					[
						"7321.277008",
						"2.22995e-16"
					],
					[
						"7326.800949",
						"2.30121e-16"
					],
					[
						"7332.32489",
						"2.57913e-16"
					],
					[
						"7337.848831",
						"2.14172e-16"
					],
					[
						"7343.372772",
						"2.51116e-16"
					],
					[
						"7348.896713",
						"2.3346e-16"
					],
					[
						"7354.420654",
						"2.44019e-16"
					],
					[
						"7359.944595",
						"2.98611e-16"
					],
					[
						"7365.468536",
						"2.98888e-16"
					],
					[
						"7370.992477",
						"2.66653e-16"
					],
					[
						"7376.516418",
						"2.24173e-16"
					],
					[
						"7382.040359",
						"2.51909e-16"
					],
					[
						"7387.564301",
						"2.26301e-16"
					],
					[
						"7393.088242",
						"2.69053e-16"
					],
					[
						"7398.612183",
						"2.8065e-16"
					],
					[
						"7404.136124",
						"2.81698e-16"
					],
					[
						"7409.660065",
						"1.98612e-16"
					],
					[
						"7415.184006",
						"2.24056e-16"
					],
					[
						"7420.707947",
						"2.51364e-16"
					],
					[
						"7426.231888",
						"2.22881e-16"
					],
					[
						"7431.755829",
						"2.21483e-16"
					],
					[
						"7437.27977",
						"2.16394e-16"
					],
					[
						"7442.803711",
						"1.96905e-16"
					],
					[
						"7448.327652",
						"2.05826e-16"
					],
					[
						"7453.851593",
						"2.05169e-16"
					],
					[
						"7459.375534",
						"2.15767e-16"
					],
					[
						"7464.899475",
						"2.2642e-16"
					],
					[
						"7470.423416",
						"1.92456e-16"
					],
					[
						"7475.947357",
						"2.35693e-16"
					],
					[
						"7481.471298",
						"2.60687e-16"
					],
					[
						"7486.995239",
						"2.14298e-16"
					],
					[
						"7492.51918",
						"2.47713e-16"
					],
					[
						"7498.043121",
						"2.66018e-16"
					],
					[
						"7503.567062",
						"2.12907e-16"
					],
					[
						"7509.091003",
						"2.30968e-16"
					],
					[
						"7514.614944",
						"2.33927e-16"
					],
					[
						"7520.138885",
						"1.85937e-16"
					],
					[
						"7525.662827",
						"2.11524e-16"
					],
					[
						"7531.186768",
						"2.1344e-16"
					],
					[
						"7536.710709",
						"1.94487e-16"
					],
					[
						"7542.23465",
						"1.81866e-16"
					],
					[
						"7547.758591",
						"1.82819e-16"
					],
					[
						"7553.282532",
						"2.30058e-16"
					],
					[
						"7558.806473",
						"2.28892e-16"
					],
					[
						"7564.330414",
						"2.34729e-16"
					],
					[
						"7569.854355",
						"1.75019e-16"
					],
					[
						"7575.378296",
						"1.75965e-16"
					],
					[
						"7580.902237",
						"1.49715e-16"
					],
					[
						"7586.426178",
						"2.00331e-16"
					],
					[
						"7591.950119",
						"2.13542e-16"
					],
					[
						"7597.47406",
						"2.09222e-16"
					],
					[
						"7602.998001",
						"1.66833e-16"
					],
					[
						"7608.521942",
						"8.86794e-17"
					],
					[
						"7614.045883",
						"9.97125e-17"
					],
					[
						"7619.569824",
						"1.40171e-16"
					],
					[
						"7625.093765",
						"1.45919e-16"
					],
					[
						"7630.617706",
						"1.21007e-16"
					],
					[
						"7636.141647",
						"1.0704e-16"
					],
					[
						"7641.665588",
						"1.14e-16"
					],
					[
						"7647.189529",
						"1.27467e-16"
					],
					[
						"7652.71347",
						"1.32552e-16"
					],
					[
						"7658.237412",
						"1.70407e-16"
					],
					[
						"7663.761353",
						"1.21149e-16"
					],
					[
						"7669.285294",
						"3.34473e-17"
					],
					[
						"7674.809235",
						"1.10097e-16"
					],
					[
						"7680.333176",
						"1.61864e-16"
					],
					[
						"7685.857117",
						"1.78082e-16"
					],
					[
						"7691.381058",
						"1.85391e-16"
					],
					[
						"7696.904999",
						"1.93074e-16"
					],
					[
						"7702.42894",
						"1.66511e-16"
					],
					[
						"7707.952881",
						"1.48294e-16"
					],
					[
						"7713.476822",
						"1.30544e-16"
					],
					[
						"7719.000763",
						"2.34674e-16"
					],
					[
						"7724.524704",
						"1.70151e-16"
					],
					[
						"7730.048645",
						"1.89303e-16"
					],
					[
						"7735.572586",
						"1.94162e-16"
					],
					[
						"7741.096527",
						"1.37281e-16"
					],
					[
						"7746.620468",
						"1.84733e-16"
					],
					[
						"7752.144409",
						"2.01805e-16"
					],
					[
						"7757.66835",
						"9.30606e-17"
					],
					[
						"7763.192291",
						"1.70524e-16"
					],
					[
						"7768.716232",
						"2.36826e-16"
					],
					[
						"7774.240173",
						"1.68742e-16"
					],
					[
						"7779.764114",
						"1.37222e-16"
					],
					[
						"7785.288055",
						"1.79097e-16"
					],
					[
						"7790.811996",
						"1.92377e-16"
					],
					[
						"7796.335938",
						"1.86673e-16"
					],
					[
						"7801.859879",
						"2.23989e-16"
					],
					[
						"7807.38382",
						"2.02905e-16"
					],
					[
						"7812.907761",
						"1.69276e-16"
					],
					[
						"7818.431702",
						"1.93924e-16"
					],
					[
						"7823.955643",
						"1.6722e-16"
					],
					[
						"7829.479584",
						"1.71189e-16"
					],
					[
						"7835.003525",
						"1.81251e-16"
					],
					[
						"7840.527466",
						"2.04932e-16"
					],
					[
						"7846.051407",
						"1.83293e-16"
					],
					[
						"7851.575348",
						"2.31751e-16"
					],
					[
						"7857.099289",
						"1.54049e-16"
					],
					[
						"7862.62323",
						"1.53718e-16"
					],
					[
						"7868.147171",
						"2.04073e-16"
					],
					[
						"7873.671112",
						"2.25391e-16"
					],
					[
						"7879.195053",
						"1.98342e-16"
					],
					[
						"7884.718994",
						"1.50259e-16"
					],
					[
						"7890.242935",
						"1.99105e-16"
					],
					[
						"7895.766876",
						"2.08095e-16"
					],
					[
						"7901.290817",
						"1.69823e-16"
					],
					[
						"7906.814758",
						"1.2289e-16"
					],
					[
						"7912.338699",
						"1.42696e-16"
					],
					[
						"7917.86264",
						"1.38961e-16"
					],
					[
						"7923.386581",
						"1.06554e-16"
					],
					[
						"7928.910522",
						"1.63255e-16"
					],
					[
						"7934.434463",
						"1.82983e-16"
					],
					[
						"7939.958405",
						"1.85619e-16"
					],
					[
						"7945.482346",
						"2.09059e-16"
					],
					[
						"7951.006287",
						"1.53686e-16"
					],
					[
						"7956.530228",
						"1.19082e-16"
					],
					[
						"7962.054169",
						"1.62041e-16"
					],
					[
						"7967.57811",
						"1.70517e-16"
					],
					[
						"7973.102051",
						"1.53098e-16"
					],
					[
						"7978.625992",
						"2.21735e-16"
					],
					[
						"7984.149933",
						"1.80415e-16"
					],
					[
						"7989.673874",
						"1.838e-16"
					],
					[
						"7995.197815",
						"1.72118e-16"
					],
					[
						"8000.721756",
						"1.35302e-16"
					],
					[
						"8006.245697",
						"2.07511e-16"
					],
					[
						"8011.769638",
						"2.14008e-16"
					],
					[
						"8017.293579",
						"1.74503e-16"
					],
					[
						"8022.81752",
						"1.28626e-16"
					],
					[
						"8028.341461",
						"1.1601e-16"
					],
					[
						"8033.865402",
						"1.60205e-16"
					],
					[
						"8039.389343",
						"1.74365e-16"
					],
					[
						"8044.913284",
						"1.63837e-16"
					],
					[
						"8050.437225",
						"1.84459e-16"
					],
					[
						"8055.961166",
						"1.59916e-16"
					],
					[
						"8061.485107",
						"1.61947e-16"
					],
					[
						"8067.009048",
						"1.78648e-16"
					],
					[
						"8072.53299",
						"1.55192e-16"
					],
					[
						"8078.056931",
						"1.89493e-16"
					],
					[
						"8083.580872",
						"2.0201e-16"
					],
					[
						"8089.104813",
						"1.78924e-16"
					],
					[
						"8094.628754",
						"1.5541e-16"
					],
					[
						"8100.152695",
						"1.55813e-16"
					],
					[
						"8105.676636",
						"1.39382e-16"
					],
					[
						"8111.200577",
						"1.49519e-16"
					],
					[
						"8116.724518",
						"1.83501e-16"
					],
					[
						"8122.248459",
						"1.73614e-16"
					],
					[
						"8127.7724",
						"1.7995e-16"
					],
					[
						"8133.296341",
						"1.57462e-16"
					],
					[
						"8138.820282",
						"1.23923e-16"
					],
					[
						"8144.344223",
						"1.46733e-16"
					],
					[
						"8149.868164",
						"1.35247e-16"
					],
					[
						"8155.392105",
						"1.67695e-16"
					],
					[
						"8160.916046",
						"1.78699e-16"
					],
					[
						"8166.439987",
						"1.16768e-16"
					],
					[
						"8171.963928",
						"1.52968e-16"
					],
					[
						"8177.487869",
						"1.93022e-16"
					],
					[
						"8183.01181",
						"1.79087e-16"
					],
					[
						"8188.535751",
						"1.80235e-16"
					],
					[
						"8194.059692",
						"1.70309e-16"
					],
					[
						"8199.583633",
						"1.74698e-16"
					],
					[
						"8205.107574",
						"1.68834e-16"
					],
					[
						"8210.631515",
						"1.51013e-16"
					],
					[
						"8216.155457",
						"1.53242e-16"
					],
					[
						"8221.679398",
						"1.37678e-16"
					],
					[
						"8227.203339",
						"1.54275e-16"
					],
					[
						"8232.72728",
						"1.69535e-16"
					],
					[
						"8238.251221",
						"1.42394e-16"
					],
					[
						"8243.775162",
						"9.79682e-17"
					],
					[
						"8249.299103",
						"1.67138e-16"
					],
					[
						"8254.823044",
						"1.33532e-16"
					],
					[
						"8260.346985",
						"1.57027e-16"
					],
					[
						"8265.870926",
						"1.87547e-16"
					],
					[
						"8271.394867",
						"1.73848e-16"
					],
					[
						"8276.918808",
						"1.05417e-16"
					],
					[
						"8282.442749",
						"1.53422e-16"
					],
					[
						"8287.96669",
						"1.41494e-16"
					],
					[
						"8293.490631",
						"1.50698e-16"
					],
					[
						"8299.014572",
						"1.71121e-16"
					],
					[
						"8304.538513",
						"1.59916e-16"
					],
					[
						"8310.062454",
						"1.55485e-16"
					],
					[
						"8315.586395",
						"1.54073e-16"
					],
					[
						"8321.110336",
						"1.84013e-16"
					],
					[
						"8326.634277",
						"1.67957e-16"
					],
					[
						"8332.158218",
						"1.84031e-16"
					],
					[
						"8337.682159",
						"1.50814e-16"
					],
					[
						"8343.2061",
						"1.44653e-16"
					],
					[
						"8348.730042",
						"1.6143e-16"
					],
					[
						"8354.253983",
						"1.41233e-16"
					],
					[
						"8359.777924",
						"1.4497e-16"
					],
					[
						"8365.301865",
						"1.17302e-16"
					],
					[
						"8370.825806",
						"1.41224e-16"
					],
					[
						"8376.349747",
						"1.59533e-16"
					],
					[
						"8381.873688",
						"1.53359e-16"
					],
					[
						"8387.397629",
						"1.61804e-16"
					],
					[
						"8392.92157",
						"1.56667e-16"
					],
					[
						"8398.445511",
						"1.52148e-16"
					],
					[
						"8403.969452",
						"1.62656e-16"
					],
					[
						"8409.493393",
						"1.48737e-16"
					],
					[
						"8415.017334",
						"1.94975e-16"
					],
					[
						"8420.541275",
						"1.81948e-16"
					],
					[
						"8426.065216",
						"1.41046e-16"
					],
					[
						"8431.589157",
						"1.41163e-16"
					],
					[
						"8437.113098",
						"1.81801e-16"
					],
					[
						"8442.637039",
						"1.78548e-16"
					],
					[
						"8448.16098",
						"1.33016e-16"
					],
					[
						"8453.684921",
						"2.15867e-16"
					],
					[
						"8459.208862",
						"1.91686e-16"
					],
					[
						"8464.732803",
						"1.25342e-16"
					],
					[
						"8470.256744",
						"9.69842e-17"
					],
					[
						"8475.780685",
						"1.13364e-16"
					],
					[
						"8481.304626",
						"1.63185e-16"
					],
					[
						"8486.828568",
						"1.44531e-16"
					],
					[
						"8492.352509",
						"1.68297e-16"
					],
					[
						"8497.87645",
						"1.7768e-16"
					],
					[
						"8503.400391",
						"1.39365e-16"
					],
					[
						"8508.924332",
						"1.54948e-16"
					],
					[
						"8514.448273",
						"1.53794e-16"
					],
					[
						"8519.972214",
						"1.11933e-16"
					],
					[
						"8525.496155",
						"1.76396e-16"
					],
					[
						"8531.020096",
						"1.88432e-16"
					],
					[
						"8536.544037",
						"1.5911e-16"
					],
					[
						"8542.067978",
						"1.28522e-16"
					],
					[
						"8547.591919",
						"1.63457e-16"
					],
					[
						"8553.11586",
						"1.70691e-16"
					],
					[
						"8558.639801",
						"1.46571e-16"
					],
					[
						"8564.163742",
						"1.45728e-16"
					],
					[
						"8569.687683",
						"1.24706e-16"
					],
					[
						"8575.211624",
						"1.30156e-16"
					],
					[
						"8580.735565",
						"1.11342e-16"
					],
					[
						"8586.259506",
						"1.60559e-16"
					],
					[
						"8591.783447",
						"1.67483e-16"
					],
					[
						"8597.307388",
						"1.85721e-16"
					],
					[
						"8602.831329",
						"1.14723e-16"
					],
					[
						"8608.35527",
						"1.22719e-16"
					],
					[
						"8613.879211",
						"1.75011e-16"
					],
					[
						"8619.403152",
						"1.54255e-16"
					],
					[
						"8624.927094",
						"1.18666e-16"
					],
					[
						"8630.451035",
						"1.43297e-16"
					],
					[
						"8635.974976",
						"1.80479e-16"
					],
					[
						"8641.498917",
						"1.25742e-16"
					],
					[
						"8647.022858",
						"9.45813e-17"
					],
					[
						"8652.546799",
						"1.68803e-16"
					],
					[
						"8658.07074",
						"1.20033e-16"
					],
					[
						"8663.594681",
						"7.91037e-17"
					],
					[
						"8669.118622",
						"1.22774e-16"
					],
					[
						"8674.642563",
						"1.60143e-16"
					],
					[
						"8680.166504",
						"1.70367e-16"
					],
					[
						"8685.690445",
						"1.31368e-16"
					],
					[
						"8691.214386",
						"1.69455e-16"
					],
					[
						"8696.738327",
						"1.51838e-16"
					],
					[
						"8702.262268",
						"1.57559e-16"
					],
					[
						"8707.786209",
						"1.64525e-16"
					],
					[
						"8713.31015",
						"1.36865e-16"
					],
					[
						"8718.834091",
						"1.85835e-16"
					],
					[
						"8724.358032",
						"1.37837e-16"
					],
					[
						"8729.881973",
						"1.64304e-16"
					],
					[
						"8735.405914",
						"1.31172e-16"
					],
					[
						"8740.929855",
						"8.36871e-17"
					],
					[
						"8746.453796",
						"1.28017e-16"
					],
					[
						"8751.977737",
						"1.09992e-16"
					],
					[
						"8757.501678",
						"1.27926e-16"
					],
					[
						"8763.02562",
						"1.89577e-16"
					],
					[
						"8768.549561",
						"1.435e-16"
					],
					[
						"8774.073502",
						"1.39631e-16"
					],
					[
						"8779.597443",
						"1.09919e-16"
					],
					[
						"8785.121384",
						"1.23165e-16"
					],
					[
						"8790.645325",
						"1.77284e-16"
					],
					[
						"8796.169266",
						"1.21772e-16"
					],
					[
						"8801.693207",
						"1.14327e-16"
					],
					[
						"8807.217148",
						"1.45429e-16"
					],
					[
						"8812.741089",
						"1.01965e-16"
					],
					[
						"8818.26503",
						"1.29397e-16"
					],
					[
						"8823.788971",
						"1.64308e-16"
					],
					[
						"8829.312912",
						"1.71649e-16"
					],
					[
						"8834.836853",
						"1.29224e-16"
					],
					[
						"8840.360794",
						"8.45897e-17"
					],
					[
						"8845.884735",
						"8.25003e-17"
					],
					[
						"8851.408676",
						"8.28525e-17"
					],
					[
						"8856.932617",
						"9.83052e-17"
					],
					[
						"8862.456558",
						"1.49752e-16"
					],
					[
						"8867.980499",
						"1.7097e-16"
					],
					[
						"8873.50444",
						"8.78803e-17"
					],
					[
						"8879.028381",
						"1.08519e-16"
					],
					[
						"8884.552322",
						"5.31099e-17"
					],
					[
						"8890.076263",
						"1.77057e-16"
					],
					[
						"8895.600204",
						"1.04193e-16"
					],
					[
						"8901.124146",
						"1.41823e-16"
					],
					[
						"8906.648087",
						"1.72508e-16"
					],
					[
						"8912.172028",
						"1.28764e-16"
					],
					[
						"8917.695969",
						"8.55301e-17"
					],
					[
						"8923.21991",
						"1.04458e-16"
					],
					[
						"8928.743851",
						"1.4869e-16"
					],
					[
						"8934.267792",
						"1.67208e-16"
					],
					[
						"8939.791733",
						"1.79239e-16"
					],
					[
						"8945.315674",
						"1.45941e-16"
					],
					[
						"8950.839615",
						"1.46287e-16"
					],
					[
						"8956.363556",
						"6.2319e-17"
					],
					[
						"8961.887497",
						"8.38947e-17"
					],
					[
						"8967.411438",
						"9.19364e-17"
					],
					[
						"8972.935379",
						"8.74922e-17"
					],
					[
						"8978.45932",
						"1.0586e-16"
					],
					[
						"8983.983261",
						"1.24825e-16"
					],
					[
						"8989.507202",
						"1.38322e-16"
					],
					[
						"8995.031143",
						"1.25944e-16"
					],
					[
						"9000.555084",
						"1.14973e-16"
					],
					[
						"9006.079025",
						"8.83721e-17"
					],
					[
						"9011.602966",
						"7.00035e-17"
					],
					[
						"9017.126907",
						"6.96058e-17"
					],
					[
						"9022.650848",
						"7.06862e-17"
					],
					[
						"9028.174789",
						"1.21354e-16"
					],
					[
						"9033.69873",
						"1.50745e-16"
					],
					[
						"9039.222672",
						"1.56467e-16"
					],
					[
						"9044.746613",
						"1.34068e-16"
					],
					[
						"9050.270554",
						"8.42287e-17"
					],
					[
						"9055.794495",
						"6.27805e-17"
					],
					[
						"9061.318436",
						"1.32297e-16"
					],
					[
						"9066.842377",
						"1.45012e-16"
					],
					[
						"9072.366318",
						"9.29433e-17"
					],
					[
						"9077.890259",
						"1.40335e-16"
					],
					[
						"9083.4142",
						"1.49672e-16"
					],
					[
						"9088.938141",
						"1.23982e-16"
					],
					[
						"9094.462082",
						"1.04464e-16"
					],
					[
						"9099.986023",
						"1.61897e-16"
					],
					[
						"9105.509964",
						"1.40158e-16"
					],
					[
						"9111.033905",
						"1.40259e-16"
					],
					[
						"9116.557846",
						"1.83368e-16"
					],
					[
						"9122.081787",
						"7.59075e-17"
					],
					[
						"9127.605728",
						"1.20391e-16"
					],
					[
						"9133.129669",
						"1.58366e-16"
					],
					[
						"9138.65361",
						"1.69798e-16"
					],
					[
						"9144.177551",
						"1.35758e-16"
					],
					[
						"9149.701492",
						"4.73924e-17"
					],
					[
						"9155.225433",
						"1.52056e-17"
					],
					[
						"9160.749374",
						"7.96998e-17"
					],
					[
						"9166.273315",
						"1.50476e-16"
					],
					[
						"9171.797256",
						"7.19851e-17"
					],
					[
						"9177.321198",
						"8.64593e-17"
					],
					[
						"9182.845139",
						"8.09747e-17"
					],
					[
						"9188.36908",
						"5.69534e-17"
					],
					[
						"9193.893021",
						"1.2036e-16"
					],
					[
						"9199.416962",
						"1.01811e-16"
					],
					[
						"9204.940903",
						"1.14551e-16"
					],
					[
						"9210.464844",
						"1.40619e-16"
					],
					[
						"9215.988785",
						"9.96778e-17"
					],
					[
						"9221.512726",
						"1.09431e-16"
					],
					[
						"9227.036667",
						"9.13372e-17"
					],
					[
						"9232.560608",
						"9.41678e-17"
					],
					[
						"9238.084549",
						"1.29549e-16"
					],
					[
						"9243.60849",
						"1.11411e-16"
					],
					[
						"9249.132431",
						"1.11458e-16"
					],
					[
						"9254.656372",
						"1.10995e-16"
					],
					[
						"9260.180313",
						"1.10876e-16"
					],
					[
						"9265.704254",
						"1.10713e-16"
					],
					[
						"9271.228195",
						"1.10538e-16"
					],
					[
						"9276.752136",
						"1.10534e-16"
					],
					[
						"9282.276077",
						"1.10514e-16"
					],
					[
						"9287.800018",
						"1.10482e-16"
					],
					[
						"9293.323959",
						"1.10436e-16"
					],
					[
						"9298.8479",
						"1.10363e-16"
					]
				],
				"source":"8"
			}
		]
	}
}