{
	"ASASSN-15fj":{
		"schema":"https://github.com/astrocatalogs/supernovae/blob/a0bc0b9/SCHEMA.md",
		"name":"ASASSN-15fj",
		"sources":[
			{
				"name":"2016A&A...594A..13P",
				"bibcode":"2016A&A...594A..13P",
				"reference":"Planck Collaboration et al. (2016)",
				"alias":"1"
			},
			{
				"name":"2015ATel.7257....1K",
				"bibcode":"2015ATel.7257....1K",
				"reference":"Krannich et al. (2015)",
				"alias":"2"
			},
			{
				"name":"2015ATel.7287....1F",
				"bibcode":"2015ATel.7287....1F",
				"reference":"Falco et al. (2015)",
				"alias":"3"
			},
			{
				"name":"2011ApJ...737..103S",
				"bibcode":"2011ApJ...737..103S",
				"reference":"Schlafly & Finkbeiner (2011)",
				"alias":"4"
			},
			{
				"name":"ASAS-SN Supernovae",
				"url":"http://www.astronomy.ohio-state.edu/~assassin/sn_list.html",
				"alias":"5"
			},
			{
				"name":"Latest Supernovae",
				"secondary":true,
				"url":"http://www.rochesterastronomy.org/snimages/snredshiftall.html",
				"alias":"6"
			},
			{
				"name":"The Open Supernova Catalog",
				"bibcode":"2017ApJ...835...64G",
				"reference":"Guillochon et al. (2017)",
				"secondary":true,
				"url":"https://sne.space",
				"alias":"7"
			},
			{
				"name":"SIMBAD astronomical database",
				"bibcode":"2000A&AS..143....9W",
				"reference":"Wenger et al. (2000)",
				"secondary":true,
				"url":"http://simbad.u-strasbg.fr/",
				"alias":"8"
			}
		],
		"alias":[
			{
				"value":"ASASSN-15fj",
				"source":"2,5,6,8"
			}
		],
		"claimedtype":[
			{
				"value":"Ia",
				"source":"2,3,5,6,8"
			}
		],
		"comovingdist":[
			{
				"value":"200",
				"derived":true,
				"u_value":"Mpc",
				"source":"1,2,5,6,7"
			}
		],
		"dec":[
			{
				"value":"+74:43:42.60",
				"u_value":"degrees",
				"source":"2,8"
			},
			{
				"value":"+74:43:42.6",
				"u_value":"degrees",
				"source":"2,5,6"
			}
		],
		"discoverdate":[
			{
				"value":"2015/03/18",
				"source":"2,6"
			}
		],
		"discoverer":[
			{
				"value":"ASAS-SN",
				"source":"2,6"
			}
		],
		"ebv":[
			{
				"value":"0.033",
				"derived":true,
				"e_value":"0.0006",
				"source":"4,7"
			}
		],
		"host":[
			{
				"value":"2MASX J17100856+7443426",
				"source":"2,5"
			}
		],
		"hostdec":[
			{
				"value":"+74:43:42.6",
				"derived":true,
				"u_value":"degrees",
				"source":"7"
			}
		],
		"hostoffsetang":[
			{
				"value":"0.5",
				"u_value":"arcseconds",
				"source":"2,5"
			}
		],
		"hostoffsetdist":[
			{
				"value":"0.5",
				"source":"1,2,5,6,7,8"
			}
		],
		"hostra":[
			{
				"value":"17:10:08.56",
				"derived":true,
				"u_value":"hours",
				"source":"7"
			}
		],
		"lumdist":[
			{
				"value":"206",
				"derived":true,
				"u_value":"Mpc",
				"source":"1,2,5,6,7"
			}
		],
		"maxabsmag":[
			{
				"value":"-20.9",
				"derived":true,
				"source":"1,2,5,6,7"
			}
		],
		"maxappmag":[
			{
				"value":"15.6",
				"derived":true,
				"source":"2,6,7"
			}
		],
		"maxdate":[
			{
				"value":"2015/03/29",
				"derived":true,
				"source":"2,6,7"
			}
		],
		"maxvisualabsmag":[
			{
				"value":"-21",
				"derived":true,
				"source":"1,2,5,6,7"
			}
		],
		"maxvisualappmag":[
			{
				"value":"15.6",
				"derived":true,
				"source":"2,6,7"
			}
		],
		"maxvisualdate":[
			{
				"value":"2015/03/29",
				"derived":true,
				"source":"2,6,7"
			}
		],
		"ra":[
			{
				"value":"17:10:08.550",
				"u_value":"hours",
				"source":"2,8"
			},
			{
				"value":"17:10:08.55",
				"u_value":"hours",
				"source":"2,6"
			},
			{
				"value":"17:10:08.64",
				"u_value":"hours",
				"source":"2,5"
			}
		],
		"redshift":[
			{
				"value":"0.045",
				"source":"2,5,6"
			}
		],
		"velocity":[
			{
				"value":"13000",
				"u_value":"km/s",
				"source":"7"
			}
		],
		"photometry":[
			{
				"time":"57110.5",
				"magnitude":"15.6",
				"u_time":"MJD",
				"source":"2,6"
			}
		]
	}
}