{
	"ASASSN-17be":{
		"schema":"https://github.com/astrocatalogs/supernovae/blob/a0bc0b9/SCHEMA.md",
		"name":"ASASSN-17be",
		"sources":[
			{
				"name":"2016A&A...594A..13P",
				"bibcode":"2016A&A...594A..13P",
				"reference":"Planck Collaboration et al. (2016)",
				"alias":"1"
			},
			{
				"name":"2011ApJ...737..103S",
				"bibcode":"2011ApJ...737..103S",
				"reference":"Schlafly & Finkbeiner (2011)",
				"alias":"2"
			},
			{
				"name":"Transient Name Server",
				"url":"https://wis-tns.weizmann.ac.il/",
				"alias":"3"
			},
			{
				"name":"ATel 10004",
				"url":"http://www.astronomerstelegram.org/?read=10004",
				"alias":"4"
			},
			{
				"name":"ASAS-SN Supernovae",
				"url":"http://www.astronomy.ohio-state.edu/~assassin/sn_list.html",
				"alias":"5"
			},
			{
				"name":"Latest Supernovae",
				"secondary":true,
				"url":"http://www.rochesterastronomy.org/snimages/snredshiftall.html",
				"alias":"6"
			},
			{
				"name":"The Open Supernova Catalog",
				"bibcode":"2017ApJ...835...64G",
				"reference":"Guillochon et al. (2017)",
				"secondary":true,
				"url":"https://sne.space",
				"alias":"7"
			}
		],
		"alias":[
			{
				"value":"ASASSN-17be",
				"source":"3,4,6"
			},
			{
				"value":"AT2017pa",
				"source":"3,4,5,6"
			}
		],
		"claimedtype":[
			{
				"value":"Ia",
				"source":"4,5,6"
			}
		],
		"comovingdist":[
			{
				"value":"200",
				"derived":true,
				"u_value":"Mpc",
				"source":"1,4,5,6,7"
			}
		],
		"dec":[
			{
				"value":"-61:41:10.63",
				"u_value":"degrees",
				"source":"3,4,6"
			},
			{
				"value":"-61:41:10.68",
				"u_value":"degrees",
				"source":"4,5"
			}
		],
		"discoverdate":[
			{
				"value":"2017/01/17.07",
				"source":"3,4,5"
			}
		],
		"discoverer":[
			{
				"value":"ASAS-SN",
				"source":"3,4,6"
			}
		],
		"ebv":[
			{
				"value":"0.0302",
				"derived":true,
				"e_value":"0.0006",
				"source":"2,7"
			}
		],
		"host":[
			{
				"value":"2MASX J02031063-6141105",
				"source":"3,4,5"
			}
		],
		"hostdec":[
			{
				"value":"-61:41:10.5",
				"derived":true,
				"u_value":"degrees",
				"source":"7"
			}
		],
		"hostoffsetang":[
			{
				"value":"0.51",
				"u_value":"arcseconds",
				"source":"4,5"
			}
		],
		"hostoffsetdist":[
			{
				"value":"0.48",
				"source":"1,3,4,5,6,7"
			}
		],
		"hostra":[
			{
				"value":"02:03:10.63",
				"derived":true,
				"u_value":"hours",
				"source":"7"
			}
		],
		"lumdist":[
			{
				"value":"180",
				"derived":true,
				"u_value":"Mpc",
				"source":"1,4,5,6,7"
			}
		],
		"maxabsmag":[
			{
				"value":"-19",
				"derived":true,
				"source":"1,4,5,6,7"
			}
		],
		"maxappmag":[
			{
				"value":"17.4",
				"derived":true,
				"source":"3,7"
			}
		],
		"maxband":[
			{
				"value":"V",
				"derived":true,
				"source":"3,7"
			}
		],
		"maxdate":[
			{
				"value":"2017/01/22",
				"derived":true,
				"source":"3,7"
			}
		],
		"maxvisualabsmag":[
			{
				"value":"-19",
				"derived":true,
				"source":"1,4,5,6,7"
			}
		],
		"maxvisualappmag":[
			{
				"value":"17.4",
				"derived":true,
				"source":"3,7"
			}
		],
		"maxvisualband":[
			{
				"value":"V",
				"derived":true,
				"source":"3,7"
			}
		],
		"maxvisualdate":[
			{
				"value":"2017/01/22",
				"derived":true,
				"source":"3,7"
			}
		],
		"ra":[
			{
				"value":"02:03:10.53",
				"u_value":"hours",
				"source":"3"
			},
			{
				"value":"02:03:10.530",
				"u_value":"hours",
				"source":"4,6"
			},
			{
				"value":"02:03:10.536",
				"u_value":"hours",
				"source":"4,5"
			}
		],
		"redshift":[
			{
				"value":"0.04",
				"source":"4,5,6"
			}
		],
		"velocity":[
			{
				"value":"10000",
				"u_value":"km/s",
				"source":"7"
			}
		],
		"photometry":[
			{
				"time":"57768.15",
				"band":"V",
				"instrument":"Cassius",
				"magnitude":"17.1",
				"system":"Vega",
				"telescope":"ASASSN-2",
				"u_time":"MJD",
				"upperlimit":true,
				"source":"3"
			},
			{
				"time":"57770.07",
				"band":"V",
				"e_magnitude":"0.2",
				"instrument":"Cassius",
				"magnitude":"17.5",
				"system":"Vega",
				"telescope":"ASASSN-2",
				"u_time":"MJD",
				"source":"3"
			},
			{
				"time":"57773.07",
				"band":"V",
				"e_magnitude":"0.2",
				"instrument":"Cassius",
				"magnitude":"17.6",
				"system":"Vega",
				"telescope":"ASASSN-2",
				"u_time":"MJD",
				"source":"3"
			},
			{
				"time":"57775.04",
				"band":"V",
				"e_magnitude":"0.1",
				"instrument":"Cassius",
				"magnitude":"17.4",
				"system":"Vega",
				"telescope":"ASASSN-2",
				"u_time":"MJD",
				"source":"3"
			}
		]
	}
}