{
	"ASASSN-15kz":{
		"schema":"https://github.com/astrocatalogs/supernovae/blob/a0bc0b9/SCHEMA.md",
		"name":"ASASSN-15kz",
		"sources":[
			{
				"name":"2016A&A...594A..13P",
				"bibcode":"2016A&A...594A..13P",
				"reference":"Planck Collaboration et al. (2016)",
				"alias":"1"
			},
			{
				"name":"2015ATel.7625....1K",
				"bibcode":"2015ATel.7625....1K",
				"reference":"Kiyota et al. (2015)",
				"alias":"2"
			},
			{
				"name":"2015ATel.7630....1C",
				"bibcode":"2015ATel.7630....1C",
				"reference":"Challis et al. (2015)",
				"alias":"3"
			},
			{
				"name":"2011ApJ...737..103S",
				"bibcode":"2011ApJ...737..103S",
				"reference":"Schlafly & Finkbeiner (2011)",
				"alias":"4"
			},
			{
				"name":"Pan-STARRS 3Pi",
				"url":"http://psweb.mp.qub.ac.uk/ps1threepi/psdb/",
				"alias":"5"
			},
			{
				"name":"ASAS-SN Supernovae",
				"url":"http://www.astronomy.ohio-state.edu/~assassin/sn_list.html",
				"alias":"6"
			},
			{
				"name":"Latest Supernovae",
				"secondary":true,
				"url":"http://www.rochesterastronomy.org/snimages/snredshiftall.html",
				"alias":"7"
			},
			{
				"name":"The Open Supernova Catalog",
				"bibcode":"2017ApJ...835...64G",
				"reference":"Guillochon et al. (2017)",
				"secondary":true,
				"url":"https://sne.space",
				"alias":"8"
			},
			{
				"name":"SIMBAD astronomical database",
				"bibcode":"2000A&AS..143....9W",
				"reference":"Wenger et al. (2000)",
				"secondary":true,
				"url":"http://simbad.u-strasbg.fr/",
				"alias":"9"
			}
		],
		"alias":[
			{
				"value":"ASASSN-15kz",
				"source":"2,5,6,7,9"
			},
			{
				"value":"PS15axg",
				"source":"2,7"
			}
		],
		"claimedtype":[
			{
				"value":"II P",
				"source":"2,3,6,7,9"
			}
		],
		"comovingdist":[
			{
				"value":"35.44",
				"derived":true,
				"u_value":"Mpc",
				"source":"1,2,6,7,8"
			}
		],
		"dec":[
			{
				"value":"-28:39:23.55",
				"u_value":"degrees",
				"source":"2,9"
			},
			{
				"value":"-28:39:23.5",
				"u_value":"degrees",
				"source":"2,5,7"
			},
			{
				"value":"-28:39:23.4",
				"u_value":"degrees",
				"source":"2,6"
			}
		],
		"discoverdate":[
			{
				"value":"2015/06/12",
				"source":"2,7"
			}
		],
		"discoverer":[
			{
				"value":"ASAS-SN",
				"source":"2,7"
			}
		],
		"ebv":[
			{
				"value":"0.0513",
				"derived":true,
				"e_value":"0.0011",
				"source":"4,8"
			}
		],
		"host":[
			{
				"value":"IC 4303",
				"source":"2,5,6,7"
			}
		],
		"hostoffsetang":[
			{
				"value":"7.94",
				"u_value":"arcseconds",
				"source":"2,6"
			}
		],
		"lumdist":[
			{
				"value":"35.721",
				"derived":true,
				"u_value":"Mpc",
				"source":"1,2,6,7,8"
			}
		],
		"maxabsmag":[
			{
				"value":"-17.256",
				"derived":true,
				"source":"1,2,6,7,8"
			}
		],
		"maxappmag":[
			{
				"value":"15.5",
				"derived":true,
				"source":"2,7,8"
			}
		],
		"maxdate":[
			{
				"value":"2015/06/20",
				"derived":true,
				"source":"2,7,8"
			}
		],
		"maxvisualabsmag":[
			{
				"value":"-17.115",
				"derived":true,
				"source":"1,2,6,7,8"
			}
		],
		"maxvisualappmag":[
			{
				"value":"15.65",
				"derived":true,
				"source":"2,5,8"
			}
		],
		"maxvisualband":[
			{
				"value":"r",
				"derived":true,
				"source":"2,5,8"
			}
		],
		"maxvisualdate":[
			{
				"value":"2015/06/23",
				"derived":true,
				"source":"2,5,8"
			}
		],
		"ra":[
			{
				"value":"13:37:18.670",
				"u_value":"hours",
				"source":"2,9"
			},
			{
				"value":"13:37:18.67",
				"u_value":"hours",
				"source":"2,5,7"
			},
			{
				"value":"13:37:18.72",
				"u_value":"hours",
				"source":"2,6"
			}
		],
		"redshift":[
			{
				"value":"0.008022",
				"source":"2,6,7"
			}
		],
		"velocity":[
			{
				"value":"2395",
				"u_value":"km/s",
				"source":"8"
			}
		],
		"photometry":[
			{
				"time":"57193.5",
				"magnitude":"15.5",
				"u_time":"MJD",
				"source":"2,7"
			},
			{
				"time":"57196.2776111504",
				"band":"r",
				"e_magnitude":"0.00560287",
				"instrument":"GPC",
				"magnitude":"15.6535",
				"telescope":"Pan-STARRS1",
				"u_time":"MJD",
				"source":"2,5"
			},
			{
				"time":"57196.2865979503",
				"band":"r",
				"e_magnitude":"0.0095484",
				"instrument":"GPC",
				"magnitude":"15.6471",
				"telescope":"Pan-STARRS1",
				"u_time":"MJD",
				"source":"2,5"
			},
			{
				"time":"57196.2956280946",
				"band":"r",
				"e_magnitude":"0.0073149",
				"instrument":"GPC",
				"magnitude":"15.6784",
				"telescope":"Pan-STARRS1",
				"u_time":"MJD",
				"source":"2,5"
			},
			{
				"time":"57196.3046238572",
				"band":"r",
				"e_magnitude":"0.00711154",
				"instrument":"GPC",
				"magnitude":"15.6761",
				"telescope":"Pan-STARRS1",
				"u_time":"MJD",
				"source":"2,5"
			},
			{
				"time":"57244.2384709177",
				"band":"y",
				"e_magnitude":"0.0599254",
				"instrument":"GPC",
				"magnitude":"16.0718",
				"telescope":"Pan-STARRS1",
				"u_time":"MJD",
				"source":"2,5"
			},
			{
				"time":"57246.2361329215",
				"band":"y",
				"e_magnitude":"0.0608511",
				"instrument":"GPC",
				"magnitude":"15.7566",
				"telescope":"Pan-STARRS1",
				"u_time":"MJD",
				"source":"2,5"
			},
			{
				"time":"57404.6725208009",
				"band":"z",
				"e_magnitude":"0.0529862",
				"instrument":"GPC",
				"magnitude":"18.5124",
				"telescope":"Pan-STARRS1",
				"u_time":"MJD",
				"source":"2,5"
			},
			{
				"time":"57505.3816151395",
				"band":"i",
				"e_magnitude":"0.068525",
				"instrument":"GPC",
				"magnitude":"19.5862",
				"telescope":"Pan-STARRS1",
				"u_time":"MJD",
				"source":"2,5"
			},
			{
				"time":"57505.3915384137",
				"band":"i",
				"e_magnitude":"0.0757503",
				"instrument":"GPC",
				"magnitude":"19.5534",
				"telescope":"Pan-STARRS1",
				"u_time":"MJD",
				"source":"2,5"
			},
			{
				"time":"57523.3203519609",
				"band":"i",
				"e_magnitude":"0.138819",
				"instrument":"GPC",
				"magnitude":"19.8008",
				"telescope":"Pan-STARRS1",
				"u_time":"MJD",
				"source":"2,5"
			},
			{
				"time":"57523.3235789165",
				"band":"i",
				"e_magnitude":"0.130885",
				"instrument":"GPC",
				"magnitude":"19.7335",
				"telescope":"Pan-STARRS1",
				"u_time":"MJD",
				"source":"2,5"
			},
			{
				"time":"57523.3300138829",
				"band":"i",
				"e_magnitude":"0.0919653",
				"instrument":"GPC",
				"magnitude":"19.71",
				"telescope":"Pan-STARRS1",
				"u_time":"MJD",
				"source":"2,5"
			},
			{
				"time":"57523.3332243998",
				"band":"i",
				"e_magnitude":"0.0814698",
				"instrument":"GPC",
				"magnitude":"19.7141",
				"telescope":"Pan-STARRS1",
				"u_time":"MJD",
				"source":"2,5"
			},
			{
				"time":"57523.3398989715",
				"band":"i",
				"e_magnitude":"0.0837626",
				"instrument":"GPC",
				"magnitude":"19.6081",
				"telescope":"Pan-STARRS1",
				"u_time":"MJD",
				"source":"2,5"
			},
			{
				"time":"57523.3498934758",
				"band":"i",
				"e_magnitude":"0.105803",
				"instrument":"GPC",
				"magnitude":"19.6962",
				"telescope":"Pan-STARRS1",
				"u_time":"MJD",
				"source":"2,5"
			},
			{
				"time":"57574.2636930635",
				"band":"z",
				"e_magnitude":"0.162967",
				"instrument":"GPC",
				"magnitude":"19.38",
				"telescope":"Pan-STARRS1",
				"u_time":"MJD",
				"source":"2,5"
			}
		]
	}
}