{
	"ASASSN-15bf":{
		"schema":"https://github.com/astrocatalogs/supernovae/blob/a0bc0b9/SCHEMA.md",
		"name":"ASASSN-15bf",
		"sources":[
			{
				"name":"2016A&A...594A..13P",
				"bibcode":"2016A&A...594A..13P",
				"reference":"Planck Collaboration et al. (2016)",
				"alias":"1"
			},
			{
				"name":"2015ATel.6959....1B",
				"bibcode":"2015ATel.6959....1B",
				"reference":"Brimacombe et al. (2015)",
				"alias":"2"
			},
			{
				"name":"2015ATel.6974....1F",
				"bibcode":"2015ATel.6974....1F",
				"reference":"Fremling et al. (2015)",
				"alias":"3"
			},
			{
				"name":"2011ApJ...737..103S",
				"bibcode":"2011ApJ...737..103S",
				"reference":"Schlafly & Finkbeiner (2011)",
				"alias":"4"
			},
			{
				"name":"ASAS-SN Supernovae",
				"url":"http://www.astronomy.ohio-state.edu/~assassin/sn_list.html",
				"alias":"5"
			},
			{
				"name":"Latest Supernovae",
				"secondary":true,
				"url":"http://www.rochesterastronomy.org/snimages/snredshiftall.html",
				"alias":"6"
			},
			{
				"name":"The Open Supernova Catalog",
				"bibcode":"2017ApJ...835...64G",
				"reference":"Guillochon et al. (2017)",
				"secondary":true,
				"url":"https://sne.space",
				"alias":"7"
			},
			{
				"name":"WISeREP",
				"bibcode":"2012PASP..124..668Y",
				"reference":"Yaron & Gal-Yam (2012)",
				"secondary":true,
				"url":"http://wiserep.weizmann.ac.il/",
				"alias":"8"
			},
			{
				"name":"SIMBAD astronomical database",
				"bibcode":"2000A&AS..143....9W",
				"reference":"Wenger et al. (2000)",
				"secondary":true,
				"url":"http://simbad.u-strasbg.fr/",
				"alias":"9"
			}
		],
		"alias":[
			{
				"value":"ASASSN-15bf",
				"source":"2,5,6,8,9"
			}
		],
		"claimedtype":[
			{
				"value":"Ia",
				"source":"2,3,5,6,8,9"
			}
		],
		"comovingdist":[
			{
				"value":"212.33",
				"derived":true,
				"u_value":"Mpc",
				"source":"1,2,5,7"
			}
		],
		"dec":[
			{
				"value":"-41:37:26.21",
				"u_value":"degrees",
				"source":"2,9"
			},
			{
				"value":"-41:37:26.2",
				"u_value":"degrees",
				"source":"2,6"
			},
			{
				"value":"-41:37:26.4",
				"u_value":"degrees",
				"source":"2,5"
			}
		],
		"discoverdate":[
			{
				"value":"2015/01/19",
				"source":"2,6"
			}
		],
		"discoverer":[
			{
				"value":"ASAS-SN",
				"source":"2,6"
			}
		],
		"ebv":[
			{
				"value":"0.0208",
				"derived":true,
				"e_value":"0.0007",
				"source":"4,7"
			}
		],
		"host":[
			{
				"value":"2MASX J04384102-4137212",
				"source":"2,5"
			}
		],
		"hostdec":[
			{
				"value":"-41:37:21.2",
				"derived":true,
				"u_value":"degrees",
				"source":"7"
			}
		],
		"hostoffsetang":[
			{
				"value":"4.77",
				"u_value":"arcseconds",
				"source":"2,5"
			}
		],
		"hostoffsetdist":[
			{
				"value":"4.68",
				"source":"1,2,5,7,9"
			}
		],
		"hostra":[
			{
				"value":"04:38:41.02",
				"derived":true,
				"u_value":"hours",
				"source":"7"
			}
		],
		"lumdist":[
			{
				"value":"222.629",
				"derived":true,
				"u_value":"Mpc",
				"source":"1,2,5,7"
			}
		],
		"maxabsmag":[
			{
				"value":"-19.8865",
				"derived":true,
				"source":"1,2,5,7"
			}
		],
		"maxappmag":[
			{
				"value":"16.8",
				"derived":true,
				"source":"2,6,7"
			}
		],
		"maxdate":[
			{
				"value":"2015/01/21",
				"derived":true,
				"source":"2,6,7"
			}
		],
		"maxvisualabsmag":[
			{
				"value":"-19.9379",
				"derived":true,
				"source":"1,2,5,7"
			}
		],
		"maxvisualappmag":[
			{
				"value":"16.8",
				"derived":true,
				"source":"2,6,7"
			}
		],
		"maxvisualdate":[
			{
				"value":"2015/01/21",
				"derived":true,
				"source":"2,6,7"
			}
		],
		"ra":[
			{
				"value":"04:38:41.100",
				"u_value":"hours",
				"source":"2,9"
			},
			{
				"value":"04:38:41.10",
				"u_value":"hours",
				"source":"2,6"
			},
			{
				"value":"04:38:41.112",
				"u_value":"hours",
				"source":"2,5"
			}
		],
		"redshift":[
			{
				"value":"0.048527",
				"source":"2,5"
			}
		],
		"velocity":[
			{
				"value":"14195",
				"u_value":"km/s",
				"source":"7"
			}
		],
		"photometry":[
			{
				"time":"57043.5",
				"magnitude":"16.8",
				"u_time":"MJD",
				"source":"2,6"
			}
		],
		"spectra":[
			{
				"time":"57043.0",
				"filename":"tASASSN-15bf_20150120_Gr13_Free_slit1.0_1_f.asci",
				"instrument":"ESO-NTT - EFOSC2-NTT",
				"observer":"C. Fremling, A. NNyholm",
				"redshift":"0.049",
				"reducer":"E. Karamehmetoglu, K. Migotto, J. Sollerman",
				"reduction":"rapid",
				"survey":"PESSTO",
				"u_fluxes":"erg/s/cm^2/Angstrom",
				"u_time":"MJD",
				"u_wavelengths":"Angstrom",
				"data":[
					[
						"3644.047852",
						"2.22802e-16"
					],
					[
						"3649.56578",
						"2.32961e-16"
					],
					[
						"3655.083709",
						"1.81527e-16"
					],
					[
						"3660.601637",
						"2.5896e-16"
					],
					[
						"3666.119566",
						"2.60972e-16"
					],
					[
						"3671.637495",
						"2.7285e-16"
					],
					[
						"3677.155423",
						"2.87796e-16"
					],
					[
						"3682.673352",
						"3.12981e-16"
					],
					[
						"3688.19128",
						"3.10685e-16"
					],
					[
						"3693.709209",
						"3.32987e-16"
					],
					[
						"3699.227138",
						"3.42758e-16"
					],
					[
						"3704.745066",
						"3.33657e-16"
					],
					[
						"3710.262995",
						"3.48124e-16"
					],
					[
						"3715.780923",
						"3.66804e-16"
					],
					[
						"3721.298852",
						"3.88145e-16"
					],
					[
						"3726.816781",
						"3.90511e-16"
					],
					[
						"3732.334709",
						"3.80833e-16"
					],
					[
						"3737.852638",
						"3.95982e-16"
					],
					[
						"3743.370566",
						"3.86935e-16"
					],
					[
						"3748.888495",
						"4.02549e-16"
					],
					[
						"3754.406424",
						"4.034e-16"
					],
					[
						"3759.924352",
						"3.8798e-16"
					],
					[
						"3765.442281",
						"3.99712e-16"
					],
					[
						"3770.960209",
						"3.96969e-16"
					],
					[
						"3776.478138",
						"3.69748e-16"
					],
					[
						"3781.996067",
						"4.1424e-16"
					],
					[
						"3787.513995",
						"3.91005e-16"
					],
					[
						"3793.031924",
						"3.87508e-16"
					],
					[
						"3798.549852",
						"3.92403e-16"
					],
					[
						"3804.067781",
						"4.16257e-16"
					],
					[
						"3809.58571",
						"3.95978e-16"
					],
					[
						"3815.103638",
						"4.34075e-16"
					],
					[
						"3820.621567",
						"4.38074e-16"
					],
					[
						"3826.139495",
						"4.15822e-16"
					],
					[
						"3831.657424",
						"4.47534e-16"
					],
					[
						"3837.175353",
						"4.49004e-16"
					],
					[
						"3842.693281",
						"4.48223e-16"
					],
					[
						"3848.21121",
						"4.53641e-16"
					],
					[
						"3853.729138",
						"4.21305e-16"
					],
					[
						"3859.247067",
						"4.10584e-16"
					],
					[
						"3864.764996",
						"3.8764e-16"
					],
					[
						"3870.282924",
						"3.8612e-16"
					],
					[
						"3875.800853",
						"3.48525e-16"
					],
					[
						"3881.318781",
						"3.27365e-16"
					],
					[
						"3886.83671",
						"3.27704e-16"
					],
					[
						"3892.354639",
						"3.18915e-16"
					],
					[
						"3897.872567",
						"3.09594e-16"
					],
					[
						"3903.390496",
						"3.52914e-16"
					],
					[
						"3908.908424",
						"3.6917e-16"
					],
					[
						"3914.426353",
						"3.19998e-16"
					],
					[
						"3919.944282",
						"3.02349e-16"
					],
					[
						"3925.46221",
						"3.08537e-16"
					],
					[
						"3930.980139",
						"2.77553e-16"
					],
					[
						"3936.498067",
						"2.60398e-16"
					],
					[
						"3942.015996",
						"2.66234e-16"
					],
					[
						"3947.533925",
						"2.01143e-16"
					],
					[
						"3953.051853",
						"2.27377e-16"
					],
					[
						"3958.569782",
						"2.16723e-16"
					],
					[
						"3964.08771",
						"2.07728e-16"
					],
					[
						"3969.605639",
						"1.9726e-16"
					],
					[
						"3975.123568",
						"2.05815e-16"
					],
					[
						"3980.641496",
						"1.82419e-16"
					],
					[
						"3986.159425",
						"1.82858e-16"
					],
					[
						"3991.677353",
						"2.02373e-16"
					],
					[
						"3997.195282",
						"2.08559e-16"
					],
					[
						"4002.713211",
						"2.14436e-16"
					],
					[
						"4008.231139",
						"2.26702e-16"
					],
					[
						"4013.749068",
						"2.38166e-16"
					],
					[
						"4019.266996",
						"2.6256e-16"
					],
					[
						"4024.784925",
						"2.84919e-16"
					],
					[
						"4030.302854",
						"3.20442e-16"
					],
					[
						"4035.820782",
						"3.5881e-16"
					],
					[
						"4041.338711",
						"3.88416e-16"
					],
					[
						"4046.856639",
						"3.99647e-16"
					],
					[
						"4052.374568",
						"4.22822e-16"
					],
					[
						"4057.892497",
						"4.61974e-16"
					],
					[
						"4063.410425",
						"4.75522e-16"
					],
					[
						"4068.928354",
						"4.99408e-16"
					],
					[
						"4074.446282",
						"5.03812e-16"
					],
					[
						"4079.964211",
						"5.04931e-16"
					],
					[
						"4085.48214",
						"5.20467e-16"
					],
					[
						"4091.000068",
						"5.28847e-16"
					],
					[
						"4096.517997",
						"5.13228e-16"
					],
					[
						"4102.035925",
						"5.13524e-16"
					],
					[
						"4107.553854",
						"5.14673e-16"
					],
					[
						"4113.071783",
						"5.19465e-16"
					],
					[
						"4118.589711",
						"4.9533e-16"
					],
					[
						"4124.10764",
						"4.92663e-16"
					],
					[
						"4129.625568",
						"5.03335e-16"
					],
					[
						"4135.143497",
						"4.96068e-16"
					],
					[
						"4140.661426",
						"5.20761e-16"
					],
					[
						"4146.179354",
						"5.08546e-16"
					],
					[
						"4151.697283",
						"4.9939e-16"
					],
					[
						"4157.215211",
						"4.89648e-16"
					],
					[
						"4162.73314",
						"4.78712e-16"
					],
					[
						"4168.251069",
						"4.63326e-16"
					],
					[
						"4173.768997",
						"4.54289e-16"
					],
					[
						"4179.286926",
						"4.56699e-16"
					],
					[
						"4184.804854",
						"4.60773e-16"
					],
					[
						"4190.322783",
						"4.72192e-16"
					],
					[
						"4195.840712",
						"4.58796e-16"
					],
					[
						"4201.35864",
						"4.69573e-16"
					],
					[
						"4206.876569",
						"4.52204e-16"
					],
					[
						"4212.394497",
						"4.6359e-16"
					],
					[
						"4217.912426",
						"4.75286e-16"
					],
					[
						"4223.430355",
						"4.79855e-16"
					],
					[
						"4228.948283",
						"4.70139e-16"
					],
					[
						"4234.466212",
						"4.97408e-16"
					],
					[
						"4239.98414",
						"5.03528e-16"
					],
					[
						"4245.502069",
						"5.0096e-16"
					],
					[
						"4251.019998",
						"5.13355e-16"
					],
					[
						"4256.537926",
						"5.17553e-16"
					],
					[
						"4262.055855",
						"5.07949e-16"
					],
					[
						"4267.573783",
						"4.98587e-16"
					],
					[
						"4273.091712",
						"5.13551e-16"
					],
					[
						"4278.609641",
						"5.03991e-16"
					],
					[
						"4284.127569",
						"5.01817e-16"
					],
					[
						"4289.645498",
						"4.5916e-16"
					],
					[
						"4295.163426",
						"4.71544e-16"
					],
					[
						"4300.681355",
						"4.52072e-16"
					],
					[
						"4306.199284",
						"4.65196e-16"
					],
					[
						"4311.717212",
						"4.46123e-16"
					],
					[
						"4317.235141",
						"4.37341e-16"
					],
					[
						"4322.753069",
						"4.41992e-16"
					],
					[
						"4328.270998",
						"4.44459e-16"
					],
					[
						"4333.788927",
						"4.37013e-16"
					],
					[
						"4339.306855",
						"4.32658e-16"
					],
					[
						"4344.824784",
						"4.23121e-16"
					],
					[
						"4350.342712",
						"4.28584e-16"
					],
					[
						"4355.860641",
						"4.36352e-16"
					],
					[
						"4361.37857",
						"4.49146e-16"
					],
					[
						"4366.896498",
						"4.39686e-16"
					],
					[
						"4372.414427",
						"4.492e-16"
					],
					[
						"4377.932355",
						"4.53506e-16"
					],
					[
						"4383.450284",
						"4.49554e-16"
					],
					[
						"4388.968213",
						"4.51368e-16"
					],
					[
						"4394.486141",
						"4.54829e-16"
					],
					[
						"4400.00407",
						"4.58074e-16"
					],
					[
						"4405.521998",
						"4.45233e-16"
					],
					[
						"4411.039927",
						"4.24544e-16"
					],
					[
						"4416.557856",
						"4.31338e-16"
					],
					[
						"4422.075784",
						"4.22885e-16"
					],
					[
						"4427.593713",
						"4.16225e-16"
					],
					[
						"4433.111641",
						"4.13e-16"
					],
					[
						"4438.62957",
						"3.93956e-16"
					],
					[
						"4444.147499",
						"3.83818e-16"
					],
					[
						"4449.665427",
						"3.89519e-16"
					],
					[
						"4455.183356",
						"3.72136e-16"
					],
					[
						"4460.701284",
						"3.70864e-16"
					],
					[
						"4466.219213",
						"3.49401e-16"
					],
					[
						"4471.737142",
						"3.54414e-16"
					],
					[
						"4477.25507",
						"3.37206e-16"
					],
					[
						"4482.772999",
						"3.42537e-16"
					],
					[
						"4488.290927",
						"3.43142e-16"
					],
					[
						"4493.808856",
						"3.25232e-16"
					],
					[
						"4499.326785",
						"3.08889e-16"
					],
					[
						"4504.844713",
						"3.12296e-16"
					],
					[
						"4510.362642",
						"3.13409e-16"
					],
					[
						"4515.88057",
						"3.1856e-16"
					],
					[
						"4521.398499",
						"3.2223e-16"
					],
					[
						"4526.916428",
						"3.05019e-16"
					],
					[
						"4532.434356",
						"3.0744e-16"
					],
					[
						"4537.952285",
						"3.14113e-16"
					],
					[
						"4543.470213",
						"3.227e-16"
					],
					[
						"4548.988142",
						"3.3212e-16"
					],
					[
						"4554.506071",
						"3.34958e-16"
					],
					[
						"4560.023999",
						"3.36161e-16"
					],
					[
						"4565.541928",
						"3.31845e-16"
					],
					[
						"4571.059856",
						"3.41465e-16"
					],
					[
						"4576.577785",
						"3.36261e-16"
					],
					[
						"4582.095714",
						"3.35884e-16"
					],
					[
						"4587.613642",
						"3.37156e-16"
					],
					[
						"4593.131571",
						"3.38035e-16"
					],
					[
						"4598.649499",
						"3.41788e-16"
					],
					[
						"4604.167428",
						"3.69129e-16"
					],
					[
						"4609.685357",
						"3.53023e-16"
					],
					[
						"4615.203285",
						"3.44878e-16"
					],
					[
						"4620.721214",
						"3.68637e-16"
					],
					[
						"4626.239142",
						"3.87578e-16"
					],
					[
						"4631.757071",
						"3.85286e-16"
					],
					[
						"4637.275",
						"3.99283e-16"
					],
					[
						"4642.792928",
						"4.11837e-16"
					],
					[
						"4648.310857",
						"4.11597e-16"
					],
					[
						"4653.828785",
						"4.19103e-16"
					],
					[
						"4659.346714",
						"4.19588e-16"
					],
					[
						"4664.864643",
						"4.24454e-16"
					],
					[
						"4670.382571",
						"4.40381e-16"
					],
					[
						"4675.9005",
						"4.33927e-16"
					],
					[
						"4681.418428",
						"4.41922e-16"
					],
					[
						"4686.936357",
						"4.38991e-16"
					],
					[
						"4692.454286",
						"4.45573e-16"
					],
					[
						"4697.972214",
						"4.50959e-16"
					],
					[
						"4703.490143",
						"4.64331e-16"
					],
					[
						"4709.008071",
						"4.5925e-16"
					],
					[
						"4714.526",
						"4.63017e-16"
					],
					[
						"4720.043929",
						"4.78428e-16"
					],
					[
						"4725.561857",
						"4.65718e-16"
					],
					[
						"4731.079786",
						"4.64449e-16"
					],
					[
						"4736.597714",
						"4.87418e-16"
					],
					[
						"4742.115643",
						"4.91088e-16"
					],
					[
						"4747.633572",
						"4.75906e-16"
					],
					[
						"4753.1515",
						"4.82616e-16"
					],
					[
						"4758.669429",
						"4.72002e-16"
					],
					[
						"4764.187357",
						"4.73331e-16"
					],
					[
						"4769.705286",
						"4.60383e-16"
					],
					[
						"4775.223215",
						"4.6665e-16"
					],
					[
						"4780.741143",
						"4.69043e-16"
					],
					[
						"4786.259072",
						"4.76003e-16"
					],
					[
						"4791.777",
						"4.63729e-16"
					],
					[
						"4797.294929",
						"4.59628e-16"
					],
					[
						"4802.812858",
						"4.67548e-16"
					],
					[
						"4808.330786",
						"4.59301e-16"
					],
					[
						"4813.848715",
						"4.66248e-16"
					],
					[
						"4819.366643",
						"4.6885e-16"
					],
					[
						"4824.884572",
						"4.86448e-16"
					],
					[
						"4830.402501",
						"4.76291e-16"
					],
					[
						"4835.920429",
						"4.67384e-16"
					],
					[
						"4841.438358",
						"4.65733e-16"
					],
					[
						"4846.956286",
						"4.63815e-16"
					],
					[
						"4852.474215",
						"4.5147e-16"
					],
					[
						"4857.992144",
						"4.39902e-16"
					],
					[
						"4863.510072",
						"4.36273e-16"
					],
					[
						"4869.028001",
						"4.41657e-16"
					],
					[
						"4874.545929",
						"4.33299e-16"
					],
					[
						"4880.063858",
						"4.19047e-16"
					],
					[
						"4885.581787",
						"4.05807e-16"
					],
					[
						"4891.099715",
						"4.02923e-16"
					],
					[
						"4896.617644",
						"4.02178e-16"
					],
					[
						"4902.135572",
						"4.08375e-16"
					],
					[
						"4907.653501",
						"4.02222e-16"
					],
					[
						"4913.17143",
						"4.06908e-16"
					],
					[
						"4918.689358",
						"3.92136e-16"
					],
					[
						"4924.207287",
						"3.79246e-16"
					],
					[
						"4929.725215",
						"3.793e-16"
					],
					[
						"4935.243144",
						"3.66788e-16"
					],
					[
						"4940.761073",
						"3.42663e-16"
					],
					[
						"4946.279001",
						"3.68977e-16"
					],
					[
						"4951.79693",
						"2.30536e-16"
					],
					[
						"4957.314858",
						"1.73831e-16"
					],
					[
						"4962.832787",
						"2.92409e-16"
					],
					[
						"4968.350716",
						"3.17179e-16"
					],
					[
						"4973.868644",
						"3.21509e-16"
					],
					[
						"4979.386573",
						"3.07683e-16"
					],
					[
						"4984.904501",
						"3.1181e-16"
					],
					[
						"4990.42243",
						"3.21742e-16"
					],
					[
						"4995.940359",
						"3.16799e-16"
					],
					[
						"5001.458287",
						"3.18197e-16"
					],
					[
						"5006.976216",
						"3.16996e-16"
					],
					[
						"5012.494144",
						"3.10122e-16"
					],
					[
						"5018.012073",
						"3.32728e-16"
					],
					[
						"5023.530002",
						"3.09943e-16"
					],
					[
						"5029.04793",
						"3.11733e-16"
					],
					[
						"5034.565859",
						"3.07282e-16"
					],
					[
						"5040.083787",
						"3.03897e-16"
					],
					[
						"5045.601716",
						"2.93518e-16"
					],
					[
						"5051.119645",
						"2.84364e-16"
					],
					[
						"5056.637573",
						"2.82845e-16"
					],
					[
						"5062.155502",
						"2.72791e-16"
					],
					[
						"5067.67343",
						"2.75984e-16"
					],
					[
						"5073.191359",
						"2.70155e-16"
					],
					[
						"5078.709288",
						"2.73956e-16"
					],
					[
						"5084.227216",
						"2.62328e-16"
					],
					[
						"5089.745145",
						"2.67235e-16"
					],
					[
						"5095.263073",
						"2.86907e-16"
					],
					[
						"5100.781002",
						"2.95551e-16"
					],
					[
						"5106.298931",
						"3.09023e-16"
					],
					[
						"5111.816859",
						"3.13144e-16"
					],
					[
						"5117.334788",
						"3.23161e-16"
					],
					[
						"5122.852716",
						"3.27669e-16"
					],
					[
						"5128.370645",
						"3.22839e-16"
					],
					[
						"5133.888574",
						"3.52568e-16"
					],
					[
						"5139.406502",
						"3.46783e-16"
					],
					[
						"5144.924431",
						"3.30524e-16"
					],
					[
						"5150.442359",
						"3.35077e-16"
					],
					[
						"5155.960288",
						"3.30635e-16"
					],
					[
						"5161.478217",
						"3.21345e-16"
					],
					[
						"5166.996145",
						"3.10632e-16"
					],
					[
						"5172.514074",
						"2.96362e-16"
					],
					[
						"5178.032002",
						"2.79026e-16"
					],
					[
						"5183.549931",
						"2.72084e-16"
					],
					[
						"5189.06786",
						"2.71657e-16"
					],
					[
						"5194.585788",
						"2.69981e-16"
					],
					[
						"5200.103717",
						"2.4525e-16"
					],
					[
						"5205.621645",
						"2.50447e-16"
					],
					[
						"5211.139574",
						"2.42476e-16"
					],
					[
						"5216.657503",
						"2.41541e-16"
					],
					[
						"5222.175431",
						"2.42547e-16"
					],
					[
						"5227.69336",
						"2.36936e-16"
					],
					[
						"5233.211288",
						"2.36885e-16"
					],
					[
						"5238.729217",
						"2.4526e-16"
					],
					[
						"5244.247146",
						"2.3807e-16"
					],
					[
						"5249.765074",
						"2.42431e-16"
					],
					[
						"5255.283003",
						"2.41281e-16"
					],
					[
						"5260.800931",
						"2.54935e-16"
					],
					[
						"5266.31886",
						"2.65071e-16"
					],
					[
						"5271.836789",
						"2.68333e-16"
					],
					[
						"5277.354717",
						"2.75358e-16"
					],
					[
						"5282.872646",
						"2.83422e-16"
					],
					[
						"5288.390574",
						"2.96022e-16"
					],
					[
						"5293.908503",
						"2.9774e-16"
					],
					[
						"5299.426432",
						"3.0263e-16"
					],
					[
						"5304.94436",
						"3.14368e-16"
					],
					[
						"5310.462289",
						"3.07817e-16"
					],
					[
						"5315.980217",
						"3.18652e-16"
					],
					[
						"5321.498146",
						"3.26901e-16"
					],
					[
						"5327.016075",
						"3.32913e-16"
					],
					[
						"5332.534003",
						"3.4685e-16"
					],
					[
						"5338.051932",
						"3.43728e-16"
					],
					[
						"5343.56986",
						"3.45763e-16"
					],
					[
						"5349.087789",
						"3.55555e-16"
					],
					[
						"5354.605718",
						"3.66339e-16"
					],
					[
						"5360.123646",
						"3.7672e-16"
					],
					[
						"5365.641575",
						"3.82389e-16"
					],
					[
						"5371.159503",
						"3.72714e-16"
					],
					[
						"5376.677432",
						"3.96e-16"
					],
					[
						"5382.195361",
						"3.86229e-16"
					],
					[
						"5387.713289",
						"4.02789e-16"
					],
					[
						"5393.231218",
						"3.9752e-16"
					],
					[
						"5398.749146",
						"4.15485e-16"
					],
					[
						"5404.267075",
						"3.93743e-16"
					],
					[
						"5409.785004",
						"3.9328e-16"
					],
					[
						"5415.302932",
						"4.05179e-16"
					],
					[
						"5420.820861",
						"3.97074e-16"
					],
					[
						"5426.338789",
						"3.92754e-16"
					],
					[
						"5431.856718",
						"3.85857e-16"
					],
					[
						"5437.374647",
						"4.01842e-16"
					],
					[
						"5442.892575",
						"4.07295e-16"
					],
					[
						"5448.410504",
						"3.92466e-16"
					],
					[
						"5453.928432",
						"3.8601e-16"
					],
					[
						"5459.446361",
						"3.77573e-16"
					],
					[
						"5464.96429",
						"3.95378e-16"
					],
					[
						"5470.482218",
						"3.67806e-16"
					],
					[
						"5476.000147",
						"3.63361e-16"
					],
					[
						"5481.518075",
						"3.69467e-16"
					],
					[
						"5487.036004",
						"3.59859e-16"
					],
					[
						"5492.553933",
						"3.35615e-16"
					],
					[
						"5498.071861",
						"3.50957e-16"
					],
					[
						"5503.58979",
						"3.48978e-16"
					],
					[
						"5509.107718",
						"3.49474e-16"
					],
					[
						"5514.625647",
						"3.35583e-16"
					],
					[
						"5520.143576",
						"3.32442e-16"
					],
					[
						"5525.661504",
						"3.38375e-16"
					],
					[
						"5531.179433",
						"3.42119e-16"
					],
					[
						"5536.697361",
						"3.39321e-16"
					],
					[
						"5542.21529",
						"3.15491e-16"
					],
					[
						"5547.733219",
						"3.3456e-16"
					],
					[
						"5553.251147",
						"3.26404e-16"
					],
					[
						"5558.769076",
						"3.20555e-16"
					],
					[
						"5564.287004",
						"3.24371e-16"
					],
					[
						"5569.804933",
						"3.1826e-16"
					],
					[
						"5575.322862",
						"3.17384e-16"
					],
					[
						"5580.84079",
						"3.23387e-16"
					],
					[
						"5586.358719",
						"3.22601e-16"
					],
					[
						"5591.876647",
						"3.15193e-16"
					],
					[
						"5597.394576",
						"3.08293e-16"
					],
					[
						"5602.912505",
						"2.93133e-16"
					],
					[
						"5608.430433",
						"2.94159e-16"
					],
					[
						"5613.948362",
						"3.0024e-16"
					],
					[
						"5619.46629",
						"2.91147e-16"
					],
					[
						"5624.984219",
						"2.95064e-16"
					],
					[
						"5630.502148",
						"2.93051e-16"
					],
					[
						"5636.020076",
						"2.98183e-16"
					],
					[
						"5641.538005",
						"3.02226e-16"
					],
					[
						"5647.055933",
						"3.05905e-16"
					],
					[
						"5652.573862",
						"3.00577e-16"
					],
					[
						"5658.091791",
						"2.96562e-16"
					],
					[
						"5663.609719",
						"3.07468e-16"
					],
					[
						"5669.127648",
						"2.91871e-16"
					],
					[
						"5674.645576",
						"2.96583e-16"
					],
					[
						"5680.163505",
						"2.8775e-16"
					],
					[
						"5685.681434",
						"2.93897e-16"
					],
					[
						"5691.199362",
						"2.83757e-16"
					],
					[
						"5696.717291",
						"2.76482e-16"
					],
					[
						"5702.235219",
						"2.8016e-16"
					],
					[
						"5707.753148",
						"2.78999e-16"
					],
					[
						"5713.271077",
						"2.72916e-16"
					],
					[
						"5718.789005",
						"2.87549e-16"
					],
					[
						"5724.306934",
						"2.92267e-16"
					],
					[
						"5729.824862",
						"2.96864e-16"
					],
					[
						"5735.342791",
						"2.80403e-16"
					],
					[
						"5740.86072",
						"2.83992e-16"
					],
					[
						"5746.378648",
						"2.89294e-16"
					],
					[
						"5751.896577",
						"2.91425e-16"
					],
					[
						"5757.414505",
						"2.97953e-16"
					],
					[
						"5762.932434",
						"2.92569e-16"
					],
					[
						"5768.450363",
						"2.99247e-16"
					],
					[
						"5773.968291",
						"3.11341e-16"
					],
					[
						"5779.48622",
						"3.03855e-16"
					],
					[
						"5785.004148",
						"2.9901e-16"
					],
					[
						"5790.522077",
						"2.95709e-16"
					],
					[
						"5796.040006",
						"3.05583e-16"
					],
					[
						"5801.557934",
						"3.02893e-16"
					],
					[
						"5807.075863",
						"2.89375e-16"
					],
					[
						"5812.593791",
						"2.99082e-16"
					],
					[
						"5818.11172",
						"2.98197e-16"
					],
					[
						"5823.629649",
						"2.94419e-16"
					],
					[
						"5829.147577",
						"2.94919e-16"
					],
					[
						"5834.665506",
						"2.99973e-16"
					],
					[
						"5840.183434",
						"2.95052e-16"
					],
					[
						"5845.701363",
						"2.87205e-16"
					],
					[
						"5851.219292",
						"2.84564e-16"
					],
					[
						"5856.73722",
						"2.8782e-16"
					],
					[
						"5862.255149",
						"2.88095e-16"
					],
					[
						"5867.773077",
						"2.77527e-16"
					],
					[
						"5873.291006",
						"2.8122e-16"
					],
					[
						"5878.808935",
						"2.73462e-16"
					],
					[
						"5884.326863",
						"2.78663e-16"
					],
					[
						"5889.844792",
						"2.79286e-16"
					],
					[
						"5895.36272",
						"2.77812e-16"
					],
					[
						"5900.880649",
						"2.8441e-16"
					],
					[
						"5906.398578",
						"2.71628e-16"
					],
					[
						"5911.916506",
						"2.69086e-16"
					],
					[
						"5917.434435",
						"2.72413e-16"
					],
					[
						"5922.952363",
						"2.68268e-16"
					],
					[
						"5928.470292",
						"2.62725e-16"
					],
					[
						"5933.988221",
						"2.56801e-16"
					],
					[
						"5939.506149",
						"2.62231e-16"
					],
					[
						"5945.024078",
						"2.60079e-16"
					],
					[
						"5950.542006",
						"2.56515e-16"
					],
					[
						"5956.059935",
						"2.50963e-16"
					],
					[
						"5961.577864",
						"2.52556e-16"
					],
					[
						"5967.095792",
						"2.57149e-16"
					],
					[
						"5972.613721",
						"2.42795e-16"
					],
					[
						"5978.131649",
						"2.42472e-16"
					],
					[
						"5983.649578",
						"2.43597e-16"
					],
					[
						"5989.167507",
						"2.41734e-16"
					],
					[
						"5994.685435",
						"2.52301e-16"
					],
					[
						"6000.203364",
						"2.50438e-16"
					],
					[
						"6005.721293",
						"2.39887e-16"
					],
					[
						"6011.239221",
						"2.5122e-16"
					],
					[
						"6016.75715",
						"2.57596e-16"
					],
					[
						"6022.275078",
						"2.5073e-16"
					],
					[
						"6027.793007",
						"2.62065e-16"
					],
					[
						"6033.310935",
						"2.91186e-16"
					],
					[
						"6038.828864",
						"2.73741e-16"
					],
					[
						"6044.346793",
						"2.75554e-16"
					],
					[
						"6049.864721",
						"2.83232e-16"
					],
					[
						"6055.38265",
						"2.89437e-16"
					],
					[
						"6060.900578",
						"3.01548e-16"
					],
					[
						"6066.418507",
						"2.94262e-16"
					],
					[
						"6071.936436",
						"2.9417e-16"
					],
					[
						"6077.454364",
						"2.96916e-16"
					],
					[
						"6082.972293",
						"3.01585e-16"
					],
					[
						"6088.490222",
						"2.98614e-16"
					],
					[
						"6094.00815",
						"3.20198e-16"
					],
					[
						"6099.526079",
						"3.18795e-16"
					],
					[
						"6105.044007",
						"3.12396e-16"
					],
					[
						"6110.561936",
						"3.18471e-16"
					],
					[
						"6116.079865",
						"3.25341e-16"
					],
					[
						"6121.597793",
						"3.22186e-16"
					],
					[
						"6127.115722",
						"3.20605e-16"
					],
					[
						"6132.63365",
						"3.21082e-16"
					],
					[
						"6138.151579",
						"3.09972e-16"
					],
					[
						"6143.669507",
						"3.14027e-16"
					],
					[
						"6149.187436",
						"3.17242e-16"
					],
					[
						"6154.705365",
						"3.25793e-16"
					],
					[
						"6160.223293",
						"3.12615e-16"
					],
					[
						"6165.741222",
						"3.17953e-16"
					],
					[
						"6171.259151",
						"3.03408e-16"
					],
					[
						"6176.777079",
						"2.90133e-16"
					],
					[
						"6182.295008",
						"2.85252e-16"
					],
					[
						"6187.812936",
						"2.8825e-16"
					],
					[
						"6193.330865",
						"2.94545e-16"
					],
					[
						"6198.848794",
						"2.91352e-16"
					],
					[
						"6204.366722",
						"2.90806e-16"
					],
					[
						"6209.884651",
						"3.01203e-16"
					],
					[
						"6215.402579",
						"2.93784e-16"
					],
					[
						"6220.920508",
						"2.86799e-16"
					],
					[
						"6226.438437",
						"3.00052e-16"
					],
					[
						"6231.956365",
						"2.93607e-16"
					],
					[
						"6237.474294",
						"2.88873e-16"
					],
					[
						"6242.992222",
						"2.88629e-16"
					],
					[
						"6248.510151",
						"2.83268e-16"
					],
					[
						"6254.02808",
						"2.89999e-16"
					],
					[
						"6259.546008",
						"2.93799e-16"
					],
					[
						"6265.063937",
						"2.83359e-16"
					],
					[
						"6270.581865",
						"2.72265e-16"
					],
					[
						"6276.099794",
						"2.75693e-16"
					],
					[
						"6281.617723",
						"2.71863e-16"
					],
					[
						"6287.135651",
						"2.51144e-16"
					],
					[
						"6292.65358",
						"2.51851e-16"
					],
					[
						"6298.171508",
						"2.64584e-16"
					],
					[
						"6303.689437",
						"2.56288e-16"
					],
					[
						"6309.207366",
						"2.59969e-16"
					],
					[
						"6314.725294",
						"2.57367e-16"
					],
					[
						"6320.243223",
						"2.49661e-16"
					],
					[
						"6325.761151",
						"2.44941e-16"
					],
					[
						"6331.27908",
						"2.4236e-16"
					],
					[
						"6336.797009",
						"2.22622e-16"
					],
					[
						"6342.314937",
						"2.16527e-16"
					],
					[
						"6347.832866",
						"2.06903e-16"
					],
					[
						"6353.350794",
						"1.99295e-16"
					],
					[
						"6358.868723",
						"1.80641e-16"
					],
					[
						"6364.386652",
						"1.69687e-16"
					],
					[
						"6369.90458",
						"1.6291e-16"
					],
					[
						"6375.422509",
						"1.40692e-16"
					],
					[
						"6380.940437",
						"1.30023e-16"
					],
					[
						"6386.458366",
						"1.33404e-16"
					],
					[
						"6391.976295",
						"1.30771e-16"
					],
					[
						"6397.494223",
						"1.23546e-16"
					],
					[
						"6403.012152",
						"1.12227e-16"
					],
					[
						"6408.53008",
						"1.10169e-16"
					],
					[
						"6414.048009",
						"1.14758e-16"
					],
					[
						"6419.565938",
						"1.12996e-16"
					],
					[
						"6425.083866",
						"1.25164e-16"
					],
					[
						"6430.601795",
						"1.31285e-16"
					],
					[
						"6436.119723",
						"1.26844e-16"
					],
					[
						"6441.637652",
						"1.41154e-16"
					],
					[
						"6447.155581",
						"1.52014e-16"
					],
					[
						"6452.673509",
						"1.59448e-16"
					],
					[
						"6458.191438",
						"1.66629e-16"
					],
					[
						"6463.709366",
						"1.7259e-16"
					],
					[
						"6469.227295",
						"1.77605e-16"
					],
					[
						"6474.745224",
						"1.91185e-16"
					],
					[
						"6480.263152",
						"1.97056e-16"
					],
					[
						"6485.781081",
						"2.02895e-16"
					],
					[
						"6491.299009",
						"2.0975e-16"
					],
					[
						"6496.816938",
						"2.15702e-16"
					],
					[
						"6502.334867",
						"2.18419e-16"
					],
					[
						"6507.852795",
						"2.15275e-16"
					],
					[
						"6513.370724",
						"2.22255e-16"
					],
					[
						"6518.888652",
						"2.24805e-16"
					],
					[
						"6524.406581",
						"2.18499e-16"
					],
					[
						"6529.92451",
						"2.29907e-16"
					],
					[
						"6535.442438",
						"2.30039e-16"
					],
					[
						"6540.960367",
						"2.20103e-16"
					],
					[
						"6546.478295",
						"2.19905e-16"
					],
					[
						"6551.996224",
						"2.28381e-16"
					],
					[
						"6557.514153",
						"2.2815e-16"
					],
					[
						"6563.032081",
						"2.22719e-16"
					],
					[
						"6568.55001",
						"2.25324e-16"
					],
					[
						"6574.067938",
						"2.21615e-16"
					],
					[
						"6579.585867",
						"2.19258e-16"
					],
					[
						"6585.103796",
						"2.21529e-16"
					],
					[
						"6590.621724",
						"2.24313e-16"
					],
					[
						"6596.139653",
						"2.23072e-16"
					],
					[
						"6601.657581",
						"2.07977e-16"
					],
					[
						"6607.17551",
						"2.13797e-16"
					],
					[
						"6612.693439",
						"2.16521e-16"
					],
					[
						"6618.211367",
						"2.07594e-16"
					],
					[
						"6623.729296",
						"2.14747e-16"
					],
					[
						"6629.247224",
						"2.09872e-16"
					],
					[
						"6634.765153",
						"1.98604e-16"
					],
					[
						"6640.283082",
						"2.05583e-16"
					],
					[
						"6645.80101",
						"2.0975e-16"
					],
					[
						"6651.318939",
						"2.03307e-16"
					],
					[
						"6656.836867",
						"2.02492e-16"
					],
					[
						"6662.354796",
						"2.03456e-16"
					],
					[
						"6667.872725",
						"1.92581e-16"
					],
					[
						"6673.390653",
						"1.93727e-16"
					],
					[
						"6678.908582",
						"1.97574e-16"
					],
					[
						"6684.42651",
						"1.95948e-16"
					],
					[
						"6689.944439",
						"2.02505e-16"
					],
					[
						"6695.462368",
						"1.99857e-16"
					],
					[
						"6700.980296",
						"1.95131e-16"
					],
					[
						"6706.498225",
						"1.96052e-16"
					],
					[
						"6712.016153",
						"1.89233e-16"
					],
					[
						"6717.534082",
						"1.84341e-16"
					],
					[
						"6723.052011",
						"1.80599e-16"
					],
					[
						"6728.569939",
						"1.87499e-16"
					],
					[
						"6734.087868",
						"1.92187e-16"
					],
					[
						"6739.605796",
						"1.84142e-16"
					],
					[
						"6745.123725",
						"1.83065e-16"
					],
					[
						"6750.641654",
						"1.95125e-16"
					],
					[
						"6756.159582",
						"1.86753e-16"
					],
					[
						"6761.677511",
						"1.83116e-16"
					],
					[
						"6767.195439",
						"1.85994e-16"
					],
					[
						"6772.713368",
						"1.77123e-16"
					],
					[
						"6778.231297",
						"1.8866e-16"
					],
					[
						"6783.749225",
						"1.96187e-16"
					],
					[
						"6789.267154",
						"1.92846e-16"
					],
					[
						"6794.785082",
						"1.85277e-16"
					],
					[
						"6800.303011",
						"1.9245e-16"
					],
					[
						"6805.82094",
						"1.81625e-16"
					],
					[
						"6811.338868",
						"1.84003e-16"
					],
					[
						"6816.856797",
						"1.96904e-16"
					],
					[
						"6822.374725",
						"1.85631e-16"
					],
					[
						"6827.892654",
						"1.8916e-16"
					],
					[
						"6833.410583",
						"1.8931e-16"
					],
					[
						"6838.928511",
						"1.77097e-16"
					],
					[
						"6844.44644",
						"1.88457e-16"
					],
					[
						"6849.964368",
						"1.93092e-16"
					],
					[
						"6855.482297",
						"1.81158e-16"
					],
					[
						"6861.000226",
						"1.73463e-16"
					],
					[
						"6866.518154",
						"1.58296e-16"
					],
					[
						"6872.036083",
						"1.49833e-16"
					],
					[
						"6877.554011",
						"1.51454e-16"
					],
					[
						"6883.07194",
						"1.53365e-16"
					],
					[
						"6888.589869",
						"1.58955e-16"
					],
					[
						"6894.107797",
						"1.54893e-16"
					],
					[
						"6899.625726",
						"1.55862e-16"
					],
					[
						"6905.143654",
						"1.6529e-16"
					],
					[
						"6910.661583",
						"1.73173e-16"
					],
					[
						"6916.179512",
						"1.62119e-16"
					],
					[
						"6921.69744",
						"1.69255e-16"
					],
					[
						"6927.215369",
						"1.54978e-16"
					],
					[
						"6932.733297",
						"1.70667e-16"
					],
					[
						"6938.251226",
						"1.61847e-16"
					],
					[
						"6943.769155",
						"1.72271e-16"
					],
					[
						"6949.287083",
						"1.73468e-16"
					],
					[
						"6954.805012",
						"1.49787e-16"
					],
					[
						"6960.32294",
						"1.63636e-16"
					],
					[
						"6965.840869",
						"1.6103e-16"
					],
					[
						"6971.358798",
						"1.58083e-16"
					],
					[
						"6976.876726",
						"1.5697e-16"
					],
					[
						"6982.394655",
						"1.53286e-16"
					],
					[
						"6987.912583",
						"1.57422e-16"
					],
					[
						"6993.430512",
						"1.54676e-16"
					],
					[
						"6998.948441",
						"1.52791e-16"
					],
					[
						"7004.466369",
						"1.57237e-16"
					],
					[
						"7009.984298",
						"1.50195e-16"
					],
					[
						"7015.502226",
						"1.44938e-16"
					],
					[
						"7021.020155",
						"1.5115e-16"
					],
					[
						"7026.538084",
						"1.41659e-16"
					],
					[
						"7032.056012",
						"1.38459e-16"
					],
					[
						"7037.573941",
						"1.481e-16"
					],
					[
						"7043.091869",
						"1.51431e-16"
					],
					[
						"7048.609798",
						"1.47969e-16"
					],
					[
						"7054.127727",
						"1.36403e-16"
					],
					[
						"7059.645655",
						"1.42885e-16"
					],
					[
						"7065.163584",
						"1.52815e-16"
					],
					[
						"7070.681512",
						"1.39258e-16"
					],
					[
						"7076.199441",
						"1.43689e-16"
					],
					[
						"7081.71737",
						"1.46022e-16"
					],
					[
						"7087.235298",
						"1.39159e-16"
					],
					[
						"7092.753227",
						"1.40144e-16"
					],
					[
						"7098.271155",
						"1.43403e-16"
					],
					[
						"7103.789084",
						"1.30025e-16"
					],
					[
						"7109.307013",
						"1.34654e-16"
					],
					[
						"7114.824941",
						"1.39647e-16"
					],
					[
						"7120.34287",
						"1.35393e-16"
					],
					[
						"7125.860798",
						"1.25416e-16"
					],
					[
						"7131.378727",
						"1.33118e-16"
					],
					[
						"7136.896656",
						"1.29581e-16"
					],
					[
						"7142.414584",
						"1.40752e-16"
					],
					[
						"7147.932513",
						"1.36341e-16"
					],
					[
						"7153.450441",
						"1.3005e-16"
					],
					[
						"7158.96837",
						"1.25737e-16"
					],
					[
						"7164.486299",
						"1.22425e-16"
					],
					[
						"7170.004227",
						"1.13469e-16"
					],
					[
						"7175.522156",
						"1.166e-16"
					],
					[
						"7181.040084",
						"1.20269e-16"
					],
					[
						"7186.558013",
						"1.22173e-16"
					],
					[
						"7192.075942",
						"1.23047e-16"
					],
					[
						"7197.59387",
						"1.2274e-16"
					],
					[
						"7203.111799",
						"1.21022e-16"
					],
					[
						"7208.629727",
						"1.13921e-16"
					],
					[
						"7214.147656",
						"1.19166e-16"
					],
					[
						"7219.665585",
						"1.23433e-16"
					],
					[
						"7225.183513",
						"1.23322e-16"
					],
					[
						"7230.701442",
						"1.08337e-16"
					],
					[
						"7236.21937",
						"1.13922e-16"
					],
					[
						"7241.737299",
						"1.11764e-16"
					],
					[
						"7247.255228",
						"1.14443e-16"
					],
					[
						"7252.773156",
						"1.09107e-16"
					],
					[
						"7258.291085",
						"1.05369e-16"
					],
					[
						"7263.809013",
						"1.25968e-16"
					],
					[
						"7269.326942",
						"1.17924e-16"
					],
					[
						"7274.844871",
						"1.22686e-16"
					],
					[
						"7280.362799",
						"1.27102e-16"
					],
					[
						"7285.880728",
						"1.24747e-16"
					],
					[
						"7291.398656",
						"1.04535e-16"
					],
					[
						"7296.916585",
						"1.05721e-16"
					],
					[
						"7302.434514",
						"1.06702e-16"
					],
					[
						"7307.952442",
						"1.19699e-16"
					],
					[
						"7313.470371",
						"1.1164e-16"
					],
					[
						"7318.988299",
						"1.07132e-16"
					],
					[
						"7324.506228",
						"1.13406e-16"
					],
					[
						"7330.024157",
						"1.18323e-16"
					],
					[
						"7335.542085",
						"1.2077e-16"
					],
					[
						"7341.060014",
						"1.07541e-16"
					],
					[
						"7346.577942",
						"1.03206e-16"
					],
					[
						"7352.095871",
						"1.03642e-16"
					],
					[
						"7357.6138",
						"1.03607e-16"
					],
					[
						"7363.131728",
						"1.05508e-16"
					],
					[
						"7368.649657",
						"1.14184e-16"
					],
					[
						"7374.167585",
						"1.14783e-16"
					],
					[
						"7379.685514",
						"9.31077e-17"
					],
					[
						"7385.203443",
						"1.03802e-16"
					],
					[
						"7390.721371",
						"1.0927e-16"
					],
					[
						"7396.2393",
						"1.09975e-16"
					],
					[
						"7401.757228",
						"1.02515e-16"
					],
					[
						"7407.275157",
						"1.02715e-16"
					],
					[
						"7412.793086",
						"9.72729e-17"
					],
					[
						"7418.311014",
						"9.33126e-17"
					],
					[
						"7423.828943",
						"1.1203e-16"
					],
					[
						"7429.346871",
						"1.0554e-16"
					],
					[
						"7434.8648",
						"1.00864e-16"
					],
					[
						"7440.382729",
						"9.58114e-17"
					],
					[
						"7445.900657",
						"1.0406e-16"
					],
					[
						"7451.418586",
						"1.00341e-16"
					],
					[
						"7456.936514",
						"1.00401e-16"
					],
					[
						"7462.454443",
						"9.24582e-17"
					],
					[
						"7467.972372",
						"1.02338e-16"
					],
					[
						"7473.4903",
						"1.05814e-16"
					],
					[
						"7479.008229",
						"9.70188e-17"
					],
					[
						"7484.526157",
						"1.0693e-16"
					],
					[
						"7490.044086",
						"1.13735e-16"
					],
					[
						"7495.562015",
						"1.07756e-16"
					],
					[
						"7501.079943",
						"1.08822e-16"
					],
					[
						"7506.597872",
						"9.86794e-17"
					],
					[
						"7512.1158",
						"9.70244e-17"
					],
					[
						"7517.633729",
						"1.0354e-16"
					],
					[
						"7523.151658",
						"1.07565e-16"
					],
					[
						"7528.669586",
						"1.07485e-16"
					],
					[
						"7534.187515",
						"1.07341e-16"
					],
					[
						"7539.705443",
						"9.5914e-17"
					],
					[
						"7545.223372",
						"8.90536e-17"
					],
					[
						"7550.741301",
						"9.74732e-17"
					],
					[
						"7556.259229",
						"1.01526e-16"
					],
					[
						"7561.777158",
						"1.05887e-16"
					],
					[
						"7567.295086",
						"1.07324e-16"
					],
					[
						"7572.813015",
						"9.215e-17"
					],
					[
						"7578.330944",
						"9.90521e-17"
					],
					[
						"7583.848872",
						"9.94235e-17"
					],
					[
						"7589.366801",
						"9.08595e-17"
					],
					[
						"7594.884729",
						"7.47088e-17"
					],
					[
						"7600.402658",
						"5.38698e-17"
					],
					[
						"7605.920587",
						"3.42708e-17"
					],
					[
						"7611.438515",
						"3.05745e-17"
					],
					[
						"7616.956444",
						"4.45527e-17"
					],
					[
						"7622.474372",
						"5.11293e-17"
					],
					[
						"7627.992301",
						"5.07226e-17"
					],
					[
						"7633.51023",
						"4.72477e-17"
					],
					[
						"7639.028158",
						"4.21927e-17"
					],
					[
						"7644.546087",
						"5.80064e-17"
					],
					[
						"7650.064015",
						"6.25224e-17"
					],
					[
						"7655.581944",
						"7.24342e-17"
					],
					[
						"7661.099873",
						"6.49451e-17"
					],
					[
						"7666.617801",
						"6.2607e-17"
					],
					[
						"7672.13573",
						"7.0456e-17"
					],
					[
						"7677.653658",
						"7.53744e-17"
					],
					[
						"7683.171587",
						"8.93068e-17"
					],
					[
						"7688.689516",
						"9.09915e-17"
					],
					[
						"7694.207444",
						"8.40715e-17"
					],
					[
						"7699.725373",
						"7.81634e-17"
					],
					[
						"7705.243301",
						"7.06828e-17"
					],
					[
						"7710.76123",
						"8.21392e-17"
					],
					[
						"7716.279159",
						"7.27764e-17"
					],
					[
						"7721.797087",
						"7.86786e-17"
					],
					[
						"7727.315016",
						"8.82721e-17"
					],
					[
						"7732.832944",
						"7.43134e-17"
					],
					[
						"7738.350873",
						"7.26611e-17"
					],
					[
						"7743.868802",
						"8.05908e-17"
					],
					[
						"7749.38673",
						"8.22879e-17"
					],
					[
						"7754.904659",
						"7.87208e-17"
					],
					[
						"7760.422587",
						"7.84822e-17"
					],
					[
						"7765.940516",
						"8.41416e-17"
					],
					[
						"7771.458445",
						"7.03448e-17"
					],
					[
						"7776.976373",
						"6.63816e-17"
					],
					[
						"7782.494302",
						"7.90339e-17"
					],
					[
						"7788.01223",
						"7.43004e-17"
					],
					[
						"7793.530159",
						"6.89569e-17"
					],
					[
						"7799.048088",
						"7.51909e-17"
					],
					[
						"7804.566016",
						"7.03878e-17"
					],
					[
						"7810.083945",
						"7.03033e-17"
					],
					[
						"7815.601873",
						"6.09932e-17"
					],
					[
						"7821.119802",
						"7.02002e-17"
					],
					[
						"7826.637731",
						"7.02267e-17"
					],
					[
						"7832.155659",
						"7.24353e-17"
					],
					[
						"7837.673588",
						"7.12944e-17"
					],
					[
						"7843.191516",
						"7.05786e-17"
					],
					[
						"7848.709445",
						"4.84367e-17"
					],
					[
						"7854.227374",
						"5.97897e-17"
					],
					[
						"7859.745302",
						"6.01083e-17"
					],
					[
						"7865.263231",
						"5.55694e-17"
					],
					[
						"7870.781159",
						"5.62311e-17"
					],
					[
						"7876.299088",
						"6.4479e-17"
					],
					[
						"7881.817017",
						"5.71644e-17"
					],
					[
						"7887.334945",
						"5.61367e-17"
					],
					[
						"7892.852874",
						"5.36236e-17"
					],
					[
						"7898.370802",
						"5.8962e-17"
					],
					[
						"7903.888731",
						"6.77001e-17"
					],
					[
						"7909.40666",
						"6.83488e-17"
					],
					[
						"7914.924588",
						"4.86087e-17"
					],
					[
						"7920.442517",
						"3.98169e-17"
					],
					[
						"7925.960445",
						"6.01917e-17"
					],
					[
						"7931.478374",
						"6.07051e-17"
					],
					[
						"7936.996303",
						"7.04278e-17"
					],
					[
						"7942.514231",
						"8.62785e-17"
					],
					[
						"7948.03216",
						"6.08234e-17"
					],
					[
						"7953.550088",
						"6.94829e-17"
					],
					[
						"7959.068017",
						"5.71773e-17"
					],
					[
						"7964.585946",
						"6.31206e-17"
					],
					[
						"7970.103874",
						"8.33478e-17"
					],
					[
						"7975.621803",
						"6.21325e-17"
					],
					[
						"7981.139731",
						"6.56716e-17"
					],
					[
						"7986.65766",
						"5.21615e-17"
					],
					[
						"7992.175589",
						"5.41217e-17"
					],
					[
						"7997.693517",
						"6.27067e-17"
					],
					[
						"8003.211446",
						"5.71137e-17"
					],
					[
						"8008.729374",
						"5.3824e-17"
					],
					[
						"8014.247303",
						"6.83525e-17"
					],
					[
						"8019.765232",
						"5.52504e-17"
					],
					[
						"8025.28316",
						"5.88093e-17"
					],
					[
						"8030.801089",
						"6.57967e-17"
					],
					[
						"8036.319017",
						"5.8666e-17"
					],
					[
						"8041.836946",
						"6.30674e-17"
					],
					[
						"8047.354875",
						"7.19758e-17"
					],
					[
						"8052.872803",
						"5.77817e-17"
					],
					[
						"8058.390732",
						"4.50701e-17"
					],
					[
						"8063.90866",
						"6.24485e-17"
					],
					[
						"8069.426589",
						"6.63574e-17"
					],
					[
						"8074.944518",
						"6.15919e-17"
					],
					[
						"8080.462446",
						"6.22336e-17"
					],
					[
						"8085.980375",
						"6.6812e-17"
					],
					[
						"8091.498303",
						"7.15811e-17"
					],
					[
						"8097.016232",
						"6.60228e-17"
					],
					[
						"8102.534161",
						"6.68965e-17"
					],
					[
						"8108.052089",
						"7.24345e-17"
					],
					[
						"8113.570018",
						"7.64276e-17"
					],
					[
						"8119.087946",
						"6.33352e-17"
					],
					[
						"8124.605875",
						"6.76425e-17"
					],
					[
						"8130.123804",
						"7.4171e-17"
					],
					[
						"8135.641732",
						"7.58034e-17"
					],
					[
						"8141.159661",
						"6.13517e-17"
					],
					[
						"8146.677589",
						"6.40607e-17"
					],
					[
						"8152.195518",
						"7.78487e-17"
					],
					[
						"8157.713447",
						"6.33407e-17"
					],
					[
						"8163.231375",
						"5.38219e-17"
					],
					[
						"8168.749304",
						"6.43237e-17"
					],
					[
						"8174.267232",
						"6.20924e-17"
					],
					[
						"8179.785161",
						"6.35871e-17"
					],
					[
						"8185.30309",
						"7.7634e-17"
					],
					[
						"8190.821018",
						"8.61788e-17"
					],
					[
						"8196.338947",
						"8.53467e-17"
					],
					[
						"8201.856875",
						"7.46025e-17"
					],
					[
						"8207.374804",
						"6.46038e-17"
					],
					[
						"8212.892733",
						"7.82339e-17"
					],
					[
						"8218.410661",
						"7.23208e-17"
					],
					[
						"8223.92859",
						"7.46621e-17"
					],
					[
						"8229.446518",
						"6.28707e-17"
					],
					[
						"8234.964447",
						"7.4952e-17"
					],
					[
						"8240.482376",
						"7.6784e-17"
					],
					[
						"8246.000304",
						"8.18284e-17"
					],
					[
						"8251.518233",
						"7.57513e-17"
					],
					[
						"8257.036161",
						"8.28009e-17"
					],
					[
						"8262.55409",
						"7.25263e-17"
					],
					[
						"8268.072019",
						"7.90715e-17"
					],
					[
						"8273.589947",
						"8.94211e-17"
					],
					[
						"8279.107876",
						"6.89393e-17"
					],
					[
						"8284.625804",
						"6.14973e-17"
					],
					[
						"8290.143733",
						"6.95512e-17"
					],
					[
						"8295.661662",
						"7.28861e-17"
					],
					[
						"8301.17959",
						"5.99928e-17"
					],
					[
						"8306.697519",
						"7.94776e-17"
					],
					[
						"8312.215447",
						"9.3069e-17"
					],
					[
						"8317.733376",
						"7.05171e-17"
					],
					[
						"8323.251305",
						"6.95845e-17"
					],
					[
						"8328.769233",
						"7.81407e-17"
					],
					[
						"8334.287162",
						"7.04832e-17"
					],
					[
						"8339.80509",
						"6.73503e-17"
					],
					[
						"8345.323019",
						"6.1043e-17"
					],
					[
						"8350.840948",
						"7.65075e-17"
					],
					[
						"8356.358876",
						"7.37159e-17"
					],
					[
						"8361.876805",
						"5.86473e-17"
					],
					[
						"8367.394733",
						"8.51173e-17"
					],
					[
						"8372.912662",
						"7.44343e-17"
					],
					[
						"8378.430591",
						"6.96008e-17"
					],
					[
						"8383.948519",
						"6.71731e-17"
					],
					[
						"8389.466448",
						"5.1794e-17"
					],
					[
						"8394.984376",
						"6.70295e-17"
					],
					[
						"8400.502305",
						"7.9199e-17"
					],
					[
						"8406.020234",
						"8.82753e-17"
					],
					[
						"8411.538162",
						"8.73504e-17"
					],
					[
						"8417.056091",
						"7.46324e-17"
					],
					[
						"8422.574019",
						"6.82187e-17"
					],
					[
						"8428.091948",
						"8.73008e-17"
					],
					[
						"8433.609877",
						"-5.33576e-17"
					],
					[
						"8439.127805",
						"-3.33568e-17"
					],
					[
						"8444.645734",
						"7.34533e-17"
					],
					[
						"8450.163662",
						"6.75189e-17"
					],
					[
						"8455.681591",
						"5.97165e-17"
					],
					[
						"8461.19952",
						"8.53984e-17"
					],
					[
						"8466.717448",
						"6.01132e-17"
					],
					[
						"8472.235377",
						"5.29295e-17"
					],
					[
						"8477.753305",
						"6.96675e-17"
					],
					[
						"8483.271234",
						"6.74578e-17"
					],
					[
						"8488.789163",
						"6.28833e-17"
					],
					[
						"8494.307091",
						"6.36553e-17"
					],
					[
						"8499.82502",
						"7.46289e-17"
					],
					[
						"8505.342948",
						"5.49066e-17"
					],
					[
						"8510.860877",
						"4.74141e-17"
					],
					[
						"8516.378806",
						"5.28186e-17"
					],
					[
						"8521.896734",
						"4.95307e-17"
					],
					[
						"8527.414663",
						"5.33387e-17"
					],
					[
						"8532.932591",
						"5.38563e-17"
					],
					[
						"8538.45052",
						"5.43958e-17"
					],
					[
						"8543.968449",
						"5.29047e-17"
					],
					[
						"8549.486377",
						"3.25965e-17"
					],
					[
						"8555.004306",
						"4.5563e-17"
					],
					[
						"8560.522234",
						"4.95594e-17"
					],
					[
						"8566.040163",
						"3.78338e-17"
					],
					[
						"8571.558092",
						"4.92422e-17"
					],
					[
						"8577.07602",
						"4.02883e-17"
					],
					[
						"8582.593949",
						"4.34656e-17"
					],
					[
						"8588.111877",
						"3.82865e-17"
					],
					[
						"8593.629806",
						"4.62346e-17"
					],
					[
						"8599.147735",
						"4.2575e-17"
					],
					[
						"8604.665663",
						"4.06489e-17"
					],
					[
						"8610.183592",
						"3.61571e-17"
					],
					[
						"8615.70152",
						"3.50253e-17"
					],
					[
						"8621.219449",
						"4.21432e-17"
					],
					[
						"8626.737378",
						"2.97327e-17"
					],
					[
						"8632.255306",
						"3.50649e-17"
					],
					[
						"8637.773235",
						"5.68567e-17"
					],
					[
						"8643.291163",
						"4.14555e-17"
					],
					[
						"8648.809092",
						"3.4905e-17"
					],
					[
						"8654.327021",
						"4.44657e-17"
					],
					[
						"8659.844949",
						"4.72626e-17"
					],
					[
						"8665.362878",
						"4.54395e-17"
					],
					[
						"8670.880806",
						"5.76639e-17"
					],
					[
						"8676.398735",
						"4.82069e-17"
					],
					[
						"8681.916664",
						"5.85309e-17"
					],
					[
						"8687.434592",
						"5.87795e-17"
					],
					[
						"8692.952521",
						"4.70854e-17"
					],
					[
						"8698.470449",
						"5.80377e-17"
					],
					[
						"8703.988378",
						"6.0863e-17"
					],
					[
						"8709.506307",
						"4.81414e-17"
					],
					[
						"8715.024235",
						"5.62603e-17"
					],
					[
						"8720.542164",
						"4.76595e-17"
					],
					[
						"8726.060092",
						"5.03418e-17"
					],
					[
						"8731.578021",
						"5.3172e-17"
					],
					[
						"8737.09595",
						"4.29584e-17"
					],
					[
						"8742.613878",
						"4.80475e-17"
					],
					[
						"8748.131807",
						"5.71752e-17"
					],
					[
						"8753.649735",
						"6.37803e-17"
					],
					[
						"8759.167664",
						"6.5232e-17"
					],
					[
						"8764.685593",
						"7.08586e-17"
					],
					[
						"8770.203521",
						"4.84637e-17"
					],
					[
						"8775.72145",
						"3.91781e-17"
					],
					[
						"8781.239378",
						"5.6182e-17"
					],
					[
						"8786.757307",
						"6.17511e-17"
					],
					[
						"8792.275236",
						"6.62039e-17"
					],
					[
						"8797.793164",
						"8.23632e-17"
					],
					[
						"8803.311093",
						"6.49141e-17"
					],
					[
						"8808.829021",
						"5.71799e-17"
					],
					[
						"8814.34695",
						"7.32917e-17"
					],
					[
						"8819.864879",
						"8.58875e-17"
					],
					[
						"8825.382807",
						"1.20822e-16"
					],
					[
						"8830.900736",
						"1.10897e-16"
					],
					[
						"8836.418664",
						"9.3086e-17"
					],
					[
						"8841.936593",
						"8.40324e-17"
					],
					[
						"8847.454522",
						"7.20517e-17"
					],
					[
						"8852.97245",
						"8.0118e-17"
					],
					[
						"8858.490379",
						"8.34699e-17"
					],
					[
						"8864.008307",
						"8.43946e-17"
					],
					[
						"8869.526236",
						"9.48511e-17"
					],
					[
						"8875.044165",
						"9.07838e-17"
					],
					[
						"8880.562093",
						"6.38686e-17"
					],
					[
						"8886.080022",
						"7.25838e-17"
					],
					[
						"8891.59795",
						"8.05151e-17"
					],
					[
						"8897.115879",
						"8.51586e-17"
					],
					[
						"8902.633808",
						"6.95924e-17"
					],
					[
						"8908.151736",
						"5.45546e-17"
					],
					[
						"8913.669665",
						"6.6713e-17"
					],
					[
						"8919.187593",
						"7.91629e-17"
					],
					[
						"8924.705522",
						"6.38749e-17"
					],
					[
						"8930.223451",
						"6.95164e-17"
					],
					[
						"8935.741379",
						"8.60174e-17"
					],
					[
						"8941.259308",
						"7.61402e-17"
					],
					[
						"8946.777236",
						"7.07315e-17"
					],
					[
						"8952.295165",
						"7.04341e-17"
					],
					[
						"8957.813094",
						"8.07173e-17"
					],
					[
						"8963.331022",
						"8.88386e-17"
					],
					[
						"8968.848951",
						"8.94447e-17"
					],
					[
						"8974.366879",
						"8.7562e-17"
					],
					[
						"8979.884808",
						"7.81775e-17"
					],
					[
						"8985.402737",
						"7.59339e-17"
					],
					[
						"8990.920665",
						"7.37093e-17"
					],
					[
						"8996.438594",
						"7.73033e-17"
					],
					[
						"9001.956522",
						"7.25411e-17"
					],
					[
						"9007.474451",
						"8.04621e-17"
					],
					[
						"9012.99238",
						"8.09856e-17"
					],
					[
						"9018.510308",
						"8.24497e-17"
					],
					[
						"9024.028237",
						"6.44596e-17"
					],
					[
						"9029.546165",
						"8.54607e-17"
					],
					[
						"9035.064094",
						"8.64664e-17"
					],
					[
						"9040.582023",
						"9.30723e-17"
					],
					[
						"9046.099951",
						"6.43782e-17"
					],
					[
						"9051.61788",
						"7.59738e-17"
					],
					[
						"9057.135808",
						"1.01961e-16"
					],
					[
						"9062.653737",
						"7.25597e-17"
					],
					[
						"9068.171666",
						"7.38127e-17"
					],
					[
						"9073.689594",
						"8.74105e-17"
					],
					[
						"9079.207523",
						"4.57962e-17"
					],
					[
						"9084.725451",
						"6.15267e-17"
					],
					[
						"9090.24338",
						"7.52684e-17"
					],
					[
						"9095.761309",
						"7.92734e-17"
					],
					[
						"9101.279237",
						"7.4597e-17"
					],
					[
						"9106.797166",
						"6.77537e-17"
					],
					[
						"9112.315094",
						"7.65307e-17"
					],
					[
						"9117.833023",
						"6.74002e-17"
					],
					[
						"9123.350952",
						"7.5261e-17"
					],
					[
						"9128.86888",
						"8.46455e-17"
					],
					[
						"9134.386809",
						"7.18962e-17"
					],
					[
						"9139.904737",
						"6.73348e-17"
					],
					[
						"9145.422666",
						"6.30201e-17"
					],
					[
						"9150.940595",
						"6.5787e-17"
					],
					[
						"9156.458523",
						"6.48409e-17"
					],
					[
						"9161.976452",
						"6.7815e-17"
					],
					[
						"9167.49438",
						"7.15538e-17"
					],
					[
						"9173.012309",
						"7.4366e-17"
					],
					[
						"9178.530238",
						"7.33071e-17"
					],
					[
						"9184.048166",
						"7.33123e-17"
					],
					[
						"9189.566095",
						"6.35622e-17"
					],
					[
						"9195.084023",
						"6.4131e-17"
					],
					[
						"9200.601952",
						"8.26362e-17"
					],
					[
						"9206.119881",
						"5.65351e-17"
					],
					[
						"9211.637809",
						"5.24574e-17"
					],
					[
						"9217.155738",
						"8.00288e-17"
					],
					[
						"9222.673666",
						"7.6268e-17"
					],
					[
						"9228.191595",
						"6.95381e-17"
					],
					[
						"9233.709524",
						"7.58898e-17"
					],
					[
						"9239.227452",
						"7.58602e-17"
					]
				],
				"source":"8"
			}
		]
	}
}