{
	"ASASSN-15jf":{
		"schema":"https://github.com/astrocatalogs/supernovae/blob/a0bc0b9/SCHEMA.md",
		"name":"ASASSN-15jf",
		"sources":[
			{
				"name":"2016A&A...594A..13P",
				"bibcode":"2016A&A...594A..13P",
				"reference":"Planck Collaboration et al. (2016)",
				"alias":"1"
			},
			{
				"name":"ATel 7518",
				"bibcode":"2015ATel.7518....1B",
				"reference":"Brimacombe et al. (2015)",
				"url":"http://www.astronomerstelegram.org/?read=7518",
				"alias":"2"
			},
			{
				"name":"ATel 7692",
				"bibcode":"2015ATel.7692....1M",
				"reference":"Morrell (2015)",
				"url":"http://www.astronomerstelegram.org/?read=7692",
				"alias":"3"
			},
			{
				"name":"2011ApJ...737..103S",
				"bibcode":"2011ApJ...737..103S",
				"reference":"Schlafly & Finkbeiner (2011)",
				"alias":"4"
			},
			{
				"name":"ASAS-SN Supernovae",
				"url":"http://www.astronomy.ohio-state.edu/~assassin/sn_list.html",
				"alias":"5"
			},
			{
				"name":"Latest Supernovae",
				"secondary":true,
				"url":"http://www.rochesterastronomy.org/snimages/snredshiftall.html",
				"alias":"6"
			},
			{
				"name":"The Open Supernova Catalog",
				"bibcode":"2017ApJ...835...64G",
				"reference":"Guillochon et al. (2017)",
				"secondary":true,
				"url":"https://sne.space",
				"alias":"7"
			}
		],
		"alias":[
			{
				"value":"ASASSN-15jf",
				"source":"2,5,6"
			}
		],
		"claimedtype":[
			{
				"value":"Ia",
				"source":"2,3,5,6"
			}
		],
		"comovingdist":[
			{
				"value":"160",
				"derived":true,
				"u_value":"Mpc",
				"source":"1,2,5,6,7"
			}
		],
		"dec":[
			{
				"value":"-50:23:47.5",
				"u_value":"degrees",
				"source":"2,6"
			},
			{
				"value":"-50:23:47.4",
				"u_value":"degrees",
				"source":"2,5"
			}
		],
		"discoverdate":[
			{
				"value":"2015/05/12",
				"source":"2,6"
			}
		],
		"discoverer":[
			{
				"value":"ASAS-SN",
				"source":"2,6"
			}
		],
		"ebv":[
			{
				"value":"0.0129",
				"derived":true,
				"e_value":"0.0011",
				"source":"4,7"
			}
		],
		"host":[
			{
				"value":"GALEXASC J222510.84-502347.7",
				"source":"2,5"
			}
		],
		"hostdec":[
			{
				"value":"-50:23:47.7",
				"derived":true,
				"u_value":"degrees",
				"source":"7"
			}
		],
		"hostoffsetang":[
			{
				"value":"1.6",
				"u_value":"arcseconds",
				"source":"2,5"
			}
		],
		"hostoffsetdist":[
			{
				"value":"1.2",
				"source":"1,2,5,6,7"
			}
		],
		"hostra":[
			{
				"value":"22:25:10.84",
				"derived":true,
				"u_value":"hours",
				"source":"7"
			}
		],
		"lumdist":[
			{
				"value":"164",
				"derived":true,
				"u_value":"Mpc",
				"source":"1,2,5,6,7"
			}
		],
		"maxabsmag":[
			{
				"value":"-19.5",
				"derived":true,
				"source":"1,2,5,6,7"
			}
		],
		"maxappmag":[
			{
				"value":"16.5",
				"derived":true,
				"source":"2,6,7"
			}
		],
		"maxdate":[
			{
				"value":"2015/05/11",
				"derived":true,
				"source":"2,6,7"
			}
		],
		"maxvisualabsmag":[
			{
				"value":"-19.6",
				"derived":true,
				"source":"1,2,5,6,7"
			}
		],
		"maxvisualappmag":[
			{
				"value":"16.5",
				"derived":true,
				"source":"2,6,7"
			}
		],
		"maxvisualdate":[
			{
				"value":"2015/05/11",
				"derived":true,
				"source":"2,6,7"
			}
		],
		"ra":[
			{
				"value":"22:25:11.08",
				"u_value":"hours",
				"source":"2,6"
			},
			{
				"value":"22:25:11.04",
				"u_value":"hours",
				"source":"2,5"
			}
		],
		"redshift":[
			{
				"value":"0.036",
				"source":"2,5,6"
			}
		],
		"velocity":[
			{
				"value":"11000",
				"u_value":"km/s",
				"source":"7"
			}
		],
		"photometry":[
			{
				"time":"57153.5",
				"magnitude":"16.5",
				"u_time":"MJD",
				"source":"2,6"
			}
		]
	}
}