{
	"ASASSN-15uu":{
		"schema":"https://github.com/astrocatalogs/supernovae/blob/a0bc0b9/SCHEMA.md",
		"name":"ASASSN-15uu",
		"sources":[
			{
				"name":"2016ATel.8495....1F",
				"bibcode":"2016ATel.8495....1F",
				"reference":"Firth et al. (2016)",
				"alias":"1"
			},
			{
				"name":"2016A&A...594A..13P",
				"bibcode":"2016A&A...594A..13P",
				"reference":"Planck Collaboration et al. (2016)",
				"alias":"2"
			},
			{
				"name":"2015ATel.8480....1M",
				"bibcode":"2015ATel.8480....1M",
				"reference":"Masi et al. (2015)",
				"alias":"3"
			},
			{
				"name":"2011ApJ...737..103S",
				"bibcode":"2011ApJ...737..103S",
				"reference":"Schlafly & Finkbeiner (2011)",
				"alias":"4"
			},
			{
				"name":"ASAS-SN Supernovae",
				"url":"http://www.astronomy.ohio-state.edu/~assassin/sn_list.html",
				"alias":"5"
			},
			{
				"name":"Latest Supernovae",
				"secondary":true,
				"url":"http://www.rochesterastronomy.org/snimages/snredshiftall.html",
				"alias":"6"
			},
			{
				"name":"The Open Supernova Catalog",
				"bibcode":"2017ApJ...835...64G",
				"reference":"Guillochon et al. (2017)",
				"secondary":true,
				"url":"https://sne.space",
				"alias":"7"
			},
			{
				"name":"WISeREP",
				"bibcode":"2012PASP..124..668Y",
				"reference":"Yaron & Gal-Yam (2012)",
				"secondary":true,
				"url":"http://wiserep.weizmann.ac.il/",
				"alias":"8"
			},
			{
				"name":"SIMBAD astronomical database",
				"bibcode":"2000A&AS..143....9W",
				"reference":"Wenger et al. (2000)",
				"secondary":true,
				"url":"http://simbad.u-strasbg.fr/",
				"alias":"9"
			}
		],
		"alias":[
			{
				"value":"ASASSN-15uu",
				"source":"3,5,6,8,9"
			}
		],
		"claimedtype":[
			{
				"value":"Ia",
				"source":"1,3,5,6,8,9"
			}
		],
		"comovingdist":[
			{
				"value":"117.84",
				"derived":true,
				"u_value":"Mpc",
				"source":"2,3,5,7,8"
			}
		],
		"dec":[
			{
				"value":"+17:03:44.44",
				"u_value":"degrees",
				"source":"3,9"
			},
			{
				"value":"+17:03:44.4",
				"u_value":"degrees",
				"source":"3,6"
			},
			{
				"value":"+17:03:44.28",
				"u_value":"degrees",
				"source":"3,5"
			}
		],
		"discoverdate":[
			{
				"value":"2015/12/29",
				"source":"3,6"
			}
		],
		"discoverer":[
			{
				"value":"ASAS-SN",
				"source":"3,6"
			}
		],
		"ebv":[
			{
				"value":"0.0588",
				"derived":true,
				"e_value":"0.0015",
				"source":"4,7"
			}
		],
		"host":[
			{
				"value":"MCG +03-05-13",
				"source":"3,6"
			},
			{
				"value":"VV 790a",
				"source":"3,5"
			}
		],
		"hostoffsetang":[
			{
				"value":"1.61",
				"u_value":"arcseconds",
				"source":"3,5"
			}
		],
		"lumdist":[
			{
				"value":"121.002",
				"derived":true,
				"u_value":"Mpc",
				"source":"2,3,5,7,8"
			}
		],
		"maxabsmag":[
			{
				"value":"-20.3853",
				"derived":true,
				"source":"2,3,5,7,8"
			}
		],
		"maxappmag":[
			{
				"value":"15",
				"derived":true,
				"source":"3,6,7"
			}
		],
		"maxdate":[
			{
				"value":"2016/01/09",
				"derived":true,
				"source":"3,6,7"
			}
		],
		"maxvisualabsmag":[
			{
				"value":"-20.414",
				"derived":true,
				"source":"2,3,5,7,8"
			}
		],
		"maxvisualappmag":[
			{
				"value":"15",
				"derived":true,
				"source":"3,6,7"
			}
		],
		"maxvisualdate":[
			{
				"value":"2016/01/09",
				"derived":true,
				"source":"3,6,7"
			}
		],
		"ra":[
			{
				"value":"01:43:56.574",
				"u_value":"hours",
				"source":"3,9"
			},
			{
				"value":"01:43:56.57",
				"u_value":"hours",
				"source":"3,6"
			},
			{
				"value":"01:43:56.568",
				"u_value":"hours",
				"source":"3,5"
			}
		],
		"redshift":[
			{
				"value":"0.026795",
				"source":"3,5,8"
			}
		],
		"velocity":[
			{
				"value":"7925.4",
				"u_value":"km/s",
				"source":"7"
			}
		],
		"photometry":[
			{
				"time":"57396.5",
				"magnitude":"15.0",
				"u_time":"MJD",
				"source":"3,6"
			}
		],
		"spectra":[
			{
				"time":"57388.0",
				"filename":"tASASSN-15uu_20151231_Gr13_Free_slit1.0_1_f.asci",
				"instrument":"ESO-NTT - EFOSC2-NTT",
				"observer":"Firth, Dimitriadis, Frohmaier",
				"redshift":"0.026795",
				"reducer":"Frohmaier",
				"reduction":"rapid",
				"survey":"PESSTO",
				"u_fluxes":"erg/s/cm^2/Angstrom",
				"u_time":"MJD",
				"u_wavelengths":"Angstrom",
				"data":[
					[
						"3640.047852",
						"1.72282e-15"
					],
					[
						"3645.56578",
						"1.64148e-15"
					],
					[
						"3651.083709",
						"1.8429e-15"
					],
					[
						"3656.601637",
						"1.78563e-15"
					],
					[
						"3662.119566",
						"1.71368e-15"
					],
					[
						"3667.637495",
						"1.79319e-15"
					],
					[
						"3673.155423",
						"1.73794e-15"
					],
					[
						"3678.673352",
						"1.82732e-15"
					],
					[
						"3684.19128",
						"1.74511e-15"
					],
					[
						"3689.709209",
						"1.84072e-15"
					],
					[
						"3695.227138",
						"1.73659e-15"
					],
					[
						"3700.745066",
						"1.79707e-15"
					],
					[
						"3706.262995",
						"1.71329e-15"
					],
					[
						"3711.780923",
						"1.62446e-15"
					],
					[
						"3717.298852",
						"1.76834e-15"
					],
					[
						"3722.816781",
						"1.72385e-15"
					],
					[
						"3728.334709",
						"1.78092e-15"
					],
					[
						"3733.852638",
						"1.78506e-15"
					],
					[
						"3739.370566",
						"1.75822e-15"
					],
					[
						"3744.888495",
						"1.86181e-15"
					],
					[
						"3750.406424",
						"1.93978e-15"
					],
					[
						"3755.924352",
						"1.96855e-15"
					],
					[
						"3761.442281",
						"1.94772e-15"
					],
					[
						"3766.960209",
						"1.93552e-15"
					],
					[
						"3772.478138",
						"1.75967e-15"
					],
					[
						"3777.996067",
						"1.68819e-15"
					],
					[
						"3783.513995",
						"1.47836e-15"
					],
					[
						"3789.031924",
						"1.47501e-15"
					],
					[
						"3794.549852",
						"1.38215e-15"
					],
					[
						"3800.067781",
						"1.35026e-15"
					],
					[
						"3805.58571",
						"1.26508e-15"
					],
					[
						"3811.103638",
						"1.22649e-15"
					],
					[
						"3816.621567",
						"1.35651e-15"
					],
					[
						"3822.139495",
						"1.39803e-15"
					],
					[
						"3827.657424",
						"1.71913e-15"
					],
					[
						"3833.175353",
						"1.72525e-15"
					],
					[
						"3838.693281",
						"1.54474e-15"
					],
					[
						"3844.21121",
						"1.44795e-15"
					],
					[
						"3849.729138",
						"1.49235e-15"
					],
					[
						"3855.247067",
						"1.51555e-15"
					],
					[
						"3860.764996",
						"1.48006e-15"
					],
					[
						"3866.282924",
						"1.55466e-15"
					],
					[
						"3871.800853",
						"1.47344e-15"
					],
					[
						"3877.318781",
						"1.45465e-15"
					],
					[
						"3882.83671",
						"1.44185e-15"
					],
					[
						"3888.354639",
						"1.50601e-15"
					],
					[
						"3893.872567",
						"1.53451e-15"
					],
					[
						"3899.390496",
						"1.47074e-15"
					],
					[
						"3904.908424",
						"1.49151e-15"
					],
					[
						"3910.426353",
						"1.41212e-15"
					],
					[
						"3915.944282",
						"1.47715e-15"
					],
					[
						"3921.46221",
						"1.47635e-15"
					],
					[
						"3926.980139",
						"1.42781e-15"
					],
					[
						"3932.498067",
						"1.39817e-15"
					],
					[
						"3938.015996",
						"1.44069e-15"
					],
					[
						"3943.533925",
						"1.44474e-15"
					],
					[
						"3949.051853",
						"1.46669e-15"
					],
					[
						"3954.569782",
						"1.69525e-15"
					],
					[
						"3960.08771",
						"1.75819e-15"
					],
					[
						"3965.605639",
						"1.83084e-15"
					],
					[
						"3971.123568",
						"1.90219e-15"
					],
					[
						"3976.641496",
						"1.9758e-15"
					],
					[
						"3982.159425",
						"1.95972e-15"
					],
					[
						"3987.677353",
						"2.1443e-15"
					],
					[
						"3993.195282",
						"2.10585e-15"
					],
					[
						"3998.713211",
						"2.22413e-15"
					],
					[
						"4004.231139",
						"2.17414e-15"
					],
					[
						"4009.749068",
						"2.16843e-15"
					],
					[
						"4015.266996",
						"2.24982e-15"
					],
					[
						"4020.784925",
						"2.26574e-15"
					],
					[
						"4026.302854",
						"2.24271e-15"
					],
					[
						"4031.820782",
						"2.19252e-15"
					],
					[
						"4037.338711",
						"2.18056e-15"
					],
					[
						"4042.856639",
						"2.14106e-15"
					],
					[
						"4048.374568",
						"2.1838e-15"
					],
					[
						"4053.892497",
						"2.14451e-15"
					],
					[
						"4059.410425",
						"2.06509e-15"
					],
					[
						"4064.928354",
						"1.95926e-15"
					],
					[
						"4070.446282",
						"1.86897e-15"
					],
					[
						"4075.964211",
						"1.78896e-15"
					],
					[
						"4081.48214",
						"1.69846e-15"
					],
					[
						"4087.000068",
						"1.66157e-15"
					],
					[
						"4092.517997",
						"1.65209e-15"
					],
					[
						"4098.035925",
						"1.71697e-15"
					],
					[
						"4103.553854",
						"1.65998e-15"
					],
					[
						"4109.071783",
						"1.70626e-15"
					],
					[
						"4114.589711",
						"1.5999e-15"
					],
					[
						"4120.10764",
						"1.64511e-15"
					],
					[
						"4125.625568",
						"1.71325e-15"
					],
					[
						"4131.143497",
						"1.71548e-15"
					],
					[
						"4136.661426",
						"1.74085e-15"
					],
					[
						"4142.179354",
						"1.75642e-15"
					],
					[
						"4147.697283",
						"1.83108e-15"
					],
					[
						"4153.215211",
						"1.92195e-15"
					],
					[
						"4158.73314",
						"1.95728e-15"
					],
					[
						"4164.251069",
						"2.01708e-15"
					],
					[
						"4169.768997",
						"2.03192e-15"
					],
					[
						"4175.286926",
						"2.09263e-15"
					],
					[
						"4180.804854",
						"2.07555e-15"
					],
					[
						"4186.322783",
						"2.09381e-15"
					],
					[
						"4191.840712",
						"2.11452e-15"
					],
					[
						"4197.35864",
						"2.05029e-15"
					],
					[
						"4202.876569",
						"2.03338e-15"
					],
					[
						"4208.394497",
						"2.0365e-15"
					],
					[
						"4213.912426",
						"1.93785e-15"
					],
					[
						"4219.430355",
						"1.97998e-15"
					],
					[
						"4224.948283",
						"1.96912e-15"
					],
					[
						"4230.466212",
						"1.94289e-15"
					],
					[
						"4235.98414",
						"1.97256e-15"
					],
					[
						"4241.502069",
						"1.98045e-15"
					],
					[
						"4247.019998",
						"1.96594e-15"
					],
					[
						"4252.537926",
						"1.92567e-15"
					],
					[
						"4258.055855",
						"1.93848e-15"
					],
					[
						"4263.573783",
						"1.96392e-15"
					],
					[
						"4269.091712",
						"1.98282e-15"
					],
					[
						"4274.609641",
						"1.99439e-15"
					],
					[
						"4280.127569",
						"1.96465e-15"
					],
					[
						"4285.645498",
						"1.97763e-15"
					],
					[
						"4291.163426",
						"1.94983e-15"
					],
					[
						"4296.681355",
						"1.96145e-15"
					],
					[
						"4302.199284",
						"1.97146e-15"
					],
					[
						"4307.717212",
						"1.94458e-15"
					],
					[
						"4313.235141",
						"1.92621e-15"
					],
					[
						"4318.753069",
						"1.86689e-15"
					],
					[
						"4324.270998",
						"1.84252e-15"
					],
					[
						"4329.788927",
						"1.90545e-15"
					],
					[
						"4335.306855",
						"1.8537e-15"
					],
					[
						"4340.824784",
						"1.77704e-15"
					],
					[
						"4346.342712",
						"1.74324e-15"
					],
					[
						"4351.860641",
						"1.69531e-15"
					],
					[
						"4357.37857",
						"1.67864e-15"
					],
					[
						"4362.896498",
						"1.68965e-15"
					],
					[
						"4368.414427",
						"1.68289e-15"
					],
					[
						"4373.932355",
						"1.63153e-15"
					],
					[
						"4379.450284",
						"1.54413e-15"
					],
					[
						"4384.968213",
						"1.55869e-15"
					],
					[
						"4390.486141",
						"1.56343e-15"
					],
					[
						"4396.00407",
						"1.51924e-15"
					],
					[
						"4401.521998",
						"1.45415e-15"
					],
					[
						"4407.039927",
						"1.38437e-15"
					],
					[
						"4412.557856",
						"1.33934e-15"
					],
					[
						"4418.075784",
						"1.30265e-15"
					],
					[
						"4423.593713",
						"1.23604e-15"
					],
					[
						"4429.111641",
						"1.23224e-15"
					],
					[
						"4434.62957",
						"1.22099e-15"
					],
					[
						"4440.147499",
						"1.17956e-15"
					],
					[
						"4445.665427",
						"1.24376e-15"
					],
					[
						"4451.183356",
						"1.21599e-15"
					],
					[
						"4456.701284",
						"1.28097e-15"
					],
					[
						"4462.219213",
						"1.27763e-15"
					],
					[
						"4467.737142",
						"1.33721e-15"
					],
					[
						"4473.25507",
						"1.36724e-15"
					],
					[
						"4478.772999",
						"1.36516e-15"
					],
					[
						"4484.290927",
						"1.43323e-15"
					],
					[
						"4489.808856",
						"1.46445e-15"
					],
					[
						"4495.326785",
						"1.46582e-15"
					],
					[
						"4500.844713",
						"1.49223e-15"
					],
					[
						"4506.362642",
						"1.50526e-15"
					],
					[
						"4511.88057",
						"1.48474e-15"
					],
					[
						"4517.398499",
						"1.47003e-15"
					],
					[
						"4522.916428",
						"1.4657e-15"
					],
					[
						"4528.434356",
						"1.47131e-15"
					],
					[
						"4533.952285",
						"1.53486e-15"
					],
					[
						"4539.470213",
						"1.54112e-15"
					],
					[
						"4544.988142",
						"1.50728e-15"
					],
					[
						"4550.506071",
						"1.51763e-15"
					],
					[
						"4556.023999",
						"1.47786e-15"
					],
					[
						"4561.541928",
						"1.47021e-15"
					],
					[
						"4567.059856",
						"1.4873e-15"
					],
					[
						"4572.577785",
						"1.46035e-15"
					],
					[
						"4578.095714",
						"1.47557e-15"
					],
					[
						"4583.613642",
						"1.50253e-15"
					],
					[
						"4589.131571",
						"1.50817e-15"
					],
					[
						"4594.649499",
						"1.5902e-15"
					],
					[
						"4600.167428",
						"1.59694e-15"
					],
					[
						"4605.685357",
						"1.64388e-15"
					],
					[
						"4611.203285",
						"1.61469e-15"
					],
					[
						"4616.721214",
						"1.67512e-15"
					],
					[
						"4622.239142",
						"1.69995e-15"
					],
					[
						"4627.757071",
						"1.69418e-15"
					],
					[
						"4633.275",
						"1.73348e-15"
					],
					[
						"4638.792928",
						"1.74177e-15"
					],
					[
						"4644.310857",
						"1.81163e-15"
					],
					[
						"4649.828785",
						"1.78447e-15"
					],
					[
						"4655.346714",
						"1.77836e-15"
					],
					[
						"4660.864643",
						"1.78356e-15"
					],
					[
						"4666.382571",
						"1.76514e-15"
					],
					[
						"4671.9005",
						"1.74622e-15"
					],
					[
						"4677.418428",
						"1.75709e-15"
					],
					[
						"4682.936357",
						"1.75489e-15"
					],
					[
						"4688.454286",
						"1.78963e-15"
					],
					[
						"4693.972214",
						"1.71898e-15"
					],
					[
						"4699.490143",
						"1.71873e-15"
					],
					[
						"4705.008071",
						"1.70243e-15"
					],
					[
						"4710.526",
						"1.74173e-15"
					],
					[
						"4716.043929",
						"1.72706e-15"
					],
					[
						"4721.561857",
						"1.71865e-15"
					],
					[
						"4727.079786",
						"1.73314e-15"
					],
					[
						"4732.597714",
						"1.77373e-15"
					],
					[
						"4738.115643",
						"1.72845e-15"
					],
					[
						"4743.633572",
						"1.7371e-15"
					],
					[
						"4749.1515",
						"1.73774e-15"
					],
					[
						"4754.669429",
						"1.71039e-15"
					],
					[
						"4760.187357",
						"1.71243e-15"
					],
					[
						"4765.705286",
						"1.68192e-15"
					],
					[
						"4771.223215",
						"1.6172e-15"
					],
					[
						"4776.741143",
						"1.54568e-15"
					],
					[
						"4782.259072",
						"1.55088e-15"
					],
					[
						"4787.777",
						"1.47942e-15"
					],
					[
						"4793.294929",
						"1.44638e-15"
					],
					[
						"4798.812858",
						"1.39601e-15"
					],
					[
						"4804.330786",
						"1.41282e-15"
					],
					[
						"4809.848715",
						"1.38103e-15"
					],
					[
						"4815.366643",
						"1.3879e-15"
					],
					[
						"4820.884572",
						"1.36454e-15"
					],
					[
						"4826.402501",
						"1.3947e-15"
					],
					[
						"4831.920429",
						"1.38963e-15"
					],
					[
						"4837.438358",
						"1.43142e-15"
					],
					[
						"4842.956286",
						"1.42212e-15"
					],
					[
						"4848.474215",
						"1.46449e-15"
					],
					[
						"4853.992144",
						"1.40517e-15"
					],
					[
						"4859.510072",
						"1.40561e-15"
					],
					[
						"4865.028001",
						"1.39946e-15"
					],
					[
						"4870.545929",
						"1.3587e-15"
					],
					[
						"4876.063858",
						"1.35997e-15"
					],
					[
						"4881.581787",
						"1.35239e-15"
					],
					[
						"4887.099715",
						"1.33202e-15"
					],
					[
						"4892.617644",
						"1.31777e-15"
					],
					[
						"4898.135572",
						"1.30221e-15"
					],
					[
						"4903.653501",
						"1.29259e-15"
					],
					[
						"4909.17143",
						"1.31519e-15"
					],
					[
						"4914.689358",
						"1.2765e-15"
					],
					[
						"4920.207287",
						"1.31985e-15"
					],
					[
						"4925.725215",
						"1.30174e-15"
					],
					[
						"4931.243144",
						"1.31136e-15"
					],
					[
						"4936.761073",
						"1.3484e-15"
					],
					[
						"4942.279001",
						"1.36629e-15"
					],
					[
						"4947.79693",
						"1.37522e-15"
					],
					[
						"4953.314858",
						"1.3142e-15"
					],
					[
						"4958.832787",
						"1.26209e-15"
					],
					[
						"4964.350716",
						"1.25633e-15"
					],
					[
						"4969.868644",
						"1.21148e-15"
					],
					[
						"4975.386573",
						"1.14932e-15"
					],
					[
						"4980.904501",
						"1.12331e-15"
					],
					[
						"4986.42243",
						"1.06069e-15"
					],
					[
						"4991.940359",
						"1.08284e-15"
					],
					[
						"4997.458287",
						"1.07336e-15"
					],
					[
						"5002.976216",
						"1.10034e-15"
					],
					[
						"5008.494144",
						"1.00947e-15"
					],
					[
						"5014.012073",
						"9.82591e-16"
					],
					[
						"5019.530002",
						"1.03876e-15"
					],
					[
						"5025.04793",
						"9.7017e-16"
					],
					[
						"5030.565859",
						"1.05393e-15"
					],
					[
						"5036.083787",
						"1.06307e-15"
					],
					[
						"5041.601716",
						"1.15513e-15"
					],
					[
						"5047.119645",
						"1.13237e-15"
					],
					[
						"5052.637573",
						"1.17569e-15"
					],
					[
						"5058.155502",
						"1.16569e-15"
					],
					[
						"5063.67343",
						"1.25009e-15"
					],
					[
						"5069.191359",
						"1.22188e-15"
					],
					[
						"5074.709288",
						"1.24034e-15"
					],
					[
						"5080.227216",
						"1.26332e-15"
					],
					[
						"5085.745145",
						"1.27663e-15"
					],
					[
						"5091.263073",
						"1.28284e-15"
					],
					[
						"5096.781002",
						"1.2817e-15"
					],
					[
						"5102.298931",
						"1.31322e-15"
					],
					[
						"5107.816859",
						"1.21216e-15"
					],
					[
						"5113.334788",
						"1.14153e-15"
					],
					[
						"5118.852716",
						"1.15368e-15"
					],
					[
						"5124.370645",
						"1.1481e-15"
					],
					[
						"5129.888574",
						"1.12104e-15"
					],
					[
						"5135.406502",
						"1.13393e-15"
					],
					[
						"5140.924431",
						"1.21194e-15"
					],
					[
						"5146.442359",
						"1.27144e-15"
					],
					[
						"5151.960288",
						"1.29562e-15"
					],
					[
						"5157.478217",
						"1.21486e-15"
					],
					[
						"5162.996145",
						"1.19166e-15"
					],
					[
						"5168.514074",
						"1.14755e-15"
					],
					[
						"5174.032002",
						"1.13421e-15"
					],
					[
						"5179.549931",
						"1.18033e-15"
					],
					[
						"5185.06786",
						"1.19816e-15"
					],
					[
						"5190.585788",
						"1.17459e-15"
					],
					[
						"5196.103717",
						"1.21577e-15"
					],
					[
						"5201.621645",
						"1.19978e-15"
					],
					[
						"5207.139574",
						"1.23307e-15"
					],
					[
						"5212.657503",
						"1.22973e-15"
					],
					[
						"5218.175431",
						"1.20376e-15"
					],
					[
						"5223.69336",
						"1.27586e-15"
					],
					[
						"5229.211288",
						"1.24989e-15"
					],
					[
						"5234.729217",
						"1.27789e-15"
					],
					[
						"5240.247146",
						"1.28804e-15"
					],
					[
						"5245.765074",
						"1.29078e-15"
					],
					[
						"5251.283003",
						"1.28857e-15"
					],
					[
						"5256.800931",
						"1.30747e-15"
					],
					[
						"5262.31886",
						"1.28352e-15"
					],
					[
						"5267.836789",
						"1.18491e-15"
					],
					[
						"5273.354717",
						"1.24992e-15"
					],
					[
						"5278.872646",
						"1.32869e-15"
					],
					[
						"5284.390574",
						"1.31095e-15"
					],
					[
						"5289.908503",
						"1.29502e-15"
					],
					[
						"5295.426432",
						"1.2805e-15"
					],
					[
						"5300.94436",
						"1.25546e-15"
					],
					[
						"5306.462289",
						"1.18515e-15"
					],
					[
						"5311.980217",
						"1.2306e-15"
					],
					[
						"5317.498146",
						"1.21984e-15"
					],
					[
						"5323.016075",
						"1.1674e-15"
					],
					[
						"5328.534003",
						"1.22481e-15"
					],
					[
						"5334.051932",
						"1.23401e-15"
					],
					[
						"5339.56986",
						"1.18324e-15"
					],
					[
						"5345.087789",
						"1.21198e-15"
					],
					[
						"5350.605718",
						"1.2814e-15"
					],
					[
						"5356.123646",
						"1.25209e-15"
					],
					[
						"5361.641575",
						"1.26007e-15"
					],
					[
						"5367.159503",
						"1.24724e-15"
					],
					[
						"5372.677432",
						"1.26784e-15"
					],
					[
						"5378.195361",
						"1.2183e-15"
					],
					[
						"5383.713289",
						"1.27504e-15"
					],
					[
						"5389.231218",
						"1.18471e-15"
					],
					[
						"5394.749146",
						"1.19915e-15"
					],
					[
						"5400.267075",
						"1.14182e-15"
					],
					[
						"5405.785004",
						"1.13112e-15"
					],
					[
						"5411.302932",
						"1.07859e-15"
					],
					[
						"5416.820861",
						"1.03553e-15"
					],
					[
						"5422.338789",
						"1.00611e-15"
					],
					[
						"5427.856718",
						"9.79903e-16"
					],
					[
						"5433.374647",
						"9.47048e-16"
					],
					[
						"5438.892575",
						"9.38192e-16"
					],
					[
						"5444.410504",
						"9.31335e-16"
					],
					[
						"5449.928432",
						"9.85906e-16"
					],
					[
						"5455.446361",
						"9.26778e-16"
					],
					[
						"5460.96429",
						"9.90387e-16"
					],
					[
						"5466.482218",
						"9.59242e-16"
					],
					[
						"5472.000147",
						"9.43056e-16"
					],
					[
						"5477.518075",
						"9.741e-16"
					],
					[
						"5483.036004",
						"1.00548e-15"
					],
					[
						"5488.553933",
						"9.95972e-16"
					],
					[
						"5494.071861",
						"9.74478e-16"
					],
					[
						"5499.58979",
						"1.01212e-15"
					],
					[
						"5505.107718",
						"1.05785e-15"
					],
					[
						"5510.625647",
						"1.09195e-15"
					],
					[
						"5516.143576",
						"1.06006e-15"
					],
					[
						"5521.661504",
						"1.08365e-15"
					],
					[
						"5527.179433",
						"1.11614e-15"
					],
					[
						"5532.697361",
						"1.08902e-15"
					],
					[
						"5538.21529",
						"1.08876e-15"
					],
					[
						"5543.733219",
						"1.07074e-15"
					],
					[
						"5549.251147",
						"1.05048e-15"
					],
					[
						"5554.769076",
						"1.08028e-15"
					],
					[
						"5560.287004",
						"1.0265e-15"
					],
					[
						"5565.804933",
						"1.0093e-15"
					],
					[
						"5571.322862",
						"1.0046e-15"
					],
					[
						"5576.84079",
						"9.89697e-16"
					],
					[
						"5582.358719",
						"9.39074e-16"
					],
					[
						"5587.876647",
						"9.16547e-16"
					],
					[
						"5593.394576",
						"9.56881e-16"
					],
					[
						"5598.912505",
						"8.91479e-16"
					],
					[
						"5604.430433",
						"9.16258e-16"
					],
					[
						"5609.948362",
						"8.53815e-16"
					],
					[
						"5615.46629",
						"8.65114e-16"
					],
					[
						"5620.984219",
						"8.83555e-16"
					],
					[
						"5626.502148",
						"8.92034e-16"
					],
					[
						"5632.020076",
						"8.42328e-16"
					],
					[
						"5637.538005",
						"8.50793e-16"
					],
					[
						"5643.055933",
						"8.35081e-16"
					],
					[
						"5648.573862",
						"8.44488e-16"
					],
					[
						"5654.091791",
						"9.0202e-16"
					],
					[
						"5659.609719",
						"9.56094e-16"
					],
					[
						"5665.127648",
						"9.59148e-16"
					],
					[
						"5670.645576",
						"9.44596e-16"
					],
					[
						"5676.163505",
						"9.59274e-16"
					],
					[
						"5681.681434",
						"9.91924e-16"
					],
					[
						"5687.199362",
						"9.80273e-16"
					],
					[
						"5692.717291",
						"1.06923e-15"
					],
					[
						"5698.235219",
						"1.04765e-15"
					],
					[
						"5703.753148",
						"1.07116e-15"
					],
					[
						"5709.271077",
						"1.11252e-15"
					],
					[
						"5714.789005",
						"1.10374e-15"
					],
					[
						"5720.306934",
						"1.10082e-15"
					],
					[
						"5725.824862",
						"1.10537e-15"
					],
					[
						"5731.342791",
						"1.10472e-15"
					],
					[
						"5736.86072",
						"1.06177e-15"
					],
					[
						"5742.378648",
						"1.03616e-15"
					],
					[
						"5747.896577",
						"1.00609e-15"
					],
					[
						"5753.414505",
						"1.04058e-15"
					],
					[
						"5758.932434",
						"1.06097e-15"
					],
					[
						"5764.450363",
						"1.04325e-15"
					],
					[
						"5769.968291",
						"1.03366e-15"
					],
					[
						"5775.48622",
						"1.07213e-15"
					],
					[
						"5781.004148",
						"1.04375e-15"
					],
					[
						"5786.522077",
						"1.02692e-15"
					],
					[
						"5792.040006",
						"1.05028e-15"
					],
					[
						"5797.557934",
						"1.00783e-15"
					],
					[
						"5803.075863",
						"1.05517e-15"
					],
					[
						"5808.593791",
						"1.0118e-15"
					],
					[
						"5814.11172",
						"1.01646e-15"
					],
					[
						"5819.629649",
						"1.02739e-15"
					],
					[
						"5825.147577",
						"1.03263e-15"
					],
					[
						"5830.665506",
						"1.02837e-15"
					],
					[
						"5836.183434",
						"1.0067e-15"
					],
					[
						"5841.701363",
						"1.00384e-15"
					],
					[
						"5847.219292",
						"1.00722e-15"
					],
					[
						"5852.73722",
						"1.02194e-15"
					],
					[
						"5858.255149",
						"9.85701e-16"
					],
					[
						"5863.773077",
						"1.01224e-15"
					],
					[
						"5869.291006",
						"9.78211e-16"
					],
					[
						"5874.808935",
						"9.54981e-16"
					],
					[
						"5880.326863",
						"9.45768e-16"
					],
					[
						"5885.844792",
						"8.99902e-16"
					],
					[
						"5891.36272",
						"8.82702e-16"
					],
					[
						"5896.880649",
						"8.57278e-16"
					],
					[
						"5902.398578",
						"9.04461e-16"
					],
					[
						"5907.916506",
						"8.75231e-16"
					],
					[
						"5913.434435",
						"8.48234e-16"
					],
					[
						"5918.952363",
						"8.48079e-16"
					],
					[
						"5924.470292",
						"8.67163e-16"
					],
					[
						"5929.988221",
						"8.7447e-16"
					],
					[
						"5935.506149",
						"8.49348e-16"
					],
					[
						"5941.024078",
						"8.33111e-16"
					],
					[
						"5946.542006",
						"8.38222e-16"
					],
					[
						"5952.059935",
						"8.44365e-16"
					],
					[
						"5957.577864",
						"8.45592e-16"
					],
					[
						"5963.095792",
						"8.86811e-16"
					],
					[
						"5968.613721",
						"9.03213e-16"
					],
					[
						"5974.131649",
						"9.10166e-16"
					],
					[
						"5979.649578",
						"9.43816e-16"
					],
					[
						"5985.167507",
						"9.49933e-16"
					],
					[
						"5990.685435",
						"9.21975e-16"
					],
					[
						"5996.203364",
						"9.18107e-16"
					],
					[
						"6001.721293",
						"9.9565e-16"
					],
					[
						"6007.239221",
						"9.75004e-16"
					],
					[
						"6012.75715",
						"9.45342e-16"
					],
					[
						"6018.275078",
						"9.62304e-16"
					],
					[
						"6023.793007",
						"9.49465e-16"
					],
					[
						"6029.310935",
						"9.88536e-16"
					],
					[
						"6034.828864",
						"9.65162e-16"
					],
					[
						"6040.346793",
						"9.78649e-16"
					],
					[
						"6045.864721",
						"9.58803e-16"
					],
					[
						"6051.38265",
						"9.70917e-16"
					],
					[
						"6056.900578",
						"9.76269e-16"
					],
					[
						"6062.418507",
						"1.01264e-15"
					],
					[
						"6067.936436",
						"9.61283e-16"
					],
					[
						"6073.454364",
						"9.38254e-16"
					],
					[
						"6078.972293",
						"9.36181e-16"
					],
					[
						"6084.490222",
						"9.45401e-16"
					],
					[
						"6090.00815",
						"9.36661e-16"
					],
					[
						"6095.526079",
						"9.99384e-16"
					],
					[
						"6101.044007",
						"9.57969e-16"
					],
					[
						"6106.561936",
						"9.0819e-16"
					],
					[
						"6112.079865",
						"9.74804e-16"
					],
					[
						"6117.597793",
						"9.63179e-16"
					],
					[
						"6123.115722",
						"9.56024e-16"
					],
					[
						"6128.63365",
						"9.899e-16"
					],
					[
						"6134.151579",
						"9.83424e-16"
					],
					[
						"6139.669507",
						"9.39912e-16"
					],
					[
						"6145.187436",
						"9.82134e-16"
					],
					[
						"6150.705365",
						"9.42029e-16"
					],
					[
						"6156.223293",
						"9.6111e-16"
					],
					[
						"6161.741222",
						"9.38e-16"
					],
					[
						"6167.259151",
						"9.59279e-16"
					],
					[
						"6172.777079",
						"9.43889e-16"
					],
					[
						"6178.295008",
						"8.94628e-16"
					],
					[
						"6183.812936",
						"8.96857e-16"
					],
					[
						"6189.330865",
						"9.18556e-16"
					],
					[
						"6194.848794",
						"9.02062e-16"
					],
					[
						"6200.366722",
						"8.74025e-16"
					],
					[
						"6205.884651",
						"8.42344e-16"
					],
					[
						"6211.402579",
						"8.10935e-16"
					],
					[
						"6216.920508",
						"7.64479e-16"
					],
					[
						"6222.438437",
						"7.2435e-16"
					],
					[
						"6227.956365",
						"7.24379e-16"
					],
					[
						"6233.474294",
						"6.47345e-16"
					],
					[
						"6238.992222",
						"6.3621e-16"
					],
					[
						"6244.510151",
						"5.79717e-16"
					],
					[
						"6250.02808",
						"5.998e-16"
					],
					[
						"6255.546008",
						"5.7527e-16"
					],
					[
						"6261.063937",
						"5.42236e-16"
					],
					[
						"6266.581865",
						"5.14456e-16"
					],
					[
						"6272.099794",
						"5.03134e-16"
					],
					[
						"6277.617723",
						"4.87672e-16"
					],
					[
						"6283.135651",
						"4.94637e-16"
					],
					[
						"6288.65358",
						"4.91157e-16"
					],
					[
						"6294.171508",
						"4.77353e-16"
					],
					[
						"6299.689437",
						"4.98007e-16"
					],
					[
						"6305.207366",
						"5.03639e-16"
					],
					[
						"6310.725294",
						"4.90789e-16"
					],
					[
						"6316.243223",
						"5.29051e-16"
					],
					[
						"6321.761151",
						"5.02362e-16"
					],
					[
						"6327.27908",
						"5.11499e-16"
					],
					[
						"6332.797009",
						"5.22666e-16"
					],
					[
						"6338.314937",
						"5.77774e-16"
					],
					[
						"6343.832866",
						"5.51787e-16"
					],
					[
						"6349.350794",
						"5.80162e-16"
					],
					[
						"6354.868723",
						"5.97827e-16"
					],
					[
						"6360.386652",
						"6.29019e-16"
					],
					[
						"6365.90458",
						"5.96445e-16"
					],
					[
						"6371.422509",
						"6.52858e-16"
					],
					[
						"6376.940437",
						"6.44563e-16"
					],
					[
						"6382.458366",
						"6.67674e-16"
					],
					[
						"6387.976295",
						"6.77308e-16"
					],
					[
						"6393.494223",
						"6.95053e-16"
					],
					[
						"6399.012152",
						"7.12954e-16"
					],
					[
						"6404.53008",
						"7.32149e-16"
					],
					[
						"6410.048009",
						"7.64942e-16"
					],
					[
						"6415.565938",
						"7.57593e-16"
					],
					[
						"6421.083866",
						"7.52368e-16"
					],
					[
						"6426.601795",
						"7.68435e-16"
					],
					[
						"6432.119723",
						"8.01734e-16"
					],
					[
						"6437.637652",
						"8.01839e-16"
					],
					[
						"6443.155581",
						"8.01033e-16"
					],
					[
						"6448.673509",
						"8.03138e-16"
					],
					[
						"6454.191438",
						"8.20413e-16"
					],
					[
						"6459.709366",
						"8.08806e-16"
					],
					[
						"6465.227295",
						"8.16972e-16"
					],
					[
						"6470.745224",
						"8.56609e-16"
					],
					[
						"6476.263152",
						"8.18891e-16"
					],
					[
						"6481.781081",
						"8.12333e-16"
					],
					[
						"6487.299009",
						"8.44393e-16"
					],
					[
						"6492.816938",
						"8.08221e-16"
					],
					[
						"6498.334867",
						"8.03845e-16"
					],
					[
						"6503.852795",
						"8.18823e-16"
					],
					[
						"6509.370724",
						"8.18852e-16"
					],
					[
						"6514.888652",
						"8.3692e-16"
					],
					[
						"6520.406581",
						"8.34763e-16"
					],
					[
						"6525.92451",
						"8.21295e-16"
					],
					[
						"6531.442438",
						"8.10258e-16"
					],
					[
						"6536.960367",
						"8.068e-16"
					],
					[
						"6542.478295",
						"7.82446e-16"
					],
					[
						"6547.996224",
						"8.24659e-16"
					],
					[
						"6553.514153",
						"8.19023e-16"
					],
					[
						"6559.032081",
						"8.02383e-16"
					],
					[
						"6564.55001",
						"8.1355e-16"
					],
					[
						"6570.067938",
						"8.00617e-16"
					],
					[
						"6575.585867",
						"7.7667e-16"
					],
					[
						"6581.103796",
						"7.68291e-16"
					],
					[
						"6586.621724",
						"7.74846e-16"
					],
					[
						"6592.139653",
						"7.67951e-16"
					],
					[
						"6597.657581",
						"7.89395e-16"
					],
					[
						"6603.17551",
						"7.44813e-16"
					],
					[
						"6608.693439",
						"7.33771e-16"
					],
					[
						"6614.211367",
						"7.17612e-16"
					],
					[
						"6619.729296",
						"7.42378e-16"
					],
					[
						"6625.247224",
						"7.27181e-16"
					],
					[
						"6630.765153",
						"7.20608e-16"
					],
					[
						"6636.283082",
						"7.33844e-16"
					],
					[
						"6641.80101",
						"7.25965e-16"
					],
					[
						"6647.318939",
						"7.23109e-16"
					],
					[
						"6652.836867",
						"7.29283e-16"
					],
					[
						"6658.354796",
						"7.04396e-16"
					],
					[
						"6663.872725",
						"7.0596e-16"
					],
					[
						"6669.390653",
						"6.96304e-16"
					],
					[
						"6674.908582",
						"6.8794e-16"
					],
					[
						"6680.42651",
						"7.00707e-16"
					],
					[
						"6685.944439",
						"6.80807e-16"
					],
					[
						"6691.462368",
						"7.00951e-16"
					],
					[
						"6696.980296",
						"6.9921e-16"
					],
					[
						"6702.498225",
						"6.91865e-16"
					],
					[
						"6708.016153",
						"6.89577e-16"
					],
					[
						"6713.534082",
						"6.90755e-16"
					],
					[
						"6719.052011",
						"7.13635e-16"
					],
					[
						"6724.569939",
						"7.32715e-16"
					],
					[
						"6730.087868",
						"8.15476e-16"
					],
					[
						"6735.605796",
						"9.11764e-16"
					],
					[
						"6741.123725",
						"9.61335e-16"
					],
					[
						"6746.641654",
						"1.02608e-15"
					],
					[
						"6752.159582",
						"9.01118e-16"
					],
					[
						"6757.677511",
						"7.52433e-16"
					],
					[
						"6763.195439",
						"7.46492e-16"
					],
					[
						"6768.713368",
						"7.62734e-16"
					],
					[
						"6774.231297",
						"7.2722e-16"
					],
					[
						"6779.749225",
						"6.80867e-16"
					],
					[
						"6785.267154",
						"6.75839e-16"
					],
					[
						"6790.785082",
						"6.81699e-16"
					],
					[
						"6796.303011",
						"7.09877e-16"
					],
					[
						"6801.82094",
						"6.70476e-16"
					],
					[
						"6807.338868",
						"6.81825e-16"
					],
					[
						"6812.856797",
						"6.77381e-16"
					],
					[
						"6818.374725",
						"6.57896e-16"
					],
					[
						"6823.892654",
						"6.51835e-16"
					],
					[
						"6829.410583",
						"6.77512e-16"
					],
					[
						"6834.928511",
						"6.55049e-16"
					],
					[
						"6840.44644",
						"6.48224e-16"
					],
					[
						"6845.964368",
						"6.50315e-16"
					],
					[
						"6851.482297",
						"6.48489e-16"
					],
					[
						"6857.000226",
						"6.58392e-16"
					],
					[
						"6862.518154",
						"6.15133e-16"
					],
					[
						"6868.036083",
						"5.50184e-16"
					],
					[
						"6873.554011",
						"5.15324e-16"
					],
					[
						"6879.07194",
						"5.31667e-16"
					],
					[
						"6884.589869",
						"5.54326e-16"
					],
					[
						"6890.107797",
						"5.90068e-16"
					],
					[
						"6895.625726",
						"6.1364e-16"
					],
					[
						"6901.143654",
						"6.3925e-16"
					],
					[
						"6906.661583",
						"6.46635e-16"
					],
					[
						"6912.179512",
						"6.5678e-16"
					],
					[
						"6917.69744",
						"6.42159e-16"
					],
					[
						"6923.215369",
						"6.18172e-16"
					],
					[
						"6928.733297",
						"6.209e-16"
					],
					[
						"6934.251226",
						"5.82627e-16"
					],
					[
						"6939.769155",
						"5.80165e-16"
					],
					[
						"6945.287083",
						"5.97992e-16"
					],
					[
						"6950.805012",
						"5.51307e-16"
					],
					[
						"6956.32294",
						"5.77952e-16"
					],
					[
						"6961.840869",
						"5.70173e-16"
					],
					[
						"6967.358798",
						"6.05897e-16"
					],
					[
						"6972.876726",
						"5.82373e-16"
					],
					[
						"6978.394655",
						"5.62042e-16"
					],
					[
						"6983.912583",
						"5.48815e-16"
					],
					[
						"6989.430512",
						"5.68524e-16"
					],
					[
						"6994.948441",
						"5.60169e-16"
					],
					[
						"7000.466369",
						"5.24064e-16"
					],
					[
						"7005.984298",
						"5.63826e-16"
					],
					[
						"7011.502226",
						"5.70771e-16"
					],
					[
						"7017.020155",
						"5.82144e-16"
					],
					[
						"7022.538084",
						"5.71953e-16"
					],
					[
						"7028.056012",
						"5.20019e-16"
					],
					[
						"7033.573941",
						"5.66789e-16"
					],
					[
						"7039.091869",
						"5.71364e-16"
					],
					[
						"7044.609798",
						"5.4493e-16"
					],
					[
						"7050.127727",
						"5.43295e-16"
					],
					[
						"7055.645655",
						"5.40619e-16"
					],
					[
						"7061.163584",
						"5.69521e-16"
					],
					[
						"7066.681512",
						"5.68189e-16"
					],
					[
						"7072.199441",
						"5.80963e-16"
					],
					[
						"7077.71737",
						"5.53628e-16"
					],
					[
						"7083.235298",
						"5.36525e-16"
					],
					[
						"7088.753227",
						"5.57739e-16"
					],
					[
						"7094.271155",
						"5.38086e-16"
					],
					[
						"7099.789084",
						"5.20957e-16"
					],
					[
						"7105.307013",
						"5.29926e-16"
					],
					[
						"7110.824941",
						"5.40511e-16"
					],
					[
						"7116.34287",
						"5.10776e-16"
					],
					[
						"7121.860798",
						"5.05373e-16"
					],
					[
						"7127.378727",
						"5.6573e-16"
					],
					[
						"7132.896656",
						"5.25742e-16"
					],
					[
						"7138.414584",
						"5.14486e-16"
					],
					[
						"7143.932513",
						"5.22975e-16"
					],
					[
						"7149.450441",
						"5.0811e-16"
					],
					[
						"7154.96837",
						"5.05715e-16"
					],
					[
						"7160.486299",
						"5.25282e-16"
					],
					[
						"7166.004227",
						"5.00301e-16"
					],
					[
						"7171.522156",
						"4.8212e-16"
					],
					[
						"7177.040084",
						"4.89518e-16"
					],
					[
						"7182.558013",
						"4.55279e-16"
					],
					[
						"7188.075942",
						"4.39465e-16"
					],
					[
						"7193.59387",
						"4.58317e-16"
					],
					[
						"7199.111799",
						"4.53473e-16"
					],
					[
						"7204.629727",
						"4.50217e-16"
					],
					[
						"7210.147656",
						"4.77993e-16"
					],
					[
						"7215.665585",
						"4.86175e-16"
					],
					[
						"7221.183513",
						"4.87297e-16"
					],
					[
						"7226.701442",
						"4.7917e-16"
					],
					[
						"7232.21937",
						"4.72006e-16"
					],
					[
						"7237.737299",
						"4.57571e-16"
					],
					[
						"7243.255228",
						"4.49036e-16"
					],
					[
						"7248.773156",
						"5.09454e-16"
					],
					[
						"7254.291085",
						"4.52558e-16"
					],
					[
						"7259.809013",
						"4.70315e-16"
					],
					[
						"7265.326942",
						"4.84322e-16"
					],
					[
						"7270.844871",
						"4.74518e-16"
					],
					[
						"7276.362799",
						"4.29749e-16"
					],
					[
						"7281.880728",
						"4.54505e-16"
					],
					[
						"7287.398656",
						"4.79351e-16"
					],
					[
						"7292.916585",
						"4.64242e-16"
					],
					[
						"7298.434514",
						"4.63441e-16"
					],
					[
						"7303.952442",
						"4.83674e-16"
					],
					[
						"7309.470371",
						"4.74579e-16"
					],
					[
						"7314.988299",
						"4.4713e-16"
					],
					[
						"7320.506228",
						"4.45783e-16"
					],
					[
						"7326.024157",
						"4.52395e-16"
					],
					[
						"7331.542085",
						"4.79047e-16"
					],
					[
						"7337.060014",
						"5.04232e-16"
					],
					[
						"7342.577942",
						"4.90205e-16"
					],
					[
						"7348.095871",
						"5.29157e-16"
					],
					[
						"7353.6138",
						"3.52922e-16"
					],
					[
						"7359.131728",
						"1.20859e-16"
					],
					[
						"7364.649657",
						"4.93703e-16"
					],
					[
						"7370.167585",
						"4.87473e-16"
					],
					[
						"7375.685514",
						"4.98825e-16"
					],
					[
						"7381.203443",
						"4.61612e-16"
					],
					[
						"7386.721371",
						"4.85146e-16"
					],
					[
						"7392.2393",
						"4.91368e-16"
					],
					[
						"7397.757228",
						"5.40007e-16"
					],
					[
						"7403.275157",
						"4.71317e-16"
					],
					[
						"7408.793086",
						"5.00378e-16"
					],
					[
						"7414.311014",
						"5.00572e-16"
					],
					[
						"7419.828943",
						"4.78955e-16"
					],
					[
						"7425.346871",
						"4.92101e-16"
					],
					[
						"7430.8648",
						"5.10053e-16"
					],
					[
						"7436.382729",
						"4.87752e-16"
					],
					[
						"7441.900657",
						"4.8925e-16"
					],
					[
						"7447.418586",
						"4.93331e-16"
					],
					[
						"7452.936514",
						"4.696e-16"
					],
					[
						"7458.454443",
						"4.91195e-16"
					],
					[
						"7463.972372",
						"5.08356e-16"
					],
					[
						"7469.4903",
						"4.90946e-16"
					],
					[
						"7475.008229",
						"4.75527e-16"
					],
					[
						"7480.526157",
						"4.73485e-16"
					],
					[
						"7486.044086",
						"5.04354e-16"
					],
					[
						"7491.562015",
						"4.73482e-16"
					],
					[
						"7497.079943",
						"4.74296e-16"
					],
					[
						"7502.597872",
						"4.97575e-16"
					],
					[
						"7508.1158",
						"4.5093e-16"
					],
					[
						"7513.633729",
						"4.69287e-16"
					],
					[
						"7519.151658",
						"4.8669e-16"
					],
					[
						"7524.669586",
						"5.03502e-16"
					],
					[
						"7530.187515",
						"4.45098e-16"
					],
					[
						"7535.705443",
						"4.80568e-16"
					],
					[
						"7541.223372",
						"4.32163e-16"
					],
					[
						"7546.741301",
						"3.95254e-16"
					],
					[
						"7552.259229",
						"4.3869e-16"
					],
					[
						"7557.777158",
						"4.49183e-16"
					],
					[
						"7563.295086",
						"4.17943e-16"
					],
					[
						"7568.813015",
						"4.02023e-16"
					],
					[
						"7574.330944",
						"4.03299e-16"
					],
					[
						"7579.848872",
						"4.3533e-16"
					],
					[
						"7585.366801",
						"3.9705e-16"
					],
					[
						"7590.884729",
						"3.46753e-16"
					],
					[
						"7596.402658",
						"2.78528e-16"
					],
					[
						"7601.920587",
						"2.06172e-16"
					],
					[
						"7607.438515",
						"1.4598e-16"
					],
					[
						"7612.956444",
						"1.5404e-16"
					],
					[
						"7618.474372",
						"2.09529e-16"
					],
					[
						"7623.992301",
						"2.2099e-16"
					],
					[
						"7629.51023",
						"2.2301e-16"
					],
					[
						"7635.028158",
						"2.09582e-16"
					],
					[
						"7640.546087",
						"1.99813e-16"
					],
					[
						"7646.064015",
						"2.38118e-16"
					],
					[
						"7651.581944",
						"2.09721e-16"
					],
					[
						"7657.099873",
						"2.52382e-16"
					],
					[
						"7662.617801",
						"3.09281e-16"
					],
					[
						"7668.13573",
						"3.08993e-16"
					],
					[
						"7673.653658",
						"2.90601e-16"
					],
					[
						"7679.171587",
						"3.07508e-16"
					],
					[
						"7684.689516",
						"3.13938e-16"
					],
					[
						"7690.207444",
						"3.44102e-16"
					],
					[
						"7695.725373",
						"3.37416e-16"
					],
					[
						"7701.243301",
						"3.58466e-16"
					],
					[
						"7706.76123",
						"3.51449e-16"
					],
					[
						"7712.279159",
						"3.5324e-16"
					],
					[
						"7717.797087",
						"3.72221e-16"
					],
					[
						"7723.315016",
						"4.03064e-16"
					],
					[
						"7728.832944",
						"4.13299e-16"
					],
					[
						"7734.350873",
						"3.74732e-16"
					],
					[
						"7739.868802",
						"3.76237e-16"
					],
					[
						"7745.38673",
						"3.70152e-16"
					],
					[
						"7750.904659",
						"3.62897e-16"
					],
					[
						"7756.422587",
						"3.63824e-16"
					],
					[
						"7761.940516",
						"3.85981e-16"
					],
					[
						"7767.458445",
						"3.93606e-16"
					],
					[
						"7772.976373",
						"3.71011e-16"
					],
					[
						"7778.494302",
						"3.63112e-16"
					],
					[
						"7784.01223",
						"3.79729e-16"
					],
					[
						"7789.530159",
						"3.61628e-16"
					],
					[
						"7795.048088",
						"3.79136e-16"
					],
					[
						"7800.566016",
						"3.83861e-16"
					],
					[
						"7806.083945",
						"3.77135e-16"
					],
					[
						"7811.601873",
						"3.81679e-16"
					],
					[
						"7817.119802",
						"3.71333e-16"
					],
					[
						"7822.637731",
						"4.11302e-16"
					],
					[
						"7828.155659",
						"3.86966e-16"
					],
					[
						"7833.673588",
						"4.26575e-16"
					],
					[
						"7839.191516",
						"3.78205e-16"
					],
					[
						"7844.709445",
						"3.92029e-16"
					],
					[
						"7850.227374",
						"4.0072e-16"
					],
					[
						"7855.745302",
						"4.04631e-16"
					],
					[
						"7861.263231",
						"3.76894e-16"
					],
					[
						"7866.781159",
						"4.23423e-16"
					],
					[
						"7872.299088",
						"4.30751e-16"
					],
					[
						"7877.817017",
						"4.24311e-16"
					],
					[
						"7883.334945",
						"4.25963e-16"
					],
					[
						"7888.852874",
						"4.28731e-16"
					],
					[
						"7894.370802",
						"4.35388e-16"
					],
					[
						"7899.888731",
						"4.0933e-16"
					],
					[
						"7905.40666",
						"4.24406e-16"
					],
					[
						"7910.924588",
						"4.41774e-16"
					],
					[
						"7916.442517",
						"4.16505e-16"
					],
					[
						"7921.960445",
						"3.90938e-16"
					],
					[
						"7927.478374",
						"4.02796e-16"
					],
					[
						"7932.996303",
						"4.32149e-16"
					],
					[
						"7938.514231",
						"4.53163e-16"
					],
					[
						"7944.03216",
						"4.39764e-16"
					],
					[
						"7949.550088",
						"3.57727e-16"
					],
					[
						"7955.068017",
						"3.71455e-16"
					],
					[
						"7960.585946",
						"4.08981e-16"
					],
					[
						"7966.103874",
						"3.91256e-16"
					],
					[
						"7971.621803",
						"4.11814e-16"
					],
					[
						"7977.139731",
						"4.40437e-16"
					],
					[
						"7982.65766",
						"3.95748e-16"
					],
					[
						"7988.175589",
						"4.36499e-16"
					],
					[
						"7993.693517",
						"4.14424e-16"
					],
					[
						"7999.211446",
						"4.45013e-16"
					],
					[
						"8004.729374",
						"4.51023e-16"
					],
					[
						"8010.247303",
						"4.28656e-16"
					],
					[
						"8015.765232",
						"4.11528e-16"
					],
					[
						"8021.28316",
						"4.11609e-16"
					],
					[
						"8026.801089",
						"4.10531e-16"
					],
					[
						"8032.319017",
						"4.05607e-16"
					],
					[
						"8037.836946",
						"4.27631e-16"
					],
					[
						"8043.354875",
						"4.65157e-16"
					],
					[
						"8048.872803",
						"4.58001e-16"
					],
					[
						"8054.390732",
						"4.30737e-16"
					],
					[
						"8059.90866",
						"4.15702e-16"
					],
					[
						"8065.426589",
						"4.22007e-16"
					],
					[
						"8070.944518",
						"4.59112e-16"
					],
					[
						"8076.462446",
						"4.03715e-16"
					],
					[
						"8081.980375",
						"4.46158e-16"
					],
					[
						"8087.498303",
						"4.25256e-16"
					],
					[
						"8093.016232",
						"4.32779e-16"
					],
					[
						"8098.534161",
						"4.22151e-16"
					],
					[
						"8104.052089",
						"4.16057e-16"
					],
					[
						"8109.570018",
						"4.2107e-16"
					],
					[
						"8115.087946",
						"4.42381e-16"
					],
					[
						"8120.605875",
						"4.45286e-16"
					],
					[
						"8126.123804",
						"3.82316e-16"
					],
					[
						"8131.641732",
						"3.62944e-16"
					],
					[
						"8137.159661",
						"4.21535e-16"
					],
					[
						"8142.677589",
						"4.25655e-16"
					],
					[
						"8148.195518",
						"3.60364e-16"
					],
					[
						"8153.713447",
						"3.8008e-16"
					],
					[
						"8159.231375",
						"3.72012e-16"
					],
					[
						"8164.749304",
						"3.23715e-16"
					],
					[
						"8170.267232",
						"3.53001e-16"
					],
					[
						"8175.785161",
						"3.64441e-16"
					],
					[
						"8181.30309",
						"3.55889e-16"
					],
					[
						"8186.821018",
						"3.83588e-16"
					],
					[
						"8192.338947",
						"3.67946e-16"
					],
					[
						"8197.856875",
						"3.47568e-16"
					],
					[
						"8203.374804",
						"3.69823e-16"
					],
					[
						"8208.892733",
						"3.71218e-16"
					],
					[
						"8214.410661",
						"4.176e-16"
					],
					[
						"8219.92859",
						"3.53109e-16"
					],
					[
						"8225.446518",
						"3.76414e-16"
					],
					[
						"8230.964447",
						"3.72326e-16"
					],
					[
						"8236.482376",
						"3.05496e-16"
					],
					[
						"8242.000304",
						"3.06728e-16"
					],
					[
						"8247.518233",
						"3.31132e-16"
					],
					[
						"8253.036161",
						"3.48746e-16"
					],
					[
						"8258.55409",
						"3.7083e-16"
					],
					[
						"8264.072019",
						"3.84335e-16"
					],
					[
						"8269.589947",
						"4.13662e-16"
					],
					[
						"8275.107876",
						"3.86449e-16"
					],
					[
						"8280.625804",
						"3.25541e-16"
					],
					[
						"8286.143733",
						"3.23283e-16"
					],
					[
						"8291.661662",
						"3.03733e-16"
					],
					[
						"8297.17959",
						"3.52741e-16"
					],
					[
						"8302.697519",
						"3.63902e-16"
					],
					[
						"8308.215447",
						"3.22546e-16"
					],
					[
						"8313.733376",
						"2.98586e-16"
					],
					[
						"8319.251305",
						"2.89629e-16"
					],
					[
						"8324.769233",
						"2.94336e-16"
					],
					[
						"8330.287162",
						"3.5061e-16"
					],
					[
						"8335.80509",
						"3.69424e-16"
					],
					[
						"8341.323019",
						"3.75846e-16"
					],
					[
						"8346.840948",
						"3.49284e-16"
					],
					[
						"8352.358876",
						"2.87312e-16"
					],
					[
						"8357.876805",
						"3.19257e-16"
					],
					[
						"8363.394733",
						"3.42526e-16"
					],
					[
						"8368.912662",
						"3.00618e-16"
					],
					[
						"8374.430591",
						"3.17094e-16"
					],
					[
						"8379.948519",
						"3.38148e-16"
					],
					[
						"8385.466448",
						"2.98219e-16"
					],
					[
						"8390.984376",
						"2.91833e-16"
					],
					[
						"8396.502305",
						"3.14344e-16"
					],
					[
						"8402.020234",
						"3.52867e-16"
					],
					[
						"8407.538162",
						"3.93958e-16"
					],
					[
						"8413.056091",
						"3.43433e-16"
					],
					[
						"8418.574019",
						"3.15005e-16"
					],
					[
						"8424.091948",
						"3.53248e-16"
					],
					[
						"8429.609877",
						"2.63279e-16"
					],
					[
						"8435.127805",
						"3.08178e-16"
					],
					[
						"8440.645734",
						"3.14686e-16"
					],
					[
						"8446.163662",
						"3.25276e-16"
					],
					[
						"8451.681591",
						"3.62935e-16"
					],
					[
						"8457.19952",
						"3.24152e-16"
					],
					[
						"8462.717448",
						"2.94538e-16"
					],
					[
						"8468.235377",
						"2.64908e-16"
					],
					[
						"8473.753305",
						"2.45422e-16"
					],
					[
						"8479.271234",
						"2.88934e-16"
					],
					[
						"8484.789163",
						"3.14723e-16"
					],
					[
						"8490.307091",
						"2.90175e-16"
					],
					[
						"8495.82502",
						"3.03532e-16"
					],
					[
						"8501.342948",
						"2.71917e-16"
					],
					[
						"8506.860877",
						"2.66125e-16"
					],
					[
						"8512.378806",
						"2.78412e-16"
					],
					[
						"8517.896734",
						"2.78417e-16"
					],
					[
						"8523.414663",
						"3.57152e-16"
					],
					[
						"8528.932591",
						"3.27292e-16"
					],
					[
						"8534.45052",
						"3.30692e-16"
					],
					[
						"8539.968449",
						"3.42065e-16"
					],
					[
						"8545.486377",
						"2.99446e-16"
					],
					[
						"8551.004306",
						"2.47813e-16"
					],
					[
						"8556.522234",
						"3.60624e-16"
					],
					[
						"8562.040163",
						"3.09471e-16"
					],
					[
						"8567.558092",
						"3.01985e-16"
					],
					[
						"8573.07602",
						"3.2287e-16"
					],
					[
						"8578.593949",
						"2.86332e-16"
					],
					[
						"8584.111877",
						"3.03845e-16"
					],
					[
						"8589.629806",
						"3.16087e-16"
					],
					[
						"8595.147735",
						"3.41453e-16"
					],
					[
						"8600.665663",
						"3.87407e-16"
					],
					[
						"8606.183592",
						"3.20884e-16"
					],
					[
						"8611.70152",
						"2.60569e-16"
					],
					[
						"8617.219449",
						"2.5147e-16"
					],
					[
						"8622.737378",
						"2.80314e-16"
					],
					[
						"8628.255306",
						"3.45185e-16"
					],
					[
						"8633.773235",
						"3.57824e-16"
					],
					[
						"8639.291163",
						"3.27139e-16"
					],
					[
						"8644.809092",
						"3.1594e-16"
					],
					[
						"8650.327021",
						"2.94545e-16"
					],
					[
						"8655.844949",
						"3.39335e-16"
					],
					[
						"8661.362878",
						"3.24758e-16"
					],
					[
						"8666.880806",
						"3.22573e-16"
					],
					[
						"8672.398735",
						"3.70961e-16"
					],
					[
						"8677.916664",
						"3.16945e-16"
					],
					[
						"8683.434592",
						"3.47282e-16"
					],
					[
						"8688.952521",
						"3.38495e-16"
					],
					[
						"8694.470449",
						"3.677e-16"
					],
					[
						"8699.988378",
						"3.27636e-16"
					],
					[
						"8705.506307",
						"3.51132e-16"
					],
					[
						"8711.024235",
						"3.95253e-16"
					],
					[
						"8716.542164",
						"3.96203e-16"
					],
					[
						"8722.060092",
						"3.64989e-16"
					],
					[
						"8727.578021",
						"3.76235e-16"
					],
					[
						"8733.09595",
						"3.1469e-16"
					],
					[
						"8738.613878",
						"3.54624e-16"
					],
					[
						"8744.131807",
						"3.36304e-16"
					],
					[
						"8749.649735",
						"3.60845e-16"
					],
					[
						"8755.167664",
						"4.06678e-16"
					],
					[
						"8760.685593",
						"3.78144e-16"
					],
					[
						"8766.203521",
						"3.20896e-16"
					],
					[
						"8771.72145",
						"3.17209e-16"
					],
					[
						"8777.239378",
						"3.54972e-16"
					],
					[
						"8782.757307",
						"3.10084e-16"
					],
					[
						"8788.275236",
						"3.54305e-16"
					],
					[
						"8793.793164",
						"4.47454e-16"
					],
					[
						"8799.311093",
						"3.78045e-16"
					],
					[
						"8804.829021",
						"3.32018e-16"
					],
					[
						"8810.34695",
						"3.19097e-16"
					],
					[
						"8815.864879",
						"3.36196e-16"
					],
					[
						"8821.382807",
						"4.40207e-16"
					],
					[
						"8826.900736",
						"3.79623e-16"
					],
					[
						"8832.418664",
						"3.56582e-16"
					],
					[
						"8837.936593",
						"3.63301e-16"
					],
					[
						"8843.454522",
						"3.03581e-16"
					],
					[
						"8848.97245",
						"3.31755e-16"
					],
					[
						"8854.490379",
						"3.31294e-16"
					],
					[
						"8860.008307",
						"3.05457e-16"
					],
					[
						"8865.526236",
						"3.67981e-16"
					],
					[
						"8871.044165",
						"3.33754e-16"
					],
					[
						"8876.562093",
						"3.30254e-16"
					],
					[
						"8882.080022",
						"3.30769e-16"
					],
					[
						"8887.59795",
						"3.94945e-16"
					],
					[
						"8893.115879",
						"3.53423e-16"
					],
					[
						"8898.633808",
						"3.61731e-16"
					],
					[
						"8904.151736",
						"2.97369e-16"
					],
					[
						"8909.669665",
						"2.88395e-16"
					],
					[
						"8915.187593",
						"3.65257e-16"
					],
					[
						"8920.705522",
						"3.04412e-16"
					],
					[
						"8926.223451",
						"3.83678e-16"
					],
					[
						"8931.741379",
						"3.91647e-16"
					],
					[
						"8937.259308",
						"3.37557e-16"
					],
					[
						"8942.777236",
						"3.23572e-16"
					],
					[
						"8948.295165",
						"3.17265e-16"
					],
					[
						"8953.813094",
						"3.02486e-16"
					],
					[
						"8959.331022",
						"3.46775e-16"
					],
					[
						"8964.848951",
						"3.56547e-16"
					],
					[
						"8970.366879",
						"2.84157e-16"
					],
					[
						"8975.884808",
						"2.62841e-16"
					],
					[
						"8981.402737",
						"2.40983e-16"
					],
					[
						"8986.920665",
						"2.36151e-16"
					],
					[
						"8992.438594",
						"2.60477e-16"
					],
					[
						"8997.956522",
						"2.67657e-16"
					],
					[
						"9003.474451",
						"2.97864e-16"
					],
					[
						"9008.99238",
						"2.73727e-16"
					],
					[
						"9014.510308",
						"2.29615e-16"
					],
					[
						"9020.028237",
						"2.42747e-16"
					],
					[
						"9025.546165",
						"3.43704e-16"
					],
					[
						"9031.064094",
						"2.84854e-16"
					],
					[
						"9036.582023",
						"3.09354e-16"
					],
					[
						"9042.099951",
						"2.98536e-16"
					],
					[
						"9047.61788",
						"2.86369e-16"
					],
					[
						"9053.135808",
						"3.00356e-16"
					],
					[
						"9058.653737",
						"2.02429e-16"
					],
					[
						"9064.171666",
						"2.18171e-16"
					],
					[
						"9069.689594",
						"2.43956e-16"
					],
					[
						"9075.207523",
						"1.72102e-16"
					],
					[
						"9080.725451",
						"1.88998e-16"
					],
					[
						"9086.24338",
						"2.2438e-16"
					],
					[
						"9091.761309",
						"2.32437e-16"
					],
					[
						"9097.279237",
						"2.41767e-16"
					],
					[
						"9102.797166",
						"2.77201e-16"
					],
					[
						"9108.315094",
						"2.44201e-16"
					],
					[
						"9113.833023",
						"2.19464e-16"
					],
					[
						"9119.350952",
						"2.08026e-16"
					],
					[
						"9124.86888",
						"2.24326e-16"
					],
					[
						"9130.386809",
						"2.33498e-16"
					],
					[
						"9135.904737",
						"1.45845e-16"
					],
					[
						"9141.422666",
						"1.81957e-16"
					],
					[
						"9146.940595",
						"2.38293e-16"
					],
					[
						"9152.458523",
						"1.96815e-16"
					],
					[
						"9157.976452",
						"2.6144e-16"
					],
					[
						"9163.49438",
						"2.04797e-16"
					],
					[
						"9169.012309",
						"1.65836e-16"
					],
					[
						"9174.530238",
						"2.57268e-16"
					],
					[
						"9180.048166",
						"2.47515e-16"
					],
					[
						"9185.566095",
						"2.66459e-16"
					],
					[
						"9191.084023",
						"2.44759e-16"
					],
					[
						"9196.601952",
						"2.64761e-16"
					],
					[
						"9202.119881",
						"2.4181e-16"
					],
					[
						"9207.637809",
						"2.48306e-16"
					],
					[
						"9213.155738",
						"2.23727e-16"
					],
					[
						"9218.673666",
						"2.3217e-16"
					],
					[
						"9224.191595",
						"2.73942e-16"
					],
					[
						"9229.709524",
						"2.17265e-16"
					],
					[
						"9235.227452",
						"2.76524e-16"
					]
				],
				"source":"8"
			}
		]
	}
}