{
	"ASASSN-15rp":{
		"schema":"https://github.com/astrocatalogs/supernovae/blob/a0bc0b9/SCHEMA.md",
		"name":"ASASSN-15rp",
		"sources":[
			{
				"name":"2016A&A...594A..13P",
				"bibcode":"2016A&A...594A..13P",
				"reference":"Planck Collaboration et al. (2016)",
				"alias":"1"
			},
			{
				"name":"ATel 8199",
				"bibcode":"2015ATel.8199....1H",
				"reference":"Holoien et al. (2015)",
				"url":"http://www.astronomerstelegram.org/?read=8199",
				"alias":"2"
			},
			{
				"name":"2011ApJ...737..103S",
				"bibcode":"2011ApJ...737..103S",
				"reference":"Schlafly & Finkbeiner (2011)",
				"alias":"3"
			},
			{
				"name":"ASAS-SN Supernovae",
				"url":"http://www.astronomy.ohio-state.edu/~assassin/sn_list.html",
				"alias":"4"
			},
			{
				"name":"Latest Supernovae",
				"secondary":true,
				"url":"http://www.rochesterastronomy.org/snimages/snredshiftall.html",
				"alias":"5"
			},
			{
				"name":"The Open Supernova Catalog",
				"bibcode":"2017ApJ...835...64G",
				"reference":"Guillochon et al. (2017)",
				"secondary":true,
				"url":"https://sne.space",
				"alias":"6"
			}
		],
		"alias":[
			{
				"value":"ASASSN-15rp",
				"source":"2,4,5"
			}
		],
		"claimedtype":[
			{
				"value":"II",
				"source":"2,4,5"
			}
		],
		"comovingdist":[
			{
				"value":"127.2",
				"derived":true,
				"u_value":"Mpc",
				"source":"1,2,4,5,6"
			}
		],
		"dec":[
			{
				"value":"-34:33:24.2",
				"u_value":"degrees",
				"source":"2,5"
			},
			{
				"value":"-34:33:24.12",
				"u_value":"degrees",
				"source":"2,4"
			}
		],
		"discoverdate":[
			{
				"value":"2015/10/02",
				"source":"2,5"
			}
		],
		"discoverer":[
			{
				"value":"ASAS-SN",
				"source":"2,5"
			}
		],
		"ebv":[
			{
				"value":"0.0136",
				"derived":true,
				"e_value":"0.0003",
				"source":"3,6"
			}
		],
		"host":[
			{
				"value":"GALEXASC J000337.23-343323.1",
				"source":"2,4"
			}
		],
		"hostdec":[
			{
				"value":"-34:33:23.1",
				"derived":true,
				"u_value":"degrees",
				"source":"6"
			}
		],
		"hostoffsetang":[
			{
				"value":"1.02",
				"u_value":"arcseconds",
				"source":"2,4"
			}
		],
		"hostoffsetdist":[
			{
				"value":"0.611",
				"source":"1,2,4,5,6"
			}
		],
		"hostra":[
			{
				"value":"00:03:37.23",
				"derived":true,
				"u_value":"hours",
				"source":"6"
			}
		],
		"lumdist":[
			{
				"value":"130.9",
				"derived":true,
				"u_value":"Mpc",
				"source":"1,2,4,5,6"
			}
		],
		"maxabsmag":[
			{
				"value":"-18.154",
				"derived":true,
				"source":"1,2,4,5,6"
			}
		],
		"maxappmag":[
			{
				"value":"17.4",
				"derived":true,
				"source":"2,5,6"
			}
		],
		"maxdate":[
			{
				"value":"2015/10/01",
				"derived":true,
				"source":"2,5,6"
			}
		],
		"maxvisualabsmag":[
			{
				"value":"-18.185",
				"derived":true,
				"source":"1,2,4,5,6"
			}
		],
		"maxvisualappmag":[
			{
				"value":"17.4",
				"derived":true,
				"source":"2,5,6"
			}
		],
		"maxvisualdate":[
			{
				"value":"2015/10/01",
				"derived":true,
				"source":"2,5,6"
			}
		],
		"ra":[
			{
				"value":"00:03:37.25",
				"u_value":"hours",
				"source":"2,4,5"
			}
		],
		"redshift":[
			{
				"value":"0.02894",
				"source":"2,4,5"
			}
		],
		"velocity":[
			{
				"value":"8551",
				"u_value":"km/s",
				"source":"6"
			}
		],
		"photometry":[
			{
				"time":"57296.5",
				"magnitude":"17.4",
				"u_time":"MJD",
				"source":"2,5"
			}
		]
	}
}