{
	"ASASSN-15id":{
		"schema":"https://github.com/astrocatalogs/supernovae/blob/a0bc0b9/SCHEMA.md",
		"name":"ASASSN-15id",
		"sources":[
			{
				"name":"ATel 7461",
				"bibcode":"2015ATel.7461....1N",
				"reference":"Nicholls et al. (2015)",
				"url":"http://www.astronomerstelegram.org/?read=7461",
				"alias":"1"
			},
			{
				"name":"2011ApJ...737..103S",
				"bibcode":"2011ApJ...737..103S",
				"reference":"Schlafly & Finkbeiner (2011)",
				"alias":"2"
			},
			{
				"name":"Latest Supernovae",
				"secondary":true,
				"url":"http://www.rochesterastronomy.org/snimages/snredshiftall.html",
				"alias":"3"
			},
			{
				"name":"The Open Supernova Catalog",
				"bibcode":"2017ApJ...835...64G",
				"reference":"Guillochon et al. (2017)",
				"secondary":true,
				"url":"https://sne.space",
				"alias":"4"
			}
		],
		"alias":[
			{
				"value":"ASASSN-15id",
				"source":"1,3"
			}
		],
		"dec":[
			{
				"value":"-79:25:51.9",
				"u_value":"degrees",
				"source":"1,3"
			}
		],
		"discoverdate":[
			{
				"value":"2015/04/29",
				"source":"1,3"
			}
		],
		"discoverer":[
			{
				"value":"ASAS-SN",
				"source":"1,3"
			}
		],
		"ebv":[
			{
				"value":"0.3306",
				"derived":true,
				"e_value":"0.0366",
				"source":"2,4"
			}
		],
		"maxappmag":[
			{
				"value":"16",
				"derived":true,
				"source":"1,3,4"
			}
		],
		"maxdate":[
			{
				"value":"2015/04/28",
				"derived":true,
				"source":"1,3,4"
			}
		],
		"maxvisualappmag":[
			{
				"value":"16",
				"derived":true,
				"source":"1,3,4"
			}
		],
		"maxvisualdate":[
			{
				"value":"2015/04/28",
				"derived":true,
				"source":"1,3,4"
			}
		],
		"ra":[
			{
				"value":"19:38:30.11",
				"u_value":"hours",
				"source":"1,3"
			}
		],
		"photometry":[
			{
				"time":"57140.5",
				"magnitude":"16.0",
				"u_time":"MJD",
				"source":"1,3"
			}
		]
	}
}