{
	"ASASSN-15pz":{
		"schema":"https://github.com/astrocatalogs/supernovae/blob/a0bc0b9/SCHEMA.md",
		"name":"ASASSN-15pz",
		"sources":[
			{
				"name":"2016A&A...594A..13P",
				"bibcode":"2016A&A...594A..13P",
				"reference":"Planck Collaboration et al. (2016)",
				"alias":"1"
			},
			{
				"name":"ATel 8099",
				"bibcode":"2015ATel.8099....1B",
				"reference":"Brimacombe et al. (2015)",
				"url":"http://www.astronomerstelegram.org/?read=8099",
				"alias":"2"
			},
			{
				"name":"2015ATel.8105....1T",
				"bibcode":"2015ATel.8105....1T",
				"reference":"Taddia & Stritzinger (2015)",
				"alias":"3"
			},
			{
				"name":"2011ApJ...737..103S",
				"bibcode":"2011ApJ...737..103S",
				"reference":"Schlafly & Finkbeiner (2011)",
				"alias":"4"
			},
			{
				"name":"Transient Name Server",
				"url":"https://wis-tns.weizmann.ac.il/",
				"alias":"5"
			},
			{
				"name":"Gaia Photometric Science Alerts",
				"url":"http://gsaweb.ast.cam.ac.uk/alerts/alertsindex",
				"alias":"6"
			},
			{
				"name":"ASAS-SN Supernovae",
				"url":"http://www.astronomy.ohio-state.edu/~assassin/sn_list.html",
				"alias":"7"
			},
			{
				"name":"Latest Supernovae",
				"secondary":true,
				"url":"http://www.rochesterastronomy.org/snimages/snredshiftall.html",
				"alias":"8"
			},
			{
				"name":"The Open Supernova Catalog",
				"bibcode":"2017ApJ...835...64G",
				"reference":"Guillochon et al. (2017)",
				"secondary":true,
				"url":"https://sne.space",
				"alias":"9"
			},
			{
				"name":"SIMBAD astronomical database",
				"bibcode":"2000A&AS..143....9W",
				"reference":"Wenger et al. (2000)",
				"secondary":true,
				"url":"http://simbad.u-strasbg.fr/",
				"alias":"10"
			}
		],
		"alias":[
			{
				"value":"ASASSN-15pz",
				"source":"2,6,8,10"
			},
			{
				"value":"AT2016dwu",
				"source":"2,5,6,7,8"
			},
			{
				"value":"Gaia16aks",
				"source":"2,5,8"
			}
		],
		"claimedtype":[
			{
				"value":"Ia",
				"source":"2,3,6,7,8,10"
			}
		],
		"comovingdist":[
			{
				"value":"65.727",
				"derived":true,
				"u_value":"Mpc",
				"source":"1,2,7,9"
			}
		],
		"dec":[
			{
				"value":"-35:13:51.30",
				"u_value":"degrees",
				"source":"5"
			},
			{
				"value":"-35:13:50.89",
				"u_value":"degrees",
				"source":"2,10"
			},
			{
				"value":"-35:13:50.9",
				"u_value":"degrees",
				"source":"2,8"
			},
			{
				"value":"-35:13:51.24",
				"u_value":"degrees",
				"source":"6"
			},
			{
				"value":"-35:13:50.88",
				"u_value":"degrees",
				"source":"2,7"
			}
		],
		"discoverdate":[
			{
				"value":"2016/04/10.738993",
				"source":"5"
			}
		],
		"discoverer":[
			{
				"value":"GaiaAlerts",
				"source":"5"
			},
			{
				"value":"ASAS-SN",
				"source":"2,8"
			}
		],
		"ebv":[
			{
				"value":"0.0149",
				"derived":true,
				"e_value":"0.0007",
				"source":"4,9"
			}
		],
		"host":[
			{
				"value":"ESO 357-G5",
				"source":"2,8"
			},
			{
				"value":"ESO 357-G 005",
				"source":"2,7"
			}
		],
		"hostoffsetang":[
			{
				"value":"21.81",
				"u_value":"arcseconds",
				"source":"2,7"
			}
		],
		"lumdist":[
			{
				"value":"66.7063",
				"derived":true,
				"u_value":"Mpc",
				"source":"1,2,7,9"
			}
		],
		"maxabsmag":[
			{
				"value":"-21.1048",
				"derived":true,
				"source":"1,2,7,9"
			}
		],
		"maxappmag":[
			{
				"value":"13",
				"derived":true,
				"source":"2,8,9"
			}
		],
		"maxdate":[
			{
				"value":"2015/10/11",
				"derived":true,
				"source":"2,8,9"
			}
		],
		"maxvisualabsmag":[
			{
				"value":"-19.4908",
				"derived":true,
				"source":"1,2,7,9"
			}
		],
		"maxvisualappmag":[
			{
				"value":"14.63",
				"derived":true,
				"source":"6,9"
			}
		],
		"maxvisualband":[
			{
				"value":"G",
				"derived":true,
				"source":"6,9"
			}
		],
		"maxvisualdate":[
			{
				"value":"2015/10/27",
				"derived":true,
				"source":"6,9"
			}
		],
		"ra":[
			{
				"value":"03:08:48.50",
				"u_value":"hours",
				"source":"5"
			},
			{
				"value":"03:08:48.443",
				"u_value":"hours",
				"source":"2,10"
			},
			{
				"value":"03:08:48.44",
				"u_value":"hours",
				"source":"2,8"
			},
			{
				"value":"03:08:48.48",
				"u_value":"hours",
				"source":"6"
			},
			{
				"value":"03:08:48.456",
				"u_value":"hours",
				"source":"2,7"
			}
		],
		"redshift":[
			{
				"value":"0.014903",
				"source":"2,7"
			}
		],
		"velocity":[
			{
				"value":"4434.5",
				"u_value":"km/s",
				"source":"9"
			}
		],
		"photometry":[
			{
				"time":"57306.5",
				"magnitude":"13.0",
				"u_time":"MJD",
				"source":"2,8"
			},
			{
				"time":"57322.578",
				"band":"G",
				"e_magnitude":"0.0",
				"magnitude":"14.66",
				"telescope":"GAIA",
				"u_time":"MJD",
				"source":"6"
			},
			{
				"time":"57322.652",
				"band":"G",
				"e_magnitude":"0.0",
				"magnitude":"14.63",
				"telescope":"GAIA",
				"u_time":"MJD",
				"source":"6"
			},
			{
				"time":"57322.828",
				"band":"G",
				"e_magnitude":"0.0",
				"magnitude":"14.71",
				"telescope":"GAIA",
				"u_time":"MJD",
				"source":"6"
			},
			{
				"time":"57340.159",
				"band":"G",
				"e_magnitude":"0.0",
				"magnitude":"15.29",
				"telescope":"GAIA",
				"u_time":"MJD",
				"source":"6"
			},
			{
				"time":"57340.335",
				"band":"G",
				"e_magnitude":"0.0",
				"magnitude":"15.31",
				"telescope":"GAIA",
				"u_time":"MJD",
				"source":"6"
			},
			{
				"time":"57340.4069907",
				"band":"G",
				"instrument":"Gaia-photometric",
				"magnitude":"21.5",
				"observer":"Robot",
				"telescope":"Gaia",
				"u_time":"MJD",
				"upperlimit":true,
				"source":"5"
			},
			{
				"time":"57340.585",
				"band":"G",
				"e_magnitude":"0.0",
				"magnitude":"15.3",
				"telescope":"GAIA",
				"u_time":"MJD",
				"source":"6"
			},
			{
				"time":"57413.871",
				"band":"G",
				"e_magnitude":"0.0",
				"magnitude":"17.63",
				"telescope":"GAIA",
				"u_time":"MJD",
				"source":"6"
			},
			{
				"time":"57437.041",
				"band":"G",
				"e_magnitude":"0.0",
				"magnitude":"18.21",
				"telescope":"GAIA",
				"u_time":"MJD",
				"source":"6"
			},
			{
				"time":"57437.115",
				"band":"G",
				"e_magnitude":"0.0",
				"magnitude":"18.2",
				"telescope":"GAIA",
				"u_time":"MJD",
				"source":"6"
			},
			{
				"time":"57478.810",
				"band":"G",
				"e_magnitude":"0.0",
				"magnitude":"19.25",
				"telescope":"GAIA",
				"u_time":"MJD",
				"source":"6"
			},
			{
				"time":"57478.986",
				"band":"G",
				"e_magnitude":"0.0",
				"magnitude":"19.23",
				"telescope":"GAIA",
				"u_time":"MJD",
				"source":"6"
			},
			{
				"time":"57488.2389931",
				"band":"G",
				"e_magnitude":"0.2",
				"instrument":"Gaia-photometric",
				"magnitude":"19.56",
				"observer":"Robot",
				"telescope":"Gaia",
				"u_time":"MJD",
				"source":"5"
			},
			{
				"time":"57488.740",
				"band":"G",
				"e_magnitude":"0.0",
				"magnitude":"19.56",
				"telescope":"GAIA",
				"u_time":"MJD",
				"source":"6"
			},
			{
				"time":"57488.814",
				"band":"G",
				"e_magnitude":"0.0",
				"magnitude":"19.54",
				"telescope":"GAIA",
				"u_time":"MJD",
				"source":"6"
			}
		]
	}
}