{
	"ASASSN-15kn":{
		"schema":"https://github.com/astrocatalogs/supernovae/blob/a0bc0b9/SCHEMA.md",
		"name":"ASASSN-15kn",
		"sources":[
			{
				"name":"2016A&A...594A..13P",
				"bibcode":"2016A&A...594A..13P",
				"reference":"Planck Collaboration et al. (2016)",
				"alias":"1"
			},
			{
				"name":"2015ATel.7602....1B",
				"bibcode":"2015ATel.7602....1B",
				"reference":"Brimacombe et al. (2015)",
				"alias":"2"
			},
			{
				"name":"2015ATel.7610....1T",
				"bibcode":"2015ATel.7610....1T",
				"reference":"Torres, Prieto, & Shappee (2015)",
				"alias":"3"
			},
			{
				"name":"2011ApJ...737..103S",
				"bibcode":"2011ApJ...737..103S",
				"reference":"Schlafly & Finkbeiner (2011)",
				"alias":"4"
			},
			{
				"name":"CBAT TOCP",
				"url":"http://www.cbat.eps.harvard.edu/unconf/followups/J12415045-0710122.html",
				"alias":"5"
			},
			{
				"name":"ASAS-SN Supernovae",
				"url":"http://www.astronomy.ohio-state.edu/~assassin/sn_list.html",
				"alias":"6"
			},
			{
				"name":"Latest Supernovae",
				"secondary":true,
				"url":"http://www.rochesterastronomy.org/snimages/snredshiftall.html",
				"alias":"7"
			},
			{
				"name":"The Open Supernova Catalog",
				"bibcode":"2017ApJ...835...64G",
				"reference":"Guillochon et al. (2017)",
				"secondary":true,
				"url":"https://sne.space",
				"alias":"8"
			},
			{
				"name":"SIMBAD astronomical database",
				"bibcode":"2000A&AS..143....9W",
				"reference":"Wenger et al. (2000)",
				"secondary":true,
				"url":"http://simbad.u-strasbg.fr/",
				"alias":"9"
			}
		],
		"alias":[
			{
				"value":"ASASSN-15kn",
				"source":"2,5,6,7,9"
			},
			{
				"value":"PSN J12415045-0710122",
				"source":"5,7,9"
			}
		],
		"claimedtype":[
			{
				"value":"Ia",
				"source":"3,5,6,7,9"
			}
		],
		"comovingdist":[
			{
				"value":"108.83",
				"derived":true,
				"u_value":"Mpc",
				"source":"1,2,5,6,7,8"
			}
		],
		"dec":[
			{
				"value":"-07:10:11.91",
				"u_value":"degrees",
				"source":"2,9"
			},
			{
				"value":"-07:10:12.2",
				"u_value":"degrees",
				"source":"5,7"
			},
			{
				"value":"-07:10:11.928",
				"u_value":"degrees",
				"source":"2,6"
			}
		],
		"discoverdate":[
			{
				"value":"2015/06/06",
				"source":"5,7"
			}
		],
		"discoverer":[
			{
				"value":"Italian Supernovae Search Project",
				"source":"5,7"
			}
		],
		"ebv":[
			{
				"value":"0.0248",
				"derived":true,
				"e_value":"0.0009",
				"source":"4,8"
			}
		],
		"host":[
			{
				"value":"PGC 42600",
				"source":"2,5,6,7"
			}
		],
		"hostoffsetang":[
			{
				"value":"4.44",
				"u_value":"arcseconds",
				"source":"2,6"
			}
		],
		"lumdist":[
			{
				"value":"111.525",
				"derived":true,
				"u_value":"Mpc",
				"source":"1,2,5,6,7,8"
			}
		],
		"maxabsmag":[
			{
				"value":"-19.5103",
				"derived":true,
				"source":"1,2,5,6,7,8"
			}
		],
		"maxappmag":[
			{
				"value":"15.7",
				"derived":true,
				"source":"5,7,8"
			}
		],
		"maxdate":[
			{
				"value":"2015/06/11",
				"derived":true,
				"source":"5,7,8"
			}
		],
		"maxvisualabsmag":[
			{
				"value":"-19.5369",
				"derived":true,
				"source":"1,2,5,6,7,8"
			}
		],
		"maxvisualappmag":[
			{
				"value":"15.7",
				"derived":true,
				"source":"5,7,8"
			}
		],
		"maxvisualdate":[
			{
				"value":"2015/06/11",
				"derived":true,
				"source":"5,7,8"
			}
		],
		"ra":[
			{
				"value":"12:41:50.550",
				"u_value":"hours",
				"source":"2,9"
			},
			{
				"value":"12:41:50.45",
				"u_value":"hours",
				"source":"5,7"
			},
			{
				"value":"12:41:50.64",
				"u_value":"hours",
				"source":"2,6"
			}
		],
		"redshift":[
			{
				"value":"0.024734",
				"source":"2,5,6,7"
			}
		],
		"velocity":[
			{
				"value":"7323.4",
				"u_value":"km/s",
				"source":"8"
			}
		],
		"photometry":[
			{
				"time":"57184.5",
				"magnitude":"15.7",
				"u_time":"MJD",
				"source":"5,7"
			}
		]
	}
}