{
	"ASASSN-15db":{
		"schema":"https://github.com/astrocatalogs/supernovae/blob/a0bc0b9/SCHEMA.md",
		"name":"ASASSN-15db",
		"sources":[
			{
				"name":"2016A&A...594A..13P",
				"bibcode":"2016A&A...594A..13P",
				"reference":"Planck Collaboration et al. (2016)",
				"alias":"1"
			},
			{
				"name":"2015ATel.7078....1H",
				"bibcode":"2015ATel.7078....1H",
				"reference":"Holoien et al. (2015)",
				"alias":"2"
			},
			{
				"name":"2015ATel.7086....1Z",
				"bibcode":"2015ATel.7086....1Z",
				"reference":"Zhang & Wang (2015)",
				"alias":"3"
			},
			{
				"name":"ATel 7089",
				"bibcode":"2015ATel.7089....1O",
				"reference":"Ochner et al. (2015)",
				"url":"http://www.astronomerstelegram.org/?read=7089",
				"alias":"4"
			},
			{
				"name":"2011ApJ...737..103S",
				"bibcode":"2011ApJ...737..103S",
				"reference":"Schlafly & Finkbeiner (2011)",
				"alias":"5"
			},
			{
				"name":"ASAS-SN Supernovae",
				"url":"http://www.astronomy.ohio-state.edu/~assassin/sn_list.html",
				"alias":"6"
			},
			{
				"name":"Asiago Supernova Catalogue",
				"secondary":true,
				"url":"http://graspa.oapd.inaf.it/cgi-bin/sncat.php",
				"alias":"7"
			},
			{
				"name":"Latest Supernovae",
				"secondary":true,
				"url":"http://www.rochesterastronomy.org/snimages/snredshiftall.html",
				"alias":"8"
			},
			{
				"name":"The Open Supernova Catalog",
				"bibcode":"2017ApJ...835...64G",
				"reference":"Guillochon et al. (2017)",
				"secondary":true,
				"url":"https://sne.space",
				"alias":"9"
			},
			{
				"name":"WISeREP",
				"bibcode":"2012PASP..124..668Y",
				"reference":"Yaron & Gal-Yam (2012)",
				"secondary":true,
				"url":"http://wiserep.weizmann.ac.il/",
				"alias":"10"
			},
			{
				"name":"SIMBAD astronomical database",
				"bibcode":"2000A&AS..143....9W",
				"reference":"Wenger et al. (2000)",
				"secondary":true,
				"url":"http://simbad.u-strasbg.fr/",
				"alias":"11"
			}
		],
		"alias":[
			{
				"value":"ASASSN-15db",
				"source":"2,6,7,8,10,11"
			}
		],
		"claimedtype":[
			{
				"value":"Ia",
				"source":"2,3,4,6,7,8,10,11"
			}
		],
		"comovingdist":[
			{
				"value":"48.549",
				"derived":true,
				"u_value":"Mpc",
				"source":"1,2,4,6,7,8,9,10"
			}
		],
		"dec":[
			{
				"value":"+17:53:02.55",
				"u_value":"degrees",
				"source":"2,4,7,11"
			},
			{
				"value":"+17:53:02.5",
				"u_value":"degrees",
				"source":"2,8"
			},
			{
				"value":"+17:53:02.04",
				"u_value":"degrees",
				"source":"2,6"
			}
		],
		"discoverdate":[
			{
				"value":"2015/02/15",
				"source":"2,8"
			}
		],
		"discoverer":[
			{
				"value":"ASAS-SN",
				"source":"2,4,7,8"
			}
		],
		"ebv":[
			{
				"value":"0.029",
				"derived":true,
				"e_value":"0.0006",
				"source":"5,9"
			}
		],
		"host":[
			{
				"value":"NGC 5996",
				"source":"2,4,6,7,8"
			}
		],
		"hostoffsetang":[
			{
				"value":"2.84",
				"u_value":"arcseconds",
				"source":"2,6"
			}
		],
		"lumdist":[
			{
				"value":"49.0827",
				"derived":true,
				"u_value":"Mpc",
				"source":"1,2,4,6,7,8,9,10"
			}
		],
		"maxabsmag":[
			{
				"value":"-19.2428",
				"derived":true,
				"source":"1,2,4,6,7,8,9,10"
			}
		],
		"maxappmag":[
			{
				"value":"14.2",
				"derived":true,
				"source":"2,8,9"
			}
		],
		"maxdate":[
			{
				"value":"2015/02/18",
				"derived":true,
				"source":"2,8,9"
			}
		],
		"maxvisualabsmag":[
			{
				"value":"-19.2546",
				"derived":true,
				"source":"1,2,4,6,7,8,9,10"
			}
		],
		"maxvisualappmag":[
			{
				"value":"14.2",
				"derived":true,
				"source":"2,8,9"
			}
		],
		"maxvisualdate":[
			{
				"value":"2015/02/18",
				"derived":true,
				"source":"2,8,9"
			}
		],
		"ra":[
			{
				"value":"15:46:58.690",
				"u_value":"hours",
				"source":"2,11"
			},
			{
				"value":"15:46:58.69",
				"u_value":"hours",
				"source":"2,4,7,8"
			},
			{
				"value":"15:46:58.8",
				"u_value":"hours",
				"source":"2,6"
			}
		],
		"redshift":[
			{
				"value":"0.010998",
				"source":"2,4,6,7,8,10"
			}
		],
		"velocity":[
			{
				"value":"3279",
				"u_value":"km/s",
				"source":"9"
			}
		],
		"photometry":[
			{
				"time":"57071.5",
				"magnitude":"14.2",
				"u_time":"MJD",
				"source":"2,8"
			}
		],
		"spectra":[
			{
				"time":"57070.0",
				"filename":"ASASSNm15db_2015-02-17_01:57:57_Asiago.ascii",
				"instrument":"Ekar - AFOSC",
				"observer":"Ochner",
				"redshift":"0.010998",
				"reducer":"Unknown",
				"reduction":"final",
				"survey":"Asiago",
				"u_fluxes":"erg/s/cm^2/Angstrom",
				"u_time":"MJD",
				"u_wavelengths":"Angstrom",
				"data":[
					[
						"3401.855832",
						"3.890226239e-15"
					],
					[
						"3406.588557",
						"4.230265074e-15"
					],
					[
						"3411.321281",
						"4.144179845e-15"
					],
					[
						"3416.054006",
						"3.671911543e-15"
					],
					[
						"3420.786731",
						"3.664724469e-15"
					],
					[
						"3425.519455",
						"3.852934343e-15"
					],
					[
						"3430.25218",
						"4.29651745e-15"
					],
					[
						"3434.984904",
						"4.284119852e-15"
					],
					[
						"3439.717629",
						"4.288152153e-15"
					],
					[
						"3444.450353",
						"4.619409374e-15"
					],
					[
						"3449.183078",
						"4.149290842e-15"
					],
					[
						"3453.915803",
						"4.719830636e-15"
					],
					[
						"3458.648527",
						"4.721607711e-15"
					],
					[
						"3463.381252",
						"4.900366815e-15"
					],
					[
						"3468.113976",
						"4.663848534e-15"
					],
					[
						"3472.846701",
						"4.906072852e-15"
					],
					[
						"3477.579425",
						"5.260446873e-15"
					],
					[
						"3482.31215",
						"4.79193601e-15"
					],
					[
						"3487.044875",
						"4.730565932e-15"
					],
					[
						"3491.777599",
						"5.131614856e-15"
					],
					[
						"3496.510324",
						"4.537817232e-15"
					],
					[
						"3501.243048",
						"4.472970083e-15"
					],
					[
						"3505.975773",
						"4.71250126e-15"
					],
					[
						"3510.708498",
						"5.006041798e-15"
					],
					[
						"3515.441222",
						"5.009362591e-15"
					],
					[
						"3520.173947",
						"4.66076364e-15"
					],
					[
						"3524.906671",
						"4.897270909e-15"
					],
					[
						"3529.639396",
						"4.912988876e-15"
					],
					[
						"3534.37212",
						"4.829131344e-15"
					],
					[
						"3539.104845",
						"4.568503965e-15"
					],
					[
						"3543.83757",
						"4.849182731e-15"
					],
					[
						"3548.570294",
						"4.584408702e-15"
					],
					[
						"3553.303019",
						"4.478372036e-15"
					],
					[
						"3558.035743",
						"4.678852876e-15"
					],
					[
						"3562.768468",
						"4.532754092e-15"
					],
					[
						"3567.501192",
						"4.476778343e-15"
					],
					[
						"3572.233917",
						"4.54639217e-15"
					],
					[
						"3576.966642",
						"4.788807917e-15"
					],
					[
						"3581.699366",
						"4.751075987e-15"
					],
					[
						"3586.432091",
						"4.681320283e-15"
					],
					[
						"3591.164815",
						"4.531292113e-15"
					],
					[
						"3595.89754",
						"4.639295167e-15"
					],
					[
						"3600.630265",
						"4.689199807e-15"
					],
					[
						"3605.362989",
						"4.591985412e-15"
					],
					[
						"3610.095714",
						"4.528466835e-15"
					],
					[
						"3614.828438",
						"4.506230102e-15"
					],
					[
						"3619.561163",
						"4.441055999e-15"
					],
					[
						"3624.293887",
						"4.577116172e-15"
					],
					[
						"3629.026612",
						"4.619854914e-15"
					],
					[
						"3633.759337",
						"4.456754908e-15"
					],
					[
						"3638.492061",
						"4.540348166e-15"
					],
					[
						"3643.224786",
						"4.471740191e-15"
					],
					[
						"3647.95751",
						"4.224594189e-15"
					],
					[
						"3652.690235",
						"4.52396909e-15"
					],
					[
						"3657.422959",
						"4.188315767e-15"
					],
					[
						"3662.155684",
						"4.009081478e-15"
					],
					[
						"3666.888409",
						"3.908501821e-15"
					],
					[
						"3671.621133",
						"3.920137513e-15"
					],
					[
						"3676.353858",
						"3.665316121e-15"
					],
					[
						"3681.086582",
						"3.507445485e-15"
					],
					[
						"3685.819307",
						"3.228718918e-15"
					],
					[
						"3690.552032",
						"3.2574147e-15"
					],
					[
						"3695.284756",
						"2.993523915e-15"
					],
					[
						"3700.017481",
						"2.982249483e-15"
					],
					[
						"3704.750205",
						"2.727496912e-15"
					],
					[
						"3709.48293",
						"2.619973703e-15"
					],
					[
						"3714.215654",
						"2.679705196e-15"
					],
					[
						"3718.948379",
						"2.655349187e-15"
					],
					[
						"3723.681104",
						"2.462037845e-15"
					],
					[
						"3728.413828",
						"2.43061737e-15"
					],
					[
						"3733.146553",
						"2.413683064e-15"
					],
					[
						"3737.879277",
						"2.361657029e-15"
					],
					[
						"3742.612002",
						"2.188829486e-15"
					],
					[
						"3747.344726",
						"2.196988954e-15"
					],
					[
						"3752.077451",
						"2.214935676e-15"
					],
					[
						"3756.810176",
						"2.329795462e-15"
					],
					[
						"3761.5429",
						"2.661758685e-15"
					],
					[
						"3766.275625",
						"2.812590901e-15"
					],
					[
						"3771.008349",
						"2.81940041e-15"
					],
					[
						"3775.741074",
						"2.754178662e-15"
					],
					[
						"3780.473799",
						"2.885986094e-15"
					],
					[
						"3785.206523",
						"2.986025979e-15"
					],
					[
						"3789.939248",
						"3.079029138e-15"
					],
					[
						"3794.671972",
						"3.075559056e-15"
					],
					[
						"3799.404697",
						"3.082446704e-15"
					],
					[
						"3804.137421",
						"2.960985779e-15"
					],
					[
						"3808.870146",
						"2.919298417e-15"
					],
					[
						"3813.602871",
						"2.972298963e-15"
					],
					[
						"3818.335595",
						"3.004734396e-15"
					],
					[
						"3823.06832",
						"3.066754783e-15"
					],
					[
						"3827.801044",
						"3.032245602e-15"
					],
					[
						"3832.533769",
						"2.970479536e-15"
					],
					[
						"3837.266493",
						"2.812373002e-15"
					],
					[
						"3841.999218",
						"2.913862795e-15"
					],
					[
						"3846.731943",
						"2.999086168e-15"
					],
					[
						"3851.464667",
						"3.085358803e-15"
					],
					[
						"3856.197392",
						"3.191948159e-15"
					],
					[
						"3860.930116",
						"3.277014619e-15"
					],
					[
						"3865.662841",
						"3.394995509e-15"
					],
					[
						"3870.395566",
						"3.540952838e-15"
					],
					[
						"3875.12829",
						"3.636362841e-15"
					],
					[
						"3879.861015",
						"3.738772512e-15"
					],
					[
						"3884.593739",
						"3.966471062e-15"
					],
					[
						"3889.326464",
						"4.243892564e-15"
					],
					[
						"3894.059188",
						"4.333501873e-15"
					],
					[
						"3898.791913",
						"4.397095836e-15"
					],
					[
						"3903.524638",
						"4.546158812e-15"
					],
					[
						"3908.257362",
						"4.759800427e-15"
					],
					[
						"3912.990087",
						"4.762200071e-15"
					],
					[
						"3917.722811",
						"4.725587072e-15"
					],
					[
						"3922.455536",
						"4.877714189e-15"
					],
					[
						"3927.18826",
						"4.901175731e-15"
					],
					[
						"3931.920985",
						"4.936666835e-15"
					],
					[
						"3936.65371",
						"5.12456373e-15"
					],
					[
						"3941.386434",
						"5.237895468e-15"
					],
					[
						"3946.119159",
						"5.421781239e-15"
					],
					[
						"3950.851883",
						"5.519824032e-15"
					],
					[
						"3955.584608",
						"5.638461584e-15"
					],
					[
						"3960.317333",
						"5.832675228e-15"
					],
					[
						"3965.050057",
						"5.851306141e-15"
					],
					[
						"3969.782782",
						"5.841948544e-15"
					],
					[
						"3974.515506",
						"5.938719517e-15"
					],
					[
						"3979.248231",
						"5.984481743e-15"
					],
					[
						"3983.980955",
						"6.11284281e-15"
					],
					[
						"3988.71368",
						"6.029839934e-15"
					],
					[
						"3993.446405",
						"5.813526777e-15"
					],
					[
						"3998.179129",
						"5.583362938e-15"
					],
					[
						"4002.911854",
						"5.400246273e-15"
					],
					[
						"4007.644578",
						"5.280482167e-15"
					],
					[
						"4012.377303",
						"5.061275123e-15"
					],
					[
						"4017.110027",
						"5.036709897e-15"
					],
					[
						"4021.842752",
						"5.05053051e-15"
					],
					[
						"4026.575477",
						"4.957275994e-15"
					],
					[
						"4031.308201",
						"4.956914734e-15"
					],
					[
						"4036.040926",
						"4.934199852e-15"
					],
					[
						"4040.77365",
						"4.875849023e-15"
					],
					[
						"4045.506375",
						"4.921490969e-15"
					],
					[
						"4050.2391",
						"4.917484927e-15"
					],
					[
						"4054.971824",
						"4.95372015e-15"
					],
					[
						"4059.704549",
						"5.07176859e-15"
					],
					[
						"4064.437273",
						"5.091711981e-15"
					],
					[
						"4069.169998",
						"5.192465703e-15"
					],
					[
						"4073.902722",
						"5.222438388e-15"
					],
					[
						"4078.635447",
						"5.379840403e-15"
					],
					[
						"4083.368172",
						"5.479730998e-15"
					],
					[
						"4088.100896",
						"5.487442386e-15"
					],
					[
						"4092.833621",
						"5.580044686e-15"
					],
					[
						"4097.566345",
						"5.68557271e-15"
					],
					[
						"4102.29907",
						"5.715778328e-15"
					],
					[
						"4107.031794",
						"5.744795559e-15"
					],
					[
						"4111.764519",
						"5.704921907e-15"
					],
					[
						"4116.497244",
						"5.634851106e-15"
					],
					[
						"4121.229968",
						"5.660829183e-15"
					],
					[
						"4125.962693",
						"5.745149619e-15"
					],
					[
						"4130.695417",
						"5.783221209e-15"
					],
					[
						"4135.428142",
						"5.755350013e-15"
					],
					[
						"4140.160867",
						"5.7166855e-15"
					],
					[
						"4144.893591",
						"5.649633525e-15"
					],
					[
						"4149.626316",
						"5.410793104e-15"
					],
					[
						"4154.35904",
						"5.317770252e-15"
					],
					[
						"4159.091765",
						"5.296977287e-15"
					],
					[
						"4163.824489",
						"5.272317193e-15"
					],
					[
						"4168.557214",
						"5.189019973e-15"
					],
					[
						"4173.289939",
						"5.161641751e-15"
					],
					[
						"4178.022663",
						"5.087632247e-15"
					],
					[
						"4182.755388",
						"4.990148919e-15"
					],
					[
						"4187.488112",
						"5.055147686e-15"
					],
					[
						"4192.220837",
						"5.018663436e-15"
					],
					[
						"4196.953561",
						"5.019618889e-15"
					],
					[
						"4201.686286",
						"5.051365261e-15"
					],
					[
						"4206.419011",
						"5.077031206e-15"
					],
					[
						"4211.151735",
						"4.943944966e-15"
					],
					[
						"4215.88446",
						"4.845673897e-15"
					],
					[
						"4220.617184",
						"4.749877436e-15"
					],
					[
						"4225.349909",
						"4.733875289e-15"
					],
					[
						"4230.082634",
						"4.650176999e-15"
					],
					[
						"4234.815358",
						"4.537858736e-15"
					],
					[
						"4239.548083",
						"4.47266134e-15"
					],
					[
						"4244.280807",
						"4.412666843e-15"
					],
					[
						"4249.013532",
						"4.274827478e-15"
					],
					[
						"4253.746256",
						"4.209984141e-15"
					],
					[
						"4258.478981",
						"4.155835442e-15"
					],
					[
						"4263.211706",
						"4.032579019e-15"
					],
					[
						"4267.94443",
						"4.02138802e-15"
					],
					[
						"4272.677155",
						"4.01142183e-15"
					],
					[
						"4277.409879",
						"3.90214611e-15"
					],
					[
						"4282.142604",
						"3.859700865e-15"
					],
					[
						"4286.875328",
						"3.828361493e-15"
					],
					[
						"4291.608053",
						"3.745844814e-15"
					],
					[
						"4296.340778",
						"3.643846377e-15"
					],
					[
						"4301.073502",
						"3.587910862e-15"
					],
					[
						"4305.806227",
						"3.601601879e-15"
					],
					[
						"4310.538951",
						"3.53978245e-15"
					],
					[
						"4315.271676",
						"3.49183255e-15"
					],
					[
						"4320.004401",
						"3.463070488e-15"
					],
					[
						"4324.737125",
						"3.412114468e-15"
					],
					[
						"4329.46985",
						"3.377403058e-15"
					],
					[
						"4334.202574",
						"3.237718008e-15"
					],
					[
						"4338.935299",
						"3.252811923e-15"
					],
					[
						"4343.668023",
						"3.253532748e-15"
					],
					[
						"4348.400748",
						"3.286563433e-15"
					],
					[
						"4353.133473",
						"3.279428027e-15"
					],
					[
						"4357.866197",
						"3.404526747e-15"
					],
					[
						"4362.598922",
						"3.501599687e-15"
					],
					[
						"4367.331646",
						"3.563576876e-15"
					],
					[
						"4372.064371",
						"3.657564499e-15"
					],
					[
						"4376.797095",
						"3.762139187e-15"
					],
					[
						"4381.52982",
						"3.824346134e-15"
					],
					[
						"4386.262545",
						"3.858298602e-15"
					],
					[
						"4390.995269",
						"3.842502708e-15"
					],
					[
						"4395.727994",
						"3.844767674e-15"
					],
					[
						"4400.460718",
						"3.93196167e-15"
					],
					[
						"4405.193443",
						"3.980104058e-15"
					],
					[
						"4409.926168",
						"4.070466379e-15"
					],
					[
						"4414.658892",
						"4.069188207e-15"
					],
					[
						"4419.391617",
						"4.048779371e-15"
					],
					[
						"4424.124341",
						"3.985946467e-15"
					],
					[
						"4428.857066",
						"3.902728445e-15"
					],
					[
						"4433.58979",
						"3.843097325e-15"
					],
					[
						"4438.322515",
						"3.795573695e-15"
					],
					[
						"4443.05524",
						"3.734575041e-15"
					],
					[
						"4447.787964",
						"3.687275874e-15"
					],
					[
						"4452.520689",
						"3.61955686e-15"
					],
					[
						"4457.253413",
						"3.587798631e-15"
					],
					[
						"4461.986138",
						"3.547292456e-15"
					],
					[
						"4466.718862",
						"3.563681061e-15"
					],
					[
						"4471.451587",
						"3.620106161e-15"
					],
					[
						"4476.184312",
						"3.692225087e-15"
					],
					[
						"4480.917036",
						"3.795123497e-15"
					],
					[
						"4485.649761",
						"3.851012848e-15"
					],
					[
						"4490.382485",
						"3.938368203e-15"
					],
					[
						"4495.11521",
						"4.047874317e-15"
					],
					[
						"4499.847935",
						"4.103575627e-15"
					],
					[
						"4504.580659",
						"4.175632296e-15"
					],
					[
						"4509.313384",
						"4.199828639e-15"
					],
					[
						"4514.046108",
						"4.25073659e-15"
					],
					[
						"4518.778833",
						"4.311221519e-15"
					],
					[
						"4523.511557",
						"4.274843995e-15"
					],
					[
						"4528.244282",
						"4.319932829e-15"
					],
					[
						"4532.977007",
						"4.37520427e-15"
					],
					[
						"4537.709731",
						"4.386361388e-15"
					],
					[
						"4542.442456",
						"4.377055037e-15"
					],
					[
						"4547.17518",
						"4.461058259e-15"
					],
					[
						"4551.907905",
						"4.448947382e-15"
					],
					[
						"4556.640629",
						"4.490834855e-15"
					],
					[
						"4561.373354",
						"4.443567876e-15"
					],
					[
						"4566.106079",
						"4.392824673e-15"
					],
					[
						"4570.838803",
						"4.36032783e-15"
					],
					[
						"4575.571528",
						"4.344384976e-15"
					],
					[
						"4580.304252",
						"4.316876311e-15"
					],
					[
						"4585.036977",
						"4.308495767e-15"
					],
					[
						"4589.769702",
						"4.269439077e-15"
					],
					[
						"4594.502426",
						"4.263243455e-15"
					],
					[
						"4599.235151",
						"4.253439472e-15"
					],
					[
						"4603.967875",
						"4.285264618e-15"
					],
					[
						"4608.7006",
						"4.281623223e-15"
					],
					[
						"4613.433324",
						"4.265462681e-15"
					],
					[
						"4618.166049",
						"4.292365295e-15"
					],
					[
						"4622.898774",
						"4.266459216e-15"
					],
					[
						"4627.631498",
						"4.285465364e-15"
					],
					[
						"4632.364223",
						"4.25069085e-15"
					],
					[
						"4637.096947",
						"4.27792423e-15"
					],
					[
						"4641.829672",
						"4.300896187e-15"
					],
					[
						"4646.562396",
						"4.339754247e-15"
					],
					[
						"4651.295121",
						"4.320536764e-15"
					],
					[
						"4656.027846",
						"4.327075011e-15"
					],
					[
						"4660.76057",
						"4.276064146e-15"
					],
					[
						"4665.493295",
						"4.103179639e-15"
					],
					[
						"4670.226019",
						"4.10682061e-15"
					],
					[
						"4674.958744",
						"3.947998121e-15"
					],
					[
						"4679.691469",
						"3.80847316e-15"
					],
					[
						"4684.424193",
						"3.770667538e-15"
					],
					[
						"4689.156918",
						"3.728879591e-15"
					],
					[
						"4693.889642",
						"3.676079792e-15"
					],
					[
						"4698.622367",
						"3.645041964e-15"
					],
					[
						"4703.355091",
						"3.553767388e-15"
					],
					[
						"4708.087816",
						"3.564089331e-15"
					],
					[
						"4712.820541",
						"3.54510457e-15"
					],
					[
						"4717.553265",
						"3.558263862e-15"
					],
					[
						"4722.28599",
						"3.56004729e-15"
					],
					[
						"4727.018714",
						"3.593442835e-15"
					],
					[
						"4731.751439",
						"3.601591292e-15"
					],
					[
						"4736.484163",
						"3.645423129e-15"
					],
					[
						"4741.216888",
						"3.662719542e-15"
					],
					[
						"4745.949613",
						"3.644362644e-15"
					],
					[
						"4750.682337",
						"3.654851029e-15"
					],
					[
						"4755.415062",
						"3.634685292e-15"
					],
					[
						"4760.147786",
						"3.55635465e-15"
					],
					[
						"4764.880511",
						"3.529031908e-15"
					],
					[
						"4769.613236",
						"3.444450374e-15"
					],
					[
						"4774.34596",
						"3.320112502e-15"
					],
					[
						"4779.078685",
						"3.291189715e-15"
					],
					[
						"4783.811409",
						"3.267690904e-15"
					],
					[
						"4788.544134",
						"3.227539424e-15"
					],
					[
						"4793.276858",
						"3.211568618e-15"
					],
					[
						"4798.009583",
						"3.234953927e-15"
					],
					[
						"4802.742308",
						"3.256893563e-15"
					],
					[
						"4807.475032",
						"3.278583324e-15"
					],
					[
						"4812.207757",
						"3.334476699e-15"
					],
					[
						"4816.940481",
						"3.388021251e-15"
					],
					[
						"4821.673206",
						"3.411455053e-15"
					],
					[
						"4826.40593",
						"3.450137354e-15"
					],
					[
						"4831.138655",
						"3.503349022e-15"
					],
					[
						"4835.87138",
						"3.49934298e-15"
					],
					[
						"4840.604104",
						"3.492211809e-15"
					],
					[
						"4845.336829",
						"3.451313035e-15"
					],
					[
						"4850.069553",
						"3.420039097e-15"
					],
					[
						"4854.802278",
						"3.345574948e-15"
					],
					[
						"4859.535003",
						"3.270331105e-15"
					],
					[
						"4864.267727",
						"3.195750066e-15"
					],
					[
						"4869.000452",
						"3.08383732e-15"
					],
					[
						"4873.733176",
						"2.998810459e-15"
					],
					[
						"4878.465901",
						"2.879876869e-15"
					],
					[
						"4883.198625",
						"2.769051925e-15"
					],
					[
						"4887.93135",
						"2.708119551e-15"
					],
					[
						"4892.664075",
						"2.623465173e-15"
					],
					[
						"4897.396799",
						"2.523393524e-15"
					],
					[
						"4902.129524",
						"2.511430454e-15"
					],
					[
						"4906.862248",
						"2.654828262e-15"
					],
					[
						"4911.594973",
						"2.699676538e-15"
					],
					[
						"4916.327697",
						"2.642520873e-15"
					],
					[
						"4921.060422",
						"2.579408024e-15"
					],
					[
						"4925.793147",
						"2.525393369e-15"
					],
					[
						"4930.525871",
						"2.553455147e-15"
					],
					[
						"4935.258596",
						"2.550216728e-15"
					],
					[
						"4939.99132",
						"2.55066015e-15"
					],
					[
						"4944.724045",
						"2.5800253e-15"
					],
					[
						"4949.45677",
						"2.593726269e-15"
					],
					[
						"4954.189494",
						"2.564697815e-15"
					],
					[
						"4958.922219",
						"2.567453213e-15"
					],
					[
						"4963.654943",
						"2.642417958e-15"
					],
					[
						"4968.387668",
						"2.637750807e-15"
					],
					[
						"4973.120392",
						"2.609403155e-15"
					],
					[
						"4977.853117",
						"2.647640763e-15"
					],
					[
						"4982.585842",
						"2.649955493e-15"
					],
					[
						"4987.318566",
						"2.623635426e-15"
					],
					[
						"4992.051291",
						"2.625346221e-15"
					],
					[
						"4996.784015",
						"2.633926029e-15"
					],
					[
						"5001.51674",
						"2.655515205e-15"
					],
					[
						"5006.249464",
						"2.652098486e-15"
					],
					[
						"5010.982189",
						"2.629124623e-15"
					],
					[
						"5015.714914",
						"2.57079137e-15"
					],
					[
						"5020.447638",
						"2.599389743e-15"
					],
					[
						"5025.180363",
						"2.627120755e-15"
					],
					[
						"5029.913087",
						"2.666919233e-15"
					],
					[
						"5034.645812",
						"2.673563572e-15"
					],
					[
						"5039.378537",
						"2.671406179e-15"
					],
					[
						"5044.111261",
						"2.72149526e-15"
					],
					[
						"5048.843986",
						"2.743277348e-15"
					],
					[
						"5053.57671",
						"2.81413483e-15"
					],
					[
						"5058.309435",
						"2.833971495e-15"
					],
					[
						"5063.042159",
						"2.824021399e-15"
					],
					[
						"5067.774884",
						"2.803633104e-15"
					],
					[
						"5072.507609",
						"2.821032008e-15"
					],
					[
						"5077.240333",
						"2.854797282e-15"
					],
					[
						"5081.973058",
						"2.864988782e-15"
					],
					[
						"5086.705782",
						"2.891578417e-15"
					],
					[
						"5091.438507",
						"2.934003121e-15"
					],
					[
						"5096.171231",
						"2.947930672e-15"
					],
					[
						"5100.903956",
						"2.962349502e-15"
					],
					[
						"5105.636681",
						"3.002530416e-15"
					],
					[
						"5110.369405",
						"2.988688839e-15"
					],
					[
						"5115.10213",
						"2.992798219e-15"
					],
					[
						"5119.834854",
						"3.057567017e-15"
					],
					[
						"5124.567579",
						"3.092618511e-15"
					],
					[
						"5129.300304",
						"3.119614721e-15"
					],
					[
						"5134.033028",
						"3.189071423e-15"
					],
					[
						"5138.765753",
						"3.225103358e-15"
					],
					[
						"5143.498477",
						"3.199420048e-15"
					],
					[
						"5148.231202",
						"3.227314961e-15"
					],
					[
						"5152.963926",
						"3.238559111e-15"
					],
					[
						"5157.696651",
						"3.224540928e-15"
					],
					[
						"5162.429376",
						"3.205823194e-15"
					],
					[
						"5167.1621",
						"3.146925393e-15"
					],
					[
						"5171.894825",
						"3.160087014e-15"
					],
					[
						"5176.627549",
						"3.141978509e-15"
					],
					[
						"5181.360274",
						"3.083415921e-15"
					],
					[
						"5186.092998",
						"3.074118041e-15"
					],
					[
						"5190.825723",
						"3.034136815e-15"
					],
					[
						"5195.558448",
						"2.997518946e-15"
					],
					[
						"5200.291172",
						"3.055995559e-15"
					],
					[
						"5205.023897",
						"3.093476767e-15"
					],
					[
						"5209.756621",
						"3.130902071e-15"
					],
					[
						"5214.489346",
						"3.128590518e-15"
					],
					[
						"5219.222071",
						"3.124554194e-15"
					],
					[
						"5223.954795",
						"3.127291169e-15"
					],
					[
						"5228.68752",
						"3.16279879e-15"
					],
					[
						"5233.420244",
						"3.171384316e-15"
					],
					[
						"5238.152969",
						"3.190705561e-15"
					],
					[
						"5242.885693",
						"3.27317163e-15"
					],
					[
						"5247.618418",
						"3.301283383e-15"
					],
					[
						"5252.351143",
						"3.267520227e-15"
					],
					[
						"5257.083867",
						"3.209602655e-15"
					],
					[
						"5261.816592",
						"3.112728344e-15"
					],
					[
						"5266.549316",
						"3.023904445e-15"
					],
					[
						"5271.282041",
						"2.980405915e-15"
					],
					[
						"5276.014765",
						"2.895068828e-15"
					],
					[
						"5280.74749",
						"2.812628806e-15"
					],
					[
						"5285.480215",
						"2.743854601e-15"
					],
					[
						"5290.212939",
						"2.657999765e-15"
					],
					[
						"5294.945664",
						"2.60234123e-15"
					],
					[
						"5299.678388",
						"2.544602594e-15"
					],
					[
						"5304.411113",
						"2.510071601e-15"
					],
					[
						"5309.143838",
						"2.501954273e-15"
					],
					[
						"5313.876562",
						"2.428266642e-15"
					],
					[
						"5318.609287",
						"2.418190338e-15"
					],
					[
						"5323.342011",
						"2.380049503e-15"
					],
					[
						"5328.074736",
						"2.414827193e-15"
					],
					[
						"5332.80746",
						"2.42699461e-15"
					],
					[
						"5337.540185",
						"2.41835678e-15"
					],
					[
						"5342.27291",
						"2.466217953e-15"
					],
					[
						"5347.005634",
						"2.479432514e-15"
					],
					[
						"5351.738359",
						"2.440630993e-15"
					],
					[
						"5356.471083",
						"2.430340602e-15"
					],
					[
						"5361.203808",
						"2.467375e-15"
					],
					[
						"5365.936532",
						"2.513160942e-15"
					],
					[
						"5370.669257",
						"2.556112713e-15"
					],
					[
						"5375.401982",
						"2.584365496e-15"
					],
					[
						"5380.134706",
						"2.601057975e-15"
					],
					[
						"5384.867431",
						"2.599291699e-15"
					],
					[
						"5389.600155",
						"2.602356476e-15"
					],
					[
						"5394.33288",
						"2.633487055e-15"
					],
					[
						"5399.065605",
						"2.670202968e-15"
					],
					[
						"5403.798329",
						"2.6504743e-15"
					],
					[
						"5408.531054",
						"2.634999644e-15"
					],
					[
						"5413.263778",
						"2.648861338e-15"
					],
					[
						"5417.996503",
						"2.614188256e-15"
					],
					[
						"5422.729227",
						"2.624730852e-15"
					],
					[
						"5427.461952",
						"2.641507398e-15"
					],
					[
						"5432.194677",
						"2.626226924e-15"
					],
					[
						"5436.927401",
						"2.597151671e-15"
					],
					[
						"5441.660126",
						"2.566617827e-15"
					],
					[
						"5446.39285",
						"2.53296669e-15"
					],
					[
						"5451.125575",
						"2.508384947e-15"
					],
					[
						"5455.858299",
						"2.522863916e-15"
					],
					[
						"5460.591024",
						"2.463062967e-15"
					],
					[
						"5465.323749",
						"2.42481223e-15"
					],
					[
						"5470.056473",
						"2.416388487e-15"
					],
					[
						"5474.789198",
						"2.343832492e-15"
					],
					[
						"5479.521922",
						"2.294849212e-15"
					],
					[
						"5484.254647",
						"2.282243667e-15"
					],
					[
						"5488.987372",
						"2.254579571e-15"
					],
					[
						"5493.720096",
						"2.27072889e-15"
					],
					[
						"5498.452821",
						"2.249560901e-15"
					],
					[
						"5503.185545",
						"2.23699305e-15"
					],
					[
						"5507.91827",
						"2.25942947e-15"
					],
					[
						"5512.650994",
						"2.27452148e-15"
					],
					[
						"5517.383719",
						"2.299011955e-15"
					],
					[
						"5522.116444",
						"2.353248957e-15"
					],
					[
						"5526.849168",
						"2.399577212e-15"
					],
					[
						"5531.581893",
						"2.449077394e-15"
					],
					[
						"5536.314617",
						"2.475608584e-15"
					],
					[
						"5541.047342",
						"2.506892051e-15"
					],
					[
						"5545.780066",
						"2.57172713e-15"
					],
					[
						"5550.512791",
						"2.628470714e-15"
					],
					[
						"5555.245516",
						"2.66617575e-15"
					],
					[
						"5559.97824",
						"2.703031636e-15"
					],
					[
						"5564.710965",
						"2.741734265e-15"
					],
					[
						"5569.443689",
						"2.76739174e-15"
					],
					[
						"5574.176414",
						"2.781709985e-15"
					],
					[
						"5578.909139",
						"2.811175509e-15"
					],
					[
						"5583.641863",
						"2.799167758e-15"
					],
					[
						"5588.374588",
						"2.724554955e-15"
					],
					[
						"5593.107312",
						"2.707082783e-15"
					],
					[
						"5597.840037",
						"2.691971503e-15"
					],
					[
						"5602.572761",
						"2.658662356e-15"
					],
					[
						"5607.305486",
						"2.682851076e-15"
					],
					[
						"5612.038211",
						"2.729869875e-15"
					],
					[
						"5616.770935",
						"2.689355654e-15"
					],
					[
						"5621.50366",
						"2.72780502e-15"
					],
					[
						"5626.236384",
						"2.728178562e-15"
					],
					[
						"5630.969109",
						"2.746292785e-15"
					],
					[
						"5635.701833",
						"2.795086965e-15"
					],
					[
						"5640.434558",
						"2.815666054e-15"
					],
					[
						"5645.167283",
						"2.810097024e-15"
					],
					[
						"5649.900007",
						"2.804231533e-15"
					],
					[
						"5654.632732",
						"2.821924992e-15"
					],
					[
						"5659.365456",
						"2.865747512e-15"
					],
					[
						"5664.098181",
						"2.856800303e-15"
					],
					[
						"5668.830906",
						"2.844915584e-15"
					],
					[
						"5673.56363",
						"2.86327587e-15"
					],
					[
						"5678.296355",
						"2.844268027e-15"
					],
					[
						"5683.029079",
						"2.813308126e-15"
					],
					[
						"5687.761804",
						"2.814672908e-15"
					],
					[
						"5692.494528",
						"2.796414689e-15"
					],
					[
						"5697.227253",
						"2.770854411e-15"
					],
					[
						"5701.959978",
						"2.777980711e-15"
					],
					[
						"5706.692702",
						"2.787570183e-15"
					],
					[
						"5711.425427",
						"2.808167271e-15"
					],
					[
						"5716.158151",
						"2.798806498e-15"
					],
					[
						"5720.890876",
						"2.768835085e-15"
					],
					[
						"5725.6236",
						"2.794589121e-15"
					],
					[
						"5730.356325",
						"2.797269557e-15"
					],
					[
						"5735.08905",
						"2.740217865e-15"
					],
					[
						"5739.821774",
						"2.76122767e-15"
					],
					[
						"5744.554499",
						"2.773978904e-15"
					],
					[
						"5749.287223",
						"2.724581848e-15"
					],
					[
						"5754.019948",
						"2.71061004e-15"
					],
					[
						"5758.752673",
						"2.672959849e-15"
					],
					[
						"5763.485397",
						"2.65161123e-15"
					],
					[
						"5768.218122",
						"2.627946612e-15"
					],
					[
						"5772.950846",
						"2.580069981e-15"
					],
					[
						"5777.683571",
						"2.528179895e-15"
					],
					[
						"5782.416295",
						"2.520591751e-15"
					],
					[
						"5787.14902",
						"2.493719207e-15"
					],
					[
						"5791.881745",
						"2.444729786e-15"
					],
					[
						"5796.614469",
						"2.44763765e-15"
					],
					[
						"5801.347194",
						"2.444657153e-15"
					],
					[
						"5806.079918",
						"2.415535101e-15"
					],
					[
						"5810.812643",
						"2.425877373e-15"
					],
					[
						"5815.545367",
						"2.427655084e-15"
					],
					[
						"5820.278092",
						"2.406671325e-15"
					],
					[
						"5825.010817",
						"2.41450638e-15"
					],
					[
						"5829.743541",
						"2.422219885e-15"
					],
					[
						"5834.476266",
						"2.45026557e-15"
					],
					[
						"5839.20899",
						"2.446593046e-15"
					],
					[
						"5843.941715",
						"2.429202613e-15"
					],
					[
						"5848.67444",
						"2.452327036e-15"
					],
					[
						"5853.407164",
						"2.480386485e-15"
					],
					[
						"5858.139889",
						"2.478110295e-15"
					],
					[
						"5862.872613",
						"2.493389287e-15"
					],
					[
						"5867.605338",
						"2.476935461e-15"
					],
					[
						"5872.338062",
						"2.505656019e-15"
					],
					[
						"5877.070787",
						"2.500634807e-15"
					],
					[
						"5881.803512",
						"2.480168797e-15"
					],
					[
						"5886.536236",
						"2.474014256e-15"
					],
					[
						"5891.268961",
						"2.44569625e-15"
					],
					[
						"5896.001685",
						"2.445119633e-15"
					],
					[
						"5900.73441",
						"2.481887427e-15"
					],
					[
						"5905.467134",
						"2.506009655e-15"
					],
					[
						"5910.199859",
						"2.498621198e-15"
					],
					[
						"5914.932584",
						"2.523063604e-15"
					],
					[
						"5919.665308",
						"2.570714925e-15"
					],
					[
						"5924.398033",
						"2.577773463e-15"
					],
					[
						"5929.130757",
						"2.614834966e-15"
					],
					[
						"5933.863482",
						"2.638869314e-15"
					],
					[
						"5938.596207",
						"2.629843966e-15"
					],
					[
						"5943.328931",
						"2.603094242e-15"
					],
					[
						"5948.061656",
						"2.574468975e-15"
					],
					[
						"5952.79438",
						"2.535893401e-15"
					],
					[
						"5957.527105",
						"2.54219702e-15"
					],
					[
						"5962.259829",
						"2.570250751e-15"
					],
					[
						"5966.992554",
						"2.594115269e-15"
					],
					[
						"5971.725279",
						"2.608819761e-15"
					],
					[
						"5976.458003",
						"2.612798063e-15"
					],
					[
						"5981.190728",
						"2.610820241e-15"
					],
					[
						"5985.923452",
						"2.62985286e-15"
					],
					[
						"5990.656177",
						"2.620702575e-15"
					],
					[
						"5995.388901",
						"2.630862735e-15"
					],
					[
						"6000.121626",
						"2.639269537e-15"
					],
					[
						"6004.854351",
						"2.603736293e-15"
					],
					[
						"6009.587075",
						"2.605190649e-15"
					],
					[
						"6014.3198",
						"2.621536267e-15"
					],
					[
						"6019.052524",
						"2.59151869e-15"
					],
					[
						"6023.785249",
						"2.572109141e-15"
					],
					[
						"6028.517974",
						"2.572991538e-15"
					],
					[
						"6033.250698",
						"2.560259151e-15"
					],
					[
						"6037.983423",
						"2.520488836e-15"
					],
					[
						"6042.716147",
						"2.49976321e-15"
					],
					[
						"6047.448872",
						"2.491440053e-15"
					],
					[
						"6052.181596",
						"2.48225631e-15"
					],
					[
						"6056.914321",
						"2.438437602e-15"
					],
					[
						"6061.647046",
						"2.451441251e-15"
					],
					[
						"6066.37977",
						"2.422936263e-15"
					],
					[
						"6071.112495",
						"2.382992307e-15"
					],
					[
						"6075.845219",
						"2.356904116e-15"
					],
					[
						"6080.577944",
						"2.350931475e-15"
					],
					[
						"6085.310668",
						"2.336564314e-15"
					],
					[
						"6090.043393",
						"2.319878188e-15"
					],
					[
						"6094.776118",
						"2.285084828e-15"
					],
					[
						"6099.508842",
						"2.235288819e-15"
					],
					[
						"6104.241567",
						"2.214157253e-15"
					],
					[
						"6108.974291",
						"2.181917273e-15"
					],
					[
						"6113.707016",
						"2.119433347e-15"
					],
					[
						"6118.439741",
						"2.044676972e-15"
					],
					[
						"6123.172465",
						"1.958502593e-15"
					],
					[
						"6127.90519",
						"1.91987302e-15"
					],
					[
						"6132.637914",
						"1.835326638e-15"
					],
					[
						"6137.370639",
						"1.768007953e-15"
					],
					[
						"6142.103363",
						"1.687565975e-15"
					],
					[
						"6146.836088",
						"1.625579046e-15"
					],
					[
						"6151.568813",
						"1.581731326e-15"
					],
					[
						"6156.301537",
						"1.516416298e-15"
					],
					[
						"6161.034262",
						"1.472076135e-15"
					],
					[
						"6165.766986",
						"1.418528936e-15"
					],
					[
						"6170.499711",
						"1.385360078e-15"
					],
					[
						"6175.232435",
						"1.382518071e-15"
					],
					[
						"6179.96516",
						"1.376627486e-15"
					],
					[
						"6184.697885",
						"1.355440545e-15"
					],
					[
						"6189.430609",
						"1.354601347e-15"
					],
					[
						"6194.163334",
						"1.351527465e-15"
					],
					[
						"6198.896058",
						"1.33602475e-15"
					],
					[
						"6203.628783",
						"1.365860956e-15"
					],
					[
						"6208.361508",
						"1.360497967e-15"
					],
					[
						"6213.094232",
						"1.39226922e-15"
					],
					[
						"6217.826957",
						"1.444965893e-15"
					],
					[
						"6222.559681",
						"1.456128305e-15"
					],
					[
						"6227.292406",
						"1.527171817e-15"
					],
					[
						"6232.02513",
						"1.548374851e-15"
					],
					[
						"6236.757855",
						"1.584764339e-15"
					],
					[
						"6241.49058",
						"1.63190257e-15"
					],
					[
						"6246.223304",
						"1.663872876e-15"
					],
					[
						"6250.956029",
						"1.704700817e-15"
					],
					[
						"6255.688753",
						"1.741295287e-15"
					],
					[
						"6260.421478",
						"1.784794982e-15"
					],
					[
						"6265.154202",
						"1.814031171e-15"
					],
					[
						"6269.886927",
						"1.794732796e-15"
					],
					[
						"6274.619652",
						"1.784082627e-15"
					],
					[
						"6279.352376",
						"1.808873164e-15"
					],
					[
						"6284.085101",
						"1.846694455e-15"
					],
					[
						"6288.817825",
						"1.901072488e-15"
					],
					[
						"6293.55055",
						"1.939115914e-15"
					],
					[
						"6298.283275",
						"1.994735274e-15"
					],
					[
						"6303.015999",
						"2.022184435e-15"
					],
					[
						"6307.748724",
						"2.06306881e-15"
					],
					[
						"6312.481448",
						"2.11051049e-15"
					],
					[
						"6317.214173",
						"2.128184468e-15"
					],
					[
						"6321.946897",
						"2.171495168e-15"
					],
					[
						"6326.679622",
						"2.182316861e-15"
					],
					[
						"6331.412347",
						"2.200215726e-15"
					],
					[
						"6336.145071",
						"2.218416558e-15"
					],
					[
						"6340.877796",
						"2.189256179e-15"
					],
					[
						"6345.61052",
						"2.210782674e-15"
					],
					[
						"6350.343245",
						"2.257858859e-15"
					],
					[
						"6355.075969",
						"2.27615583e-15"
					],
					[
						"6359.808694",
						"2.314883447e-15"
					],
					[
						"6364.541419",
						"2.330013573e-15"
					],
					[
						"6369.274143",
						"2.329030803e-15"
					],
					[
						"6374.006868",
						"2.308830337e-15"
					],
					[
						"6378.739592",
						"2.333906748e-15"
					],
					[
						"6383.472317",
						"2.329440767e-15"
					],
					[
						"6388.205042",
						"2.300468216e-15"
					],
					[
						"6392.937766",
						"2.320647929e-15"
					],
					[
						"6397.670491",
						"2.320235848e-15"
					],
					[
						"6402.403215",
						"2.310260553e-15"
					],
					[
						"6407.13594",
						"2.276916254e-15"
					],
					[
						"6411.868664",
						"2.255022993e-15"
					],
					[
						"6416.601389",
						"2.273001691e-15"
					],
					[
						"6421.334114",
						"2.289362979e-15"
					],
					[
						"6426.066838",
						"2.28382169e-15"
					],
					[
						"6430.799563",
						"2.281081538e-15"
					],
					[
						"6435.532287",
						"2.278862523e-15"
					],
					[
						"6440.265012",
						"2.287547999e-15"
					],
					[
						"6444.997736",
						"2.293428949e-15"
					],
					[
						"6449.730461",
						"2.249406953e-15"
					],
					[
						"6454.463186",
						"2.268930427e-15"
					],
					[
						"6459.19591",
						"2.247500705e-15"
					],
					[
						"6463.928635",
						"2.240033474e-15"
					],
					[
						"6468.661359",
						"2.202784354e-15"
					],
					[
						"6473.394084",
						"2.18572151e-15"
					],
					[
						"6478.126809",
						"2.165551114e-15"
					],
					[
						"6482.859533",
						"2.165744026e-15"
					],
					[
						"6487.592258",
						"2.16451837e-15"
					],
					[
						"6492.324982",
						"2.158825885e-15"
					],
					[
						"6497.057707",
						"2.154469382e-15"
					],
					[
						"6501.790431",
						"2.154512793e-15"
					],
					[
						"6506.523156",
						"2.147332918e-15"
					],
					[
						"6511.255881",
						"2.11949878e-15"
					],
					[
						"6515.988605",
						"2.091671207e-15"
					],
					[
						"6520.72133",
						"2.085694966e-15"
					],
					[
						"6525.454054",
						"2.107587591e-15"
					],
					[
						"6530.186779",
						"2.107500558e-15"
					],
					[
						"6534.919503",
						"2.09070326e-15"
					],
					[
						"6539.652228",
						"2.062628565e-15"
					],
					[
						"6544.384953",
						"2.068209241e-15"
					],
					[
						"6549.117677",
						"2.053903702e-15"
					],
					[
						"6553.850402",
						"2.084024829e-15"
					],
					[
						"6558.583126",
						"2.061987784e-15"
					],
					[
						"6563.315851",
						"2.03034941e-15"
					],
					[
						"6568.048576",
						"2.033915418e-15"
					],
					[
						"6572.7813",
						"2.046931774e-15"
					],
					[
						"6577.514025",
						"2.034011345e-15"
					],
					[
						"6582.246749",
						"2.009857988e-15"
					],
					[
						"6586.979474",
						"2.013979015e-15"
					],
					[
						"6591.712198",
						"2.018367493e-15"
					],
					[
						"6596.444923",
						"2.012699784e-15"
					],
					[
						"6601.177648",
						"2.002963564e-15"
					],
					[
						"6605.910372",
						"2.033489784e-15"
					],
					[
						"6610.643097",
						"2.097287882e-15"
					],
					[
						"6615.375821",
						"2.126570446e-15"
					],
					[
						"6620.108546",
						"2.164930239e-15"
					],
					[
						"6624.84127",
						"2.524944229e-15"
					],
					[
						"6629.573995",
						"2.741279409e-15"
					],
					[
						"6634.30672",
						"2.729432806e-15"
					],
					[
						"6639.039444",
						"2.418977231e-15"
					],
					[
						"6643.772169",
						"2.168204022e-15"
					],
					[
						"6648.504893",
						"2.216836418e-15"
					],
					[
						"6653.237618",
						"2.227187373e-15"
					],
					[
						"6657.970343",
						"2.112813784e-15"
					],
					[
						"6662.703067",
						"1.997548482e-15"
					],
					[
						"6667.435792",
						"1.895403085e-15"
					],
					[
						"6672.168516",
						"1.894802539e-15"
					],
					[
						"6676.901241",
						"1.90188204e-15"
					],
					[
						"6681.633965",
						"1.877717037e-15"
					],
					[
						"6686.36669",
						"1.861862698e-15"
					],
					[
						"6691.099415",
						"1.855263041e-15"
					],
					[
						"6695.832139",
						"1.855386496e-15"
					],
					[
						"6700.564864",
						"1.827998321e-15"
					],
					[
						"6705.297588",
						"1.813838471e-15"
					],
					[
						"6710.030313",
						"1.806395169e-15"
					],
					[
						"6714.763037",
						"1.819983271e-15"
					],
					[
						"6719.495762",
						"1.815158783e-15"
					],
					[
						"6724.228487",
						"1.8028641e-15"
					],
					[
						"6728.961211",
						"1.813525916e-15"
					],
					[
						"6733.693936",
						"1.797411961e-15"
					],
					[
						"6738.42666",
						"1.813729204e-15"
					],
					[
						"6743.159385",
						"1.822248873e-15"
					],
					[
						"6747.89211",
						"1.804836416e-15"
					],
					[
						"6752.624834",
						"1.795633192e-15"
					],
					[
						"6757.357559",
						"1.78658328e-15"
					],
					[
						"6762.090283",
						"1.781540258e-15"
					],
					[
						"6766.823008",
						"1.76263967e-15"
					],
					[
						"6771.555732",
						"1.776606291e-15"
					],
					[
						"6776.288457",
						"1.799417735e-15"
					],
					[
						"6781.021182",
						"1.8652701e-15"
					],
					[
						"6785.753906",
						"1.875381555e-15"
					],
					[
						"6790.486631",
						"1.847006587e-15"
					],
					[
						"6795.219355",
						"1.859881911e-15"
					],
					[
						"6799.95208",
						"1.843294677e-15"
					],
					[
						"6804.684804",
						"1.82633136e-15"
					],
					[
						"6809.417529",
						"1.779764876e-15"
					],
					[
						"6814.150254",
						"1.691757306e-15"
					],
					[
						"6818.882978",
						"1.650642009e-15"
					],
					[
						"6823.615703",
						"1.651689789e-15"
					],
					[
						"6828.348427",
						"1.655389735e-15"
					],
					[
						"6833.081152",
						"1.636520064e-15"
					],
					[
						"6837.813877",
						"1.6224446e-15"
					],
					[
						"6842.546601",
						"1.631156334e-15"
					],
					[
						"6847.279326",
						"1.645793063e-15"
					],
					[
						"6852.01205",
						"1.622228607e-15"
					],
					[
						"6856.744775",
						"1.566765525e-15"
					],
					[
						"6861.477499",
						"1.45234122e-15"
					],
					[
						"6866.210224",
						"1.269833255e-15"
					],
					[
						"6870.942949",
						"1.178417753e-15"
					],
					[
						"6875.675673",
						"1.261718361e-15"
					],
					[
						"6880.408398",
						"1.367895847e-15"
					],
					[
						"6885.141122",
						"1.363938721e-15"
					],
					[
						"6889.873847",
						"1.342632136e-15"
					],
					[
						"6894.606571",
						"1.356279425e-15"
					],
					[
						"6899.339296",
						"1.380179201e-15"
					],
					[
						"6904.072021",
						"1.417202164e-15"
					],
					[
						"6908.804745",
						"1.446521045e-15"
					],
					[
						"6913.53747",
						"1.483194078e-15"
					],
					[
						"6918.270194",
						"1.494046052e-15"
					],
					[
						"6923.002919",
						"1.485323413e-15"
					],
					[
						"6927.735644",
						"1.497931286e-15"
					],
					[
						"6932.468368",
						"1.489145225e-15"
					],
					[
						"6937.201093",
						"1.456573844e-15"
					],
					[
						"6941.933817",
						"1.473760989e-15"
					],
					[
						"6946.666542",
						"1.501167058e-15"
					],
					[
						"6951.399266",
						"1.47347321e-15"
					],
					[
						"6956.131991",
						"1.482677282e-15"
					],
					[
						"6960.864716",
						"1.500030975e-15"
					],
					[
						"6965.59744",
						"1.507617849e-15"
					],
					[
						"6970.330165",
						"1.514041853e-15"
					],
					[
						"6975.062889",
						"1.515420928e-15"
					],
					[
						"6979.795614",
						"1.514032112e-15"
					],
					[
						"6984.528338",
						"1.502604049e-15"
					],
					[
						"6989.261063",
						"1.496736864e-15"
					],
					[
						"6993.993788",
						"1.498948043e-15"
					],
					[
						"6998.726512",
						"1.491662713e-15"
					],
					[
						"7003.459237",
						"1.47783363e-15"
					],
					[
						"7008.191961",
						"1.47925548e-15"
					],
					[
						"7012.924686",
						"1.495839433e-15"
					],
					[
						"7017.65741",
						"1.48645399e-15"
					],
					[
						"7022.390135",
						"1.484359701e-15"
					],
					[
						"7027.12286",
						"1.484451498e-15"
					],
					[
						"7031.855584",
						"1.486667548e-15"
					],
					[
						"7036.588309",
						"1.502488747e-15"
					],
					[
						"7041.321033",
						"1.500415316e-15"
					],
					[
						"7046.053758",
						"1.477970214e-15"
					],
					[
						"7050.786483",
						"1.466239125e-15"
					],
					[
						"7055.519207",
						"1.469758123e-15"
					],
					[
						"7060.251932",
						"1.473074469e-15"
					],
					[
						"7064.984656",
						"1.462080405e-15"
					],
					[
						"7069.717381",
						"1.447151449e-15"
					],
					[
						"7074.450105",
						"1.451739509e-15"
					],
					[
						"7079.18283",
						"1.44346675e-15"
					],
					[
						"7083.915555",
						"1.392966434e-15"
					],
					[
						"7088.648279",
						"1.398913241e-15"
					],
					[
						"7093.381004",
						"1.413633509e-15"
					],
					[
						"7098.113728",
						"1.412214623e-15"
					],
					[
						"7102.846453",
						"1.440503511e-15"
					],
					[
						"7107.579177",
						"1.457526968e-15"
					],
					[
						"7112.311902",
						"1.462892286e-15"
					],
					[
						"7117.044627",
						"1.472949849e-15"
					],
					[
						"7121.777351",
						"1.473454469e-15"
					],
					[
						"7126.510076",
						"1.446866317e-15"
					],
					[
						"7131.2428",
						"1.421761743e-15"
					],
					[
						"7135.975525",
						"1.432738866e-15"
					],
					[
						"7140.70825",
						"1.423283861e-15"
					],
					[
						"7145.440974",
						"1.406072045e-15"
					],
					[
						"7150.173699",
						"1.423876466e-15"
					],
					[
						"7154.906423",
						"1.3996707e-15"
					],
					[
						"7159.639148",
						"1.386481973e-15"
					],
					[
						"7164.371872",
						"1.347957856e-15"
					],
					[
						"7169.104597",
						"1.305459354e-15"
					],
					[
						"7173.837322",
						"1.271299786e-15"
					],
					[
						"7178.570046",
						"1.260961431e-15"
					],
					[
						"7183.302771",
						"1.240483245e-15"
					],
					[
						"7188.035495",
						"1.226342877e-15"
					],
					[
						"7192.76822",
						"1.233304853e-15"
					],
					[
						"7197.500944",
						"1.229484311e-15"
					],
					[
						"7202.233669",
						"1.262851903e-15"
					],
					[
						"7206.966394",
						"1.310231115e-15"
					],
					[
						"7211.699118",
						"1.349231582e-15"
					],
					[
						"7216.431843",
						"1.36116977e-15"
					],
					[
						"7221.164567",
						"1.335865296e-15"
					],
					[
						"7225.897292",
						"1.314115184e-15"
					],
					[
						"7230.630017",
						"1.279036373e-15"
					],
					[
						"7235.362741",
						"1.24093249e-15"
					],
					[
						"7240.095466",
						"1.237440174e-15"
					],
					[
						"7244.82819",
						"1.238158881e-15"
					],
					[
						"7249.560915",
						"1.242327448e-15"
					],
					[
						"7254.293639",
						"1.247726542e-15"
					],
					[
						"7259.026364",
						"1.234571591e-15"
					],
					[
						"7263.759089",
						"1.230435105e-15"
					],
					[
						"7268.491813",
						"1.211028416e-15"
					],
					[
						"7273.224538",
						"1.201044544e-15"
					],
					[
						"7277.957262",
						"1.177802595e-15"
					],
					[
						"7282.689987",
						"1.198295393e-15"
					],
					[
						"7287.422711",
						"1.201495272e-15"
					],
					[
						"7292.155436",
						"1.194287657e-15"
					],
					[
						"7296.888161",
						"1.214473193e-15"
					],
					[
						"7301.620885",
						"1.196973704e-15"
					],
					[
						"7306.35361",
						"1.186793744e-15"
					],
					[
						"7311.086334",
						"1.202875194e-15"
					],
					[
						"7315.819059",
						"1.216461179e-15"
					],
					[
						"7320.551784",
						"1.234047383e-15"
					],
					[
						"7325.284508",
						"1.234639988e-15"
					],
					[
						"7330.017233",
						"1.240942655e-15"
					],
					[
						"7334.749957",
						"1.232408268e-15"
					],
					[
						"7339.482682",
						"1.233154081e-15"
					],
					[
						"7344.215406",
						"1.234860535e-15"
					],
					[
						"7348.948131",
						"1.225722002e-15"
					],
					[
						"7353.680856",
						"1.215234252e-15"
					],
					[
						"7358.41358",
						"1.212433008e-15"
					],
					[
						"7363.146305",
						"1.194842145e-15"
					],
					[
						"7367.879029",
						"1.19598024e-15"
					],
					[
						"7372.611754",
						"1.21804619e-15"
					],
					[
						"7377.344478",
						"1.213709063e-15"
					],
					[
						"7382.077203",
						"1.200166277e-15"
					],
					[
						"7386.809928",
						"1.212679918e-15"
					],
					[
						"7391.542652",
						"1.212215744e-15"
					],
					[
						"7396.275377",
						"1.201572775e-15"
					],
					[
						"7401.008101",
						"1.215773494e-15"
					],
					[
						"7405.740826",
						"1.216378805e-15"
					],
					[
						"7410.473551",
						"1.222900747e-15"
					],
					[
						"7415.206275",
						"1.196392004e-15"
					],
					[
						"7419.939",
						"1.21099697e-15"
					],
					[
						"7424.671724",
						"1.218338945e-15"
					],
					[
						"7429.404449",
						"1.195292238e-15"
					],
					[
						"7434.137173",
						"1.188241853e-15"
					],
					[
						"7438.869898",
						"1.204190742e-15"
					],
					[
						"7443.602623",
						"1.220795553e-15"
					],
					[
						"7448.335347",
						"1.217978533e-15"
					],
					[
						"7453.068072",
						"1.210932489e-15"
					],
					[
						"7457.800796",
						"1.225369636e-15"
					],
					[
						"7462.533521",
						"1.210896173e-15"
					],
					[
						"7467.266245",
						"1.227657896e-15"
					],
					[
						"7471.99897",
						"1.223442848e-15"
					],
					[
						"7476.731695",
						"1.229183508e-15"
					],
					[
						"7481.464419",
						"1.226426522e-15"
					],
					[
						"7486.197144",
						"1.208822954e-15"
					],
					[
						"7490.929868",
						"1.214669916e-15"
					],
					[
						"7495.662593",
						"1.222671201e-15"
					],
					[
						"7500.395318",
						"1.199146555e-15"
					],
					[
						"7505.128042",
						"1.190524501e-15"
					],
					[
						"7509.860767",
						"1.192865594e-15"
					],
					[
						"7514.593491",
						"1.167044748e-15"
					],
					[
						"7519.326216",
						"1.166611914e-15"
					],
					[
						"7524.05894",
						"1.126660228e-15"
					],
					[
						"7528.791665",
						"1.111986865e-15"
					],
					[
						"7533.52439",
						"1.107111555e-15"
					],
					[
						"7538.257114",
						"1.07882976e-15"
					],
					[
						"7542.989839",
						"1.07445187e-15"
					],
					[
						"7547.722563",
						"1.074165891e-15"
					],
					[
						"7552.455288",
						"1.06681301e-15"
					],
					[
						"7557.188012",
						"1.068297223e-15"
					],
					[
						"7561.920737",
						"1.079116798e-15"
					],
					[
						"7566.653462",
						"1.076443774e-15"
					],
					[
						"7571.386186",
						"1.067460249e-15"
					],
					[
						"7576.118911",
						"1.082221174e-15"
					],
					[
						"7580.851635",
						"1.058650788e-15"
					],
					[
						"7585.58436",
						"9.496099077e-16"
					],
					[
						"7590.317085",
						"7.034397928e-16"
					],
					[
						"7595.049809",
						"3.649791119e-16"
					],
					[
						"7599.782534",
						"1.54709562e-16"
					],
					[
						"7604.515258",
						"1.652855095e-16"
					],
					[
						"7609.247983",
						"3.342509006e-16"
					],
					[
						"7613.980707",
						"4.880494257e-16"
					],
					[
						"7618.713432",
						"5.205446271e-16"
					],
					[
						"7623.446157",
						"4.701429375e-16"
					],
					[
						"7628.178881",
						"4.149002957e-16"
					],
					[
						"7632.911606",
						"4.295391426e-16"
					],
					[
						"7637.64433",
						"5.255936317e-16"
					],
					[
						"7642.377055",
						"6.064522439e-16"
					],
					[
						"7647.109779",
						"6.876254759e-16"
					],
					[
						"7651.842504",
						"7.771048188e-16"
					],
					[
						"7656.575229",
						"8.46291264e-16"
					],
					[
						"7661.307953",
						"9.026547422e-16"
					],
					[
						"7666.040678",
						"9.480983774e-16"
					],
					[
						"7670.773402",
						"1.004543382e-15"
					],
					[
						"7675.506127",
						"1.016842407e-15"
					],
					[
						"7680.238852",
						"1.040561023e-15"
					],
					[
						"7684.971576",
						"1.078984555e-15"
					],
					[
						"7689.704301",
						"1.076254356e-15"
					],
					[
						"7694.437025",
						"1.094861764e-15"
					],
					[
						"7699.16975",
						"1.115759655e-15"
					],
					[
						"7703.902474",
						"1.124092342e-15"
					],
					[
						"7708.635199",
						"1.108244673e-15"
					],
					[
						"7713.367924",
						"1.106302533e-15"
					],
					[
						"7718.100648",
						"1.109632537e-15"
					],
					[
						"7722.833373",
						"1.124719888e-15"
					],
					[
						"7727.566097",
						"1.128291296e-15"
					],
					[
						"7732.298822",
						"1.100754043e-15"
					],
					[
						"7737.031546",
						"1.101490327e-15"
					],
					[
						"7741.764271",
						"1.12654482e-15"
					],
					[
						"7746.496996",
						"1.122561648e-15"
					],
					[
						"7751.22972",
						"1.120700505e-15"
					],
					[
						"7755.962445",
						"1.140592015e-15"
					],
					[
						"7760.695169",
						"1.130873264e-15"
					],
					[
						"7765.427894",
						"1.126643288e-15"
					],
					[
						"7770.160619",
						"1.15757619e-15"
					],
					[
						"7774.893343",
						"1.154263656e-15"
					],
					[
						"7779.626068",
						"1.161213667e-15"
					],
					[
						"7784.358792",
						"1.178611406e-15"
					],
					[
						"7789.091517",
						"1.158420999e-15"
					],
					[
						"7793.824241",
						"1.159368088e-15"
					],
					[
						"7798.556966",
						"1.172161568e-15"
					],
					[
						"7803.289691",
						"1.188010825e-15"
					],
					[
						"7808.022415",
						"1.183278663e-15"
					],
					[
						"7812.75514",
						"1.165844714e-15"
					],
					[
						"7817.487864",
						"1.208028119e-15"
					],
					[
						"7822.220589",
						"1.207190192e-15"
					],
					[
						"7826.953313",
						"1.167390337e-15"
					],
					[
						"7831.686038",
						"1.18780976e-15"
					],
					[
						"7836.418763",
						"1.212147134e-15"
					],
					[
						"7841.151487",
						"1.235749919e-15"
					],
					[
						"7845.884212",
						"1.234047489e-15"
					],
					[
						"7850.616936",
						"1.227709777e-15"
					],
					[
						"7855.349661",
						"1.220106385e-15"
					],
					[
						"7860.082386",
						"1.21505034e-15"
					],
					[
						"7864.81511",
						"1.222486124e-15"
					],
					[
						"7869.547835",
						"1.2346384e-15"
					],
					[
						"7874.280559",
						"1.244287058e-15"
					],
					[
						"7879.013284",
						"1.241357701e-15"
					],
					[
						"7883.746008",
						"1.218922657e-15"
					],
					[
						"7888.478733",
						"1.207003209e-15"
					],
					[
						"7893.211458",
						"1.216196058e-15"
					],
					[
						"7897.944182",
						"1.247086926e-15"
					],
					[
						"7902.676907",
						"1.2288556e-15"
					],
					[
						"7907.409631",
						"1.218689088e-15"
					],
					[
						"7912.142356",
						"1.188096163e-15"
					],
					[
						"7916.87508",
						"1.181234985e-15"
					],
					[
						"7921.607805",
						"1.174366395e-15"
					],
					[
						"7926.34053",
						"1.172956085e-15"
					],
					[
						"7931.073254",
						"1.192348057e-15"
					],
					[
						"7935.805979",
						"1.193307004e-15"
					],
					[
						"7940.538703",
						"1.197289224e-15"
					],
					[
						"7945.271428",
						"1.169277632e-15"
					],
					[
						"7950.004153",
						"1.156729686e-15"
					],
					[
						"7954.736877",
						"1.140308576e-15"
					],
					[
						"7959.469602",
						"1.147800477e-15"
					],
					[
						"7964.202326",
						"1.142447017e-15"
					],
					[
						"7968.935051",
						"1.140588521e-15"
					],
					[
						"7973.667775",
						"1.114256596e-15"
					],
					[
						"7978.4005",
						"1.096039352e-15"
					],
					[
						"7983.133225",
						"1.101833904e-15"
					],
					[
						"7987.865949",
						"1.094246924e-15"
					],
					[
						"7992.598674",
						"1.070837475e-15"
					],
					[
						"7997.331398",
						"1.054944913e-15"
					],
					[
						"8002.064123",
						"1.048209519e-15"
					],
					[
						"8006.796847",
						"1.029123855e-15"
					],
					[
						"8011.529572",
						"1.020517894e-15"
					],
					[
						"8016.262297",
						"1.007902609e-15"
					],
					[
						"8020.995021",
						"9.827800356e-16"
					],
					[
						"8025.727746",
						"9.915726611e-16"
					],
					[
						"8030.46047",
						"9.832163634e-16"
					],
					[
						"8035.193195",
						"9.882352454e-16"
					],
					[
						"8039.92592",
						"9.963020695e-16"
					],
					[
						"8044.658644",
						"9.809638911e-16"
					],
					[
						"8049.391369",
						"9.764956864e-16"
					],
					[
						"8054.124093",
						"9.739552228e-16"
					],
					[
						"8058.856818",
						"9.562244939e-16"
					],
					[
						"8063.589542",
						"9.599979198e-16"
					],
					[
						"8068.322267",
						"9.590405608e-16"
					],
					[
						"8073.054992",
						"9.595476159e-16"
					],
					[
						"8077.787716",
						"9.567150318e-16"
					],
					[
						"8082.520441",
						"9.884503918e-16"
					],
					[
						"8087.253165",
						"9.997206945e-16"
					],
					[
						"8091.98589",
						"9.622628859e-16"
					],
					[
						"8096.718614",
						"9.730994019e-16"
					],
					[
						"8101.451339",
						"9.794335143e-16"
					],
					[
						"8106.184064",
						"9.732905137e-16"
					],
					[
						"8110.916788",
						"9.858799644e-16"
					],
					[
						"8115.649513",
						"9.903133348e-16"
					],
					[
						"8120.382237",
						"9.913211982e-16"
					],
					[
						"8125.114962",
						"9.757086869e-16"
					],
					[
						"8129.847687",
						"9.736536791e-16"
					],
					[
						"8134.580411",
						"9.753665915e-16"
					],
					[
						"8139.313136",
						"9.429285118e-16"
					],
					[
						"8144.04586",
						"9.549537327e-16"
					],
					[
						"8148.778585",
						"9.522288277e-16"
					],
					[
						"8153.511309",
						"9.336661007e-16"
					],
					[
						"8158.244034",
						"9.10538819e-16"
					],
					[
						"8162.976759",
						"9.4770726e-16"
					],
					[
						"8167.709483",
						"9.738513554e-16"
					],
					[
						"8172.442208",
						"9.582232799e-16"
					],
					[
						"8177.174932",
						"1.180753023e-15"
					],
					[
						"8181.907657",
						"1.199008065e-15"
					],
					[
						"8186.640381",
						"1.22043694e-15"
					],
					[
						"8191.373106",
						"1.257545983e-15"
					],
					[
						"8196.105831",
						"1.489129026e-15"
					]
				],
				"source":"10"
			}
		]
	}
}