{
	"ASASSN-15nh":{
		"schema":"https://github.com/astrocatalogs/supernovae/blob/a0bc0b9/SCHEMA.md",
		"name":"ASASSN-15nh",
		"sources":[
			{
				"name":"2016A&A...594A..13P",
				"bibcode":"2016A&A...594A..13P",
				"reference":"Planck Collaboration et al. (2016)",
				"alias":"1"
			},
			{
				"name":"ATel 7841",
				"bibcode":"2015ATel.7841....1D",
				"reference":"Dong et al. (2015)",
				"url":"http://www.astronomerstelegram.org/?read=7841",
				"alias":"2"
			},
			{
				"name":"2011ApJ...737..103S",
				"bibcode":"2011ApJ...737..103S",
				"reference":"Schlafly & Finkbeiner (2011)",
				"alias":"3"
			},
			{
				"name":"ASAS-SN Supernovae",
				"url":"http://www.astronomy.ohio-state.edu/~assassin/sn_list.html",
				"alias":"4"
			},
			{
				"name":"Latest Supernovae",
				"secondary":true,
				"url":"http://www.rochesterastronomy.org/snimages/snredshiftall.html",
				"alias":"5"
			},
			{
				"name":"The Open Supernova Catalog",
				"bibcode":"2017ApJ...835...64G",
				"reference":"Guillochon et al. (2017)",
				"secondary":true,
				"url":"https://sne.space",
				"alias":"6"
			}
		],
		"alias":[
			{
				"value":"ASASSN-15nh",
				"source":"2,4,5"
			}
		],
		"claimedtype":[
			{
				"value":"Ia",
				"source":"2,4,5"
			}
		],
		"comovingdist":[
			{
				"value":"236.38",
				"derived":true,
				"u_value":"Mpc",
				"source":"1,2,4,5,6"
			}
		],
		"dec":[
			{
				"value":"-03:01:01.5",
				"u_value":"degrees",
				"source":"2,5"
			},
			{
				"value":"-03:01:01.56",
				"u_value":"degrees",
				"source":"2,4"
			}
		],
		"discoverdate":[
			{
				"value":"2015/07/21",
				"source":"2,5"
			}
		],
		"discoverer":[
			{
				"value":"ASAS-SN",
				"source":"2,5"
			}
		],
		"ebv":[
			{
				"value":"0.0232",
				"derived":true,
				"e_value":"0.0013",
				"source":"3,6"
			}
		],
		"host":[
			{
				"value":"2MASX J00443129-0301012",
				"source":"2,4"
			}
		],
		"hostdec":[
			{
				"value":"-03:01:01.2",
				"derived":true,
				"u_value":"degrees",
				"source":"6"
			}
		],
		"hostoffsetang":[
			{
				"value":"0.06",
				"u_value":"arcseconds",
				"source":"2,4"
			}
		],
		"hostoffsetdist":[
			{
				"value":"0.07",
				"source":"1,2,4,5,6"
			}
		],
		"hostra":[
			{
				"value":"00:44:31.29",
				"derived":true,
				"u_value":"hours",
				"source":"6"
			}
		],
		"lumdist":[
			{
				"value":"249.169",
				"derived":true,
				"u_value":"Mpc",
				"source":"1,2,4,5,6"
			}
		],
		"maxabsmag":[
			{
				"value":"-19.7253",
				"derived":true,
				"source":"1,2,4,5,6"
			}
		],
		"maxappmag":[
			{
				"value":"17.2",
				"derived":true,
				"source":"2,5,6"
			}
		],
		"maxdate":[
			{
				"value":"2015/07/20",
				"derived":true,
				"source":"2,5,6"
			}
		],
		"maxvisualabsmag":[
			{
				"value":"-19.7825",
				"derived":true,
				"source":"1,2,4,5,6"
			}
		],
		"maxvisualappmag":[
			{
				"value":"17.2",
				"derived":true,
				"source":"2,5,6"
			}
		],
		"maxvisualdate":[
			{
				"value":"2015/07/20",
				"derived":true,
				"source":"2,5,6"
			}
		],
		"ra":[
			{
				"value":"00:44:31.28",
				"u_value":"hours",
				"source":"2,5"
			},
			{
				"value":"00:44:31.296",
				"u_value":"hours",
				"source":"2,4"
			}
		],
		"redshift":[
			{
				"value":"0.054097",
				"source":"2,4,5"
			}
		],
		"velocity":[
			{
				"value":"15780",
				"u_value":"km/s",
				"source":"6"
			}
		],
		"photometry":[
			{
				"time":"57223.5",
				"magnitude":"17.2",
				"u_time":"MJD",
				"source":"2,5"
			}
		]
	}
}