{
	"ASASSN-15kk":{
		"schema":"https://github.com/astrocatalogs/supernovae/blob/a0bc0b9/SCHEMA.md",
		"name":"ASASSN-15kk",
		"sources":[
			{
				"name":"2016A&A...594A..13P",
				"bibcode":"2016A&A...594A..13P",
				"reference":"Planck Collaboration et al. (2016)",
				"alias":"1"
			},
			{
				"name":"2015ATel.7593....1H",
				"bibcode":"2015ATel.7593....1H",
				"reference":"Holoien et al. (2015)",
				"alias":"2"
			},
			{
				"name":"2015ATel.7609....1P",
				"bibcode":"2015ATel.7609....1P",
				"reference":"Porter et al. (2015)",
				"alias":"3"
			},
			{
				"name":"2011ApJ...737..103S",
				"bibcode":"2011ApJ...737..103S",
				"reference":"Schlafly & Finkbeiner (2011)",
				"alias":"4"
			},
			{
				"name":"ASAS-SN Supernovae",
				"url":"http://www.astronomy.ohio-state.edu/~assassin/sn_list.html",
				"alias":"5"
			},
			{
				"name":"Latest Supernovae",
				"secondary":true,
				"url":"http://www.rochesterastronomy.org/snimages/snredshiftall.html",
				"alias":"6"
			},
			{
				"name":"The Open Supernova Catalog",
				"bibcode":"2017ApJ...835...64G",
				"reference":"Guillochon et al. (2017)",
				"secondary":true,
				"url":"https://sne.space",
				"alias":"7"
			},
			{
				"name":"SIMBAD astronomical database",
				"bibcode":"2000A&AS..143....9W",
				"reference":"Wenger et al. (2000)",
				"secondary":true,
				"url":"http://simbad.u-strasbg.fr/",
				"alias":"8"
			}
		],
		"alias":[
			{
				"value":"ASASSN-15kk",
				"source":"2,5,6,8"
			}
		],
		"claimedtype":[
			{
				"value":"Ia",
				"source":"2,3,5,6,8"
			}
		],
		"comovingdist":[
			{
				"value":"43.68",
				"derived":true,
				"u_value":"Mpc",
				"source":"1,2,5,7"
			}
		],
		"dec":[
			{
				"value":"+74:19:07.0",
				"u_value":"degrees",
				"source":"2,6,8"
			},
			{
				"value":"+74:19:07.68",
				"u_value":"degrees",
				"source":"2,5"
			}
		],
		"discoverdate":[
			{
				"value":"2015/06/05",
				"source":"2,6"
			}
		],
		"discoverer":[
			{
				"value":"ASAS-SN",
				"source":"2,6"
			}
		],
		"ebv":[
			{
				"value":"0.0277",
				"derived":true,
				"e_value":"0.0005",
				"source":"4,7"
			}
		],
		"host":[
			{
				"value":"UGC 4883",
				"source":"2,5,6"
			}
		],
		"hostoffsetang":[
			{
				"value":"4.5",
				"u_value":"arcseconds",
				"source":"2,5"
			}
		],
		"lumdist":[
			{
				"value":"44.114",
				"derived":true,
				"u_value":"Mpc",
				"source":"1,2,5,7"
			}
		],
		"maxabsmag":[
			{
				"value":"-18.912",
				"derived":true,
				"source":"1,2,5,7"
			}
		],
		"maxappmag":[
			{
				"value":"14.3",
				"derived":true,
				"source":"2,6,7"
			}
		],
		"maxdate":[
			{
				"value":"2015/06/07",
				"derived":true,
				"source":"2,6,7"
			}
		],
		"maxvisualabsmag":[
			{
				"value":"-18.923",
				"derived":true,
				"source":"1,2,5,7"
			}
		],
		"maxvisualappmag":[
			{
				"value":"14.3",
				"derived":true,
				"source":"2,6,7"
			}
		],
		"maxvisualdate":[
			{
				"value":"2015/06/07",
				"derived":true,
				"source":"2,6,7"
			}
		],
		"ra":[
			{
				"value":"09:18:31.05",
				"u_value":"hours",
				"source":"2,6,8"
			},
			{
				"value":"09:18:30.96",
				"u_value":"hours",
				"source":"2,5"
			}
		],
		"redshift":[
			{
				"value":"0.009893",
				"source":"2,5"
			}
		],
		"velocity":[
			{
				"value":"2951",
				"u_value":"km/s",
				"source":"7"
			}
		],
		"photometry":[
			{
				"time":"57180.5",
				"magnitude":"14.3",
				"u_time":"MJD",
				"source":"2,6"
			}
		]
	}
}