{
	"ASASSN-15tu":{
		"schema":"https://github.com/astrocatalogs/supernovae/blob/a0bc0b9/SCHEMA.md",
		"name":"ASASSN-15tu",
		"sources":[
			{
				"name":"2016A&A...594A..13P",
				"bibcode":"2016A&A...594A..13P",
				"reference":"Planck Collaboration et al. (2016)",
				"alias":"1"
			},
			{
				"name":"2015ATel.8386....1N",
				"bibcode":"2015ATel.8386....1N",
				"reference":"Nicholls et al. (2015)",
				"alias":"2"
			},
			{
				"name":"2015ATel.8434....1F",
				"bibcode":"2015ATel.8434....1F",
				"reference":"Foley et al. (2015)",
				"alias":"3"
			},
			{
				"name":"2011ApJ...737..103S",
				"bibcode":"2011ApJ...737..103S",
				"reference":"Schlafly & Finkbeiner (2011)",
				"alias":"4"
			},
			{
				"name":"ASAS-SN Supernovae",
				"url":"http://www.astronomy.ohio-state.edu/~assassin/sn_list.html",
				"alias":"5"
			},
			{
				"name":"Latest Supernovae",
				"secondary":true,
				"url":"http://www.rochesterastronomy.org/snimages/snredshiftall.html",
				"alias":"6"
			},
			{
				"name":"The Open Supernova Catalog",
				"bibcode":"2017ApJ...835...64G",
				"reference":"Guillochon et al. (2017)",
				"secondary":true,
				"url":"https://sne.space",
				"alias":"7"
			},
			{
				"name":"SIMBAD astronomical database",
				"bibcode":"2000A&AS..143....9W",
				"reference":"Wenger et al. (2000)",
				"secondary":true,
				"url":"http://simbad.u-strasbg.fr/",
				"alias":"8"
			}
		],
		"alias":[
			{
				"value":"ASASSN-15tu",
				"source":"2,5,6,8"
			}
		],
		"claimedtype":[
			{
				"value":"IIb",
				"source":"2,3,5,6,8"
			}
		],
		"comovingdist":[
			{
				"value":"55.6",
				"derived":true,
				"u_value":"Mpc",
				"source":"1,2,5,7"
			}
		],
		"dec":[
			{
				"value":"-32:23:53.58",
				"u_value":"degrees",
				"source":"2,8"
			},
			{
				"value":"-32:23:53.6",
				"u_value":"degrees",
				"source":"2,6"
			},
			{
				"value":"-32:23:53.52",
				"u_value":"degrees",
				"source":"2,5"
			}
		],
		"discoverdate":[
			{
				"value":"2015/12/08",
				"source":"2,6"
			}
		],
		"discoverer":[
			{
				"value":"ASAS-SN",
				"source":"2,6"
			}
		],
		"ebv":[
			{
				"value":"0.0114",
				"derived":true,
				"e_value":"0.0006",
				"source":"4,7"
			}
		],
		"host":[
			{
				"value":"2MASX J22340166-3223490",
				"source":"2,5"
			}
		],
		"hostdec":[
			{
				"value":"-32:23:49.0",
				"derived":true,
				"u_value":"degrees",
				"source":"7"
			}
		],
		"hostoffsetang":[
			{
				"value":"12.5",
				"u_value":"arcseconds",
				"source":"2,5"
			}
		],
		"hostoffsetdist":[
			{
				"value":"3.33",
				"source":"1,2,5,7,8"
			}
		],
		"hostra":[
			{
				"value":"22:34:01.66",
				"derived":true,
				"u_value":"hours",
				"source":"7"
			}
		],
		"lumdist":[
			{
				"value":"56.3",
				"derived":true,
				"u_value":"Mpc",
				"source":"1,2,5,7"
			}
		],
		"maxabsmag":[
			{
				"value":"-17.44",
				"derived":true,
				"source":"1,2,5,7"
			}
		],
		"maxappmag":[
			{
				"value":"16.3",
				"derived":true,
				"source":"2,6,7"
			}
		],
		"maxdate":[
			{
				"value":"2015/12/07",
				"derived":true,
				"source":"2,6,7"
			}
		],
		"maxvisualabsmag":[
			{
				"value":"-17.45",
				"derived":true,
				"source":"1,2,5,7"
			}
		],
		"maxvisualappmag":[
			{
				"value":"16.3",
				"derived":true,
				"source":"2,6,7"
			}
		],
		"maxvisualdate":[
			{
				"value":"2015/12/07",
				"derived":true,
				"source":"2,6,7"
			}
		],
		"ra":[
			{
				"value":"22:34:02.580",
				"u_value":"hours",
				"source":"2,8"
			},
			{
				"value":"22:34:02.58",
				"u_value":"hours",
				"source":"2,6"
			},
			{
				"value":"22:34:02.64",
				"u_value":"hours",
				"source":"2,5"
			}
		],
		"redshift":[
			{
				"value":"0.0126",
				"source":"2,5"
			}
		],
		"velocity":[
			{
				"value":"3750",
				"u_value":"km/s",
				"source":"7"
			}
		],
		"photometry":[
			{
				"time":"57363.5",
				"magnitude":"16.3",
				"u_time":"MJD",
				"source":"2,6"
			}
		]
	}
}