{
	"ASASSN-15bd":{
		"schema":"https://github.com/astrocatalogs/supernovae/blob/a0bc0b9/SCHEMA.md",
		"name":"ASASSN-15bd",
		"sources":[
			{
				"name":"2016A&A...594A..13P",
				"bibcode":"2016A&A...594A..13P",
				"reference":"Planck Collaboration et al. (2016)",
				"alias":"1"
			},
			{
				"name":"ATel 6945",
				"bibcode":"2015ATel.6945....1K",
				"reference":"Kiyota et al. (2015)",
				"url":"http://www.astronomerstelegram.org/?read=6945",
				"alias":"2"
			},
			{
				"name":"ATel 6956",
				"bibcode":"2015ATel.6956....1C",
				"reference":"Challis et al. (2015)",
				"url":"http://www.astronomerstelegram.org/?read=6956",
				"alias":"3"
			},
			{
				"name":"2011ApJ...737..103S",
				"bibcode":"2011ApJ...737..103S",
				"reference":"Schlafly & Finkbeiner (2011)",
				"alias":"4"
			},
			{
				"name":"ASAS-SN Supernovae",
				"url":"http://www.astronomy.ohio-state.edu/~assassin/sn_list.html",
				"alias":"5"
			},
			{
				"name":"Latest Supernovae",
				"secondary":true,
				"url":"http://www.rochesterastronomy.org/snimages/snredshiftall.html",
				"alias":"6"
			},
			{
				"name":"The Open Supernova Catalog",
				"bibcode":"2017ApJ...835...64G",
				"reference":"Guillochon et al. (2017)",
				"secondary":true,
				"url":"https://sne.space",
				"alias":"7"
			}
		],
		"alias":[
			{
				"value":"ASASSN-15bd",
				"source":"2,5,6"
			}
		],
		"claimedtype":[
			{
				"value":"IIb",
				"source":"2,3,5,6"
			}
		],
		"comovingdist":[
			{
				"value":"35.1",
				"derived":true,
				"u_value":"Mpc",
				"source":"1,2,5,6,7"
			}
		],
		"dec":[
			{
				"value":"+16:36:38.1",
				"u_value":"degrees",
				"source":"2,6"
			},
			{
				"value":"+16:36:38.16",
				"u_value":"degrees",
				"source":"2,5"
			}
		],
		"discoverdate":[
			{
				"value":"2015/01/08",
				"source":"2,6"
			}
		],
		"discoverer":[
			{
				"value":"ASAS-SN",
				"source":"2,6"
			}
		],
		"ebv":[
			{
				"value":"0.0294",
				"derived":true,
				"e_value":"0.001",
				"source":"4,7"
			}
		],
		"host":[
			{
				"value":"SDSS J155438.39+163637.6",
				"source":"2,5"
			}
		],
		"hostdec":[
			{
				"value":"+16:36:37.6",
				"derived":true,
				"u_value":"degrees",
				"source":"7"
			}
		],
		"hostoffsetang":[
			{
				"value":"1.08",
				"u_value":"arcseconds",
				"source":"2,5"
			}
		],
		"hostoffsetdist":[
			{
				"value":"0.182",
				"source":"1,2,5,6,7"
			}
		],
		"hostra":[
			{
				"value":"15:54:38.39",
				"derived":true,
				"u_value":"hours",
				"source":"7"
			}
		],
		"lumdist":[
			{
				"value":"35.38",
				"derived":true,
				"u_value":"Mpc",
				"source":"1,2,5,6,7"
			}
		],
		"maxabsmag":[
			{
				"value":"-16.535",
				"derived":true,
				"source":"1,2,5,6,7"
			}
		],
		"maxappmag":[
			{
				"value":"16.2",
				"derived":true,
				"source":"2,6,7"
			}
		],
		"maxdate":[
			{
				"value":"2015/01/28",
				"derived":true,
				"source":"2,6,7"
			}
		],
		"maxvisualabsmag":[
			{
				"value":"-16.544",
				"derived":true,
				"source":"1,2,5,6,7"
			}
		],
		"maxvisualappmag":[
			{
				"value":"16.2",
				"derived":true,
				"source":"2,6,7"
			}
		],
		"maxvisualdate":[
			{
				"value":"2015/01/28",
				"derived":true,
				"source":"2,6,7"
			}
		],
		"ra":[
			{
				"value":"15:54:38.33",
				"u_value":"hours",
				"source":"2,6"
			},
			{
				"value":"15:54:38.4",
				"u_value":"hours",
				"source":"2,5"
			}
		],
		"redshift":[
			{
				"value":"0.007946",
				"source":"2,5,6"
			}
		],
		"velocity":[
			{
				"value":"2373",
				"u_value":"km/s",
				"source":"7"
			}
		],
		"photometry":[
			{
				"time":"57050.5",
				"magnitude":"16.2",
				"u_time":"MJD",
				"source":"2,6"
			}
		]
	}
}