{
	"ASASSN-15ga":{
		"schema":"https://github.com/astrocatalogs/supernovae/blob/a0bc0b9/SCHEMA.md",
		"name":"ASASSN-15ga",
		"sources":[
			{
				"name":"2016A&A...594A..13P",
				"bibcode":"2016A&A...594A..13P",
				"reference":"Planck Collaboration et al. (2016)",
				"alias":"1"
			},
			{
				"name":"2015ATel.7317....1B",
				"bibcode":"2015ATel.7317....1B",
				"reference":"Brimacombe et al. (2015)",
				"alias":"2"
			},
			{
				"name":"2015ATel.7333....1P",
				"bibcode":"2015ATel.7333....1P",
				"reference":"Piascik & Steele (2015)",
				"alias":"3"
			},
			{
				"name":"ATel 7323",
				"bibcode":"2015ATel.7323....1E",
				"reference":"Elias-Rosa et al. (2015)",
				"url":"http://www.astronomerstelegram.org/?read=7323",
				"alias":"4"
			},
			{
				"name":"2011ApJ...737..103S",
				"bibcode":"2011ApJ...737..103S",
				"reference":"Schlafly & Finkbeiner (2011)",
				"alias":"5"
			},
			{
				"name":"ASAS-SN Supernovae",
				"url":"http://www.astronomy.ohio-state.edu/~assassin/sn_list.html",
				"alias":"6"
			},
			{
				"name":"Latest Supernovae",
				"secondary":true,
				"url":"http://www.rochesterastronomy.org/snimages/snredshiftall.html",
				"alias":"7"
			},
			{
				"name":"The Open Supernova Catalog",
				"bibcode":"2017ApJ...835...64G",
				"reference":"Guillochon et al. (2017)",
				"secondary":true,
				"url":"https://sne.space",
				"alias":"8"
			},
			{
				"name":"SIMBAD astronomical database",
				"bibcode":"2000A&AS..143....9W",
				"reference":"Wenger et al. (2000)",
				"secondary":true,
				"url":"http://simbad.u-strasbg.fr/",
				"alias":"9"
			}
		],
		"alias":[
			{
				"value":"ASASSN-15ga",
				"source":"2,6,7,9"
			}
		],
		"claimedtype":[
			{
				"value":"Ia",
				"source":"3,9"
			},
			{
				"value":"Ia-91bg",
				"source":"2,4,6,7"
			}
		],
		"comovingdist":[
			{
				"value":"29.3",
				"derived":true,
				"u_value":"Mpc",
				"source":"1,2,6,8"
			}
		],
		"dec":[
			{
				"value":"+14:10:15.79",
				"u_value":"degrees",
				"source":"2,9"
			},
			{
				"value":"+14:10:15.8",
				"u_value":"degrees",
				"source":"2,7"
			},
			{
				"value":"+14:10:15.6",
				"u_value":"degrees",
				"source":"2,6"
			}
		],
		"discoverdate":[
			{
				"value":"2015/03/30",
				"source":"2,7"
			}
		],
		"discoverer":[
			{
				"value":"ASAS-SN",
				"source":"2,7"
			}
		],
		"ebv":[
			{
				"value":"0.0236",
				"derived":true,
				"e_value":"0.0008",
				"source":"5,8"
			}
		],
		"host":[
			{
				"value":"NGC 4866",
				"source":"2,6,7"
			}
		],
		"hostoffsetang":[
			{
				"value":"2.4",
				"u_value":"arcseconds",
				"source":"2,6"
			}
		],
		"lumdist":[
			{
				"value":"29.496",
				"derived":true,
				"u_value":"Mpc",
				"source":"1,2,6,8"
			}
		],
		"maxabsmag":[
			{
				"value":"-16.742",
				"derived":true,
				"source":"1,2,6,8"
			}
		],
		"maxappmag":[
			{
				"value":"15.6",
				"derived":true,
				"source":"2,7,8"
			}
		],
		"maxdate":[
			{
				"value":"2015/03/29",
				"derived":true,
				"source":"2,7,8"
			}
		],
		"maxvisualabsmag":[
			{
				"value":"-16.749",
				"derived":true,
				"source":"1,2,6,8"
			}
		],
		"maxvisualappmag":[
			{
				"value":"15.6",
				"derived":true,
				"source":"2,7,8"
			}
		],
		"maxvisualdate":[
			{
				"value":"2015/03/29",
				"derived":true,
				"source":"2,7,8"
			}
		],
		"ra":[
			{
				"value":"12:59:27.292",
				"u_value":"hours",
				"source":"2,9"
			},
			{
				"value":"12:59:27.29",
				"u_value":"hours",
				"source":"2,7"
			},
			{
				"value":"12:59:27.36",
				"u_value":"hours",
				"source":"2,6"
			}
		],
		"redshift":[
			{
				"value":"0.006631",
				"source":"2,6"
			}
		],
		"velocity":[
			{
				"value":"1981",
				"u_value":"km/s",
				"source":"8"
			}
		],
		"photometry":[
			{
				"time":"57110.5",
				"magnitude":"15.6",
				"u_time":"MJD",
				"source":"2,7"
			}
		]
	}
}