{
	"ASASSN-15uq":{
		"schema":"https://github.com/astrocatalogs/supernovae/blob/a0bc0b9/SCHEMA.md",
		"name":"ASASSN-15uq",
		"sources":[
			{
				"name":"2016ATel.8503....1D",
				"bibcode":"2016ATel.8503....1D",
				"reference":"Dimitriadis et al. (2016)",
				"alias":"1"
			},
			{
				"name":"2016A&A...594A..13P",
				"bibcode":"2016A&A...594A..13P",
				"reference":"Planck Collaboration et al. (2016)",
				"alias":"2"
			},
			{
				"name":"2015ATel.8473....1B",
				"bibcode":"2015ATel.8473....1B",
				"reference":"Brimacombe et al. (2015)",
				"alias":"3"
			},
			{
				"name":"2011ApJ...737..103S",
				"bibcode":"2011ApJ...737..103S",
				"reference":"Schlafly & Finkbeiner (2011)",
				"alias":"4"
			},
			{
				"name":"ASAS-SN Supernovae",
				"url":"http://www.astronomy.ohio-state.edu/~assassin/sn_list.html",
				"alias":"5"
			},
			{
				"name":"Latest Supernovae",
				"secondary":true,
				"url":"http://www.rochesterastronomy.org/snimages/snredshiftall.html",
				"alias":"6"
			},
			{
				"name":"The Open Supernova Catalog",
				"bibcode":"2017ApJ...835...64G",
				"reference":"Guillochon et al. (2017)",
				"secondary":true,
				"url":"https://sne.space",
				"alias":"7"
			},
			{
				"name":"WISeREP",
				"bibcode":"2012PASP..124..668Y",
				"reference":"Yaron & Gal-Yam (2012)",
				"secondary":true,
				"url":"http://wiserep.weizmann.ac.il/",
				"alias":"8"
			},
			{
				"name":"SIMBAD astronomical database",
				"bibcode":"2000A&AS..143....9W",
				"reference":"Wenger et al. (2000)",
				"secondary":true,
				"url":"http://simbad.u-strasbg.fr/",
				"alias":"9"
			}
		],
		"alias":[
			{
				"value":"ASASSN-15uq",
				"source":"3,5,6,8,9"
			}
		],
		"claimedtype":[
			{
				"value":"Ia",
				"source":"1,3,5,6,8,9"
			}
		],
		"comovingdist":[
			{
				"value":"97",
				"derived":true,
				"u_value":"Mpc",
				"source":"2,3,5,6,7,8"
			}
		],
		"dec":[
			{
				"value":"-65:07:56.95",
				"u_value":"degrees",
				"source":"3,9"
			},
			{
				"value":"-65:07:56.9",
				"u_value":"degrees",
				"source":"3,6"
			},
			{
				"value":"-65:07:57",
				"u_value":"degrees",
				"source":"3,5"
			}
		],
		"discoverdate":[
			{
				"value":"2015/12/29",
				"source":"3,6"
			}
		],
		"discoverer":[
			{
				"value":"ASAS-SN",
				"source":"3,6"
			}
		],
		"ebv":[
			{
				"value":"0.0983",
				"derived":true,
				"e_value":"0.0021",
				"source":"4,7"
			}
		],
		"hostoffsetang":[
			{
				"value":"5.3",
				"u_value":"arcseconds",
				"source":"3,5"
			}
		],
		"lumdist":[
			{
				"value":"99",
				"derived":true,
				"u_value":"Mpc",
				"source":"2,3,5,6,7,8"
			}
		],
		"maxabsmag":[
			{
				"value":"-18.8",
				"derived":true,
				"source":"2,3,5,6,7,8"
			}
		],
		"maxappmag":[
			{
				"value":"16.2",
				"derived":true,
				"source":"3,6,7"
			}
		],
		"maxdate":[
			{
				"value":"2015/12/28",
				"derived":true,
				"source":"3,6,7"
			}
		],
		"maxvisualabsmag":[
			{
				"value":"-18.8",
				"derived":true,
				"source":"2,3,5,6,7,8"
			}
		],
		"maxvisualappmag":[
			{
				"value":"16.2",
				"derived":true,
				"source":"3,6,7"
			}
		],
		"maxvisualdate":[
			{
				"value":"2015/12/28",
				"derived":true,
				"source":"3,6,7"
			}
		],
		"ra":[
			{
				"value":"07:09:58.685",
				"u_value":"hours",
				"source":"3,9"
			},
			{
				"value":"07:09:58.69",
				"u_value":"hours",
				"source":"3,6"
			},
			{
				"value":"07:09:58.8",
				"u_value":"hours",
				"source":"3,5"
			}
		],
		"redshift":[
			{
				"value":"0.022",
				"source":"3,5,6,8"
			}
		],
		"velocity":[
			{
				"value":"6500",
				"u_value":"km/s",
				"source":"7"
			}
		],
		"photometry":[
			{
				"time":"57384.5",
				"magnitude":"16.2",
				"u_time":"MJD",
				"source":"3,6"
			}
		],
		"spectra":[
			{
				"time":"57390.0",
				"filename":"tASASSN-15uq_20160102_Gr13_Free_slit1.0_1_f.asci",
				"instrument":"ESO-NTT - EFOSC2-NTT",
				"observer":"Dimitriadis, Frohmaier, Firth",
				"redshift":"0.022",
				"reducer":"Firth, Frohmaier, Dimitriadis",
				"reduction":"rapid",
				"survey":"PESSTO",
				"u_fluxes":"erg/s/cm^2/Angstrom",
				"u_time":"MJD",
				"u_wavelengths":"Angstrom",
				"data":[
					[
						"3644.047852",
						"3.35221e-15"
					],
					[
						"3649.56578",
						"3.35423e-15"
					],
					[
						"3655.083709",
						"3.2237e-15"
					],
					[
						"3660.601637",
						"3.3568e-15"
					],
					[
						"3666.119566",
						"3.3013e-15"
					],
					[
						"3671.637495",
						"3.16261e-15"
					],
					[
						"3677.155423",
						"3.03847e-15"
					],
					[
						"3682.673352",
						"3.2213e-15"
					],
					[
						"3688.19128",
						"3.1786e-15"
					],
					[
						"3693.709209",
						"3.21361e-15"
					],
					[
						"3699.227138",
						"3.04235e-15"
					],
					[
						"3704.745066",
						"3.00753e-15"
					],
					[
						"3710.262995",
						"2.87959e-15"
					],
					[
						"3715.780923",
						"2.67596e-15"
					],
					[
						"3721.298852",
						"2.59501e-15"
					],
					[
						"3726.816781",
						"2.39099e-15"
					],
					[
						"3732.334709",
						"2.37753e-15"
					],
					[
						"3737.852638",
						"2.13264e-15"
					],
					[
						"3743.370566",
						"1.87019e-15"
					],
					[
						"3748.888495",
						"1.77483e-15"
					],
					[
						"3754.406424",
						"1.68855e-15"
					],
					[
						"3759.924352",
						"1.64993e-15"
					],
					[
						"3765.442281",
						"1.4908e-15"
					],
					[
						"3770.960209",
						"1.48263e-15"
					],
					[
						"3776.478138",
						"1.37612e-15"
					],
					[
						"3781.996067",
						"1.32111e-15"
					],
					[
						"3787.513995",
						"1.31669e-15"
					],
					[
						"3793.031924",
						"1.2765e-15"
					],
					[
						"3798.549852",
						"1.26015e-15"
					],
					[
						"3804.067781",
						"1.21225e-15"
					],
					[
						"3809.58571",
						"1.21979e-15"
					],
					[
						"3815.103638",
						"1.3136e-15"
					],
					[
						"3820.621567",
						"1.23227e-15"
					],
					[
						"3826.139495",
						"1.27512e-15"
					],
					[
						"3831.657424",
						"1.36586e-15"
					],
					[
						"3837.175353",
						"1.28201e-15"
					],
					[
						"3842.693281",
						"1.31186e-15"
					],
					[
						"3848.21121",
						"1.30646e-15"
					],
					[
						"3853.729138",
						"1.32402e-15"
					],
					[
						"3859.247067",
						"1.36752e-15"
					],
					[
						"3864.764996",
						"1.43682e-15"
					],
					[
						"3870.282924",
						"1.42089e-15"
					],
					[
						"3875.800853",
						"1.44792e-15"
					],
					[
						"3881.318781",
						"1.4821e-15"
					],
					[
						"3886.83671",
						"1.5555e-15"
					],
					[
						"3892.354639",
						"1.6659e-15"
					],
					[
						"3897.872567",
						"1.75522e-15"
					],
					[
						"3903.390496",
						"1.93251e-15"
					],
					[
						"3908.908424",
						"2.01809e-15"
					],
					[
						"3914.426353",
						"2.09165e-15"
					],
					[
						"3919.944282",
						"2.27298e-15"
					],
					[
						"3925.46221",
						"2.45775e-15"
					],
					[
						"3930.980139",
						"2.57836e-15"
					],
					[
						"3936.498067",
						"2.8032e-15"
					],
					[
						"3942.015996",
						"3.04765e-15"
					],
					[
						"3947.533925",
						"3.30409e-15"
					],
					[
						"3953.051853",
						"3.47095e-15"
					],
					[
						"3958.569782",
						"3.61799e-15"
					],
					[
						"3964.08771",
						"3.73269e-15"
					],
					[
						"3969.605639",
						"3.83798e-15"
					],
					[
						"3975.123568",
						"3.91088e-15"
					],
					[
						"3980.641496",
						"3.93804e-15"
					],
					[
						"3986.159425",
						"3.99067e-15"
					],
					[
						"3991.677353",
						"3.98505e-15"
					],
					[
						"3997.195282",
						"4.03081e-15"
					],
					[
						"4002.713211",
						"4.10395e-15"
					],
					[
						"4008.231139",
						"4.02582e-15"
					],
					[
						"4013.749068",
						"3.98502e-15"
					],
					[
						"4019.266996",
						"3.99369e-15"
					],
					[
						"4024.784925",
						"3.94534e-15"
					],
					[
						"4030.302854",
						"3.80538e-15"
					],
					[
						"4035.820782",
						"3.84237e-15"
					],
					[
						"4041.338711",
						"3.88141e-15"
					],
					[
						"4046.856639",
						"3.79928e-15"
					],
					[
						"4052.374568",
						"3.72382e-15"
					],
					[
						"4057.892497",
						"3.65085e-15"
					],
					[
						"4063.410425",
						"3.64418e-15"
					],
					[
						"4068.928354",
						"3.56809e-15"
					],
					[
						"4074.446282",
						"3.61115e-15"
					],
					[
						"4079.964211",
						"3.60925e-15"
					],
					[
						"4085.48214",
						"3.51065e-15"
					],
					[
						"4091.000068",
						"3.57305e-15"
					],
					[
						"4096.517997",
						"3.71834e-15"
					],
					[
						"4102.035925",
						"3.74509e-15"
					],
					[
						"4107.553854",
						"3.82184e-15"
					],
					[
						"4113.071783",
						"3.80958e-15"
					],
					[
						"4118.589711",
						"3.90307e-15"
					],
					[
						"4124.10764",
						"4.03914e-15"
					],
					[
						"4129.625568",
						"4.06118e-15"
					],
					[
						"4135.143497",
						"4.00673e-15"
					],
					[
						"4140.661426",
						"4.13632e-15"
					],
					[
						"4146.179354",
						"4.17518e-15"
					],
					[
						"4151.697283",
						"4.14597e-15"
					],
					[
						"4157.215211",
						"4.14856e-15"
					],
					[
						"4162.73314",
						"4.20324e-15"
					],
					[
						"4168.251069",
						"4.21028e-15"
					],
					[
						"4173.768997",
						"4.19605e-15"
					],
					[
						"4179.286926",
						"4.1092e-15"
					],
					[
						"4184.804854",
						"4.01649e-15"
					],
					[
						"4190.322783",
						"4.0363e-15"
					],
					[
						"4195.840712",
						"3.92757e-15"
					],
					[
						"4201.35864",
						"3.82437e-15"
					],
					[
						"4206.876569",
						"3.83542e-15"
					],
					[
						"4212.394497",
						"3.75661e-15"
					],
					[
						"4217.912426",
						"3.59777e-15"
					],
					[
						"4223.430355",
						"3.56157e-15"
					],
					[
						"4228.948283",
						"3.54164e-15"
					],
					[
						"4234.466212",
						"3.46741e-15"
					],
					[
						"4239.98414",
						"3.45799e-15"
					],
					[
						"4245.502069",
						"3.4773e-15"
					],
					[
						"4251.019998",
						"3.41545e-15"
					],
					[
						"4256.537926",
						"3.47786e-15"
					],
					[
						"4262.055855",
						"3.41941e-15"
					],
					[
						"4267.573783",
						"3.41187e-15"
					],
					[
						"4273.091712",
						"3.32557e-15"
					],
					[
						"4278.609641",
						"3.26212e-15"
					],
					[
						"4284.127569",
						"3.18788e-15"
					],
					[
						"4289.645498",
						"3.09802e-15"
					],
					[
						"4295.163426",
						"2.98059e-15"
					],
					[
						"4300.681355",
						"2.95389e-15"
					],
					[
						"4306.199284",
						"2.91485e-15"
					],
					[
						"4311.717212",
						"2.73708e-15"
					],
					[
						"4317.235141",
						"2.74948e-15"
					],
					[
						"4322.753069",
						"2.71697e-15"
					],
					[
						"4328.270998",
						"2.59076e-15"
					],
					[
						"4333.788927",
						"2.58622e-15"
					],
					[
						"4339.306855",
						"2.45988e-15"
					],
					[
						"4344.824784",
						"2.34092e-15"
					],
					[
						"4350.342712",
						"2.29102e-15"
					],
					[
						"4355.860641",
						"2.2118e-15"
					],
					[
						"4361.37857",
						"2.05715e-15"
					],
					[
						"4366.896498",
						"2.05611e-15"
					],
					[
						"4372.414427",
						"1.95179e-15"
					],
					[
						"4377.932355",
						"1.89614e-15"
					],
					[
						"4383.450284",
						"1.829e-15"
					],
					[
						"4388.968213",
						"1.84985e-15"
					],
					[
						"4394.486141",
						"1.87746e-15"
					],
					[
						"4400.00407",
						"1.84907e-15"
					],
					[
						"4405.521998",
						"1.9197e-15"
					],
					[
						"4411.039927",
						"2.00623e-15"
					],
					[
						"4416.557856",
						"2.01013e-15"
					],
					[
						"4422.075784",
						"2.06285e-15"
					],
					[
						"4427.593713",
						"2.07647e-15"
					],
					[
						"4433.111641",
						"2.13307e-15"
					],
					[
						"4438.62957",
						"2.13464e-15"
					],
					[
						"4444.147499",
						"2.1864e-15"
					],
					[
						"4449.665427",
						"2.21044e-15"
					],
					[
						"4455.183356",
						"2.29036e-15"
					],
					[
						"4460.701284",
						"2.31968e-15"
					],
					[
						"4466.219213",
						"2.3866e-15"
					],
					[
						"4471.737142",
						"2.40027e-15"
					],
					[
						"4477.25507",
						"2.48827e-15"
					],
					[
						"4482.772999",
						"2.47543e-15"
					],
					[
						"4488.290927",
						"2.52258e-15"
					],
					[
						"4493.808856",
						"2.53989e-15"
					],
					[
						"4499.326785",
						"2.48676e-15"
					],
					[
						"4504.844713",
						"2.47974e-15"
					],
					[
						"4510.362642",
						"2.37727e-15"
					],
					[
						"4515.88057",
						"2.39031e-15"
					],
					[
						"4521.398499",
						"2.29298e-15"
					],
					[
						"4526.916428",
						"2.26434e-15"
					],
					[
						"4532.434356",
						"2.31507e-15"
					],
					[
						"4537.952285",
						"2.26311e-15"
					],
					[
						"4543.470213",
						"2.33192e-15"
					],
					[
						"4548.988142",
						"2.32453e-15"
					],
					[
						"4554.506071",
						"2.41034e-15"
					],
					[
						"4560.023999",
						"2.50349e-15"
					],
					[
						"4565.541928",
						"2.5887e-15"
					],
					[
						"4571.059856",
						"2.62155e-15"
					],
					[
						"4576.577785",
						"2.71172e-15"
					],
					[
						"4582.095714",
						"2.77532e-15"
					],
					[
						"4587.613642",
						"2.76473e-15"
					],
					[
						"4593.131571",
						"2.78127e-15"
					],
					[
						"4598.649499",
						"2.79231e-15"
					],
					[
						"4604.167428",
						"2.76582e-15"
					],
					[
						"4609.685357",
						"2.79812e-15"
					],
					[
						"4615.203285",
						"2.82723e-15"
					],
					[
						"4620.721214",
						"2.8178e-15"
					],
					[
						"4626.239142",
						"2.72688e-15"
					],
					[
						"4631.757071",
						"2.73831e-15"
					],
					[
						"4637.275",
						"2.74872e-15"
					],
					[
						"4642.792928",
						"2.70539e-15"
					],
					[
						"4648.310857",
						"2.62676e-15"
					],
					[
						"4653.828785",
						"2.69657e-15"
					],
					[
						"4659.346714",
						"2.6727e-15"
					],
					[
						"4664.864643",
						"2.64852e-15"
					],
					[
						"4670.382571",
						"2.64459e-15"
					],
					[
						"4675.9005",
						"2.69519e-15"
					],
					[
						"4681.418428",
						"2.66633e-15"
					],
					[
						"4686.936357",
						"2.63651e-15"
					],
					[
						"4692.454286",
						"2.67026e-15"
					],
					[
						"4697.972214",
						"2.69353e-15"
					],
					[
						"4703.490143",
						"2.67041e-15"
					],
					[
						"4709.008071",
						"2.66391e-15"
					],
					[
						"4714.526",
						"2.63795e-15"
					],
					[
						"4720.043929",
						"2.58984e-15"
					],
					[
						"4725.561857",
						"2.5509e-15"
					],
					[
						"4731.079786",
						"2.49493e-15"
					],
					[
						"4736.597714",
						"2.4333e-15"
					],
					[
						"4742.115643",
						"2.39768e-15"
					],
					[
						"4747.633572",
						"2.30038e-15"
					],
					[
						"4753.1515",
						"2.24439e-15"
					],
					[
						"4758.669429",
						"2.2439e-15"
					],
					[
						"4764.187357",
						"2.2263e-15"
					],
					[
						"4769.705286",
						"2.20272e-15"
					],
					[
						"4775.223215",
						"2.14278e-15"
					],
					[
						"4780.741143",
						"2.11729e-15"
					],
					[
						"4786.259072",
						"2.13481e-15"
					],
					[
						"4791.777",
						"2.17684e-15"
					],
					[
						"4797.294929",
						"2.16024e-15"
					],
					[
						"4802.812858",
						"2.14722e-15"
					],
					[
						"4808.330786",
						"2.12776e-15"
					],
					[
						"4813.848715",
						"2.13337e-15"
					],
					[
						"4819.366643",
						"2.06012e-15"
					],
					[
						"4824.884572",
						"2.08255e-15"
					],
					[
						"4830.402501",
						"2.03692e-15"
					],
					[
						"4835.920429",
						"2.01844e-15"
					],
					[
						"4841.438358",
						"1.98725e-15"
					],
					[
						"4846.956286",
						"1.96565e-15"
					],
					[
						"4852.474215",
						"1.93066e-15"
					],
					[
						"4857.992144",
						"1.87507e-15"
					],
					[
						"4863.510072",
						"1.87526e-15"
					],
					[
						"4869.028001",
						"1.87066e-15"
					],
					[
						"4874.545929",
						"1.88777e-15"
					],
					[
						"4880.063858",
						"1.90896e-15"
					],
					[
						"4885.581787",
						"1.90636e-15"
					],
					[
						"4891.099715",
						"1.93731e-15"
					],
					[
						"4896.617644",
						"1.9304e-15"
					],
					[
						"4902.135572",
						"1.9038e-15"
					],
					[
						"4907.653501",
						"1.89602e-15"
					],
					[
						"4913.17143",
						"1.85696e-15"
					],
					[
						"4918.689358",
						"1.78028e-15"
					],
					[
						"4924.207287",
						"1.73465e-15"
					],
					[
						"4929.725215",
						"1.68221e-15"
					],
					[
						"4935.243144",
						"1.62392e-15"
					],
					[
						"4940.761073",
						"1.58e-15"
					],
					[
						"4946.279001",
						"1.54921e-15"
					],
					[
						"4951.79693",
						"1.50973e-15"
					],
					[
						"4957.314858",
						"1.4676e-15"
					],
					[
						"4962.832787",
						"1.52998e-15"
					],
					[
						"4968.350716",
						"1.50565e-15"
					],
					[
						"4973.868644",
						"1.51926e-15"
					],
					[
						"4979.386573",
						"1.53053e-15"
					],
					[
						"4984.904501",
						"1.58274e-15"
					],
					[
						"4990.42243",
						"1.57463e-15"
					],
					[
						"4995.940359",
						"1.62919e-15"
					],
					[
						"5001.458287",
						"1.62641e-15"
					],
					[
						"5006.976216",
						"1.67935e-15"
					],
					[
						"5012.494144",
						"1.62302e-15"
					],
					[
						"5018.012073",
						"1.69228e-15"
					],
					[
						"5023.530002",
						"1.67574e-15"
					],
					[
						"5029.04793",
						"1.67272e-15"
					],
					[
						"5034.565859",
						"1.58263e-15"
					],
					[
						"5040.083787",
						"1.6064e-15"
					],
					[
						"5045.601716",
						"1.62976e-15"
					],
					[
						"5051.119645",
						"1.61246e-15"
					],
					[
						"5056.637573",
						"1.56508e-15"
					],
					[
						"5062.155502",
						"1.58345e-15"
					],
					[
						"5067.67343",
						"1.56266e-15"
					],
					[
						"5073.191359",
						"1.58079e-15"
					],
					[
						"5078.709288",
						"1.55006e-15"
					],
					[
						"5084.227216",
						"1.53568e-15"
					],
					[
						"5089.745145",
						"1.55573e-15"
					],
					[
						"5095.263073",
						"1.56436e-15"
					],
					[
						"5100.781002",
						"1.55775e-15"
					],
					[
						"5106.298931",
						"1.56884e-15"
					],
					[
						"5111.816859",
						"1.58426e-15"
					],
					[
						"5117.334788",
						"1.62765e-15"
					],
					[
						"5122.852716",
						"1.65005e-15"
					],
					[
						"5128.370645",
						"1.65721e-15"
					],
					[
						"5133.888574",
						"1.66106e-15"
					],
					[
						"5139.406502",
						"1.66279e-15"
					],
					[
						"5144.924431",
						"1.69946e-15"
					],
					[
						"5150.442359",
						"1.76435e-15"
					],
					[
						"5155.960288",
						"1.77838e-15"
					],
					[
						"5161.478217",
						"1.77356e-15"
					],
					[
						"5166.996145",
						"1.81071e-15"
					],
					[
						"5172.514074",
						"1.87807e-15"
					],
					[
						"5178.032002",
						"1.88562e-15"
					],
					[
						"5183.549931",
						"1.9222e-15"
					],
					[
						"5189.06786",
						"1.96616e-15"
					],
					[
						"5194.585788",
						"2.00675e-15"
					],
					[
						"5200.103717",
						"2.01902e-15"
					],
					[
						"5205.621645",
						"2.03008e-15"
					],
					[
						"5211.139574",
						"2.05447e-15"
					],
					[
						"5216.657503",
						"2.07721e-15"
					],
					[
						"5222.175431",
						"2.06102e-15"
					],
					[
						"5227.69336",
						"2.07145e-15"
					],
					[
						"5233.211288",
						"2.06262e-15"
					],
					[
						"5238.729217",
						"2.04725e-15"
					],
					[
						"5244.247146",
						"2.04153e-15"
					],
					[
						"5249.765074",
						"2.01985e-15"
					],
					[
						"5255.283003",
						"2.01048e-15"
					],
					[
						"5260.800931",
						"1.96909e-15"
					],
					[
						"5266.31886",
						"1.99241e-15"
					],
					[
						"5271.836789",
						"1.92213e-15"
					],
					[
						"5277.354717",
						"1.9444e-15"
					],
					[
						"5282.872646",
						"1.97472e-15"
					],
					[
						"5288.390574",
						"1.94665e-15"
					],
					[
						"5293.908503",
						"1.98547e-15"
					],
					[
						"5299.426432",
						"1.97519e-15"
					],
					[
						"5304.94436",
						"1.97318e-15"
					],
					[
						"5310.462289",
						"1.92376e-15"
					],
					[
						"5315.980217",
						"1.90963e-15"
					],
					[
						"5321.498146",
						"1.84448e-15"
					],
					[
						"5327.016075",
						"1.8074e-15"
					],
					[
						"5332.534003",
						"1.70195e-15"
					],
					[
						"5338.051932",
						"1.6817e-15"
					],
					[
						"5343.56986",
						"1.5931e-15"
					],
					[
						"5349.087789",
						"1.51221e-15"
					],
					[
						"5354.605718",
						"1.44372e-15"
					],
					[
						"5360.123646",
						"1.38179e-15"
					],
					[
						"5365.641575",
						"1.32035e-15"
					],
					[
						"5371.159503",
						"1.2888e-15"
					],
					[
						"5376.677432",
						"1.27859e-15"
					],
					[
						"5382.195361",
						"1.26882e-15"
					],
					[
						"5387.713289",
						"1.19621e-15"
					],
					[
						"5393.231218",
						"1.22707e-15"
					],
					[
						"5398.749146",
						"1.24477e-15"
					],
					[
						"5404.267075",
						"1.26984e-15"
					],
					[
						"5409.785004",
						"1.26231e-15"
					],
					[
						"5415.302932",
						"1.292e-15"
					],
					[
						"5420.820861",
						"1.26648e-15"
					],
					[
						"5426.338789",
						"1.33245e-15"
					],
					[
						"5431.856718",
						"1.33822e-15"
					],
					[
						"5437.374647",
						"1.37268e-15"
					],
					[
						"5442.892575",
						"1.3384e-15"
					],
					[
						"5448.410504",
						"1.39438e-15"
					],
					[
						"5453.928432",
						"1.37867e-15"
					],
					[
						"5459.446361",
						"1.38021e-15"
					],
					[
						"5464.96429",
						"1.45023e-15"
					],
					[
						"5470.482218",
						"1.45537e-15"
					],
					[
						"5476.000147",
						"1.46389e-15"
					],
					[
						"5481.518075",
						"1.49212e-15"
					],
					[
						"5487.036004",
						"1.47896e-15"
					],
					[
						"5492.553933",
						"1.47815e-15"
					],
					[
						"5498.071861",
						"1.45259e-15"
					],
					[
						"5503.58979",
						"1.44805e-15"
					],
					[
						"5509.107718",
						"1.45065e-15"
					],
					[
						"5514.625647",
						"1.40909e-15"
					],
					[
						"5520.143576",
						"1.41775e-15"
					],
					[
						"5525.661504",
						"1.40285e-15"
					],
					[
						"5531.179433",
						"1.33383e-15"
					],
					[
						"5536.697361",
						"1.34888e-15"
					],
					[
						"5542.21529",
						"1.27459e-15"
					],
					[
						"5547.733219",
						"1.25214e-15"
					],
					[
						"5553.251147",
						"1.22553e-15"
					],
					[
						"5558.769076",
						"1.19932e-15"
					],
					[
						"5564.287004",
						"1.17723e-15"
					],
					[
						"5569.804933",
						"1.18602e-15"
					],
					[
						"5575.322862",
						"1.17048e-15"
					],
					[
						"5580.84079",
						"1.16664e-15"
					],
					[
						"5586.358719",
						"1.22563e-15"
					],
					[
						"5591.876647",
						"1.27512e-15"
					],
					[
						"5597.394576",
						"1.27578e-15"
					],
					[
						"5602.912505",
						"1.29371e-15"
					],
					[
						"5608.430433",
						"1.3459e-15"
					],
					[
						"5613.948362",
						"1.38753e-15"
					],
					[
						"5619.46629",
						"1.4521e-15"
					],
					[
						"5624.984219",
						"1.4677e-15"
					],
					[
						"5630.502148",
						"1.50315e-15"
					],
					[
						"5636.020076",
						"1.54299e-15"
					],
					[
						"5641.538005",
						"1.5543e-15"
					],
					[
						"5647.055933",
						"1.62915e-15"
					],
					[
						"5652.573862",
						"1.64923e-15"
					],
					[
						"5658.091791",
						"1.59672e-15"
					],
					[
						"5663.609719",
						"1.62686e-15"
					],
					[
						"5669.127648",
						"1.70768e-15"
					],
					[
						"5674.645576",
						"1.65651e-15"
					],
					[
						"5680.163505",
						"1.64524e-15"
					],
					[
						"5685.681434",
						"1.68334e-15"
					],
					[
						"5691.199362",
						"1.60766e-15"
					],
					[
						"5696.717291",
						"1.64921e-15"
					],
					[
						"5702.235219",
						"1.65305e-15"
					],
					[
						"5707.753148",
						"1.63795e-15"
					],
					[
						"5713.271077",
						"1.68389e-15"
					],
					[
						"5718.789005",
						"1.65728e-15"
					],
					[
						"5724.306934",
						"1.67027e-15"
					],
					[
						"5729.824862",
						"1.65559e-15"
					],
					[
						"5735.342791",
						"1.65373e-15"
					],
					[
						"5740.86072",
						"1.66629e-15"
					],
					[
						"5746.378648",
						"1.67304e-15"
					],
					[
						"5751.896577",
						"1.64993e-15"
					],
					[
						"5757.414505",
						"1.66306e-15"
					],
					[
						"5762.932434",
						"1.67292e-15"
					],
					[
						"5768.450363",
						"1.62869e-15"
					],
					[
						"5773.968291",
						"1.59963e-15"
					],
					[
						"5779.48622",
						"1.60588e-15"
					],
					[
						"5785.004148",
						"1.60166e-15"
					],
					[
						"5790.522077",
						"1.59547e-15"
					],
					[
						"5796.040006",
						"1.61431e-15"
					],
					[
						"5801.557934",
						"1.61212e-15"
					],
					[
						"5807.075863",
						"1.59838e-15"
					],
					[
						"5812.593791",
						"1.60515e-15"
					],
					[
						"5818.11172",
						"1.57993e-15"
					],
					[
						"5823.629649",
						"1.56785e-15"
					],
					[
						"5829.147577",
						"1.5544e-15"
					],
					[
						"5834.665506",
						"1.56186e-15"
					],
					[
						"5840.183434",
						"1.5428e-15"
					],
					[
						"5845.701363",
						"1.52974e-15"
					],
					[
						"5851.219292",
						"1.55893e-15"
					],
					[
						"5856.73722",
						"1.50382e-15"
					],
					[
						"5862.255149",
						"1.50866e-15"
					],
					[
						"5867.773077",
						"1.50006e-15"
					],
					[
						"5873.291006",
						"1.50144e-15"
					],
					[
						"5878.808935",
						"1.48571e-15"
					],
					[
						"5884.326863",
						"1.42794e-15"
					],
					[
						"5889.844792",
						"1.43745e-15"
					],
					[
						"5895.36272",
						"1.44397e-15"
					],
					[
						"5900.880649",
						"1.44904e-15"
					],
					[
						"5906.398578",
						"1.46925e-15"
					],
					[
						"5911.916506",
						"1.47269e-15"
					],
					[
						"5917.434435",
						"1.49608e-15"
					],
					[
						"5922.952363",
						"1.53776e-15"
					],
					[
						"5928.470292",
						"1.48917e-15"
					],
					[
						"5933.988221",
						"1.46988e-15"
					],
					[
						"5939.506149",
						"1.50849e-15"
					],
					[
						"5945.024078",
						"1.51502e-15"
					],
					[
						"5950.542006",
						"1.52281e-15"
					],
					[
						"5956.059935",
						"1.48292e-15"
					],
					[
						"5961.577864",
						"1.47933e-15"
					],
					[
						"5967.095792",
						"1.48914e-15"
					],
					[
						"5972.613721",
						"1.48427e-15"
					],
					[
						"5978.131649",
						"1.50766e-15"
					],
					[
						"5983.649578",
						"1.46871e-15"
					],
					[
						"5989.167507",
						"1.45362e-15"
					],
					[
						"5994.685435",
						"1.48712e-15"
					],
					[
						"6000.203364",
						"1.47665e-15"
					],
					[
						"6005.721293",
						"1.45676e-15"
					],
					[
						"6011.239221",
						"1.44066e-15"
					],
					[
						"6016.75715",
						"1.44758e-15"
					],
					[
						"6022.275078",
						"1.44142e-15"
					],
					[
						"6027.793007",
						"1.46333e-15"
					],
					[
						"6033.310935",
						"1.46652e-15"
					],
					[
						"6038.828864",
						"1.47779e-15"
					],
					[
						"6044.346793",
						"1.47769e-15"
					],
					[
						"6049.864721",
						"1.44257e-15"
					],
					[
						"6055.38265",
						"1.44993e-15"
					],
					[
						"6060.900578",
						"1.44026e-15"
					],
					[
						"6066.418507",
						"1.4449e-15"
					],
					[
						"6071.936436",
						"1.42779e-15"
					],
					[
						"6077.454364",
						"1.44189e-15"
					],
					[
						"6082.972293",
						"1.41708e-15"
					],
					[
						"6088.490222",
						"1.3956e-15"
					],
					[
						"6094.00815",
						"1.38977e-15"
					],
					[
						"6099.526079",
						"1.40343e-15"
					],
					[
						"6105.044007",
						"1.38918e-15"
					],
					[
						"6110.561936",
						"1.38256e-15"
					],
					[
						"6116.079865",
						"1.36607e-15"
					],
					[
						"6121.597793",
						"1.34256e-15"
					],
					[
						"6127.115722",
						"1.30307e-15"
					],
					[
						"6132.63365",
						"1.26834e-15"
					],
					[
						"6138.151579",
						"1.26682e-15"
					],
					[
						"6143.669507",
						"1.2093e-15"
					],
					[
						"6149.187436",
						"1.18082e-15"
					],
					[
						"6154.705365",
						"1.11826e-15"
					],
					[
						"6160.223293",
						"1.05923e-15"
					],
					[
						"6165.741222",
						"9.23952e-16"
					],
					[
						"6171.259151",
						"8.94748e-16"
					],
					[
						"6176.777079",
						"8.10128e-16"
					],
					[
						"6182.295008",
						"7.76275e-16"
					],
					[
						"6187.812936",
						"6.86397e-16"
					],
					[
						"6193.330865",
						"6.86542e-16"
					],
					[
						"6198.848794",
						"6.29842e-16"
					],
					[
						"6204.366722",
						"5.85236e-16"
					],
					[
						"6209.884651",
						"5.56446e-16"
					],
					[
						"6215.402579",
						"5.49015e-16"
					],
					[
						"6220.920508",
						"5.37973e-16"
					],
					[
						"6226.438437",
						"5.22034e-16"
					],
					[
						"6231.956365",
						"4.62415e-16"
					],
					[
						"6237.474294",
						"4.71794e-16"
					],
					[
						"6242.992222",
						"5.07877e-16"
					],
					[
						"6248.510151",
						"5.05505e-16"
					],
					[
						"6254.02808",
						"5.00418e-16"
					],
					[
						"6259.546008",
						"4.98944e-16"
					],
					[
						"6265.063937",
						"5.20884e-16"
					],
					[
						"6270.581865",
						"5.36276e-16"
					],
					[
						"6276.099794",
						"5.55813e-16"
					],
					[
						"6281.617723",
						"5.64455e-16"
					],
					[
						"6287.135651",
						"5.72708e-16"
					],
					[
						"6292.65358",
						"6.44115e-16"
					],
					[
						"6298.171508",
						"6.55737e-16"
					],
					[
						"6303.689437",
						"7.13216e-16"
					],
					[
						"6309.207366",
						"7.56326e-16"
					],
					[
						"6314.725294",
						"7.75336e-16"
					],
					[
						"6320.243223",
						"8.38262e-16"
					],
					[
						"6325.761151",
						"8.49424e-16"
					],
					[
						"6331.27908",
						"9.34129e-16"
					],
					[
						"6336.797009",
						"9.35714e-16"
					],
					[
						"6342.314937",
						"9.48467e-16"
					],
					[
						"6347.832866",
						"1.01123e-15"
					],
					[
						"6353.350794",
						"9.97473e-16"
					],
					[
						"6358.868723",
						"1.04151e-15"
					],
					[
						"6364.386652",
						"1.06053e-15"
					],
					[
						"6369.90458",
						"1.06241e-15"
					],
					[
						"6375.422509",
						"1.11909e-15"
					],
					[
						"6380.940437",
						"1.12681e-15"
					],
					[
						"6386.458366",
						"1.13108e-15"
					],
					[
						"6391.976295",
						"1.18539e-15"
					],
					[
						"6397.494223",
						"1.19652e-15"
					],
					[
						"6403.012152",
						"1.19072e-15"
					],
					[
						"6408.53008",
						"1.18691e-15"
					],
					[
						"6414.048009",
						"1.18736e-15"
					],
					[
						"6419.565938",
						"1.18577e-15"
					],
					[
						"6425.083866",
						"1.19888e-15"
					],
					[
						"6430.601795",
						"1.2334e-15"
					],
					[
						"6436.119723",
						"1.21085e-15"
					],
					[
						"6441.637652",
						"1.21608e-15"
					],
					[
						"6447.155581",
						"1.21941e-15"
					],
					[
						"6452.673509",
						"1.17637e-15"
					],
					[
						"6458.191438",
						"1.21842e-15"
					],
					[
						"6463.709366",
						"1.23078e-15"
					],
					[
						"6469.227295",
						"1.18893e-15"
					],
					[
						"6474.745224",
						"1.19761e-15"
					],
					[
						"6480.263152",
						"1.19964e-15"
					],
					[
						"6485.781081",
						"1.18881e-15"
					],
					[
						"6491.299009",
						"1.16985e-15"
					],
					[
						"6496.816938",
						"1.14383e-15"
					],
					[
						"6502.334867",
						"1.14722e-15"
					],
					[
						"6507.852795",
						"1.15316e-15"
					],
					[
						"6513.370724",
						"1.14283e-15"
					],
					[
						"6518.888652",
						"1.14166e-15"
					],
					[
						"6524.406581",
						"1.10527e-15"
					],
					[
						"6529.92451",
						"1.11197e-15"
					],
					[
						"6535.442438",
						"1.11742e-15"
					],
					[
						"6540.960367",
						"1.07899e-15"
					],
					[
						"6546.478295",
						"1.08238e-15"
					],
					[
						"6551.996224",
						"1.08215e-15"
					],
					[
						"6557.514153",
						"1.05156e-15"
					],
					[
						"6563.032081",
						"1.01926e-15"
					],
					[
						"6568.55001",
						"1.02857e-15"
					],
					[
						"6574.067938",
						"1.04731e-15"
					],
					[
						"6579.585867",
						"1.02456e-15"
					],
					[
						"6585.103796",
						"1.03189e-15"
					],
					[
						"6590.621724",
						"1.0237e-15"
					],
					[
						"6596.139653",
						"9.80985e-16"
					],
					[
						"6601.657581",
						"9.75209e-16"
					],
					[
						"6607.17551",
						"9.92848e-16"
					],
					[
						"6612.693439",
						"9.87968e-16"
					],
					[
						"6618.211367",
						"9.93255e-16"
					],
					[
						"6623.729296",
						"9.72533e-16"
					],
					[
						"6629.247224",
						"9.74439e-16"
					],
					[
						"6634.765153",
						"9.46518e-16"
					],
					[
						"6640.283082",
						"9.344e-16"
					],
					[
						"6645.80101",
						"9.23857e-16"
					],
					[
						"6651.318939",
						"9.20828e-16"
					],
					[
						"6656.836867",
						"9.51518e-16"
					],
					[
						"6662.354796",
						"9.04036e-16"
					],
					[
						"6667.872725",
						"8.96963e-16"
					],
					[
						"6673.390653",
						"9.0751e-16"
					],
					[
						"6678.908582",
						"8.87184e-16"
					],
					[
						"6684.42651",
						"8.8343e-16"
					],
					[
						"6689.944439",
						"8.95267e-16"
					],
					[
						"6695.462368",
						"8.97422e-16"
					],
					[
						"6700.980296",
						"8.62139e-16"
					],
					[
						"6706.498225",
						"8.42543e-16"
					],
					[
						"6712.016153",
						"8.65468e-16"
					],
					[
						"6717.534082",
						"8.72119e-16"
					],
					[
						"6723.052011",
						"8.47953e-16"
					],
					[
						"6728.569939",
						"8.46438e-16"
					],
					[
						"6734.087868",
						"8.5848e-16"
					],
					[
						"6739.605796",
						"8.5923e-16"
					],
					[
						"6745.123725",
						"8.58478e-16"
					],
					[
						"6750.641654",
						"7.28649e-16"
					],
					[
						"6756.159582",
						"7.1416e-16"
					],
					[
						"6761.677511",
						"7.98891e-16"
					],
					[
						"6767.195439",
						"8.3864e-16"
					],
					[
						"6772.713368",
						"8.116e-16"
					],
					[
						"6778.231297",
						"8.05328e-16"
					],
					[
						"6783.749225",
						"8.08671e-16"
					],
					[
						"6789.267154",
						"7.66011e-16"
					],
					[
						"6794.785082",
						"8.11209e-16"
					],
					[
						"6800.303011",
						"7.86277e-16"
					],
					[
						"6805.82094",
						"7.90742e-16"
					],
					[
						"6811.338868",
						"7.8913e-16"
					],
					[
						"6816.856797",
						"7.56057e-16"
					],
					[
						"6822.374725",
						"7.54497e-16"
					],
					[
						"6827.892654",
						"7.80446e-16"
					],
					[
						"6833.410583",
						"7.5537e-16"
					],
					[
						"6838.928511",
						"7.6449e-16"
					],
					[
						"6844.44644",
						"7.38515e-16"
					],
					[
						"6849.964368",
						"7.09017e-16"
					],
					[
						"6855.482297",
						"7.43694e-16"
					],
					[
						"6861.000226",
						"6.96973e-16"
					],
					[
						"6866.518154",
						"6.14434e-16"
					],
					[
						"6872.036083",
						"5.84693e-16"
					],
					[
						"6877.554011",
						"5.96365e-16"
					],
					[
						"6883.07194",
						"6.2674e-16"
					],
					[
						"6888.589869",
						"6.31942e-16"
					],
					[
						"6894.107797",
						"6.22659e-16"
					],
					[
						"6899.625726",
						"6.10763e-16"
					],
					[
						"6905.143654",
						"6.48555e-16"
					],
					[
						"6910.661583",
						"6.54009e-16"
					],
					[
						"6916.179512",
						"6.19539e-16"
					],
					[
						"6921.69744",
						"6.86907e-16"
					],
					[
						"6927.215369",
						"6.82327e-16"
					],
					[
						"6932.733297",
						"6.46123e-16"
					],
					[
						"6938.251226",
						"6.40485e-16"
					],
					[
						"6943.769155",
						"6.59799e-16"
					],
					[
						"6949.287083",
						"6.57421e-16"
					],
					[
						"6954.805012",
						"6.6049e-16"
					],
					[
						"6960.32294",
						"6.39271e-16"
					],
					[
						"6965.840869",
						"6.57461e-16"
					],
					[
						"6971.358798",
						"6.62833e-16"
					],
					[
						"6976.876726",
						"6.61686e-16"
					],
					[
						"6982.394655",
						"6.4421e-16"
					],
					[
						"6987.912583",
						"6.37223e-16"
					],
					[
						"6993.430512",
						"6.43723e-16"
					],
					[
						"6998.948441",
						"6.29624e-16"
					],
					[
						"7004.466369",
						"6.42626e-16"
					],
					[
						"7009.984298",
						"6.11358e-16"
					],
					[
						"7015.502226",
						"6.09806e-16"
					],
					[
						"7021.020155",
						"6.2377e-16"
					],
					[
						"7026.538084",
						"6.07323e-16"
					],
					[
						"7032.056012",
						"6.25056e-16"
					],
					[
						"7037.573941",
						"6.16854e-16"
					],
					[
						"7043.091869",
						"5.95684e-16"
					],
					[
						"7048.609798",
						"5.83087e-16"
					],
					[
						"7054.127727",
						"5.92453e-16"
					],
					[
						"7059.645655",
						"6.04861e-16"
					],
					[
						"7065.163584",
						"6.20372e-16"
					],
					[
						"7070.681512",
						"6.20679e-16"
					],
					[
						"7076.199441",
						"5.9006e-16"
					],
					[
						"7081.71737",
						"6.01423e-16"
					],
					[
						"7087.235298",
						"5.98223e-16"
					],
					[
						"7092.753227",
						"6.20347e-16"
					],
					[
						"7098.271155",
						"5.99276e-16"
					],
					[
						"7103.789084",
						"6.23371e-16"
					],
					[
						"7109.307013",
						"5.9775e-16"
					],
					[
						"7114.824941",
						"5.76299e-16"
					],
					[
						"7120.34287",
						"5.90885e-16"
					],
					[
						"7125.860798",
						"5.69483e-16"
					],
					[
						"7131.378727",
						"5.88362e-16"
					],
					[
						"7136.896656",
						"5.62834e-16"
					],
					[
						"7142.414584",
						"5.87132e-16"
					],
					[
						"7147.932513",
						"5.8345e-16"
					],
					[
						"7153.450441",
						"5.7261e-16"
					],
					[
						"7158.96837",
						"5.6947e-16"
					],
					[
						"7164.486299",
						"5.54452e-16"
					],
					[
						"7170.004227",
						"5.41682e-16"
					],
					[
						"7175.522156",
						"5.42259e-16"
					],
					[
						"7181.040084",
						"5.29426e-16"
					],
					[
						"7186.558013",
						"4.99721e-16"
					],
					[
						"7192.075942",
						"4.97397e-16"
					],
					[
						"7197.59387",
						"5.11948e-16"
					],
					[
						"7203.111799",
						"5.17666e-16"
					],
					[
						"7208.629727",
						"5.20922e-16"
					],
					[
						"7214.147656",
						"5.44007e-16"
					],
					[
						"7219.665585",
						"5.53951e-16"
					],
					[
						"7225.183513",
						"5.34519e-16"
					],
					[
						"7230.701442",
						"5.10549e-16"
					],
					[
						"7236.21937",
						"4.91412e-16"
					],
					[
						"7241.737299",
						"4.88825e-16"
					],
					[
						"7247.255228",
						"5.24802e-16"
					],
					[
						"7252.773156",
						"5.22336e-16"
					],
					[
						"7258.291085",
						"5.21606e-16"
					],
					[
						"7263.809013",
						"5.0832e-16"
					],
					[
						"7269.326942",
						"5.38662e-16"
					],
					[
						"7274.844871",
						"5.11273e-16"
					],
					[
						"7280.362799",
						"5.21158e-16"
					],
					[
						"7285.880728",
						"5.10042e-16"
					],
					[
						"7291.398656",
						"4.89995e-16"
					],
					[
						"7296.916585",
						"5.10165e-16"
					],
					[
						"7302.434514",
						"5.22229e-16"
					],
					[
						"7307.952442",
						"5.45687e-16"
					],
					[
						"7313.470371",
						"5.4679e-16"
					],
					[
						"7318.988299",
						"4.895e-16"
					],
					[
						"7324.506228",
						"5.01333e-16"
					],
					[
						"7330.024157",
						"5.37307e-16"
					],
					[
						"7335.542085",
						"5.27486e-16"
					],
					[
						"7341.060014",
						"5.04722e-16"
					],
					[
						"7346.577942",
						"4.84492e-16"
					],
					[
						"7352.095871",
						"5.03997e-16"
					],
					[
						"7357.6138",
						"5.02816e-16"
					],
					[
						"7363.131728",
						"4.91695e-16"
					],
					[
						"7368.649657",
						"5.31163e-16"
					],
					[
						"7374.167585",
						"5.33183e-16"
					],
					[
						"7379.685514",
						"4.97212e-16"
					],
					[
						"7385.203443",
						"5.07323e-16"
					],
					[
						"7390.721371",
						"5.25203e-16"
					],
					[
						"7396.2393",
						"5.00091e-16"
					],
					[
						"7401.757228",
						"4.96681e-16"
					],
					[
						"7407.275157",
						"4.64744e-16"
					],
					[
						"7412.793086",
						"5.09939e-16"
					],
					[
						"7418.311014",
						"5.29218e-16"
					],
					[
						"7423.828943",
						"5.11257e-16"
					],
					[
						"7429.346871",
						"4.80914e-16"
					],
					[
						"7434.8648",
						"4.7941e-16"
					],
					[
						"7440.382729",
						"4.71733e-16"
					],
					[
						"7445.900657",
						"4.55993e-16"
					],
					[
						"7451.418586",
						"4.59762e-16"
					],
					[
						"7456.936514",
						"4.63868e-16"
					],
					[
						"7462.454443",
						"4.58145e-16"
					],
					[
						"7467.972372",
						"4.3985e-16"
					],
					[
						"7473.4903",
						"4.39542e-16"
					],
					[
						"7479.008229",
						"4.48501e-16"
					],
					[
						"7484.526157",
						"4.58089e-16"
					],
					[
						"7490.044086",
						"4.68124e-16"
					],
					[
						"7495.562015",
						"4.52867e-16"
					],
					[
						"7501.079943",
						"4.11337e-16"
					],
					[
						"7506.597872",
						"4.12339e-16"
					],
					[
						"7512.1158",
						"4.50525e-16"
					],
					[
						"7517.633729",
						"4.35064e-16"
					],
					[
						"7523.151658",
						"4.58323e-16"
					],
					[
						"7528.669586",
						"4.69603e-16"
					],
					[
						"7534.187515",
						"4.10575e-16"
					],
					[
						"7539.705443",
						"4.08498e-16"
					],
					[
						"7545.223372",
						"4.06814e-16"
					],
					[
						"7550.741301",
						"4.09774e-16"
					],
					[
						"7556.259229",
						"4.11762e-16"
					],
					[
						"7561.777158",
						"3.95179e-16"
					],
					[
						"7567.295086",
						"3.70395e-16"
					],
					[
						"7572.813015",
						"3.58654e-16"
					],
					[
						"7578.330944",
						"3.40028e-16"
					],
					[
						"7583.848872",
						"3.58117e-16"
					],
					[
						"7589.366801",
						"3.61877e-16"
					],
					[
						"7594.884729",
						"2.74248e-16"
					],
					[
						"7600.402658",
						"2.13014e-16"
					],
					[
						"7605.920587",
						"1.53189e-16"
					],
					[
						"7611.438515",
						"1.44453e-16"
					],
					[
						"7616.956444",
						"1.90259e-16"
					],
					[
						"7622.474372",
						"2.21702e-16"
					],
					[
						"7627.992301",
						"2.32484e-16"
					],
					[
						"7633.51023",
						"2.11736e-16"
					],
					[
						"7639.028158",
						"1.93376e-16"
					],
					[
						"7644.546087",
						"2.44958e-16"
					],
					[
						"7650.064015",
						"2.67873e-16"
					],
					[
						"7655.581944",
						"2.91846e-16"
					],
					[
						"7661.099873",
						"3.33047e-16"
					],
					[
						"7666.617801",
						"3.33221e-16"
					],
					[
						"7672.13573",
						"3.25769e-16"
					],
					[
						"7677.653658",
						"3.30594e-16"
					],
					[
						"7683.171587",
						"3.30446e-16"
					],
					[
						"7688.689516",
						"3.69946e-16"
					],
					[
						"7694.207444",
						"3.96676e-16"
					],
					[
						"7699.725373",
						"3.63387e-16"
					],
					[
						"7705.243301",
						"3.97861e-16"
					],
					[
						"7710.76123",
						"3.75092e-16"
					],
					[
						"7716.279159",
						"3.80211e-16"
					],
					[
						"7721.797087",
						"4.22256e-16"
					],
					[
						"7727.315016",
						"3.83337e-16"
					],
					[
						"7732.832944",
						"3.9024e-16"
					],
					[
						"7738.350873",
						"4.02684e-16"
					],
					[
						"7743.868802",
						"3.93629e-16"
					],
					[
						"7749.38673",
						"3.83301e-16"
					],
					[
						"7754.904659",
						"3.72736e-16"
					],
					[
						"7760.422587",
						"3.98564e-16"
					],
					[
						"7765.940516",
						"4.19967e-16"
					],
					[
						"7771.458445",
						"3.93131e-16"
					],
					[
						"7776.976373",
						"3.6779e-16"
					],
					[
						"7782.494302",
						"3.59855e-16"
					],
					[
						"7788.01223",
						"3.93932e-16"
					],
					[
						"7793.530159",
						"4.14206e-16"
					],
					[
						"7799.048088",
						"4.24005e-16"
					],
					[
						"7804.566016",
						"4.09202e-16"
					],
					[
						"7810.083945",
						"3.96817e-16"
					],
					[
						"7815.601873",
						"4.06277e-16"
					],
					[
						"7821.119802",
						"3.77689e-16"
					],
					[
						"7826.637731",
						"4.30408e-16"
					],
					[
						"7832.155659",
						"4.15916e-16"
					],
					[
						"7837.673588",
						"4.2131e-16"
					],
					[
						"7843.191516",
						"4.00009e-16"
					],
					[
						"7848.709445",
						"3.66836e-16"
					],
					[
						"7854.227374",
						"3.8061e-16"
					],
					[
						"7859.745302",
						"4.03769e-16"
					],
					[
						"7865.263231",
						"4.35232e-16"
					],
					[
						"7870.781159",
						"3.94674e-16"
					],
					[
						"7876.299088",
						"4.01469e-16"
					],
					[
						"7881.817017",
						"4.08348e-16"
					],
					[
						"7887.334945",
						"3.90872e-16"
					],
					[
						"7892.852874",
						"3.8264e-16"
					],
					[
						"7898.370802",
						"3.7354e-16"
					],
					[
						"7903.888731",
						"4.25952e-16"
					],
					[
						"7909.40666",
						"4.73149e-16"
					],
					[
						"7914.924588",
						"4.2941e-16"
					],
					[
						"7920.442517",
						"3.85212e-16"
					],
					[
						"7925.960445",
						"3.8833e-16"
					],
					[
						"7931.478374",
						"4.21246e-16"
					],
					[
						"7936.996303",
						"4.20578e-16"
					],
					[
						"7942.514231",
						"4.40105e-16"
					],
					[
						"7948.03216",
						"4.35128e-16"
					],
					[
						"7953.550088",
						"4.01144e-16"
					],
					[
						"7959.068017",
						"4.53987e-16"
					],
					[
						"7964.585946",
						"4.36713e-16"
					],
					[
						"7970.103874",
						"4.11476e-16"
					],
					[
						"7975.621803",
						"4.40096e-16"
					],
					[
						"7981.139731",
						"3.92485e-16"
					],
					[
						"7986.65766",
						"4.28923e-16"
					],
					[
						"7992.175589",
						"4.27436e-16"
					],
					[
						"7997.693517",
						"4.40433e-16"
					],
					[
						"8003.211446",
						"4.25757e-16"
					],
					[
						"8008.729374",
						"4.23355e-16"
					],
					[
						"8014.247303",
						"4.26962e-16"
					],
					[
						"8019.765232",
						"4.1994e-16"
					],
					[
						"8025.28316",
						"4.04561e-16"
					],
					[
						"8030.801089",
						"4.25353e-16"
					],
					[
						"8036.319017",
						"4.44281e-16"
					],
					[
						"8041.836946",
						"4.38307e-16"
					],
					[
						"8047.354875",
						"4.33663e-16"
					],
					[
						"8052.872803",
						"4.26678e-16"
					],
					[
						"8058.390732",
						"4.0732e-16"
					],
					[
						"8063.90866",
						"3.9507e-16"
					],
					[
						"8069.426589",
						"4.19107e-16"
					],
					[
						"8074.944518",
						"4.02794e-16"
					],
					[
						"8080.462446",
						"4.57893e-16"
					],
					[
						"8085.980375",
						"4.02752e-16"
					],
					[
						"8091.498303",
						"3.73868e-16"
					],
					[
						"8097.016232",
						"3.77425e-16"
					],
					[
						"8102.534161",
						"3.84664e-16"
					],
					[
						"8108.052089",
						"3.52709e-16"
					],
					[
						"8113.570018",
						"3.54324e-16"
					],
					[
						"8119.087946",
						"3.78027e-16"
					],
					[
						"8124.605875",
						"3.77803e-16"
					],
					[
						"8130.123804",
						"3.46128e-16"
					],
					[
						"8135.641732",
						"3.19969e-16"
					],
					[
						"8141.159661",
						"3.36512e-16"
					],
					[
						"8146.677589",
						"3.60516e-16"
					],
					[
						"8152.195518",
						"3.52998e-16"
					],
					[
						"8157.713447",
						"3.26369e-16"
					],
					[
						"8163.231375",
						"3.28421e-16"
					],
					[
						"8168.749304",
						"2.95137e-16"
					],
					[
						"8174.267232",
						"2.86382e-16"
					],
					[
						"8179.785161",
						"3.25729e-16"
					],
					[
						"8185.30309",
						"3.23022e-16"
					],
					[
						"8190.821018",
						"3.14571e-16"
					],
					[
						"8196.338947",
						"3.2628e-16"
					],
					[
						"8201.856875",
						"3.23572e-16"
					],
					[
						"8207.374804",
						"3.16684e-16"
					],
					[
						"8212.892733",
						"3.07416e-16"
					],
					[
						"8218.410661",
						"2.90706e-16"
					],
					[
						"8223.92859",
						"3.28013e-16"
					],
					[
						"8229.446518",
						"3.20896e-16"
					],
					[
						"8234.964447",
						"3.16808e-16"
					],
					[
						"8240.482376",
						"2.77583e-16"
					],
					[
						"8246.000304",
						"2.90803e-16"
					],
					[
						"8251.518233",
						"2.76251e-16"
					],
					[
						"8257.036161",
						"3.23625e-16"
					],
					[
						"8262.55409",
						"3.56875e-16"
					],
					[
						"8268.072019",
						"3.12611e-16"
					],
					[
						"8273.589947",
						"2.60731e-16"
					],
					[
						"8279.107876",
						"2.97255e-16"
					],
					[
						"8284.625804",
						"2.90042e-16"
					],
					[
						"8290.143733",
						"3.13027e-16"
					],
					[
						"8295.661662",
						"3.06499e-16"
					],
					[
						"8301.17959",
						"3.13357e-16"
					],
					[
						"8306.697519",
						"2.81508e-16"
					],
					[
						"8312.215447",
						"2.24676e-16"
					],
					[
						"8317.733376",
						"2.38595e-16"
					],
					[
						"8323.251305",
						"2.72217e-16"
					],
					[
						"8328.769233",
						"2.92037e-16"
					],
					[
						"8334.287162",
						"2.96791e-16"
					],
					[
						"8339.80509",
						"2.68435e-16"
					],
					[
						"8345.323019",
						"2.66854e-16"
					],
					[
						"8350.840948",
						"2.61209e-16"
					],
					[
						"8356.358876",
						"2.2456e-16"
					],
					[
						"8361.876805",
						"2.4716e-16"
					],
					[
						"8367.394733",
						"2.50022e-16"
					],
					[
						"8372.912662",
						"2.70324e-16"
					],
					[
						"8378.430591",
						"2.32079e-16"
					],
					[
						"8383.948519",
						"2.37189e-16"
					],
					[
						"8389.466448",
						"2.62481e-16"
					],
					[
						"8394.984376",
						"2.24263e-16"
					],
					[
						"8400.502305",
						"2.52407e-16"
					],
					[
						"8406.020234",
						"2.50431e-16"
					],
					[
						"8411.538162",
						"2.87215e-16"
					],
					[
						"8417.056091",
						"2.79342e-16"
					],
					[
						"8422.574019",
						"2.60894e-16"
					],
					[
						"8428.091948",
						"2.54096e-16"
					],
					[
						"8433.609877",
						"2.64469e-16"
					],
					[
						"8439.127805",
						"2.52226e-16"
					],
					[
						"8444.645734",
						"2.57879e-16"
					],
					[
						"8450.163662",
						"2.72301e-16"
					],
					[
						"8455.681591",
						"2.91846e-16"
					],
					[
						"8461.19952",
						"2.6037e-16"
					],
					[
						"8466.717448",
						"2.4048e-16"
					],
					[
						"8472.235377",
						"2.59768e-16"
					],
					[
						"8477.753305",
						"2.94044e-16"
					],
					[
						"8483.271234",
						"2.78675e-16"
					],
					[
						"8488.789163",
						"2.90277e-16"
					],
					[
						"8494.307091",
						"3.0364e-16"
					],
					[
						"8499.82502",
						"2.76907e-16"
					],
					[
						"8505.342948",
						"3.00878e-16"
					],
					[
						"8510.860877",
						"2.72691e-16"
					],
					[
						"8516.378806",
						"3.12864e-16"
					],
					[
						"8521.896734",
						"3.50824e-16"
					],
					[
						"8527.414663",
						"3.64237e-16"
					],
					[
						"8532.932591",
						"3.52201e-16"
					],
					[
						"8538.45052",
						"3.32074e-16"
					],
					[
						"8543.968449",
						"2.98837e-16"
					],
					[
						"8549.486377",
						"3.35548e-16"
					],
					[
						"8555.004306",
						"3.22005e-16"
					],
					[
						"8560.522234",
						"3.65129e-16"
					],
					[
						"8566.040163",
						"3.35888e-16"
					],
					[
						"8571.558092",
						"3.68958e-16"
					],
					[
						"8577.07602",
						"3.52723e-16"
					],
					[
						"8582.593949",
						"3.32289e-16"
					],
					[
						"8588.111877",
						"3.80029e-16"
					],
					[
						"8593.629806",
						"4.4833e-16"
					],
					[
						"8599.147735",
						"4.55197e-16"
					],
					[
						"8604.665663",
						"4.36071e-16"
					],
					[
						"8610.183592",
						"4.09134e-16"
					],
					[
						"8615.70152",
						"3.7555e-16"
					],
					[
						"8621.219449",
						"4.03749e-16"
					],
					[
						"8626.737378",
						"4.27792e-16"
					],
					[
						"8632.255306",
						"4.33655e-16"
					],
					[
						"8637.773235",
						"4.50397e-16"
					],
					[
						"8643.291163",
						"4.04531e-16"
					],
					[
						"8648.809092",
						"4.22743e-16"
					],
					[
						"8654.327021",
						"4.1126e-16"
					],
					[
						"8659.844949",
						"3.81765e-16"
					],
					[
						"8665.362878",
						"4.26914e-16"
					],
					[
						"8670.880806",
						"4.58749e-16"
					],
					[
						"8676.398735",
						"4.23789e-16"
					],
					[
						"8681.916664",
						"4.1349e-16"
					],
					[
						"8687.434592",
						"4.64624e-16"
					],
					[
						"8692.952521",
						"3.96269e-16"
					],
					[
						"8698.470449",
						"4.23828e-16"
					],
					[
						"8703.988378",
						"4.18892e-16"
					],
					[
						"8709.506307",
						"4.23781e-16"
					],
					[
						"8715.024235",
						"4.91705e-16"
					],
					[
						"8720.542164",
						"4.66268e-16"
					],
					[
						"8726.060092",
						"4.44466e-16"
					],
					[
						"8731.578021",
						"4.60932e-16"
					],
					[
						"8737.09595",
						"4.01495e-16"
					],
					[
						"8742.613878",
						"4.54916e-16"
					],
					[
						"8748.131807",
						"4.46944e-16"
					],
					[
						"8753.649735",
						"4.59412e-16"
					],
					[
						"8759.167664",
						"4.83737e-16"
					],
					[
						"8764.685593",
						"3.71336e-16"
					],
					[
						"8770.203521",
						"3.83443e-16"
					],
					[
						"8775.72145",
						"3.89077e-16"
					],
					[
						"8781.239378",
						"4.41247e-16"
					],
					[
						"8786.757307",
						"4.57281e-16"
					],
					[
						"8792.275236",
						"4.36814e-16"
					],
					[
						"8797.793164",
						"4.59079e-16"
					],
					[
						"8803.311093",
						"4.21069e-16"
					],
					[
						"8808.829021",
						"3.84474e-16"
					],
					[
						"8814.34695",
						"4.01177e-16"
					],
					[
						"8819.864879",
						"4.47467e-16"
					],
					[
						"8825.382807",
						"4.55334e-16"
					],
					[
						"8830.900736",
						"4.93924e-16"
					],
					[
						"8836.418664",
						"4.59073e-16"
					],
					[
						"8841.936593",
						"3.98061e-16"
					],
					[
						"8847.454522",
						"3.89848e-16"
					],
					[
						"8852.97245",
						"4.18523e-16"
					],
					[
						"8858.490379",
						"4.35632e-16"
					],
					[
						"8864.008307",
						"4.26185e-16"
					],
					[
						"8869.526236",
						"3.71866e-16"
					],
					[
						"8875.044165",
						"4.39141e-16"
					],
					[
						"8880.562093",
						"3.58596e-16"
					],
					[
						"8886.080022",
						"3.93933e-16"
					],
					[
						"8891.59795",
						"3.92419e-16"
					],
					[
						"8897.115879",
						"3.91413e-16"
					],
					[
						"8902.633808",
						"3.96331e-16"
					],
					[
						"8908.151736",
						"4.26907e-16"
					],
					[
						"8913.669665",
						"3.19586e-16"
					],
					[
						"8919.187593",
						"3.25336e-16"
					],
					[
						"8924.705522",
						"3.28121e-16"
					],
					[
						"8930.223451",
						"4.05618e-16"
					],
					[
						"8935.741379",
						"4.20499e-16"
					],
					[
						"8941.259308",
						"3.63093e-16"
					],
					[
						"8946.777236",
						"3.53949e-16"
					],
					[
						"8952.295165",
						"3.44894e-16"
					],
					[
						"8957.813094",
						"3.43538e-16"
					],
					[
						"8963.331022",
						"3.48724e-16"
					],
					[
						"8968.848951",
						"3.42903e-16"
					],
					[
						"8974.366879",
						"3.20939e-16"
					],
					[
						"8979.884808",
						"3.30714e-16"
					],
					[
						"8985.402737",
						"3.51104e-16"
					],
					[
						"8990.920665",
						"3.60828e-16"
					],
					[
						"8996.438594",
						"3.6903e-16"
					],
					[
						"9001.956522",
						"3.59934e-16"
					],
					[
						"9007.474451",
						"3.08853e-16"
					],
					[
						"9012.99238",
						"2.77893e-16"
					],
					[
						"9018.510308",
						"2.94622e-16"
					],
					[
						"9024.028237",
						"2.73584e-16"
					],
					[
						"9029.546165",
						"3.47047e-16"
					],
					[
						"9035.064094",
						"3.92513e-16"
					],
					[
						"9040.582023",
						"3.41761e-16"
					],
					[
						"9046.099951",
						"2.72425e-16"
					],
					[
						"9051.61788",
						"3.33547e-16"
					],
					[
						"9057.135808",
						"2.73341e-16"
					],
					[
						"9062.653737",
						"2.95721e-16"
					],
					[
						"9068.171666",
						"4.10555e-16"
					],
					[
						"9073.689594",
						"3.24427e-16"
					],
					[
						"9079.207523",
						"3.08118e-16"
					],
					[
						"9084.725451",
						"2.82857e-16"
					],
					[
						"9090.24338",
						"2.75849e-16"
					],
					[
						"9095.761309",
						"3.76379e-16"
					],
					[
						"9101.279237",
						"3.30673e-16"
					],
					[
						"9106.797166",
						"3.61669e-16"
					],
					[
						"9112.315094",
						"2.74294e-16"
					],
					[
						"9117.833023",
						"3.06394e-16"
					],
					[
						"9123.350952",
						"2.56878e-16"
					],
					[
						"9128.86888",
						"3.28696e-16"
					],
					[
						"9134.386809",
						"2.95836e-16"
					],
					[
						"9139.904737",
						"2.34927e-16"
					],
					[
						"9145.422666",
						"2.92252e-16"
					],
					[
						"9150.940595",
						"3.2206e-16"
					],
					[
						"9156.458523",
						"3.03952e-16"
					],
					[
						"9161.976452",
						"2.88272e-16"
					],
					[
						"9167.49438",
						"2.96424e-16"
					],
					[
						"9173.012309",
						"3.03789e-16"
					],
					[
						"9178.530238",
						"2.68703e-16"
					],
					[
						"9184.048166",
						"2.75381e-16"
					],
					[
						"9189.566095",
						"2.85626e-16"
					],
					[
						"9195.084023",
						"3.12669e-16"
					],
					[
						"9200.601952",
						"3.066e-16"
					],
					[
						"9206.119881",
						"2.31975e-16"
					],
					[
						"9211.637809",
						"2.79448e-16"
					],
					[
						"9217.155738",
						"2.9473e-16"
					],
					[
						"9222.673666",
						"2.82613e-16"
					],
					[
						"9228.191595",
						"2.75367e-16"
					],
					[
						"9233.709524",
						"3.02215e-16"
					],
					[
						"9239.227452",
						"2.90008e-16"
					]
				],
				"source":"8"
			}
		]
	}
}