{
	"ASASSN-15js":{
		"schema":"https://github.com/astrocatalogs/supernovae/blob/a0bc0b9/SCHEMA.md",
		"name":"ASASSN-15js",
		"sources":[
			{
				"name":"2016A&A...594A..13P",
				"bibcode":"2016A&A...594A..13P",
				"reference":"Planck Collaboration et al. (2016)",
				"alias":"1"
			},
			{
				"name":"ATel 7548",
				"bibcode":"2015ATel.7548....1N",
				"reference":"Nicolas et al. (2015)",
				"url":"http://www.astronomerstelegram.org/?read=7548",
				"alias":"2"
			},
			{
				"name":"2015ATel.7609....1P",
				"bibcode":"2015ATel.7609....1P",
				"reference":"Porter et al. (2015)",
				"alias":"3"
			},
			{
				"name":"2011ApJ...737..103S",
				"bibcode":"2011ApJ...737..103S",
				"reference":"Schlafly & Finkbeiner (2011)",
				"alias":"4"
			},
			{
				"name":"Pan-STARRS 3Pi",
				"url":"http://psweb.mp.qub.ac.uk/ps1threepi/psdb/",
				"alias":"5"
			},
			{
				"name":"ASAS-SN Supernovae",
				"url":"http://www.astronomy.ohio-state.edu/~assassin/sn_list.html",
				"alias":"6"
			},
			{
				"name":"Latest Supernovae",
				"secondary":true,
				"url":"http://www.rochesterastronomy.org/snimages/snredshiftall.html",
				"alias":"7"
			},
			{
				"name":"The Open Supernova Catalog",
				"bibcode":"2017ApJ...835...64G",
				"reference":"Guillochon et al. (2017)",
				"secondary":true,
				"url":"https://sne.space",
				"alias":"8"
			},
			{
				"name":"SIMBAD astronomical database",
				"bibcode":"2000A&AS..143....9W",
				"reference":"Wenger et al. (2000)",
				"secondary":true,
				"url":"http://simbad.u-strasbg.fr/",
				"alias":"9"
			}
		],
		"alias":[
			{
				"value":"ASASSN-15js",
				"source":"2,5,7,9"
			},
			{
				"value":"PS15avr",
				"source":"2,5,6"
			}
		],
		"claimedtype":[
			{
				"value":"Ia",
				"source":"2,3,6,7,9"
			}
		],
		"comovingdist":[
			{
				"value":"92.743",
				"derived":true,
				"u_value":"Mpc",
				"source":"1,2,6,8"
			}
		],
		"dec":[
			{
				"value":"+12:17:49.19",
				"u_value":"degrees",
				"source":"2,9"
			},
			{
				"value":"+12:17:49.2",
				"u_value":"degrees",
				"source":"2,5,6,7"
			}
		],
		"discoverdate":[
			{
				"value":"2015/05/21",
				"source":"2,7"
			}
		],
		"discoverer":[
			{
				"value":"ASAS-SN",
				"source":"2,7"
			}
		],
		"ebv":[
			{
				"value":"0.0219",
				"derived":true,
				"e_value":"0.0004",
				"source":"4,8"
			}
		],
		"host":[
			{
				"value":"2MFGC 8437",
				"source":"2,7"
			},
			{
				"value":"2MFGC 08437",
				"source":"2,5,6"
			}
		],
		"hostoffsetang":[
			{
				"value":"3.01",
				"u_value":"arcseconds",
				"source":"2,6"
			}
		],
		"lumdist":[
			{
				"value":"94.6957",
				"derived":true,
				"u_value":"Mpc",
				"source":"1,2,6,8"
			}
		],
		"maxabsmag":[
			{
				"value":"-18.659",
				"derived":true,
				"source":"1,2,6,8"
			}
		],
		"maxappmag":[
			{
				"value":"16.2",
				"derived":true,
				"source":"2,7,8"
			}
		],
		"maxdate":[
			{
				"value":"2015/05/22",
				"derived":true,
				"source":"2,7,8"
			}
		],
		"maxvisualabsmag":[
			{
				"value":"-18.6817",
				"derived":true,
				"source":"1,2,6,8"
			}
		],
		"maxvisualappmag":[
			{
				"value":"16.2",
				"derived":true,
				"source":"2,7,8"
			}
		],
		"maxvisualdate":[
			{
				"value":"2015/05/22",
				"derived":true,
				"source":"2,7,8"
			}
		],
		"ra":[
			{
				"value":"10:50:38.350",
				"u_value":"hours",
				"source":"2,9"
			},
			{
				"value":"10:50:38.35",
				"u_value":"hours",
				"source":"2,7"
			},
			{
				"value":"10:50:38.33",
				"u_value":"hours",
				"source":"2,5"
			},
			{
				"value":"10:50:38.4",
				"u_value":"hours",
				"source":"2,6"
			}
		],
		"redshift":[
			{
				"value":"0.021059",
				"source":"2,6"
			}
		],
		"velocity":[
			{
				"value":"6246.9",
				"u_value":"km/s",
				"source":"8"
			}
		],
		"photometry":[
			{
				"time":"57164.5",
				"magnitude":"16.2",
				"u_time":"MJD",
				"source":"2,7"
			},
			{
				"time":"57192.2467680546",
				"band":"y",
				"e_magnitude":"0.0986443",
				"instrument":"GPC",
				"magnitude":"17.359",
				"telescope":"Pan-STARRS1",
				"u_time":"MJD",
				"source":"2,5"
			},
			{
				"time":"57192.2559371664",
				"band":"y",
				"e_magnitude":"0.0570949",
				"instrument":"GPC",
				"magnitude":"17.4229",
				"telescope":"Pan-STARRS1",
				"u_time":"MJD",
				"source":"2,5"
			}
		]
	}
}