{
	"ASASSN-15fr":{
		"schema":"https://github.com/astrocatalogs/supernovae/blob/a0bc0b9/SCHEMA.md",
		"name":"ASASSN-15fr",
		"sources":[
			{
				"name":"2016A&A...594A..13P",
				"bibcode":"2016A&A...594A..13P",
				"reference":"Planck Collaboration et al. (2016)",
				"alias":"1"
			},
			{
				"name":"2015ATel.7281....1K",
				"bibcode":"2015ATel.7281....1K",
				"reference":"Kiyota et al. (2015)",
				"alias":"2"
			},
			{
				"name":"2015ATel.7305....1B",
				"bibcode":"2015ATel.7305....1B",
				"reference":"Benetti et al. (2015)",
				"alias":"3"
			},
			{
				"name":"2011ApJ...737..103S",
				"bibcode":"2011ApJ...737..103S",
				"reference":"Schlafly & Finkbeiner (2011)",
				"alias":"4"
			},
			{
				"name":"ASAS-SN Supernovae",
				"url":"http://www.astronomy.ohio-state.edu/~assassin/sn_list.html",
				"alias":"5"
			},
			{
				"name":"Latest Supernovae",
				"secondary":true,
				"url":"http://www.rochesterastronomy.org/snimages/snredshiftall.html",
				"alias":"6"
			},
			{
				"name":"The Open Supernova Catalog",
				"bibcode":"2017ApJ...835...64G",
				"reference":"Guillochon et al. (2017)",
				"secondary":true,
				"url":"https://sne.space",
				"alias":"7"
			},
			{
				"name":"WISeREP",
				"bibcode":"2012PASP..124..668Y",
				"reference":"Yaron & Gal-Yam (2012)",
				"secondary":true,
				"url":"http://wiserep.weizmann.ac.il/",
				"alias":"8"
			},
			{
				"name":"SIMBAD astronomical database",
				"bibcode":"2000A&AS..143....9W",
				"reference":"Wenger et al. (2000)",
				"secondary":true,
				"url":"http://simbad.u-strasbg.fr/",
				"alias":"9"
			}
		],
		"alias":[
			{
				"value":"ASASSN-15fr",
				"source":"2,5,6,8,9"
			}
		],
		"claimedtype":[
			{
				"value":"Ia",
				"source":"3,8,9"
			},
			{
				"value":"Ia-91T",
				"source":"2,3,5,6"
			}
		],
		"comovingdist":[
			{
				"value":"146.82",
				"derived":true,
				"u_value":"Mpc",
				"source":"1,2,5,6,7"
			}
		],
		"dec":[
			{
				"value":"-07:38:26.78",
				"u_value":"degrees",
				"source":"2,9"
			},
			{
				"value":"-07:38:26.8",
				"u_value":"degrees",
				"source":"2,6"
			},
			{
				"value":"-07:38:26.772",
				"u_value":"degrees",
				"source":"2,5"
			}
		],
		"discoverdate":[
			{
				"value":"2015/03/24",
				"source":"2,6"
			}
		],
		"discoverer":[
			{
				"value":"ASAS-SN",
				"source":"2,6"
			}
		],
		"ebv":[
			{
				"value":"0.0321",
				"derived":true,
				"e_value":"0.0013",
				"source":"4,7"
			}
		],
		"host":[
			{
				"value":"2MASX J09202045-0738229",
				"source":"2,5"
			}
		],
		"hostdec":[
			{
				"value":"-07:38:22.9",
				"derived":true,
				"u_value":"degrees",
				"source":"7"
			}
		],
		"hostoffsetang":[
			{
				"value":"3.61",
				"u_value":"arcseconds",
				"source":"2,5"
			}
		],
		"hostoffsetdist":[
			{
				"value":"2.49",
				"source":"1,2,5,6,7,9"
			}
		],
		"hostra":[
			{
				"value":"09:20:20.45",
				"derived":true,
				"u_value":"hours",
				"source":"7"
			}
		],
		"lumdist":[
			{
				"value":"151.73",
				"derived":true,
				"u_value":"Mpc",
				"source":"1,2,5,6,7"
			}
		],
		"maxabsmag":[
			{
				"value":"-19.4697",
				"derived":true,
				"source":"1,2,5,6,7"
			}
		],
		"maxappmag":[
			{
				"value":"16.4",
				"derived":true,
				"source":"2,6,7"
			}
		],
		"maxdate":[
			{
				"value":"2015/03/23",
				"derived":true,
				"source":"2,6,7"
			}
		],
		"maxvisualabsmag":[
			{
				"value":"-19.5054",
				"derived":true,
				"source":"1,2,5,6,7"
			}
		],
		"maxvisualappmag":[
			{
				"value":"16.4",
				"derived":true,
				"source":"2,6,7"
			}
		],
		"maxvisualdate":[
			{
				"value":"2015/03/23",
				"derived":true,
				"source":"2,6,7"
			}
		],
		"ra":[
			{
				"value":"09:20:20.440",
				"u_value":"hours",
				"source":"2,9"
			},
			{
				"value":"09:20:20.44",
				"u_value":"hours",
				"source":"2,6"
			},
			{
				"value":"09:20:20.4",
				"u_value":"hours",
				"source":"2,5"
			}
		],
		"redshift":[
			{
				"value":"0.033436",
				"source":"2,5,6"
			}
		],
		"velocity":[
			{
				"value":"9856.4",
				"u_value":"km/s",
				"source":"7"
			}
		],
		"photometry":[
			{
				"time":"57104.5",
				"magnitude":"16.4",
				"u_time":"MJD",
				"source":"2,6"
			}
		],
		"spectra":[
			{
				"time":"57109.0",
				"filename":"tASASSN-15fr_20150327_Gr13_Free_slit1.0_1_f.asci",
				"instrument":"ESO-NTT - EFOSC2-NTT",
				"observer":"N. Walton, H. Campbell",
				"redshift":"0.033",
				"reducer":"C. Frohmaier, S. Prajs, R. Cartier",
				"reduction":"rapid",
				"survey":"PESSTO",
				"u_fluxes":"erg/s/cm^2/Angstrom",
				"u_time":"MJD",
				"u_wavelengths":"Angstrom",
				"data":[
					[
						"3640.047852",
						"5.84722e-16"
					],
					[
						"3645.56578",
						"5.47177e-16"
					],
					[
						"3651.083709",
						"5.85721e-16"
					],
					[
						"3656.601637",
						"5.70335e-16"
					],
					[
						"3662.119566",
						"5.73345e-16"
					],
					[
						"3667.637495",
						"6.51331e-16"
					],
					[
						"3673.155423",
						"5.87225e-16"
					],
					[
						"3678.673352",
						"5.29795e-16"
					],
					[
						"3684.19128",
						"5.77108e-16"
					],
					[
						"3689.709209",
						"6.17592e-16"
					],
					[
						"3695.227138",
						"6.25191e-16"
					],
					[
						"3700.745066",
						"5.86303e-16"
					],
					[
						"3706.262995",
						"6.09858e-16"
					],
					[
						"3711.780923",
						"5.48792e-16"
					],
					[
						"3717.298852",
						"5.62585e-16"
					],
					[
						"3722.816781",
						"5.46198e-16"
					],
					[
						"3728.334709",
						"5.15341e-16"
					],
					[
						"3733.852638",
						"5.52761e-16"
					],
					[
						"3739.370566",
						"5.56942e-16"
					],
					[
						"3744.888495",
						"5.96594e-16"
					],
					[
						"3750.406424",
						"6.11404e-16"
					],
					[
						"3755.924352",
						"5.73754e-16"
					],
					[
						"3761.442281",
						"5.94054e-16"
					],
					[
						"3766.960209",
						"6.06883e-16"
					],
					[
						"3772.478138",
						"5.29271e-16"
					],
					[
						"3777.996067",
						"4.7282e-16"
					],
					[
						"3783.513995",
						"4.80286e-16"
					],
					[
						"3789.031924",
						"5.09555e-16"
					],
					[
						"3794.549852",
						"4.77529e-16"
					],
					[
						"3800.067781",
						"4.02093e-16"
					],
					[
						"3805.58571",
						"4.09118e-16"
					],
					[
						"3811.103638",
						"3.75823e-16"
					],
					[
						"3816.621567",
						"2.70422e-16"
					],
					[
						"3822.139495",
						"3.26218e-16"
					],
					[
						"3827.657424",
						"2.87636e-16"
					],
					[
						"3833.175353",
						"2.88881e-16"
					],
					[
						"3838.693281",
						"2.85606e-16"
					],
					[
						"3844.21121",
						"2.7961e-16"
					],
					[
						"3849.729138",
						"2.92064e-16"
					],
					[
						"3855.247067",
						"3.09779e-16"
					],
					[
						"3860.764996",
						"2.94699e-16"
					],
					[
						"3866.282924",
						"2.94733e-16"
					],
					[
						"3871.800853",
						"2.97566e-16"
					],
					[
						"3877.318781",
						"3.31348e-16"
					],
					[
						"3882.83671",
						"2.90766e-16"
					],
					[
						"3888.354639",
						"3.14289e-16"
					],
					[
						"3893.872567",
						"3.21256e-16"
					],
					[
						"3899.390496",
						"2.76956e-16"
					],
					[
						"3904.908424",
						"3.39541e-16"
					],
					[
						"3910.426353",
						"3.0437e-16"
					],
					[
						"3915.944282",
						"3.16845e-16"
					],
					[
						"3921.46221",
						"2.9951e-16"
					],
					[
						"3926.980139",
						"2.74865e-16"
					],
					[
						"3932.498067",
						"3.06415e-16"
					],
					[
						"3938.015996",
						"2.90725e-16"
					],
					[
						"3943.533925",
						"3.35019e-16"
					],
					[
						"3949.051853",
						"3.69137e-16"
					],
					[
						"3954.569782",
						"3.56034e-16"
					],
					[
						"3960.08771",
						"3.67055e-16"
					],
					[
						"3965.605639",
						"4.11759e-16"
					],
					[
						"3971.123568",
						"4.63462e-16"
					],
					[
						"3976.641496",
						"4.2787e-16"
					],
					[
						"3982.159425",
						"4.90992e-16"
					],
					[
						"3987.677353",
						"5.19523e-16"
					],
					[
						"3993.195282",
						"5.84553e-16"
					],
					[
						"3998.713211",
						"5.93103e-16"
					],
					[
						"4004.231139",
						"6.48916e-16"
					],
					[
						"4009.749068",
						"6.46305e-16"
					],
					[
						"4015.266996",
						"6.78186e-16"
					],
					[
						"4020.784925",
						"6.94989e-16"
					],
					[
						"4026.302854",
						"6.37624e-16"
					],
					[
						"4031.820782",
						"6.63483e-16"
					],
					[
						"4037.338711",
						"6.85825e-16"
					],
					[
						"4042.856639",
						"6.54071e-16"
					],
					[
						"4048.374568",
						"6.90255e-16"
					],
					[
						"4053.892497",
						"7.46961e-16"
					],
					[
						"4059.410425",
						"7.10363e-16"
					],
					[
						"4064.928354",
						"7.24179e-16"
					],
					[
						"4070.446282",
						"6.95548e-16"
					],
					[
						"4075.964211",
						"6.67369e-16"
					],
					[
						"4081.48214",
						"6.54302e-16"
					],
					[
						"4087.000068",
						"6.21095e-16"
					],
					[
						"4092.517997",
						"6.00733e-16"
					],
					[
						"4098.035925",
						"5.71804e-16"
					],
					[
						"4103.553854",
						"5.62302e-16"
					],
					[
						"4109.071783",
						"5.50783e-16"
					],
					[
						"4114.589711",
						"5.557e-16"
					],
					[
						"4120.10764",
						"5.20172e-16"
					],
					[
						"4125.625568",
						"5.30699e-16"
					],
					[
						"4131.143497",
						"5.42474e-16"
					],
					[
						"4136.661426",
						"5.34315e-16"
					],
					[
						"4142.179354",
						"5.41046e-16"
					],
					[
						"4147.697283",
						"5.59889e-16"
					],
					[
						"4153.215211",
						"5.91291e-16"
					],
					[
						"4158.73314",
						"5.8803e-16"
					],
					[
						"4164.251069",
						"5.98232e-16"
					],
					[
						"4169.768997",
						"6.43647e-16"
					],
					[
						"4175.286926",
						"6.38388e-16"
					],
					[
						"4180.804854",
						"6.43412e-16"
					],
					[
						"4186.322783",
						"6.73764e-16"
					],
					[
						"4191.840712",
						"6.91819e-16"
					],
					[
						"4197.35864",
						"7.00683e-16"
					],
					[
						"4202.876569",
						"7.46447e-16"
					],
					[
						"4208.394497",
						"7.81449e-16"
					],
					[
						"4213.912426",
						"7.50381e-16"
					],
					[
						"4219.430355",
						"7.26763e-16"
					],
					[
						"4224.948283",
						"7.16735e-16"
					],
					[
						"4230.466212",
						"7.2098e-16"
					],
					[
						"4235.98414",
						"7.24181e-16"
					],
					[
						"4241.502069",
						"7.28846e-16"
					],
					[
						"4247.019998",
						"7.52185e-16"
					],
					[
						"4252.537926",
						"7.19185e-16"
					],
					[
						"4258.055855",
						"6.57428e-16"
					],
					[
						"4263.573783",
						"6.67776e-16"
					],
					[
						"4269.091712",
						"6.74956e-16"
					],
					[
						"4274.609641",
						"6.6611e-16"
					],
					[
						"4280.127569",
						"6.74278e-16"
					],
					[
						"4285.645498",
						"6.7708e-16"
					],
					[
						"4291.163426",
						"6.49748e-16"
					],
					[
						"4296.681355",
						"6.54607e-16"
					],
					[
						"4302.199284",
						"6.66431e-16"
					],
					[
						"4307.717212",
						"6.65084e-16"
					],
					[
						"4313.235141",
						"6.21216e-16"
					],
					[
						"4318.753069",
						"6.3117e-16"
					],
					[
						"4324.270998",
						"6.12944e-16"
					],
					[
						"4329.788927",
						"5.85054e-16"
					],
					[
						"4335.306855",
						"5.86313e-16"
					],
					[
						"4340.824784",
						"5.67313e-16"
					],
					[
						"4346.342712",
						"5.65698e-16"
					],
					[
						"4351.860641",
						"5.68902e-16"
					],
					[
						"4357.37857",
						"5.59666e-16"
					],
					[
						"4362.896498",
						"5.79007e-16"
					],
					[
						"4368.414427",
						"5.18462e-16"
					],
					[
						"4373.932355",
						"5.15457e-16"
					],
					[
						"4379.450284",
						"4.87231e-16"
					],
					[
						"4384.968213",
						"4.96711e-16"
					],
					[
						"4390.486141",
						"4.88601e-16"
					],
					[
						"4396.00407",
						"4.67499e-16"
					],
					[
						"4401.521998",
						"4.62797e-16"
					],
					[
						"4407.039927",
						"4.70019e-16"
					],
					[
						"4412.557856",
						"4.2808e-16"
					],
					[
						"4418.075784",
						"4.31242e-16"
					],
					[
						"4423.593713",
						"3.7325e-16"
					],
					[
						"4429.111641",
						"3.58371e-16"
					],
					[
						"4434.62957",
						"3.48706e-16"
					],
					[
						"4440.147499",
						"3.62456e-16"
					],
					[
						"4445.665427",
						"3.6203e-16"
					],
					[
						"4451.183356",
						"3.60276e-16"
					],
					[
						"4456.701284",
						"3.6788e-16"
					],
					[
						"4462.219213",
						"3.99641e-16"
					],
					[
						"4467.737142",
						"3.78384e-16"
					],
					[
						"4473.25507",
						"4.27517e-16"
					],
					[
						"4478.772999",
						"4.03141e-16"
					],
					[
						"4484.290927",
						"4.08188e-16"
					],
					[
						"4489.808856",
						"4.33149e-16"
					],
					[
						"4495.326785",
						"4.48346e-16"
					],
					[
						"4500.844713",
						"4.47983e-16"
					],
					[
						"4506.362642",
						"4.46223e-16"
					],
					[
						"4511.88057",
						"4.56146e-16"
					],
					[
						"4517.398499",
						"4.42394e-16"
					],
					[
						"4522.916428",
						"4.71548e-16"
					],
					[
						"4528.434356",
						"4.63903e-16"
					],
					[
						"4533.952285",
						"4.62368e-16"
					],
					[
						"4539.470213",
						"4.70676e-16"
					],
					[
						"4544.988142",
						"4.46198e-16"
					],
					[
						"4550.506071",
						"4.70312e-16"
					],
					[
						"4556.023999",
						"4.84652e-16"
					],
					[
						"4561.541928",
						"4.41741e-16"
					],
					[
						"4567.059856",
						"4.36459e-16"
					],
					[
						"4572.577785",
						"4.41575e-16"
					],
					[
						"4578.095714",
						"4.21386e-16"
					],
					[
						"4583.613642",
						"4.53554e-16"
					],
					[
						"4589.131571",
						"4.69861e-16"
					],
					[
						"4594.649499",
						"4.35093e-16"
					],
					[
						"4600.167428",
						"4.58027e-16"
					],
					[
						"4605.685357",
						"5.04889e-16"
					],
					[
						"4611.203285",
						"4.83961e-16"
					],
					[
						"4616.721214",
						"5.16048e-16"
					],
					[
						"4622.239142",
						"5.08884e-16"
					],
					[
						"4627.757071",
						"5.04921e-16"
					],
					[
						"4633.275",
						"5.14767e-16"
					],
					[
						"4638.792928",
						"5.43967e-16"
					],
					[
						"4644.310857",
						"5.36978e-16"
					],
					[
						"4649.828785",
						"5.56958e-16"
					],
					[
						"4655.346714",
						"5.22044e-16"
					],
					[
						"4660.864643",
						"5.35787e-16"
					],
					[
						"4666.382571",
						"5.22852e-16"
					],
					[
						"4671.9005",
						"5.47634e-16"
					],
					[
						"4677.418428",
						"5.25622e-16"
					],
					[
						"4682.936357",
						"5.31925e-16"
					],
					[
						"4688.454286",
						"5.87866e-16"
					],
					[
						"4693.972214",
						"5.34675e-16"
					],
					[
						"4699.490143",
						"5.70297e-16"
					],
					[
						"4705.008071",
						"5.08241e-16"
					],
					[
						"4710.526",
						"5.22178e-16"
					],
					[
						"4716.043929",
						"5.32648e-16"
					],
					[
						"4721.561857",
						"5.35866e-16"
					],
					[
						"4727.079786",
						"5.23128e-16"
					],
					[
						"4732.597714",
						"5.24667e-16"
					],
					[
						"4738.115643",
						"5.11363e-16"
					],
					[
						"4743.633572",
						"5.19496e-16"
					],
					[
						"4749.1515",
						"5.39293e-16"
					],
					[
						"4754.669429",
						"5.42279e-16"
					],
					[
						"4760.187357",
						"5.21498e-16"
					],
					[
						"4765.705286",
						"5.23295e-16"
					],
					[
						"4771.223215",
						"5.2928e-16"
					],
					[
						"4776.741143",
						"5.06688e-16"
					],
					[
						"4782.259072",
						"4.69552e-16"
					],
					[
						"4787.777",
						"4.6166e-16"
					],
					[
						"4793.294929",
						"4.67968e-16"
					],
					[
						"4798.812858",
						"4.62049e-16"
					],
					[
						"4804.330786",
						"4.57483e-16"
					],
					[
						"4809.848715",
						"4.10568e-16"
					],
					[
						"4815.366643",
						"4.50085e-16"
					],
					[
						"4820.884572",
						"4.32088e-16"
					],
					[
						"4826.402501",
						"4.28621e-16"
					],
					[
						"4831.920429",
						"4.0143e-16"
					],
					[
						"4837.438358",
						"4.19035e-16"
					],
					[
						"4842.956286",
						"4.35526e-16"
					],
					[
						"4848.474215",
						"3.95336e-16"
					],
					[
						"4853.992144",
						"4.55862e-16"
					],
					[
						"4859.510072",
						"4.22e-16"
					],
					[
						"4865.028001",
						"4.28442e-16"
					],
					[
						"4870.545929",
						"4.33743e-16"
					],
					[
						"4876.063858",
						"4.21157e-16"
					],
					[
						"4881.581787",
						"4.27699e-16"
					],
					[
						"4887.099715",
						"4.41533e-16"
					],
					[
						"4892.617644",
						"4.03704e-16"
					],
					[
						"4898.135572",
						"3.97784e-16"
					],
					[
						"4903.653501",
						"3.84457e-16"
					],
					[
						"4909.17143",
						"3.97864e-16"
					],
					[
						"4914.689358",
						"4.00378e-16"
					],
					[
						"4920.207287",
						"3.90206e-16"
					],
					[
						"4925.725215",
						"3.65776e-16"
					],
					[
						"4931.243144",
						"3.73496e-16"
					],
					[
						"4936.761073",
						"3.99538e-16"
					],
					[
						"4942.279001",
						"4.11541e-16"
					],
					[
						"4947.79693",
						"3.70511e-16"
					],
					[
						"4953.314858",
						"3.81035e-16"
					],
					[
						"4958.832787",
						"4.11991e-16"
					],
					[
						"4964.350716",
						"3.84259e-16"
					],
					[
						"4969.868644",
						"3.77412e-16"
					],
					[
						"4975.386573",
						"3.54621e-16"
					],
					[
						"4980.904501",
						"3.30783e-16"
					],
					[
						"4986.42243",
						"3.05631e-16"
					],
					[
						"4991.940359",
						"3.18993e-16"
					],
					[
						"4997.458287",
						"2.99583e-16"
					],
					[
						"5002.976216",
						"2.8089e-16"
					],
					[
						"5008.494144",
						"2.76177e-16"
					],
					[
						"5014.012073",
						"2.71028e-16"
					],
					[
						"5019.530002",
						"2.65344e-16"
					],
					[
						"5025.04793",
						"2.43651e-16"
					],
					[
						"5030.565859",
						"2.62737e-16"
					],
					[
						"5036.083787",
						"2.34912e-16"
					],
					[
						"5041.601716",
						"2.83797e-16"
					],
					[
						"5047.119645",
						"2.66088e-16"
					],
					[
						"5052.637573",
						"3.23231e-16"
					],
					[
						"5058.155502",
						"2.84899e-16"
					],
					[
						"5063.67343",
						"3.15871e-16"
					],
					[
						"5069.191359",
						"3.24165e-16"
					],
					[
						"5074.709288",
						"3.19131e-16"
					],
					[
						"5080.227216",
						"3.13193e-16"
					],
					[
						"5085.745145",
						"3.32812e-16"
					],
					[
						"5091.263073",
						"3.53631e-16"
					],
					[
						"5096.781002",
						"3.61879e-16"
					],
					[
						"5102.298931",
						"3.2073e-16"
					],
					[
						"5107.816859",
						"3.41922e-16"
					],
					[
						"5113.334788",
						"3.44672e-16"
					],
					[
						"5118.852716",
						"3.17299e-16"
					],
					[
						"5124.370645",
						"3.4559e-16"
					],
					[
						"5129.888574",
						"3.39778e-16"
					],
					[
						"5135.406502",
						"3.30583e-16"
					],
					[
						"5140.924431",
						"3.46897e-16"
					],
					[
						"5146.442359",
						"3.37528e-16"
					],
					[
						"5151.960288",
						"3.47381e-16"
					],
					[
						"5157.478217",
						"3.56605e-16"
					],
					[
						"5162.996145",
						"3.36011e-16"
					],
					[
						"5168.514074",
						"3.36188e-16"
					],
					[
						"5174.032002",
						"3.51429e-16"
					],
					[
						"5179.549931",
						"3.64429e-16"
					],
					[
						"5185.06786",
						"3.5406e-16"
					],
					[
						"5190.585788",
						"3.56417e-16"
					],
					[
						"5196.103717",
						"3.92578e-16"
					],
					[
						"5201.621645",
						"3.54005e-16"
					],
					[
						"5207.139574",
						"3.45708e-16"
					],
					[
						"5212.657503",
						"3.77948e-16"
					],
					[
						"5218.175431",
						"3.72503e-16"
					],
					[
						"5223.69336",
						"3.8708e-16"
					],
					[
						"5229.211288",
						"3.92679e-16"
					],
					[
						"5234.729217",
						"3.74672e-16"
					],
					[
						"5240.247146",
						"3.91246e-16"
					],
					[
						"5245.765074",
						"3.9888e-16"
					],
					[
						"5251.283003",
						"3.96985e-16"
					],
					[
						"5256.800931",
						"4.14413e-16"
					],
					[
						"5262.31886",
						"3.90717e-16"
					],
					[
						"5267.836789",
						"4.31003e-16"
					],
					[
						"5273.354717",
						"4.36531e-16"
					],
					[
						"5278.872646",
						"4.49217e-16"
					],
					[
						"5284.390574",
						"4.34459e-16"
					],
					[
						"5289.908503",
						"4.25507e-16"
					],
					[
						"5295.426432",
						"3.93902e-16"
					],
					[
						"5300.94436",
						"4.10389e-16"
					],
					[
						"5306.462289",
						"4.07092e-16"
					],
					[
						"5311.980217",
						"4.1803e-16"
					],
					[
						"5317.498146",
						"4.13212e-16"
					],
					[
						"5323.016075",
						"4.01706e-16"
					],
					[
						"5328.534003",
						"3.72813e-16"
					],
					[
						"5334.051932",
						"3.99414e-16"
					],
					[
						"5339.56986",
						"3.81145e-16"
					],
					[
						"5345.087789",
						"3.50517e-16"
					],
					[
						"5350.605718",
						"3.98391e-16"
					],
					[
						"5356.123646",
						"3.92515e-16"
					],
					[
						"5361.641575",
						"4.0348e-16"
					],
					[
						"5367.159503",
						"4.00442e-16"
					],
					[
						"5372.677432",
						"4.11302e-16"
					],
					[
						"5378.195361",
						"4.00551e-16"
					],
					[
						"5383.713289",
						"3.8298e-16"
					],
					[
						"5389.231218",
						"3.82157e-16"
					],
					[
						"5394.749146",
						"3.62104e-16"
					],
					[
						"5400.267075",
						"3.41159e-16"
					],
					[
						"5405.785004",
						"3.50854e-16"
					],
					[
						"5411.302932",
						"3.48062e-16"
					],
					[
						"5416.820861",
						"3.05784e-16"
					],
					[
						"5422.338789",
						"2.84902e-16"
					],
					[
						"5427.856718",
						"2.77422e-16"
					],
					[
						"5433.374647",
						"2.63083e-16"
					],
					[
						"5438.892575",
						"2.67767e-16"
					],
					[
						"5444.410504",
						"2.54002e-16"
					],
					[
						"5449.928432",
						"2.49526e-16"
					],
					[
						"5455.446361",
						"2.60103e-16"
					],
					[
						"5460.96429",
						"2.78826e-16"
					],
					[
						"5466.482218",
						"2.67705e-16"
					],
					[
						"5472.000147",
						"2.65705e-16"
					],
					[
						"5477.518075",
						"2.7302e-16"
					],
					[
						"5483.036004",
						"2.78562e-16"
					],
					[
						"5488.553933",
						"2.90985e-16"
					],
					[
						"5494.071861",
						"2.64813e-16"
					],
					[
						"5499.58979",
						"2.68993e-16"
					],
					[
						"5505.107718",
						"2.98776e-16"
					],
					[
						"5510.625647",
						"3.03444e-16"
					],
					[
						"5516.143576",
						"3.13347e-16"
					],
					[
						"5521.661504",
						"2.89752e-16"
					],
					[
						"5527.179433",
						"2.83296e-16"
					],
					[
						"5532.697361",
						"2.92227e-16"
					],
					[
						"5538.21529",
						"3.01281e-16"
					],
					[
						"5543.733219",
						"3.21118e-16"
					],
					[
						"5549.251147",
						"3.03241e-16"
					],
					[
						"5554.769076",
						"3.14326e-16"
					],
					[
						"5560.287004",
						"2.84935e-16"
					],
					[
						"5565.804933",
						"3.11075e-16"
					],
					[
						"5571.322862",
						"3.10222e-16"
					],
					[
						"5576.84079",
						"2.80273e-16"
					],
					[
						"5582.358719",
						"3.07705e-16"
					],
					[
						"5587.876647",
						"2.98706e-16"
					],
					[
						"5593.394576",
						"2.74092e-16"
					],
					[
						"5598.912505",
						"2.49887e-16"
					],
					[
						"5604.430433",
						"2.82341e-16"
					],
					[
						"5609.948362",
						"2.69841e-16"
					],
					[
						"5615.46629",
						"2.43497e-16"
					],
					[
						"5620.984219",
						"2.42765e-16"
					],
					[
						"5626.502148",
						"2.63482e-16"
					],
					[
						"5632.020076",
						"2.40048e-16"
					],
					[
						"5637.538005",
						"2.69228e-16"
					],
					[
						"5643.055933",
						"2.41981e-16"
					],
					[
						"5648.573862",
						"2.5476e-16"
					],
					[
						"5654.091791",
						"2.67399e-16"
					],
					[
						"5659.609719",
						"2.57227e-16"
					],
					[
						"5665.127648",
						"2.57532e-16"
					],
					[
						"5670.645576",
						"2.6035e-16"
					],
					[
						"5676.163505",
						"3.11185e-16"
					],
					[
						"5681.681434",
						"2.93891e-16"
					],
					[
						"5687.199362",
						"3.18938e-16"
					],
					[
						"5692.717291",
						"3.04451e-16"
					],
					[
						"5698.235219",
						"2.99318e-16"
					],
					[
						"5703.753148",
						"3.19981e-16"
					],
					[
						"5709.271077",
						"3.39084e-16"
					],
					[
						"5714.789005",
						"3.61015e-16"
					],
					[
						"5720.306934",
						"3.58467e-16"
					],
					[
						"5725.824862",
						"3.46934e-16"
					],
					[
						"5731.342791",
						"3.35148e-16"
					],
					[
						"5736.86072",
						"3.36581e-16"
					],
					[
						"5742.378648",
						"3.51643e-16"
					],
					[
						"5747.896577",
						"3.15122e-16"
					],
					[
						"5753.414505",
						"3.45711e-16"
					],
					[
						"5758.932434",
						"3.46758e-16"
					],
					[
						"5764.450363",
						"3.30673e-16"
					],
					[
						"5769.968291",
						"3.48474e-16"
					],
					[
						"5775.48622",
						"3.18797e-16"
					],
					[
						"5781.004148",
						"3.43392e-16"
					],
					[
						"5786.522077",
						"3.42398e-16"
					],
					[
						"5792.040006",
						"3.60225e-16"
					],
					[
						"5797.557934",
						"3.62894e-16"
					],
					[
						"5803.075863",
						"3.11574e-16"
					],
					[
						"5808.593791",
						"3.25412e-16"
					],
					[
						"5814.11172",
						"3.70037e-16"
					],
					[
						"5819.629649",
						"3.7589e-16"
					],
					[
						"5825.147577",
						"3.69055e-16"
					],
					[
						"5830.665506",
						"3.52962e-16"
					],
					[
						"5836.183434",
						"3.34896e-16"
					],
					[
						"5841.701363",
						"3.16245e-16"
					],
					[
						"5847.219292",
						"3.574e-16"
					],
					[
						"5852.73722",
						"3.59141e-16"
					],
					[
						"5858.255149",
						"3.35207e-16"
					],
					[
						"5863.773077",
						"3.35266e-16"
					],
					[
						"5869.291006",
						"3.39982e-16"
					],
					[
						"5874.808935",
						"3.35891e-16"
					],
					[
						"5880.326863",
						"3.52379e-16"
					],
					[
						"5885.844792",
						"3.36319e-16"
					],
					[
						"5891.36272",
						"3.29512e-16"
					],
					[
						"5896.880649",
						"3.10396e-16"
					],
					[
						"5902.398578",
						"3.12987e-16"
					],
					[
						"5907.916506",
						"3.30513e-16"
					],
					[
						"5913.434435",
						"3.06159e-16"
					],
					[
						"5918.952363",
						"2.93732e-16"
					],
					[
						"5924.470292",
						"3.08295e-16"
					],
					[
						"5929.988221",
						"3.02784e-16"
					],
					[
						"5935.506149",
						"2.85745e-16"
					],
					[
						"5941.024078",
						"2.71408e-16"
					],
					[
						"5946.542006",
						"2.73082e-16"
					],
					[
						"5952.059935",
						"2.71239e-16"
					],
					[
						"5957.577864",
						"2.86496e-16"
					],
					[
						"5963.095792",
						"2.8864e-16"
					],
					[
						"5968.613721",
						"2.72564e-16"
					],
					[
						"5974.131649",
						"3.01423e-16"
					],
					[
						"5979.649578",
						"2.81407e-16"
					],
					[
						"5985.167507",
						"2.81635e-16"
					],
					[
						"5990.685435",
						"3.15861e-16"
					],
					[
						"5996.203364",
						"2.97225e-16"
					],
					[
						"6001.721293",
						"3.01352e-16"
					],
					[
						"6007.239221",
						"3.29292e-16"
					],
					[
						"6012.75715",
						"3.0937e-16"
					],
					[
						"6018.275078",
						"3.06376e-16"
					],
					[
						"6023.793007",
						"3.26731e-16"
					],
					[
						"6029.310935",
						"3.12476e-16"
					],
					[
						"6034.828864",
						"3.0988e-16"
					],
					[
						"6040.346793",
						"3.0129e-16"
					],
					[
						"6045.864721",
						"3.15016e-16"
					],
					[
						"6051.38265",
						"3.33717e-16"
					],
					[
						"6056.900578",
						"3.35461e-16"
					],
					[
						"6062.418507",
						"3.24377e-16"
					],
					[
						"6067.936436",
						"3.10854e-16"
					],
					[
						"6073.454364",
						"3.5005e-16"
					],
					[
						"6078.972293",
						"3.24223e-16"
					],
					[
						"6084.490222",
						"3.3464e-16"
					],
					[
						"6090.00815",
						"3.43255e-16"
					],
					[
						"6095.526079",
						"3.10943e-16"
					],
					[
						"6101.044007",
						"3.38739e-16"
					],
					[
						"6106.561936",
						"3.35611e-16"
					],
					[
						"6112.079865",
						"3.46602e-16"
					],
					[
						"6117.597793",
						"3.30546e-16"
					],
					[
						"6123.115722",
						"3.03942e-16"
					],
					[
						"6128.63365",
						"3.4443e-16"
					],
					[
						"6134.151579",
						"3.2357e-16"
					],
					[
						"6139.669507",
						"3.2151e-16"
					],
					[
						"6145.187436",
						"3.42819e-16"
					],
					[
						"6150.705365",
						"3.21613e-16"
					],
					[
						"6156.223293",
						"3.1574e-16"
					],
					[
						"6161.741222",
						"3.41673e-16"
					],
					[
						"6167.259151",
						"3.1482e-16"
					],
					[
						"6172.777079",
						"3.22342e-16"
					],
					[
						"6178.295008",
						"3.161e-16"
					],
					[
						"6183.812936",
						"3.29409e-16"
					],
					[
						"6189.330865",
						"3.15583e-16"
					],
					[
						"6194.848794",
						"3.08722e-16"
					],
					[
						"6200.366722",
						"2.97076e-16"
					],
					[
						"6205.884651",
						"2.93609e-16"
					],
					[
						"6211.402579",
						"2.80241e-16"
					],
					[
						"6216.920508",
						"2.6607e-16"
					],
					[
						"6222.438437",
						"2.43519e-16"
					],
					[
						"6227.956365",
						"2.44499e-16"
					],
					[
						"6233.474294",
						"2.46424e-16"
					],
					[
						"6238.992222",
						"2.35324e-16"
					],
					[
						"6244.510151",
						"2.21112e-16"
					],
					[
						"6250.02808",
						"2.04136e-16"
					],
					[
						"6255.546008",
						"1.86374e-16"
					],
					[
						"6261.063937",
						"1.68895e-16"
					],
					[
						"6266.581865",
						"1.62461e-16"
					],
					[
						"6272.099794",
						"1.52651e-16"
					],
					[
						"6277.617723",
						"1.51204e-16"
					],
					[
						"6283.135651",
						"1.43536e-16"
					],
					[
						"6288.65358",
						"1.31629e-16"
					],
					[
						"6294.171508",
						"1.37018e-16"
					],
					[
						"6299.689437",
						"1.17919e-16"
					],
					[
						"6305.207366",
						"1.07213e-16"
					],
					[
						"6310.725294",
						"1.04881e-16"
					],
					[
						"6316.243223",
						"1.18943e-16"
					],
					[
						"6321.761151",
						"1.03887e-16"
					],
					[
						"6327.27908",
						"1.03622e-16"
					],
					[
						"6332.797009",
						"1.21773e-16"
					],
					[
						"6338.314937",
						"1.23303e-16"
					],
					[
						"6343.832866",
						"9.98438e-17"
					],
					[
						"6349.350794",
						"1.14595e-16"
					],
					[
						"6354.868723",
						"1.50728e-16"
					],
					[
						"6360.386652",
						"1.45463e-16"
					],
					[
						"6365.90458",
						"1.3305e-16"
					],
					[
						"6371.422509",
						"1.58201e-16"
					],
					[
						"6376.940437",
						"1.53732e-16"
					],
					[
						"6382.458366",
						"1.7055e-16"
					],
					[
						"6387.976295",
						"1.78021e-16"
					],
					[
						"6393.494223",
						"1.86051e-16"
					],
					[
						"6399.012152",
						"1.87967e-16"
					],
					[
						"6404.53008",
						"2.18019e-16"
					],
					[
						"6410.048009",
						"2.31981e-16"
					],
					[
						"6415.565938",
						"2.08979e-16"
					],
					[
						"6421.083866",
						"2.14016e-16"
					],
					[
						"6426.601795",
						"2.57762e-16"
					],
					[
						"6432.119723",
						"2.62508e-16"
					],
					[
						"6437.637652",
						"2.76862e-16"
					],
					[
						"6443.155581",
						"2.71228e-16"
					],
					[
						"6448.673509",
						"2.48383e-16"
					],
					[
						"6454.191438",
						"2.44913e-16"
					],
					[
						"6459.709366",
						"2.55779e-16"
					],
					[
						"6465.227295",
						"2.68598e-16"
					],
					[
						"6470.745224",
						"2.67761e-16"
					],
					[
						"6476.263152",
						"2.57851e-16"
					],
					[
						"6481.781081",
						"2.73502e-16"
					],
					[
						"6487.299009",
						"2.74937e-16"
					],
					[
						"6492.816938",
						"2.82898e-16"
					],
					[
						"6498.334867",
						"2.93142e-16"
					],
					[
						"6503.852795",
						"2.8595e-16"
					],
					[
						"6509.370724",
						"2.85986e-16"
					],
					[
						"6514.888652",
						"2.7975e-16"
					],
					[
						"6520.406581",
						"3.02155e-16"
					],
					[
						"6525.92451",
						"3.05779e-16"
					],
					[
						"6531.442438",
						"2.94838e-16"
					],
					[
						"6536.960367",
						"2.81444e-16"
					],
					[
						"6542.478295",
						"2.99007e-16"
					],
					[
						"6547.996224",
						"2.94535e-16"
					],
					[
						"6553.514153",
						"2.89433e-16"
					],
					[
						"6559.032081",
						"2.82608e-16"
					],
					[
						"6564.55001",
						"2.59949e-16"
					],
					[
						"6570.067938",
						"2.76462e-16"
					],
					[
						"6575.585867",
						"2.89769e-16"
					],
					[
						"6581.103796",
						"2.85131e-16"
					],
					[
						"6586.621724",
						"2.90561e-16"
					],
					[
						"6592.139653",
						"2.67744e-16"
					],
					[
						"6597.657581",
						"2.59709e-16"
					],
					[
						"6603.17551",
						"2.7418e-16"
					],
					[
						"6608.693439",
						"2.83144e-16"
					],
					[
						"6614.211367",
						"2.59123e-16"
					],
					[
						"6619.729296",
						"2.603e-16"
					],
					[
						"6625.247224",
						"2.71286e-16"
					],
					[
						"6630.765153",
						"2.45831e-16"
					],
					[
						"6636.283082",
						"2.5359e-16"
					],
					[
						"6641.80101",
						"2.69672e-16"
					],
					[
						"6647.318939",
						"2.58843e-16"
					],
					[
						"6652.836867",
						"2.51044e-16"
					],
					[
						"6658.354796",
						"2.48006e-16"
					],
					[
						"6663.872725",
						"2.67007e-16"
					],
					[
						"6669.390653",
						"2.47479e-16"
					],
					[
						"6674.908582",
						"2.24052e-16"
					],
					[
						"6680.42651",
						"2.42211e-16"
					],
					[
						"6685.944439",
						"2.50681e-16"
					],
					[
						"6691.462368",
						"2.40618e-16"
					],
					[
						"6696.980296",
						"2.34853e-16"
					],
					[
						"6702.498225",
						"2.53129e-16"
					],
					[
						"6708.016153",
						"2.54525e-16"
					],
					[
						"6713.534082",
						"2.16885e-16"
					],
					[
						"6719.052011",
						"2.17625e-16"
					],
					[
						"6724.569939",
						"2.24732e-16"
					],
					[
						"6730.087868",
						"2.31117e-16"
					],
					[
						"6735.605796",
						"2.28503e-16"
					],
					[
						"6741.123725",
						"2.42104e-16"
					],
					[
						"6746.641654",
						"2.39465e-16"
					],
					[
						"6752.159582",
						"2.36073e-16"
					],
					[
						"6757.677511",
						"2.35746e-16"
					],
					[
						"6763.195439",
						"2.12049e-16"
					],
					[
						"6768.713368",
						"2.20422e-16"
					],
					[
						"6774.231297",
						"2.3004e-16"
					],
					[
						"6779.749225",
						"2.15537e-16"
					],
					[
						"6785.267154",
						"1.95075e-16"
					],
					[
						"6790.785082",
						"2.09202e-16"
					],
					[
						"6796.303011",
						"2.2369e-16"
					],
					[
						"6801.82094",
						"2.37603e-16"
					],
					[
						"6807.338868",
						"2.20907e-16"
					],
					[
						"6812.856797",
						"2.15006e-16"
					],
					[
						"6818.374725",
						"2.0235e-16"
					],
					[
						"6823.892654",
						"1.88708e-16"
					],
					[
						"6829.410583",
						"2.10802e-16"
					],
					[
						"6834.928511",
						"2.07021e-16"
					],
					[
						"6840.44644",
						"2.0147e-16"
					],
					[
						"6845.964368",
						"1.9169e-16"
					],
					[
						"6851.482297",
						"2.01464e-16"
					],
					[
						"6857.000226",
						"2.03584e-16"
					],
					[
						"6862.518154",
						"1.68723e-16"
					],
					[
						"6868.036083",
						"1.64935e-16"
					],
					[
						"6873.554011",
						"1.63589e-16"
					],
					[
						"6879.07194",
						"1.61206e-16"
					],
					[
						"6884.589869",
						"1.68306e-16"
					],
					[
						"6890.107797",
						"1.59915e-16"
					],
					[
						"6895.625726",
						"1.70336e-16"
					],
					[
						"6901.143654",
						"1.74199e-16"
					],
					[
						"6906.661583",
						"1.93173e-16"
					],
					[
						"6912.179512",
						"1.7646e-16"
					],
					[
						"6917.69744",
						"1.81113e-16"
					],
					[
						"6923.215369",
						"1.61579e-16"
					],
					[
						"6928.733297",
						"1.75468e-16"
					],
					[
						"6934.251226",
						"1.91063e-16"
					],
					[
						"6939.769155",
						"1.57654e-16"
					],
					[
						"6945.287083",
						"1.66598e-16"
					],
					[
						"6950.805012",
						"1.47015e-16"
					],
					[
						"6956.32294",
						"1.76014e-16"
					],
					[
						"6961.840869",
						"1.55745e-16"
					],
					[
						"6967.358798",
						"1.82877e-16"
					],
					[
						"6972.876726",
						"1.59751e-16"
					],
					[
						"6978.394655",
						"1.65524e-16"
					],
					[
						"6983.912583",
						"1.78024e-16"
					],
					[
						"6989.430512",
						"1.64729e-16"
					],
					[
						"6994.948441",
						"1.59574e-16"
					],
					[
						"7000.466369",
						"1.5851e-16"
					],
					[
						"7005.984298",
						"1.59541e-16"
					],
					[
						"7011.502226",
						"1.62553e-16"
					],
					[
						"7017.020155",
						"1.50984e-16"
					],
					[
						"7022.538084",
						"1.48943e-16"
					],
					[
						"7028.056012",
						"1.419e-16"
					],
					[
						"7033.573941",
						"1.72743e-16"
					],
					[
						"7039.091869",
						"1.57256e-16"
					],
					[
						"7044.609798",
						"1.34738e-16"
					],
					[
						"7050.127727",
						"1.7756e-16"
					],
					[
						"7055.645655",
						"1.48358e-16"
					],
					[
						"7061.163584",
						"1.57239e-16"
					],
					[
						"7066.681512",
						"1.54187e-16"
					],
					[
						"7072.199441",
						"1.41993e-16"
					],
					[
						"7077.71737",
						"1.43758e-16"
					],
					[
						"7083.235298",
						"1.66185e-16"
					],
					[
						"7088.753227",
						"1.45188e-16"
					],
					[
						"7094.271155",
						"1.68784e-16"
					],
					[
						"7099.789084",
						"1.55981e-16"
					],
					[
						"7105.307013",
						"1.36567e-16"
					],
					[
						"7110.824941",
						"1.73663e-16"
					],
					[
						"7116.34287",
						"1.24441e-16"
					],
					[
						"7121.860798",
						"1.3338e-16"
					],
					[
						"7127.378727",
						"1.54367e-16"
					],
					[
						"7132.896656",
						"1.41457e-16"
					],
					[
						"7138.414584",
						"1.4125e-16"
					],
					[
						"7143.932513",
						"1.48705e-16"
					],
					[
						"7149.450441",
						"1.3888e-16"
					],
					[
						"7154.96837",
						"1.42833e-16"
					],
					[
						"7160.486299",
						"1.30285e-16"
					],
					[
						"7166.004227",
						"1.36867e-16"
					],
					[
						"7171.522156",
						"1.27926e-16"
					],
					[
						"7177.040084",
						"1.25334e-16"
					],
					[
						"7182.558013",
						"1.2557e-16"
					],
					[
						"7188.075942",
						"1.11257e-16"
					],
					[
						"7193.59387",
						"1.2429e-16"
					],
					[
						"7199.111799",
						"1.27115e-16"
					],
					[
						"7204.629727",
						"1.19959e-16"
					],
					[
						"7210.147656",
						"1.24079e-16"
					],
					[
						"7215.665585",
						"1.37295e-16"
					],
					[
						"7221.183513",
						"1.49367e-16"
					],
					[
						"7226.701442",
						"1.21785e-16"
					],
					[
						"7232.21937",
						"1.05777e-16"
					],
					[
						"7237.737299",
						"1.28798e-16"
					],
					[
						"7243.255228",
						"1.15439e-16"
					],
					[
						"7248.773156",
						"1.2681e-16"
					],
					[
						"7254.291085",
						"1.21726e-16"
					],
					[
						"7259.809013",
						"1.27295e-16"
					],
					[
						"7265.326942",
						"1.29518e-16"
					],
					[
						"7270.844871",
						"1.11733e-16"
					],
					[
						"7276.362799",
						"1.23962e-16"
					],
					[
						"7281.880728",
						"1.37098e-16"
					],
					[
						"7287.398656",
						"1.31326e-16"
					],
					[
						"7292.916585",
						"1.40024e-16"
					],
					[
						"7298.434514",
						"1.31298e-16"
					],
					[
						"7303.952442",
						"1.14309e-16"
					],
					[
						"7309.470371",
						"1.07303e-16"
					],
					[
						"7314.988299",
						"1.13355e-16"
					],
					[
						"7320.506228",
						"1.2133e-16"
					],
					[
						"7326.024157",
						"1.29657e-16"
					],
					[
						"7331.542085",
						"1.28559e-16"
					],
					[
						"7337.060014",
						"1.18703e-16"
					],
					[
						"7342.577942",
						"1.12606e-16"
					],
					[
						"7348.095871",
						"1.12628e-16"
					],
					[
						"7353.6138",
						"1.11326e-16"
					],
					[
						"7359.131728",
						"1.04861e-16"
					],
					[
						"7364.649657",
						"1.25292e-16"
					],
					[
						"7370.167585",
						"1.4126e-16"
					],
					[
						"7375.685514",
						"1.31411e-16"
					],
					[
						"7381.203443",
						"1.37355e-16"
					],
					[
						"7386.721371",
						"1.03755e-16"
					],
					[
						"7392.2393",
						"1.25841e-16"
					],
					[
						"7397.757228",
						"1.32034e-16"
					],
					[
						"7403.275157",
						"1.04895e-16"
					],
					[
						"7408.793086",
						"1.22101e-16"
					],
					[
						"7414.311014",
						"1.29884e-16"
					],
					[
						"7419.828943",
						"1.03738e-16"
					],
					[
						"7425.346871",
						"1.11651e-16"
					],
					[
						"7430.8648",
						"1.17141e-16"
					],
					[
						"7436.382729",
						"1.22492e-16"
					],
					[
						"7441.900657",
						"1.02847e-16"
					],
					[
						"7447.418586",
						"1.22159e-16"
					],
					[
						"7452.936514",
						"1.3077e-16"
					],
					[
						"7458.454443",
						"1.16022e-16"
					],
					[
						"7463.972372",
						"1.06854e-16"
					],
					[
						"7469.4903",
						"1.10581e-16"
					],
					[
						"7475.008229",
						"1.3324e-16"
					],
					[
						"7480.526157",
						"1.40387e-16"
					],
					[
						"7486.044086",
						"1.12853e-16"
					],
					[
						"7491.562015",
						"1.22351e-16"
					],
					[
						"7497.079943",
						"1.24504e-16"
					],
					[
						"7502.597872",
						"1.16479e-16"
					],
					[
						"7508.1158",
						"1.0753e-16"
					],
					[
						"7513.633729",
						"1.23173e-16"
					],
					[
						"7519.151658",
						"1.28391e-16"
					],
					[
						"7524.669586",
						"1.21175e-16"
					],
					[
						"7530.187515",
						"1.17518e-16"
					],
					[
						"7535.705443",
						"1.08387e-16"
					],
					[
						"7541.223372",
						"1.0737e-16"
					],
					[
						"7546.741301",
						"1.20798e-16"
					],
					[
						"7552.259229",
						"1.34119e-16"
					],
					[
						"7557.777158",
						"1.22577e-16"
					],
					[
						"7563.295086",
						"1.02148e-16"
					],
					[
						"7568.813015",
						"1.09122e-16"
					],
					[
						"7574.330944",
						"1.06978e-16"
					],
					[
						"7579.848872",
						"9.70389e-17"
					],
					[
						"7585.366801",
						"8.25547e-17"
					],
					[
						"7590.884729",
						"9.3155e-17"
					],
					[
						"7596.402658",
						"6.77039e-17"
					],
					[
						"7601.920587",
						"3.2902e-17"
					],
					[
						"7607.438515",
						"5.3397e-17"
					],
					[
						"7612.956444",
						"5.24507e-17"
					],
					[
						"7618.474372",
						"5.86004e-17"
					],
					[
						"7623.992301",
						"7.3918e-17"
					],
					[
						"7629.51023",
						"7.99978e-17"
					],
					[
						"7635.028158",
						"7.02397e-17"
					],
					[
						"7640.546087",
						"5.2105e-17"
					],
					[
						"7646.064015",
						"5.32116e-17"
					],
					[
						"7651.581944",
						"8.22502e-17"
					],
					[
						"7657.099873",
						"7.51448e-17"
					],
					[
						"7662.617801",
						"5.44815e-17"
					],
					[
						"7668.13573",
						"9.52708e-17"
					],
					[
						"7673.653658",
						"8.60358e-17"
					],
					[
						"7679.171587",
						"6.08554e-17"
					],
					[
						"7684.689516",
						"1.00446e-16"
					],
					[
						"7690.207444",
						"8.80308e-17"
					],
					[
						"7695.725373",
						"8.00242e-17"
					],
					[
						"7701.243301",
						"6.77229e-17"
					],
					[
						"7706.76123",
						"5.67638e-17"
					],
					[
						"7712.279159",
						"7.25036e-17"
					],
					[
						"7717.797087",
						"7.44998e-17"
					],
					[
						"7723.315016",
						"8.51433e-17"
					],
					[
						"7728.832944",
						"8.58448e-17"
					],
					[
						"7734.350873",
						"9.63369e-17"
					],
					[
						"7739.868802",
						"8.34276e-17"
					],
					[
						"7745.38673",
						"7.98e-17"
					],
					[
						"7750.904659",
						"8.91766e-17"
					],
					[
						"7756.422587",
						"9.48857e-17"
					],
					[
						"7761.940516",
						"1.03276e-16"
					],
					[
						"7767.458445",
						"7.95081e-17"
					],
					[
						"7772.976373",
						"6.01454e-17"
					],
					[
						"7778.494302",
						"9.11203e-17"
					],
					[
						"7784.01223",
						"6.92996e-17"
					],
					[
						"7789.530159",
						"6.9728e-17"
					],
					[
						"7795.048088",
						"9.52245e-17"
					],
					[
						"7800.566016",
						"1.13269e-16"
					],
					[
						"7806.083945",
						"9.98157e-17"
					],
					[
						"7811.601873",
						"9.67589e-17"
					],
					[
						"7817.119802",
						"9.54579e-17"
					],
					[
						"7822.637731",
						"8.47766e-17"
					],
					[
						"7828.155659",
						"9.41066e-17"
					],
					[
						"7833.673588",
						"1.06995e-16"
					],
					[
						"7839.191516",
						"9.66789e-17"
					],
					[
						"7844.709445",
						"7.34764e-17"
					],
					[
						"7850.227374",
						"8.37471e-17"
					],
					[
						"7855.745302",
						"1.14936e-16"
					],
					[
						"7861.263231",
						"9.61385e-17"
					],
					[
						"7866.781159",
						"1.23723e-16"
					],
					[
						"7872.299088",
						"1.12422e-16"
					],
					[
						"7877.817017",
						"8.68307e-17"
					],
					[
						"7883.334945",
						"1.0137e-16"
					],
					[
						"7888.852874",
						"1.20041e-16"
					],
					[
						"7894.370802",
						"1.17086e-16"
					],
					[
						"7899.888731",
						"8.5455e-17"
					],
					[
						"7905.40666",
						"7.34745e-17"
					],
					[
						"7910.924588",
						"7.27391e-17"
					],
					[
						"7916.442517",
						"6.91726e-17"
					],
					[
						"7921.960445",
						"1.07044e-16"
					],
					[
						"7927.478374",
						"1.07802e-16"
					],
					[
						"7932.996303",
						"1.37442e-16"
					],
					[
						"7938.514231",
						"1.16339e-16"
					],
					[
						"7944.03216",
						"1.44222e-16"
					],
					[
						"7949.550088",
						"1.0094e-16"
					],
					[
						"7955.068017",
						"8.89535e-17"
					],
					[
						"7960.585946",
						"9.33355e-17"
					],
					[
						"7966.103874",
						"1.15395e-16"
					],
					[
						"7971.621803",
						"1.13776e-16"
					],
					[
						"7977.139731",
						"7.80809e-17"
					],
					[
						"7982.65766",
						"1.01133e-16"
					],
					[
						"7988.175589",
						"1.14051e-16"
					],
					[
						"7993.693517",
						"1.02569e-16"
					],
					[
						"7999.211446",
						"1.44435e-16"
					],
					[
						"8004.729374",
						"1.28655e-16"
					],
					[
						"8010.247303",
						"1.2355e-16"
					],
					[
						"8015.765232",
						"1.28482e-16"
					],
					[
						"8021.28316",
						"8.88311e-17"
					],
					[
						"8026.801089",
						"1.07019e-16"
					],
					[
						"8032.319017",
						"1.16379e-16"
					],
					[
						"8037.836946",
						"9.16854e-17"
					],
					[
						"8043.354875",
						"9.78335e-17"
					],
					[
						"8048.872803",
						"1.20637e-16"
					],
					[
						"8054.390732",
						"1.1317e-16"
					],
					[
						"8059.90866",
						"9.28472e-17"
					],
					[
						"8065.426589",
						"1.07276e-16"
					],
					[
						"8070.944518",
						"1.12302e-16"
					],
					[
						"8076.462446",
						"1.42297e-16"
					],
					[
						"8081.980375",
						"1.0282e-16"
					],
					[
						"8087.498303",
						"1.23776e-16"
					],
					[
						"8093.016232",
						"1.61434e-16"
					],
					[
						"8098.534161",
						"1.11493e-16"
					],
					[
						"8104.052089",
						"1.11067e-16"
					],
					[
						"8109.570018",
						"9.02502e-17"
					],
					[
						"8115.087946",
						"1.28449e-16"
					],
					[
						"8120.605875",
						"1.1721e-16"
					],
					[
						"8126.123804",
						"1.10047e-16"
					],
					[
						"8131.641732",
						"1.21414e-16"
					],
					[
						"8137.159661",
						"9.62753e-17"
					],
					[
						"8142.677589",
						"3.65372e-17"
					],
					[
						"8148.195518",
						"1.12568e-16"
					],
					[
						"8153.713447",
						"1.42935e-16"
					],
					[
						"8159.231375",
						"9.49033e-17"
					],
					[
						"8164.749304",
						"8.48897e-17"
					],
					[
						"8170.267232",
						"1.04422e-16"
					],
					[
						"8175.785161",
						"1.13328e-16"
					],
					[
						"8181.30309",
						"1.09897e-16"
					],
					[
						"8186.821018",
						"1.29085e-16"
					],
					[
						"8192.338947",
						"1.09689e-16"
					],
					[
						"8197.856875",
						"9.27711e-17"
					],
					[
						"8203.374804",
						"1.1957e-16"
					],
					[
						"8208.892733",
						"1.09123e-16"
					],
					[
						"8214.410661",
						"9.98531e-17"
					],
					[
						"8219.92859",
						"1.20195e-16"
					],
					[
						"8225.446518",
						"1.02436e-16"
					],
					[
						"8230.964447",
						"1.22468e-16"
					],
					[
						"8236.482376",
						"7.24847e-17"
					],
					[
						"8242.000304",
						"1.15495e-16"
					],
					[
						"8247.518233",
						"9.38845e-17"
					],
					[
						"8253.036161",
						"1.11004e-16"
					],
					[
						"8258.55409",
						"1.56986e-16"
					],
					[
						"8264.072019",
						"1.32572e-16"
					],
					[
						"8269.589947",
						"1.36252e-16"
					],
					[
						"8275.107876",
						"1.09792e-16"
					],
					[
						"8280.625804",
						"8.82511e-17"
					],
					[
						"8286.143733",
						"9.28797e-17"
					],
					[
						"8291.661662",
						"1.06925e-16"
					],
					[
						"8297.17959",
						"1.34924e-16"
					],
					[
						"8302.697519",
						"1.10134e-16"
					],
					[
						"8308.215447",
						"7.65979e-17"
					],
					[
						"8313.733376",
						"9.4667e-17"
					],
					[
						"8319.251305",
						"1.00599e-16"
					],
					[
						"8324.769233",
						"9.39617e-17"
					],
					[
						"8330.287162",
						"1.09153e-16"
					],
					[
						"8335.80509",
						"1.21623e-16"
					],
					[
						"8341.323019",
						"1.2391e-16"
					],
					[
						"8346.840948",
						"9.38705e-17"
					],
					[
						"8352.358876",
						"8.04957e-17"
					],
					[
						"8357.876805",
						"8.68896e-17"
					],
					[
						"8363.394733",
						"8.5547e-17"
					],
					[
						"8368.912662",
						"1.05196e-16"
					],
					[
						"8374.430591",
						"1.02716e-16"
					],
					[
						"8379.948519",
						"9.66831e-17"
					],
					[
						"8385.466448",
						"3.85038e-17"
					],
					[
						"8390.984376",
						"9.60221e-17"
					],
					[
						"8396.502305",
						"9.28939e-17"
					],
					[
						"8402.020234",
						"1.20154e-16"
					],
					[
						"8407.538162",
						"9.94606e-17"
					],
					[
						"8413.056091",
						"7.89734e-17"
					],
					[
						"8418.574019",
						"1.09787e-16"
					],
					[
						"8424.091948",
						"6.3425e-17"
					],
					[
						"8429.609877",
						"9.11464e-17"
					],
					[
						"8435.127805",
						"1.14543e-16"
					],
					[
						"8440.645734",
						"8.89463e-17"
					],
					[
						"8446.163662",
						"8.26385e-17"
					],
					[
						"8451.681591",
						"8.66762e-17"
					],
					[
						"8457.19952",
						"6.98627e-17"
					],
					[
						"8462.717448",
						"6.50799e-17"
					],
					[
						"8468.235377",
						"8.99675e-17"
					],
					[
						"8473.753305",
						"6.56223e-17"
					],
					[
						"8479.271234",
						"6.01456e-17"
					],
					[
						"8484.789163",
						"9.09405e-17"
					],
					[
						"8490.307091",
						"6.65608e-17"
					],
					[
						"8495.82502",
						"6.64381e-17"
					],
					[
						"8501.342948",
						"5.46898e-17"
					],
					[
						"8506.860877",
						"6.20562e-17"
					],
					[
						"8512.378806",
						"6.50734e-17"
					],
					[
						"8517.896734",
						"9.18719e-17"
					],
					[
						"8523.414663",
						"9.06993e-17"
					],
					[
						"8528.932591",
						"6.79372e-17"
					],
					[
						"8534.45052",
						"4.88959e-17"
					],
					[
						"8539.968449",
						"5.77712e-17"
					],
					[
						"8545.486377",
						"4.38475e-17"
					],
					[
						"8551.004306",
						"6.04896e-17"
					],
					[
						"8556.522234",
						"4.86347e-17"
					],
					[
						"8562.040163",
						"9.81414e-17"
					],
					[
						"8567.558092",
						"6.18824e-17"
					],
					[
						"8573.07602",
						"4.09155e-17"
					],
					[
						"8578.593949",
						"6.21077e-17"
					],
					[
						"8584.111877",
						"7.37786e-17"
					],
					[
						"8589.629806",
						"6.01189e-17"
					],
					[
						"8595.147735",
						"6.27667e-17"
					],
					[
						"8600.665663",
						"8.38954e-17"
					],
					[
						"8606.183592",
						"8.15445e-17"
					],
					[
						"8611.70152",
						"7.20117e-17"
					],
					[
						"8617.219449",
						"3.65168e-17"
					],
					[
						"8622.737378",
						"6.76834e-17"
					],
					[
						"8628.255306",
						"9.40114e-17"
					],
					[
						"8633.773235",
						"9.72427e-17"
					],
					[
						"8639.291163",
						"1.11187e-16"
					],
					[
						"8644.809092",
						"8.94985e-17"
					],
					[
						"8650.327021",
						"1.11481e-16"
					],
					[
						"8655.844949",
						"6.95345e-17"
					],
					[
						"8661.362878",
						"7.21825e-17"
					],
					[
						"8666.880806",
						"8.35528e-17"
					],
					[
						"8672.398735",
						"9.67567e-17"
					],
					[
						"8677.916664",
						"9.43681e-17"
					],
					[
						"8683.434592",
						"8.09125e-17"
					],
					[
						"8688.952521",
						"6.78821e-17"
					],
					[
						"8694.470449",
						"1.23165e-16"
					],
					[
						"8699.988378",
						"1.2979e-16"
					],
					[
						"8705.506307",
						"9.45398e-17"
					],
					[
						"8711.024235",
						"9.78479e-17"
					],
					[
						"8716.542164",
						"1.36283e-16"
					],
					[
						"8722.060092",
						"9.92968e-17"
					],
					[
						"8727.578021",
						"9.88394e-17"
					],
					[
						"8733.09595",
						"1.09101e-16"
					],
					[
						"8738.613878",
						"1.35648e-16"
					],
					[
						"8744.131807",
						"9.99309e-17"
					],
					[
						"8749.649735",
						"1.37405e-16"
					],
					[
						"8755.167664",
						"1.48278e-16"
					],
					[
						"8760.685593",
						"1.21582e-16"
					],
					[
						"8766.203521",
						"1.04195e-16"
					],
					[
						"8771.72145",
						"6.42096e-17"
					],
					[
						"8777.239378",
						"1.10803e-16"
					],
					[
						"8782.757307",
						"1.23025e-16"
					],
					[
						"8788.275236",
						"9.85354e-17"
					],
					[
						"8793.793164",
						"1.76168e-16"
					],
					[
						"8799.311093",
						"-6.4547e-17"
					],
					[
						"8804.829021",
						"-2.57092e-16"
					],
					[
						"8810.34695",
						"-4.66652e-17"
					],
					[
						"8815.864879",
						"1.09421e-16"
					],
					[
						"8821.382807",
						"1.13814e-16"
					],
					[
						"8826.900736",
						"1.41118e-16"
					],
					[
						"8832.418664",
						"1.18852e-16"
					],
					[
						"8837.936593",
						"8.77458e-17"
					],
					[
						"8843.454522",
						"9.25126e-17"
					],
					[
						"8848.97245",
						"1.33279e-16"
					],
					[
						"8854.490379",
						"9.18569e-17"
					],
					[
						"8860.008307",
						"9.51258e-17"
					],
					[
						"8865.526236",
						"1.43162e-16"
					],
					[
						"8871.044165",
						"1.21984e-16"
					],
					[
						"8876.562093",
						"1.21022e-16"
					],
					[
						"8882.080022",
						"3.7371e-17"
					],
					[
						"8887.59795",
						"1.33704e-16"
					],
					[
						"8893.115879",
						"8.87503e-17"
					],
					[
						"8898.633808",
						"1.70546e-16"
					],
					[
						"8904.151736",
						"1.15763e-16"
					],
					[
						"8909.669665",
						"9.62504e-17"
					],
					[
						"8915.187593",
						"4.24087e-17"
					],
					[
						"8920.705522",
						"7.31369e-17"
					],
					[
						"8926.223451",
						"1.25987e-16"
					],
					[
						"8931.741379",
						"1.37615e-16"
					],
					[
						"8937.259308",
						"1.41863e-16"
					],
					[
						"8942.777236",
						"9.41047e-17"
					],
					[
						"8948.295165",
						"6.95274e-17"
					],
					[
						"8953.813094",
						"1.01327e-16"
					],
					[
						"8959.331022",
						"1.51776e-16"
					],
					[
						"8964.848951",
						"1.30741e-16"
					],
					[
						"8970.366879",
						"8.7134e-17"
					],
					[
						"8975.884808",
						"1.02534e-16"
					],
					[
						"8981.402737",
						"5.86626e-17"
					],
					[
						"8986.920665",
						"5.80058e-17"
					],
					[
						"8992.438594",
						"1.49348e-16"
					],
					[
						"8997.956522",
						"1.40185e-16"
					],
					[
						"9003.474451",
						"6.45104e-17"
					],
					[
						"9008.99238",
						"1.18224e-16"
					],
					[
						"9014.510308",
						"6.29855e-17"
					],
					[
						"9020.028237",
						"5.43789e-17"
					],
					[
						"9025.546165",
						"5.89031e-17"
					],
					[
						"9031.064094",
						"9.31482e-17"
					],
					[
						"9036.582023",
						"1.43098e-16"
					],
					[
						"9042.099951",
						"1.38622e-16"
					],
					[
						"9047.61788",
						"1.22088e-16"
					],
					[
						"9053.135808",
						"7.57088e-17"
					],
					[
						"9058.653737",
						"1.15443e-16"
					],
					[
						"9064.171666",
						"1.15278e-16"
					],
					[
						"9069.689594",
						"3.77851e-17"
					],
					[
						"9075.207523",
						"4.59212e-17"
					],
					[
						"9080.725451",
						"7.33642e-17"
					],
					[
						"9086.24338",
						"8.99594e-17"
					],
					[
						"9091.761309",
						"1.13671e-16"
					],
					[
						"9097.279237",
						"9.50368e-17"
					],
					[
						"9102.797166",
						"1.06353e-16"
					],
					[
						"9108.315094",
						"1.30115e-16"
					],
					[
						"9113.833023",
						"5.48885e-17"
					],
					[
						"9119.350952",
						"6.81116e-17"
					],
					[
						"9124.86888",
						"8.30968e-17"
					],
					[
						"9130.386809",
						"5.45254e-17"
					],
					[
						"9135.904737",
						"9.26495e-17"
					],
					[
						"9141.422666",
						"7.98486e-17"
					],
					[
						"9146.940595",
						"8.94085e-17"
					],
					[
						"9152.458523",
						"8.2429e-17"
					],
					[
						"9157.976452",
						"3.38315e-17"
					],
					[
						"9163.49438",
						"4.56692e-17"
					],
					[
						"9169.012309",
						"2.42299e-17"
					],
					[
						"9174.530238",
						"2.03567e-17"
					],
					[
						"9180.048166",
						"4.6611e-17"
					],
					[
						"9185.566095",
						"1.02386e-16"
					],
					[
						"9191.084023",
						"1.6301e-16"
					],
					[
						"9196.601952",
						"5.08131e-17"
					],
					[
						"9202.119881",
						"2.44808e-17"
					],
					[
						"9207.637809",
						"6.84224e-17"
					],
					[
						"9213.155738",
						"8.21818e-17"
					],
					[
						"9218.673666",
						"7.66698e-17"
					],
					[
						"9224.191595",
						"5.34083e-17"
					],
					[
						"9229.709524",
						"3.27505e-17"
					],
					[
						"9235.227452",
						"4.0364e-17"
					]
				],
				"source":"8"
			}
		]
	}
}