{
	"ASASSN-15sf":{
		"schema":"https://github.com/astrocatalogs/supernovae/blob/a0bc0b9/SCHEMA.md",
		"name":"ASASSN-15sf",
		"sources":[
			{
				"name":"2016A&A...594A..13P",
				"bibcode":"2016A&A...594A..13P",
				"reference":"Planck Collaboration et al. (2016)",
				"alias":"1"
			},
			{
				"name":"2015ATel.8226....1D",
				"bibcode":"2015ATel.8226....1D",
				"reference":"Dong et al. (2015)",
				"alias":"2"
			},
			{
				"name":"2015ATel.8230....1Z",
				"bibcode":"2015ATel.8230....1Z",
				"reference":"Zhang, Prieto, & Dong (2015)",
				"alias":"3"
			},
			{
				"name":"2011ApJ...737..103S",
				"bibcode":"2011ApJ...737..103S",
				"reference":"Schlafly & Finkbeiner (2011)",
				"alias":"4"
			},
			{
				"name":"Pan-STARRS 3Pi",
				"url":"http://psweb.mp.qub.ac.uk/ps1threepi/psdb/",
				"alias":"5"
			},
			{
				"name":"ASAS-SN Supernovae",
				"url":"http://www.astronomy.ohio-state.edu/~assassin/sn_list.html",
				"alias":"6"
			},
			{
				"name":"Latest Supernovae",
				"secondary":true,
				"url":"http://www.rochesterastronomy.org/snimages/snredshiftall.html",
				"alias":"7"
			},
			{
				"name":"The Open Supernova Catalog",
				"bibcode":"2017ApJ...835...64G",
				"reference":"Guillochon et al. (2017)",
				"secondary":true,
				"url":"https://sne.space",
				"alias":"8"
			},
			{
				"name":"SIMBAD astronomical database",
				"bibcode":"2000A&AS..143....9W",
				"reference":"Wenger et al. (2000)",
				"secondary":true,
				"url":"http://simbad.u-strasbg.fr/",
				"alias":"9"
			}
		],
		"alias":[
			{
				"value":"ASASSN-15sf",
				"source":"2,5,6,7,9"
			},
			{
				"value":"PS1-15cog",
				"source":"9"
			},
			{
				"value":"LSQ15bjb",
				"source":"2,5,7,9"
			},
			{
				"value":"PS15cog",
				"source":"2,7"
			}
		],
		"claimedtype":[
			{
				"value":"Ia",
				"source":"2,3,6,7,9"
			}
		],
		"comovingdist":[
			{
				"value":"120",
				"derived":true,
				"u_value":"Mpc",
				"source":"1,2,6,7,8"
			}
		],
		"dec":[
			{
				"value":"-06:25:38.4",
				"u_value":"degrees",
				"source":"2,5,7,9"
			},
			{
				"value":"-06:25:38.316",
				"u_value":"degrees",
				"source":"2,6"
			}
		],
		"discoverdate":[
			{
				"value":"2015/10/30",
				"source":"2,7"
			}
		],
		"discoverer":[
			{
				"value":"ASAS-SN",
				"source":"2,7"
			}
		],
		"ebv":[
			{
				"value":"0.0266",
				"derived":true,
				"e_value":"0.0007",
				"source":"4,8"
			}
		],
		"host":[
			{
				"value":"APMUKS(BJ) B000853.90-064231.3",
				"source":"2,5"
			},
			{
				"value":"GALEXASC J001127.51-062549.8",
				"source":"2,6"
			}
		],
		"hostdec":[
			{
				"value":"-06:25:49.8",
				"derived":true,
				"u_value":"degrees",
				"source":"8"
			}
		],
		"hostoffsetang":[
			{
				"value":"12.53",
				"u_value":"arcseconds",
				"source":"2,6"
			}
		],
		"hostoffsetdist":[
			{
				"value":"7.098",
				"source":"1,2,5,6,7,8,9"
			}
		],
		"hostra":[
			{
				"value":"00:11:27.51",
				"derived":true,
				"u_value":"hours",
				"source":"8"
			}
		],
		"lumdist":[
			{
				"value":"122",
				"derived":true,
				"u_value":"Mpc",
				"source":"1,2,6,7,8"
			}
		],
		"maxabsmag":[
			{
				"value":"-19.1",
				"derived":true,
				"source":"1,2,6,7,8"
			}
		],
		"maxappmag":[
			{
				"value":"16.26",
				"derived":true,
				"source":"2,5,8"
			}
		],
		"maxband":[
			{
				"value":"w",
				"derived":true,
				"source":"2,5,8"
			}
		],
		"maxdate":[
			{
				"value":"2015/11/06",
				"derived":true,
				"source":"2,5,8"
			}
		],
		"maxvisualabsmag":[
			{
				"value":"-19.2",
				"derived":true,
				"source":"1,2,6,7,8"
			}
		],
		"maxvisualappmag":[
			{
				"value":"16.26",
				"derived":true,
				"source":"2,5,8"
			}
		],
		"maxvisualband":[
			{
				"value":"w",
				"derived":true,
				"source":"2,5,8"
			}
		],
		"maxvisualdate":[
			{
				"value":"2015/11/06",
				"derived":true,
				"source":"2,5,8"
			}
		],
		"ra":[
			{
				"value":"00:11:27.60",
				"u_value":"hours",
				"source":"2,7,9"
			},
			{
				"value":"00:11:27.61",
				"u_value":"hours",
				"source":"2,5"
			},
			{
				"value":"00:11:27.622",
				"u_value":"hours",
				"source":"2,6"
			}
		],
		"redshift":[
			{
				"value":"0.027",
				"source":"2,6,7"
			}
		],
		"velocity":[
			{
				"value":"8000",
				"u_value":"km/s",
				"source":"8"
			}
		],
		"photometry":[
			{
				"time":"57316.3504917486",
				"band":"i",
				"e_magnitude":"0.141463",
				"instrument":"GPC",
				"magnitude":"19.5488",
				"telescope":"Pan-STARRS1",
				"u_time":"MJD",
				"source":"2,5"
			},
			{
				"time":"57316.3614923451",
				"band":"i",
				"e_magnitude":"0.107177",
				"instrument":"GPC",
				"magnitude":"19.4437",
				"telescope":"Pan-STARRS1",
				"u_time":"MJD",
				"source":"2,5"
			},
			{
				"time":"57316.3724951566",
				"band":"i",
				"e_magnitude":"0.184407",
				"instrument":"GPC",
				"magnitude":"19.517",
				"telescope":"Pan-STARRS1",
				"u_time":"MJD",
				"source":"2,5"
			},
			{
				"time":"57316.3834918965",
				"band":"i",
				"e_magnitude":"0.163359",
				"instrument":"GPC",
				"magnitude":"19.5135",
				"telescope":"Pan-STARRS1",
				"u_time":"MJD",
				"source":"2,5"
			},
			{
				"time":"57317.3125974532",
				"band":"i",
				"e_magnitude":"0.0379652",
				"instrument":"GPC",
				"magnitude":"19.0271",
				"telescope":"Pan-STARRS1",
				"u_time":"MJD",
				"source":"2,5"
			},
			{
				"time":"57317.3236371563",
				"band":"i",
				"e_magnitude":"0.0396391",
				"instrument":"GPC",
				"magnitude":"18.9861",
				"telescope":"Pan-STARRS1",
				"u_time":"MJD",
				"source":"2,5"
			},
			{
				"time":"57317.3346724097",
				"band":"i",
				"e_magnitude":"0.050006",
				"instrument":"GPC",
				"magnitude":"19.0154",
				"telescope":"Pan-STARRS1",
				"u_time":"MJD",
				"source":"2,5"
			},
			{
				"time":"57317.3457227521",
				"band":"i",
				"e_magnitude":"0.0462524",
				"instrument":"GPC",
				"magnitude":"18.9946",
				"telescope":"Pan-STARRS1",
				"u_time":"MJD",
				"source":"2,5"
			},
			{
				"time":"57332.3105075952",
				"band":"w",
				"e_magnitude":"0.00589607",
				"instrument":"GPC",
				"magnitude":"16.2709",
				"telescope":"Pan-STARRS1",
				"u_time":"MJD",
				"source":"2,5"
			},
			{
				"time":"57332.3211316322",
				"band":"w",
				"e_magnitude":"0.00746645",
				"instrument":"GPC",
				"magnitude":"16.28",
				"telescope":"Pan-STARRS1",
				"u_time":"MJD",
				"source":"2,5"
			},
			{
				"time":"57332.3591713877",
				"band":"w",
				"e_magnitude":"0.00466395",
				"instrument":"GPC",
				"magnitude":"16.256",
				"telescope":"Pan-STARRS1",
				"u_time":"MJD",
				"source":"2,5"
			},
			{
				"time":"57332.3698038277",
				"band":"w",
				"e_magnitude":"0.00667363",
				"instrument":"GPC",
				"magnitude":"16.3065",
				"telescope":"Pan-STARRS1",
				"u_time":"MJD",
				"source":"2,5"
			},
			{
				"time":"57341.3161898529",
				"band":"w",
				"e_magnitude":"0.0141016",
				"instrument":"GPC",
				"magnitude":"16.4762",
				"telescope":"Pan-STARRS1",
				"u_time":"MJD",
				"source":"2,5"
			},
			{
				"time":"57341.3277794398",
				"band":"w",
				"e_magnitude":"0.0147215",
				"instrument":"GPC",
				"magnitude":"16.5559",
				"telescope":"Pan-STARRS1",
				"u_time":"MJD",
				"source":"2,5"
			},
			{
				"time":"57341.3393533532",
				"band":"w",
				"e_magnitude":"0.0138151",
				"instrument":"GPC",
				"magnitude":"16.5196",
				"telescope":"Pan-STARRS1",
				"u_time":"MJD",
				"source":"2,5"
			},
			{
				"time":"57357.2606815841",
				"band":"w",
				"e_magnitude":"0.00626657",
				"instrument":"GPC",
				"magnitude":"17.2119",
				"telescope":"Pan-STARRS1",
				"u_time":"MJD",
				"source":"2,5"
			},
			{
				"time":"57357.2711833506",
				"band":"w",
				"e_magnitude":"0.00691516",
				"instrument":"GPC",
				"magnitude":"17.28",
				"telescope":"Pan-STARRS1",
				"u_time":"MJD",
				"source":"2,5"
			},
			{
				"time":"57357.281706864",
				"band":"w",
				"e_magnitude":"0.00566666",
				"instrument":"GPC",
				"magnitude":"17.2357",
				"telescope":"Pan-STARRS1",
				"u_time":"MJD",
				"source":"2,5"
			},
			{
				"time":"57357.2921960307",
				"band":"w",
				"e_magnitude":"0.0059123",
				"instrument":"GPC",
				"magnitude":"17.2413",
				"telescope":"Pan-STARRS1",
				"u_time":"MJD",
				"source":"2,5"
			},
			{
				"time":"57364.1947408361",
				"band":"z",
				"e_magnitude":"0.023038",
				"instrument":"GPC",
				"magnitude":"17.2341",
				"telescope":"Pan-STARRS1",
				"u_time":"MJD",
				"source":"2,5"
			},
			{
				"time":"57364.2020589868",
				"band":"z",
				"e_magnitude":"0.020374",
				"instrument":"GPC",
				"magnitude":"17.2937",
				"telescope":"Pan-STARRS1",
				"u_time":"MJD",
				"source":"2,5"
			},
			{
				"time":"57364.2029997031",
				"band":"z",
				"e_magnitude":"0.0187359",
				"instrument":"GPC",
				"magnitude":"17.2655",
				"telescope":"Pan-STARRS1",
				"u_time":"MJD",
				"source":"2,5"
			},
			{
				"time":"57365.1967494198",
				"band":"z",
				"e_magnitude":"0.0160489",
				"instrument":"GPC",
				"magnitude":"17.2882",
				"telescope":"Pan-STARRS1",
				"u_time":"MJD",
				"source":"2,5"
			}
		]
	}
}