{
	"ASASSN-17dk":{
		"schema":"https://github.com/astrocatalogs/supernovae/blob/a0bc0b9/SCHEMA.md",
		"name":"ASASSN-17dk",
		"sources":[
			{
				"name":"2016A&A...594A..13P",
				"bibcode":"2016A&A...594A..13P",
				"reference":"Planck Collaboration et al. (2016)",
				"alias":"1"
			},
			{
				"name":"2011ApJ...737..103S",
				"bibcode":"2011ApJ...737..103S",
				"reference":"Schlafly & Finkbeiner (2011)",
				"alias":"2"
			},
			{
				"name":"Transient Name Server",
				"url":"https://wis-tns.weizmann.ac.il/",
				"alias":"3"
			},
			{
				"name":"ATel 10155",
				"url":"http://www.astronomerstelegram.org/?read=10155",
				"alias":"4"
			},
			{
				"name":"ASAS-SN Supernovae",
				"url":"http://www.astronomy.ohio-state.edu/~assassin/sn_list.html",
				"alias":"5"
			},
			{
				"name":"ATel 10156",
				"url":"http://www.astronomerstelegram.org/?read=10156",
				"alias":"6"
			},
			{
				"name":"Latest Supernovae",
				"secondary":true,
				"url":"http://www.rochesterastronomy.org/snimages/snredshiftall.html",
				"alias":"7"
			},
			{
				"name":"The Open Supernova Catalog",
				"bibcode":"2017ApJ...835...64G",
				"reference":"Guillochon et al. (2017)",
				"secondary":true,
				"url":"https://sne.space",
				"alias":"8"
			}
		],
		"alias":[
			{
				"value":"ASASSN-17dk",
				"source":"3,4,7"
			},
			{
				"value":"AT2017cax",
				"source":"3,4,5,6,7"
			},
			{
				"value":"PS17bxy",
				"source":"4,7"
			},
			{
				"value":"AT2017clh",
				"source":"4,7"
			}
		],
		"comovingdist":[
			{
				"value":"221.07",
				"derived":true,
				"u_value":"Mpc",
				"source":"1,3,8"
			}
		],
		"dec":[
			{
				"value":"+56:55:55.86",
				"u_value":"degrees",
				"source":"3,4,7"
			},
			{
				"value":"+56:55:52.68",
				"u_value":"degrees",
				"source":"4,7"
			},
			{
				"value":"+56:55:56.28",
				"u_value":"degrees",
				"source":"5,6"
			}
		],
		"discoverdate":[
			{
				"value":"2017/03/07.52",
				"source":"3"
			}
		],
		"discoverer":[
			{
				"value":"ASAS-SN",
				"source":"3,4,7"
			}
		],
		"ebv":[
			{
				"value":"0.0097",
				"derived":true,
				"e_value":"0.0004",
				"source":"2,8"
			}
		],
		"host":[
			{
				"value":"SDSS J152927.45+565558.3",
				"source":"3,5,6"
			}
		],
		"hostcomovingdist":[
			{
				"value":"221.07",
				"derived":true,
				"source":"1,3,8"
			}
		],
		"hostdec":[
			{
				"value":"+56:55:58.3",
				"derived":true,
				"u_value":"degrees",
				"source":"8"
			}
		],
		"hostlumdist":[
			{
				"value":"232.249",
				"derived":true,
				"source":"1,3,8"
			}
		],
		"hostoffsetang":[
			{
				"value":"5.15",
				"u_value":"arcseconds",
				"source":"5,6"
			}
		],
		"hostoffsetdist":[
			{
				"value":"5.25",
				"source":"1,3,4,7,8"
			}
		],
		"hostra":[
			{
				"value":"15:29:27.45",
				"derived":true,
				"u_value":"hours",
				"source":"8"
			}
		],
		"hostredshift":[
			{
				"value":"0.050551",
				"source":"3"
			}
		],
		"hostvelocity":[
			{
				"value":"14772",
				"source":"8"
			}
		],
		"lumdist":[
			{
				"value":"232.249",
				"derived":true,
				"u_value":"Mpc",
				"source":"1,3,8"
			}
		],
		"maxabsmag":[
			{
				"value":"-19.2762",
				"derived":true,
				"source":"1,3,8"
			}
		],
		"maxappmag":[
			{
				"value":"17.5",
				"derived":true,
				"source":"3,8"
			}
		],
		"maxband":[
			{
				"value":"V",
				"derived":true,
				"source":"3,8"
			}
		],
		"maxdate":[
			{
				"value":"2017/03/07",
				"derived":true,
				"source":"3,8"
			}
		],
		"maxvisualabsmag":[
			{
				"value":"-19.3298",
				"derived":true,
				"source":"1,3,8"
			}
		],
		"maxvisualappmag":[
			{
				"value":"17.5",
				"derived":true,
				"source":"3,8"
			}
		],
		"maxvisualband":[
			{
				"value":"V",
				"derived":true,
				"source":"3,8"
			}
		],
		"maxvisualdate":[
			{
				"value":"2017/03/07",
				"derived":true,
				"source":"3,8"
			}
		],
		"ra":[
			{
				"value":"15:29:26.77",
				"u_value":"hours",
				"source":"3,4,7"
			},
			{
				"value":"15:29:26.760",
				"u_value":"hours",
				"source":"4,7"
			},
			{
				"value":"15:29:26.88",
				"u_value":"hours",
				"source":"5,6"
			}
		],
		"redshift":[
			{
				"value":"0.050551",
				"kind":"host",
				"source":"3"
			},
			{
				"value":"0.050551",
				"source":"4,5,6,7"
			}
		],
		"velocity":[
			{
				"value":"14772",
				"u_value":"km/s",
				"source":"8"
			}
		],
		"photometry":[
			{
				"time":"57818.49",
				"band":"V",
				"instrument":"Brutus",
				"magnitude":"18",
				"system":"Vega",
				"telescope":"ASASSN-1",
				"u_time":"MJD",
				"upperlimit":true,
				"source":"3"
			},
			{
				"time":"57819.52",
				"band":"V",
				"e_magnitude":"0.2",
				"instrument":"Brutus",
				"magnitude":"17.5",
				"system":"Vega",
				"telescope":"ASASSN-1",
				"u_time":"MJD",
				"source":"3"
			},
			{
				"time":"57832.5769907",
				"band":"i",
				"e_magnitude":"0.02",
				"instrument":"GPC1",
				"magnitude":"18.64",
				"observer":"Robot",
				"telescope":"PS1",
				"u_time":"MJD",
				"source":"3"
			}
		]
	}
}