{
	"ASASSN-15os":{
		"schema":"https://github.com/astrocatalogs/supernovae/blob/a0bc0b9/SCHEMA.md",
		"name":"ASASSN-15os",
		"sources":[
			{
				"name":"2016A&A...594A..13P",
				"bibcode":"2016A&A...594A..13P",
				"reference":"Planck Collaboration et al. (2016)",
				"alias":"1"
			},
			{
				"name":"2015ATel.7941....1K",
				"bibcode":"2015ATel.7941....1K",
				"reference":"Kiyota et al. (2015)",
				"alias":"2"
			},
			{
				"name":"2015ATel.7997....1H",
				"bibcode":"2015ATel.7997....1H",
				"reference":"Hosseinzadeh et al. (2015)",
				"alias":"3"
			},
			{
				"name":"2011ApJ...737..103S",
				"bibcode":"2011ApJ...737..103S",
				"reference":"Schlafly & Finkbeiner (2011)",
				"alias":"4"
			},
			{
				"name":"ASAS-SN Supernovae",
				"url":"http://www.astronomy.ohio-state.edu/~assassin/sn_list.html",
				"alias":"5"
			},
			{
				"name":"Latest Supernovae",
				"secondary":true,
				"url":"http://www.rochesterastronomy.org/snimages/snredshiftall.html",
				"alias":"6"
			},
			{
				"name":"The Open Supernova Catalog",
				"bibcode":"2017ApJ...835...64G",
				"reference":"Guillochon et al. (2017)",
				"secondary":true,
				"url":"https://sne.space",
				"alias":"7"
			},
			{
				"name":"SIMBAD astronomical database",
				"bibcode":"2000A&AS..143....9W",
				"reference":"Wenger et al. (2000)",
				"secondary":true,
				"url":"http://simbad.u-strasbg.fr/",
				"alias":"8"
			}
		],
		"alias":[
			{
				"value":"ASASSN-15os",
				"source":"2,5,6,8"
			}
		],
		"claimedtype":[
			{
				"value":"Ia",
				"source":"2,3,5,6,8"
			}
		],
		"comovingdist":[
			{
				"value":"170",
				"derived":true,
				"u_value":"Mpc",
				"source":"1,2,5,6,7"
			}
		],
		"dec":[
			{
				"value":"-55:16:28.91",
				"u_value":"degrees",
				"source":"2,8"
			},
			{
				"value":"-55:16:28.9",
				"u_value":"degrees",
				"source":"2,6"
			},
			{
				"value":"-55:16:28.92",
				"u_value":"degrees",
				"source":"2,5"
			}
		],
		"discoverdate":[
			{
				"value":"2015/08/22",
				"source":"2,6"
			}
		],
		"discoverer":[
			{
				"value":"ASAS-SN",
				"source":"2,6"
			}
		],
		"ebv":[
			{
				"value":"0.0369",
				"derived":true,
				"e_value":"0.0008",
				"source":"4,7"
			}
		],
		"host":[
			{
				"value":"GALEXASC J205408.07-551628.8",
				"source":"2,5"
			}
		],
		"hostdec":[
			{
				"value":"-55:16:28.8",
				"derived":true,
				"u_value":"degrees",
				"source":"7"
			}
		],
		"hostoffsetang":[
			{
				"value":"0.36",
				"u_value":"arcseconds",
				"source":"2,5"
			}
		],
		"hostoffsetdist":[
			{
				"value":"0.29",
				"source":"1,2,5,6,7,8"
			}
		],
		"hostra":[
			{
				"value":"20:54:08.07",
				"derived":true,
				"u_value":"hours",
				"source":"7"
			}
		],
		"lumdist":[
			{
				"value":"178",
				"derived":true,
				"u_value":"Mpc",
				"source":"1,2,5,6,7"
			}
		],
		"maxabsmag":[
			{
				"value":"-19.1",
				"derived":true,
				"source":"1,2,5,6,7"
			}
		],
		"maxappmag":[
			{
				"value":"17.1",
				"derived":true,
				"source":"2,6,7"
			}
		],
		"maxdate":[
			{
				"value":"2015/08/21",
				"derived":true,
				"source":"2,6,7"
			}
		],
		"maxvisualabsmag":[
			{
				"value":"-19.1",
				"derived":true,
				"source":"1,2,5,6,7"
			}
		],
		"maxvisualappmag":[
			{
				"value":"17.1",
				"derived":true,
				"source":"2,6,7"
			}
		],
		"maxvisualdate":[
			{
				"value":"2015/08/21",
				"derived":true,
				"source":"2,6,7"
			}
		],
		"ra":[
			{
				"value":"20:54:08.040",
				"u_value":"hours",
				"source":"2,8"
			},
			{
				"value":"20:54:08.04",
				"u_value":"hours",
				"source":"2,6"
			},
			{
				"value":"20:54:08.16",
				"u_value":"hours",
				"source":"2,5"
			}
		],
		"redshift":[
			{
				"value":"0.039",
				"source":"2,5,6"
			}
		],
		"velocity":[
			{
				"value":"11000",
				"u_value":"km/s",
				"source":"7"
			}
		],
		"photometry":[
			{
				"time":"57255.5",
				"magnitude":"17.1",
				"u_time":"MJD",
				"source":"2,6"
			}
		]
	}
}