{
	"ASASSN-15la":{
		"schema":"https://github.com/astrocatalogs/supernovae/blob/a0bc0b9/SCHEMA.md",
		"name":"ASASSN-15la",
		"sources":[
			{
				"name":"2016A&A...594A..13P",
				"bibcode":"2016A&A...594A..13P",
				"reference":"Planck Collaboration et al. (2016)",
				"alias":"1"
			},
			{
				"name":"2015ATel.7626....1K",
				"bibcode":"2015ATel.7626....1K",
				"reference":"Kiyota et al. (2015)",
				"alias":"2"
			},
			{
				"name":"2015ATel.7627....1P",
				"bibcode":"2015ATel.7627....1P",
				"reference":"Porter et al. (2015)",
				"alias":"3"
			},
			{
				"name":"2011ApJ...737..103S",
				"bibcode":"2011ApJ...737..103S",
				"reference":"Schlafly & Finkbeiner (2011)",
				"alias":"4"
			},
			{
				"name":"Pan-STARRS 3Pi",
				"url":"http://psweb.mp.qub.ac.uk/ps1threepi/psdb/",
				"alias":"5"
			},
			{
				"name":"ASAS-SN Supernovae",
				"url":"http://www.astronomy.ohio-state.edu/~assassin/sn_list.html",
				"alias":"6"
			},
			{
				"name":"Latest Supernovae",
				"secondary":true,
				"url":"http://www.rochesterastronomy.org/snimages/snredshiftall.html",
				"alias":"7"
			},
			{
				"name":"The Open Supernova Catalog",
				"bibcode":"2017ApJ...835...64G",
				"reference":"Guillochon et al. (2017)",
				"secondary":true,
				"url":"https://sne.space",
				"alias":"8"
			},
			{
				"name":"SIMBAD astronomical database",
				"bibcode":"2000A&AS..143....9W",
				"reference":"Wenger et al. (2000)",
				"secondary":true,
				"url":"http://simbad.u-strasbg.fr/",
				"alias":"9"
			}
		],
		"alias":[
			{
				"value":"ASASSN-15la",
				"source":"2,5,6,7,9"
			},
			{
				"value":"PS15bdj",
				"source":"2,7"
			}
		],
		"claimedtype":[
			{
				"value":"Ia",
				"source":"2,3,6,7,9"
			}
		],
		"comovingdist":[
			{
				"value":"122.69",
				"derived":true,
				"u_value":"Mpc",
				"source":"1,2,6,8"
			}
		],
		"dec":[
			{
				"value":"+35:42:39.85",
				"u_value":"degrees",
				"source":"2,9"
			},
			{
				"value":"+35:42:39.8",
				"u_value":"degrees",
				"source":"2,7"
			},
			{
				"value":"+35:42:40.1",
				"u_value":"degrees",
				"source":"2,5"
			},
			{
				"value":"+35:42:39.96",
				"u_value":"degrees",
				"source":"2,6"
			}
		],
		"discoverdate":[
			{
				"value":"2015/06/11",
				"source":"2,7"
			}
		],
		"discoverer":[
			{
				"value":"ASAS-SN",
				"source":"2,7"
			}
		],
		"ebv":[
			{
				"value":"0.0153",
				"derived":true,
				"e_value":"0.001",
				"source":"4,8"
			}
		],
		"host":[
			{
				"value":"NGC 5517",
				"source":"2,5,6,7"
			}
		],
		"hostoffsetang":[
			{
				"value":"0.67",
				"u_value":"arcseconds",
				"source":"2,6"
			}
		],
		"lumdist":[
			{
				"value":"126.109",
				"derived":true,
				"u_value":"Mpc",
				"source":"1,2,6,8"
			}
		],
		"maxabsmag":[
			{
				"value":"-19.1738",
				"derived":true,
				"source":"1,2,6,8"
			}
		],
		"maxappmag":[
			{
				"value":"16.3",
				"derived":true,
				"source":"2,7,8"
			}
		],
		"maxdate":[
			{
				"value":"2015/06/21",
				"derived":true,
				"source":"2,7,8"
			}
		],
		"maxvisualabsmag":[
			{
				"value":"-18.7637",
				"derived":true,
				"source":"1,2,6,8"
			}
		],
		"maxvisualappmag":[
			{
				"value":"16.74",
				"derived":true,
				"source":"2,5,8"
			}
		],
		"maxvisualband":[
			{
				"value":"r",
				"derived":true,
				"source":"2,5,8"
			}
		],
		"maxvisualdate":[
			{
				"value":"2015/07/04",
				"derived":true,
				"source":"2,5,8"
			}
		],
		"ra":[
			{
				"value":"14:12:51.220",
				"u_value":"hours",
				"source":"2,9"
			},
			{
				"value":"14:12:51.22",
				"u_value":"hours",
				"source":"2,5,7"
			},
			{
				"value":"14:12:51.12",
				"u_value":"hours",
				"source":"2,6"
			}
		],
		"redshift":[
			{
				"value":"0.027903",
				"source":"2,6"
			}
		],
		"velocity":[
			{
				"value":"8248.4",
				"u_value":"km/s",
				"source":"8"
			}
		],
		"photometry":[
			{
				"time":"57194.5",
				"magnitude":"16.3",
				"u_time":"MJD",
				"source":"2,7"
			},
			{
				"time":"57207.3336387007",
				"band":"r",
				"e_magnitude":"0.0132126",
				"instrument":"GPC",
				"magnitude":"16.8066",
				"telescope":"Pan-STARRS1",
				"u_time":"MJD",
				"source":"2,5"
			},
			{
				"time":"57207.3445716687",
				"band":"r",
				"e_magnitude":"0.0126245",
				"instrument":"GPC",
				"magnitude":"16.7407",
				"telescope":"Pan-STARRS1",
				"u_time":"MJD",
				"source":"2,5"
			},
			{
				"time":"57207.35556343",
				"band":"r",
				"e_magnitude":"0.01496",
				"instrument":"GPC",
				"magnitude":"16.79",
				"telescope":"Pan-STARRS1",
				"u_time":"MJD",
				"source":"2,5"
			},
			{
				"time":"57416.63889691",
				"band":"r",
				"e_magnitude":"0.134532",
				"instrument":"GPC",
				"magnitude":"19.3476",
				"telescope":"Pan-STARRS1",
				"u_time":"MJD",
				"source":"2,5"
			}
		]
	}
}