{
	"ASASSN-15dc":{
		"schema":"https://github.com/astrocatalogs/supernovae/blob/a0bc0b9/SCHEMA.md",
		"name":"ASASSN-15dc",
		"sources":[
			{
				"name":"2016A&A...594A..13P",
				"bibcode":"2016A&A...594A..13P",
				"reference":"Planck Collaboration et al. (2016)",
				"alias":"1"
			},
			{
				"name":"2015ATel.7090....1K",
				"bibcode":"2015ATel.7090....1K",
				"reference":"Kiyota et al. (2015)",
				"alias":"2"
			},
			{
				"name":"2015ATel.7103....1C",
				"bibcode":"2015ATel.7103....1C",
				"reference":"Challis et al. (2015)",
				"alias":"3"
			},
			{
				"name":"2011ApJ...737..103S",
				"bibcode":"2011ApJ...737..103S",
				"reference":"Schlafly & Finkbeiner (2011)",
				"alias":"4"
			},
			{
				"name":"Pan-STARRS 3Pi",
				"url":"http://psweb.mp.qub.ac.uk/ps1threepi/psdb/",
				"alias":"5"
			},
			{
				"name":"ASAS-SN Supernovae",
				"url":"http://www.astronomy.ohio-state.edu/~assassin/sn_list.html",
				"alias":"6"
			},
			{
				"name":"Latest Supernovae",
				"secondary":true,
				"url":"http://www.rochesterastronomy.org/snimages/snredshiftall.html",
				"alias":"7"
			},
			{
				"name":"The Open Supernova Catalog",
				"bibcode":"2017ApJ...835...64G",
				"reference":"Guillochon et al. (2017)",
				"secondary":true,
				"url":"https://sne.space",
				"alias":"8"
			},
			{
				"name":"SIMBAD astronomical database",
				"bibcode":"2000A&AS..143....9W",
				"reference":"Wenger et al. (2000)",
				"secondary":true,
				"url":"http://simbad.u-strasbg.fr/",
				"alias":"9"
			}
		],
		"alias":[
			{
				"value":"ASASSN-15dc",
				"source":"2,3,5,6,7,9"
			},
			{
				"value":"PS15ag",
				"source":"2,7"
			}
		],
		"claimedtype":[
			{
				"value":"Ia",
				"source":"2,3,6,7,9"
			}
		],
		"comovingdist":[
			{
				"value":"182.34",
				"derived":true,
				"u_value":"Mpc",
				"source":"1,2,6,7,8"
			}
		],
		"dec":[
			{
				"value":"-00:32:24.38",
				"u_value":"degrees",
				"source":"2,9"
			},
			{
				"value":"-00:32:24.4",
				"u_value":"degrees",
				"source":"2,7"
			},
			{
				"value":"-00:32:24.5",
				"u_value":"degrees",
				"source":"2,3,5"
			},
			{
				"value":"-00:32:24.396",
				"u_value":"degrees",
				"source":"2,6"
			}
		],
		"discoverdate":[
			{
				"value":"2015/02/16",
				"source":"2,7"
			}
		],
		"discoverer":[
			{
				"value":"ASAS-SN",
				"source":"2,7"
			}
		],
		"ebv":[
			{
				"value":"0.0552",
				"derived":true,
				"e_value":"0.0007",
				"source":"4,8"
			}
		],
		"host":[
			{
				"value":"SDSS J150130.77-003222.9",
				"source":"2,3,5"
			},
			{
				"value":"SDSS J150130.77-003222.8",
				"source":"2,6"
			}
		],
		"hostdec":[
			{
				"value":"-00:32:22.9",
				"derived":true,
				"u_value":"degrees",
				"source":"8"
			}
		],
		"hostoffsetang":[
			{
				"value":"1.66",
				"u_value":"arcseconds",
				"source":"2,6"
			}
		],
		"hostoffsetdist":[
			{
				"value":"1.41",
				"source":"1,2,6,7,8,9"
			}
		],
		"hostra":[
			{
				"value":"15:01:30.77",
				"derived":true,
				"u_value":"hours",
				"source":"8"
			}
		],
		"lumdist":[
			{
				"value":"189.925",
				"derived":true,
				"u_value":"Mpc",
				"source":"1,2,6,7,8"
			}
		],
		"maxabsmag":[
			{
				"value":"-19.0387",
				"derived":true,
				"source":"1,2,6,7,8"
			}
		],
		"maxappmag":[
			{
				"value":"17.31",
				"derived":true,
				"source":"2,3,5,8"
			}
		],
		"maxband":[
			{
				"value":"w",
				"derived":true,
				"source":"2,3,5,8"
			}
		],
		"maxdate":[
			{
				"value":"2015/02/16",
				"derived":true,
				"source":"2,3,5,8"
			}
		],
		"maxvisualabsmag":[
			{
				"value":"-17.3429",
				"derived":true,
				"source":"1,2,6,7,8"
			}
		],
		"maxvisualappmag":[
			{
				"value":"19.05",
				"derived":true,
				"source":"2,3,5,8"
			}
		],
		"maxvisualband":[
			{
				"value":"r",
				"derived":true,
				"source":"2,3,5,8"
			}
		],
		"maxvisualdate":[
			{
				"value":"2015/04/12",
				"derived":true,
				"source":"2,3,5,8"
			}
		],
		"ra":[
			{
				"value":"15:01:30.820",
				"u_value":"hours",
				"source":"2,9"
			},
			{
				"value":"15:01:30.82",
				"u_value":"hours",
				"source":"2,7"
			},
			{
				"value":"15:01:30.81",
				"u_value":"hours",
				"source":"2,3,5"
			},
			{
				"value":"15:01:30.72",
				"u_value":"hours",
				"source":"2,6"
			}
		],
		"redshift":[
			{
				"value":"0.041605",
				"source":"2,6,7"
			}
		],
		"velocity":[
			{
				"value":"12214",
				"u_value":"km/s",
				"source":"8"
			}
		],
		"photometry":[
			{
				"time":"57068.5779144076",
				"band":"i",
				"e_magnitude":"0.029076",
				"instrument":"GPC",
				"magnitude":"17.6629",
				"telescope":"Pan-STARRS1",
				"u_time":"MJD",
				"source":"2,3,5"
			},
			{
				"time":"57068.5913524404",
				"band":"i",
				"e_magnitude":"0.0302474",
				"instrument":"GPC",
				"magnitude":"17.677",
				"telescope":"Pan-STARRS1",
				"u_time":"MJD",
				"source":"2,3,5"
			},
			{
				"time":"57068.6047834624",
				"band":"i",
				"e_magnitude":"0.0457358",
				"instrument":"GPC",
				"magnitude":"17.683",
				"telescope":"Pan-STARRS1",
				"u_time":"MJD",
				"source":"2,3,5"
			},
			{
				"time":"57068.6181969877",
				"band":"i",
				"e_magnitude":"0.0361615",
				"instrument":"GPC",
				"magnitude":"17.6697",
				"telescope":"Pan-STARRS1",
				"u_time":"MJD",
				"source":"2,3,5"
			},
			{
				"time":"57069.5599771476",
				"band":"w",
				"e_magnitude":"0.0116996",
				"instrument":"GPC",
				"magnitude":"17.3277",
				"telescope":"Pan-STARRS1",
				"u_time":"MJD",
				"source":"2,3,5"
			},
			{
				"time":"57069.5734055013",
				"band":"w",
				"e_magnitude":"0.00931797",
				"instrument":"GPC",
				"magnitude":"17.3352",
				"telescope":"Pan-STARRS1",
				"u_time":"MJD",
				"source":"2,3,5"
			},
			{
				"time":"57069.5867680339",
				"band":"w",
				"e_magnitude":"0.00853335",
				"instrument":"GPC",
				"magnitude":"17.3172",
				"telescope":"Pan-STARRS1",
				"u_time":"MJD",
				"source":"2,3,5"
			},
			{
				"time":"57069.6001295797",
				"band":"w",
				"e_magnitude":"0.00804774",
				"instrument":"GPC",
				"magnitude":"17.3052",
				"telescope":"Pan-STARRS1",
				"u_time":"MJD",
				"source":"2,3,5"
			},
			{
				"time":"57076.6023962367",
				"band":"w",
				"e_magnitude":"0.0063738",
				"instrument":"GPC",
				"magnitude":"17.356",
				"telescope":"Pan-STARRS1",
				"u_time":"MJD",
				"source":"2,3,5"
			},
			{
				"time":"57076.6154611014",
				"band":"w",
				"e_magnitude":"0.00623302",
				"instrument":"GPC",
				"magnitude":"17.3724",
				"telescope":"Pan-STARRS1",
				"u_time":"MJD",
				"source":"2,3,5"
			},
			{
				"time":"57076.6285018451",
				"band":"w",
				"e_magnitude":"0.00656503",
				"instrument":"GPC",
				"magnitude":"17.378",
				"telescope":"Pan-STARRS1",
				"u_time":"MJD",
				"source":"2,3,5"
			},
			{
				"time":"57076.6415289669",
				"band":"w",
				"e_magnitude":"0.00733333",
				"instrument":"GPC",
				"magnitude":"17.365",
				"telescope":"Pan-STARRS1",
				"u_time":"MJD",
				"source":"2,3,5"
			},
			{
				"time":"57077.5904149264",
				"band":"w",
				"e_magnitude":"0.00916455",
				"instrument":"GPC",
				"magnitude":"17.4375",
				"telescope":"Pan-STARRS1",
				"u_time":"MJD",
				"source":"2,3,5"
			},
			{
				"time":"57077.6034068227",
				"band":"w",
				"e_magnitude":"0.00796484",
				"instrument":"GPC",
				"magnitude":"17.4279",
				"telescope":"Pan-STARRS1",
				"u_time":"MJD",
				"source":"2,3,5"
			},
			{
				"time":"57077.6164444698",
				"band":"w",
				"e_magnitude":"0.0137714",
				"instrument":"GPC",
				"magnitude":"17.409",
				"telescope":"Pan-STARRS1",
				"u_time":"MJD",
				"source":"2,3,5"
			},
			{
				"time":"57077.6294627725",
				"band":"w",
				"e_magnitude":"0.0143319",
				"instrument":"GPC",
				"magnitude":"17.4031",
				"telescope":"Pan-STARRS1",
				"u_time":"MJD",
				"source":"2,3,5"
			},
			{
				"time":"57101.5547766066",
				"band":"w",
				"e_magnitude":"0.0132667",
				"instrument":"GPC",
				"magnitude":"18.3338",
				"telescope":"Pan-STARRS1",
				"u_time":"MJD",
				"source":"2,3,5"
			},
			{
				"time":"57101.567880908",
				"band":"w",
				"e_magnitude":"0.0205107",
				"instrument":"GPC",
				"magnitude":"18.3743",
				"telescope":"Pan-STARRS1",
				"u_time":"MJD",
				"source":"2,3,5"
			},
			{
				"time":"57101.5809999192",
				"band":"w",
				"e_magnitude":"0.0371021",
				"instrument":"GPC",
				"magnitude":"18.2946",
				"telescope":"Pan-STARRS1",
				"u_time":"MJD",
				"source":"2,3,5"
			},
			{
				"time":"57101.5941083743",
				"band":"w",
				"e_magnitude":"0.0904124",
				"instrument":"GPC",
				"magnitude":"18.2912",
				"telescope":"Pan-STARRS1",
				"u_time":"MJD",
				"source":"2,3,5"
			},
			{
				"time":"57102.5272930519",
				"band":"w",
				"e_magnitude":"0.0165527",
				"instrument":"GPC",
				"magnitude":"18.4002",
				"telescope":"Pan-STARRS1",
				"u_time":"MJD",
				"source":"2,3,5"
			},
			{
				"time":"57102.5401860875",
				"band":"w",
				"e_magnitude":"0.0210877",
				"instrument":"GPC",
				"magnitude":"18.3604",
				"telescope":"Pan-STARRS1",
				"u_time":"MJD",
				"source":"2,3,5"
			},
			{
				"time":"57102.5528656022",
				"band":"w",
				"e_magnitude":"0.0126973",
				"instrument":"GPC",
				"magnitude":"18.3591",
				"telescope":"Pan-STARRS1",
				"u_time":"MJD",
				"source":"2,3,5"
			},
			{
				"time":"57102.5656313243",
				"band":"w",
				"e_magnitude":"0.0200001",
				"instrument":"GPC",
				"magnitude":"18.3968",
				"telescope":"Pan-STARRS1",
				"u_time":"MJD",
				"source":"2,3,5"
			},
			{
				"time":"57103.5040851984",
				"band":"w",
				"e_magnitude":"0.027905",
				"instrument":"GPC",
				"magnitude":"18.424",
				"telescope":"Pan-STARRS1",
				"u_time":"MJD",
				"source":"2,3,5"
			},
			{
				"time":"57103.5177297309",
				"band":"w",
				"e_magnitude":"0.0173426",
				"instrument":"GPC",
				"magnitude":"18.4134",
				"telescope":"Pan-STARRS1",
				"u_time":"MJD",
				"source":"2,3,5"
			},
			{
				"time":"57103.5314270404",
				"band":"w",
				"e_magnitude":"0.0144494",
				"instrument":"GPC",
				"magnitude":"18.399",
				"telescope":"Pan-STARRS1",
				"u_time":"MJD",
				"source":"2,3,5"
			},
			{
				"time":"57103.545185387",
				"band":"w",
				"e_magnitude":"0.0208862",
				"instrument":"GPC",
				"magnitude":"18.4011",
				"telescope":"Pan-STARRS1",
				"u_time":"MJD",
				"source":"2,3,5"
			},
			{
				"time":"57109.5294735207",
				"band":"w",
				"e_magnitude":"0.0161408",
				"instrument":"GPC",
				"magnitude":"18.7383",
				"telescope":"Pan-STARRS1",
				"u_time":"MJD",
				"source":"2,3,5"
			},
			{
				"time":"57109.5423414111",
				"band":"w",
				"e_magnitude":"0.0144016",
				"instrument":"GPC",
				"magnitude":"18.7476",
				"telescope":"Pan-STARRS1",
				"u_time":"MJD",
				"source":"2,3,5"
			},
			{
				"time":"57109.556237915",
				"band":"w",
				"e_magnitude":"0.0181836",
				"instrument":"GPC",
				"magnitude":"18.7505",
				"telescope":"Pan-STARRS1",
				"u_time":"MJD",
				"source":"2,3,5"
			},
			{
				"time":"57109.5690153423",
				"band":"w",
				"e_magnitude":"0.0240014",
				"instrument":"GPC",
				"magnitude":"18.7562",
				"telescope":"Pan-STARRS1",
				"u_time":"MJD",
				"source":"2,3,5"
			},
			{
				"time":"57110.535063115",
				"band":"w",
				"e_magnitude":"0.0280504",
				"instrument":"GPC",
				"magnitude":"18.8421",
				"telescope":"Pan-STARRS1",
				"u_time":"MJD",
				"source":"2,3,5"
			},
			{
				"time":"57110.5476710853",
				"band":"w",
				"e_magnitude":"0.0406393",
				"instrument":"GPC",
				"magnitude":"18.8455",
				"telescope":"Pan-STARRS1",
				"u_time":"MJD",
				"source":"2,3,5"
			},
			{
				"time":"57110.5603038087",
				"band":"w",
				"e_magnitude":"0.0453795",
				"instrument":"GPC",
				"magnitude":"18.8567",
				"telescope":"Pan-STARRS1",
				"u_time":"MJD",
				"source":"2,3,5"
			},
			{
				"time":"57110.5729229809",
				"band":"w",
				"e_magnitude":"0.055947",
				"instrument":"GPC",
				"magnitude":"18.8388",
				"telescope":"Pan-STARRS1",
				"u_time":"MJD",
				"source":"2,3,5"
			},
			{
				"time":"57124.484950222",
				"band":"r",
				"e_magnitude":"0.0918857",
				"instrument":"GPC",
				"magnitude":"19.0479",
				"telescope":"Pan-STARRS1",
				"u_time":"MJD",
				"source":"2,3,5"
			},
			{
				"time":"57124.5288487226",
				"band":"r",
				"e_magnitude":"0.0779017",
				"instrument":"GPC",
				"magnitude":"19.1136",
				"telescope":"Pan-STARRS1",
				"u_time":"MJD",
				"source":"2,3,5"
			},
			{
				"time":"57125.4366132797",
				"band":"w",
				"e_magnitude":"0.0303686",
				"instrument":"GPC",
				"magnitude":"19.4093",
				"telescope":"Pan-STARRS1",
				"u_time":"MJD",
				"source":"2,3,5"
			},
			{
				"time":"57125.4509155242",
				"band":"w",
				"e_magnitude":"0.0388272",
				"instrument":"GPC",
				"magnitude":"19.46",
				"telescope":"Pan-STARRS1",
				"u_time":"MJD",
				"source":"2,3,5"
			},
			{
				"time":"57125.4655204862",
				"band":"w",
				"e_magnitude":"0.0486647",
				"instrument":"GPC",
				"magnitude":"19.4711",
				"telescope":"Pan-STARRS1",
				"u_time":"MJD",
				"source":"2,3,5"
			},
			{
				"time":"57125.4801281498",
				"band":"w",
				"e_magnitude":"0.045505",
				"instrument":"GPC",
				"magnitude":"19.4283",
				"telescope":"Pan-STARRS1",
				"u_time":"MJD",
				"source":"2,3,5"
			},
			{
				"time":"57132.4416868677",
				"band":"w",
				"e_magnitude":"0.0658746",
				"instrument":"GPC",
				"magnitude":"19.6421",
				"telescope":"Pan-STARRS1",
				"u_time":"MJD",
				"source":"2,3,5"
			},
			{
				"time":"57132.4543000814",
				"band":"w",
				"e_magnitude":"0.0494641",
				"instrument":"GPC",
				"magnitude":"19.684",
				"telescope":"Pan-STARRS1",
				"u_time":"MJD",
				"source":"2,3,5"
			},
			{
				"time":"57132.4670039229",
				"band":"w",
				"e_magnitude":"0.0478657",
				"instrument":"GPC",
				"magnitude":"19.6208",
				"telescope":"Pan-STARRS1",
				"u_time":"MJD",
				"source":"2,3,5"
			},
			{
				"time":"57132.4796569245",
				"band":"w",
				"e_magnitude":"0.0584476",
				"instrument":"GPC",
				"magnitude":"19.6356",
				"telescope":"Pan-STARRS1",
				"u_time":"MJD",
				"source":"2,3,5"
			},
			{
				"time":"57133.4668079005",
				"band":"w",
				"e_magnitude":"0.0902265",
				"instrument":"GPC",
				"magnitude":"19.7431",
				"telescope":"Pan-STARRS1",
				"u_time":"MJD",
				"source":"2,3,5"
			},
			{
				"time":"57133.5174893684",
				"band":"w",
				"e_magnitude":"0.0843749",
				"instrument":"GPC",
				"magnitude":"19.7201",
				"telescope":"Pan-STARRS1",
				"u_time":"MJD",
				"source":"2,3,5"
			},
			{
				"time":"57133.5304557205",
				"band":"w",
				"e_magnitude":"0.0798632",
				"instrument":"GPC",
				"magnitude":"19.6981",
				"telescope":"Pan-STARRS1",
				"u_time":"MJD",
				"source":"2,3,5"
			},
			{
				"time":"57133.5433972914",
				"band":"w",
				"e_magnitude":"0.062161",
				"instrument":"GPC",
				"magnitude":"19.696",
				"telescope":"Pan-STARRS1",
				"u_time":"MJD",
				"source":"2,3,5"
			},
			{
				"time":"57155.3786758003",
				"band":"w",
				"e_magnitude":"0.11499",
				"instrument":"GPC",
				"magnitude":"20.307",
				"telescope":"Pan-STARRS1",
				"u_time":"MJD",
				"source":"2,3,5"
			},
			{
				"time":"57155.3912603018",
				"band":"w",
				"e_magnitude":"0.200234",
				"instrument":"GPC",
				"magnitude":"20.2776",
				"telescope":"Pan-STARRS1",
				"u_time":"MJD",
				"source":"2,3,5"
			},
			{
				"time":"57155.4165477031",
				"band":"w",
				"e_magnitude":"0.141463",
				"instrument":"GPC",
				"magnitude":"20.2703",
				"telescope":"Pan-STARRS1",
				"u_time":"MJD",
				"source":"2,3,5"
			},
			{
				"time":"57163.3710050438",
				"band":"w",
				"e_magnitude":"0.040695",
				"instrument":"GPC",
				"magnitude":"20.4858",
				"telescope":"Pan-STARRS1",
				"u_time":"MJD",
				"source":"2,3,5"
			},
			{
				"time":"57163.3839382172",
				"band":"w",
				"e_magnitude":"0.0355155",
				"instrument":"GPC",
				"magnitude":"20.4324",
				"telescope":"Pan-STARRS1",
				"u_time":"MJD",
				"source":"2,3,5"
			},
			{
				"time":"57163.3967373465",
				"band":"w",
				"e_magnitude":"0.0452991",
				"instrument":"GPC",
				"magnitude":"20.5164",
				"telescope":"Pan-STARRS1",
				"u_time":"MJD",
				"source":"2,3,5"
			},
			{
				"time":"57163.4095381527",
				"band":"w",
				"e_magnitude":"0.0646462",
				"instrument":"GPC",
				"magnitude":"20.4814",
				"telescope":"Pan-STARRS1",
				"u_time":"MJD",
				"source":"2,3,5"
			},
			{
				"time":"57164.4525614451",
				"band":"w",
				"e_magnitude":"0.0806213",
				"instrument":"GPC",
				"magnitude":"20.4411",
				"telescope":"Pan-STARRS1",
				"u_time":"MJD",
				"source":"2,3,5"
			},
			{
				"time":"57164.4652856133",
				"band":"w",
				"e_magnitude":"0.111404",
				"instrument":"GPC",
				"magnitude":"20.4505",
				"telescope":"Pan-STARRS1",
				"u_time":"MJD",
				"source":"2,3,5"
			},
			{
				"time":"57191.344184441",
				"band":"w",
				"e_magnitude":"0.102274",
				"instrument":"GPC",
				"magnitude":"21.2182",
				"telescope":"Pan-STARRS1",
				"u_time":"MJD",
				"source":"2,3,5"
			},
			{
				"time":"57191.3570454586",
				"band":"w",
				"e_magnitude":"0.0954017",
				"instrument":"GPC",
				"magnitude":"21.201",
				"telescope":"Pan-STARRS1",
				"u_time":"MJD",
				"source":"2,3,5"
			},
			{
				"time":"57191.3698441195",
				"band":"w",
				"e_magnitude":"0.101188",
				"instrument":"GPC",
				"magnitude":"21.1272",
				"telescope":"Pan-STARRS1",
				"u_time":"MJD",
				"source":"2,3,5"
			},
			{
				"time":"57191.3826687947",
				"band":"w",
				"e_magnitude":"0.095433",
				"instrument":"GPC",
				"magnitude":"21.0685",
				"telescope":"Pan-STARRS1",
				"u_time":"MJD",
				"source":"2,3,5"
			},
			{
				"time":"57192.3691235267",
				"band":"w",
				"e_magnitude":"0.0924713",
				"instrument":"GPC",
				"magnitude":"21.233",
				"telescope":"Pan-STARRS1",
				"u_time":"MJD",
				"source":"2,3,5"
			}
		]
	}
}