{
	"ASASSN-15jo":{
		"schema":"https://github.com/astrocatalogs/supernovae/blob/a0bc0b9/SCHEMA.md",
		"name":"ASASSN-15jo",
		"sources":[
			{
				"name":"2016A&A...594A..13P",
				"bibcode":"2016A&A...594A..13P",
				"reference":"Planck Collaboration et al. (2016)",
				"alias":"1"
			},
			{
				"name":"2015ATel.7540....1H",
				"bibcode":"2015ATel.7540....1H",
				"reference":"Holoien et al. (2015)",
				"alias":"2"
			},
			{
				"name":"2015ATel.7553....1H",
				"bibcode":"2015ATel.7553....1H",
				"reference":"Hosseinzadeh et al. (2015)",
				"alias":"3"
			},
			{
				"name":"2011ApJ...737..103S",
				"bibcode":"2011ApJ...737..103S",
				"reference":"Schlafly & Finkbeiner (2011)",
				"alias":"4"
			},
			{
				"name":"ASAS-SN Supernovae",
				"url":"http://www.astronomy.ohio-state.edu/~assassin/sn_list.html",
				"alias":"5"
			},
			{
				"name":"Latest Supernovae",
				"secondary":true,
				"url":"http://www.rochesterastronomy.org/snimages/snredshiftall.html",
				"alias":"6"
			},
			{
				"name":"The Open Supernova Catalog",
				"bibcode":"2017ApJ...835...64G",
				"reference":"Guillochon et al. (2017)",
				"secondary":true,
				"url":"https://sne.space",
				"alias":"7"
			},
			{
				"name":"SIMBAD astronomical database",
				"bibcode":"2000A&AS..143....9W",
				"reference":"Wenger et al. (2000)",
				"secondary":true,
				"url":"http://simbad.u-strasbg.fr/",
				"alias":"8"
			}
		],
		"alias":[
			{
				"value":"ASASSN-15jo",
				"source":"2,5,6,8"
			}
		],
		"claimedtype":[
			{
				"value":"Ia",
				"source":"2,3,5,6,8"
			}
		],
		"comovingdist":[
			{
				"value":"62",
				"derived":true,
				"u_value":"Mpc",
				"source":"1,2,6,7"
			}
		],
		"dec":[
			{
				"value":"-34:27:17.44",
				"u_value":"degrees",
				"source":"2,8"
			},
			{
				"value":"-34:27:17.4",
				"u_value":"degrees",
				"source":"2,6"
			},
			{
				"value":"-34:27:17.28",
				"u_value":"degrees",
				"source":"2,5"
			}
		],
		"discoverdate":[
			{
				"value":"2015/05/20",
				"source":"2,6"
			}
		],
		"discoverer":[
			{
				"value":"ASAS-SN",
				"source":"2,6"
			}
		],
		"ebv":[
			{
				"value":"0.0553",
				"derived":true,
				"e_value":"0.0007",
				"source":"4,7"
			}
		],
		"host":[
			{
				"value":"Abell S753",
				"source":"2,5"
			}
		],
		"hostoffsetang":[
			{
				"value":"95.64",
				"u_value":"arcseconds",
				"source":"2,5"
			}
		],
		"lumdist":[
			{
				"value":"62.6",
				"derived":true,
				"u_value":"Mpc",
				"source":"1,2,6,7"
			}
		],
		"maxabsmag":[
			{
				"value":"-18.6",
				"derived":true,
				"source":"1,2,6,7"
			}
		],
		"maxappmag":[
			{
				"value":"15.4",
				"derived":true,
				"source":"2,6,7"
			}
		],
		"maxdate":[
			{
				"value":"2015/05/30",
				"derived":true,
				"source":"2,6,7"
			}
		],
		"maxvisualabsmag":[
			{
				"value":"-18.6",
				"derived":true,
				"source":"1,2,6,7"
			}
		],
		"maxvisualappmag":[
			{
				"value":"15.4",
				"derived":true,
				"source":"2,6,7"
			}
		],
		"maxvisualdate":[
			{
				"value":"2015/05/30",
				"derived":true,
				"source":"2,6,7"
			}
		],
		"ra":[
			{
				"value":"14:06:44.670",
				"u_value":"hours",
				"source":"2,8"
			},
			{
				"value":"14:06:44.67",
				"u_value":"hours",
				"source":"2,6"
			},
			{
				"value":"14:06:44.64",
				"u_value":"hours",
				"source":"2,5"
			}
		],
		"redshift":[
			{
				"value":"0.014",
				"source":"2,6"
			},
			{
				"value":"0.011",
				"source":"2,5"
			}
		],
		"velocity":[
			{
				"value":"4200",
				"u_value":"km/s",
				"source":"7"
			}
		],
		"photometry":[
			{
				"time":"57172.5",
				"magnitude":"15.4",
				"u_time":"MJD",
				"source":"2,6"
			}
		]
	}
}