{
	"ASASSN-15np":{
		"schema":"https://github.com/astrocatalogs/supernovae/blob/a0bc0b9/SCHEMA.md",
		"name":"ASASSN-15np",
		"sources":[
			{
				"name":"2016A&A...594A..13P",
				"bibcode":"2016A&A...594A..13P",
				"reference":"Planck Collaboration et al. (2016)",
				"alias":"1"
			},
			{
				"name":"2015ATel.7878....1B",
				"bibcode":"2015ATel.7878....1B",
				"reference":"Brimacombe et al. (2015)",
				"alias":"2"
			},
			{
				"name":"2015ATel.7888....1T",
				"bibcode":"2015ATel.7888....1T",
				"reference":"Tomasella et al. (2015)",
				"alias":"3"
			},
			{
				"name":"2011ApJ...737..103S",
				"bibcode":"2011ApJ...737..103S",
				"reference":"Schlafly & Finkbeiner (2011)",
				"alias":"4"
			},
			{
				"name":"ASAS-SN Supernovae",
				"url":"http://www.astronomy.ohio-state.edu/~assassin/sn_list.html",
				"alias":"5"
			},
			{
				"name":"Asiago Supernova Catalogue",
				"secondary":true,
				"url":"http://graspa.oapd.inaf.it/cgi-bin/sncat.php",
				"alias":"6"
			},
			{
				"name":"Latest Supernovae",
				"secondary":true,
				"url":"http://www.rochesterastronomy.org/snimages/snredshiftall.html",
				"alias":"7"
			},
			{
				"name":"The Open Supernova Catalog",
				"bibcode":"2017ApJ...835...64G",
				"reference":"Guillochon et al. (2017)",
				"secondary":true,
				"url":"https://sne.space",
				"alias":"8"
			},
			{
				"name":"WISeREP",
				"bibcode":"2012PASP..124..668Y",
				"reference":"Yaron & Gal-Yam (2012)",
				"secondary":true,
				"url":"http://wiserep.weizmann.ac.il/",
				"alias":"9"
			},
			{
				"name":"SIMBAD astronomical database",
				"bibcode":"2000A&AS..143....9W",
				"reference":"Wenger et al. (2000)",
				"secondary":true,
				"url":"http://simbad.u-strasbg.fr/",
				"alias":"10"
			}
		],
		"alias":[
			{
				"value":"ASASSN-15np",
				"source":"2,5,6,7,9,10"
			}
		],
		"claimedtype":[
			{
				"value":"Ia",
				"source":"2,3,5,6,7,9,10"
			}
		],
		"comovingdist":[
			{
				"value":"165.33",
				"derived":true,
				"u_value":"Mpc",
				"source":"1,2,5,8"
			}
		],
		"dec":[
			{
				"value":"+07:33:41.54",
				"u_value":"degrees",
				"source":"2,3,6,10"
			},
			{
				"value":"+07:33:41.5",
				"u_value":"degrees",
				"source":"2,7"
			},
			{
				"value":"+07:33:41.544",
				"u_value":"degrees",
				"source":"2,5"
			}
		],
		"discoverdate":[
			{
				"value":"2015/08/06",
				"source":"2,7"
			}
		],
		"discoverer":[
			{
				"value":"ASAS-SN",
				"source":"2,7"
			},
			{
				"value":"ASASSN",
				"source":"3,6"
			}
		],
		"ebv":[
			{
				"value":"0.0257",
				"derived":true,
				"e_value":"0.0005",
				"source":"4,8"
			}
		],
		"host":[
			{
				"value":"2MASX J15060265+0733415",
				"source":"2,5"
			},
			{
				"value":"2MASX J15060265+0733",
				"source":"3,6"
			}
		],
		"hostdec":[
			{
				"value":"+07:33:41.5",
				"derived":true,
				"u_value":"degrees",
				"source":"8"
			}
		],
		"hostoffsetang":[
			{
				"value":"0.36",
				"u_value":"arcseconds",
				"source":"2,5"
			}
		],
		"hostoffsetdist":[
			{
				"value":"0.28",
				"source":"1,2,3,5,6,8,10"
			}
		],
		"hostra":[
			{
				"value":"15:06:02.65",
				"derived":true,
				"u_value":"hours",
				"source":"8"
			}
		],
		"lumdist":[
			{
				"value":"171.557",
				"derived":true,
				"u_value":"Mpc",
				"source":"1,2,5,8"
			}
		],
		"maxabsmag":[
			{
				"value":"-19.0319",
				"derived":true,
				"source":"1,2,5,8"
			}
		],
		"maxappmag":[
			{
				"value":"17.1",
				"derived":true,
				"source":"2,7,8"
			}
		],
		"maxdate":[
			{
				"value":"2015/08/05",
				"derived":true,
				"source":"2,7,8"
			}
		],
		"maxvisualabsmag":[
			{
				"value":"-19.072",
				"derived":true,
				"source":"1,2,5,8"
			}
		],
		"maxvisualappmag":[
			{
				"value":"17.1",
				"derived":true,
				"source":"2,7,8"
			}
		],
		"maxvisualdate":[
			{
				"value":"2015/08/05",
				"derived":true,
				"source":"2,7,8"
			}
		],
		"ra":[
			{
				"value":"15:06:02.650",
				"u_value":"hours",
				"source":"2,10"
			},
			{
				"value":"15:06:02.65",
				"u_value":"hours",
				"source":"2,3,6,7"
			},
			{
				"value":"15:06:02.64",
				"u_value":"hours",
				"source":"2,5"
			}
		],
		"redshift":[
			{
				"value":"0.037688",
				"source":"2,5"
			}
		],
		"velocity":[
			{
				"value":"11086",
				"u_value":"km/s",
				"source":"8"
			}
		],
		"photometry":[
			{
				"time":"57239.5",
				"magnitude":"17.1",
				"u_time":"MJD",
				"source":"2,7"
			}
		],
		"spectra":[
			{
				"time":"57240.0",
				"filename":"ASASSNm15np_2015-08-06_21:25:35_Asiago.ascii",
				"instrument":"Ekar - AFOSC",
				"observer":"tomasella",
				"redshift":"0.038",
				"reducer":"Unknown",
				"reduction":"final",
				"survey":"Asiago",
				"u_fluxes":"erg/s/cm^2/Angstrom",
				"u_time":"MJD",
				"u_wavelengths":"Angstrom",
				"data":[
					[
						"3455.0",
						"1.632413642e-17"
					],
					[
						"3459.732725",
						"3.964371479e-16"
					],
					[
						"3464.465449",
						"-3.491829798e-16"
					],
					[
						"3469.198174",
						"-6.370229732e-17"
					],
					[
						"3473.930898",
						"2.097114214e-16"
					],
					[
						"3478.663623",
						"1.49435604e-16"
					],
					[
						"3483.396347",
						"9.066112595e-17"
					],
					[
						"3488.129072",
						"-1.483024195e-16"
					],
					[
						"3492.861797",
						"-7.292877575e-17"
					],
					[
						"3497.594521",
						"2.229787234e-16"
					],
					[
						"3502.327246",
						"9.031635046e-17"
					],
					[
						"3507.05997",
						"2.597116836e-17"
					],
					[
						"3511.792695",
						"5.547625744e-17"
					],
					[
						"3516.52542",
						"1.78391187e-16"
					],
					[
						"3521.258144",
						"-1.331912458e-16"
					],
					[
						"3525.990869",
						"2.245396728e-16"
					],
					[
						"3530.723593",
						"2.531467283e-16"
					],
					[
						"3535.456318",
						"-7.594544389e-17"
					],
					[
						"3540.189042",
						"-9.963986048e-18"
					],
					[
						"3544.921767",
						"-1.628430106e-16"
					],
					[
						"3549.654492",
						"-2.491734291e-16"
					],
					[
						"3554.387216",
						"-1.776610976e-16"
					],
					[
						"3559.119941",
						"3.135468478e-16"
					],
					[
						"3563.852665",
						"1.438596919e-16"
					],
					[
						"3568.58539",
						"2.60550908e-16"
					],
					[
						"3573.318114",
						"1.318614041e-16"
					],
					[
						"3578.050839",
						"-7.761143197e-17"
					],
					[
						"3582.783564",
						"1.771511672e-17"
					],
					[
						"3587.516288",
						"-2.962582701e-16"
					],
					[
						"3592.249013",
						"-6.246968571e-17"
					],
					[
						"3596.981737",
						"-1.086274425e-16"
					],
					[
						"3601.714462",
						"1.427465848e-16"
					],
					[
						"3606.447187",
						"3.575284248e-16"
					],
					[
						"3611.179911",
						"2.81617438e-16"
					],
					[
						"3615.912636",
						"3.738400758e-17"
					],
					[
						"3620.64536",
						"2.367967954e-16"
					],
					[
						"3625.378085",
						"-2.225511571e-16"
					],
					[
						"3630.110809",
						"2.511242916e-17"
					],
					[
						"3634.843534",
						"1.25415973e-16"
					],
					[
						"3639.576259",
						"4.16239865e-17"
					],
					[
						"3644.308983",
						"7.046096511e-17"
					],
					[
						"3649.041708",
						"4.058588807e-16"
					],
					[
						"3653.774432",
						"-9.584613888e-17"
					],
					[
						"3658.507157",
						"2.304883058e-16"
					],
					[
						"3663.239881",
						"7.753384242e-17"
					],
					[
						"3667.972606",
						"-1.77790098e-17"
					],
					[
						"3672.705331",
						"2.686133911e-16"
					],
					[
						"3677.438055",
						"-1.483408139e-16"
					],
					[
						"3682.17078",
						"1.733774667e-16"
					],
					[
						"3686.903504",
						"3.716338527e-16"
					],
					[
						"3691.636229",
						"1.426246385e-16"
					],
					[
						"3696.368954",
						"2.893424843e-16"
					],
					[
						"3701.101678",
						"2.966202443e-16"
					],
					[
						"3705.834403",
						"-1.289036329e-17"
					],
					[
						"3710.567127",
						"-6.598348278e-17"
					],
					[
						"3715.299852",
						"9.010097248e-17"
					],
					[
						"3720.032576",
						"1.007800462e-16"
					],
					[
						"3724.765301",
						"-3.068678607e-17"
					],
					[
						"3729.498026",
						"6.570097744e-17"
					],
					[
						"3734.23075",
						"1.471804581e-16"
					],
					[
						"3738.963475",
						"7.314482209e-17"
					],
					[
						"3743.696199",
						"2.174684466e-17"
					],
					[
						"3748.428924",
						"9.449717108e-18"
					],
					[
						"3753.161648",
						"-4.855012115e-18"
					],
					[
						"3757.894373",
						"1.16572552e-16"
					],
					[
						"3762.627098",
						"1.492926142e-16"
					],
					[
						"3767.359822",
						"5.164629209e-17"
					],
					[
						"3772.092547",
						"4.674161068e-17"
					],
					[
						"3776.825271",
						"8.215596225e-17"
					],
					[
						"3781.557996",
						"3.498268902e-17"
					],
					[
						"3786.290721",
						"2.113180609e-17"
					],
					[
						"3791.023445",
						"1.380994841e-16"
					],
					[
						"3795.75617",
						"1.080803188e-16"
					],
					[
						"3800.488894",
						"1.165671257e-16"
					],
					[
						"3805.221619",
						"1.215125673e-16"
					],
					[
						"3809.954343",
						"1.20664105e-16"
					],
					[
						"3814.687068",
						"7.05581092e-17"
					],
					[
						"3819.419793",
						"8.386980769e-17"
					],
					[
						"3824.152517",
						"1.059532338e-16"
					],
					[
						"3828.885242",
						"1.022370091e-16"
					],
					[
						"3833.617966",
						"5.315259792e-17"
					],
					[
						"3838.350691",
						"7.401888069e-17"
					],
					[
						"3843.083415",
						"1.181484304e-16"
					],
					[
						"3847.81614",
						"1.074729565e-16"
					],
					[
						"3852.548865",
						"7.385954585e-17"
					],
					[
						"3857.281589",
						"5.861305206e-17"
					],
					[
						"3862.014314",
						"6.243733302e-17"
					],
					[
						"3866.747038",
						"1.169853747e-16"
					],
					[
						"3871.479763",
						"1.177838356e-16"
					],
					[
						"3876.212488",
						"8.612078451e-17"
					],
					[
						"3880.945212",
						"6.938342009e-17"
					],
					[
						"3885.677937",
						"6.184245781e-17"
					],
					[
						"3890.410661",
						"5.626456719e-17"
					],
					[
						"3895.143386",
						"9.017989213e-17"
					],
					[
						"3899.87611",
						"5.302190007e-17"
					],
					[
						"3904.608835",
						"3.446051968e-17"
					],
					[
						"3909.34156",
						"9.20203359e-17"
					],
					[
						"3914.074284",
						"1.300687383e-16"
					],
					[
						"3918.807009",
						"1.067952639e-16"
					],
					[
						"3923.539733",
						"4.885378659e-17"
					],
					[
						"3928.272458",
						"6.510123841e-17"
					],
					[
						"3933.005182",
						"1.111308815e-16"
					],
					[
						"3937.737907",
						"7.792676645e-17"
					],
					[
						"3942.470632",
						"6.226277806e-17"
					],
					[
						"3947.203356",
						"9.31216177e-17"
					],
					[
						"3951.936081",
						"2.392123944e-17"
					],
					[
						"3956.668805",
						"2.909437736e-17"
					],
					[
						"3961.40153",
						"2.61452568e-17"
					],
					[
						"3966.134255",
						"5.669643487e-17"
					],
					[
						"3970.866979",
						"9.886143059e-17"
					],
					[
						"3975.599704",
						"4.301730276e-17"
					],
					[
						"3980.332428",
						"3.688221666e-17"
					],
					[
						"3985.065153",
						"6.163005107e-17"
					],
					[
						"3989.797877",
						"4.81717464e-17"
					],
					[
						"3994.530602",
						"1.106618899e-16"
					],
					[
						"3999.263327",
						"6.836103809e-17"
					],
					[
						"4003.996051",
						"9.688403217e-17"
					],
					[
						"4008.728776",
						"1.205957865e-16"
					],
					[
						"4013.4615",
						"1.365601208e-16"
					],
					[
						"4018.194225",
						"1.071952289e-16"
					],
					[
						"4022.926949",
						"1.305115909e-16"
					],
					[
						"4027.659674",
						"1.532858319e-16"
					],
					[
						"4032.392399",
						"1.164195302e-16"
					],
					[
						"4037.125123",
						"1.310424026e-16"
					],
					[
						"4041.857848",
						"1.661473258e-16"
					],
					[
						"4046.590572",
						"1.920732044e-16"
					],
					[
						"4051.323297",
						"1.931380042e-16"
					],
					[
						"4056.056022",
						"1.864750577e-16"
					],
					[
						"4060.788746",
						"1.870140354e-16"
					],
					[
						"4065.521471",
						"1.699165562e-16"
					],
					[
						"4070.254195",
						"1.534663823e-16"
					],
					[
						"4074.98692",
						"1.464547627e-16"
					],
					[
						"4079.719644",
						"1.640827094e-16"
					],
					[
						"4084.452369",
						"1.472369182e-16"
					],
					[
						"4089.185094",
						"1.72480525e-16"
					],
					[
						"4093.917818",
						"1.706250463e-16"
					],
					[
						"4098.650543",
						"1.779422463e-16"
					],
					[
						"4103.383267",
						"1.805744409e-16"
					],
					[
						"4108.115992",
						"1.782755803e-16"
					],
					[
						"4112.848716",
						"1.701035917e-16"
					],
					[
						"4117.581441",
						"1.636646722e-16"
					],
					[
						"4122.314166",
						"1.086800512e-16"
					],
					[
						"4127.04689",
						"1.759496675e-16"
					],
					[
						"4131.779615",
						"1.906686252e-16"
					],
					[
						"4136.512339",
						"1.586842641e-16"
					],
					[
						"4141.245064",
						"1.286742573e-16"
					],
					[
						"4145.977789",
						"1.262957491e-16"
					],
					[
						"4150.710513",
						"1.419480974e-16"
					],
					[
						"4155.443238",
						"1.501068114e-16"
					],
					[
						"4160.175962",
						"1.730128322e-16"
					],
					[
						"4164.908687",
						"1.597263396e-16"
					],
					[
						"4169.641411",
						"1.435458133e-16"
					],
					[
						"4174.374136",
						"1.561292024e-16"
					],
					[
						"4179.106861",
						"1.682806444e-16"
					],
					[
						"4183.839585",
						"1.376694693e-16"
					],
					[
						"4188.57231",
						"1.628824902e-16"
					],
					[
						"4193.305034",
						"1.629961647e-16"
					],
					[
						"4198.037759",
						"1.812832487e-16"
					],
					[
						"4202.770483",
						"2.045004747e-16"
					],
					[
						"4207.503208",
						"2.181523959e-16"
					],
					[
						"4212.235933",
						"1.97572354e-16"
					],
					[
						"4216.968657",
						"2.137490819e-16"
					],
					[
						"4221.701382",
						"2.134700639e-16"
					],
					[
						"4226.434106",
						"1.957976744e-16"
					],
					[
						"4231.166831",
						"2.028064882e-16"
					],
					[
						"4235.899556",
						"1.847606763e-16"
					],
					[
						"4240.63228",
						"1.679578587e-16"
					],
					[
						"4245.365005",
						"1.830520785e-16"
					],
					[
						"4250.097729",
						"1.981227137e-16"
					],
					[
						"4254.830454",
						"1.67150054e-16"
					],
					[
						"4259.563178",
						"1.948112384e-16"
					],
					[
						"4264.295903",
						"2.224131437e-16"
					],
					[
						"4269.028628",
						"2.158585513e-16"
					],
					[
						"4273.761352",
						"2.065088428e-16"
					],
					[
						"4278.494077",
						"2.005847076e-16"
					],
					[
						"4283.226801",
						"2.041001855e-16"
					],
					[
						"4287.959526",
						"1.982317956e-16"
					],
					[
						"4292.69225",
						"1.792075812e-16"
					],
					[
						"4297.424975",
						"1.914433692e-16"
					],
					[
						"4302.1577",
						"1.930166402e-16"
					],
					[
						"4306.890424",
						"1.861525764e-16"
					],
					[
						"4311.623149",
						"1.953831444e-16"
					],
					[
						"4316.355873",
						"1.968921336e-16"
					],
					[
						"4321.088598",
						"2.118075632e-16"
					],
					[
						"4325.821323",
						"2.12513049e-16"
					],
					[
						"4330.554047",
						"2.006679153e-16"
					],
					[
						"4335.286772",
						"1.852150433e-16"
					],
					[
						"4340.019496",
						"2.062840614e-16"
					],
					[
						"4344.752221",
						"2.113589137e-16"
					],
					[
						"4349.484945",
						"2.150555508e-16"
					],
					[
						"4354.21767",
						"2.551328882e-16"
					],
					[
						"4358.950395",
						"3.030587271e-16"
					],
					[
						"4363.683119",
						"2.136365588e-16"
					],
					[
						"4368.415844",
						"2.122063437e-16"
					],
					[
						"4373.148568",
						"1.950862329e-16"
					],
					[
						"4377.881293",
						"1.693795241e-16"
					],
					[
						"4382.614017",
						"1.855621944e-16"
					],
					[
						"4387.346742",
						"2.283807555e-16"
					],
					[
						"4392.079467",
						"1.976343727e-16"
					],
					[
						"4396.812191",
						"1.975464533e-16"
					],
					[
						"4401.544916",
						"1.910893359e-16"
					],
					[
						"4406.27764",
						"1.817343864e-16"
					],
					[
						"4411.010365",
						"1.967276901e-16"
					],
					[
						"4415.74309",
						"1.698785324e-16"
					],
					[
						"4420.475814",
						"1.782326331e-16"
					],
					[
						"4425.208539",
						"2.061967244e-16"
					],
					[
						"4429.941263",
						"1.900952633e-16"
					],
					[
						"4434.673988",
						"1.580150419e-16"
					],
					[
						"4439.406712",
						"1.441120813e-16"
					],
					[
						"4444.139437",
						"1.620863057e-16"
					],
					[
						"4448.872162",
						"1.682309077e-16"
					],
					[
						"4453.604886",
						"1.687950317e-16"
					],
					[
						"4458.337611",
						"1.754877963e-16"
					],
					[
						"4463.070335",
						"1.322483261e-16"
					],
					[
						"4467.80306",
						"1.356659584e-16"
					],
					[
						"4472.535784",
						"1.445344199e-16"
					],
					[
						"4477.268509",
						"1.62486595e-16"
					],
					[
						"4482.001234",
						"1.573741423e-16"
					],
					[
						"4486.733958",
						"1.769110234e-16"
					],
					[
						"4491.466683",
						"1.613594456e-16"
					],
					[
						"4496.199407",
						"1.592663742e-16"
					],
					[
						"4500.932132",
						"1.659893541e-16"
					],
					[
						"4505.664857",
						"1.84349455e-16"
					],
					[
						"4510.397581",
						"2.115176795e-16"
					],
					[
						"4515.130306",
						"2.101294057e-16"
					],
					[
						"4519.86303",
						"1.742322817e-16"
					],
					[
						"4524.595755",
						"1.994261915e-16"
					],
					[
						"4529.328479",
						"2.073817499e-16"
					],
					[
						"4534.061204",
						"1.903977335e-16"
					],
					[
						"4538.793929",
						"2.189785045e-16"
					],
					[
						"4543.526653",
						"2.119103983e-16"
					],
					[
						"4548.259378",
						"1.93182394e-16"
					],
					[
						"4552.992102",
						"1.936026017e-16"
					],
					[
						"4557.724827",
						"1.990509294e-16"
					],
					[
						"4562.457551",
						"2.049213839e-16"
					],
					[
						"4567.190276",
						"1.989233848e-16"
					],
					[
						"4571.923001",
						"1.762591389e-16"
					],
					[
						"4576.655725",
						"1.518662444e-16"
					],
					[
						"4581.38845",
						"1.89989543e-16"
					],
					[
						"4586.121174",
						"2.023972257e-16"
					],
					[
						"4590.853899",
						"2.092210423e-16"
					],
					[
						"4595.586624",
						"1.990430414e-16"
					],
					[
						"4600.319348",
						"1.802740089e-16"
					],
					[
						"4605.052073",
						"2.002593807e-16"
					],
					[
						"4609.784797",
						"2.137656784e-16"
					],
					[
						"4614.517522",
						"1.895216102e-16"
					],
					[
						"4619.250246",
						"1.966243388e-16"
					],
					[
						"4623.982971",
						"2.169197644e-16"
					],
					[
						"4628.715696",
						"2.148501321e-16"
					],
					[
						"4633.44842",
						"2.168267099e-16"
					],
					[
						"4638.181145",
						"2.152917936e-16"
					],
					[
						"4642.913869",
						"2.157081897e-16"
					],
					[
						"4647.646594",
						"2.074487714e-16"
					],
					[
						"4652.379318",
						"2.22296756e-16"
					],
					[
						"4657.112043",
						"2.336315921e-16"
					],
					[
						"4661.844768",
						"2.558304463e-16"
					],
					[
						"4666.577492",
						"2.298057296e-16"
					],
					[
						"4671.310217",
						"2.278292841e-16"
					],
					[
						"4676.042941",
						"2.408871705e-16"
					],
					[
						"4680.775666",
						"2.399032358e-16"
					],
					[
						"4685.508391",
						"2.439627736e-16"
					],
					[
						"4690.241115",
						"2.364382623e-16"
					],
					[
						"4694.97384",
						"2.443263625e-16"
					],
					[
						"4699.706564",
						"2.38444698e-16"
					],
					[
						"4704.439289",
						"2.159474235e-16"
					],
					[
						"4709.172013",
						"2.367129921e-16"
					],
					[
						"4713.904738",
						"2.313748581e-16"
					],
					[
						"4718.637463",
						"2.20285291e-16"
					],
					[
						"4723.370187",
						"2.18043936e-16"
					],
					[
						"4728.102912",
						"2.458763798e-16"
					],
					[
						"4732.835636",
						"2.536340899e-16"
					],
					[
						"4737.568361",
						"2.515120077e-16"
					],
					[
						"4742.301085",
						"2.3566643e-16"
					],
					[
						"4747.03381",
						"2.513680121e-16"
					],
					[
						"4751.766535",
						"2.293326088e-16"
					],
					[
						"4756.499259",
						"2.445429911e-16"
					],
					[
						"4761.231984",
						"2.283810202e-16"
					],
					[
						"4765.964708",
						"2.336927903e-16"
					],
					[
						"4770.697433",
						"2.24850878e-16"
					],
					[
						"4775.430158",
						"2.343912483e-16"
					],
					[
						"4780.162882",
						"2.356256136e-16"
					],
					[
						"4784.895607",
						"2.365884518e-16"
					],
					[
						"4789.628331",
						"2.288134834e-16"
					],
					[
						"4794.361056",
						"2.325976561e-16"
					],
					[
						"4799.09378",
						"2.577589551e-16"
					],
					[
						"4803.826505",
						"2.436371688e-16"
					],
					[
						"4808.55923",
						"2.341399972e-16"
					],
					[
						"4813.291954",
						"2.19957251e-16"
					],
					[
						"4818.024679",
						"2.172573732e-16"
					],
					[
						"4822.757403",
						"2.270203941e-16"
					],
					[
						"4827.490128",
						"2.159341357e-16"
					],
					[
						"4832.222852",
						"2.091802656e-16"
					],
					[
						"4836.955577",
						"2.151778676e-16"
					],
					[
						"4841.688302",
						"2.189948496e-16"
					],
					[
						"4846.421026",
						"2.136569273e-16"
					],
					[
						"4851.153751",
						"2.254711444e-16"
					],
					[
						"4855.886475",
						"2.214979378e-16"
					],
					[
						"4860.6192",
						"2.125313264e-16"
					],
					[
						"4865.351925",
						"2.330561921e-16"
					],
					[
						"4870.084649",
						"2.367483293e-16"
					],
					[
						"4874.817374",
						"2.329286077e-16"
					],
					[
						"4879.550098",
						"2.336775437e-16"
					],
					[
						"4884.282823",
						"2.400717424e-16"
					],
					[
						"4889.015547",
						"2.402822037e-16"
					],
					[
						"4893.748272",
						"2.036049624e-16"
					],
					[
						"4898.480997",
						"2.246094207e-16"
					],
					[
						"4903.213721",
						"2.338527471e-16"
					],
					[
						"4907.946446",
						"2.134767211e-16"
					],
					[
						"4912.67917",
						"2.019291209e-16"
					],
					[
						"4917.411895",
						"2.021819867e-16"
					],
					[
						"4922.144619",
						"2.07383444e-16"
					],
					[
						"4926.877344",
						"1.908811378e-16"
					],
					[
						"4931.610069",
						"2.03662693e-16"
					],
					[
						"4936.342793",
						"2.109650169e-16"
					],
					[
						"4941.075518",
						"1.910003048e-16"
					],
					[
						"4945.808242",
						"1.874556837e-16"
					],
					[
						"4950.540967",
						"2.084054819e-16"
					],
					[
						"4955.273692",
						"2.194390522e-16"
					],
					[
						"4960.006416",
						"2.247559044e-16"
					],
					[
						"4964.739141",
						"2.146372621e-16"
					],
					[
						"4969.471865",
						"2.178346129e-16"
					],
					[
						"4974.20459",
						"2.466118426e-16"
					],
					[
						"4978.937314",
						"2.481318962e-16"
					],
					[
						"4983.670039",
						"2.15660597e-16"
					],
					[
						"4988.402764",
						"2.250391576e-16"
					],
					[
						"4993.135488",
						"2.075648017e-16"
					],
					[
						"4997.868213",
						"2.024478889e-16"
					],
					[
						"5002.600937",
						"2.083069481e-16"
					],
					[
						"5007.333662",
						"1.815713061e-16"
					],
					[
						"5012.066386",
						"1.683189197e-16"
					],
					[
						"5016.799111",
						"1.802271045e-16"
					],
					[
						"5021.531836",
						"1.738340042e-16"
					],
					[
						"5026.26456",
						"1.785978895e-16"
					],
					[
						"5030.997285",
						"1.772907324e-16"
					],
					[
						"5035.730009",
						"1.687245162e-16"
					],
					[
						"5040.462734",
						"1.756266171e-16"
					],
					[
						"5045.195459",
						"1.86597851e-16"
					],
					[
						"5049.928183",
						"1.788860396e-16"
					],
					[
						"5054.660908",
						"1.760178272e-16"
					],
					[
						"5059.393632",
						"1.7919072e-16"
					],
					[
						"5064.126357",
						"1.745734507e-16"
					],
					[
						"5068.859081",
						"1.874556042e-16"
					],
					[
						"5073.591806",
						"1.965817225e-16"
					],
					[
						"5078.324531",
						"1.932013728e-16"
					],
					[
						"5083.057255",
						"1.97760938e-16"
					],
					[
						"5087.78998",
						"1.886046309e-16"
					],
					[
						"5092.522704",
						"1.999301364e-16"
					],
					[
						"5097.255429",
						"2.090171191e-16"
					],
					[
						"5101.988153",
						"1.998589062e-16"
					],
					[
						"5106.720878",
						"2.006540981e-16"
					],
					[
						"5111.453603",
						"1.939869429e-16"
					],
					[
						"5116.186327",
						"2.034043082e-16"
					],
					[
						"5120.919052",
						"1.851853971e-16"
					],
					[
						"5125.651776",
						"1.930410189e-16"
					],
					[
						"5130.384501",
						"2.211790828e-16"
					],
					[
						"5135.117226",
						"2.181222865e-16"
					],
					[
						"5139.84995",
						"2.049143429e-16"
					],
					[
						"5144.582675",
						"2.129038356e-16"
					],
					[
						"5149.315399",
						"2.220947387e-16"
					],
					[
						"5154.048124",
						"2.081350004e-16"
					],
					[
						"5158.780848",
						"1.947201029e-16"
					],
					[
						"5163.513573",
						"2.003710964e-16"
					],
					[
						"5168.246298",
						"2.143438446e-16"
					],
					[
						"5172.979022",
						"1.784782594e-16"
					],
					[
						"5177.711747",
						"1.86451354e-16"
					],
					[
						"5182.444471",
						"1.831034563e-16"
					],
					[
						"5187.177196",
						"2.032699608e-16"
					],
					[
						"5191.90992",
						"2.06489983e-16"
					],
					[
						"5196.642645",
						"2.011650443e-16"
					],
					[
						"5201.37537",
						"2.000399198e-16"
					],
					[
						"5206.108094",
						"1.904500907e-16"
					],
					[
						"5210.840819",
						"1.889706683e-16"
					],
					[
						"5215.573543",
						"1.883701881e-16"
					],
					[
						"5220.306268",
						"1.906041184e-16"
					],
					[
						"5225.038993",
						"1.9112867e-16"
					],
					[
						"5229.771717",
						"2.024936816e-16"
					],
					[
						"5234.504442",
						"2.066907299e-16"
					],
					[
						"5239.237166",
						"2.078356008e-16"
					],
					[
						"5243.969891",
						"2.160080393e-16"
					],
					[
						"5248.702615",
						"2.150136491e-16"
					],
					[
						"5253.43534",
						"2.149488643e-16"
					],
					[
						"5258.168065",
						"2.147270476e-16"
					],
					[
						"5262.900789",
						"2.055998838e-16"
					],
					[
						"5267.633514",
						"2.174861515e-16"
					],
					[
						"5272.366238",
						"2.187307738e-16"
					],
					[
						"5277.098963",
						"2.309810407e-16"
					],
					[
						"5281.831687",
						"2.297392904e-16"
					],
					[
						"5286.564412",
						"2.192585944e-16"
					],
					[
						"5291.297137",
						"2.395849897e-16"
					],
					[
						"5296.029861",
						"2.328854884e-16"
					],
					[
						"5300.762586",
						"2.41679411e-16"
					],
					[
						"5305.49531",
						"2.441754318e-16"
					],
					[
						"5310.228035",
						"2.47113895e-16"
					],
					[
						"5314.96076",
						"2.293052125e-16"
					],
					[
						"5319.693484",
						"2.348415787e-16"
					],
					[
						"5324.426209",
						"2.286936547e-16"
					],
					[
						"5329.158933",
						"2.427953504e-16"
					],
					[
						"5333.891658",
						"2.568110458e-16"
					],
					[
						"5338.624382",
						"2.562118494e-16"
					],
					[
						"5343.357107",
						"2.760470052e-16"
					],
					[
						"5348.089832",
						"2.563462364e-16"
					],
					[
						"5352.822556",
						"2.625493234e-16"
					],
					[
						"5357.555281",
						"2.581086208e-16"
					],
					[
						"5362.288005",
						"2.52607883e-16"
					],
					[
						"5367.02073",
						"2.324132941e-16"
					],
					[
						"5371.753454",
						"2.464318746e-16"
					],
					[
						"5376.486179",
						"2.374780481e-16"
					],
					[
						"5381.218904",
						"2.311193453e-16"
					],
					[
						"5385.951628",
						"2.364975546e-16"
					],
					[
						"5390.684353",
						"2.6478062e-16"
					],
					[
						"5395.417077",
						"2.656640224e-16"
					],
					[
						"5400.149802",
						"2.513545654e-16"
					],
					[
						"5404.882527",
						"2.495629848e-16"
					],
					[
						"5409.615251",
						"2.737108619e-16"
					],
					[
						"5414.347976",
						"2.716830914e-16"
					],
					[
						"5419.0807",
						"2.268374614e-16"
					],
					[
						"5423.813425",
						"2.32376157e-16"
					],
					[
						"5428.546149",
						"2.484143288e-16"
					],
					[
						"5433.278874",
						"2.304457424e-16"
					],
					[
						"5438.011599",
						"2.408811354e-16"
					],
					[
						"5442.744323",
						"1.143374968e-16"
					],
					[
						"5447.477048",
						"1.107609928e-16"
					],
					[
						"5452.209772",
						"3.376087245e-16"
					],
					[
						"5456.942497",
						"3.54456051e-16"
					],
					[
						"5461.675221",
						"2.400703131e-16"
					],
					[
						"5466.407946",
						"2.146069674e-16"
					],
					[
						"5471.140671",
						"2.161209197e-16"
					],
					[
						"5475.873395",
						"1.941780945e-16"
					],
					[
						"5480.60612",
						"2.057511586e-16"
					],
					[
						"5485.338844",
						"2.226201903e-16"
					],
					[
						"5490.071569",
						"2.286480208e-16"
					],
					[
						"5494.804294",
						"2.153364349e-16"
					],
					[
						"5499.537018",
						"2.243052035e-16"
					],
					[
						"5504.269743",
						"2.040542869e-16"
					],
					[
						"5509.002467",
						"2.012027769e-16"
					],
					[
						"5513.735192",
						"2.184023765e-16"
					],
					[
						"5518.467916",
						"2.139485714e-16"
					],
					[
						"5523.200641",
						"2.164566624e-16"
					],
					[
						"5527.933366",
						"2.157076338e-16"
					],
					[
						"5532.66609",
						"2.055717861e-16"
					],
					[
						"5537.398815",
						"2.235686025e-16"
					],
					[
						"5542.131539",
						"2.21973838e-16"
					],
					[
						"5546.864264",
						"2.330903116e-16"
					],
					[
						"5551.596988",
						"2.540521271e-16"
					],
					[
						"5556.329713",
						"2.421603404e-16"
					],
					[
						"5561.062438",
						"2.314749139e-16"
					],
					[
						"5565.795162",
						"2.887737811e-16"
					],
					[
						"5570.527887",
						"3.472975903e-16"
					],
					[
						"5575.260611",
						"2.87216114e-16"
					],
					[
						"5579.993336",
						"2.72974949e-16"
					],
					[
						"5584.726061",
						"2.502160737e-16"
					],
					[
						"5589.458785",
						"2.451731307e-16"
					],
					[
						"5594.19151",
						"2.303710182e-16"
					],
					[
						"5598.924234",
						"2.010864158e-16"
					],
					[
						"5603.656959",
						"2.290752431e-16"
					],
					[
						"5608.389683",
						"2.363185659e-16"
					],
					[
						"5613.122408",
						"2.331943378e-16"
					],
					[
						"5617.855133",
						"2.390367476e-16"
					],
					[
						"5622.587857",
						"2.295861892e-16"
					],
					[
						"5627.320582",
						"2.306127402e-16"
					],
					[
						"5632.053306",
						"2.116138177e-16"
					],
					[
						"5636.786031",
						"2.035856659e-16"
					],
					[
						"5641.518755",
						"2.12055016e-16"
					],
					[
						"5646.25148",
						"2.24497877e-16"
					],
					[
						"5650.984205",
						"2.055214538e-16"
					],
					[
						"5655.716929",
						"2.191116342e-16"
					],
					[
						"5660.449654",
						"2.243795042e-16"
					],
					[
						"5665.182378",
						"2.158611982e-16"
					],
					[
						"5669.915103",
						"2.402241025e-16"
					],
					[
						"5674.647828",
						"2.806152127e-16"
					],
					[
						"5679.380552",
						"2.790323993e-16"
					],
					[
						"5684.113277",
						"2.666948879e-16"
					],
					[
						"5688.846001",
						"2.789127294e-16"
					],
					[
						"5693.578726",
						"2.378901032e-16"
					],
					[
						"5698.31145",
						"2.348875038e-16"
					],
					[
						"5703.044175",
						"2.398901598e-16"
					],
					[
						"5707.7769",
						"2.256153253e-16"
					],
					[
						"5712.509624",
						"2.265818693e-16"
					],
					[
						"5717.242349",
						"2.44932891e-16"
					],
					[
						"5721.975073",
						"2.526947303e-16"
					],
					[
						"5726.707798",
						"2.353060174e-16"
					],
					[
						"5731.440522",
						"2.423004449e-16"
					],
					[
						"5736.173247",
						"2.464842054e-16"
					],
					[
						"5740.905972",
						"2.581831333e-16"
					],
					[
						"5745.638696",
						"2.676465559e-16"
					],
					[
						"5750.371421",
						"2.462066697e-16"
					],
					[
						"5755.104145",
						"2.697560385e-16"
					],
					[
						"5759.83687",
						"3.152512369e-16"
					],
					[
						"5764.569595",
						"3.228548664e-16"
					],
					[
						"5769.302319",
						"2.755000337e-16"
					],
					[
						"5774.035044",
						"2.588833648e-16"
					],
					[
						"5778.767768",
						"2.95572094e-16"
					],
					[
						"5783.500493",
						"3.37304825e-16"
					],
					[
						"5788.233217",
						"2.818211759e-16"
					],
					[
						"5792.965942",
						"2.694772853e-16"
					],
					[
						"5797.698667",
						"2.94825805e-16"
					],
					[
						"5802.431391",
						"2.89704538e-16"
					],
					[
						"5807.164116",
						"2.793010675e-16"
					],
					[
						"5811.89684",
						"2.843486163e-16"
					],
					[
						"5816.629565",
						"3.172194239e-16"
					],
					[
						"5821.362289",
						"3.042991274e-16"
					],
					[
						"5826.095014",
						"3.033100576e-16"
					],
					[
						"5830.827739",
						"3.062617821e-16"
					],
					[
						"5835.560463",
						"2.835983304e-16"
					],
					[
						"5840.293188",
						"2.864902597e-16"
					],
					[
						"5845.025912",
						"2.990488996e-16"
					],
					[
						"5849.758637",
						"3.073784892e-16"
					],
					[
						"5854.491362",
						"3.176459579e-16"
					],
					[
						"5859.224086",
						"3.182015586e-16"
					],
					[
						"5863.956811",
						"3.055209989e-16"
					],
					[
						"5868.689535",
						"3.075303199e-16"
					],
					[
						"5873.42226",
						"3.367635445e-16"
					],
					[
						"5878.154984",
						"3.117160126e-16"
					],
					[
						"5882.887709",
						"2.5646093e-16"
					],
					[
						"5887.620434",
						"2.645813819e-16"
					],
					[
						"5892.353158",
						"2.68839443e-16"
					],
					[
						"5897.085883",
						"2.591958406e-16"
					],
					[
						"5901.818607",
						"2.48245531e-16"
					],
					[
						"5906.551332",
						"2.451600282e-16"
					],
					[
						"5911.284056",
						"2.549100921e-16"
					],
					[
						"5916.016781",
						"2.916562078e-16"
					],
					[
						"5920.749506",
						"3.036101984e-16"
					],
					[
						"5925.48223",
						"2.943075532e-16"
					],
					[
						"5930.214955",
						"2.850837085e-16"
					],
					[
						"5934.947679",
						"2.786611606e-16"
					],
					[
						"5939.680404",
						"2.502574725e-16"
					],
					[
						"5944.413129",
						"2.741898325e-16"
					],
					[
						"5949.145853",
						"2.887368558e-16"
					],
					[
						"5953.878578",
						"2.644330188e-16"
					],
					[
						"5958.611302",
						"2.528416906e-16"
					],
					[
						"5963.344027",
						"2.450368114e-16"
					],
					[
						"5968.076751",
						"2.501935744e-16"
					],
					[
						"5972.809476",
						"2.713004178e-16"
					],
					[
						"5977.542201",
						"2.655718281e-16"
					],
					[
						"5982.274925",
						"2.394082774e-16"
					],
					[
						"5987.00765",
						"2.57386287e-16"
					],
					[
						"5991.740374",
						"2.815419197e-16"
					],
					[
						"5996.473099",
						"2.417610438e-16"
					],
					[
						"6001.205823",
						"2.492762113e-16"
					],
					[
						"6005.938548",
						"2.462001846e-16"
					],
					[
						"6010.671273",
						"2.613541335e-16"
					],
					[
						"6015.403997",
						"2.485381014e-16"
					],
					[
						"6020.136722",
						"2.532821742e-16"
					],
					[
						"6024.869446",
						"2.703484852e-16"
					],
					[
						"6029.602171",
						"2.731846426e-16"
					],
					[
						"6034.334896",
						"2.65370049e-16"
					],
					[
						"6039.06762",
						"2.776665587e-16"
					],
					[
						"6043.800345",
						"2.779905752e-16"
					],
					[
						"6048.533069",
						"2.816073794e-16"
					],
					[
						"6053.265794",
						"2.829304978e-16"
					],
					[
						"6057.998518",
						"2.549409294e-16"
					],
					[
						"6062.731243",
						"2.470035954e-16"
					],
					[
						"6067.463968",
						"2.562624331e-16"
					],
					[
						"6072.196692",
						"2.554095768e-16"
					],
					[
						"6076.929417",
						"2.763246202e-16"
					],
					[
						"6081.662141",
						"2.84349278e-16"
					],
					[
						"6086.394866",
						"2.84711967e-16"
					],
					[
						"6091.12759",
						"3.009346596e-16"
					],
					[
						"6095.860315",
						"2.886387323e-16"
					],
					[
						"6100.59304",
						"2.840443991e-16"
					],
					[
						"6105.325764",
						"3.478445089e-16"
					],
					[
						"6110.058489",
						"3.176923859e-16"
					],
					[
						"6114.791213",
						"2.654514171e-16"
					],
					[
						"6119.523938",
						"2.733496817e-16"
					],
					[
						"6124.256663",
						"2.717042673e-16"
					],
					[
						"6128.989387",
						"2.487550742e-16"
					],
					[
						"6133.722112",
						"2.708445818e-16"
					],
					[
						"6138.454836",
						"3.07149155e-16"
					],
					[
						"6143.187561",
						"2.840584281e-16"
					],
					[
						"6147.920285",
						"2.865876949e-16"
					],
					[
						"6152.65301",
						"2.935690993e-16"
					],
					[
						"6157.385735",
						"2.647364948e-16"
					],
					[
						"6162.118459",
						"2.669988404e-16"
					],
					[
						"6166.851184",
						"2.578612608e-16"
					],
					[
						"6171.583908",
						"2.631432788e-16"
					],
					[
						"6176.316633",
						"2.650007956e-16"
					],
					[
						"6181.049357",
						"2.635875476e-16"
					],
					[
						"6185.782082",
						"2.705336413e-16"
					],
					[
						"6190.514807",
						"2.701774374e-16"
					],
					[
						"6195.247531",
						"2.611704597e-16"
					],
					[
						"6199.980256",
						"2.844410488e-16"
					],
					[
						"6204.71298",
						"2.800618884e-16"
					],
					[
						"6209.445705",
						"2.455253641e-16"
					],
					[
						"6214.17843",
						"2.786611342e-16"
					],
					[
						"6218.911154",
						"2.324063854e-16"
					],
					[
						"6223.643879",
						"2.169083957e-16"
					],
					[
						"6228.376603",
						"2.321529638e-16"
					],
					[
						"6233.109328",
						"2.260386829e-16"
					],
					[
						"6237.842052",
						"2.368067745e-16"
					],
					[
						"6242.574777",
						"1.876722329e-16"
					],
					[
						"6247.307502",
						"1.445610485e-16"
					],
					[
						"6252.040226",
						"1.526702375e-16"
					],
					[
						"6256.772951",
						"1.229265035e-16"
					],
					[
						"6261.505675",
						"1.637545371e-16"
					],
					[
						"6266.2384",
						"1.306175097e-16"
					],
					[
						"6270.971124",
						"1.527841634e-16"
					],
					[
						"6275.703849",
						"1.499244611e-16"
					],
					[
						"6280.436574",
						"2.182744613e-16"
					],
					[
						"6285.169298",
						"2.314270565e-16"
					],
					[
						"6289.902023",
						"2.452445462e-16"
					],
					[
						"6294.634747",
						"2.270578488e-16"
					],
					[
						"6299.367472",
						"2.138492038e-16"
					],
					[
						"6304.100197",
						"2.102305467e-16"
					],
					[
						"6308.832921",
						"1.983409702e-16"
					],
					[
						"6313.565646",
						"1.991063042e-16"
					],
					[
						"6318.29837",
						"1.925869828e-16"
					],
					[
						"6323.031095",
						"1.804810555e-16"
					],
					[
						"6327.763819",
						"1.832923579e-16"
					],
					[
						"6332.496544",
						"1.854600211e-16"
					],
					[
						"6337.229269",
						"1.82002115e-16"
					],
					[
						"6341.961993",
						"1.710237739e-16"
					],
					[
						"6346.694718",
						"1.767798392e-16"
					],
					[
						"6351.427442",
						"1.851137567e-16"
					],
					[
						"6356.160167",
						"1.905699459e-16"
					],
					[
						"6360.892891",
						"1.824686184e-16"
					],
					[
						"6365.625616",
						"1.620289987e-16"
					],
					[
						"6370.358341",
						"1.624905919e-16"
					],
					[
						"6375.091065",
						"1.688330026e-16"
					],
					[
						"6379.82379",
						"1.758771535e-16"
					],
					[
						"6384.556514",
						"1.791157575e-16"
					],
					[
						"6389.289239",
						"1.805687764e-16"
					],
					[
						"6394.021963",
						"1.728054547e-16"
					],
					[
						"6398.754688",
						"1.713970639e-16"
					],
					[
						"6403.487413",
						"1.640991869e-16"
					],
					[
						"6408.220137",
						"1.639245525e-16"
					],
					[
						"6412.952862",
						"1.865186005e-16"
					],
					[
						"6417.685586",
						"1.852671093e-16"
					],
					[
						"6422.418311",
						"1.907481669e-16"
					],
					[
						"6427.151036",
						"1.973028519e-16"
					],
					[
						"6431.88376",
						"1.949132794e-16"
					],
					[
						"6436.616485",
						"2.026027503e-16"
					],
					[
						"6441.349209",
						"2.024543343e-16"
					],
					[
						"6446.081934",
						"1.999678426e-16"
					],
					[
						"6450.814658",
						"2.021086654e-16"
					],
					[
						"6455.547383",
						"2.104489489e-16"
					],
					[
						"6460.280108",
						"2.122056158e-16"
					],
					[
						"6465.012832",
						"2.11548305e-16"
					],
					[
						"6469.745557",
						"1.96266216e-16"
					],
					[
						"6474.478281",
						"1.91011475e-16"
					],
					[
						"6479.211006",
						"1.894154929e-16"
					],
					[
						"6483.94373",
						"1.899024971e-16"
					],
					[
						"6488.676455",
						"2.019378824e-16"
					],
					[
						"6493.40918",
						"2.106813535e-16"
					],
					[
						"6498.141904",
						"2.207129103e-16"
					],
					[
						"6502.874629",
						"2.002109543e-16"
					],
					[
						"6507.607353",
						"2.06236707e-16"
					],
					[
						"6512.340078",
						"2.018610274e-16"
					],
					[
						"6517.072803",
						"2.062985404e-16"
					],
					[
						"6521.805527",
						"2.099989626e-16"
					],
					[
						"6526.538252",
						"2.182953724e-16"
					],
					[
						"6531.270976",
						"2.145033118e-16"
					],
					[
						"6536.003701",
						"2.24957763e-16"
					],
					[
						"6540.736425",
						"2.280736002e-16"
					],
					[
						"6545.46915",
						"2.323165999e-16"
					],
					[
						"6550.201875",
						"2.283573562e-16"
					],
					[
						"6554.934599",
						"2.226316252e-16"
					],
					[
						"6559.667324",
						"2.19952685e-16"
					],
					[
						"6564.400048",
						"2.196372843e-16"
					],
					[
						"6569.132773",
						"2.337647616e-16"
					],
					[
						"6573.865497",
						"2.215299133e-16"
					],
					[
						"6578.598222",
						"2.092586426e-16"
					],
					[
						"6583.330947",
						"2.232862758e-16"
					],
					[
						"6588.063671",
						"2.270046975e-16"
					],
					[
						"6592.796396",
						"2.373699985e-16"
					],
					[
						"6597.52912",
						"2.368618846e-16"
					],
					[
						"6602.261845",
						"2.367536762e-16"
					],
					[
						"6606.99457",
						"2.264948366e-16"
					],
					[
						"6611.727294",
						"2.176182754e-16"
					],
					[
						"6616.460019",
						"2.178885319e-16"
					],
					[
						"6621.192743",
						"2.253839794e-16"
					],
					[
						"6625.925468",
						"2.247600073e-16"
					],
					[
						"6630.658192",
						"2.166891465e-16"
					],
					[
						"6635.390917",
						"2.21995252e-16"
					],
					[
						"6640.123642",
						"2.230297572e-16"
					],
					[
						"6644.856366",
						"2.101929729e-16"
					],
					[
						"6649.589091",
						"2.184073396e-16"
					],
					[
						"6654.321815",
						"2.236223626e-16"
					],
					[
						"6659.05454",
						"2.234772553e-16"
					],
					[
						"6663.787264",
						"2.277718976e-16"
					],
					[
						"6668.519989",
						"2.180360083e-16"
					],
					[
						"6673.252714",
						"2.270751865e-16"
					],
					[
						"6677.985438",
						"2.136122066e-16"
					],
					[
						"6682.718163",
						"2.168125883e-16"
					],
					[
						"6687.450887",
						"2.118916313e-16"
					],
					[
						"6692.183612",
						"2.074255839e-16"
					],
					[
						"6696.916337",
						"2.268817983e-16"
					],
					[
						"6701.649061",
						"2.264832693e-16"
					],
					[
						"6706.381786",
						"2.099814793e-16"
					],
					[
						"6711.11451",
						"2.130890844e-16"
					],
					[
						"6715.847235",
						"2.152823439e-16"
					],
					[
						"6720.579959",
						"2.156779877e-16"
					],
					[
						"6725.312684",
						"2.205622708e-16"
					],
					[
						"6730.045409",
						"2.209633806e-16"
					],
					[
						"6734.778133",
						"2.135798341e-16"
					],
					[
						"6739.510858",
						"2.04033389e-16"
					],
					[
						"6744.243582",
						"2.016253802e-16"
					],
					[
						"6748.976307",
						"2.117808288e-16"
					],
					[
						"6753.709031",
						"2.052328406e-16"
					],
					[
						"6758.441756",
						"2.009839248e-16"
					],
					[
						"6763.174481",
						"2.044478925e-16"
					],
					[
						"6767.907205",
						"2.136184667e-16"
					],
					[
						"6772.63993",
						"2.09681987e-16"
					],
					[
						"6777.372654",
						"2.069741815e-16"
					],
					[
						"6782.105379",
						"2.187421823e-16"
					],
					[
						"6786.838104",
						"2.244459698e-16"
					],
					[
						"6791.570828",
						"2.457708978e-16"
					],
					[
						"6796.303553",
						"2.706779016e-16"
					],
					[
						"6801.036277",
						"3.525560767e-16"
					],
					[
						"6805.769002",
						"4.221956316e-16"
					],
					[
						"6810.501726",
						"4.526664243e-16"
					],
					[
						"6815.234451",
						"3.882372337e-16"
					],
					[
						"6819.967176",
						"2.829963282e-16"
					],
					[
						"6824.6999",
						"2.888575844e-16"
					],
					[
						"6829.432625",
						"3.274921865e-16"
					],
					[
						"6834.165349",
						"3.117368178e-16"
					],
					[
						"6838.898074",
						"2.512736738e-16"
					],
					[
						"6843.630798",
						"2.148937278e-16"
					],
					[
						"6848.363523",
						"2.072280399e-16"
					],
					[
						"6853.096248",
						"1.916060922e-16"
					],
					[
						"6857.828972",
						"1.954006409e-16"
					],
					[
						"6862.561697",
						"1.758942133e-16"
					],
					[
						"6867.294421",
						"1.521303202e-16"
					],
					[
						"6872.027146",
						"1.509244232e-16"
					],
					[
						"6876.759871",
						"1.561241864e-16"
					],
					[
						"6881.492595",
						"1.318950869e-16"
					],
					[
						"6886.22532",
						"1.588051118e-16"
					],
					[
						"6890.958044",
						"1.734626464e-16"
					],
					[
						"6895.690769",
						"1.650058959e-16"
					],
					[
						"6900.423493",
						"1.767473211e-16"
					],
					[
						"6905.156218",
						"1.687241191e-16"
					],
					[
						"6909.888943",
						"1.663099561e-16"
					],
					[
						"6914.621667",
						"1.828921216e-16"
					],
					[
						"6919.354392",
						"1.761591361e-16"
					],
					[
						"6924.087116",
						"1.761256386e-16"
					],
					[
						"6928.819841",
						"1.769563794e-16"
					],
					[
						"6933.552565",
						"1.652026061e-16"
					],
					[
						"6938.28529",
						"1.587681203e-16"
					],
					[
						"6943.018015",
						"1.753785688e-16"
					],
					[
						"6947.750739",
						"1.77566349e-16"
					],
					[
						"6952.483464",
						"1.752433214e-16"
					],
					[
						"6957.216188",
						"1.812838972e-16"
					],
					[
						"6961.948913",
						"2.093453576e-16"
					],
					[
						"6966.681638",
						"2.305625271e-16"
					],
					[
						"6971.414362",
						"2.430748448e-16"
					],
					[
						"6976.147087",
						"2.34663543e-16"
					],
					[
						"6980.879811",
						"2.106676554e-16"
					],
					[
						"6985.612536",
						"2.0152502e-16"
					],
					[
						"6990.34526",
						"1.910299245e-16"
					],
					[
						"6995.077985",
						"1.692018325e-16"
					],
					[
						"6999.81071",
						"1.543235399e-16"
					],
					[
						"7004.543434",
						"1.592841752e-16"
					],
					[
						"7009.276159",
						"1.60134133e-16"
					],
					[
						"7014.008883",
						"1.599168161e-16"
					],
					[
						"7018.741608",
						"1.541126552e-16"
					],
					[
						"7023.474332",
						"1.673958259e-16"
					],
					[
						"7028.207057",
						"1.750357587e-16"
					],
					[
						"7032.939782",
						"1.711002451e-16"
					],
					[
						"7037.672506",
						"1.649276248e-16"
					],
					[
						"7042.405231",
						"1.753829892e-16"
					],
					[
						"7047.137955",
						"1.834650335e-16"
					],
					[
						"7051.87068",
						"1.739300366e-16"
					],
					[
						"7056.603405",
						"1.745766139e-16"
					],
					[
						"7061.336129",
						"1.746307578e-16"
					],
					[
						"7066.068854",
						"1.765981903e-16"
					],
					[
						"7070.801578",
						"1.831195235e-16"
					],
					[
						"7075.534303",
						"1.747422088e-16"
					],
					[
						"7080.267027",
						"1.92137698e-16"
					],
					[
						"7084.999752",
						"1.86979532e-16"
					],
					[
						"7089.732477",
						"1.715205058e-16"
					],
					[
						"7094.465201",
						"1.846488282e-16"
					],
					[
						"7099.197926",
						"1.785320989e-16"
					],
					[
						"7103.93065",
						"1.684623859e-16"
					],
					[
						"7108.663375",
						"1.754028283e-16"
					],
					[
						"7113.396099",
						"1.724498597e-16"
					],
					[
						"7118.128824",
						"1.746727389e-16"
					],
					[
						"7122.861549",
						"1.814824735e-16"
					],
					[
						"7127.594273",
						"1.705780493e-16"
					],
					[
						"7132.326998",
						"1.816642282e-16"
					],
					[
						"7137.059722",
						"1.789875512e-16"
					],
					[
						"7141.792447",
						"1.654156481e-16"
					],
					[
						"7146.525172",
						"1.714141237e-16"
					],
					[
						"7151.257896",
						"1.797791167e-16"
					],
					[
						"7155.990621",
						"1.071518383e-16"
					],
					[
						"7160.723345",
						"1.273627459e-16"
					],
					[
						"7165.45607",
						"1.514555923e-16"
					],
					[
						"7170.188794",
						"1.267229052e-16"
					],
					[
						"7174.921519",
						"1.190704522e-16"
					],
					[
						"7179.654244",
						"1.179263886e-16"
					],
					[
						"7184.386968",
						"1.150699023e-16"
					],
					[
						"7189.119693",
						"1.093338217e-16"
					],
					[
						"7193.852417",
						"1.144172635e-16"
					],
					[
						"7198.585142",
						"1.126586245e-16"
					],
					[
						"7203.317866",
						"1.182801969e-16"
					],
					[
						"7208.050591",
						"1.373212329e-16"
					],
					[
						"7212.783316",
						"1.48324032e-16"
					],
					[
						"7217.51604",
						"1.544800293e-16"
					],
					[
						"7222.248765",
						"1.475869678e-16"
					],
					[
						"7226.981489",
						"1.525848857e-16"
					],
					[
						"7231.714214",
						"1.557960273e-16"
					],
					[
						"7236.446939",
						"1.320293019e-16"
					],
					[
						"7241.179663",
						"1.185625103e-16"
					],
					[
						"7245.912388",
						"1.320715212e-16"
					],
					[
						"7250.645112",
						"1.315193484e-16"
					],
					[
						"7255.377837",
						"1.206794574e-16"
					],
					[
						"7260.110561",
						"1.301582988e-16"
					],
					[
						"7264.843286",
						"1.403756469e-16"
					],
					[
						"7269.576011",
						"1.30007646e-16"
					],
					[
						"7274.308735",
						"1.277115647e-16"
					],
					[
						"7279.04146",
						"1.28172258e-16"
					],
					[
						"7283.774184",
						"1.415494228e-16"
					],
					[
						"7288.506909",
						"1.389825556e-16"
					],
					[
						"7293.239633",
						"1.346522585e-16"
					],
					[
						"7297.972358",
						"1.397822209e-16"
					],
					[
						"7302.705083",
						"1.42675659e-16"
					],
					[
						"7307.437807",
						"1.35651903e-16"
					],
					[
						"7312.170532",
						"1.29959021e-16"
					],
					[
						"7316.903256",
						"1.500856091e-16"
					],
					[
						"7321.635981",
						"1.670649139e-16"
					],
					[
						"7326.368706",
						"1.598982079e-16"
					],
					[
						"7331.10143",
						"1.708537188e-16"
					],
					[
						"7335.834155",
						"1.608128579e-16"
					],
					[
						"7340.566879",
						"1.606377338e-16"
					],
					[
						"7345.299604",
						"1.612682969e-16"
					],
					[
						"7350.032328",
						"1.695569378e-16"
					],
					[
						"7354.765053",
						"1.667101395e-16"
					],
					[
						"7359.497778",
						"1.616503882e-16"
					],
					[
						"7364.230502",
						"1.569365042e-16"
					],
					[
						"7368.963227",
						"1.542461291e-16"
					],
					[
						"7373.695951",
						"1.537622747e-16"
					],
					[
						"7378.428676",
						"1.513444059e-16"
					],
					[
						"7383.1614",
						"1.694380885e-16"
					],
					[
						"7387.894125",
						"1.660162077e-16"
					],
					[
						"7392.62685",
						"1.631801429e-16"
					],
					[
						"7397.359574",
						"1.534606781e-16"
					],
					[
						"7402.092299",
						"1.620036406e-16"
					],
					[
						"7406.825023",
						"1.642894649e-16"
					],
					[
						"7411.557748",
						"1.48422129e-16"
					],
					[
						"7416.290473",
						"1.600337464e-16"
					],
					[
						"7421.023197",
						"1.806521562e-16"
					],
					[
						"7425.755922",
						"1.86582975e-16"
					],
					[
						"7430.488646",
						"1.731508721e-16"
					],
					[
						"7435.221371",
						"1.608164842e-16"
					],
					[
						"7439.954095",
						"1.700234015e-16"
					],
					[
						"7444.68682",
						"1.643783107e-16"
					],
					[
						"7449.419545",
						"1.668158598e-16"
					],
					[
						"7454.152269",
						"1.743856212e-16"
					],
					[
						"7458.884994",
						"1.895079783e-16"
					],
					[
						"7463.617718",
						"1.926518602e-16"
					],
					[
						"7468.350443",
						"1.855200943e-16"
					],
					[
						"7473.083167",
						"1.71467553e-16"
					],
					[
						"7477.815892",
						"1.846086471e-16"
					],
					[
						"7482.548617",
						"1.868178546e-16"
					],
					[
						"7487.281341",
						"1.712409055e-16"
					],
					[
						"7492.014066",
						"1.728036151e-16"
					],
					[
						"7496.74679",
						"1.817157781e-16"
					],
					[
						"7501.479515",
						"1.783363681e-16"
					],
					[
						"7506.21224",
						"1.748123008e-16"
					],
					[
						"7510.944964",
						"1.900597409e-16"
					],
					[
						"7515.677689",
						"1.903000732e-16"
					],
					[
						"7520.410413",
						"1.903767826e-16"
					],
					[
						"7525.143138",
						"1.866905614e-16"
					],
					[
						"7529.875862",
						"1.808746876e-16"
					],
					[
						"7534.608587",
						"1.780669852e-16"
					],
					[
						"7539.341312",
						"1.83417057e-16"
					],
					[
						"7544.074036",
						"1.860238671e-16"
					],
					[
						"7548.806761",
						"1.859021326e-16"
					],
					[
						"7553.539485",
						"1.851735519e-16"
					],
					[
						"7558.27221",
						"1.834734509e-16"
					],
					[
						"7563.004934",
						"1.798538144e-16"
					],
					[
						"7567.737659",
						"1.717875991e-16"
					],
					[
						"7572.470384",
						"1.762055509e-16"
					],
					[
						"7577.203108",
						"1.770561175e-16"
					],
					[
						"7581.935833",
						"1.730020061e-16"
					],
					[
						"7586.668557",
						"1.463253916e-16"
					],
					[
						"7591.401282",
						"1.068095245e-16"
					],
					[
						"7596.134007",
						"6.669674408e-17"
					],
					[
						"7600.866731",
						"3.420320695e-17"
					],
					[
						"7605.599456",
						"3.25024409e-17"
					],
					[
						"7610.33218",
						"5.255074461e-17"
					],
					[
						"7615.064905",
						"7.687677647e-17"
					],
					[
						"7619.797629",
						"8.960171273e-17"
					],
					[
						"7624.530354",
						"7.473916309e-17"
					],
					[
						"7629.263079",
						"5.974418515e-17"
					],
					[
						"7633.995803",
						"6.380858672e-17"
					],
					[
						"7638.728528",
						"7.835461073e-17"
					],
					[
						"7643.461252",
						"9.798140306e-17"
					],
					[
						"7648.193977",
						"1.139409001e-16"
					],
					[
						"7652.926701",
						"1.37466552e-16"
					],
					[
						"7657.659426",
						"1.37622684e-16"
					],
					[
						"7662.392151",
						"1.42222589e-16"
					],
					[
						"7667.124875",
						"1.562354521e-16"
					],
					[
						"7671.8576",
						"1.634227517e-16"
					],
					[
						"7676.590324",
						"1.743553662e-16"
					],
					[
						"7681.323049",
						"1.849864238e-16"
					],
					[
						"7686.055774",
						"1.850567011e-16"
					],
					[
						"7690.788498",
						"1.831582885e-16"
					],
					[
						"7695.521223",
						"1.7571361e-16"
					],
					[
						"7700.253947",
						"1.922102649e-16"
					],
					[
						"7704.986672",
						"2.237923251e-16"
					],
					[
						"7709.719396",
						"1.950909445e-16"
					],
					[
						"7714.452121",
						"1.9160862e-16"
					],
					[
						"7719.184846",
						"1.885301449e-16"
					],
					[
						"7723.91757",
						"1.933496301e-16"
					],
					[
						"7728.650295",
						"1.823088865e-16"
					],
					[
						"7733.383019",
						"1.911448298e-16"
					],
					[
						"7738.115744",
						"1.983487391e-16"
					],
					[
						"7742.848468",
						"1.707575144e-16"
					],
					[
						"7747.581193",
						"1.827230723e-16"
					],
					[
						"7752.313918",
						"1.882840819e-16"
					],
					[
						"7757.046642",
						"1.746144259e-16"
					],
					[
						"7761.779367",
						"1.894579107e-16"
					],
					[
						"7766.512091",
						"1.890141316e-16"
					],
					[
						"7771.244816",
						"1.822349961e-16"
					],
					[
						"7775.977541",
						"1.837025601e-16"
					],
					[
						"7780.710265",
						"2.164217223e-16"
					],
					[
						"7785.44299",
						"2.021127947e-16"
					],
					[
						"7790.175714",
						"1.777228119e-16"
					],
					[
						"7794.908439",
						"1.980449587e-16"
					],
					[
						"7799.641163",
						"1.939242493e-16"
					],
					[
						"7804.373888",
						"1.796767978e-16"
					],
					[
						"7809.106613",
						"2.071428205e-16"
					],
					[
						"7813.839337",
						"1.987572605e-16"
					],
					[
						"7818.572062",
						"1.855877775e-16"
					],
					[
						"7823.304786",
						"1.832295186e-16"
					],
					[
						"7828.037511",
						"1.914981484e-16"
					],
					[
						"7832.770235",
						"1.814790854e-16"
					],
					[
						"7837.50296",
						"1.982143917e-16"
					],
					[
						"7842.235685",
						"1.997901245e-16"
					],
					[
						"7846.968409",
						"2.185983852e-16"
					],
					[
						"7851.701134",
						"1.889456047e-17"
					],
					[
						"7856.433858",
						"-9.512022833e-18"
					],
					[
						"7861.166583",
						"1.9821508e-16"
					],
					[
						"7865.899308",
						"1.804107915e-16"
					],
					[
						"7870.632032",
						"1.847484208e-16"
					],
					[
						"7875.364757",
						"2.011881127e-16"
					],
					[
						"7880.097481",
						"1.911985105e-16"
					],
					[
						"7884.830206",
						"1.697777487e-16"
					],
					[
						"7889.56293",
						"1.571054741e-16"
					],
					[
						"7894.295655",
						"1.594824206e-16"
					],
					[
						"7899.02838",
						"2.125979376e-16"
					],
					[
						"7903.761104",
						"2.078850066e-16"
					],
					[
						"7908.493829",
						"1.824769828e-16"
					],
					[
						"7913.226553",
						"1.77900477e-16"
					],
					[
						"7917.959278",
						"1.690529135e-16"
					],
					[
						"7922.692002",
						"1.670165933e-16"
					],
					[
						"7927.424727",
						"1.825567495e-16"
					],
					[
						"7932.157452",
						"1.923012547e-16"
					],
					[
						"7936.890176",
						"1.795364021e-16"
					],
					[
						"7941.622901",
						"1.779036666e-16"
					],
					[
						"7946.355625",
						"1.820388682e-16"
					],
					[
						"7951.08835",
						"2.026185528e-16"
					],
					[
						"7955.821075",
						"1.706557248e-16"
					],
					[
						"7960.553799",
						"1.533037917e-16"
					],
					[
						"7965.286524",
						"1.810978676e-16"
					],
					[
						"7970.019248",
						"1.831243013e-16"
					],
					[
						"7974.751973",
						"1.846039619e-16"
					],
					[
						"7979.484697",
						"1.864628684e-16"
					],
					[
						"7984.217422",
						"1.87274498e-16"
					],
					[
						"7988.950147",
						"2.040634454e-16"
					],
					[
						"7993.682871",
						"1.828956818e-16"
					],
					[
						"7998.415596",
						"1.742512738e-16"
					],
					[
						"8003.14832",
						"1.31700984e-16"
					],
					[
						"8007.881045",
						"7.204541303e-17"
					],
					[
						"8012.613769",
						"1.734283548e-16"
					],
					[
						"8017.346494",
						"1.977896444e-16"
					],
					[
						"8022.079219",
						"1.722159066e-16"
					],
					[
						"8026.811943",
						"1.697789398e-16"
					],
					[
						"8031.544668",
						"1.737244987e-16"
					],
					[
						"8036.277392",
						"1.715847214e-16"
					],
					[
						"8041.010117",
						"1.668102217e-16"
					],
					[
						"8045.742842",
						"1.790016066e-16"
					],
					[
						"8050.475566",
						"2.018366223e-16"
					],
					[
						"8055.208291",
						"1.937030413e-16"
					],
					[
						"8059.941015",
						"1.784094909e-16"
					],
					[
						"8064.67374",
						"1.870918036e-16"
					],
					[
						"8069.406464",
						"1.920241294e-16"
					],
					[
						"8074.139189",
						"1.841531816e-16"
					],
					[
						"8078.871914",
						"1.854340278e-16"
					],
					[
						"8083.604638",
						"1.786041232e-16"
					],
					[
						"8088.337363",
						"1.779671809e-16"
					],
					[
						"8093.070087",
						"1.850116495e-16"
					],
					[
						"8097.802812",
						"1.826694975e-16"
					],
					[
						"8102.535536",
						"1.823159274e-16"
					],
					[
						"8107.268261",
						"1.80967901e-16"
					],
					[
						"8112.000986",
						"1.76147807e-16"
					],
					[
						"8116.73371",
						"1.838102656e-16"
					],
					[
						"8121.466435",
						"1.635666149e-16"
					],
					[
						"8126.199159",
						"1.481057358e-16"
					],
					[
						"8130.931884",
						"1.595839719e-16"
					],
					[
						"8135.664609",
						"1.688207735e-16"
					],
					[
						"8140.397333",
						"1.485353006e-16"
					],
					[
						"8145.130058",
						"1.391895493e-16"
					],
					[
						"8149.862782",
						"1.405799539e-16"
					],
					[
						"8154.595507",
						"1.379834538e-16"
					],
					[
						"8159.328231",
						"1.51454679e-16"
					],
					[
						"8164.060956",
						"1.693580439e-16"
					],
					[
						"8168.793681",
						"1.872029502e-16"
					],
					[
						"8173.526405",
						"1.978825269e-16"
					],
					[
						"8178.25913",
						"1.773830193e-16"
					],
					[
						"8182.991854",
						"2.174992408e-16"
					],
					[
						"8187.724579",
						"2.553363349e-16"
					],
					[
						"8192.457303",
						"2.035712002e-16"
					],
					[
						"8197.190028",
						"2.072911968e-16"
					],
					[
						"8201.922753",
						"2.2551879e-16"
					],
					[
						"8206.655477",
						"1.997589431e-16"
					],
					[
						"8211.388202",
						"1.71498655e-16"
					],
					[
						"8216.120926",
						"1.582584447e-16"
					],
					[
						"8220.853651",
						"1.51772859e-16"
					],
					[
						"8225.586376",
						"1.579262093e-16"
					],
					[
						"8230.3191",
						"1.707357959e-16"
					],
					[
						"8235.051825",
						"1.799425411e-16"
					],
					[
						"8239.784549",
						"1.883069121e-16"
					],
					[
						"8244.517274",
						"2.034639975e-16"
					],
					[
						"8249.249998",
						"2.390698083e-16"
					]
				],
				"source":"9"
			}
		]
	}
}