{
	"ASASSN-15pm":{
		"schema":"https://github.com/astrocatalogs/supernovae/blob/a0bc0b9/SCHEMA.md",
		"name":"ASASSN-15pm",
		"sources":[
			{
				"name":"2016A&A...594A..13P",
				"bibcode":"2016A&A...594A..13P",
				"reference":"Planck Collaboration et al. (2016)",
				"alias":"1"
			},
			{
				"name":"ATel 8041",
				"bibcode":"2015ATel.8041....1B",
				"reference":"Brimacombe et al. (2015)",
				"url":"http://www.astronomerstelegram.org/?read=8041",
				"alias":"2"
			},
			{
				"name":"2015ATel.8072....1Z",
				"bibcode":"2015ATel.8072....1Z",
				"reference":"Zinn et al. (2015)",
				"alias":"3"
			},
			{
				"name":"2011ApJ...737..103S",
				"bibcode":"2011ApJ...737..103S",
				"reference":"Schlafly & Finkbeiner (2011)",
				"alias":"4"
			},
			{
				"name":"Pan-STARRS 3Pi",
				"url":"http://psweb.mp.qub.ac.uk/ps1threepi/psdb/",
				"alias":"5"
			},
			{
				"name":"ASAS-SN Supernovae",
				"url":"http://www.astronomy.ohio-state.edu/~assassin/sn_list.html",
				"alias":"6"
			},
			{
				"name":"Latest Supernovae",
				"secondary":true,
				"url":"http://www.rochesterastronomy.org/snimages/snredshiftall.html",
				"alias":"7"
			},
			{
				"name":"The Open Supernova Catalog",
				"bibcode":"2017ApJ...835...64G",
				"reference":"Guillochon et al. (2017)",
				"secondary":true,
				"url":"https://sne.space",
				"alias":"8"
			},
			{
				"name":"SIMBAD astronomical database",
				"bibcode":"2000A&AS..143....9W",
				"reference":"Wenger et al. (2000)",
				"secondary":true,
				"url":"http://simbad.u-strasbg.fr/",
				"alias":"9"
			}
		],
		"alias":[
			{
				"value":"ASASSN-15pm",
				"source":"2,5,7,9"
			},
			{
				"value":"PS15ckl",
				"source":"2,5,6"
			},
			{
				"value":"CSS150913:013836-044047",
				"source":"2,5,7"
			}
		],
		"claimedtype":[
			{
				"value":"Ia",
				"source":"2,3,5,6,7,9"
			}
		],
		"comovingdist":[
			{
				"value":"213.44",
				"derived":true,
				"u_value":"Mpc",
				"source":"1,2,6,7,8"
			}
		],
		"dec":[
			{
				"value":"-04:40:48.04",
				"u_value":"degrees",
				"source":"2,9"
			},
			{
				"value":"-04:40:48.0",
				"u_value":"degrees",
				"source":"2,7"
			},
			{
				"value":"-04:40:47.3",
				"u_value":"degrees",
				"source":"2,5"
			},
			{
				"value":"-04:40:48.036",
				"u_value":"degrees",
				"source":"2,6"
			}
		],
		"discoverdate":[
			{
				"value":"2015/09/11",
				"source":"2,7"
			}
		],
		"discoverer":[
			{
				"value":"ASAS-SN",
				"source":"2,7"
			}
		],
		"ebv":[
			{
				"value":"0.0258",
				"derived":true,
				"e_value":"0.0012",
				"source":"4,8"
			}
		],
		"host":[
			{
				"value":"NVSS J013836-044049",
				"source":"2,5"
			},
			{
				"value":"2MASX J01383676-0440581",
				"source":"2,6"
			}
		],
		"hostdec":[
			{
				"value":"-04:40:49",
				"derived":true,
				"u_value":"degrees",
				"source":"8"
			}
		],
		"hostoffsetang":[
			{
				"value":"14.21",
				"u_value":"arcseconds",
				"source":"2,6"
			}
		],
		"hostoffsetdist":[
			{
				"value":"14.02",
				"source":"1,2,6,7,8,9"
			}
		],
		"hostra":[
			{
				"value":"01:38:36",
				"derived":true,
				"u_value":"hours",
				"source":"8"
			}
		],
		"lumdist":[
			{
				"value":"223.849",
				"derived":true,
				"u_value":"Mpc",
				"source":"1,2,6,7,8"
			}
		],
		"maxabsmag":[
			{
				"value":"-19.4981",
				"derived":true,
				"source":"1,2,6,7,8"
			}
		],
		"maxappmag":[
			{
				"value":"17.2",
				"derived":true,
				"source":"2,7,8"
			}
		],
		"maxdate":[
			{
				"value":"2015/09/12",
				"derived":true,
				"source":"2,7,8"
			}
		],
		"maxvisualabsmag":[
			{
				"value":"-19.5498",
				"derived":true,
				"source":"1,2,6,7,8"
			}
		],
		"maxvisualappmag":[
			{
				"value":"17.2",
				"derived":true,
				"source":"2,7,8"
			}
		],
		"maxvisualdate":[
			{
				"value":"2015/09/12",
				"derived":true,
				"source":"2,7,8"
			}
		],
		"ra":[
			{
				"value":"01:38:36.080",
				"u_value":"hours",
				"source":"2,9"
			},
			{
				"value":"01:38:36.08",
				"u_value":"hours",
				"source":"2,7"
			},
			{
				"value":"01:38:36.10",
				"u_value":"hours",
				"source":"2,5"
			},
			{
				"value":"01:38:36.072",
				"u_value":"hours",
				"source":"2,6"
			}
		],
		"redshift":[
			{
				"value":"0.048784",
				"source":"2,6,7"
			}
		],
		"velocity":[
			{
				"value":"14269",
				"u_value":"km/s",
				"source":"8"
			}
		],
		"photometry":[
			{
				"time":"57277.5",
				"magnitude":"17.2",
				"u_time":"MJD",
				"source":"2,7"
			},
			{
				"time":"57288.4365209908",
				"band":"i",
				"e_magnitude":"0.0258588",
				"instrument":"GPC",
				"magnitude":"18.3946",
				"telescope":"Pan-STARRS1",
				"u_time":"MJD",
				"source":"2,5"
			},
			{
				"time":"57288.4487454431",
				"band":"i",
				"e_magnitude":"0.0284051",
				"instrument":"GPC",
				"magnitude":"18.4032",
				"telescope":"Pan-STARRS1",
				"u_time":"MJD",
				"source":"2,5"
			},
			{
				"time":"57288.4609069684",
				"band":"i",
				"e_magnitude":"0.0249054",
				"instrument":"GPC",
				"magnitude":"18.3488",
				"telescope":"Pan-STARRS1",
				"u_time":"MJD",
				"source":"2,5"
			},
			{
				"time":"57288.4730570727",
				"band":"i",
				"e_magnitude":"0.0219641",
				"instrument":"GPC",
				"magnitude":"18.3798",
				"telescope":"Pan-STARRS1",
				"u_time":"MJD",
				"source":"2,5"
			},
			{
				"time":"57290.49606441",
				"band":"i",
				"e_magnitude":"0.114776",
				"instrument":"GPC",
				"magnitude":"18.7982",
				"telescope":"Pan-STARRS1",
				"u_time":"MJD",
				"source":"2,5"
			},
			{
				"time":"57290.5077532333",
				"band":"i",
				"e_magnitude":"0.12289",
				"instrument":"GPC",
				"magnitude":"18.7307",
				"telescope":"Pan-STARRS1",
				"u_time":"MJD",
				"source":"2,5"
			},
			{
				"time":"57290.5194436768",
				"band":"i",
				"e_magnitude":"0.118225",
				"instrument":"GPC",
				"magnitude":"18.7871",
				"telescope":"Pan-STARRS1",
				"u_time":"MJD",
				"source":"2,5"
			},
			{
				"time":"57290.5323451436",
				"band":"i",
				"e_magnitude":"0.113713",
				"instrument":"GPC",
				"magnitude":"18.7536",
				"telescope":"Pan-STARRS1",
				"u_time":"MJD",
				"source":"2,5"
			},
			{
				"time":"57357.3030762584",
				"band":"w",
				"e_magnitude":"0.0529287",
				"instrument":"GPC",
				"magnitude":"20.3675",
				"telescope":"Pan-STARRS1",
				"u_time":"MJD",
				"source":"2,5"
			},
			{
				"time":"57357.3150237966",
				"band":"w",
				"e_magnitude":"0.0504758",
				"instrument":"GPC",
				"magnitude":"20.3456",
				"telescope":"Pan-STARRS1",
				"u_time":"MJD",
				"source":"2,5"
			},
			{
				"time":"57357.3269925271",
				"band":"w",
				"e_magnitude":"0.04358",
				"instrument":"GPC",
				"magnitude":"20.3113",
				"telescope":"Pan-STARRS1",
				"u_time":"MJD",
				"source":"2,5"
			},
			{
				"time":"57357.3389283178",
				"band":"w",
				"e_magnitude":"0.043842",
				"instrument":"GPC",
				"magnitude":"20.3324",
				"telescope":"Pan-STARRS1",
				"u_time":"MJD",
				"source":"2,5"
			}
		]
	}
}