{
	"ASASSN-15sx":{
		"schema":"https://github.com/astrocatalogs/supernovae/blob/a0bc0b9/SCHEMA.md",
		"name":"ASASSN-15sx",
		"sources":[
			{
				"name":"2016A&A...594A..13P",
				"bibcode":"2016A&A...594A..13P",
				"reference":"Planck Collaboration et al. (2016)",
				"alias":"1"
			},
			{
				"name":"ATel 8302",
				"bibcode":"2015ATel.8302....1B",
				"reference":"Brimacombe et al. (2015)",
				"url":"http://www.astronomerstelegram.org/?read=8302",
				"alias":"2"
			},
			{
				"name":"ATel 8304",
				"bibcode":"2015ATel.8304....1Y",
				"reference":"Yi & Zhang (2015)",
				"url":"http://www.astronomerstelegram.org/?read=8304",
				"alias":"3"
			},
			{
				"name":"2011ApJ...737..103S",
				"bibcode":"2011ApJ...737..103S",
				"reference":"Schlafly & Finkbeiner (2011)",
				"alias":"4"
			},
			{
				"name":"ASAS-SN Supernovae",
				"url":"http://www.astronomy.ohio-state.edu/~assassin/sn_list.html",
				"alias":"5"
			},
			{
				"name":"Latest Supernovae",
				"secondary":true,
				"url":"http://www.rochesterastronomy.org/snimages/snredshiftall.html",
				"alias":"6"
			},
			{
				"name":"The Open Supernova Catalog",
				"bibcode":"2017ApJ...835...64G",
				"reference":"Guillochon et al. (2017)",
				"secondary":true,
				"url":"https://sne.space",
				"alias":"7"
			}
		],
		"alias":[
			{
				"value":"ASASSN-15sx",
				"source":"2,5,6"
			}
		],
		"claimedtype":[
			{
				"value":"Ia",
				"source":"2,3,5,6"
			}
		],
		"comovingdist":[
			{
				"value":"152.82",
				"derived":true,
				"u_value":"Mpc",
				"source":"1,2,5,7"
			}
		],
		"dec":[
			{
				"value":"-27:11:35.3",
				"u_value":"degrees",
				"source":"2,6"
			},
			{
				"value":"-27:11:35.16",
				"u_value":"degrees",
				"source":"2,5"
			}
		],
		"discoverdate":[
			{
				"value":"2015/11/19",
				"source":"2,6"
			}
		],
		"discoverer":[
			{
				"value":"ASAS-SN",
				"source":"2,6"
			}
		],
		"ebv":[
			{
				"value":"0.0179",
				"derived":true,
				"e_value":"0.0005",
				"source":"4,7"
			}
		],
		"host":[
			{
				"value":"ESO 472-G18",
				"source":"2,6"
			},
			{
				"value":"ESO 472-G018",
				"source":"2,5"
			}
		],
		"hostoffsetang":[
			{
				"value":"11.8",
				"u_value":"arcseconds",
				"source":"2,5"
			}
		],
		"lumdist":[
			{
				"value":"158.143",
				"derived":true,
				"u_value":"Mpc",
				"source":"1,2,5,7"
			}
		],
		"maxabsmag":[
			{
				"value":"-19.5581",
				"derived":true,
				"source":"1,2,5,7"
			}
		],
		"maxappmag":[
			{
				"value":"16.4",
				"derived":true,
				"source":"2,6,7"
			}
		],
		"maxdate":[
			{
				"value":"2015/11/18",
				"derived":true,
				"source":"2,6,7"
			}
		],
		"maxvisualabsmag":[
			{
				"value":"-19.5952",
				"derived":true,
				"source":"1,2,5,7"
			}
		],
		"maxvisualappmag":[
			{
				"value":"16.4",
				"derived":true,
				"source":"2,6,7"
			}
		],
		"maxvisualdate":[
			{
				"value":"2015/11/18",
				"derived":true,
				"source":"2,6,7"
			}
		],
		"ra":[
			{
				"value":"00:12:14.37",
				"u_value":"hours",
				"source":"2,6"
			},
			{
				"value":"00:12:14.366",
				"u_value":"hours",
				"source":"2,5"
			}
		],
		"redshift":[
			{
				"value":"0.034814",
				"source":"2,5"
			}
		],
		"velocity":[
			{
				"value":"10255",
				"u_value":"km/s",
				"source":"7"
			}
		],
		"photometry":[
			{
				"time":"57344.5",
				"magnitude":"16.4",
				"u_time":"MJD",
				"source":"2,6"
			}
		]
	}
}