{
	"ASASSN-15ta":{
		"schema":"https://github.com/astrocatalogs/supernovae/blob/a0bc0b9/SCHEMA.md",
		"name":"ASASSN-15ta",
		"sources":[
			{
				"name":"2016A&A...594A..13P",
				"bibcode":"2016A&A...594A..13P",
				"reference":"Planck Collaboration et al. (2016)",
				"alias":"1"
			},
			{
				"name":"2015ATel.8313....1H",
				"bibcode":"2015ATel.8313....1H",
				"reference":"Holoien et al. (2015)",
				"alias":"2"
			},
			{
				"name":"2015ATel.8325....1K",
				"bibcode":"2015ATel.8325....1K",
				"reference":"Kuncarayakti et al. (2015)",
				"alias":"3"
			},
			{
				"name":"2011ApJ...737..103S",
				"bibcode":"2011ApJ...737..103S",
				"reference":"Schlafly & Finkbeiner (2011)",
				"alias":"4"
			},
			{
				"name":"ASAS-SN Supernovae",
				"url":"http://www.astronomy.ohio-state.edu/~assassin/sn_list.html",
				"alias":"5"
			},
			{
				"name":"Latest Supernovae",
				"secondary":true,
				"url":"http://www.rochesterastronomy.org/snimages/snredshiftall.html",
				"alias":"6"
			},
			{
				"name":"The Open Supernova Catalog",
				"bibcode":"2017ApJ...835...64G",
				"reference":"Guillochon et al. (2017)",
				"secondary":true,
				"url":"https://sne.space",
				"alias":"7"
			},
			{
				"name":"WISeREP",
				"bibcode":"2012PASP..124..668Y",
				"reference":"Yaron & Gal-Yam (2012)",
				"secondary":true,
				"url":"http://wiserep.weizmann.ac.il/",
				"alias":"8"
			},
			{
				"name":"SIMBAD astronomical database",
				"bibcode":"2000A&AS..143....9W",
				"reference":"Wenger et al. (2000)",
				"secondary":true,
				"url":"http://simbad.u-strasbg.fr/",
				"alias":"9"
			}
		],
		"alias":[
			{
				"value":"ASASSN-15ta",
				"source":"2,5,6,8,9"
			}
		],
		"claimedtype":[
			{
				"value":"Ib",
				"source":"2,3,5,6,8,9"
			}
		],
		"comovingdist":[
			{
				"value":"66",
				"derived":true,
				"u_value":"Mpc",
				"source":"1,2,5,6,7,8"
			}
		],
		"dec":[
			{
				"value":"-61:57:03.42",
				"u_value":"degrees",
				"source":"2,9"
			},
			{
				"value":"-61:57:03.4",
				"u_value":"degrees",
				"source":"2,6"
			},
			{
				"value":"-61:57:03.6",
				"u_value":"degrees",
				"source":"2,5"
			}
		],
		"discoverdate":[
			{
				"value":"2015/11/14",
				"source":"2,6"
			}
		],
		"discoverer":[
			{
				"value":"ASAS-SN",
				"source":"2,6"
			}
		],
		"ebv":[
			{
				"value":"0.043",
				"derived":true,
				"e_value":"0.0009",
				"source":"4,7"
			}
		],
		"host":[
			{
				"value":"GALEXASC J202933.17-615703.5",
				"source":"2,5"
			}
		],
		"hostdec":[
			{
				"value":"-61:57:03.5",
				"derived":true,
				"u_value":"degrees",
				"source":"7"
			}
		],
		"hostoffsetang":[
			{
				"value":"1.23",
				"u_value":"arcseconds",
				"source":"2,5"
			}
		],
		"hostoffsetdist":[
			{
				"value":"0.388",
				"source":"1,2,5,6,7,8,9"
			}
		],
		"hostra":[
			{
				"value":"20:29:33.17",
				"derived":true,
				"u_value":"hours",
				"source":"7"
			}
		],
		"lumdist":[
			{
				"value":"67.1",
				"derived":true,
				"u_value":"Mpc",
				"source":"1,2,5,6,7,8"
			}
		],
		"maxabsmag":[
			{
				"value":"-17.3",
				"derived":true,
				"source":"1,2,5,6,7,8"
			}
		],
		"maxappmag":[
			{
				"value":"16.8",
				"derived":true,
				"source":"2,6,7"
			}
		],
		"maxdate":[
			{
				"value":"2015/11/13",
				"derived":true,
				"source":"2,6,7"
			}
		],
		"maxvisualabsmag":[
			{
				"value":"-17.3",
				"derived":true,
				"source":"1,2,5,6,7,8"
			}
		],
		"maxvisualappmag":[
			{
				"value":"16.8",
				"derived":true,
				"source":"2,6,7"
			}
		],
		"maxvisualdate":[
			{
				"value":"2015/11/13",
				"derived":true,
				"source":"2,6,7"
			}
		],
		"ra":[
			{
				"value":"20:29:33.030",
				"u_value":"hours",
				"source":"2,9"
			},
			{
				"value":"20:29:33.03",
				"u_value":"hours",
				"source":"2,6"
			},
			{
				"value":"20:29:33.36",
				"u_value":"hours",
				"source":"2,5"
			}
		],
		"redshift":[
			{
				"value":"0.015",
				"source":"2,5,6,8"
			}
		],
		"velocity":[
			{
				"value":"4500",
				"u_value":"km/s",
				"source":"7"
			}
		],
		"photometry":[
			{
				"time":"57339.5",
				"magnitude":"16.8",
				"u_time":"MJD",
				"source":"2,6"
			}
		],
		"spectra":[
			{
				"time":"57349.0",
				"filename":"tASASSN-15ta_20151122_Gr13_Free_slit1.5_1_f.asci",
				"instrument":"ESO-NTT - EFOSC2-NTT",
				"observer":"Harmanen, Kuncarayakti",
				"redshift":"0.015",
				"reducer":"Kangas",
				"reduction":"rapid",
				"survey":"PESSTO",
				"u_fluxes":"erg/s/cm^2/Angstrom",
				"u_time":"MJD",
				"u_wavelengths":"Angstrom",
				"data":[
					[
						"3648.381836",
						"1.41968e-15"
					],
					[
						"3653.900281",
						"1.43162e-15"
					],
					[
						"3659.418726",
						"1.43038e-15"
					],
					[
						"3664.937171",
						"1.42314e-15"
					],
					[
						"3670.455616",
						"1.43649e-15"
					],
					[
						"3675.974061",
						"1.46791e-15"
					],
					[
						"3681.492506",
						"1.44747e-15"
					],
					[
						"3687.010951",
						"1.4094e-15"
					],
					[
						"3692.529396",
						"1.40702e-15"
					],
					[
						"3698.047841",
						"1.39332e-15"
					],
					[
						"3703.566286",
						"1.40238e-15"
					],
					[
						"3709.084731",
						"1.32642e-15"
					],
					[
						"3714.603176",
						"1.40732e-15"
					],
					[
						"3720.121621",
						"1.38939e-15"
					],
					[
						"3725.640066",
						"1.35781e-15"
					],
					[
						"3731.158511",
						"1.38206e-15"
					],
					[
						"3736.676956",
						"1.37448e-15"
					],
					[
						"3742.195401",
						"1.31614e-15"
					],
					[
						"3747.713846",
						"1.32823e-15"
					],
					[
						"3753.232291",
						"1.29209e-15"
					],
					[
						"3758.750736",
						"1.34104e-15"
					],
					[
						"3764.269181",
						"1.50984e-15"
					],
					[
						"3769.787626",
						"1.71782e-15"
					],
					[
						"3775.306071",
						"1.92238e-15"
					],
					[
						"3780.824516",
						"1.97794e-15"
					],
					[
						"3786.342961",
						"2.11355e-15"
					],
					[
						"3791.861406",
						"1.81415e-15"
					],
					[
						"3797.379851",
						"1.40705e-15"
					],
					[
						"3802.898296",
						"1.32322e-15"
					],
					[
						"3808.416741",
						"1.31083e-15"
					],
					[
						"3813.935186",
						"1.36741e-15"
					],
					[
						"3819.453631",
						"1.30625e-15"
					],
					[
						"3824.972076",
						"1.38058e-15"
					],
					[
						"3830.490521",
						"1.37393e-15"
					],
					[
						"3836.008966",
						"1.42529e-15"
					],
					[
						"3841.527411",
						"1.44553e-15"
					],
					[
						"3847.045856",
						"1.41753e-15"
					],
					[
						"3852.564301",
						"1.44923e-15"
					],
					[
						"3858.082747",
						"1.49161e-15"
					],
					[
						"3863.601192",
						"1.48358e-15"
					],
					[
						"3869.119637",
						"1.49871e-15"
					],
					[
						"3874.638082",
						"1.47827e-15"
					],
					[
						"3880.156527",
						"1.53375e-15"
					],
					[
						"3885.674972",
						"1.46987e-15"
					],
					[
						"3891.193417",
						"1.55383e-15"
					],
					[
						"3896.711862",
						"1.56699e-15"
					],
					[
						"3902.230307",
						"1.54887e-15"
					],
					[
						"3907.748752",
						"1.59133e-15"
					],
					[
						"3913.267197",
						"1.65507e-15"
					],
					[
						"3918.785642",
						"1.69402e-15"
					],
					[
						"3924.304087",
						"1.69718e-15"
					],
					[
						"3929.822532",
						"1.72679e-15"
					],
					[
						"3935.340977",
						"1.74598e-15"
					],
					[
						"3940.859422",
						"1.70165e-15"
					],
					[
						"3946.377867",
						"1.68927e-15"
					],
					[
						"3951.896312",
						"1.70818e-15"
					],
					[
						"3957.414757",
						"1.6891e-15"
					],
					[
						"3962.933202",
						"1.67144e-15"
					],
					[
						"3968.451647",
						"1.65229e-15"
					],
					[
						"3973.970092",
						"1.68366e-15"
					],
					[
						"3979.488537",
						"1.68368e-15"
					],
					[
						"3985.006982",
						"1.6664e-15"
					],
					[
						"3990.525427",
						"1.64717e-15"
					],
					[
						"3996.043872",
						"1.61865e-15"
					],
					[
						"4001.562317",
						"1.6814e-15"
					],
					[
						"4007.080762",
						"1.63852e-15"
					],
					[
						"4012.599207",
						"1.63596e-15"
					],
					[
						"4018.117652",
						"1.60178e-15"
					],
					[
						"4023.636097",
						"1.64219e-15"
					],
					[
						"4029.154542",
						"1.69942e-15"
					],
					[
						"4034.672987",
						"1.6726e-15"
					],
					[
						"4040.191432",
						"1.64086e-15"
					],
					[
						"4045.709877",
						"1.5724e-15"
					],
					[
						"4051.228322",
						"1.59522e-15"
					],
					[
						"4056.746767",
						"1.56829e-15"
					],
					[
						"4062.265212",
						"1.57147e-15"
					],
					[
						"4067.783657",
						"1.57598e-15"
					],
					[
						"4073.302102",
						"1.56999e-15"
					],
					[
						"4078.820547",
						"1.5653e-15"
					],
					[
						"4084.338992",
						"1.55035e-15"
					],
					[
						"4089.857437",
						"1.60035e-15"
					],
					[
						"4095.375882",
						"1.6281e-15"
					],
					[
						"4100.894327",
						"1.56731e-15"
					],
					[
						"4106.412772",
						"1.58345e-15"
					],
					[
						"4111.931217",
						"1.55805e-15"
					],
					[
						"4117.449662",
						"1.59254e-15"
					],
					[
						"4122.968107",
						"1.60816e-15"
					],
					[
						"4128.486552",
						"1.58908e-15"
					],
					[
						"4134.004997",
						"1.58284e-15"
					],
					[
						"4139.523442",
						"1.55434e-15"
					],
					[
						"4145.041887",
						"1.55232e-15"
					],
					[
						"4150.560332",
						"1.56513e-15"
					],
					[
						"4156.078777",
						"1.60125e-15"
					],
					[
						"4161.597222",
						"1.63057e-15"
					],
					[
						"4167.115667",
						"1.59514e-15"
					],
					[
						"4172.634112",
						"1.59287e-15"
					],
					[
						"4178.152557",
						"1.60439e-15"
					],
					[
						"4183.671002",
						"1.52e-15"
					],
					[
						"4189.189447",
						"1.52432e-15"
					],
					[
						"4194.707892",
						"1.51436e-15"
					],
					[
						"4200.226337",
						"1.51808e-15"
					],
					[
						"4205.744782",
						"1.54201e-15"
					],
					[
						"4211.263227",
						"1.50118e-15"
					],
					[
						"4216.781672",
						"1.53417e-15"
					],
					[
						"4222.300117",
						"1.52751e-15"
					],
					[
						"4227.818563",
						"1.53248e-15"
					],
					[
						"4233.337008",
						"1.48691e-15"
					],
					[
						"4238.855453",
						"1.46963e-15"
					],
					[
						"4244.373898",
						"1.46841e-15"
					],
					[
						"4249.892343",
						"1.49119e-15"
					],
					[
						"4255.410788",
						"1.42727e-15"
					],
					[
						"4260.929233",
						"1.42535e-15"
					],
					[
						"4266.447678",
						"1.43214e-15"
					],
					[
						"4271.966123",
						"1.42501e-15"
					],
					[
						"4277.484568",
						"1.40732e-15"
					],
					[
						"4283.003013",
						"1.39568e-15"
					],
					[
						"4288.521458",
						"1.40476e-15"
					],
					[
						"4294.039903",
						"1.36533e-15"
					],
					[
						"4299.558348",
						"1.37843e-15"
					],
					[
						"4305.076793",
						"1.37205e-15"
					],
					[
						"4310.595238",
						"1.34587e-15"
					],
					[
						"4316.113683",
						"1.32117e-15"
					],
					[
						"4321.632128",
						"1.33781e-15"
					],
					[
						"4327.150573",
						"1.33463e-15"
					],
					[
						"4332.669018",
						"1.31649e-15"
					],
					[
						"4338.187463",
						"1.32042e-15"
					],
					[
						"4343.705908",
						"1.28855e-15"
					],
					[
						"4349.224353",
						"1.33191e-15"
					],
					[
						"4354.742798",
						"1.31748e-15"
					],
					[
						"4360.261243",
						"1.36375e-15"
					],
					[
						"4365.779688",
						"1.32112e-15"
					],
					[
						"4371.298133",
						"1.31422e-15"
					],
					[
						"4376.816578",
						"1.3093e-15"
					],
					[
						"4382.335023",
						"1.32948e-15"
					],
					[
						"4387.853468",
						"1.35216e-15"
					],
					[
						"4393.371913",
						"1.38348e-15"
					],
					[
						"4398.890358",
						"1.43705e-15"
					],
					[
						"4404.408803",
						"1.47589e-15"
					],
					[
						"4409.927248",
						"1.50961e-15"
					],
					[
						"4415.445693",
						"1.54704e-15"
					],
					[
						"4420.964138",
						"1.52475e-15"
					],
					[
						"4426.482583",
						"1.42341e-15"
					],
					[
						"4432.001028",
						"1.41127e-15"
					],
					[
						"4437.519473",
						"1.40661e-15"
					],
					[
						"4443.037918",
						"1.39837e-15"
					],
					[
						"4448.556363",
						"1.39562e-15"
					],
					[
						"4454.074808",
						"1.39735e-15"
					],
					[
						"4459.593253",
						"1.43809e-15"
					],
					[
						"4465.111698",
						"1.44021e-15"
					],
					[
						"4470.630143",
						"1.45709e-15"
					],
					[
						"4476.148588",
						"1.4635e-15"
					],
					[
						"4481.667033",
						"1.48092e-15"
					],
					[
						"4487.185478",
						"1.4887e-15"
					],
					[
						"4492.703923",
						"1.5203e-15"
					],
					[
						"4498.222368",
						"1.5094e-15"
					],
					[
						"4503.740813",
						"1.49713e-15"
					],
					[
						"4509.259258",
						"1.51001e-15"
					],
					[
						"4514.777703",
						"1.53629e-15"
					],
					[
						"4520.296148",
						"1.52139e-15"
					],
					[
						"4525.814593",
						"1.53594e-15"
					],
					[
						"4531.333038",
						"1.52829e-15"
					],
					[
						"4536.851483",
						"1.55847e-15"
					],
					[
						"4542.369928",
						"1.53194e-15"
					],
					[
						"4547.888373",
						"1.51799e-15"
					],
					[
						"4553.406818",
						"1.53378e-15"
					],
					[
						"4558.925263",
						"1.58263e-15"
					],
					[
						"4564.443708",
						"1.54033e-15"
					],
					[
						"4569.962153",
						"1.55969e-15"
					],
					[
						"4575.480598",
						"1.55291e-15"
					],
					[
						"4580.999043",
						"1.60609e-15"
					],
					[
						"4586.517488",
						"1.64289e-15"
					],
					[
						"4592.035933",
						"1.55107e-15"
					],
					[
						"4597.554379",
						"1.53955e-15"
					],
					[
						"4603.072824",
						"1.55351e-15"
					],
					[
						"4608.591269",
						"1.54302e-15"
					],
					[
						"4614.109714",
						"1.53368e-15"
					],
					[
						"4619.628159",
						"1.53196e-15"
					],
					[
						"4625.146604",
						"1.54287e-15"
					],
					[
						"4630.665049",
						"1.54125e-15"
					],
					[
						"4636.183494",
						"1.52978e-15"
					],
					[
						"4641.701939",
						"1.51527e-15"
					],
					[
						"4647.220384",
						"1.57783e-15"
					],
					[
						"4652.738829",
						"1.5206e-15"
					],
					[
						"4658.257274",
						"1.51514e-15"
					],
					[
						"4663.775719",
						"1.49689e-15"
					],
					[
						"4669.294164",
						"1.50897e-15"
					],
					[
						"4674.812609",
						"1.51538e-15"
					],
					[
						"4680.331054",
						"1.48612e-15"
					],
					[
						"4685.849499",
						"1.44794e-15"
					],
					[
						"4691.367944",
						"1.45977e-15"
					],
					[
						"4696.886389",
						"1.45601e-15"
					],
					[
						"4702.404834",
						"1.43757e-15"
					],
					[
						"4707.923279",
						"1.41493e-15"
					],
					[
						"4713.441724",
						"1.42313e-15"
					],
					[
						"4718.960169",
						"1.41551e-15"
					],
					[
						"4724.478614",
						"1.42051e-15"
					],
					[
						"4729.997059",
						"1.41226e-15"
					],
					[
						"4735.515504",
						"1.37983e-15"
					],
					[
						"4741.033949",
						"1.40552e-15"
					],
					[
						"4746.552394",
						"1.3959e-15"
					],
					[
						"4752.070839",
						"1.39122e-15"
					],
					[
						"4757.589284",
						"1.38148e-15"
					],
					[
						"4763.107729",
						"1.34636e-15"
					],
					[
						"4768.626174",
						"1.35861e-15"
					],
					[
						"4774.144619",
						"1.34565e-15"
					],
					[
						"4779.663064",
						"1.35588e-15"
					],
					[
						"4785.181509",
						"1.3457e-15"
					],
					[
						"4790.699954",
						"1.33552e-15"
					],
					[
						"4796.218399",
						"1.32401e-15"
					],
					[
						"4801.736844",
						"1.31034e-15"
					],
					[
						"4807.255289",
						"1.31943e-15"
					],
					[
						"4812.773734",
						"1.30911e-15"
					],
					[
						"4818.292179",
						"1.31263e-15"
					],
					[
						"4823.810624",
						"1.32622e-15"
					],
					[
						"4829.329069",
						"1.32969e-15"
					],
					[
						"4834.847514",
						"1.31361e-15"
					],
					[
						"4840.365959",
						"1.31393e-15"
					],
					[
						"4845.884404",
						"1.30654e-15"
					],
					[
						"4851.402849",
						"1.32086e-15"
					],
					[
						"4856.921294",
						"1.29776e-15"
					],
					[
						"4862.439739",
						"1.27826e-15"
					],
					[
						"4867.958184",
						"1.31227e-15"
					],
					[
						"4873.476629",
						"1.30574e-15"
					],
					[
						"4878.995074",
						"1.30798e-15"
					],
					[
						"4884.513519",
						"1.30618e-15"
					],
					[
						"4890.031964",
						"1.28616e-15"
					],
					[
						"4895.550409",
						"1.29414e-15"
					],
					[
						"4901.068854",
						"1.30482e-15"
					],
					[
						"4906.587299",
						"1.28663e-15"
					],
					[
						"4912.105744",
						"1.29956e-15"
					],
					[
						"4917.624189",
						"1.35866e-15"
					],
					[
						"4923.142634",
						"1.46859e-15"
					],
					[
						"4928.661079",
						"1.51391e-15"
					],
					[
						"4934.179524",
						"1.61244e-15"
					],
					[
						"4939.697969",
						"1.67702e-15"
					],
					[
						"4945.216414",
						"1.69631e-15"
					],
					[
						"4950.734859",
						"1.49826e-15"
					],
					[
						"4956.253304",
						"1.32966e-15"
					],
					[
						"4961.771749",
						"1.30448e-15"
					],
					[
						"4967.290195",
						"1.28432e-15"
					],
					[
						"4972.80864",
						"1.30015e-15"
					],
					[
						"4978.327085",
						"1.28247e-15"
					],
					[
						"4983.84553",
						"1.27319e-15"
					],
					[
						"4989.363975",
						"1.27204e-15"
					],
					[
						"4994.88242",
						"1.27751e-15"
					],
					[
						"5000.400865",
						"1.29917e-15"
					],
					[
						"5005.91931",
						"1.25385e-15"
					],
					[
						"5011.437755",
						"1.27592e-15"
					],
					[
						"5016.9562",
						"1.33353e-15"
					],
					[
						"5022.474645",
						"1.50248e-15"
					],
					[
						"5027.99309",
						"1.62416e-15"
					],
					[
						"5033.511535",
						"1.70884e-15"
					],
					[
						"5039.02998",
						"1.80448e-15"
					],
					[
						"5044.548425",
						"1.84991e-15"
					],
					[
						"5050.06687",
						"1.54361e-15"
					],
					[
						"5055.585315",
						"1.26214e-15"
					],
					[
						"5061.10376",
						"1.29216e-15"
					],
					[
						"5066.622205",
						"1.59533e-15"
					],
					[
						"5072.14065",
						"2.09079e-15"
					],
					[
						"5077.659095",
						"2.41152e-15"
					],
					[
						"5083.17754",
						"2.78048e-15"
					],
					[
						"5088.695985",
						"2.94759e-15"
					],
					[
						"5094.21443",
						"2.93724e-15"
					],
					[
						"5099.732875",
						"1.90884e-15"
					],
					[
						"5105.25132",
						"1.30011e-15"
					],
					[
						"5110.769765",
						"1.28775e-15"
					],
					[
						"5116.28821",
						"1.29387e-15"
					],
					[
						"5121.806655",
						"1.3108e-15"
					],
					[
						"5127.3251",
						"1.29731e-15"
					],
					[
						"5132.843545",
						"1.31696e-15"
					],
					[
						"5138.36199",
						"1.3136e-15"
					],
					[
						"5143.880435",
						"1.31356e-15"
					],
					[
						"5149.39888",
						"1.31905e-15"
					],
					[
						"5154.917325",
						"1.32487e-15"
					],
					[
						"5160.43577",
						"1.33778e-15"
					],
					[
						"5165.954215",
						"1.34296e-15"
					],
					[
						"5171.47266",
						"1.33087e-15"
					],
					[
						"5176.991105",
						"1.36008e-15"
					],
					[
						"5182.50955",
						"1.36679e-15"
					],
					[
						"5188.027995",
						"1.34742e-15"
					],
					[
						"5193.54644",
						"1.33877e-15"
					],
					[
						"5199.064885",
						"1.3528e-15"
					],
					[
						"5204.58333",
						"1.36586e-15"
					],
					[
						"5210.101775",
						"1.34809e-15"
					],
					[
						"5215.62022",
						"1.3433e-15"
					],
					[
						"5221.138665",
						"1.34332e-15"
					],
					[
						"5226.65711",
						"1.33557e-15"
					],
					[
						"5232.175555",
						"1.35334e-15"
					],
					[
						"5237.694",
						"1.33904e-15"
					],
					[
						"5243.212445",
						"1.36585e-15"
					],
					[
						"5248.73089",
						"1.37981e-15"
					],
					[
						"5254.249335",
						"1.33806e-15"
					],
					[
						"5259.76778",
						"1.35202e-15"
					],
					[
						"5265.286225",
						"1.35089e-15"
					],
					[
						"5270.80467",
						"1.34943e-15"
					],
					[
						"5276.323115",
						"1.33225e-15"
					],
					[
						"5281.84156",
						"1.32151e-15"
					],
					[
						"5287.360005",
						"1.34477e-15"
					],
					[
						"5292.87845",
						"1.32759e-15"
					],
					[
						"5298.396895",
						"1.31103e-15"
					],
					[
						"5303.91534",
						"1.31705e-15"
					],
					[
						"5309.433785",
						"1.33982e-15"
					],
					[
						"5314.95223",
						"1.30416e-15"
					],
					[
						"5320.470675",
						"1.29573e-15"
					],
					[
						"5325.98912",
						"1.31028e-15"
					],
					[
						"5331.507566",
						"1.29315e-15"
					],
					[
						"5337.026011",
						"1.28939e-15"
					],
					[
						"5342.544456",
						"1.31056e-15"
					],
					[
						"5348.062901",
						"1.2828e-15"
					],
					[
						"5353.581346",
						"1.2831e-15"
					],
					[
						"5359.099791",
						"1.31153e-15"
					],
					[
						"5364.618236",
						"1.27975e-15"
					],
					[
						"5370.136681",
						"1.26393e-15"
					],
					[
						"5375.655126",
						"1.26581e-15"
					],
					[
						"5381.173571",
						"1.28546e-15"
					],
					[
						"5386.692016",
						"1.29201e-15"
					],
					[
						"5392.210461",
						"1.27693e-15"
					],
					[
						"5397.728906",
						"1.24862e-15"
					],
					[
						"5403.247351",
						"1.24621e-15"
					],
					[
						"5408.765796",
						"1.28441e-15"
					],
					[
						"5414.284241",
						"1.25632e-15"
					],
					[
						"5419.802686",
						"1.26107e-15"
					],
					[
						"5425.321131",
						"1.24758e-15"
					],
					[
						"5430.839576",
						"1.25102e-15"
					],
					[
						"5436.358021",
						"1.23024e-15"
					],
					[
						"5441.876466",
						"1.2091e-15"
					],
					[
						"5447.394911",
						"1.24385e-15"
					],
					[
						"5452.913356",
						"1.22211e-15"
					],
					[
						"5458.431801",
						"1.19318e-15"
					],
					[
						"5463.950246",
						"1.2325e-15"
					],
					[
						"5469.468691",
						"1.21936e-15"
					],
					[
						"5474.987136",
						"1.22343e-15"
					],
					[
						"5480.505581",
						"1.195e-15"
					],
					[
						"5486.024026",
						"1.19853e-15"
					],
					[
						"5491.542471",
						"1.20011e-15"
					],
					[
						"5497.060916",
						"1.18266e-15"
					],
					[
						"5502.579361",
						"1.16267e-15"
					],
					[
						"5508.097806",
						"1.17133e-15"
					],
					[
						"5513.616251",
						"1.14817e-15"
					],
					[
						"5519.134696",
						"1.1531e-15"
					],
					[
						"5524.653141",
						"1.1539e-15"
					],
					[
						"5530.171586",
						"1.14416e-15"
					],
					[
						"5535.690031",
						"1.1687e-15"
					],
					[
						"5541.208476",
						"1.14304e-15"
					],
					[
						"5546.726921",
						"1.14219e-15"
					],
					[
						"5552.245366",
						"1.12823e-15"
					],
					[
						"5557.763811",
						"1.1057e-15"
					],
					[
						"5563.282256",
						"1.12381e-15"
					],
					[
						"5568.800701",
						"1.11235e-15"
					],
					[
						"5574.319146",
						"1.08803e-15"
					],
					[
						"5579.837591",
						"1.06574e-15"
					],
					[
						"5585.356036",
						"1.06432e-15"
					],
					[
						"5590.874481",
						"1.03854e-15"
					],
					[
						"5596.392926",
						"1.03313e-15"
					],
					[
						"5601.911371",
						"1.02956e-15"
					],
					[
						"5607.429816",
						"1.0143e-15"
					],
					[
						"5612.948261",
						"1.03594e-15"
					],
					[
						"5618.466706",
						"9.71301e-16"
					],
					[
						"5623.985151",
						"9.65683e-16"
					],
					[
						"5629.503596",
						"9.56473e-16"
					],
					[
						"5635.022041",
						"9.37256e-16"
					],
					[
						"5640.540486",
						"9.3709e-16"
					],
					[
						"5646.058931",
						"9.26072e-16"
					],
					[
						"5651.577376",
						"9.06751e-16"
					],
					[
						"5657.095821",
						"9.23708e-16"
					],
					[
						"5662.614266",
						"8.95329e-16"
					],
					[
						"5668.132711",
						"9.04332e-16"
					],
					[
						"5673.651156",
						"9.0314e-16"
					],
					[
						"5679.169601",
						"8.74673e-16"
					],
					[
						"5684.688046",
						"8.88928e-16"
					],
					[
						"5690.206491",
						"9.04778e-16"
					],
					[
						"5695.724936",
						"9.28537e-16"
					],
					[
						"5701.243382",
						"9.3514e-16"
					],
					[
						"5706.761827",
						"9.4708e-16"
					],
					[
						"5712.280272",
						"9.42166e-16"
					],
					[
						"5717.798717",
						"9.42617e-16"
					],
					[
						"5723.317162",
						"9.5715e-16"
					],
					[
						"5728.835607",
						"9.76273e-16"
					],
					[
						"5734.354052",
						"9.74433e-16"
					],
					[
						"5739.872497",
						"9.98733e-16"
					],
					[
						"5745.390942",
						"9.84069e-16"
					],
					[
						"5750.909387",
						"1.01867e-15"
					],
					[
						"5756.427832",
						"1.04199e-15"
					],
					[
						"5761.946277",
						"1.05529e-15"
					],
					[
						"5767.464722",
						"1.04529e-15"
					],
					[
						"5772.983167",
						"1.05883e-15"
					],
					[
						"5778.501612",
						"1.05609e-15"
					],
					[
						"5784.020057",
						"1.06687e-15"
					],
					[
						"5789.538502",
						"1.06885e-15"
					],
					[
						"5795.056947",
						"1.04495e-15"
					],
					[
						"5800.575392",
						"1.08658e-15"
					],
					[
						"5806.093837",
						"1.09721e-15"
					],
					[
						"5811.612282",
						"1.09858e-15"
					],
					[
						"5817.130727",
						"1.10824e-15"
					],
					[
						"5822.649172",
						"1.08915e-15"
					],
					[
						"5828.167617",
						"1.10387e-15"
					],
					[
						"5833.686062",
						"1.12375e-15"
					],
					[
						"5839.204507",
						"1.09834e-15"
					],
					[
						"5844.722952",
						"1.10656e-15"
					],
					[
						"5850.241397",
						"1.10125e-15"
					],
					[
						"5855.759842",
						"1.09519e-15"
					],
					[
						"5861.278287",
						"1.09957e-15"
					],
					[
						"5866.796732",
						"1.10062e-15"
					],
					[
						"5872.315177",
						"1.08537e-15"
					],
					[
						"5877.833622",
						"1.08788e-15"
					],
					[
						"5883.352067",
						"1.08528e-15"
					],
					[
						"5888.870512",
						"1.07312e-15"
					],
					[
						"5894.388957",
						"1.05097e-15"
					],
					[
						"5899.907402",
						"1.05491e-15"
					],
					[
						"5905.425847",
						"1.0689e-15"
					],
					[
						"5910.944292",
						"1.07037e-15"
					],
					[
						"5916.462737",
						"1.0605e-15"
					],
					[
						"5921.981182",
						"1.03662e-15"
					],
					[
						"5927.499627",
						"1.04505e-15"
					],
					[
						"5933.018072",
						"1.04848e-15"
					],
					[
						"5938.536517",
						"1.02032e-15"
					],
					[
						"5944.054962",
						"1.04098e-15"
					],
					[
						"5949.573407",
						"1.0414e-15"
					],
					[
						"5955.091852",
						"1.03524e-15"
					],
					[
						"5960.610297",
						"1.0516e-15"
					],
					[
						"5966.128742",
						"1.04657e-15"
					],
					[
						"5971.647187",
						"1.0594e-15"
					],
					[
						"5977.165632",
						"1.04116e-15"
					],
					[
						"5982.684077",
						"9.98798e-16"
					],
					[
						"5988.202522",
						"9.83694e-16"
					],
					[
						"5993.720967",
						"9.75984e-16"
					],
					[
						"5999.239412",
						"9.92315e-16"
					],
					[
						"6004.757857",
						"9.8599e-16"
					],
					[
						"6010.276302",
						"9.9891e-16"
					],
					[
						"6015.794747",
						"9.84891e-16"
					],
					[
						"6021.313192",
						"9.66106e-16"
					],
					[
						"6026.831637",
						"9.83583e-16"
					],
					[
						"6032.350082",
						"9.57404e-16"
					],
					[
						"6037.868527",
						"9.57878e-16"
					],
					[
						"6043.386972",
						"9.64377e-16"
					],
					[
						"6048.905417",
						"9.86613e-16"
					],
					[
						"6054.423862",
						"9.50366e-16"
					],
					[
						"6059.942307",
						"9.43163e-16"
					],
					[
						"6065.460752",
						"9.41137e-16"
					],
					[
						"6070.979197",
						"9.6651e-16"
					],
					[
						"6076.497643",
						"9.47277e-16"
					],
					[
						"6082.016088",
						"9.41599e-16"
					],
					[
						"6087.534533",
						"9.29079e-16"
					],
					[
						"6093.052978",
						"9.18146e-16"
					],
					[
						"6098.571423",
						"9.06671e-16"
					],
					[
						"6104.089868",
						"9.29688e-16"
					],
					[
						"6109.608313",
						"9.26491e-16"
					],
					[
						"6115.126758",
						"9.01685e-16"
					],
					[
						"6120.645203",
						"9.00709e-16"
					],
					[
						"6126.163648",
						"8.81431e-16"
					],
					[
						"6131.682093",
						"8.89046e-16"
					],
					[
						"6137.200538",
						"8.96308e-16"
					],
					[
						"6142.718983",
						"8.72817e-16"
					],
					[
						"6148.237428",
						"8.7053e-16"
					],
					[
						"6153.755873",
						"8.5593e-16"
					],
					[
						"6159.274318",
						"8.64193e-16"
					],
					[
						"6164.792763",
						"8.35178e-16"
					],
					[
						"6170.311208",
						"8.42605e-16"
					],
					[
						"6175.829653",
						"8.26278e-16"
					],
					[
						"6181.348098",
						"8.23073e-16"
					],
					[
						"6186.866543",
						"8.04888e-16"
					],
					[
						"6192.384988",
						"8.1029e-16"
					],
					[
						"6197.903433",
						"8.28791e-16"
					],
					[
						"6203.421878",
						"8.34013e-16"
					],
					[
						"6208.940323",
						"8.22896e-16"
					],
					[
						"6214.458768",
						"8.18925e-16"
					],
					[
						"6219.977213",
						"8.16499e-16"
					],
					[
						"6225.495658",
						"8.17023e-16"
					],
					[
						"6231.014103",
						"8.25481e-16"
					],
					[
						"6236.532548",
						"8.32606e-16"
					],
					[
						"6242.050993",
						"8.4066e-16"
					],
					[
						"6247.569438",
						"8.19087e-16"
					],
					[
						"6253.087883",
						"8.21173e-16"
					],
					[
						"6258.606328",
						"8.36112e-16"
					],
					[
						"6264.124773",
						"8.39825e-16"
					],
					[
						"6269.643218",
						"8.34463e-16"
					],
					[
						"6275.161663",
						"8.21845e-16"
					],
					[
						"6280.680108",
						"8.17524e-16"
					],
					[
						"6286.198553",
						"8.08041e-16"
					],
					[
						"6291.716998",
						"8.11929e-16"
					],
					[
						"6297.235443",
						"8.18839e-16"
					],
					[
						"6302.753888",
						"8.17119e-16"
					],
					[
						"6308.272333",
						"8.32594e-16"
					],
					[
						"6313.790778",
						"8.57528e-16"
					],
					[
						"6319.309223",
						"8.31887e-16"
					],
					[
						"6324.827668",
						"8.15217e-16"
					],
					[
						"6330.346113",
						"8.30748e-16"
					],
					[
						"6335.864558",
						"8.43506e-16"
					],
					[
						"6341.383003",
						"8.17608e-16"
					],
					[
						"6346.901448",
						"8.26662e-16"
					],
					[
						"6352.419893",
						"8.22262e-16"
					],
					[
						"6357.938338",
						"8.26075e-16"
					],
					[
						"6363.456783",
						"8.02043e-16"
					],
					[
						"6368.975228",
						"7.89821e-16"
					],
					[
						"6374.493673",
						"8.15127e-16"
					],
					[
						"6380.012118",
						"7.87642e-16"
					],
					[
						"6385.530563",
						"8.00457e-16"
					],
					[
						"6391.049008",
						"7.86274e-16"
					],
					[
						"6396.567453",
						"7.76059e-16"
					],
					[
						"6402.085898",
						"7.8006e-16"
					],
					[
						"6407.604343",
						"7.72628e-16"
					],
					[
						"6413.122788",
						"7.46739e-16"
					],
					[
						"6418.641233",
						"7.42431e-16"
					],
					[
						"6424.159678",
						"7.40294e-16"
					],
					[
						"6429.678123",
						"7.47639e-16"
					],
					[
						"6435.196568",
						"7.48072e-16"
					],
					[
						"6440.715014",
						"7.40022e-16"
					],
					[
						"6446.233459",
						"7.25831e-16"
					],
					[
						"6451.751904",
						"7.38564e-16"
					],
					[
						"6457.270349",
						"7.30432e-16"
					],
					[
						"6462.788794",
						"7.47542e-16"
					],
					[
						"6468.307239",
						"7.26537e-16"
					],
					[
						"6473.825684",
						"7.20881e-16"
					],
					[
						"6479.344129",
						"7.35708e-16"
					],
					[
						"6484.862574",
						"7.37966e-16"
					],
					[
						"6490.381019",
						"7.46165e-16"
					],
					[
						"6495.899464",
						"7.33278e-16"
					],
					[
						"6501.417909",
						"7.60554e-16"
					],
					[
						"6506.936354",
						"7.60483e-16"
					],
					[
						"6512.454799",
						"7.73772e-16"
					],
					[
						"6517.973244",
						"8.07254e-16"
					],
					[
						"6523.491689",
						"7.68339e-16"
					],
					[
						"6529.010134",
						"7.79993e-16"
					],
					[
						"6534.528579",
						"8.05347e-16"
					],
					[
						"6540.047024",
						"7.92557e-16"
					],
					[
						"6545.565469",
						"7.9926e-16"
					],
					[
						"6551.083914",
						"7.87131e-16"
					],
					[
						"6556.602359",
						"7.94309e-16"
					],
					[
						"6562.120804",
						"8.24283e-16"
					],
					[
						"6567.639249",
						"8.12332e-16"
					],
					[
						"6573.157694",
						"7.87292e-16"
					],
					[
						"6578.676139",
						"8.21913e-16"
					],
					[
						"6584.194584",
						"8.10921e-16"
					],
					[
						"6589.713029",
						"7.99082e-16"
					],
					[
						"6595.231474",
						"8.02401e-16"
					],
					[
						"6600.749919",
						"7.97357e-16"
					],
					[
						"6606.268364",
						"8.11923e-16"
					],
					[
						"6611.786809",
						"8.14918e-16"
					],
					[
						"6617.305254",
						"8.07801e-16"
					],
					[
						"6622.823699",
						"8.08611e-16"
					],
					[
						"6628.342144",
						"8.05902e-16"
					],
					[
						"6633.860589",
						"8.01716e-16"
					],
					[
						"6639.379034",
						"9.11321e-16"
					],
					[
						"6644.897479",
						"1.24117e-15"
					],
					[
						"6650.415924",
						"1.51711e-15"
					],
					[
						"6655.934369",
						"1.70454e-15"
					],
					[
						"6661.452814",
						"1.9331e-15"
					],
					[
						"6666.971259",
						"2.08928e-15"
					],
					[
						"6672.489704",
						"1.79205e-15"
					],
					[
						"6678.008149",
						"1.14988e-15"
					],
					[
						"6683.526594",
						"8.17157e-16"
					],
					[
						"6689.045039",
						"8.53727e-16"
					],
					[
						"6694.563484",
						"8.34214e-16"
					],
					[
						"6700.081929",
						"7.70147e-16"
					],
					[
						"6705.600374",
						"7.65359e-16"
					],
					[
						"6711.118819",
						"7.6888e-16"
					],
					[
						"6716.637264",
						"7.68644e-16"
					],
					[
						"6722.155709",
						"7.69218e-16"
					],
					[
						"6727.674154",
						"7.71126e-16"
					],
					[
						"6733.192599",
						"7.59293e-16"
					],
					[
						"6738.711044",
						"7.69756e-16"
					],
					[
						"6744.229489",
						"7.55937e-16"
					],
					[
						"6749.747934",
						"7.47038e-16"
					],
					[
						"6755.266379",
						"7.49464e-16"
					],
					[
						"6760.784824",
						"7.43637e-16"
					],
					[
						"6766.303269",
						"7.31371e-16"
					],
					[
						"6771.821714",
						"7.25739e-16"
					],
					[
						"6777.340159",
						"7.3841e-16"
					],
					[
						"6782.858604",
						"7.61228e-16"
					],
					[
						"6788.377049",
						"7.23158e-16"
					],
					[
						"6793.895494",
						"7.31185e-16"
					],
					[
						"6799.413939",
						"7.33232e-16"
					],
					[
						"6804.932384",
						"7.4697e-16"
					],
					[
						"6810.45083",
						"7.80494e-16"
					],
					[
						"6815.969275",
						"7.87144e-16"
					],
					[
						"6821.48772",
						"7.92686e-16"
					],
					[
						"6827.006165",
						"7.98241e-16"
					],
					[
						"6832.52461",
						"7.70953e-16"
					],
					[
						"6838.043055",
						"7.6092e-16"
					],
					[
						"6843.5615",
						"7.37969e-16"
					],
					[
						"6849.079945",
						"6.85598e-16"
					],
					[
						"6854.59839",
						"6.80643e-16"
					],
					[
						"6860.116835",
						"6.58956e-16"
					],
					[
						"6865.63528",
						"6.45322e-16"
					],
					[
						"6871.153725",
						"6.28321e-16"
					],
					[
						"6876.67217",
						"5.94955e-16"
					],
					[
						"6882.190615",
						"5.76502e-16"
					],
					[
						"6887.70906",
						"5.93782e-16"
					],
					[
						"6893.227505",
						"6.02656e-16"
					],
					[
						"6898.74595",
						"6.20396e-16"
					],
					[
						"6904.264395",
						"6.17833e-16"
					],
					[
						"6909.78284",
						"6.39792e-16"
					],
					[
						"6915.301285",
						"6.77257e-16"
					],
					[
						"6920.81973",
						"6.86054e-16"
					],
					[
						"6926.338175",
						"6.84725e-16"
					],
					[
						"6931.85662",
						"6.82297e-16"
					],
					[
						"6937.375065",
						"6.81529e-16"
					],
					[
						"6942.89351",
						"7.11261e-16"
					],
					[
						"6948.411955",
						"6.96073e-16"
					],
					[
						"6953.9304",
						"7.04232e-16"
					],
					[
						"6959.448845",
						"7.18834e-16"
					],
					[
						"6964.96729",
						"7.05122e-16"
					],
					[
						"6970.485735",
						"6.9621e-16"
					],
					[
						"6976.00418",
						"7.05598e-16"
					],
					[
						"6981.522625",
						"6.85311e-16"
					],
					[
						"6987.04107",
						"6.93599e-16"
					],
					[
						"6992.559515",
						"7.14496e-16"
					],
					[
						"6998.07796",
						"7.05139e-16"
					],
					[
						"7003.596405",
						"6.98154e-16"
					],
					[
						"7009.11485",
						"6.86969e-16"
					],
					[
						"7014.633295",
						"6.79446e-16"
					],
					[
						"7020.15174",
						"6.90426e-16"
					],
					[
						"7025.670185",
						"6.96687e-16"
					],
					[
						"7031.18863",
						"6.77022e-16"
					],
					[
						"7036.707075",
						"6.62449e-16"
					],
					[
						"7042.22552",
						"6.54395e-16"
					],
					[
						"7047.743965",
						"6.84288e-16"
					],
					[
						"7053.26241",
						"6.8599e-16"
					],
					[
						"7058.780855",
						"6.66975e-16"
					],
					[
						"7064.2993",
						"6.65583e-16"
					],
					[
						"7069.817745",
						"6.678e-16"
					],
					[
						"7075.33619",
						"6.53711e-16"
					],
					[
						"7080.854635",
						"6.66271e-16"
					],
					[
						"7086.37308",
						"6.57177e-16"
					],
					[
						"7091.891525",
						"6.59054e-16"
					],
					[
						"7097.40997",
						"6.75518e-16"
					],
					[
						"7102.928415",
						"6.75827e-16"
					],
					[
						"7108.44686",
						"6.62109e-16"
					],
					[
						"7113.965305",
						"6.75456e-16"
					],
					[
						"7119.48375",
						"6.52037e-16"
					],
					[
						"7125.002195",
						"6.67618e-16"
					],
					[
						"7130.52064",
						"6.59593e-16"
					],
					[
						"7136.039085",
						"6.40169e-16"
					],
					[
						"7141.55753",
						"6.55041e-16"
					],
					[
						"7147.075975",
						"6.53925e-16"
					],
					[
						"7152.59442",
						"6.6114e-16"
					],
					[
						"7158.112865",
						"6.67332e-16"
					],
					[
						"7163.63131",
						"6.41693e-16"
					],
					[
						"7169.149755",
						"6.50851e-16"
					],
					[
						"7174.6682",
						"6.39808e-16"
					],
					[
						"7180.186646",
						"6.35466e-16"
					],
					[
						"7185.705091",
						"6.29183e-16"
					],
					[
						"7191.223536",
						"6.12105e-16"
					],
					[
						"7196.741981",
						"5.97235e-16"
					],
					[
						"7202.260426",
						"6.13729e-16"
					],
					[
						"7207.778871",
						"6.42347e-16"
					],
					[
						"7213.297316",
						"6.08925e-16"
					],
					[
						"7218.815761",
						"6.0891e-16"
					],
					[
						"7224.334206",
						"6.2115e-16"
					],
					[
						"7229.852651",
						"6.43777e-16"
					],
					[
						"7235.371096",
						"6.25236e-16"
					],
					[
						"7240.889541",
						"6.25555e-16"
					],
					[
						"7246.407986",
						"6.02814e-16"
					],
					[
						"7251.926431",
						"6.26874e-16"
					],
					[
						"7257.444876",
						"6.0911e-16"
					],
					[
						"7262.963321",
						"5.95647e-16"
					],
					[
						"7268.481766",
						"5.79748e-16"
					],
					[
						"7274.000211",
						"6.03641e-16"
					],
					[
						"7279.518656",
						"6.0094e-16"
					],
					[
						"7285.037101",
						"5.9676e-16"
					],
					[
						"7290.555546",
						"6.03897e-16"
					],
					[
						"7296.073991",
						"5.95877e-16"
					],
					[
						"7301.592436",
						"5.8661e-16"
					],
					[
						"7307.110881",
						"6.11688e-16"
					],
					[
						"7312.629326",
						"6.16273e-16"
					],
					[
						"7318.147771",
						"5.85582e-16"
					],
					[
						"7323.666216",
						"5.78275e-16"
					],
					[
						"7329.184661",
						"5.94546e-16"
					],
					[
						"7334.703106",
						"5.84377e-16"
					],
					[
						"7340.221551",
						"6.09839e-16"
					],
					[
						"7345.739996",
						"6.05588e-16"
					],
					[
						"7351.258441",
						"6.03735e-16"
					],
					[
						"7356.776886",
						"5.90756e-16"
					],
					[
						"7362.295331",
						"5.82389e-16"
					],
					[
						"7367.813776",
						"5.82326e-16"
					],
					[
						"7373.332221",
						"5.77605e-16"
					],
					[
						"7378.850666",
						"6.0218e-16"
					],
					[
						"7384.369111",
						"5.75285e-16"
					],
					[
						"7389.887556",
						"5.73339e-16"
					],
					[
						"7395.406001",
						"5.5704e-16"
					],
					[
						"7400.924446",
						"5.83203e-16"
					],
					[
						"7406.442891",
						"5.92688e-16"
					],
					[
						"7411.961336",
						"5.80729e-16"
					],
					[
						"7417.479781",
						"5.64546e-16"
					],
					[
						"7422.998226",
						"5.68315e-16"
					],
					[
						"7428.516671",
						"5.90366e-16"
					],
					[
						"7434.035116",
						"6.00246e-16"
					],
					[
						"7439.553561",
						"5.8642e-16"
					],
					[
						"7445.072006",
						"5.83481e-16"
					],
					[
						"7450.590451",
						"5.67125e-16"
					],
					[
						"7456.108896",
						"5.53773e-16"
					],
					[
						"7461.627341",
						"5.53936e-16"
					],
					[
						"7467.145786",
						"5.29115e-16"
					],
					[
						"7472.664231",
						"5.38533e-16"
					],
					[
						"7478.182676",
						"5.44276e-16"
					],
					[
						"7483.701121",
						"5.24808e-16"
					],
					[
						"7489.219566",
						"5.25173e-16"
					],
					[
						"7494.738011",
						"5.34697e-16"
					],
					[
						"7500.256456",
						"5.30789e-16"
					],
					[
						"7505.774901",
						"5.16327e-16"
					],
					[
						"7511.293346",
						"5.17248e-16"
					],
					[
						"7516.811791",
						"5.02392e-16"
					],
					[
						"7522.330236",
						"5.12912e-16"
					],
					[
						"7527.848681",
						"5.42741e-16"
					],
					[
						"7533.367126",
						"5.42144e-16"
					],
					[
						"7538.885571",
						"5.27339e-16"
					],
					[
						"7544.404016",
						"5.11599e-16"
					],
					[
						"7549.922462",
						"5.14469e-16"
					],
					[
						"7555.440907",
						"5.0217e-16"
					],
					[
						"7560.959352",
						"5.22206e-16"
					],
					[
						"7566.477797",
						"5.36739e-16"
					],
					[
						"7571.996242",
						"5.25685e-16"
					],
					[
						"7577.514687",
						"5.00241e-16"
					],
					[
						"7583.033132",
						"4.7807e-16"
					],
					[
						"7588.551577",
						"4.48484e-16"
					],
					[
						"7594.070022",
						"4.07346e-16"
					],
					[
						"7599.588467",
						"3.52287e-16"
					],
					[
						"7605.106912",
						"2.91336e-16"
					],
					[
						"7610.625357",
						"2.42546e-16"
					],
					[
						"7616.143802",
						"2.18238e-16"
					],
					[
						"7621.662247",
						"2.59649e-16"
					],
					[
						"7627.180692",
						"2.76716e-16"
					],
					[
						"7632.699137",
						"2.7463e-16"
					],
					[
						"7638.217582",
						"2.96053e-16"
					],
					[
						"7643.736027",
						"3.09895e-16"
					],
					[
						"7649.254472",
						"3.31576e-16"
					],
					[
						"7654.772917",
						"3.53702e-16"
					],
					[
						"7660.291362",
						"3.92772e-16"
					],
					[
						"7665.809807",
						"3.96357e-16"
					],
					[
						"7671.328252",
						"4.41128e-16"
					],
					[
						"7676.846697",
						"4.51897e-16"
					],
					[
						"7682.365142",
						"4.76654e-16"
					],
					[
						"7687.883587",
						"4.95695e-16"
					],
					[
						"7693.402032",
						"5.20652e-16"
					],
					[
						"7698.920477",
						"5.2071e-16"
					],
					[
						"7704.438922",
						"5.13375e-16"
					],
					[
						"7709.957367",
						"5.13268e-16"
					],
					[
						"7715.475812",
						"4.97287e-16"
					],
					[
						"7720.994257",
						"4.83201e-16"
					],
					[
						"7726.512702",
						"5.10414e-16"
					],
					[
						"7732.031147",
						"5.43994e-16"
					],
					[
						"7737.549592",
						"5.36256e-16"
					],
					[
						"7743.068037",
						"5.32101e-16"
					],
					[
						"7748.586482",
						"5.27605e-16"
					],
					[
						"7754.104927",
						"5.18707e-16"
					],
					[
						"7759.623372",
						"5.24292e-16"
					],
					[
						"7765.141817",
						"5.36276e-16"
					],
					[
						"7770.660262",
						"5.30204e-16"
					],
					[
						"7776.178707",
						"5.35108e-16"
					],
					[
						"7781.697152",
						"5.2054e-16"
					],
					[
						"7787.215597",
						"5.46178e-16"
					],
					[
						"7792.734042",
						"5.19802e-16"
					],
					[
						"7798.252487",
						"5.46817e-16"
					],
					[
						"7803.770932",
						"5.46917e-16"
					],
					[
						"7809.289377",
						"5.26592e-16"
					],
					[
						"7814.807822",
						"5.02843e-16"
					],
					[
						"7820.326267",
						"5.04843e-16"
					],
					[
						"7825.844712",
						"5.29495e-16"
					],
					[
						"7831.363157",
						"5.30325e-16"
					],
					[
						"7836.881602",
						"5.37197e-16"
					],
					[
						"7842.400047",
						"5.26328e-16"
					],
					[
						"7847.918492",
						"5.33216e-16"
					],
					[
						"7853.436937",
						"5.15174e-16"
					],
					[
						"7858.955382",
						"5.13602e-16"
					],
					[
						"7864.473827",
						"5.33518e-16"
					],
					[
						"7869.992272",
						"5.39118e-16"
					],
					[
						"7875.510717",
						"5.28916e-16"
					],
					[
						"7881.029162",
						"5.17095e-16"
					],
					[
						"7886.547607",
						"5.30833e-16"
					],
					[
						"7892.066052",
						"5.06515e-16"
					],
					[
						"7897.584497",
						"4.86185e-16"
					],
					[
						"7903.102942",
						"5.38671e-16"
					],
					[
						"7908.621387",
						"5.17074e-16"
					],
					[
						"7914.139833",
						"4.98099e-16"
					],
					[
						"7919.658278",
						"4.97436e-16"
					],
					[
						"7925.176723",
						"5.02396e-16"
					],
					[
						"7930.695168",
						"4.93429e-16"
					],
					[
						"7936.213613",
						"4.86215e-16"
					],
					[
						"7941.732058",
						"5.26467e-16"
					],
					[
						"7947.250503",
						"5.52305e-16"
					],
					[
						"7952.768948",
						"4.84765e-16"
					],
					[
						"7958.287393",
						"4.88621e-16"
					],
					[
						"7963.805838",
						"5.11559e-16"
					],
					[
						"7969.324283",
						"5.00296e-16"
					],
					[
						"7974.842728",
						"5.06862e-16"
					],
					[
						"7980.361173",
						"5.08696e-16"
					],
					[
						"7985.879618",
						"5.01722e-16"
					],
					[
						"7991.398063",
						"4.9998e-16"
					],
					[
						"7996.916508",
						"5.04103e-16"
					],
					[
						"8002.434953",
						"5.02506e-16"
					],
					[
						"8007.953398",
						"5.32765e-16"
					],
					[
						"8013.471843",
						"5.26612e-16"
					],
					[
						"8018.990288",
						"4.80529e-16"
					],
					[
						"8024.508733",
						"4.8199e-16"
					],
					[
						"8030.027178",
						"4.87739e-16"
					],
					[
						"8035.545623",
						"4.64647e-16"
					],
					[
						"8041.064068",
						"4.72853e-16"
					],
					[
						"8046.582513",
						"5.06733e-16"
					],
					[
						"8052.100958",
						"5.08835e-16"
					],
					[
						"8057.619403",
						"5.09922e-16"
					],
					[
						"8063.137848",
						"4.86537e-16"
					],
					[
						"8068.656293",
						"4.84647e-16"
					],
					[
						"8074.174738",
						"4.72966e-16"
					],
					[
						"8079.693183",
						"4.68417e-16"
					],
					[
						"8085.211628",
						"5.05111e-16"
					],
					[
						"8090.730073",
						"4.82518e-16"
					],
					[
						"8096.248518",
						"4.66641e-16"
					],
					[
						"8101.766963",
						"4.42677e-16"
					],
					[
						"8107.285408",
						"4.61416e-16"
					],
					[
						"8112.803853",
						"4.99807e-16"
					],
					[
						"8118.322298",
						"4.9217e-16"
					],
					[
						"8123.840743",
						"4.85928e-16"
					],
					[
						"8129.359188",
						"4.82349e-16"
					],
					[
						"8134.877633",
						"4.71805e-16"
					],
					[
						"8140.396078",
						"4.47998e-16"
					],
					[
						"8145.914523",
						"4.40591e-16"
					],
					[
						"8151.432968",
						"4.54551e-16"
					],
					[
						"8156.951413",
						"4.56783e-16"
					],
					[
						"8162.469858",
						"4.4138e-16"
					],
					[
						"8167.988303",
						"4.30181e-16"
					],
					[
						"8173.506748",
						"4.25088e-16"
					],
					[
						"8179.025193",
						"4.1784e-16"
					],
					[
						"8184.543638",
						"4.41911e-16"
					],
					[
						"8190.062083",
						"4.63042e-16"
					],
					[
						"8195.580528",
						"4.62556e-16"
					],
					[
						"8201.098973",
						"4.66191e-16"
					],
					[
						"8206.617418",
						"4.42048e-16"
					],
					[
						"8212.135863",
						"4.43575e-16"
					],
					[
						"8217.654308",
						"4.41368e-16"
					],
					[
						"8223.172753",
						"4.50206e-16"
					],
					[
						"8228.691198",
						"4.30463e-16"
					],
					[
						"8234.209643",
						"4.24658e-16"
					],
					[
						"8239.728088",
						"4.08522e-16"
					],
					[
						"8245.246533",
						"4.1438e-16"
					],
					[
						"8250.764978",
						"4.3184e-16"
					],
					[
						"8256.283423",
						"4.43373e-16"
					],
					[
						"8261.801868",
						"4.53661e-16"
					],
					[
						"8267.320313",
						"4.51871e-16"
					],
					[
						"8272.838758",
						"4.27331e-16"
					],
					[
						"8278.357203",
						"4.07169e-16"
					],
					[
						"8283.875648",
						"4.13622e-16"
					],
					[
						"8289.394094",
						"4.25046e-16"
					],
					[
						"8294.912539",
						"4.1957e-16"
					],
					[
						"8300.430984",
						"4.41727e-16"
					],
					[
						"8305.949429",
						"4.34596e-16"
					],
					[
						"8311.467874",
						"3.96705e-16"
					],
					[
						"8316.986319",
						"4.04201e-16"
					],
					[
						"8322.504764",
						"4.10347e-16"
					],
					[
						"8328.023209",
						"4.31409e-16"
					],
					[
						"8333.541654",
						"4.40306e-16"
					],
					[
						"8339.060099",
						"4.27799e-16"
					],
					[
						"8344.578544",
						"4.38714e-16"
					],
					[
						"8350.096989",
						"4.14141e-16"
					],
					[
						"8355.615434",
						"4.2057e-16"
					],
					[
						"8361.133879",
						"3.99572e-16"
					],
					[
						"8366.652324",
						"4.24458e-16"
					],
					[
						"8372.170769",
						"4.53302e-16"
					],
					[
						"8377.689214",
						"4.47847e-16"
					],
					[
						"8383.207659",
						"4.47941e-16"
					],
					[
						"8388.726104",
						"4.21343e-16"
					],
					[
						"8394.244549",
						"4.27379e-16"
					],
					[
						"8399.762994",
						"4.28498e-16"
					],
					[
						"8405.281439",
						"4.43796e-16"
					],
					[
						"8410.799884",
						"4.72989e-16"
					],
					[
						"8416.318329",
						"4.80998e-16"
					],
					[
						"8421.836774",
						"4.52668e-16"
					],
					[
						"8427.355219",
						"4.29584e-16"
					],
					[
						"8432.873664",
						"4.31467e-16"
					],
					[
						"8438.392109",
						"4.39999e-16"
					],
					[
						"8443.910554",
						"4.43634e-16"
					],
					[
						"8449.428999",
						"4.63896e-16"
					],
					[
						"8454.947444",
						"4.67823e-16"
					],
					[
						"8460.465889",
						"4.39457e-16"
					],
					[
						"8465.984334",
						"4.18874e-16"
					],
					[
						"8471.502779",
						"4.30535e-16"
					],
					[
						"8477.021224",
						"4.17344e-16"
					],
					[
						"8482.539669",
						"4.2096e-16"
					],
					[
						"8488.058114",
						"4.51876e-16"
					],
					[
						"8493.576559",
						"4.55114e-16"
					],
					[
						"8499.095004",
						"4.56399e-16"
					],
					[
						"8504.613449",
						"4.53359e-16"
					],
					[
						"8510.131894",
						"4.35438e-16"
					],
					[
						"8515.650339",
						"4.7717e-16"
					],
					[
						"8521.168784",
						"4.44112e-16"
					],
					[
						"8526.687229",
						"4.64023e-16"
					],
					[
						"8532.205674",
						"4.41102e-16"
					],
					[
						"8537.724119",
						"4.35355e-16"
					],
					[
						"8543.242564",
						"4.65716e-16"
					],
					[
						"8548.761009",
						"4.29622e-16"
					],
					[
						"8554.279454",
						"4.42507e-16"
					],
					[
						"8559.797899",
						"4.64925e-16"
					],
					[
						"8565.316344",
						"4.36823e-16"
					],
					[
						"8570.834789",
						"4.3263e-16"
					],
					[
						"8576.353234",
						"4.293e-16"
					],
					[
						"8581.871679",
						"4.06882e-16"
					],
					[
						"8587.390124",
						"4.4931e-16"
					],
					[
						"8592.908569",
						"4.67061e-16"
					],
					[
						"8598.427014",
						"4.65246e-16"
					],
					[
						"8603.945459",
						"4.80999e-16"
					],
					[
						"8609.463904",
						"4.77913e-16"
					],
					[
						"8614.982349",
						"4.46706e-16"
					],
					[
						"8620.500794",
						"4.31266e-16"
					],
					[
						"8626.019239",
						"4.20334e-16"
					],
					[
						"8631.537684",
						"4.42846e-16"
					],
					[
						"8637.056129",
						"4.63109e-16"
					],
					[
						"8642.574574",
						"4.98653e-16"
					],
					[
						"8648.093019",
						"4.81042e-16"
					],
					[
						"8653.611464",
						"4.21888e-16"
					],
					[
						"8659.12991",
						"4.13856e-16"
					],
					[
						"8664.648355",
						"4.26792e-16"
					],
					[
						"8670.1668",
						"4.35803e-16"
					],
					[
						"8675.685245",
						"4.61486e-16"
					],
					[
						"8681.20369",
						"4.6084e-16"
					],
					[
						"8686.722135",
						"4.65862e-16"
					],
					[
						"8692.24058",
						"4.26192e-16"
					],
					[
						"8697.759025",
						"4.34967e-16"
					],
					[
						"8703.27747",
						"4.45031e-16"
					],
					[
						"8708.795915",
						"4.54362e-16"
					],
					[
						"8714.31436",
						"4.58251e-16"
					],
					[
						"8719.832805",
						"4.79197e-16"
					],
					[
						"8725.35125",
						"4.90971e-16"
					],
					[
						"8730.869695",
						"4.49052e-16"
					],
					[
						"8736.38814",
						"4.53858e-16"
					],
					[
						"8741.906585",
						"4.71709e-16"
					],
					[
						"8747.42503",
						"4.70926e-16"
					],
					[
						"8752.943475",
						"4.77698e-16"
					],
					[
						"8758.46192",
						"4.68996e-16"
					],
					[
						"8763.980365",
						"4.49199e-16"
					],
					[
						"8769.49881",
						"4.12033e-16"
					],
					[
						"8775.017255",
						"3.95221e-16"
					],
					[
						"8780.5357",
						"3.99098e-16"
					],
					[
						"8786.054145",
						"4.23554e-16"
					],
					[
						"8791.57259",
						"4.56827e-16"
					],
					[
						"8797.091035",
						"4.46214e-16"
					],
					[
						"8802.60948",
						"4.50245e-16"
					],
					[
						"8808.127925",
						"4.31183e-16"
					],
					[
						"8813.64637",
						"4.2024e-16"
					],
					[
						"8819.164815",
						"4.64203e-16"
					],
					[
						"8824.68326",
						"4.76846e-16"
					],
					[
						"8830.201705",
						"4.29361e-16"
					],
					[
						"8835.72015",
						"4.66037e-16"
					],
					[
						"8841.238595",
						"4.61995e-16"
					],
					[
						"8846.75704",
						"3.81674e-16"
					],
					[
						"8852.275485",
						"4.38892e-16"
					],
					[
						"8857.79393",
						"4.26377e-16"
					],
					[
						"8863.312375",
						"4.41677e-16"
					],
					[
						"8868.83082",
						"4.52534e-16"
					],
					[
						"8874.349265",
						"3.81973e-16"
					],
					[
						"8879.86771",
						"3.99667e-16"
					],
					[
						"8885.386155",
						"3.70956e-16"
					],
					[
						"8890.9046",
						"3.70809e-16"
					],
					[
						"8896.423045",
						"4.02105e-16"
					],
					[
						"8901.94149",
						"4.11838e-16"
					],
					[
						"8907.459935",
						"3.97053e-16"
					],
					[
						"8912.97838",
						"3.85531e-16"
					],
					[
						"8918.496825",
						"3.41361e-16"
					],
					[
						"8924.01527",
						"3.85999e-16"
					],
					[
						"8929.533715",
						"4.31638e-16"
					],
					[
						"8935.05216",
						"4.37729e-16"
					],
					[
						"8940.570605",
						"4.3335e-16"
					],
					[
						"8946.08905",
						"3.8779e-16"
					],
					[
						"8951.607495",
						"3.79197e-16"
					],
					[
						"8957.12594",
						"4.12038e-16"
					],
					[
						"8962.644385",
						"3.82707e-16"
					],
					[
						"8968.16283",
						"3.95487e-16"
					],
					[
						"8973.681275",
						"4.08993e-16"
					],
					[
						"8979.19972",
						"3.74212e-16"
					],
					[
						"8984.718165",
						"3.4594e-16"
					],
					[
						"8990.23661",
						"3.41889e-16"
					],
					[
						"8995.755055",
						"3.62372e-16"
					],
					[
						"9001.2735",
						"3.91044e-16"
					],
					[
						"9006.791945",
						"3.78255e-16"
					],
					[
						"9012.31039",
						"3.58393e-16"
					],
					[
						"9017.828835",
						"3.16642e-16"
					],
					[
						"9023.347281",
						"3.15715e-16"
					],
					[
						"9028.865726",
						"3.55739e-16"
					],
					[
						"9034.384171",
						"3.46972e-16"
					],
					[
						"9039.902616",
						"3.88902e-16"
					],
					[
						"9045.421061",
						"3.59045e-16"
					],
					[
						"9050.939506",
						"3.42219e-16"
					],
					[
						"9056.457951",
						"3.45168e-16"
					],
					[
						"9061.976396",
						"3.48651e-16"
					],
					[
						"9067.494841",
						"3.9131e-16"
					],
					[
						"9073.013286",
						"3.91064e-16"
					],
					[
						"9078.531731",
						"3.6369e-16"
					],
					[
						"9084.050176",
						"3.57964e-16"
					],
					[
						"9089.568621",
						"3.58178e-16"
					],
					[
						"9095.087066",
						"3.7604e-16"
					],
					[
						"9100.605511",
						"4.03475e-16"
					],
					[
						"9106.123956",
						"3.94314e-16"
					],
					[
						"9111.642401",
						"3.62933e-16"
					],
					[
						"9117.160846",
						"3.371e-16"
					],
					[
						"9122.679291",
						"3.4686e-16"
					],
					[
						"9128.197736",
						"3.93298e-16"
					],
					[
						"9133.716181",
						"3.8315e-16"
					],
					[
						"9139.234626",
						"3.4555e-16"
					],
					[
						"9144.753071",
						"3.47878e-16"
					],
					[
						"9150.271516",
						"3.52903e-16"
					],
					[
						"9155.789961",
						"3.68773e-16"
					],
					[
						"9161.308406",
						"3.7402e-16"
					],
					[
						"9166.826851",
						"3.68471e-16"
					],
					[
						"9172.345296",
						"3.62222e-16"
					],
					[
						"9177.863741",
						"3.26639e-16"
					],
					[
						"9183.382186",
						"3.45296e-16"
					],
					[
						"9188.900631",
						"4.10858e-16"
					],
					[
						"9194.419076",
						"4.45067e-16"
					],
					[
						"9199.937521",
						"4.56245e-16"
					],
					[
						"9205.455966",
						"4.23353e-16"
					],
					[
						"9210.974411",
						"4.24968e-16"
					],
					[
						"9216.492856",
						"4.14563e-16"
					],
					[
						"9222.011301",
						"3.60224e-16"
					],
					[
						"9227.529746",
						"3.92774e-16"
					],
					[
						"9233.048191",
						"3.80064e-16"
					],
					[
						"9238.566636",
						"3.6565e-16"
					],
					[
						"9244.085081",
						"3.68224e-16"
					]
				],
				"source":"8"
			}
		]
	}
}