{
	"ASASSN-15ua":{
		"schema":"https://github.com/astrocatalogs/supernovae/blob/a0bc0b9/SCHEMA.md",
		"name":"ASASSN-15ua",
		"sources":[
			{
				"name":"2016A&A...594A..13P",
				"bibcode":"2016A&A...594A..13P",
				"reference":"Planck Collaboration et al. (2016)",
				"alias":"1"
			},
			{
				"name":"2015ATel.8408....1M",
				"bibcode":"2015ATel.8408....1M",
				"reference":"Masi et al. (2015)",
				"alias":"2"
			},
			{
				"name":"2015ATel.8410....1C",
				"bibcode":"2015ATel.8410....1C",
				"reference":"Challis et al. (2015)",
				"alias":"3"
			},
			{
				"name":"2011ApJ...737..103S",
				"bibcode":"2011ApJ...737..103S",
				"reference":"Schlafly & Finkbeiner (2011)",
				"alias":"4"
			},
			{
				"name":"Pan-STARRS 3Pi",
				"url":"http://psweb.mp.qub.ac.uk/ps1threepi/psdb/",
				"alias":"5"
			},
			{
				"name":"ASAS-SN Supernovae",
				"url":"http://www.astronomy.ohio-state.edu/~assassin/sn_list.html",
				"alias":"6"
			},
			{
				"name":"Latest Supernovae",
				"secondary":true,
				"url":"http://www.rochesterastronomy.org/snimages/snredshiftall.html",
				"alias":"7"
			},
			{
				"name":"The Open Supernova Catalog",
				"bibcode":"2017ApJ...835...64G",
				"reference":"Guillochon et al. (2017)",
				"secondary":true,
				"url":"https://sne.space",
				"alias":"8"
			},
			{
				"name":"SIMBAD astronomical database",
				"bibcode":"2000A&AS..143....9W",
				"reference":"Wenger et al. (2000)",
				"secondary":true,
				"url":"http://simbad.u-strasbg.fr/",
				"alias":"9"
			}
		],
		"alias":[
			{
				"value":"ASASSN-15ua",
				"source":"2,3,5,6,7,9"
			},
			{
				"value":"CSS160204:133454+105905",
				"source":"2,3,5,7"
			},
			{
				"value":"PS16ub",
				"source":"2,7"
			}
		],
		"claimedtype":[
			{
				"value":"IIn",
				"source":"2,3,6,7,9"
			}
		],
		"comovingdist":[
			{
				"value":"270",
				"derived":true,
				"u_value":"Mpc",
				"source":"1,2,6,8"
			}
		],
		"dec":[
			{
				"value":"+10:59:04.69",
				"u_value":"degrees",
				"source":"2,9"
			},
			{
				"value":"+10:59:04.7",
				"u_value":"degrees",
				"source":"2,7"
			},
			{
				"value":"+10:59:04.5",
				"u_value":"degrees",
				"source":"2,3,5"
			},
			{
				"value":"+10:59:04.56",
				"u_value":"degrees",
				"source":"2,6"
			}
		],
		"discoverdate":[
			{
				"value":"2015/12/12",
				"source":"2,7"
			}
		],
		"discoverer":[
			{
				"value":"ASAS-SN",
				"source":"2,7"
			}
		],
		"ebv":[
			{
				"value":"0.0247",
				"derived":true,
				"e_value":"0.0004",
				"source":"4,8"
			}
		],
		"host":[
			{
				"value":"GALEXASC J133454.49+105906.7",
				"source":"2,6"
			}
		],
		"hostdec":[
			{
				"value":"+10:59:06.7",
				"derived":true,
				"u_value":"degrees",
				"source":"8"
			}
		],
		"hostoffsetang":[
			{
				"value":"2.2",
				"u_value":"arcseconds",
				"source":"2,6"
			}
		],
		"hostoffsetdist":[
			{
				"value":"2.7",
				"source":"1,2,6,8,9"
			}
		],
		"hostra":[
			{
				"value":"13:34:54.49",
				"derived":true,
				"u_value":"hours",
				"source":"8"
			}
		],
		"lumdist":[
			{
				"value":"282",
				"derived":true,
				"u_value":"Mpc",
				"source":"1,2,6,8"
			}
		],
		"maxabsmag":[
			{
				"value":"-20.3",
				"derived":true,
				"source":"1,2,6,8"
			}
		],
		"maxappmag":[
			{
				"value":"16.9",
				"derived":true,
				"source":"2,7,8"
			}
		],
		"maxdate":[
			{
				"value":"2015/12/11",
				"derived":true,
				"source":"2,7,8"
			}
		],
		"maxvisualabsmag":[
			{
				"value":"-20.2",
				"derived":true,
				"source":"1,2,6,8"
			}
		],
		"maxvisualappmag":[
			{
				"value":"17.04",
				"derived":true,
				"source":"2,3,5,8"
			}
		],
		"maxvisualband":[
			{
				"value":"r",
				"derived":true,
				"source":"2,3,5,8"
			}
		],
		"maxvisualdate":[
			{
				"value":"2016/01/20",
				"derived":true,
				"source":"2,3,5,8"
			}
		],
		"ra":[
			{
				"value":"13:34:54.473",
				"u_value":"hours",
				"source":"2,9"
			},
			{
				"value":"13:34:54.47",
				"u_value":"hours",
				"source":"2,3,5,7"
			},
			{
				"value":"13:34:54.48",
				"u_value":"hours",
				"source":"2,6"
			}
		],
		"redshift":[
			{
				"value":"0.061",
				"source":"2,6"
			}
		],
		"velocity":[
			{
				"value":"18000",
				"u_value":"km/s",
				"source":"8"
			}
		],
		"photometry":[
			{
				"time":"57367.5",
				"magnitude":"16.9",
				"u_time":"MJD",
				"source":"2,7"
			},
			{
				"time":"57407.5845512338",
				"band":"r",
				"e_magnitude":"0.010219",
				"instrument":"GPC",
				"magnitude":"17.0444",
				"telescope":"Pan-STARRS1",
				"u_time":"MJD",
				"source":"2,3,5"
			},
			{
				"time":"57407.5955212108",
				"band":"r",
				"e_magnitude":"0.0158825",
				"instrument":"GPC",
				"magnitude":"17.0653",
				"telescope":"Pan-STARRS1",
				"u_time":"MJD",
				"source":"2,3,5"
			},
			{
				"time":"57407.6065861099",
				"band":"r",
				"e_magnitude":"0.0109703",
				"instrument":"GPC",
				"magnitude":"17.0708",
				"telescope":"Pan-STARRS1",
				"u_time":"MJD",
				"source":"2,3,5"
			},
			{
				"time":"57407.6176602634",
				"band":"r",
				"e_magnitude":"0.0158984",
				"instrument":"GPC",
				"magnitude":"17.069",
				"telescope":"Pan-STARRS1",
				"u_time":"MJD",
				"source":"2,3,5"
			},
			{
				"time":"57411.5495978002",
				"band":"i",
				"e_magnitude":"0.0169839",
				"instrument":"GPC",
				"magnitude":"16.9384",
				"telescope":"Pan-STARRS1",
				"u_time":"MJD",
				"source":"2,3,5"
			},
			{
				"time":"57411.561193381",
				"band":"i",
				"e_magnitude":"0.0118885",
				"instrument":"GPC",
				"magnitude":"16.902",
				"telescope":"Pan-STARRS1",
				"u_time":"MJD",
				"source":"2,3,5"
			},
			{
				"time":"57411.5728203971",
				"band":"i",
				"e_magnitude":"0.0191699",
				"instrument":"GPC",
				"magnitude":"16.9523",
				"telescope":"Pan-STARRS1",
				"u_time":"MJD",
				"source":"2,3,5"
			},
			{
				"time":"57411.5844893213",
				"band":"i",
				"e_magnitude":"0.0221865",
				"instrument":"GPC",
				"magnitude":"16.9814",
				"telescope":"Pan-STARRS1",
				"u_time":"MJD",
				"source":"2,3,5"
			},
			{
				"time":"57424.6772887503",
				"band":"y",
				"e_magnitude":"0.0467983",
				"instrument":"GPC",
				"magnitude":"17.0126",
				"telescope":"Pan-STARRS1",
				"u_time":"MJD",
				"source":"2,3,5"
			},
			{
				"time":"57426.6776353841",
				"band":"y",
				"e_magnitude":"0.125268",
				"instrument":"GPC",
				"magnitude":"17.0602",
				"telescope":"Pan-STARRS1",
				"u_time":"MJD",
				"source":"2,3,5"
			},
			{
				"time":"57433.6508470262",
				"band":"z",
				"e_magnitude":"0.0366679",
				"instrument":"GPC",
				"magnitude":"17.0912",
				"telescope":"Pan-STARRS1",
				"u_time":"MJD",
				"source":"2,3,5"
			},
			{
				"time":"57433.6599865691",
				"band":"z",
				"e_magnitude":"0.0362261",
				"instrument":"GPC",
				"magnitude":"17.0841",
				"telescope":"Pan-STARRS1",
				"u_time":"MJD",
				"source":"2,3,5"
			},
			{
				"time":"57437.5091262882",
				"band":"r",
				"e_magnitude":"0.0315942",
				"instrument":"GPC",
				"magnitude":"17.3855",
				"telescope":"Pan-STARRS1",
				"u_time":"MJD",
				"source":"2,3,5"
			},
			{
				"time":"57437.5213863718",
				"band":"r",
				"e_magnitude":"0.0286156",
				"instrument":"GPC",
				"magnitude":"17.3836",
				"telescope":"Pan-STARRS1",
				"u_time":"MJD",
				"source":"2,3,5"
			},
			{
				"time":"57437.5338983514",
				"band":"r",
				"e_magnitude":"0.0308764",
				"instrument":"GPC",
				"magnitude":"17.3501",
				"telescope":"Pan-STARRS1",
				"u_time":"MJD",
				"source":"2,3,5"
			},
			{
				"time":"57437.5466238823",
				"band":"r",
				"e_magnitude":"0.0238693",
				"instrument":"GPC",
				"magnitude":"17.3322",
				"telescope":"Pan-STARRS1",
				"u_time":"MJD",
				"source":"2,3,5"
			},
			{
				"time":"57439.6646408277",
				"band":"z",
				"e_magnitude":"0.0193644",
				"instrument":"GPC",
				"magnitude":"17.1316",
				"telescope":"Pan-STARRS1",
				"u_time":"MJD",
				"source":"2,3,5"
			},
			{
				"time":"57455.4512065937",
				"band":"w",
				"e_magnitude":"0.0187851",
				"instrument":"GPC",
				"magnitude":"17.4707",
				"telescope":"Pan-STARRS1",
				"u_time":"MJD",
				"source":"2,3,5"
			},
			{
				"time":"57455.4621462257",
				"band":"w",
				"e_magnitude":"0.0167615",
				"instrument":"GPC",
				"magnitude":"17.4708",
				"telescope":"Pan-STARRS1",
				"u_time":"MJD",
				"source":"2,3,5"
			},
			{
				"time":"57455.4741196296",
				"band":"w",
				"e_magnitude":"0.0262781",
				"instrument":"GPC",
				"magnitude":"17.4322",
				"telescope":"Pan-STARRS1",
				"u_time":"MJD",
				"source":"2,3,5"
			},
			{
				"time":"57455.4851133376",
				"band":"w",
				"e_magnitude":"0.0208236",
				"instrument":"GPC",
				"magnitude":"17.412",
				"telescope":"Pan-STARRS1",
				"u_time":"MJD",
				"source":"2,3,5"
			},
			{
				"time":"57463.5754743577",
				"band":"w",
				"e_magnitude":"0.0104802",
				"instrument":"GPC",
				"magnitude":"17.5389",
				"telescope":"Pan-STARRS1",
				"u_time":"MJD",
				"source":"2,3,5"
			},
			{
				"time":"57463.5890203648",
				"band":"w",
				"e_magnitude":"0.0160789",
				"instrument":"GPC",
				"magnitude":"17.5618",
				"telescope":"Pan-STARRS1",
				"u_time":"MJD",
				"source":"2,3,5"
			},
			{
				"time":"57463.6025616835",
				"band":"w",
				"e_magnitude":"0.00929646",
				"instrument":"GPC",
				"magnitude":"17.5153",
				"telescope":"Pan-STARRS1",
				"u_time":"MJD",
				"source":"2,3,5"
			},
			{
				"time":"57463.616398956",
				"band":"w",
				"e_magnitude":"0.0103194",
				"instrument":"GPC",
				"magnitude":"17.5349",
				"telescope":"Pan-STARRS1",
				"u_time":"MJD",
				"source":"2,3,5"
			},
			{
				"time":"57490.3699950109",
				"band":"r",
				"e_magnitude":"0.0268075",
				"instrument":"GPC",
				"magnitude":"17.666",
				"telescope":"Pan-STARRS1",
				"u_time":"MJD",
				"source":"2,3,5"
			},
			{
				"time":"57490.382356226",
				"band":"r",
				"e_magnitude":"0.0174753",
				"instrument":"GPC",
				"magnitude":"17.6193",
				"telescope":"Pan-STARRS1",
				"u_time":"MJD",
				"source":"2,3,5"
			},
			{
				"time":"57490.3947461657",
				"band":"r",
				"e_magnitude":"0.0146575",
				"instrument":"GPC",
				"magnitude":"17.6354",
				"telescope":"Pan-STARRS1",
				"u_time":"MJD",
				"source":"2,3,5"
			},
			{
				"time":"57490.4072796492",
				"band":"r",
				"e_magnitude":"0.0303634",
				"instrument":"GPC",
				"magnitude":"17.6831",
				"telescope":"Pan-STARRS1",
				"u_time":"MJD",
				"source":"2,3,5"
			},
			{
				"time":"57513.4134555384",
				"band":"w",
				"e_magnitude":"0.0074389",
				"instrument":"GPC",
				"magnitude":"17.8005",
				"telescope":"Pan-STARRS1",
				"u_time":"MJD",
				"source":"2,3,5"
			},
			{
				"time":"57513.4247297542",
				"band":"w",
				"e_magnitude":"0.0084772",
				"instrument":"GPC",
				"magnitude":"17.8196",
				"telescope":"Pan-STARRS1",
				"u_time":"MJD",
				"source":"2,3,5"
			},
			{
				"time":"57513.4360273001",
				"band":"w",
				"e_magnitude":"0.00699805",
				"instrument":"GPC",
				"magnitude":"17.7864",
				"telescope":"Pan-STARRS1",
				"u_time":"MJD",
				"source":"2,3,5"
			},
			{
				"time":"57513.4473104678",
				"band":"w",
				"e_magnitude":"0.00742051",
				"instrument":"GPC",
				"magnitude":"17.7593",
				"telescope":"Pan-STARRS1",
				"u_time":"MJD",
				"source":"2,3,5"
			},
			{
				"time":"57530.4056783379",
				"band":"i",
				"e_magnitude":"0.033594",
				"instrument":"GPC",
				"magnitude":"17.5292",
				"telescope":"Pan-STARRS1",
				"u_time":"MJD",
				"source":"2,3,5"
			},
			{
				"time":"57547.3414752198",
				"band":"w",
				"e_magnitude":"0.00885329",
				"instrument":"GPC",
				"magnitude":"17.9146",
				"telescope":"Pan-STARRS1",
				"u_time":"MJD",
				"source":"2,3,5"
			},
			{
				"time":"57547.3552975085",
				"band":"w",
				"e_magnitude":"0.0103477",
				"instrument":"GPC",
				"magnitude":"17.9354",
				"telescope":"Pan-STARRS1",
				"u_time":"MJD",
				"source":"2,3,5"
			},
			{
				"time":"57547.3690425494",
				"band":"w",
				"e_magnitude":"0.00999633",
				"instrument":"GPC",
				"magnitude":"17.9217",
				"telescope":"Pan-STARRS1",
				"u_time":"MJD",
				"source":"2,3,5"
			},
			{
				"time":"57547.3828771577",
				"band":"w",
				"e_magnitude":"0.0109647",
				"instrument":"GPC",
				"magnitude":"17.9581",
				"telescope":"Pan-STARRS1",
				"u_time":"MJD",
				"source":"2,3,5"
			},
			{
				"time":"57570.2646269775",
				"band":"z",
				"e_magnitude":"0.131294",
				"instrument":"GPC",
				"magnitude":"17.9324",
				"telescope":"Pan-STARRS1",
				"u_time":"MJD",
				"source":"2,3,5"
			}
		]
	}
}