{
	"ASASSN-15tm":{
		"schema":"https://github.com/astrocatalogs/supernovae/blob/a0bc0b9/SCHEMA.md",
		"name":"ASASSN-15tm",
		"sources":[
			{
				"name":"2016A&A...594A..13P",
				"bibcode":"2016A&A...594A..13P",
				"reference":"Planck Collaboration et al. (2016)",
				"alias":"1"
			},
			{
				"name":"2015ATel.8365....1M",
				"bibcode":"2015ATel.8365....1M",
				"reference":"Masi et al. (2015)",
				"alias":"2"
			},
			{
				"name":"2015ATel.8393....1S",
				"bibcode":"2015ATel.8393....1S",
				"reference":"Shivvers et al. (2015)",
				"alias":"3"
			},
			{
				"name":"2011ApJ...737..103S",
				"bibcode":"2011ApJ...737..103S",
				"reference":"Schlafly & Finkbeiner (2011)",
				"alias":"4"
			},
			{
				"name":"Pan-STARRS 3Pi",
				"url":"http://psweb.mp.qub.ac.uk/ps1threepi/psdb/",
				"alias":"5"
			},
			{
				"name":"ASAS-SN Supernovae",
				"url":"http://www.astronomy.ohio-state.edu/~assassin/sn_list.html",
				"alias":"6"
			},
			{
				"name":"Latest Supernovae",
				"secondary":true,
				"url":"http://www.rochesterastronomy.org/snimages/snredshiftall.html",
				"alias":"7"
			},
			{
				"name":"The Open Supernova Catalog",
				"bibcode":"2017ApJ...835...64G",
				"reference":"Guillochon et al. (2017)",
				"secondary":true,
				"url":"https://sne.space",
				"alias":"8"
			},
			{
				"name":"SIMBAD astronomical database",
				"bibcode":"2000A&AS..143....9W",
				"reference":"Wenger et al. (2000)",
				"secondary":true,
				"url":"http://simbad.u-strasbg.fr/",
				"alias":"9"
			}
		],
		"alias":[
			{
				"value":"ASASSN-15tm",
				"source":"2,5,6,7,9"
			},
			{
				"value":"PS15dqg",
				"source":"2,7"
			}
		],
		"claimedtype":[
			{
				"value":"II P",
				"source":"2,3,6,7,9"
			}
		],
		"comovingdist":[
			{
				"value":"71",
				"derived":true,
				"u_value":"Mpc",
				"source":"1,2,6,7,8"
			}
		],
		"dec":[
			{
				"value":"+29:24:31.17",
				"u_value":"degrees",
				"source":"2,9"
			},
			{
				"value":"+29:24:31.2",
				"u_value":"degrees",
				"source":"2,7"
			},
			{
				"value":"+29:24:30.9",
				"u_value":"degrees",
				"source":"2,5"
			},
			{
				"value":"+29:24:31.32",
				"u_value":"degrees",
				"source":"2,6"
			}
		],
		"discoverdate":[
			{
				"value":"2015/12/04",
				"source":"2,7"
			}
		],
		"discoverer":[
			{
				"value":"ASAS-SN",
				"source":"2,7"
			}
		],
		"ebv":[
			{
				"value":"0.1119",
				"derived":true,
				"e_value":"0.0027",
				"source":"4,8"
			}
		],
		"host":[
			{
				"value":"2MASX J23273537+2924275",
				"source":"2,5,6"
			}
		],
		"hostdec":[
			{
				"value":"+29:24:27.5",
				"derived":true,
				"u_value":"degrees",
				"source":"8"
			}
		],
		"hostoffsetang":[
			{
				"value":"4.47",
				"u_value":"arcseconds",
				"source":"2,6"
			}
		],
		"hostoffsetdist":[
			{
				"value":"1.51",
				"source":"1,2,6,7,8,9"
			}
		],
		"hostra":[
			{
				"value":"23:27:35.37",
				"derived":true,
				"u_value":"hours",
				"source":"8"
			}
		],
		"lumdist":[
			{
				"value":"71.7",
				"derived":true,
				"u_value":"Mpc",
				"source":"1,2,6,7,8"
			}
		],
		"maxabsmag":[
			{
				"value":"-17.1",
				"derived":true,
				"source":"1,2,6,7,8"
			}
		],
		"maxappmag":[
			{
				"value":"17.2",
				"derived":true,
				"source":"2,7,8"
			}
		],
		"maxdate":[
			{
				"value":"2015/12/03",
				"derived":true,
				"source":"2,7,8"
			}
		],
		"maxvisualabsmag":[
			{
				"value":"-17.1",
				"derived":true,
				"source":"1,2,6,7,8"
			}
		],
		"maxvisualappmag":[
			{
				"value":"17.2",
				"derived":true,
				"source":"2,7,8"
			}
		],
		"maxvisualdate":[
			{
				"value":"2015/12/03",
				"derived":true,
				"source":"2,7,8"
			}
		],
		"ra":[
			{
				"value":"23:27:35.600",
				"u_value":"hours",
				"source":"2,9"
			},
			{
				"value":"23:27:35.60",
				"u_value":"hours",
				"source":"2,7"
			},
			{
				"value":"23:27:35.66",
				"u_value":"hours",
				"source":"2,5"
			},
			{
				"value":"23:27:35.52",
				"u_value":"hours",
				"source":"2,6"
			}
		],
		"redshift":[
			{
				"value":"0.016",
				"source":"2,6,7"
			}
		],
		"velocity":[
			{
				"value":"4800",
				"u_value":"km/s",
				"source":"8"
			}
		],
		"photometry":[
			{
				"time":"57359.5",
				"magnitude":"17.2",
				"u_time":"MJD",
				"source":"2,7"
			},
			{
				"time":"57385.202396444",
				"band":"z",
				"e_magnitude":"0.0545338",
				"instrument":"GPC",
				"magnitude":"17.4825",
				"telescope":"Pan-STARRS1",
				"u_time":"MJD",
				"source":"2,5"
			},
			{
				"time":"57385.2038115222",
				"band":"z",
				"e_magnitude":"0.0482193",
				"instrument":"GPC",
				"magnitude":"17.505",
				"telescope":"Pan-STARRS1",
				"u_time":"MJD",
				"source":"2,5"
			},
			{
				"time":"57421.2213122291",
				"band":"z",
				"e_magnitude":"0.0763951",
				"instrument":"GPC",
				"magnitude":"17.737",
				"telescope":"Pan-STARRS1",
				"u_time":"MJD",
				"source":"2,5"
			},
			{
				"time":"57422.2214830423",
				"band":"z",
				"e_magnitude":"0.055144",
				"instrument":"GPC",
				"magnitude":"17.7749",
				"telescope":"Pan-STARRS1",
				"u_time":"MJD",
				"source":"2,5"
			}
		]
	}
}