{
	"ASASSN-15da":{
		"schema":"https://github.com/astrocatalogs/supernovae/blob/a0bc0b9/SCHEMA.md",
		"name":"ASASSN-15da",
		"sources":[
			{
				"name":"2016A&A...594A..13P",
				"bibcode":"2016A&A...594A..13P",
				"reference":"Planck Collaboration et al. (2016)",
				"alias":"1"
			},
			{
				"name":"2015ATel.7061....1K",
				"bibcode":"2015ATel.7061....1K",
				"reference":"Kiyota et al. (2015)",
				"alias":"2"
			},
			{
				"name":"2015ATel.7064....1P",
				"bibcode":"2015ATel.7064....1P",
				"reference":"Porter et al. (2015)",
				"alias":"3"
			},
			{
				"name":"2011ApJ...737..103S",
				"bibcode":"2011ApJ...737..103S",
				"reference":"Schlafly & Finkbeiner (2011)",
				"alias":"4"
			},
			{
				"name":"ASAS-SN Supernovae",
				"url":"http://www.astronomy.ohio-state.edu/~assassin/sn_list.html",
				"alias":"5"
			},
			{
				"name":"Latest Supernovae",
				"secondary":true,
				"url":"http://www.rochesterastronomy.org/snimages/snredshiftall.html",
				"alias":"6"
			},
			{
				"name":"The Open Supernova Catalog",
				"bibcode":"2017ApJ...835...64G",
				"reference":"Guillochon et al. (2017)",
				"secondary":true,
				"url":"https://sne.space",
				"alias":"7"
			},
			{
				"name":"WISeREP",
				"bibcode":"2012PASP..124..668Y",
				"reference":"Yaron & Gal-Yam (2012)",
				"secondary":true,
				"url":"http://wiserep.weizmann.ac.il/",
				"alias":"8"
			},
			{
				"name":"SIMBAD astronomical database",
				"bibcode":"2000A&AS..143....9W",
				"reference":"Wenger et al. (2000)",
				"secondary":true,
				"url":"http://simbad.u-strasbg.fr/",
				"alias":"9"
			}
		],
		"alias":[
			{
				"value":"ASASSN-15da",
				"source":"2,5,6,8,9"
			}
		],
		"claimedtype":[
			{
				"value":"Ia",
				"source":"2,3,5,6,8,9"
			}
		],
		"comovingdist":[
			{
				"value":"210",
				"derived":true,
				"u_value":"Mpc",
				"source":"1,2,5,6,7,8"
			}
		],
		"dec":[
			{
				"value":"-24:42:08.38",
				"u_value":"degrees",
				"source":"2,9"
			},
			{
				"value":"-24:42:08.4",
				"u_value":"degrees",
				"source":"2,6"
			},
			{
				"value":"-24:42:08.28",
				"u_value":"degrees",
				"source":"2,5"
			}
		],
		"discoverdate":[
			{
				"value":"2015/02/12",
				"source":"2,6"
			}
		],
		"discoverer":[
			{
				"value":"ASAS-SN",
				"source":"2,6"
			}
		],
		"ebv":[
			{
				"value":"0.0303",
				"derived":true,
				"e_value":"0.0005",
				"source":"4,7"
			}
		],
		"host":[
			{
				"value":"2MASX J05235186-2442081",
				"source":"2,5"
			}
		],
		"hostdec":[
			{
				"value":"-24:42:08.1",
				"derived":true,
				"u_value":"degrees",
				"source":"7"
			}
		],
		"hostoffsetang":[
			{
				"value":"0.58",
				"u_value":"arcseconds",
				"source":"2,5"
			}
		],
		"hostoffsetdist":[
			{
				"value":"0.56",
				"source":"1,2,5,6,7,8,9"
			}
		],
		"hostra":[
			{
				"value":"05:23:51.86",
				"derived":true,
				"u_value":"hours",
				"source":"7"
			}
		],
		"lumdist":[
			{
				"value":"220",
				"derived":true,
				"u_value":"Mpc",
				"source":"1,2,5,6,7,8"
			}
		],
		"maxabsmag":[
			{
				"value":"-20.5",
				"derived":true,
				"source":"1,2,5,6,7,8"
			}
		],
		"maxappmag":[
			{
				"value":"16.2",
				"derived":true,
				"source":"2,6,7"
			}
		],
		"maxdate":[
			{
				"value":"2015/02/13",
				"derived":true,
				"source":"2,6,7"
			}
		],
		"maxvisualabsmag":[
			{
				"value":"-20.5",
				"derived":true,
				"source":"1,2,5,6,7,8"
			}
		],
		"maxvisualappmag":[
			{
				"value":"16.2",
				"derived":true,
				"source":"2,6,7"
			}
		],
		"maxvisualdate":[
			{
				"value":"2015/02/13",
				"derived":true,
				"source":"2,6,7"
			}
		],
		"ra":[
			{
				"value":"05:23:51.880",
				"u_value":"hours",
				"source":"2,9"
			},
			{
				"value":"05:23:51.88",
				"u_value":"hours",
				"source":"2,6"
			},
			{
				"value":"05:23:51.888",
				"u_value":"hours",
				"source":"2,5"
			}
		],
		"redshift":[
			{
				"value":"0.048",
				"source":"2,5,6,8"
			}
		],
		"velocity":[
			{
				"value":"14000",
				"u_value":"km/s",
				"source":"7"
			}
		],
		"photometry":[
			{
				"time":"57066.5",
				"magnitude":"16.2",
				"u_time":"MJD",
				"source":"2,6"
			}
		],
		"spectra":[
			{
				"time":"57067.0",
				"filename":"tASASSN-15da_20150213_Gr13_Free_slit1.0_1_f.asci",
				"instrument":"ESO-NTT - EFOSC2-NTT",
				"observer":"L. Le Guillou",
				"redshift":"0.048",
				"reducer":"N. Chotard",
				"reduction":"rapid",
				"survey":"PESSTO",
				"u_fluxes":"erg/s/cm^2/Angstrom",
				"u_time":"MJD",
				"u_wavelengths":"Angstrom",
				"data":[
					[
						"3642.047852",
						"2.97109e-16"
					],
					[
						"3647.56578",
						"2.92081e-16"
					],
					[
						"3653.083709",
						"3.10523e-16"
					],
					[
						"3658.601637",
						"3.14354e-16"
					],
					[
						"3664.119566",
						"3.5273e-16"
					],
					[
						"3669.637495",
						"2.81816e-16"
					],
					[
						"3675.155423",
						"3.80863e-16"
					],
					[
						"3680.673352",
						"3.57457e-16"
					],
					[
						"3686.19128",
						"3.34846e-16"
					],
					[
						"3691.709209",
						"3.98396e-16"
					],
					[
						"3697.227138",
						"3.76046e-16"
					],
					[
						"3702.745066",
						"3.76565e-16"
					],
					[
						"3708.262995",
						"3.7528e-16"
					],
					[
						"3713.780923",
						"3.59044e-16"
					],
					[
						"3719.298852",
						"3.49186e-16"
					],
					[
						"3724.816781",
						"3.72883e-16"
					],
					[
						"3730.334709",
						"3.74712e-16"
					],
					[
						"3735.852638",
						"3.81706e-16"
					],
					[
						"3741.370566",
						"4.36677e-16"
					],
					[
						"3746.888495",
						"4.28769e-16"
					],
					[
						"3752.406424",
						"3.98558e-16"
					],
					[
						"3757.924352",
						"3.45264e-16"
					],
					[
						"3763.442281",
						"3.7733e-16"
					],
					[
						"3768.960209",
						"3.28283e-16"
					],
					[
						"3774.478138",
						"3.29774e-16"
					],
					[
						"3779.996067",
						"3.73186e-16"
					],
					[
						"3785.513995",
						"3.63773e-16"
					],
					[
						"3791.031924",
						"3.53517e-16"
					],
					[
						"3796.549852",
						"3.54364e-16"
					],
					[
						"3802.067781",
						"4.05933e-16"
					],
					[
						"3807.58571",
						"4.00069e-16"
					],
					[
						"3813.103638",
						"4.30666e-16"
					],
					[
						"3818.621567",
						"4.41868e-16"
					],
					[
						"3824.139495",
						"4.26439e-16"
					],
					[
						"3829.657424",
						"4.04811e-16"
					],
					[
						"3835.175353",
						"3.87006e-16"
					],
					[
						"3840.693281",
						"3.79633e-16"
					],
					[
						"3846.21121",
						"3.28192e-16"
					],
					[
						"3851.729138",
						"3.06361e-16"
					],
					[
						"3857.247067",
						"2.87124e-16"
					],
					[
						"3862.764996",
						"3.01345e-16"
					],
					[
						"3868.282924",
						"2.87949e-16"
					],
					[
						"3873.800853",
						"3.05542e-16"
					],
					[
						"3879.318781",
						"2.53305e-16"
					],
					[
						"3884.83671",
						"2.42366e-16"
					],
					[
						"3890.354639",
						"2.56361e-16"
					],
					[
						"3895.872567",
						"2.44387e-16"
					],
					[
						"3901.390496",
						"2.95699e-16"
					],
					[
						"3906.908424",
						"2.69514e-16"
					],
					[
						"3912.426353",
						"2.4432e-16"
					],
					[
						"3917.944282",
						"2.7159e-16"
					],
					[
						"3923.46221",
						"2.98729e-16"
					],
					[
						"3928.980139",
						"2.40497e-16"
					],
					[
						"3934.498067",
						"2.7794e-16"
					],
					[
						"3940.015996",
						"2.37743e-16"
					],
					[
						"3945.533925",
						"2.60585e-16"
					],
					[
						"3951.051853",
						"2.46547e-16"
					],
					[
						"3956.569782",
						"2.42657e-16"
					],
					[
						"3962.08771",
						"2.52372e-16"
					],
					[
						"3967.605639",
						"2.1541e-16"
					],
					[
						"3973.123568",
						"2.28197e-16"
					],
					[
						"3978.641496",
						"2.16746e-16"
					],
					[
						"3984.159425",
						"2.07509e-16"
					],
					[
						"3989.677353",
						"2.61589e-16"
					],
					[
						"3995.195282",
						"2.51471e-16"
					],
					[
						"4000.713211",
						"2.61304e-16"
					],
					[
						"4006.231139",
						"2.59149e-16"
					],
					[
						"4011.749068",
						"2.65127e-16"
					],
					[
						"4017.266996",
						"2.95956e-16"
					],
					[
						"4022.784925",
						"3.08761e-16"
					],
					[
						"4028.302854",
						"3.3422e-16"
					],
					[
						"4033.820782",
						"3.44382e-16"
					],
					[
						"4039.338711",
						"3.83377e-16"
					],
					[
						"4044.856639",
						"3.81828e-16"
					],
					[
						"4050.374568",
						"4.34497e-16"
					],
					[
						"4055.892497",
						"4.26585e-16"
					],
					[
						"4061.410425",
						"4.61536e-16"
					],
					[
						"4066.928354",
						"4.44977e-16"
					],
					[
						"4072.446282",
						"4.73291e-16"
					],
					[
						"4077.964211",
						"4.67557e-16"
					],
					[
						"4083.48214",
						"4.82658e-16"
					],
					[
						"4089.000068",
						"4.70754e-16"
					],
					[
						"4094.517997",
						"5.03463e-16"
					],
					[
						"4100.035925",
						"4.99556e-16"
					],
					[
						"4105.553854",
						"4.69468e-16"
					],
					[
						"4111.071783",
						"5.1419e-16"
					],
					[
						"4116.589711",
						"4.80408e-16"
					],
					[
						"4122.10764",
						"4.96593e-16"
					],
					[
						"4127.625568",
						"4.94591e-16"
					],
					[
						"4133.143497",
						"4.61222e-16"
					],
					[
						"4138.661426",
						"4.48431e-16"
					],
					[
						"4144.179354",
						"4.38209e-16"
					],
					[
						"4149.697283",
						"4.54983e-16"
					],
					[
						"4155.215211",
						"4.29739e-16"
					],
					[
						"4160.73314",
						"3.73791e-16"
					],
					[
						"4166.251069",
						"3.88088e-16"
					],
					[
						"4171.768997",
						"3.77574e-16"
					],
					[
						"4177.286926",
						"3.53136e-16"
					],
					[
						"4182.804854",
						"3.50371e-16"
					],
					[
						"4188.322783",
						"3.92047e-16"
					],
					[
						"4193.840712",
						"3.75672e-16"
					],
					[
						"4199.35864",
						"3.74801e-16"
					],
					[
						"4204.876569",
						"3.87265e-16"
					],
					[
						"4210.394497",
						"3.92405e-16"
					],
					[
						"4215.912426",
						"4.12892e-16"
					],
					[
						"4221.430355",
						"4.12225e-16"
					],
					[
						"4226.948283",
						"4.38211e-16"
					],
					[
						"4232.466212",
						"4.55927e-16"
					],
					[
						"4237.98414",
						"4.76835e-16"
					],
					[
						"4243.502069",
						"4.86815e-16"
					],
					[
						"4249.019998",
						"4.84537e-16"
					],
					[
						"4254.537926",
						"4.84222e-16"
					],
					[
						"4260.055855",
						"5.02843e-16"
					],
					[
						"4265.573783",
						"4.89529e-16"
					],
					[
						"4271.091712",
						"4.81673e-16"
					],
					[
						"4276.609641",
						"5.02745e-16"
					],
					[
						"4282.127569",
						"4.96273e-16"
					],
					[
						"4287.645498",
						"5.15285e-16"
					],
					[
						"4293.163426",
						"5.09554e-16"
					],
					[
						"4298.681355",
						"4.94274e-16"
					],
					[
						"4304.199284",
						"4.81136e-16"
					],
					[
						"4309.717212",
						"4.80809e-16"
					],
					[
						"4315.235141",
						"4.77918e-16"
					],
					[
						"4320.753069",
						"4.71054e-16"
					],
					[
						"4326.270998",
						"4.62413e-16"
					],
					[
						"4331.788927",
						"4.51307e-16"
					],
					[
						"4337.306855",
						"4.40532e-16"
					],
					[
						"4342.824784",
						"4.72761e-16"
					],
					[
						"4348.342712",
						"4.73002e-16"
					],
					[
						"4353.860641",
						"4.66092e-16"
					],
					[
						"4359.37857",
						"4.56666e-16"
					],
					[
						"4364.896498",
						"4.60859e-16"
					],
					[
						"4370.414427",
						"4.60463e-16"
					],
					[
						"4375.932355",
						"4.54958e-16"
					],
					[
						"4381.450284",
						"4.6619e-16"
					],
					[
						"4386.968213",
						"4.37884e-16"
					],
					[
						"4392.486141",
						"4.37429e-16"
					],
					[
						"4398.00407",
						"4.37991e-16"
					],
					[
						"4403.521998",
						"4.22956e-16"
					],
					[
						"4409.039927",
						"4.02449e-16"
					],
					[
						"4414.557856",
						"4.24407e-16"
					],
					[
						"4420.075784",
						"4.06201e-16"
					],
					[
						"4425.593713",
						"3.97059e-16"
					],
					[
						"4431.111641",
						"4.13723e-16"
					],
					[
						"4436.62957",
						"4.09042e-16"
					],
					[
						"4442.147499",
						"3.79767e-16"
					],
					[
						"4447.665427",
						"3.73456e-16"
					],
					[
						"4453.183356",
						"3.74894e-16"
					],
					[
						"4458.701284",
						"3.60134e-16"
					],
					[
						"4464.219213",
						"3.71702e-16"
					],
					[
						"4469.737142",
						"3.49598e-16"
					],
					[
						"4475.25507",
						"3.20019e-16"
					],
					[
						"4480.772999",
						"2.89056e-16"
					],
					[
						"4486.290927",
						"2.98879e-16"
					],
					[
						"4491.808856",
						"2.8255e-16"
					],
					[
						"4497.326785",
						"2.75656e-16"
					],
					[
						"4502.844713",
						"2.5915e-16"
					],
					[
						"4508.362642",
						"2.64687e-16"
					],
					[
						"4513.88057",
						"2.66824e-16"
					],
					[
						"4519.398499",
						"2.75488e-16"
					],
					[
						"4524.916428",
						"2.88837e-16"
					],
					[
						"4530.434356",
						"2.93911e-16"
					],
					[
						"4535.952285",
						"3.04039e-16"
					],
					[
						"4541.470213",
						"2.88351e-16"
					],
					[
						"4546.988142",
						"3.02579e-16"
					],
					[
						"4552.506071",
						"3.12028e-16"
					],
					[
						"4558.023999",
						"3.11619e-16"
					],
					[
						"4563.541928",
						"3.22916e-16"
					],
					[
						"4569.059856",
						"3.15751e-16"
					],
					[
						"4574.577785",
						"3.24064e-16"
					],
					[
						"4580.095714",
						"3.45582e-16"
					],
					[
						"4585.613642",
						"3.13244e-16"
					],
					[
						"4591.131571",
						"3.09136e-16"
					],
					[
						"4596.649499",
						"3.31518e-16"
					],
					[
						"4602.167428",
						"3.31898e-16"
					],
					[
						"4607.685357",
						"3.06348e-16"
					],
					[
						"4613.203285",
						"3.32066e-16"
					],
					[
						"4618.721214",
						"3.28128e-16"
					],
					[
						"4624.239142",
						"3.33599e-16"
					],
					[
						"4629.757071",
						"3.30423e-16"
					],
					[
						"4635.275",
						"3.29992e-16"
					],
					[
						"4640.792928",
						"3.47213e-16"
					],
					[
						"4646.310857",
						"3.38187e-16"
					],
					[
						"4651.828785",
						"3.50722e-16"
					],
					[
						"4657.346714",
						"3.45399e-16"
					],
					[
						"4662.864643",
						"3.66603e-16"
					],
					[
						"4668.382571",
						"3.53418e-16"
					],
					[
						"4673.9005",
						"3.9165e-16"
					],
					[
						"4679.418428",
						"3.79386e-16"
					],
					[
						"4684.936357",
						"3.96125e-16"
					],
					[
						"4690.454286",
						"4.04713e-16"
					],
					[
						"4695.972214",
						"3.96437e-16"
					],
					[
						"4701.490143",
						"4.3474e-16"
					],
					[
						"4707.008071",
						"4.20377e-16"
					],
					[
						"4712.526",
						"4.28002e-16"
					],
					[
						"4718.043929",
						"4.17283e-16"
					],
					[
						"4723.561857",
						"4.23094e-16"
					],
					[
						"4729.079786",
						"4.36896e-16"
					],
					[
						"4734.597714",
						"4.39804e-16"
					],
					[
						"4740.115643",
						"4.11884e-16"
					],
					[
						"4745.633572",
						"4.21592e-16"
					],
					[
						"4751.1515",
						"4.2259e-16"
					],
					[
						"4756.669429",
						"4.24349e-16"
					],
					[
						"4762.187357",
						"4.05677e-16"
					],
					[
						"4767.705286",
						"4.07159e-16"
					],
					[
						"4773.223215",
						"4.09813e-16"
					],
					[
						"4778.741143",
						"4.05495e-16"
					],
					[
						"4784.259072",
						"4.06048e-16"
					],
					[
						"4789.777",
						"4.29834e-16"
					],
					[
						"4795.294929",
						"4.27993e-16"
					],
					[
						"4800.812858",
						"4.30379e-16"
					],
					[
						"4806.330786",
						"4.13825e-16"
					],
					[
						"4811.848715",
						"4.32585e-16"
					],
					[
						"4817.366643",
						"4.20027e-16"
					],
					[
						"4822.884572",
						"4.26549e-16"
					],
					[
						"4828.402501",
						"4.24629e-16"
					],
					[
						"4833.920429",
						"4.27066e-16"
					],
					[
						"4839.438358",
						"4.13938e-16"
					],
					[
						"4844.956286",
						"4.10242e-16"
					],
					[
						"4850.474215",
						"3.91205e-16"
					],
					[
						"4855.992144",
						"3.81371e-16"
					],
					[
						"4861.510072",
						"3.87005e-16"
					],
					[
						"4867.028001",
						"3.52243e-16"
					],
					[
						"4872.545929",
						"3.69567e-16"
					],
					[
						"4878.063858",
						"3.3528e-16"
					],
					[
						"4883.581787",
						"3.31591e-16"
					],
					[
						"4889.099715",
						"3.22195e-16"
					],
					[
						"4894.617644",
						"3.33483e-16"
					],
					[
						"4900.135572",
						"3.38699e-16"
					],
					[
						"4905.653501",
						"3.44861e-16"
					],
					[
						"4911.17143",
						"3.3036e-16"
					],
					[
						"4916.689358",
						"3.45777e-16"
					],
					[
						"4922.207287",
						"3.56911e-16"
					],
					[
						"4927.725215",
						"3.50746e-16"
					],
					[
						"4933.243144",
						"3.31901e-16"
					],
					[
						"4938.761073",
						"3.33352e-16"
					],
					[
						"4944.279001",
						"3.33865e-16"
					],
					[
						"4949.79693",
						"3.3142e-16"
					],
					[
						"4955.314858",
						"3.15929e-16"
					],
					[
						"4960.832787",
						"3.22311e-16"
					],
					[
						"4966.350716",
						"3.04388e-16"
					],
					[
						"4971.868644",
						"3.00038e-16"
					],
					[
						"4977.386573",
						"3.09254e-16"
					],
					[
						"4982.904501",
						"3.19783e-16"
					],
					[
						"4988.42243",
						"2.98959e-16"
					],
					[
						"4993.940359",
						"3.10969e-16"
					],
					[
						"4999.458287",
						"3.20564e-16"
					],
					[
						"5004.976216",
						"3.05591e-16"
					],
					[
						"5010.494144",
						"3.09803e-16"
					],
					[
						"5016.012073",
						"3.21293e-16"
					],
					[
						"5021.530002",
						"3.19778e-16"
					],
					[
						"5027.04793",
						"3.2268e-16"
					],
					[
						"5032.565859",
						"3.08432e-16"
					],
					[
						"5038.083787",
						"3.03013e-16"
					],
					[
						"5043.601716",
						"2.90374e-16"
					],
					[
						"5049.119645",
						"2.72208e-16"
					],
					[
						"5054.637573",
						"2.54301e-16"
					],
					[
						"5060.155502",
						"2.56359e-16"
					],
					[
						"5065.67343",
						"2.39453e-16"
					],
					[
						"5071.191359",
						"2.37148e-16"
					],
					[
						"5076.709288",
						"2.33127e-16"
					],
					[
						"5082.227216",
						"2.29939e-16"
					],
					[
						"5087.745145",
						"2.22515e-16"
					],
					[
						"5093.263073",
						"2.30339e-16"
					],
					[
						"5098.781002",
						"2.19723e-16"
					],
					[
						"5104.298931",
						"2.20721e-16"
					],
					[
						"5109.816859",
						"2.43101e-16"
					],
					[
						"5115.334788",
						"2.39185e-16"
					],
					[
						"5120.852716",
						"2.43354e-16"
					],
					[
						"5126.370645",
						"2.62131e-16"
					],
					[
						"5131.888574",
						"2.66347e-16"
					],
					[
						"5137.406502",
						"2.77944e-16"
					],
					[
						"5142.924431",
						"2.8887e-16"
					],
					[
						"5148.442359",
						"2.83073e-16"
					],
					[
						"5153.960288",
						"2.99561e-16"
					],
					[
						"5159.478217",
						"2.80461e-16"
					],
					[
						"5164.996145",
						"2.7442e-16"
					],
					[
						"5170.514074",
						"2.78687e-16"
					],
					[
						"5176.032002",
						"2.92042e-16"
					],
					[
						"5181.549931",
						"2.94731e-16"
					],
					[
						"5187.06786",
						"2.87751e-16"
					],
					[
						"5192.585788",
						"2.80648e-16"
					],
					[
						"5198.103717",
						"2.84625e-16"
					],
					[
						"5203.621645",
						"2.80922e-16"
					],
					[
						"5209.139574",
						"2.62711e-16"
					],
					[
						"5214.657503",
						"2.72539e-16"
					],
					[
						"5220.175431",
						"2.80719e-16"
					],
					[
						"5225.69336",
						"2.70581e-16"
					],
					[
						"5231.211288",
						"2.83062e-16"
					],
					[
						"5236.729217",
						"2.9178e-16"
					],
					[
						"5242.247146",
						"2.903e-16"
					],
					[
						"5247.765074",
						"2.76384e-16"
					],
					[
						"5253.283003",
						"2.83046e-16"
					],
					[
						"5258.800931",
						"2.79069e-16"
					],
					[
						"5264.31886",
						"2.8854e-16"
					],
					[
						"5269.836789",
						"2.79906e-16"
					],
					[
						"5275.354717",
						"2.83334e-16"
					],
					[
						"5280.872646",
						"2.88374e-16"
					],
					[
						"5286.390574",
						"2.9397e-16"
					],
					[
						"5291.908503",
						"3.13319e-16"
					],
					[
						"5297.426432",
						"2.975e-16"
					],
					[
						"5302.94436",
						"2.92493e-16"
					],
					[
						"5308.462289",
						"3.07823e-16"
					],
					[
						"5313.980217",
						"3.36414e-16"
					],
					[
						"5319.498146",
						"3.37723e-16"
					],
					[
						"5325.016075",
						"3.31207e-16"
					],
					[
						"5330.534003",
						"3.51019e-16"
					],
					[
						"5336.051932",
						"3.48934e-16"
					],
					[
						"5341.56986",
						"3.48289e-16"
					],
					[
						"5347.087789",
						"3.40799e-16"
					],
					[
						"5352.605718",
						"3.21926e-16"
					],
					[
						"5358.123646",
						"3.53458e-16"
					],
					[
						"5363.641575",
						"3.51428e-16"
					],
					[
						"5369.159503",
						"3.43573e-16"
					],
					[
						"5374.677432",
						"3.33433e-16"
					],
					[
						"5380.195361",
						"3.13266e-16"
					],
					[
						"5385.713289",
						"3.17095e-16"
					],
					[
						"5391.231218",
						"3.07987e-16"
					],
					[
						"5396.749146",
						"3.01978e-16"
					],
					[
						"5402.267075",
						"3.43755e-16"
					],
					[
						"5407.785004",
						"3.18906e-16"
					],
					[
						"5413.302932",
						"3.15755e-16"
					],
					[
						"5418.820861",
						"2.99557e-16"
					],
					[
						"5424.338789",
						"3.13895e-16"
					],
					[
						"5429.856718",
						"3.14953e-16"
					],
					[
						"5435.374647",
						"3.13981e-16"
					],
					[
						"5440.892575",
						"3.45535e-16"
					],
					[
						"5446.410504",
						"3.24268e-16"
					],
					[
						"5451.928432",
						"3.17158e-16"
					],
					[
						"5457.446361",
						"3.39413e-16"
					],
					[
						"5462.96429",
						"3.13723e-16"
					],
					[
						"5468.482218",
						"3.07196e-16"
					],
					[
						"5474.000147",
						"3.05575e-16"
					],
					[
						"5479.518075",
						"2.95745e-16"
					],
					[
						"5485.036004",
						"2.83061e-16"
					],
					[
						"5490.553933",
						"2.65878e-16"
					],
					[
						"5496.071861",
						"2.58856e-16"
					],
					[
						"5501.58979",
						"2.45635e-16"
					],
					[
						"5507.107718",
						"2.4928e-16"
					],
					[
						"5512.625647",
						"2.45537e-16"
					],
					[
						"5518.143576",
						"2.3928e-16"
					],
					[
						"5523.661504",
						"2.3117e-16"
					],
					[
						"5529.179433",
						"2.29027e-16"
					],
					[
						"5534.697361",
						"2.49247e-16"
					],
					[
						"5540.21529",
						"2.29023e-16"
					],
					[
						"5545.733219",
						"2.2962e-16"
					],
					[
						"5551.251147",
						"2.34401e-16"
					],
					[
						"5556.769076",
						"2.43107e-16"
					],
					[
						"5562.287004",
						"2.27926e-16"
					],
					[
						"5567.804933",
						"2.45359e-16"
					],
					[
						"5573.322862",
						"2.40852e-16"
					],
					[
						"5578.84079",
						"2.54752e-16"
					],
					[
						"5584.358719",
						"2.39452e-16"
					],
					[
						"5589.876647",
						"2.51651e-16"
					],
					[
						"5595.394576",
						"2.44698e-16"
					],
					[
						"5600.912505",
						"2.57199e-16"
					],
					[
						"5606.430433",
						"2.69103e-16"
					],
					[
						"5611.948362",
						"2.69868e-16"
					],
					[
						"5617.46629",
						"2.50661e-16"
					],
					[
						"5622.984219",
						"2.73097e-16"
					],
					[
						"5628.502148",
						"2.52893e-16"
					],
					[
						"5634.020076",
						"2.61737e-16"
					],
					[
						"5639.538005",
						"2.50468e-16"
					],
					[
						"5645.055933",
						"2.54443e-16"
					],
					[
						"5650.573862",
						"2.42523e-16"
					],
					[
						"5656.091791",
						"2.39158e-16"
					],
					[
						"5661.609719",
						"2.54547e-16"
					],
					[
						"5667.127648",
						"2.34675e-16"
					],
					[
						"5672.645576",
						"2.29264e-16"
					],
					[
						"5678.163505",
						"2.36956e-16"
					],
					[
						"5683.681434",
						"2.27763e-16"
					],
					[
						"5689.199362",
						"2.21441e-16"
					],
					[
						"5694.717291",
						"2.06811e-16"
					],
					[
						"5700.235219",
						"2.23267e-16"
					],
					[
						"5705.753148",
						"1.98847e-16"
					],
					[
						"5711.271077",
						"2.24467e-16"
					],
					[
						"5716.789005",
						"2.06718e-16"
					],
					[
						"5722.306934",
						"2.09501e-16"
					],
					[
						"5727.824862",
						"2.11342e-16"
					],
					[
						"5733.342791",
						"2.16042e-16"
					],
					[
						"5738.86072",
						"2.33639e-16"
					],
					[
						"5744.378648",
						"2.41509e-16"
					],
					[
						"5749.896577",
						"2.46866e-16"
					],
					[
						"5755.414505",
						"2.43333e-16"
					],
					[
						"5760.932434",
						"2.40619e-16"
					],
					[
						"5766.450363",
						"2.70472e-16"
					],
					[
						"5771.968291",
						"2.66429e-16"
					],
					[
						"5777.48622",
						"2.6163e-16"
					],
					[
						"5783.004148",
						"2.90642e-16"
					],
					[
						"5788.522077",
						"2.79019e-16"
					],
					[
						"5794.040006",
						"2.7828e-16"
					],
					[
						"5799.557934",
						"2.93018e-16"
					],
					[
						"5805.075863",
						"2.95536e-16"
					],
					[
						"5810.593791",
						"3.00823e-16"
					],
					[
						"5816.11172",
						"3.21566e-16"
					],
					[
						"5821.629649",
						"3.10266e-16"
					],
					[
						"5827.147577",
						"2.92315e-16"
					],
					[
						"5832.665506",
						"2.95994e-16"
					],
					[
						"5838.183434",
						"3.0686e-16"
					],
					[
						"5843.701363",
						"3.07037e-16"
					],
					[
						"5849.219292",
						"3.05727e-16"
					],
					[
						"5854.73722",
						"2.9328e-16"
					],
					[
						"5860.255149",
						"2.94847e-16"
					],
					[
						"5865.773077",
						"3.11511e-16"
					],
					[
						"5871.291006",
						"3.15624e-16"
					],
					[
						"5876.808935",
						"3.05806e-16"
					],
					[
						"5882.326863",
						"2.9311e-16"
					],
					[
						"5887.844792",
						"2.7253e-16"
					],
					[
						"5893.36272",
						"2.83556e-16"
					],
					[
						"5898.880649",
						"3.0422e-16"
					],
					[
						"5904.398578",
						"2.85776e-16"
					],
					[
						"5909.916506",
						"2.89359e-16"
					],
					[
						"5915.434435",
						"3.08765e-16"
					],
					[
						"5920.952363",
						"2.90856e-16"
					],
					[
						"5926.470292",
						"2.95047e-16"
					],
					[
						"5931.988221",
						"2.97485e-16"
					],
					[
						"5937.506149",
						"2.89743e-16"
					],
					[
						"5943.024078",
						"2.89789e-16"
					],
					[
						"5948.542006",
						"2.89857e-16"
					],
					[
						"5954.059935",
						"3.04103e-16"
					],
					[
						"5959.577864",
						"2.8942e-16"
					],
					[
						"5965.095792",
						"2.77241e-16"
					],
					[
						"5970.613721",
						"2.69787e-16"
					],
					[
						"5976.131649",
						"2.64225e-16"
					],
					[
						"5981.649578",
						"2.75813e-16"
					],
					[
						"5987.167507",
						"2.68966e-16"
					],
					[
						"5992.685435",
						"2.67742e-16"
					],
					[
						"5998.203364",
						"2.5309e-16"
					],
					[
						"6003.721293",
						"2.50996e-16"
					],
					[
						"6009.239221",
						"2.54242e-16"
					],
					[
						"6014.75715",
						"2.66626e-16"
					],
					[
						"6020.275078",
						"2.48243e-16"
					],
					[
						"6025.793007",
						"2.54461e-16"
					],
					[
						"6031.310935",
						"2.475e-16"
					],
					[
						"6036.828864",
						"2.59333e-16"
					],
					[
						"6042.346793",
						"2.35803e-16"
					],
					[
						"6047.864721",
						"2.43968e-16"
					],
					[
						"6053.38265",
						"2.5829e-16"
					],
					[
						"6058.900578",
						"2.46396e-16"
					],
					[
						"6064.418507",
						"2.59124e-16"
					],
					[
						"6069.936436",
						"2.74993e-16"
					],
					[
						"6075.454364",
						"2.61898e-16"
					],
					[
						"6080.972293",
						"2.50301e-16"
					],
					[
						"6086.490222",
						"2.89379e-16"
					],
					[
						"6092.00815",
						"2.89168e-16"
					],
					[
						"6097.526079",
						"2.70658e-16"
					],
					[
						"6103.044007",
						"2.80041e-16"
					],
					[
						"6108.561936",
						"2.85286e-16"
					],
					[
						"6114.079865",
						"2.93078e-16"
					],
					[
						"6119.597793",
						"2.86195e-16"
					],
					[
						"6125.115722",
						"2.69141e-16"
					],
					[
						"6130.63365",
						"2.88467e-16"
					],
					[
						"6136.151579",
						"2.88075e-16"
					],
					[
						"6141.669507",
						"2.80856e-16"
					],
					[
						"6147.187436",
						"2.88508e-16"
					],
					[
						"6152.705365",
						"2.75493e-16"
					],
					[
						"6158.223293",
						"2.8911e-16"
					],
					[
						"6163.741222",
						"2.95428e-16"
					],
					[
						"6169.259151",
						"2.76926e-16"
					],
					[
						"6174.777079",
						"2.81803e-16"
					],
					[
						"6180.295008",
						"2.78903e-16"
					],
					[
						"6185.812936",
						"2.94467e-16"
					],
					[
						"6191.330865",
						"2.86447e-16"
					],
					[
						"6196.848794",
						"2.71416e-16"
					],
					[
						"6202.366722",
						"2.85177e-16"
					],
					[
						"6207.884651",
						"2.93011e-16"
					],
					[
						"6213.402579",
						"2.91177e-16"
					],
					[
						"6218.920508",
						"2.71245e-16"
					],
					[
						"6224.438437",
						"2.76219e-16"
					],
					[
						"6229.956365",
						"2.75961e-16"
					],
					[
						"6235.474294",
						"2.75417e-16"
					],
					[
						"6240.992222",
						"2.79417e-16"
					],
					[
						"6246.510151",
						"2.80995e-16"
					],
					[
						"6252.02808",
						"2.80635e-16"
					],
					[
						"6257.546008",
						"2.84878e-16"
					],
					[
						"6263.063937",
						"2.90526e-16"
					],
					[
						"6268.581865",
						"2.79497e-16"
					],
					[
						"6274.099794",
						"2.60601e-16"
					],
					[
						"6279.617723",
						"2.59281e-16"
					],
					[
						"6285.135651",
						"2.62846e-16"
					],
					[
						"6290.65358",
						"2.72297e-16"
					],
					[
						"6296.171508",
						"2.67733e-16"
					],
					[
						"6301.689437",
						"2.6536e-16"
					],
					[
						"6307.207366",
						"2.77945e-16"
					],
					[
						"6312.725294",
						"2.61624e-16"
					],
					[
						"6318.243223",
						"2.36033e-16"
					],
					[
						"6323.761151",
						"2.42096e-16"
					],
					[
						"6329.27908",
						"2.33557e-16"
					],
					[
						"6334.797009",
						"1.97371e-16"
					],
					[
						"6340.314937",
						"1.95792e-16"
					],
					[
						"6345.832866",
						"1.9096e-16"
					],
					[
						"6351.350794",
						"1.67711e-16"
					],
					[
						"6356.868723",
						"1.79719e-16"
					],
					[
						"6362.386652",
						"1.60319e-16"
					],
					[
						"6367.90458",
						"1.61347e-16"
					],
					[
						"6373.422509",
						"1.45377e-16"
					],
					[
						"6378.940437",
						"1.32081e-16"
					],
					[
						"6384.458366",
						"1.33836e-16"
					],
					[
						"6389.976295",
						"1.28055e-16"
					],
					[
						"6395.494223",
						"1.23136e-16"
					],
					[
						"6401.012152",
						"1.39125e-16"
					],
					[
						"6406.53008",
						"1.22359e-16"
					],
					[
						"6412.048009",
						"1.36511e-16"
					],
					[
						"6417.565938",
						"1.39969e-16"
					],
					[
						"6423.083866",
						"1.47219e-16"
					],
					[
						"6428.601795",
						"1.51977e-16"
					],
					[
						"6434.119723",
						"1.53998e-16"
					],
					[
						"6439.637652",
						"1.50098e-16"
					],
					[
						"6445.155581",
						"1.40489e-16"
					],
					[
						"6450.673509",
						"1.50722e-16"
					],
					[
						"6456.191438",
						"1.54068e-16"
					],
					[
						"6461.709366",
						"1.46723e-16"
					],
					[
						"6467.227295",
						"1.54679e-16"
					],
					[
						"6472.745224",
						"1.62088e-16"
					],
					[
						"6478.263152",
						"1.63382e-16"
					],
					[
						"6483.781081",
						"1.58276e-16"
					],
					[
						"6489.299009",
						"1.67845e-16"
					],
					[
						"6494.816938",
						"1.84112e-16"
					],
					[
						"6500.334867",
						"1.94286e-16"
					],
					[
						"6505.852795",
						"2.02302e-16"
					],
					[
						"6511.370724",
						"2.11543e-16"
					],
					[
						"6516.888652",
						"2.27409e-16"
					],
					[
						"6522.406581",
						"2.25675e-16"
					],
					[
						"6527.92451",
						"2.26114e-16"
					],
					[
						"6533.442438",
						"2.27969e-16"
					],
					[
						"6538.960367",
						"2.3284e-16"
					],
					[
						"6544.478295",
						"2.42539e-16"
					],
					[
						"6549.996224",
						"2.27635e-16"
					],
					[
						"6555.514153",
						"2.40128e-16"
					],
					[
						"6561.032081",
						"2.51777e-16"
					],
					[
						"6566.55001",
						"2.50632e-16"
					],
					[
						"6572.067938",
						"2.44043e-16"
					],
					[
						"6577.585867",
						"2.43578e-16"
					],
					[
						"6583.103796",
						"2.66741e-16"
					],
					[
						"6588.621724",
						"2.64428e-16"
					],
					[
						"6594.139653",
						"2.49289e-16"
					],
					[
						"6599.657581",
						"2.50792e-16"
					],
					[
						"6605.17551",
						"2.67926e-16"
					],
					[
						"6610.693439",
						"2.41403e-16"
					],
					[
						"6616.211367",
						"2.61305e-16"
					],
					[
						"6621.729296",
						"2.78942e-16"
					],
					[
						"6627.247224",
						"2.58027e-16"
					],
					[
						"6632.765153",
						"2.47913e-16"
					],
					[
						"6638.283082",
						"2.41759e-16"
					],
					[
						"6643.80101",
						"2.69214e-16"
					],
					[
						"6649.318939",
						"2.57989e-16"
					],
					[
						"6654.836867",
						"2.62483e-16"
					],
					[
						"6660.354796",
						"2.53919e-16"
					],
					[
						"6665.872725",
						"2.51779e-16"
					],
					[
						"6671.390653",
						"2.55671e-16"
					],
					[
						"6676.908582",
						"2.46906e-16"
					],
					[
						"6682.42651",
						"2.48966e-16"
					],
					[
						"6687.944439",
						"2.51866e-16"
					],
					[
						"6693.462368",
						"2.33347e-16"
					],
					[
						"6698.980296",
						"2.48964e-16"
					],
					[
						"6704.498225",
						"2.54272e-16"
					],
					[
						"6710.016153",
						"2.39173e-16"
					],
					[
						"6715.534082",
						"2.4673e-16"
					],
					[
						"6721.052011",
						"2.3628e-16"
					],
					[
						"6726.569939",
						"2.50425e-16"
					],
					[
						"6732.087868",
						"2.45152e-16"
					],
					[
						"6737.605796",
						"2.35896e-16"
					],
					[
						"6743.123725",
						"2.45343e-16"
					],
					[
						"6748.641654",
						"2.54345e-16"
					],
					[
						"6754.159582",
						"2.20859e-16"
					],
					[
						"6759.677511",
						"2.379e-16"
					],
					[
						"6765.195439",
						"2.38335e-16"
					],
					[
						"6770.713368",
						"2.3768e-16"
					],
					[
						"6776.231297",
						"2.48088e-16"
					],
					[
						"6781.749225",
						"2.46602e-16"
					],
					[
						"6787.267154",
						"2.32345e-16"
					],
					[
						"6792.785082",
						"2.24137e-16"
					],
					[
						"6798.303011",
						"2.53211e-16"
					],
					[
						"6803.82094",
						"2.49323e-16"
					],
					[
						"6809.338868",
						"2.32988e-16"
					],
					[
						"6814.856797",
						"2.207e-16"
					],
					[
						"6820.374725",
						"2.01097e-16"
					],
					[
						"6825.892654",
						"2.20781e-16"
					],
					[
						"6831.410583",
						"2.35333e-16"
					],
					[
						"6836.928511",
						"2.21125e-16"
					],
					[
						"6842.44644",
						"2.23015e-16"
					],
					[
						"6847.964368",
						"2.37951e-16"
					],
					[
						"6853.482297",
						"2.19217e-16"
					],
					[
						"6859.000226",
						"2.07457e-16"
					],
					[
						"6864.518154",
						"1.93281e-16"
					],
					[
						"6870.036083",
						"1.79354e-16"
					],
					[
						"6875.554011",
						"1.85113e-16"
					],
					[
						"6881.07194",
						"1.82199e-16"
					],
					[
						"6886.589869",
						"1.91335e-16"
					],
					[
						"6892.107797",
						"1.93067e-16"
					],
					[
						"6897.625726",
						"1.89461e-16"
					],
					[
						"6903.143654",
						"2.09961e-16"
					],
					[
						"6908.661583",
						"1.89612e-16"
					],
					[
						"6914.179512",
						"1.89006e-16"
					],
					[
						"6919.69744",
						"1.9459e-16"
					],
					[
						"6925.215369",
						"1.93979e-16"
					],
					[
						"6930.733297",
						"1.94867e-16"
					],
					[
						"6936.251226",
						"2.19642e-16"
					],
					[
						"6941.769155",
						"1.78286e-16"
					],
					[
						"6947.287083",
						"2.0771e-16"
					],
					[
						"6952.805012",
						"1.96659e-16"
					],
					[
						"6958.32294",
						"1.77076e-16"
					],
					[
						"6963.840869",
						"1.91012e-16"
					],
					[
						"6969.358798",
						"2.05533e-16"
					],
					[
						"6974.876726",
						"1.97266e-16"
					],
					[
						"6980.394655",
						"1.7999e-16"
					],
					[
						"6985.912583",
						"1.86648e-16"
					],
					[
						"6991.430512",
						"1.76813e-16"
					],
					[
						"6996.948441",
						"1.80483e-16"
					],
					[
						"7002.466369",
						"1.75352e-16"
					],
					[
						"7007.984298",
						"1.86057e-16"
					],
					[
						"7013.502226",
						"1.82708e-16"
					],
					[
						"7019.020155",
						"1.81955e-16"
					],
					[
						"7024.538084",
						"1.81427e-16"
					],
					[
						"7030.056012",
						"1.83611e-16"
					],
					[
						"7035.573941",
						"1.78026e-16"
					],
					[
						"7041.091869",
						"1.531e-16"
					],
					[
						"7046.609798",
						"1.64427e-16"
					],
					[
						"7052.127727",
						"1.78311e-16"
					],
					[
						"7057.645655",
						"1.73509e-16"
					],
					[
						"7063.163584",
						"1.72856e-16"
					],
					[
						"7068.681512",
						"1.77595e-16"
					],
					[
						"7074.199441",
						"1.86645e-16"
					],
					[
						"7079.71737",
						"1.8734e-16"
					],
					[
						"7085.235298",
						"1.79243e-16"
					],
					[
						"7090.753227",
						"1.63712e-16"
					],
					[
						"7096.271155",
						"1.61786e-16"
					],
					[
						"7101.789084",
						"1.7642e-16"
					],
					[
						"7107.307013",
						"1.80609e-16"
					],
					[
						"7112.824941",
						"1.68349e-16"
					],
					[
						"7118.34287",
						"1.60096e-16"
					],
					[
						"7123.860798",
						"1.55077e-16"
					],
					[
						"7129.378727",
						"1.61359e-16"
					],
					[
						"7134.896656",
						"1.59359e-16"
					],
					[
						"7140.414584",
						"1.56205e-16"
					],
					[
						"7145.932513",
						"1.72848e-16"
					],
					[
						"7151.450441",
						"1.68254e-16"
					],
					[
						"7156.96837",
						"1.60474e-16"
					],
					[
						"7162.486299",
						"1.61382e-16"
					],
					[
						"7168.004227",
						"1.6449e-16"
					],
					[
						"7173.522156",
						"1.44383e-16"
					],
					[
						"7179.040084",
						"1.39529e-16"
					],
					[
						"7184.558013",
						"1.50881e-16"
					],
					[
						"7190.075942",
						"1.51667e-16"
					],
					[
						"7195.59387",
						"1.42513e-16"
					],
					[
						"7201.111799",
						"1.45334e-16"
					],
					[
						"7206.629727",
						"1.52936e-16"
					],
					[
						"7212.147656",
						"1.61925e-16"
					],
					[
						"7217.665585",
						"1.47626e-16"
					],
					[
						"7223.183513",
						"1.28428e-16"
					],
					[
						"7228.701442",
						"1.43832e-16"
					],
					[
						"7234.21937",
						"1.45783e-16"
					],
					[
						"7239.737299",
						"1.38344e-16"
					],
					[
						"7245.255228",
						"1.39367e-16"
					],
					[
						"7250.773156",
						"1.54331e-16"
					],
					[
						"7256.291085",
						"1.54691e-16"
					],
					[
						"7261.809013",
						"1.55069e-16"
					],
					[
						"7267.326942",
						"1.57232e-16"
					],
					[
						"7272.844871",
						"1.69416e-16"
					],
					[
						"7278.362799",
						"1.43006e-16"
					],
					[
						"7283.880728",
						"1.49517e-16"
					],
					[
						"7289.398656",
						"1.43205e-16"
					],
					[
						"7294.916585",
						"1.49296e-16"
					],
					[
						"7300.434514",
						"1.5678e-16"
					],
					[
						"7305.952442",
						"1.60262e-16"
					],
					[
						"7311.470371",
						"1.49556e-16"
					],
					[
						"7316.988299",
						"1.33619e-16"
					],
					[
						"7322.506228",
						"1.54939e-16"
					],
					[
						"7328.024157",
						"1.58907e-16"
					],
					[
						"7333.542085",
						"1.46071e-16"
					],
					[
						"7339.060014",
						"1.46869e-16"
					],
					[
						"7344.577942",
						"1.41142e-16"
					],
					[
						"7350.095871",
						"1.50517e-16"
					],
					[
						"7355.6138",
						"1.50258e-16"
					],
					[
						"7361.131728",
						"1.35471e-16"
					],
					[
						"7366.649657",
						"1.51662e-16"
					],
					[
						"7372.167585",
						"1.53181e-16"
					],
					[
						"7377.685514",
						"1.37725e-16"
					],
					[
						"7383.203443",
						"1.65125e-16"
					],
					[
						"7388.721371",
						"1.39682e-16"
					],
					[
						"7394.2393",
						"1.48531e-16"
					],
					[
						"7399.757228",
						"1.42523e-16"
					],
					[
						"7405.275157",
						"1.60278e-16"
					],
					[
						"7410.793086",
						"1.73063e-16"
					],
					[
						"7416.311014",
						"1.73232e-16"
					],
					[
						"7421.828943",
						"1.63679e-16"
					],
					[
						"7427.346871",
						"1.55728e-16"
					],
					[
						"7432.8648",
						"1.33551e-16"
					],
					[
						"7438.382729",
						"1.43488e-16"
					],
					[
						"7443.900657",
						"1.41881e-16"
					],
					[
						"7449.418586",
						"1.57063e-16"
					],
					[
						"7454.936514",
						"1.42039e-16"
					],
					[
						"7460.454443",
						"1.09079e-16"
					],
					[
						"7465.972372",
						"1.36955e-16"
					],
					[
						"7471.4903",
						"1.37232e-16"
					],
					[
						"7477.008229",
						"1.2846e-16"
					],
					[
						"7482.526157",
						"1.42275e-16"
					],
					[
						"7488.044086",
						"1.48349e-16"
					],
					[
						"7493.562015",
						"1.46966e-16"
					],
					[
						"7499.079943",
						"1.4202e-16"
					],
					[
						"7504.597872",
						"1.37121e-16"
					],
					[
						"7510.1158",
						"1.51317e-16"
					],
					[
						"7515.633729",
						"1.37022e-16"
					],
					[
						"7521.151658",
						"1.44316e-16"
					],
					[
						"7526.669586",
						"1.28794e-16"
					],
					[
						"7532.187515",
						"1.23961e-16"
					],
					[
						"7537.705443",
						"1.48838e-16"
					],
					[
						"7543.223372",
						"1.19804e-16"
					],
					[
						"7548.741301",
						"1.51935e-16"
					],
					[
						"7554.259229",
						"1.41898e-16"
					],
					[
						"7559.777158",
						"1.35616e-16"
					],
					[
						"7565.295086",
						"1.35632e-16"
					],
					[
						"7570.813015",
						"1.42833e-16"
					],
					[
						"7576.330944",
						"1.22515e-16"
					],
					[
						"7581.848872",
						"1.34857e-16"
					],
					[
						"7587.366801",
						"1.26467e-16"
					],
					[
						"7592.884729",
						"7.85295e-17"
					],
					[
						"7598.402658",
						"6.20371e-17"
					],
					[
						"7603.920587",
						"5.25485e-17"
					],
					[
						"7609.438515",
						"6.30849e-17"
					],
					[
						"7614.956444",
						"8.64901e-17"
					],
					[
						"7620.474372",
						"8.86009e-17"
					],
					[
						"7625.992301",
						"9.15735e-17"
					],
					[
						"7631.51023",
						"7.63834e-17"
					],
					[
						"7637.028158",
						"8.41757e-17"
					],
					[
						"7642.546087",
						"8.5952e-17"
					],
					[
						"7648.064015",
						"9.6808e-17"
					],
					[
						"7653.581944",
						"1.18436e-16"
					],
					[
						"7659.099873",
						"1.02967e-16"
					],
					[
						"7664.617801",
						"9.8234e-17"
					],
					[
						"7670.13573",
						"1.06512e-16"
					],
					[
						"7675.653658",
						"1.22134e-16"
					],
					[
						"7681.171587",
						"1.17939e-16"
					],
					[
						"7686.689516",
						"1.31021e-16"
					],
					[
						"7692.207444",
						"1.45142e-16"
					],
					[
						"7697.725373",
						"1.1901e-16"
					],
					[
						"7703.243301",
						"1.14417e-16"
					],
					[
						"7708.76123",
						"1.0208e-16"
					],
					[
						"7714.279159",
						"1.30676e-16"
					],
					[
						"7719.797087",
						"1.40712e-16"
					],
					[
						"7725.315016",
						"1.27968e-16"
					],
					[
						"7730.832944",
						"1.35794e-16"
					],
					[
						"7736.350873",
						"1.19465e-16"
					],
					[
						"7741.868802",
						"1.36275e-16"
					],
					[
						"7747.38673",
						"1.1033e-16"
					],
					[
						"7752.904659",
						"1.14784e-16"
					],
					[
						"7758.422587",
						"1.45098e-16"
					],
					[
						"7763.940516",
						"1.08964e-16"
					],
					[
						"7769.458445",
						"9.12306e-17"
					],
					[
						"7774.976373",
						"1.08006e-16"
					],
					[
						"7780.494302",
						"8.27832e-17"
					],
					[
						"7786.01223",
						"9.90538e-17"
					],
					[
						"7791.530159",
						"1.18454e-16"
					],
					[
						"7797.048088",
						"1.07197e-16"
					],
					[
						"7802.566016",
						"1.0346e-16"
					],
					[
						"7808.083945",
						"8.67829e-17"
					],
					[
						"7813.601873",
						"1.13961e-16"
					],
					[
						"7819.119802",
						"9.64981e-17"
					],
					[
						"7824.637731",
						"1.13138e-16"
					],
					[
						"7830.155659",
						"1.1915e-16"
					],
					[
						"7835.673588",
						"1.34945e-16"
					],
					[
						"7841.191516",
						"9.77725e-17"
					],
					[
						"7846.709445",
						"1.20268e-16"
					],
					[
						"7852.227374",
						"1.24174e-16"
					],
					[
						"7857.745302",
						"1.15014e-16"
					],
					[
						"7863.263231",
						"1.3609e-16"
					],
					[
						"7868.781159",
						"1.12276e-16"
					],
					[
						"7874.299088",
						"1.17311e-16"
					],
					[
						"7879.817017",
						"1.14406e-16"
					],
					[
						"7885.334945",
						"1.12932e-16"
					],
					[
						"7890.852874",
						"1.1739e-16"
					],
					[
						"7896.370802",
						"1.23076e-16"
					],
					[
						"7901.888731",
						"1.15062e-16"
					],
					[
						"7907.40666",
						"9.63324e-17"
					],
					[
						"7912.924588",
						"9.30099e-17"
					],
					[
						"7918.442517",
						"9.97066e-17"
					],
					[
						"7923.960445",
						"1.35337e-16"
					],
					[
						"7929.478374",
						"1.25858e-16"
					],
					[
						"7934.996303",
						"1.16594e-16"
					],
					[
						"7940.514231",
						"1.22641e-16"
					],
					[
						"7946.03216",
						"1.07388e-16"
					],
					[
						"7951.550088",
						"1.16815e-16"
					],
					[
						"7957.068017",
						"1.33372e-16"
					],
					[
						"7962.585946",
						"1.35808e-16"
					],
					[
						"7968.103874",
						"1.37767e-16"
					],
					[
						"7973.621803",
						"1.17551e-16"
					],
					[
						"7979.139731",
						"1.39261e-16"
					],
					[
						"7984.65766",
						"1.06186e-16"
					],
					[
						"7990.175589",
						"1.20492e-16"
					],
					[
						"7995.693517",
						"1.36089e-16"
					],
					[
						"8001.211446",
						"1.0932e-16"
					],
					[
						"8006.729374",
						"1.23823e-16"
					],
					[
						"8012.247303",
						"1.22577e-16"
					],
					[
						"8017.765232",
						"1.00704e-16"
					],
					[
						"8023.28316",
						"1.22207e-16"
					],
					[
						"8028.801089",
						"1.21463e-16"
					],
					[
						"8034.319017",
						"1.07155e-16"
					],
					[
						"8039.836946",
						"1.2978e-16"
					],
					[
						"8045.354875",
						"1.30676e-16"
					],
					[
						"8050.872803",
						"1.05372e-16"
					],
					[
						"8056.390732",
						"1.05205e-16"
					],
					[
						"8061.90866",
						"1.1551e-16"
					],
					[
						"8067.426589",
						"1.35924e-16"
					],
					[
						"8072.944518",
						"1.40002e-16"
					],
					[
						"8078.462446",
						"1.52416e-16"
					],
					[
						"8083.980375",
						"1.21608e-16"
					],
					[
						"8089.498303",
						"1.21522e-16"
					],
					[
						"8095.016232",
						"1.21366e-16"
					],
					[
						"8100.534161",
						"1.07058e-16"
					],
					[
						"8106.052089",
						"1.19539e-16"
					],
					[
						"8111.570018",
						"1.37913e-16"
					],
					[
						"8117.087946",
						"1.36136e-16"
					],
					[
						"8122.605875",
						"1.31275e-16"
					],
					[
						"8128.123804",
						"1.13392e-16"
					],
					[
						"8133.641732",
						"1.16127e-16"
					],
					[
						"8139.159661",
						"1.12696e-16"
					],
					[
						"8144.677589",
						"1.27801e-16"
					],
					[
						"8150.195518",
						"1.34611e-16"
					],
					[
						"8155.713447",
						"1.14097e-16"
					],
					[
						"8161.231375",
						"1.27324e-16"
					],
					[
						"8166.749304",
						"1.24872e-16"
					],
					[
						"8172.267232",
						"1.27013e-16"
					],
					[
						"8177.785161",
						"1.41492e-16"
					],
					[
						"8183.30309",
						"1.26725e-16"
					],
					[
						"8188.821018",
						"1.1135e-16"
					],
					[
						"8194.338947",
						"1.23546e-16"
					],
					[
						"8199.856875",
						"1.144e-16"
					],
					[
						"8205.374804",
						"9.2534e-17"
					],
					[
						"8210.892733",
						"1.02708e-16"
					],
					[
						"8216.410661",
						"1.38038e-16"
					],
					[
						"8221.92859",
						"1.39419e-16"
					],
					[
						"8227.446518",
						"1.32985e-16"
					],
					[
						"8232.964447",
						"1.32191e-16"
					],
					[
						"8238.482376",
						"1.07553e-16"
					],
					[
						"8244.000304",
						"1.08977e-16"
					],
					[
						"8249.518233",
						"1.23934e-16"
					],
					[
						"8255.036161",
						"1.17235e-16"
					],
					[
						"8260.55409",
						"1.38883e-16"
					],
					[
						"8266.072019",
						"1.24528e-16"
					],
					[
						"8271.589947",
						"1.08861e-16"
					],
					[
						"8277.107876",
						"1.24759e-16"
					],
					[
						"8282.625804",
						"1.22429e-16"
					],
					[
						"8288.143733",
						"9.93324e-17"
					],
					[
						"8293.661662",
						"1.25797e-16"
					],
					[
						"8299.17959",
						"1.12237e-16"
					],
					[
						"8304.697519",
						"1.22631e-16"
					],
					[
						"8310.215447",
						"1.21247e-16"
					],
					[
						"8315.733376",
						"1.1292e-16"
					],
					[
						"8321.251305",
						"1.17232e-16"
					],
					[
						"8326.769233",
						"1.35773e-16"
					],
					[
						"8332.287162",
						"1.38665e-16"
					],
					[
						"8337.80509",
						"1.14009e-16"
					],
					[
						"8343.323019",
						"1.25671e-16"
					],
					[
						"8348.840948",
						"1.24379e-16"
					],
					[
						"8354.358876",
						"1.19846e-16"
					],
					[
						"8359.876805",
						"1.21426e-16"
					],
					[
						"8365.394733",
						"1.13985e-16"
					],
					[
						"8370.912662",
						"1.33251e-16"
					],
					[
						"8376.430591",
						"1.29278e-16"
					],
					[
						"8381.948519",
						"1.29698e-16"
					],
					[
						"8387.466448",
						"9.50229e-17"
					],
					[
						"8392.984376",
						"7.94657e-17"
					],
					[
						"8398.502305",
						"1.16495e-16"
					],
					[
						"8404.020234",
						"1.06148e-16"
					],
					[
						"8409.538162",
						"1.32176e-16"
					],
					[
						"8415.056091",
						"1.40729e-16"
					],
					[
						"8420.574019",
						"1.40923e-16"
					],
					[
						"8426.091948",
						"9.14344e-17"
					],
					[
						"8431.609877",
						"1.16749e-16"
					],
					[
						"8437.127805",
						"1.65717e-16"
					],
					[
						"8442.645734",
						"1.48643e-16"
					],
					[
						"8448.163662",
						"1.36711e-16"
					],
					[
						"8453.681591",
						"1.01778e-16"
					],
					[
						"8459.19952",
						"9.04902e-17"
					],
					[
						"8464.717448",
						"1.24658e-16"
					],
					[
						"8470.235377",
						"1.32167e-16"
					],
					[
						"8475.753305",
						"1.21277e-16"
					],
					[
						"8481.271234",
						"1.24271e-16"
					],
					[
						"8486.789163",
						"1.19584e-16"
					],
					[
						"8492.307091",
						"1.11196e-16"
					],
					[
						"8497.82502",
						"9.65219e-17"
					],
					[
						"8503.342948",
						"8.8121e-17"
					],
					[
						"8508.860877",
						"9.52535e-17"
					],
					[
						"8514.378806",
						"1.31817e-16"
					],
					[
						"8519.896734",
						"1.33268e-16"
					],
					[
						"8525.414663",
						"1.38003e-16"
					],
					[
						"8530.932591",
						"1.24981e-16"
					],
					[
						"8536.45052",
						"1.05821e-16"
					],
					[
						"8541.968449",
						"1.12863e-16"
					],
					[
						"8547.486377",
						"1.28093e-16"
					],
					[
						"8553.004306",
						"9.87461e-17"
					],
					[
						"8558.522234",
						"1.19957e-16"
					],
					[
						"8564.040163",
						"1.02915e-16"
					],
					[
						"8569.558092",
						"8.54741e-17"
					],
					[
						"8575.07602",
						"9.13672e-17"
					],
					[
						"8580.593949",
						"9.27203e-17"
					],
					[
						"8586.111877",
						"5.81775e-17"
					],
					[
						"8591.629806",
						"1.07425e-16"
					],
					[
						"8597.147735",
						"1.30488e-16"
					],
					[
						"8602.665663",
						"1.11174e-16"
					],
					[
						"8608.183592",
						"1.01991e-16"
					],
					[
						"8613.70152",
						"9.96358e-17"
					],
					[
						"8619.219449",
						"9.18523e-17"
					],
					[
						"8624.737378",
						"7.72904e-17"
					],
					[
						"8630.255306",
						"1.00234e-16"
					],
					[
						"8635.773235",
						"1.13775e-16"
					],
					[
						"8641.291163",
						"8.24727e-17"
					],
					[
						"8646.809092",
						"9.56787e-17"
					],
					[
						"8652.327021",
						"8.78725e-17"
					],
					[
						"8657.844949",
						"9.31664e-17"
					],
					[
						"8663.362878",
						"1.1193e-16"
					],
					[
						"8668.880806",
						"1.09463e-16"
					],
					[
						"8674.398735",
						"9.4983e-17"
					],
					[
						"8679.916664",
						"9.63559e-17"
					],
					[
						"8685.434592",
						"9.31536e-17"
					],
					[
						"8690.952521",
						"1.03988e-16"
					],
					[
						"8696.470449",
						"8.39593e-17"
					],
					[
						"8701.988378",
						"9.07382e-17"
					],
					[
						"8707.506307",
						"1.0659e-16"
					],
					[
						"8713.024235",
						"1.18107e-16"
					],
					[
						"8718.542164",
						"9.85966e-17"
					],
					[
						"8724.060092",
						"8.16464e-17"
					],
					[
						"8729.578021",
						"7.2453e-17"
					],
					[
						"8735.09595",
						"6.63071e-17"
					],
					[
						"8740.613878",
						"8.13979e-17"
					],
					[
						"8746.131807",
						"1.14908e-16"
					],
					[
						"8751.649735",
						"1.12819e-16"
					],
					[
						"8757.167664",
						"1.03379e-16"
					],
					[
						"8762.685593",
						"9.4602e-17"
					],
					[
						"8768.203521",
						"9.22738e-17"
					],
					[
						"8773.72145",
						"1.01689e-16"
					],
					[
						"8779.239378",
						"9.36707e-17"
					],
					[
						"8784.757307",
						"1.01443e-16"
					],
					[
						"8790.275236",
						"1.1585e-16"
					],
					[
						"8795.793164",
						"1.30954e-16"
					],
					[
						"8801.311093",
						"1.2231e-16"
					],
					[
						"8806.829021",
						"1.07847e-16"
					],
					[
						"8812.34695",
						"1.29192e-16"
					],
					[
						"8817.864879",
						"1.3522e-16"
					],
					[
						"8823.382807",
						"1.19289e-16"
					],
					[
						"8828.900736",
						"1.25836e-16"
					],
					[
						"8834.418664",
						"1.20317e-16"
					],
					[
						"8839.936593",
						"1.20517e-16"
					],
					[
						"8845.454522",
						"1.15905e-16"
					],
					[
						"8850.97245",
						"1.27183e-16"
					],
					[
						"8856.490379",
						"1.80037e-16"
					],
					[
						"8862.008307",
						"1.5728e-16"
					],
					[
						"8867.526236",
						"1.03826e-16"
					],
					[
						"8873.044165",
						"1.44856e-16"
					],
					[
						"8878.562093",
						"1.38773e-16"
					],
					[
						"8884.080022",
						"1.07452e-16"
					],
					[
						"8889.59795",
						"1.02522e-16"
					],
					[
						"8895.115879",
						"1.08044e-16"
					],
					[
						"8900.633808",
						"1.13515e-16"
					],
					[
						"8906.151736",
						"1.03367e-16"
					],
					[
						"8911.669665",
						"9.56449e-17"
					],
					[
						"8917.187593",
						"9.38671e-17"
					],
					[
						"8922.705522",
						"1.38051e-16"
					],
					[
						"8928.223451",
						"1.42116e-16"
					],
					[
						"8933.741379",
						"1.04943e-16"
					],
					[
						"8939.259308",
						"1.25934e-16"
					],
					[
						"8944.777236",
						"1.33884e-16"
					],
					[
						"8950.295165",
						"7.94196e-17"
					],
					[
						"8955.813094",
						"9.38199e-17"
					],
					[
						"8961.331022",
						"1.39584e-16"
					],
					[
						"8966.848951",
						"1.25795e-16"
					],
					[
						"8972.366879",
						"9.46643e-17"
					],
					[
						"8977.884808",
						"1.0318e-16"
					],
					[
						"8983.402737",
						"1.4042e-16"
					],
					[
						"8988.920665",
						"1.14199e-16"
					],
					[
						"8994.438594",
						"1.45288e-16"
					],
					[
						"8999.956522",
						"1.15102e-16"
					],
					[
						"9005.474451",
						"7.19919e-17"
					],
					[
						"9010.99238",
						"1.12196e-16"
					],
					[
						"9016.510308",
						"7.92037e-17"
					],
					[
						"9022.028237",
						"1.10953e-16"
					],
					[
						"9027.546165",
						"1.56303e-16"
					],
					[
						"9033.064094",
						"1.09959e-16"
					],
					[
						"9038.582023",
						"1.34242e-16"
					],
					[
						"9044.099951",
						"1.20085e-16"
					],
					[
						"9049.61788",
						"1.11568e-16"
					],
					[
						"9055.135808",
						"1.22669e-16"
					],
					[
						"9060.653737",
						"1.18914e-16"
					],
					[
						"9066.171666",
						"1.33096e-16"
					],
					[
						"9071.689594",
						"8.86546e-17"
					],
					[
						"9077.207523",
						"1.1212e-16"
					],
					[
						"9082.725451",
						"9.42448e-17"
					],
					[
						"9088.24338",
						"8.09805e-17"
					],
					[
						"9093.761309",
						"1.167e-16"
					],
					[
						"9099.279237",
						"1.35898e-16"
					],
					[
						"9104.797166",
						"1.30641e-16"
					],
					[
						"9110.315094",
						"8.7088e-17"
					],
					[
						"9115.833023",
						"1.13597e-16"
					],
					[
						"9121.350952",
						"1.10924e-16"
					],
					[
						"9126.86888",
						"9.4491e-17"
					],
					[
						"9132.386809",
						"1.09869e-16"
					],
					[
						"9137.904737",
						"1.02733e-16"
					],
					[
						"9143.422666",
						"1.18186e-16"
					],
					[
						"9148.940595",
						"9.93415e-17"
					],
					[
						"9154.458523",
						"8.51327e-17"
					],
					[
						"9159.976452",
						"7.935e-17"
					],
					[
						"9165.49438",
						"9.65182e-17"
					],
					[
						"9171.012309",
						"1.16748e-16"
					],
					[
						"9176.530238",
						"8.66976e-17"
					],
					[
						"9182.048166",
						"6.86358e-17"
					],
					[
						"9187.566095",
						"1.03112e-16"
					],
					[
						"9193.084023",
						"1.16234e-16"
					],
					[
						"9198.601952",
						"9.36515e-17"
					],
					[
						"9204.119881",
						"9.99825e-17"
					],
					[
						"9209.637809",
						"9.45617e-17"
					],
					[
						"9215.155738",
						"9.95348e-17"
					],
					[
						"9220.673666",
						"1.2732e-16"
					],
					[
						"9226.191595",
						"8.75612e-17"
					],
					[
						"9231.709524",
						"8.9697e-17"
					],
					[
						"9237.227452",
						"1.14206e-16"
					]
				],
				"source":"8"
			}
		]
	}
}