{
	"ASASSN-15mj":{
		"schema":"https://github.com/astrocatalogs/supernovae/blob/a0bc0b9/SCHEMA.md",
		"name":"ASASSN-15mj",
		"sources":[
			{
				"name":"2016A&A...594A..13P",
				"bibcode":"2016A&A...594A..13P",
				"reference":"Planck Collaboration et al. (2016)",
				"alias":"1"
			},
			{
				"name":"2015ATel.7790....1M",
				"bibcode":"2015ATel.7790....1M",
				"reference":"Masi et al. (2015)",
				"alias":"2"
			},
			{
				"name":"2015ATel.7821....1S",
				"bibcode":"2015ATel.7821....1S",
				"reference":"Shivvers & Filippenko (2015)",
				"alias":"3"
			},
			{
				"name":"ATel 7796",
				"bibcode":"2015ATel.7796....1T",
				"reference":"Tomasella et al. (2015)",
				"url":"http://www.astronomerstelegram.org/?read=7796",
				"alias":"4"
			},
			{
				"name":"2011ApJ...737..103S",
				"bibcode":"2011ApJ...737..103S",
				"reference":"Schlafly & Finkbeiner (2011)",
				"alias":"5"
			},
			{
				"name":"ASAS-SN Supernovae",
				"url":"http://www.astronomy.ohio-state.edu/~assassin/sn_list.html",
				"alias":"6"
			},
			{
				"name":"Asiago Supernova Catalogue",
				"secondary":true,
				"url":"http://graspa.oapd.inaf.it/cgi-bin/sncat.php",
				"alias":"7"
			},
			{
				"name":"Latest Supernovae",
				"secondary":true,
				"url":"http://www.rochesterastronomy.org/snimages/snredshiftall.html",
				"alias":"8"
			},
			{
				"name":"The Open Supernova Catalog",
				"bibcode":"2017ApJ...835...64G",
				"reference":"Guillochon et al. (2017)",
				"secondary":true,
				"url":"https://sne.space",
				"alias":"9"
			},
			{
				"name":"WISeREP",
				"bibcode":"2012PASP..124..668Y",
				"reference":"Yaron & Gal-Yam (2012)",
				"secondary":true,
				"url":"http://wiserep.weizmann.ac.il/",
				"alias":"10"
			},
			{
				"name":"SIMBAD astronomical database",
				"bibcode":"2000A&AS..143....9W",
				"reference":"Wenger et al. (2000)",
				"secondary":true,
				"url":"http://simbad.u-strasbg.fr/",
				"alias":"11"
			}
		],
		"alias":[
			{
				"value":"ASASSN-15mj",
				"source":"2,6,7,8,10,11"
			}
		],
		"claimedtype":[
			{
				"value":"Ib",
				"source":"2,3,6,8,11"
			}
		],
		"comovingdist":[
			{
				"value":"150.89",
				"derived":true,
				"u_value":"Mpc",
				"source":"1,2,6,9"
			}
		],
		"dec":[
			{
				"value":"+33:39:40.29",
				"u_value":"degrees",
				"source":"2,11"
			},
			{
				"value":"+33:39:40.3",
				"u_value":"degrees",
				"source":"2,4,7,8"
			},
			{
				"value":"+33:39:40.32",
				"u_value":"degrees",
				"source":"2,6"
			}
		],
		"discoverdate":[
			{
				"value":"2015/07/12",
				"source":"2,8"
			}
		],
		"discoverer":[
			{
				"value":"ASAS-SN",
				"source":"2,4,7,8"
			}
		],
		"ebv":[
			{
				"value":"0.0124",
				"derived":true,
				"e_value":"0.0006",
				"source":"5,9"
			}
		],
		"host":[
			{
				"value":"PGC 2036567",
				"source":"2,8"
			},
			{
				"value":"2MASX J14021617+3339415",
				"source":"2,6"
			},
			{
				"value":"2MASX J14021617+3339",
				"source":"4,7"
			}
		],
		"hostdec":[
			{
				"value":"+33:39:41.5",
				"derived":true,
				"u_value":"degrees",
				"source":"9"
			}
		],
		"hostoffsetang":[
			{
				"value":"6.76",
				"u_value":"arcseconds",
				"source":"2,6"
			}
		],
		"hostoffsetdist":[
			{
				"value":"4.78",
				"source":"1,2,6,9,11"
			}
		],
		"hostra":[
			{
				"value":"14:02:16.17",
				"derived":true,
				"u_value":"hours",
				"source":"9"
			}
		],
		"lumdist":[
			{
				"value":"156.08",
				"derived":true,
				"u_value":"Mpc",
				"source":"1,2,6,9"
			}
		],
		"maxabsmag":[
			{
				"value":"-20.13",
				"derived":true,
				"source":"1,2,6,9"
			}
		],
		"maxappmag":[
			{
				"value":"15.8",
				"derived":true,
				"source":"2,8,9"
			}
		],
		"maxdate":[
			{
				"value":"2015/07/17",
				"derived":true,
				"source":"2,8,9"
			}
		],
		"maxvisualabsmag":[
			{
				"value":"-20.1667",
				"derived":true,
				"source":"1,2,6,9"
			}
		],
		"maxvisualappmag":[
			{
				"value":"15.8",
				"derived":true,
				"source":"2,8,9"
			}
		],
		"maxvisualdate":[
			{
				"value":"2015/07/17",
				"derived":true,
				"source":"2,8,9"
			}
		],
		"ra":[
			{
				"value":"14:02:15.640",
				"u_value":"hours",
				"source":"2,11"
			},
			{
				"value":"14:02:15.64",
				"u_value":"hours",
				"source":"2,4,7,8"
			},
			{
				"value":"14:02:15.6",
				"u_value":"hours",
				"source":"2,6"
			}
		],
		"redshift":[
			{
				"value":"0.034371",
				"source":"2,6"
			}
		],
		"velocity":[
			{
				"value":"10127",
				"u_value":"km/s",
				"source":"9"
			}
		],
		"photometry":[
			{
				"time":"57220.5",
				"magnitude":"15.8",
				"u_time":"MJD",
				"source":"2,8"
			}
		],
		"spectra":[
			{
				"time":"57216.0",
				"filename":"ASASSNm15mj_2015-07-13_21:36:36_Asiago.ascii",
				"instrument":"Ekar - AFOSC",
				"observer":"tomasella",
				"redshift":"0.0344",
				"reducer":"Unknown",
				"reduction":"final",
				"survey":"Asiago",
				"u_fluxes":"erg/s/cm^2/Angstrom",
				"u_time":"MJD",
				"u_wavelengths":"Angstrom",
				"data":[
					[
						"3454.0",
						"3.162362039e-16"
					],
					[
						"3458.732725",
						"3.079576215e-16"
					],
					[
						"3463.465449",
						"5.127634119e-16"
					],
					[
						"3468.198174",
						"5.497854221e-16"
					],
					[
						"3472.930898",
						"3.05285709e-16"
					],
					[
						"3477.663623",
						"4.641637848e-16"
					],
					[
						"3482.396347",
						"3.843071861e-16"
					],
					[
						"3487.129072",
						"5.522317062e-16"
					],
					[
						"3491.861797",
						"4.66573223e-16"
					],
					[
						"3496.594521",
						"2.453723952e-16"
					],
					[
						"3501.327246",
						"1.853897835e-16"
					],
					[
						"3506.05997",
						"5.424940566e-16"
					],
					[
						"3510.792695",
						"3.925726131e-16"
					],
					[
						"3515.52542",
						"4.09822492e-16"
					],
					[
						"3520.258144",
						"3.945078981e-16"
					],
					[
						"3524.990869",
						"3.666117944e-16"
					],
					[
						"3529.723593",
						"3.606284595e-16"
					],
					[
						"3534.456318",
						"2.787034858e-16"
					],
					[
						"3539.189042",
						"2.876584769e-16"
					],
					[
						"3543.921767",
						"4.727270232e-16"
					],
					[
						"3548.654492",
						"4.530593417e-16"
					],
					[
						"3553.387216",
						"1.853932511e-16"
					],
					[
						"3558.119941",
						"2.747152841e-16"
					],
					[
						"3562.852665",
						"2.504924182e-16"
					],
					[
						"3567.58539",
						"3.796019975e-16"
					],
					[
						"3572.318114",
						"2.382649153e-16"
					],
					[
						"3577.050839",
						"3.380122563e-16"
					],
					[
						"3581.783564",
						"3.112008313e-16"
					],
					[
						"3586.516288",
						"3.257317609e-16"
					],
					[
						"3591.249013",
						"2.914586373e-16"
					],
					[
						"3595.981737",
						"3.417242988e-16"
					],
					[
						"3600.714462",
						"3.452540704e-16"
					],
					[
						"3605.447187",
						"2.718559656e-16"
					],
					[
						"3610.179911",
						"3.623824795e-16"
					],
					[
						"3614.912636",
						"2.928508683e-16"
					],
					[
						"3619.64536",
						"2.746477862e-16"
					],
					[
						"3624.378085",
						"4.417547076e-16"
					],
					[
						"3629.110809",
						"2.969308143e-16"
					],
					[
						"3633.843534",
						"2.837955567e-16"
					],
					[
						"3638.576259",
						"3.790489909e-16"
					],
					[
						"3643.308983",
						"2.702110276e-16"
					],
					[
						"3648.041708",
						"2.844573541e-16"
					],
					[
						"3652.774432",
						"4.02796486e-16"
					],
					[
						"3657.507157",
						"3.518392751e-16"
					],
					[
						"3662.239881",
						"4.276973488e-16"
					],
					[
						"3666.972606",
						"3.926509901e-16"
					],
					[
						"3671.705331",
						"3.236009966e-16"
					],
					[
						"3676.438055",
						"3.363081584e-16"
					],
					[
						"3681.17078",
						"3.299005924e-16"
					],
					[
						"3685.903504",
						"3.310927118e-16"
					],
					[
						"3690.636229",
						"3.44354892e-16"
					],
					[
						"3695.368954",
						"3.175391523e-16"
					],
					[
						"3700.101678",
						"3.509952067e-16"
					],
					[
						"3704.834403",
						"3.349067953e-16"
					],
					[
						"3709.567127",
						"3.723138349e-16"
					],
					[
						"3714.299852",
						"3.759621911e-16"
					],
					[
						"3719.032576",
						"3.306431491e-16"
					],
					[
						"3723.765301",
						"3.059797202e-16"
					],
					[
						"3728.498026",
						"2.073082963e-16"
					],
					[
						"3733.23075",
						"2.929858907e-16"
					],
					[
						"3737.963475",
						"2.860435027e-16"
					],
					[
						"3742.696199",
						"3.522187458e-16"
					],
					[
						"3747.428924",
						"3.841216065e-16"
					],
					[
						"3752.161648",
						"3.279051151e-16"
					],
					[
						"3756.894373",
						"2.942970183e-16"
					],
					[
						"3761.627098",
						"2.990001158e-16"
					],
					[
						"3766.359822",
						"2.884308122e-16"
					],
					[
						"3771.092547",
						"2.887696253e-16"
					],
					[
						"3775.825271",
						"2.558600925e-16"
					],
					[
						"3780.557996",
						"2.98410819e-16"
					],
					[
						"3785.290721",
						"3.010257421e-16"
					],
					[
						"3790.023445",
						"2.942708396e-16"
					],
					[
						"3794.75617",
						"2.770074611e-16"
					],
					[
						"3799.488894",
						"2.74533622e-16"
					],
					[
						"3804.221619",
						"2.423850688e-16"
					],
					[
						"3808.954343",
						"2.757566317e-16"
					],
					[
						"3813.687068",
						"2.833923955e-16"
					],
					[
						"3818.419793",
						"2.810687724e-16"
					],
					[
						"3823.152517",
						"2.372410642e-16"
					],
					[
						"3827.885242",
						"2.709938978e-16"
					],
					[
						"3832.617966",
						"2.747468361e-16"
					],
					[
						"3837.350691",
						"2.894771096e-16"
					],
					[
						"3842.083415",
						"2.821652565e-16"
					],
					[
						"3846.81614",
						"2.714787977e-16"
					],
					[
						"3851.548865",
						"2.637247404e-16"
					],
					[
						"3856.281589",
						"2.763913506e-16"
					],
					[
						"3861.014314",
						"2.791196172e-16"
					],
					[
						"3865.747038",
						"2.770549744e-16"
					],
					[
						"3870.479763",
						"2.7338576e-16"
					],
					[
						"3875.212488",
						"2.758199474e-16"
					],
					[
						"3879.945212",
						"2.784544581e-16"
					],
					[
						"3884.677937",
						"2.579773572e-16"
					],
					[
						"3889.410661",
						"2.859961483e-16"
					],
					[
						"3894.143386",
						"3.111411154e-16"
					],
					[
						"3898.87611",
						"2.636494075e-16"
					],
					[
						"3903.608835",
						"2.749484035e-16"
					],
					[
						"3908.34156",
						"2.528405524e-16"
					],
					[
						"3913.074284",
						"2.609202408e-16"
					],
					[
						"3917.807009",
						"3.01715571e-16"
					],
					[
						"3922.539733",
						"3.042668872e-16"
					],
					[
						"3927.272458",
						"2.987272123e-16"
					],
					[
						"3932.005182",
						"3.029828117e-16"
					],
					[
						"3936.737907",
						"3.063358975e-16"
					],
					[
						"3941.470632",
						"2.925226166e-16"
					],
					[
						"3946.203356",
						"2.554866833e-16"
					],
					[
						"3950.936081",
						"3.001840031e-16"
					],
					[
						"3955.668805",
						"2.994199794e-16"
					],
					[
						"3960.40153",
						"2.862984597e-16"
					],
					[
						"3965.134255",
						"2.818097938e-16"
					],
					[
						"3969.866979",
						"2.867870918e-16"
					],
					[
						"3974.599704",
						"2.86510562e-16"
					],
					[
						"3979.332428",
						"2.751439092e-16"
					],
					[
						"3984.065153",
						"2.714843034e-16"
					],
					[
						"3988.797877",
						"2.522866458e-16"
					],
					[
						"3993.530602",
						"2.542202102e-16"
					],
					[
						"3998.263327",
						"2.619848289e-16"
					],
					[
						"4002.996051",
						"2.452115913e-16"
					],
					[
						"4007.728776",
						"2.636869416e-16"
					],
					[
						"4012.4615",
						"2.582533047e-16"
					],
					[
						"4017.194225",
						"2.390378858e-16"
					],
					[
						"4021.926949",
						"2.629416055e-16"
					],
					[
						"4026.659674",
						"2.712177262e-16"
					],
					[
						"4031.392399",
						"2.707695929e-16"
					],
					[
						"4036.125123",
						"2.933472826e-16"
					],
					[
						"4040.857848",
						"2.773542947e-16"
					],
					[
						"4045.590572",
						"2.913684283e-16"
					],
					[
						"4050.323297",
						"2.852228602e-16"
					],
					[
						"4055.056022",
						"2.579974213e-16"
					],
					[
						"4059.788746",
						"3.202661749e-16"
					],
					[
						"4064.521471",
						"3.15604582e-16"
					],
					[
						"4069.254195",
						"2.886996128e-16"
					],
					[
						"4073.98692",
						"2.664794239e-16"
					],
					[
						"4078.719644",
						"2.749615325e-16"
					],
					[
						"4083.452369",
						"2.864946801e-16"
					],
					[
						"4088.185094",
						"2.932527854e-16"
					],
					[
						"4092.917818",
						"2.923754975e-16"
					],
					[
						"4097.650543",
						"2.786295292e-16"
					],
					[
						"4102.383267",
						"2.935295005e-16"
					],
					[
						"4107.115992",
						"2.824296896e-16"
					],
					[
						"4111.848716",
						"2.747730941e-16"
					],
					[
						"4116.581441",
						"2.716698301e-16"
					],
					[
						"4121.314166",
						"2.843279434e-16"
					],
					[
						"4126.04689",
						"2.77477035e-16"
					],
					[
						"4130.779615",
						"2.563360456e-16"
					],
					[
						"4135.512339",
						"2.86228103e-16"
					],
					[
						"4140.245064",
						"2.788398316e-16"
					],
					[
						"4144.977789",
						"2.486538009e-16"
					],
					[
						"4149.710513",
						"2.505043296e-16"
					],
					[
						"4154.443238",
						"2.477977682e-16"
					],
					[
						"4159.175962",
						"2.538776648e-16"
					],
					[
						"4163.908687",
						"2.521209979e-16"
					],
					[
						"4168.641411",
						"2.47130518e-16"
					],
					[
						"4173.374136",
						"2.67765617e-16"
					],
					[
						"4178.106861",
						"2.59033872e-16"
					],
					[
						"4182.839585",
						"2.571736553e-16"
					],
					[
						"4187.57231",
						"2.522621083e-16"
					],
					[
						"4192.305034",
						"2.645800055e-16"
					],
					[
						"4197.037759",
						"2.808655903e-16"
					],
					[
						"4201.770483",
						"2.631473022e-16"
					],
					[
						"4206.503208",
						"2.675148688e-16"
					],
					[
						"4211.235933",
						"2.528605635e-16"
					],
					[
						"4215.968657",
						"2.493816139e-16"
					],
					[
						"4220.701382",
						"2.64234866e-16"
					],
					[
						"4225.434106",
						"2.69008532e-16"
					],
					[
						"4230.166831",
						"2.731529583e-16"
					],
					[
						"4234.899556",
						"2.809332206e-16"
					],
					[
						"4239.63228",
						"2.763210468e-16"
					],
					[
						"4244.365005",
						"2.669625239e-16"
					],
					[
						"4249.097729",
						"2.694721502e-16"
					],
					[
						"4253.830454",
						"2.785595431e-16"
					],
					[
						"4258.563178",
						"2.675572204e-16"
					],
					[
						"4263.295903",
						"2.747733323e-16"
					],
					[
						"4268.028628",
						"2.795921028e-16"
					],
					[
						"4272.761352",
						"3.003057112e-16"
					],
					[
						"4277.494077",
						"2.79097462e-16"
					],
					[
						"4282.226801",
						"2.811043213e-16"
					],
					[
						"4286.959526",
						"2.663783094e-16"
					],
					[
						"4291.69225",
						"2.768731535e-16"
					],
					[
						"4296.424975",
						"2.634973121e-16"
					],
					[
						"4301.1577",
						"2.612646921e-16"
					],
					[
						"4305.890424",
						"2.573889869e-16"
					],
					[
						"4310.623149",
						"2.530580545e-16"
					],
					[
						"4315.355873",
						"2.411880789e-16"
					],
					[
						"4320.088598",
						"2.597028957e-16"
					],
					[
						"4324.821323",
						"2.484650713e-16"
					],
					[
						"4329.554047",
						"2.501447906e-16"
					],
					[
						"4334.286772",
						"2.4267396e-16"
					],
					[
						"4339.019496",
						"2.433297753e-16"
					],
					[
						"4343.752221",
						"2.637365989e-16"
					],
					[
						"4348.484945",
						"2.446868544e-16"
					],
					[
						"4353.21767",
						"2.369781399e-16"
					],
					[
						"4357.950395",
						"2.334892112e-16"
					],
					[
						"4362.683119",
						"2.35045396e-16"
					],
					[
						"4367.415844",
						"2.258817701e-16"
					],
					[
						"4372.148568",
						"2.342202536e-16"
					],
					[
						"4376.881293",
						"2.424873745e-16"
					],
					[
						"4381.614017",
						"2.379245933e-16"
					],
					[
						"4386.346742",
						"2.494803197e-16"
					],
					[
						"4391.079467",
						"2.363783347e-16"
					],
					[
						"4395.812191",
						"2.34914e-16"
					],
					[
						"4400.544916",
						"2.318929247e-16"
					],
					[
						"4405.27764",
						"2.271278349e-16"
					],
					[
						"4410.010365",
						"2.336010195e-16"
					],
					[
						"4414.74309",
						"2.526783191e-16"
					],
					[
						"4419.475814",
						"2.429921003e-16"
					],
					[
						"4424.208539",
						"2.414155867e-16"
					],
					[
						"4428.941263",
						"2.528807335e-16"
					],
					[
						"4433.673988",
						"2.508326872e-16"
					],
					[
						"4438.406712",
						"2.39623715e-16"
					],
					[
						"4443.139437",
						"2.328258256e-16"
					],
					[
						"4447.872162",
						"2.28516069e-16"
					],
					[
						"4452.604886",
						"2.431211934e-16"
					],
					[
						"4457.337611",
						"2.419369355e-16"
					],
					[
						"4462.070335",
						"2.386893847e-16"
					],
					[
						"4466.80306",
						"2.418577908e-16"
					],
					[
						"4471.535784",
						"2.520108836e-16"
					],
					[
						"4476.268509",
						"2.413760938e-16"
					],
					[
						"4481.001234",
						"2.489696647e-16"
					],
					[
						"4485.733958",
						"2.36290455e-16"
					],
					[
						"4490.466683",
						"2.373644928e-16"
					],
					[
						"4495.199407",
						"2.660535252e-16"
					],
					[
						"4499.932132",
						"2.495861194e-16"
					],
					[
						"4504.664857",
						"2.497636787e-16"
					],
					[
						"4509.397581",
						"2.605851599e-16"
					],
					[
						"4514.130306",
						"2.365405944e-16"
					],
					[
						"4518.86303",
						"2.486257164e-16"
					],
					[
						"4523.595755",
						"2.573555556e-16"
					],
					[
						"4528.328479",
						"2.488066374e-16"
					],
					[
						"4533.061204",
						"2.480363403e-16"
					],
					[
						"4537.793929",
						"2.426882537e-16"
					],
					[
						"4542.526653",
						"2.332189812e-16"
					],
					[
						"4547.259378",
						"2.395683666e-16"
					],
					[
						"4551.992102",
						"2.495345298e-16"
					],
					[
						"4556.724827",
						"2.233254246e-16"
					],
					[
						"4561.457551",
						"2.214751209e-16"
					],
					[
						"4566.190276",
						"2.312906578e-16"
					],
					[
						"4570.923001",
						"2.313677378e-16"
					],
					[
						"4575.655725",
						"2.394483791e-16"
					],
					[
						"4580.38845",
						"2.460350662e-16"
					],
					[
						"4585.121174",
						"2.467507296e-16"
					],
					[
						"4589.853899",
						"2.203432334e-16"
					],
					[
						"4594.586624",
						"2.276957705e-16"
					],
					[
						"4599.319348",
						"2.188871308e-16"
					],
					[
						"4604.052073",
						"2.153426023e-16"
					],
					[
						"4608.784797",
						"2.066738951e-16"
					],
					[
						"4613.517522",
						"2.263768343e-16"
					],
					[
						"4618.250246",
						"2.30012935e-16"
					],
					[
						"4622.982971",
						"2.3976509e-16"
					],
					[
						"4627.715696",
						"2.269995888e-16"
					],
					[
						"4632.44842",
						"2.376900976e-16"
					],
					[
						"4637.181145",
						"2.364482414e-16"
					],
					[
						"4641.913869",
						"2.336140427e-16"
					],
					[
						"4646.646594",
						"2.319441172e-16"
					],
					[
						"4651.379318",
						"2.287439738e-16"
					],
					[
						"4656.112043",
						"2.15550721e-16"
					],
					[
						"4660.844768",
						"2.14985075e-16"
					],
					[
						"4665.577492",
						"2.172641363e-16"
					],
					[
						"4670.310217",
						"2.2950408e-16"
					],
					[
						"4675.042941",
						"2.059365661e-16"
					],
					[
						"4679.775666",
						"2.213934483e-16"
					],
					[
						"4684.508391",
						"2.379502425e-16"
					],
					[
						"4689.241115",
						"2.263833194e-16"
					],
					[
						"4693.97384",
						"2.26437609e-16"
					],
					[
						"4698.706564",
						"2.362475475e-16"
					],
					[
						"4703.439289",
						"2.384857262e-16"
					],
					[
						"4708.172013",
						"2.333346012e-16"
					],
					[
						"4712.904738",
						"2.286429122e-16"
					],
					[
						"4717.637463",
						"2.360010344e-16"
					],
					[
						"4722.370187",
						"2.392341592e-16"
					],
					[
						"4727.102912",
						"2.267770839e-16"
					],
					[
						"4731.835636",
						"2.298423638e-16"
					],
					[
						"4736.568361",
						"2.357054729e-16"
					],
					[
						"4741.301085",
						"2.497804341e-16"
					],
					[
						"4746.03381",
						"2.432762004e-16"
					],
					[
						"4750.766535",
						"2.249403723e-16"
					],
					[
						"4755.499259",
						"2.336028989e-16"
					],
					[
						"4760.231984",
						"2.441622234e-16"
					],
					[
						"4764.964708",
						"2.293340117e-16"
					],
					[
						"4769.697433",
						"2.265504761e-16"
					],
					[
						"4774.430158",
						"2.186755314e-16"
					],
					[
						"4779.162882",
						"2.231726411e-16"
					],
					[
						"4783.895607",
						"2.239833045e-16"
					],
					[
						"4788.628331",
						"2.212453102e-16"
					],
					[
						"4793.361056",
						"2.256185281e-16"
					],
					[
						"4798.09378",
						"2.328297166e-16"
					],
					[
						"4802.826505",
						"2.28946997e-16"
					],
					[
						"4807.55923",
						"2.382071318e-16"
					],
					[
						"4812.291954",
						"2.428874917e-16"
					],
					[
						"4817.024679",
						"2.475019949e-16"
					],
					[
						"4821.757403",
						"2.325669511e-16"
					],
					[
						"4826.490128",
						"2.325705245e-16"
					],
					[
						"4831.222852",
						"2.324783832e-16"
					],
					[
						"4835.955577",
						"2.351784331e-16"
					],
					[
						"4840.688302",
						"2.355118994e-16"
					],
					[
						"4845.421026",
						"2.27529805e-16"
					],
					[
						"4850.153751",
						"2.277034468e-16"
					],
					[
						"4854.886475",
						"2.086326455e-16"
					],
					[
						"4859.6192",
						"2.059927615e-16"
					],
					[
						"4864.351925",
						"2.251148876e-16"
					],
					[
						"4869.084649",
						"2.186965351e-16"
					],
					[
						"4873.817374",
						"2.108028366e-16"
					],
					[
						"4878.550098",
						"2.275541043e-16"
					],
					[
						"4883.282823",
						"2.201936129e-16"
					],
					[
						"4888.015547",
						"2.018758372e-16"
					],
					[
						"4892.748272",
						"2.110472982e-16"
					],
					[
						"4897.480997",
						"2.104379771e-16"
					],
					[
						"4902.213721",
						"2.097987452e-16"
					],
					[
						"4906.946446",
						"2.118205467e-16"
					],
					[
						"4911.67917",
						"2.149551112e-16"
					],
					[
						"4916.411895",
						"2.043913398e-16"
					],
					[
						"4921.144619",
						"2.089245675e-16"
					],
					[
						"4925.877344",
						"2.001467254e-16"
					],
					[
						"4930.610069",
						"1.937722466e-16"
					],
					[
						"4935.342793",
						"2.026142117e-16"
					],
					[
						"4940.075518",
						"2.093679892e-16"
					],
					[
						"4944.808242",
						"2.067731038e-16"
					],
					[
						"4949.540967",
						"2.063466757e-16"
					],
					[
						"4954.273692",
						"2.076025476e-16"
					],
					[
						"4959.006416",
						"2.145782213e-16"
					],
					[
						"4963.739141",
						"2.043695949e-16"
					],
					[
						"4968.471865",
						"2.070012336e-16"
					],
					[
						"4973.20459",
						"2.147706301e-16"
					],
					[
						"4977.937314",
						"2.093169952e-16"
					],
					[
						"4982.670039",
						"2.001989899e-16"
					],
					[
						"4987.402764",
						"2.148632214e-16"
					],
					[
						"4992.135488",
						"2.279183814e-16"
					],
					[
						"4996.868213",
						"2.402001209e-16"
					],
					[
						"5001.600937",
						"2.152593549e-16"
					],
					[
						"5006.333662",
						"1.930686534e-16"
					],
					[
						"5011.066386",
						"2.03716956e-16"
					],
					[
						"5015.799111",
						"2.117729672e-16"
					],
					[
						"5020.531836",
						"2.002847256e-16"
					],
					[
						"5025.26456",
						"1.995378013e-16"
					],
					[
						"5029.997285",
						"1.919166224e-16"
					],
					[
						"5034.730009",
						"1.974397139e-16"
					],
					[
						"5039.462734",
						"1.970477097e-16"
					],
					[
						"5044.195459",
						"2.058528687e-16"
					],
					[
						"5048.928183",
						"1.944529699e-16"
					],
					[
						"5053.660908",
						"1.983513331e-16"
					],
					[
						"5058.393632",
						"1.925822579e-16"
					],
					[
						"5063.126357",
						"1.911853418e-16"
					],
					[
						"5067.859081",
						"1.957831954e-16"
					],
					[
						"5072.591806",
						"1.954498483e-16"
					],
					[
						"5077.324531",
						"1.938129174e-16"
					],
					[
						"5082.057255",
						"1.930475834e-16"
					],
					[
						"5086.78998",
						"1.959899906e-16"
					],
					[
						"5091.522704",
						"1.983455363e-16"
					],
					[
						"5096.255429",
						"1.938860401e-16"
					],
					[
						"5100.988153",
						"1.950247436e-16"
					],
					[
						"5105.720878",
						"2.015768346e-16"
					],
					[
						"5110.453603",
						"1.990818991e-16"
					],
					[
						"5115.186327",
						"2.027019458e-16"
					],
					[
						"5119.919052",
						"1.984284529e-16"
					],
					[
						"5124.651776",
						"1.989645321e-16"
					],
					[
						"5129.384501",
						"1.933199971e-16"
					],
					[
						"5134.117226",
						"1.914608789e-16"
					],
					[
						"5138.84995",
						"1.884437476e-16"
					],
					[
						"5143.582675",
						"1.801757928e-16"
					],
					[
						"5148.315399",
						"1.837189978e-16"
					],
					[
						"5153.048124",
						"1.791203633e-16"
					],
					[
						"5157.780848",
						"1.804367584e-16"
					],
					[
						"5162.513573",
						"1.869600767e-16"
					],
					[
						"5167.246298",
						"1.874381739e-16"
					],
					[
						"5171.979022",
						"1.95640616e-16"
					],
					[
						"5176.711747",
						"1.898957076e-16"
					],
					[
						"5181.444471",
						"1.857264924e-16"
					],
					[
						"5186.177196",
						"1.938684642e-16"
					],
					[
						"5190.90992",
						"1.96455369e-16"
					],
					[
						"5195.642645",
						"1.939072954e-16"
					],
					[
						"5200.37537",
						"1.948255453e-16"
					],
					[
						"5205.108094",
						"1.929816472e-16"
					],
					[
						"5209.840819",
						"1.886592513e-16"
					],
					[
						"5214.573543",
						"2.048515699e-16"
					],
					[
						"5219.306268",
						"1.998968639e-16"
					],
					[
						"5224.038993",
						"1.860493178e-16"
					],
					[
						"5228.771717",
						"1.951393445e-16"
					],
					[
						"5233.504442",
						"1.916956394e-16"
					],
					[
						"5238.237166",
						"1.91443925e-16"
					],
					[
						"5242.969891",
						"1.956987701e-16"
					],
					[
						"5247.702615",
						"1.974374772e-16"
					],
					[
						"5252.43534",
						"2.025977872e-16"
					],
					[
						"5257.168065",
						"2.060387924e-16"
					],
					[
						"5261.900789",
						"1.975215585e-16"
					],
					[
						"5266.633514",
						"2.001874624e-16"
					],
					[
						"5271.366238",
						"1.987521386e-16"
					],
					[
						"5276.098963",
						"1.926506029e-16"
					],
					[
						"5280.831687",
						"1.923428785e-16"
					],
					[
						"5285.564412",
						"2.050094489e-16"
					],
					[
						"5290.297137",
						"2.072637079e-16"
					],
					[
						"5295.029861",
						"1.994956614e-16"
					],
					[
						"5299.762586",
						"1.934601679e-16"
					],
					[
						"5304.49531",
						"1.861912885e-16"
					],
					[
						"5309.228035",
						"2.036628915e-16"
					],
					[
						"5313.96076",
						"2.007203652e-16"
					],
					[
						"5318.693484",
						"1.898097735e-16"
					],
					[
						"5323.426209",
						"1.890862618e-16"
					],
					[
						"5328.158933",
						"1.883577737e-16"
					],
					[
						"5332.891658",
						"1.944329058e-16"
					],
					[
						"5337.624382",
						"1.959711706e-16"
					],
					[
						"5342.357107",
						"1.863216124e-16"
					],
					[
						"5347.089832",
						"1.906379864e-16"
					],
					[
						"5351.822556",
						"1.941111789e-16"
					],
					[
						"5356.555281",
						"1.959803556e-16"
					],
					[
						"5361.288005",
						"1.948541856e-16"
					],
					[
						"5366.02073",
						"1.944634519e-16"
					],
					[
						"5370.753454",
						"1.882216926e-16"
					],
					[
						"5375.486179",
						"1.967507982e-16"
					],
					[
						"5380.218904",
						"1.882560768e-16"
					],
					[
						"5384.951628",
						"1.963672776e-16"
					],
					[
						"5389.684353",
						"1.89498211e-16"
					],
					[
						"5394.417077",
						"1.914026322e-16"
					],
					[
						"5399.149802",
						"1.949830537e-16"
					],
					[
						"5403.882527",
						"1.952014294e-16"
					],
					[
						"5408.615251",
						"1.788782839e-16"
					],
					[
						"5413.347976",
						"1.796761757e-16"
					],
					[
						"5418.0807",
						"1.917691328e-16"
					],
					[
						"5422.813425",
						"1.83682496e-16"
					],
					[
						"5427.546149",
						"1.810722978e-16"
					],
					[
						"5432.278874",
						"1.845291716e-16"
					],
					[
						"5437.011599",
						"1.867424422e-16"
					],
					[
						"5441.744323",
						"1.971076506e-16"
					],
					[
						"5446.477048",
						"1.86807452e-16"
					],
					[
						"5451.209772",
						"1.662117532e-16"
					],
					[
						"5455.942497",
						"1.540595436e-16"
					],
					[
						"5460.675221",
						"1.230168713e-16"
					],
					[
						"5465.407946",
						"1.349154078e-16"
					],
					[
						"5470.140671",
						"1.864308267e-16"
					],
					[
						"5474.873395",
						"1.91365601e-16"
					],
					[
						"5479.60612",
						"1.892645622e-16"
					],
					[
						"5484.338844",
						"1.757165349e-16"
					],
					[
						"5489.071569",
						"1.69097568e-16"
					],
					[
						"5493.804294",
						"1.721969674e-16"
					],
					[
						"5498.537018",
						"1.814594051e-16"
					],
					[
						"5503.269743",
						"1.844678808e-16"
					],
					[
						"5508.002467",
						"1.821024487e-16"
					],
					[
						"5512.735192",
						"1.770209127e-16"
					],
					[
						"5517.467916",
						"1.763743089e-16"
					],
					[
						"5522.200641",
						"1.77904474e-16"
					],
					[
						"5526.933366",
						"1.747164008e-16"
					],
					[
						"5531.66609",
						"1.769404446e-16"
					],
					[
						"5536.398815",
						"1.685515626e-16"
					],
					[
						"5541.131539",
						"1.641507103e-16"
					],
					[
						"5545.864264",
						"1.837917103e-16"
					],
					[
						"5550.596988",
						"1.712089962e-16"
					],
					[
						"5555.329713",
						"1.7086027e-16"
					],
					[
						"5560.062438",
						"1.732246566e-16"
					],
					[
						"5564.795162",
						"1.722835369e-16"
					],
					[
						"5569.527887",
						"1.42402835e-16"
					],
					[
						"5574.260611",
						"1.587788935e-16"
					],
					[
						"5578.993336",
						"2.01031438e-16"
					],
					[
						"5583.726061",
						"2.148907764e-16"
					],
					[
						"5588.458785",
						"1.85085884e-16"
					],
					[
						"5593.19151",
						"1.577155892e-16"
					],
					[
						"5597.924234",
						"1.741629574e-16"
					],
					[
						"5602.656959",
						"1.902194992e-16"
					],
					[
						"5607.389683",
						"1.768523664e-16"
					],
					[
						"5612.122408",
						"1.671635271e-16"
					],
					[
						"5616.855133",
						"1.711096021e-16"
					],
					[
						"5621.587857",
						"1.702166838e-16"
					],
					[
						"5626.320582",
						"1.667853798e-16"
					],
					[
						"5631.053306",
						"1.651218336e-16"
					],
					[
						"5635.786031",
						"1.728609619e-16"
					],
					[
						"5640.518755",
						"1.841518184e-16"
					],
					[
						"5645.25148",
						"1.694034263e-16"
					],
					[
						"5649.984205",
						"1.707884575e-16"
					],
					[
						"5654.716929",
						"1.728199734e-16"
					],
					[
						"5659.449654",
						"1.658642712e-16"
					],
					[
						"5664.182378",
						"1.815933951e-16"
					],
					[
						"5668.915103",
						"1.674179811e-16"
					],
					[
						"5673.647828",
						"1.655770741e-16"
					],
					[
						"5678.380552",
						"1.618852016e-16"
					],
					[
						"5683.113277",
						"1.619100964e-16"
					],
					[
						"5687.846001",
						"1.613486988e-16"
					],
					[
						"5692.578726",
						"1.717478018e-16"
					],
					[
						"5697.31145",
						"1.821411342e-16"
					],
					[
						"5702.044175",
						"1.320140818e-16"
					],
					[
						"5706.7769",
						"1.427257134e-16"
					],
					[
						"5711.509624",
						"1.682959043e-16"
					],
					[
						"5716.242349",
						"1.650337951e-16"
					],
					[
						"5720.975073",
						"1.632484879e-16"
					],
					[
						"5725.707798",
						"1.672974509e-16"
					],
					[
						"5730.440522",
						"1.664083575e-16"
					],
					[
						"5735.173247",
						"1.76814647e-16"
					],
					[
						"5739.905972",
						"1.734018586e-16"
					],
					[
						"5744.638696",
						"1.682591245e-16"
					],
					[
						"5749.371421",
						"1.738246074e-16"
					],
					[
						"5754.104145",
						"1.577004882e-16"
					],
					[
						"5758.83687",
						"1.54738017e-16"
					],
					[
						"5763.569595",
						"1.544658679e-16"
					],
					[
						"5768.302319",
						"1.644664286e-16"
					],
					[
						"5773.035044",
						"1.755618191e-16"
					],
					[
						"5777.767768",
						"1.640648026e-16"
					],
					[
						"5782.500493",
						"1.467255485e-16"
					],
					[
						"5787.233217",
						"1.446331124e-16"
					],
					[
						"5791.965942",
						"1.538046793e-16"
					],
					[
						"5796.698667",
						"1.684548818e-16"
					],
					[
						"5801.431391",
						"1.69650032e-16"
					],
					[
						"5806.164116",
						"1.751779278e-16"
					],
					[
						"5810.89684",
						"1.663484299e-16"
					],
					[
						"5815.629565",
						"1.691342022e-16"
					],
					[
						"5820.362289",
						"1.593389411e-16"
					],
					[
						"5825.095014",
						"1.658525186e-16"
					],
					[
						"5829.827739",
						"1.851852251e-16"
					],
					[
						"5834.560463",
						"1.684996686e-16"
					],
					[
						"5839.293188",
						"1.600259643e-16"
					],
					[
						"5844.025912",
						"1.677736026e-16"
					],
					[
						"5848.758637",
						"1.661843702e-16"
					],
					[
						"5853.491362",
						"1.531948288e-16"
					],
					[
						"5858.224086",
						"1.401370483e-16"
					],
					[
						"5862.956811",
						"1.465317103e-16"
					],
					[
						"5867.689535",
						"1.587467989e-16"
					],
					[
						"5872.42226",
						"1.622351982e-16"
					],
					[
						"5877.154984",
						"1.587628661e-16"
					],
					[
						"5881.887709",
						"1.545468522e-16"
					],
					[
						"5886.620434",
						"1.617172508e-16"
					],
					[
						"5891.353158",
						"1.507592385e-16"
					],
					[
						"5896.085883",
						"1.514679272e-16"
					],
					[
						"5900.818607",
						"1.481181633e-16"
					],
					[
						"5905.551332",
						"1.521232395e-16"
					],
					[
						"5910.284056",
						"1.492882864e-16"
					],
					[
						"5915.016781",
						"1.485745685e-16"
					],
					[
						"5919.749506",
						"1.449958014e-16"
					],
					[
						"5924.48223",
						"1.399193476e-16"
					],
					[
						"5929.214955",
						"1.531713898e-16"
					],
					[
						"5933.947679",
						"1.537069264e-16"
					],
					[
						"5938.680404",
						"1.514697536e-16"
					],
					[
						"5943.413129",
						"1.441344086e-16"
					],
					[
						"5948.145853",
						"1.43199443e-16"
					],
					[
						"5952.878578",
						"1.4082202e-16"
					],
					[
						"5957.611302",
						"1.453726913e-16"
					],
					[
						"5962.344027",
						"1.46353529e-16"
					],
					[
						"5967.076751",
						"1.321526378e-16"
					],
					[
						"5971.809476",
						"1.416093107e-16"
					],
					[
						"5976.542201",
						"1.502000909e-16"
					],
					[
						"5981.274925",
						"1.455125444e-16"
					],
					[
						"5986.00765",
						"1.527960351e-16"
					],
					[
						"5990.740374",
						"1.416172384e-16"
					],
					[
						"5995.473099",
						"1.441904583e-16"
					],
					[
						"6000.205823",
						"1.588728745e-16"
					],
					[
						"6004.938548",
						"1.564070292e-16"
					],
					[
						"6009.671273",
						"1.583504934e-16"
					],
					[
						"6014.403997",
						"1.576637085e-16"
					],
					[
						"6019.136722",
						"1.455791821e-16"
					],
					[
						"6023.869446",
						"1.44175622e-16"
					],
					[
						"6028.602171",
						"1.597251087e-16"
					],
					[
						"6033.334896",
						"1.48981409e-16"
					],
					[
						"6038.06762",
						"1.447978603e-16"
					],
					[
						"6042.800345",
						"1.47456313e-16"
					],
					[
						"6047.533069",
						"1.468668177e-16"
					],
					[
						"6052.265794",
						"1.508250159e-16"
					],
					[
						"6056.998518",
						"1.518270162e-16"
					],
					[
						"6061.731243",
						"1.486497956e-16"
					],
					[
						"6066.463968",
						"1.51032989e-16"
					],
					[
						"6071.196692",
						"1.577258463e-16"
					],
					[
						"6075.929417",
						"1.623808614e-16"
					],
					[
						"6080.662141",
						"1.630305622e-16"
					],
					[
						"6085.394866",
						"1.567700755e-16"
					],
					[
						"6090.12759",
						"1.621607785e-16"
					],
					[
						"6094.860315",
						"1.636910626e-16"
					],
					[
						"6099.59304",
						"1.656367237e-16"
					],
					[
						"6104.325764",
						"1.59473487e-16"
					],
					[
						"6109.058489",
						"1.438560524e-16"
					],
					[
						"6113.791213",
						"1.648844658e-16"
					],
					[
						"6118.523938",
						"1.591191625e-16"
					],
					[
						"6123.256663",
						"1.619564185e-16"
					],
					[
						"6127.989387",
						"1.662567121e-16"
					],
					[
						"6132.722112",
						"1.556675033e-16"
					],
					[
						"6137.454836",
						"1.484593456e-16"
					],
					[
						"6142.187561",
						"1.569111462e-16"
					],
					[
						"6146.920285",
						"1.67935677e-16"
					],
					[
						"6151.65301",
						"1.651765863e-16"
					],
					[
						"6156.385735",
						"1.600680644e-16"
					],
					[
						"6161.118459",
						"1.550530206e-16"
					],
					[
						"6165.851184",
						"1.499748728e-16"
					],
					[
						"6170.583908",
						"1.532477419e-16"
					],
					[
						"6175.316633",
						"1.376219296e-16"
					],
					[
						"6180.049357",
						"1.390656575e-16"
					],
					[
						"6184.782082",
						"1.508461123e-16"
					],
					[
						"6189.514807",
						"1.488840664e-16"
					],
					[
						"6194.247531",
						"1.450212388e-16"
					],
					[
						"6198.980256",
						"1.478717164e-16"
					],
					[
						"6203.71298",
						"1.517234532e-16"
					],
					[
						"6208.445705",
						"1.443371406e-16"
					],
					[
						"6213.17843",
						"1.443721072e-16"
					],
					[
						"6217.911154",
						"1.417409846e-16"
					],
					[
						"6222.643879",
						"1.505229296e-16"
					],
					[
						"6227.376603",
						"1.459302508e-16"
					],
					[
						"6232.109328",
						"1.377143753e-16"
					],
					[
						"6236.842052",
						"1.406389153e-16"
					],
					[
						"6241.574777",
						"1.361199416e-16"
					],
					[
						"6246.307502",
						"1.325377731e-16"
					],
					[
						"6251.040226",
						"1.34350331e-16"
					],
					[
						"6255.772951",
						"1.362283089e-16"
					],
					[
						"6260.505675",
						"1.344028867e-16"
					],
					[
						"6265.2384",
						"1.343739023e-16"
					],
					[
						"6269.971124",
						"1.33361473e-16"
					],
					[
						"6274.703849",
						"1.297844528e-16"
					],
					[
						"6279.436574",
						"1.264619264e-16"
					],
					[
						"6284.169298",
						"1.26311406e-16"
					],
					[
						"6288.902023",
						"1.199425255e-16"
					],
					[
						"6293.634747",
						"1.166125346e-16"
					],
					[
						"6298.367472",
						"1.312506404e-16"
					],
					[
						"6303.100197",
						"1.413644917e-16"
					],
					[
						"6307.832921",
						"1.432179851e-16"
					],
					[
						"6312.565646",
						"1.380094339e-16"
					],
					[
						"6317.29837",
						"1.337754206e-16"
					],
					[
						"6322.031095",
						"1.332062277e-16"
					],
					[
						"6326.763819",
						"1.285553418e-16"
					],
					[
						"6331.496544",
						"1.287176016e-16"
					],
					[
						"6336.229269",
						"1.304219775e-16"
					],
					[
						"6340.961993",
						"1.246958892e-16"
					],
					[
						"6345.694718",
						"1.238915652e-16"
					],
					[
						"6350.427442",
						"1.22839815e-16"
					],
					[
						"6355.160167",
						"1.288480844e-16"
					],
					[
						"6359.892891",
						"1.24401929e-16"
					],
					[
						"6364.625616",
						"1.420218687e-16"
					],
					[
						"6369.358341",
						"1.379849626e-16"
					],
					[
						"6374.091065",
						"1.263166602e-16"
					],
					[
						"6378.82379",
						"1.159357288e-16"
					],
					[
						"6383.556514",
						"1.267679964e-16"
					],
					[
						"6388.289239",
						"1.349088169e-16"
					],
					[
						"6393.021963",
						"1.266097998e-16"
					],
					[
						"6397.754688",
						"1.265259171e-16"
					],
					[
						"6402.487413",
						"1.320099922e-16"
					],
					[
						"6407.220137",
						"1.301009784e-16"
					],
					[
						"6411.952862",
						"1.311699737e-16"
					],
					[
						"6416.685586",
						"1.30179779e-16"
					],
					[
						"6421.418311",
						"1.227429223e-16"
					],
					[
						"6426.151036",
						"1.245192034e-16"
					],
					[
						"6430.88376",
						"1.204566613e-16"
					],
					[
						"6435.616485",
						"1.252374873e-16"
					],
					[
						"6440.349209",
						"1.238329214e-16"
					],
					[
						"6445.081934",
						"1.242327077e-16"
					],
					[
						"6449.814658",
						"1.159924271e-16"
					],
					[
						"6454.547383",
						"1.242385972e-16"
					],
					[
						"6459.280108",
						"1.184961638e-16"
					],
					[
						"6464.012832",
						"1.188214377e-16"
					],
					[
						"6468.745557",
						"1.221922186e-16"
					],
					[
						"6473.478281",
						"1.2262807e-16"
					],
					[
						"6478.211006",
						"1.188906959e-16"
					],
					[
						"6482.94373",
						"1.145232882e-16"
					],
					[
						"6487.676455",
						"1.228027838e-16"
					],
					[
						"6492.40918",
						"1.247466714e-16"
					],
					[
						"6497.141904",
						"1.202280418e-16"
					],
					[
						"6501.874629",
						"1.259576374e-16"
					],
					[
						"6506.607353",
						"1.198070664e-16"
					],
					[
						"6511.340078",
						"1.136065603e-16"
					],
					[
						"6516.072803",
						"1.173652425e-16"
					],
					[
						"6520.805527",
						"1.248134812e-16"
					],
					[
						"6525.538252",
						"1.207803073e-16"
					],
					[
						"6530.270976",
						"1.159801187e-16"
					],
					[
						"6535.003701",
						"1.199908064e-16"
					],
					[
						"6539.736425",
						"1.206193181e-16"
					],
					[
						"6544.46915",
						"1.200933371e-16"
					],
					[
						"6549.201875",
						"1.227696965e-16"
					],
					[
						"6553.934599",
						"1.181067007e-16"
					],
					[
						"6558.667324",
						"1.164140775e-16"
					],
					[
						"6563.400048",
						"1.186380286e-16"
					],
					[
						"6568.132773",
						"1.121925844e-16"
					],
					[
						"6572.865497",
						"1.159236718e-16"
					],
					[
						"6577.598222",
						"1.198941785e-16"
					],
					[
						"6582.330947",
						"1.13159896e-16"
					],
					[
						"6587.063671",
						"1.073533925e-16"
					],
					[
						"6591.796396",
						"1.147860669e-16"
					],
					[
						"6596.52912",
						"1.154724018e-16"
					],
					[
						"6601.261845",
						"1.103271465e-16"
					],
					[
						"6605.99457",
						"1.202354269e-16"
					],
					[
						"6610.727294",
						"1.191082113e-16"
					],
					[
						"6615.460019",
						"1.135798787e-16"
					],
					[
						"6620.192743",
						"1.141538627e-16"
					],
					[
						"6624.925468",
						"1.160668866e-16"
					],
					[
						"6629.658192",
						"1.223861759e-16"
					],
					[
						"6634.390917",
						"1.231144786e-16"
					],
					[
						"6639.123642",
						"1.178881795e-16"
					],
					[
						"6643.856366",
						"1.147446814e-16"
					],
					[
						"6648.589091",
						"1.096717084e-16"
					],
					[
						"6653.321815",
						"1.16088658e-16"
					],
					[
						"6658.05454",
						"1.173712909e-16"
					],
					[
						"6662.787264",
						"1.203194155e-16"
					],
					[
						"6667.519989",
						"1.140859809e-16"
					],
					[
						"6672.252714",
						"1.131434185e-16"
					],
					[
						"6676.985438",
						"1.143356836e-16"
					],
					[
						"6681.718163",
						"1.190352474e-16"
					],
					[
						"6686.450887",
						"1.17515035e-16"
					],
					[
						"6691.183612",
						"1.180385146e-16"
					],
					[
						"6695.916337",
						"1.145227323e-16"
					],
					[
						"6700.649061",
						"1.098836321e-16"
					],
					[
						"6705.381786",
						"1.151369371e-16"
					],
					[
						"6710.11451",
						"1.166611464e-16"
					],
					[
						"6714.847235",
						"1.134218277e-16"
					],
					[
						"6719.579959",
						"1.151116849e-16"
					],
					[
						"6724.312684",
						"1.209152502e-16"
					],
					[
						"6729.045409",
						"1.171722381e-16"
					],
					[
						"6733.778133",
						"1.193408807e-16"
					],
					[
						"6738.510858",
						"1.166288797e-16"
					],
					[
						"6743.243582",
						"1.157655943e-16"
					],
					[
						"6747.976307",
						"1.115116228e-16"
					],
					[
						"6752.709031",
						"1.185461785e-16"
					],
					[
						"6757.441756",
						"1.194962451e-16"
					],
					[
						"6762.174481",
						"1.116150667e-16"
					],
					[
						"6766.907205",
						"1.095493254e-16"
					],
					[
						"6771.63993",
						"1.105996661e-16"
					],
					[
						"6776.372654",
						"1.051202563e-16"
					],
					[
						"6781.105379",
						"9.414069098e-17"
					],
					[
						"6785.838104",
						"8.730352044e-17"
					],
					[
						"6790.570828",
						"9.041415629e-17"
					],
					[
						"6795.303553",
						"1.026920908e-16"
					],
					[
						"6800.036277",
						"1.130489214e-16"
					],
					[
						"6804.769002",
						"1.131932082e-16"
					],
					[
						"6809.501726",
						"1.137722743e-16"
					],
					[
						"6814.234451",
						"1.100812025e-16"
					],
					[
						"6818.967176",
						"1.139056953e-16"
					],
					[
						"6823.6999",
						"1.211235409e-16"
					],
					[
						"6828.432625",
						"1.232971334e-16"
					],
					[
						"6833.165349",
						"1.113238859e-16"
					],
					[
						"6837.898074",
						"1.109745245e-16"
					],
					[
						"6842.630798",
						"1.218961938e-16"
					],
					[
						"6847.363523",
						"1.211129927e-16"
					],
					[
						"6852.096248",
						"1.124669436e-16"
					],
					[
						"6856.828972",
						"1.046236303e-16"
					],
					[
						"6861.561697",
						"9.958076008e-17"
					],
					[
						"6866.294421",
						"8.768580361e-17"
					],
					[
						"6871.027146",
						"8.19982156e-17"
					],
					[
						"6875.759871",
						"8.605694602e-17"
					],
					[
						"6880.492595",
						"9.240690718e-17"
					],
					[
						"6885.22532",
						"9.807067239e-17"
					],
					[
						"6889.958044",
						"9.343470225e-17"
					],
					[
						"6894.690769",
						"9.069465655e-17"
					],
					[
						"6899.423493",
						"9.779097946e-17"
					],
					[
						"6904.156218",
						"1.062546981e-16"
					],
					[
						"6908.888943",
						"1.066902716e-16"
					],
					[
						"6913.621667",
						"1.06340222e-16"
					],
					[
						"6918.354392",
						"1.107338679e-16"
					],
					[
						"6923.087116",
						"1.098640445e-16"
					],
					[
						"6927.819841",
						"9.996104479e-17"
					],
					[
						"6932.552565",
						"9.384135086e-17"
					],
					[
						"6937.28529",
						"1.014207737e-16"
					],
					[
						"6942.018015",
						"9.694498546e-17"
					],
					[
						"6946.750739",
						"1.026701142e-16"
					],
					[
						"6951.483464",
						"1.033323286e-16"
					],
					[
						"6956.216188",
						"9.385286521e-17"
					],
					[
						"6960.948913",
						"9.96251499e-17"
					],
					[
						"6965.681638",
						"1.011248019e-16"
					],
					[
						"6970.414362",
						"9.88774051e-17"
					],
					[
						"6975.147087",
						"1.037429344e-16"
					],
					[
						"6979.879811",
						"1.062170382e-16"
					],
					[
						"6984.612536",
						"1.031174006e-16"
					],
					[
						"6989.34526",
						"1.000661629e-16"
					],
					[
						"6994.077985",
						"9.962312496e-17"
					],
					[
						"6998.81071",
						"9.930857796e-17"
					],
					[
						"7003.543434",
						"1.035457676e-16"
					],
					[
						"7008.276159",
						"9.88167893e-17"
					],
					[
						"7013.008883",
						"1.006735451e-16"
					],
					[
						"7017.741608",
						"1.028022845e-16"
					],
					[
						"7022.474332",
						"9.88712244e-17"
					],
					[
						"7027.207057",
						"9.258961483e-17"
					],
					[
						"7031.939782",
						"9.848643984e-17"
					],
					[
						"7036.672506",
						"9.942487955e-17"
					],
					[
						"7041.405231",
						"9.488549764e-17"
					],
					[
						"7046.137955",
						"9.50399091e-17"
					],
					[
						"7050.87068",
						"9.249835365e-17"
					],
					[
						"7055.603405",
						"9.180617553e-17"
					],
					[
						"7060.336129",
						"9.568497101e-17"
					],
					[
						"7065.068854",
						"9.690169413e-17"
					],
					[
						"7069.801578",
						"1.001241913e-16"
					],
					[
						"7074.534303",
						"1.012583221e-16"
					],
					[
						"7079.267027",
						"9.266135455e-17"
					],
					[
						"7083.999752",
						"1.005326994e-16"
					],
					[
						"7088.732477",
						"1.044882903e-16"
					],
					[
						"7093.465201",
						"1.061784122e-16"
					],
					[
						"7098.197926",
						"9.720858476e-17"
					],
					[
						"7102.93065",
						"9.341029711e-17"
					],
					[
						"7107.663375",
						"9.727970905e-17"
					],
					[
						"7112.396099",
						"9.591226039e-17"
					],
					[
						"7117.128824",
						"9.576904564e-17"
					],
					[
						"7121.861549",
						"9.455029097e-17"
					],
					[
						"7126.594273",
						"9.214864816e-17"
					],
					[
						"7131.326998",
						"9.958566361e-17"
					],
					[
						"7136.059722",
						"1.005945526e-16"
					],
					[
						"7140.792447",
						"9.517859089e-17"
					],
					[
						"7145.525172",
						"8.910760797e-17"
					],
					[
						"7150.257896",
						"8.923975173e-17"
					],
					[
						"7154.990621",
						"8.840925578e-17"
					],
					[
						"7159.723345",
						"8.481201273e-17"
					],
					[
						"7164.45607",
						"8.19763648e-17"
					],
					[
						"7169.188794",
						"7.459722552e-17"
					],
					[
						"7173.921519",
						"6.46413326e-17"
					],
					[
						"7178.654244",
						"6.499647764e-17"
					],
					[
						"7183.386968",
						"6.700654638e-17"
					],
					[
						"7188.119693",
						"6.160839217e-17"
					],
					[
						"7192.852417",
						"6.593364018e-17"
					],
					[
						"7197.585142",
						"6.559587918e-17"
					],
					[
						"7202.317866",
						"6.468232106e-17"
					],
					[
						"7207.050591",
						"7.314714482e-17"
					],
					[
						"7211.783316",
						"7.703276288e-17"
					],
					[
						"7216.51604",
						"8.066549528e-17"
					],
					[
						"7221.248765",
						"8.167138e-17"
					],
					[
						"7225.981489",
						"8.015308005e-17"
					],
					[
						"7230.714214",
						"7.13928337e-17"
					],
					[
						"7235.446939",
						"6.693232512e-17"
					],
					[
						"7240.179663",
						"6.787979102e-17"
					],
					[
						"7244.912388",
						"6.697928912e-17"
					],
					[
						"7249.645112",
						"6.872859083e-17"
					],
					[
						"7254.377837",
						"6.891289329e-17"
					],
					[
						"7259.110561",
						"7.051765676e-17"
					],
					[
						"7263.843286",
						"6.73792872e-17"
					],
					[
						"7268.576011",
						"6.7976055e-17"
					],
					[
						"7273.308735",
						"6.597304045e-17"
					],
					[
						"7278.04146",
						"6.688123182e-17"
					],
					[
						"7282.774184",
						"6.851290845e-17"
					],
					[
						"7287.506909",
						"7.609094827e-17"
					],
					[
						"7292.239633",
						"7.268478394e-17"
					],
					[
						"7296.972358",
						"7.650523341e-17"
					],
					[
						"7301.705083",
						"7.595104887e-17"
					],
					[
						"7306.437807",
						"6.618898753e-17"
					],
					[
						"7311.170532",
						"7.270690606e-17"
					],
					[
						"7315.903256",
						"7.647622914e-17"
					],
					[
						"7320.635981",
						"7.86485841e-17"
					],
					[
						"7325.368706",
						"7.330195994e-17"
					],
					[
						"7330.10143",
						"8.142390079e-17"
					],
					[
						"7334.834155",
						"7.872778169e-17"
					],
					[
						"7339.566879",
						"8.041880355e-17"
					],
					[
						"7344.299604",
						"9.631839945e-17"
					],
					[
						"7349.032328",
						"8.649965308e-17"
					],
					[
						"7353.765053",
						"7.967649167e-17"
					],
					[
						"7358.497778",
						"7.953597023e-17"
					],
					[
						"7363.230502",
						"8.434803058e-17"
					],
					[
						"7367.963227",
						"8.710221115e-17"
					],
					[
						"7372.695951",
						"8.049887464e-17"
					],
					[
						"7377.428676",
						"8.38815338e-17"
					],
					[
						"7382.1614",
						"7.995470891e-17"
					],
					[
						"7386.894125",
						"8.244725556e-17"
					],
					[
						"7391.62685",
						"8.300149304e-17"
					],
					[
						"7396.359574",
						"8.886295442e-17"
					],
					[
						"7401.092299",
						"8.613069083e-17"
					],
					[
						"7405.825023",
						"8.969180924e-17"
					],
					[
						"7410.557748",
						"9.299394072e-17"
					],
					[
						"7415.290473",
						"8.928005858e-17"
					],
					[
						"7420.023197",
						"8.523116169e-17"
					],
					[
						"7424.755922",
						"8.750979943e-17"
					],
					[
						"7429.488646",
						"9.163217644e-17"
					],
					[
						"7434.221371",
						"9.485272805e-17"
					],
					[
						"7438.954095",
						"9.58216411e-17"
					],
					[
						"7443.68682",
						"9.037874634e-17"
					],
					[
						"7448.419545",
						"9.071084943e-17"
					],
					[
						"7453.152269",
						"9.220273253e-17"
					],
					[
						"7457.884994",
						"9.197516522e-17"
					],
					[
						"7462.617718",
						"9.464048012e-17"
					],
					[
						"7467.350443",
						"9.346176098e-17"
					],
					[
						"7472.083167",
						"9.353682266e-17"
					],
					[
						"7476.815892",
						"9.539171894e-17"
					],
					[
						"7481.548617",
						"9.893232989e-17"
					],
					[
						"7486.281341",
						"9.407874508e-17"
					],
					[
						"7491.014066",
						"8.606851331e-17"
					],
					[
						"7495.74679",
						"9.072437549e-17"
					],
					[
						"7500.479515",
						"9.182849617e-17"
					],
					[
						"7505.21224",
						"8.091522442e-17"
					],
					[
						"7509.944964",
						"8.786389229e-17"
					],
					[
						"7514.677689",
						"8.978536006e-17"
					],
					[
						"7519.410413",
						"8.932789609e-17"
					],
					[
						"7524.143138",
						"8.799048401e-17"
					],
					[
						"7528.875862",
						"8.901581739e-17"
					],
					[
						"7533.608587",
						"8.900898819e-17"
					],
					[
						"7538.341312",
						"9.162444726e-17"
					],
					[
						"7543.074036",
						"9.309785445e-17"
					],
					[
						"7547.806761",
						"9.308329608e-17"
					],
					[
						"7552.539485",
						"8.29388523e-17"
					],
					[
						"7557.27221",
						"7.494591192e-17"
					],
					[
						"7562.004934",
						"8.569463429e-17"
					],
					[
						"7566.737659",
						"8.471222828e-17"
					],
					[
						"7571.470384",
						"8.160524525e-17"
					],
					[
						"7576.203108",
						"8.790789168e-17"
					],
					[
						"7580.935833",
						"8.222792035e-17"
					],
					[
						"7585.668557",
						"8.160572171e-17"
					],
					[
						"7590.401282",
						"6.198833939e-17"
					],
					[
						"7595.134007",
						"4.036837266e-17"
					],
					[
						"7599.866731",
						"1.968910219e-17"
					],
					[
						"7604.599456",
						"1.339883121e-17"
					],
					[
						"7609.33218",
						"2.119620872e-17"
					],
					[
						"7614.064905",
						"3.371852213e-17"
					],
					[
						"7618.797629",
						"4.31681011e-17"
					],
					[
						"7623.530354",
						"4.350303645e-17"
					],
					[
						"7628.263079",
						"4.100210881e-17"
					],
					[
						"7632.995803",
						"3.46867999e-17"
					],
					[
						"7637.728528",
						"3.972949806e-17"
					],
					[
						"7642.461252",
						"4.698734288e-17"
					],
					[
						"7647.193977",
						"5.457203985e-17"
					],
					[
						"7651.926701",
						"6.166415738e-17"
					],
					[
						"7656.659426",
						"6.637186062e-17"
					],
					[
						"7661.392151",
						"6.609058613e-17"
					],
					[
						"7666.124875",
						"7.874465617e-17"
					],
					[
						"7670.8576",
						"8.195031192e-17"
					],
					[
						"7675.590324",
						"7.796979308e-17"
					],
					[
						"7680.323049",
						"8.22106422e-17"
					],
					[
						"7685.055774",
						"7.465075403e-17"
					],
					[
						"7689.788498",
						"7.015184441e-17"
					],
					[
						"7694.521223",
						"6.873661117e-17"
					],
					[
						"7699.253947",
						"8.021474141e-17"
					],
					[
						"7703.986672",
						"8.39212517e-17"
					],
					[
						"7708.719396",
						"8.350028295e-17"
					],
					[
						"7713.452121",
						"8.596656496e-17"
					],
					[
						"7718.184846",
						"8.152341393e-17"
					],
					[
						"7722.91757",
						"8.653640637e-17"
					],
					[
						"7727.650295",
						"8.520534042e-17"
					],
					[
						"7732.383019",
						"8.008874526e-17"
					],
					[
						"7737.115744",
						"8.746996903e-17"
					],
					[
						"7741.848468",
						"9.136301848e-17"
					],
					[
						"7746.581193",
						"8.199181653e-17"
					],
					[
						"7751.313918",
						"7.666398591e-17"
					],
					[
						"7756.046642",
						"8.196056234e-17"
					],
					[
						"7760.779367",
						"7.180777397e-17"
					],
					[
						"7765.512091",
						"8.320959845e-17"
					],
					[
						"7770.244816",
						"7.897991295e-17"
					],
					[
						"7774.977541",
						"7.627936016e-17"
					],
					[
						"7779.710265",
						"7.29500376e-17"
					],
					[
						"7784.44299",
						"7.356652539e-17"
					],
					[
						"7789.175714",
						"7.52386743e-17"
					],
					[
						"7793.908439",
						"8.004317091e-17"
					],
					[
						"7798.641163",
						"8.700459722e-17"
					],
					[
						"7803.373888",
						"8.588727473e-17"
					],
					[
						"7808.106613",
						"8.048827349e-17"
					],
					[
						"7812.839337",
						"7.794008075e-17"
					],
					[
						"7817.572062",
						"7.995968523e-17"
					],
					[
						"7822.304786",
						"7.006020603e-17"
					],
					[
						"7827.037511",
						"8.117616351e-17"
					],
					[
						"7831.770235",
						"7.618801957e-17"
					],
					[
						"7836.50296",
						"6.230112616e-17"
					],
					[
						"7841.235685",
						"7.654043821e-17"
					],
					[
						"7845.968409",
						"7.933630868e-17"
					],
					[
						"7850.701134",
						"7.381490456e-17"
					],
					[
						"7855.433858",
						"7.838822073e-17"
					],
					[
						"7860.166583",
						"8.149573316e-17"
					],
					[
						"7864.899308",
						"7.865825881e-17"
					],
					[
						"7869.632032",
						"7.203655227e-17"
					],
					[
						"7874.364757",
						"6.88179131e-17"
					],
					[
						"7879.097481",
						"6.547528948e-17"
					],
					[
						"7883.830206",
						"7.909522193e-17"
					],
					[
						"7888.56293",
						"7.047668816e-17"
					],
					[
						"7893.295655",
						"6.581939662e-17"
					],
					[
						"7898.02838",
						"7.060195639e-17"
					],
					[
						"7902.761104",
						"7.369483103e-17"
					],
					[
						"7907.493829",
						"6.432572019e-17"
					],
					[
						"7912.226553",
						"6.319149013e-17"
					],
					[
						"7916.959278",
						"7.213384195e-17"
					],
					[
						"7921.692002",
						"7.121170762e-17"
					],
					[
						"7926.424727",
						"6.763295371e-17"
					],
					[
						"7931.157452",
						"6.953100235e-17"
					],
					[
						"7935.890176",
						"7.441124223e-17"
					],
					[
						"7940.622901",
						"7.70304203e-17"
					],
					[
						"7945.355625",
						"7.3948749e-17"
					],
					[
						"7950.08835",
						"6.806929479e-17"
					],
					[
						"7954.821075",
						"6.909572667e-17"
					],
					[
						"7959.553799",
						"6.800808343e-17"
					],
					[
						"7964.286524",
						"6.694702908e-17"
					],
					[
						"7969.019248",
						"7.514217872e-17"
					],
					[
						"7973.751973",
						"7.190378648e-17"
					],
					[
						"7978.484697",
						"6.794290821e-17"
					],
					[
						"7983.217422",
						"7.135124306e-17"
					],
					[
						"7987.950147",
						"6.613506859e-17"
					],
					[
						"7992.682871",
						"6.975837114e-17"
					],
					[
						"7997.415596",
						"7.184749187e-17"
					],
					[
						"8002.14832",
						"7.141488303e-17"
					],
					[
						"8006.881045",
						"7.636920521e-17"
					],
					[
						"8011.613769",
						"6.459477226e-17"
					],
					[
						"8016.346494",
						"6.966437695e-17"
					],
					[
						"8021.079219",
						"6.657019868e-17"
					],
					[
						"8025.811943",
						"6.417098447e-17"
					],
					[
						"8030.544668",
						"7.437372132e-17"
					],
					[
						"8035.277392",
						"7.915785605e-17"
					],
					[
						"8040.010117",
						"7.330701567e-17"
					],
					[
						"8044.742842",
						"7.668055599e-17"
					],
					[
						"8049.475566",
						"8.589920599e-17"
					],
					[
						"8054.208291",
						"7.920703028e-17"
					],
					[
						"8058.941015",
						"7.354755317e-17"
					],
					[
						"8063.67374",
						"7.833913915e-17"
					],
					[
						"8068.406464",
						"7.768521648e-17"
					],
					[
						"8073.139189",
						"7.656142875e-17"
					],
					[
						"8077.871914",
						"7.0977953e-17"
					],
					[
						"8082.604638",
						"7.083417577e-17"
					],
					[
						"8087.337363",
						"6.836273877e-17"
					],
					[
						"8092.070087",
						"7.396680139e-17"
					],
					[
						"8096.802812",
						"7.190635405e-17"
					],
					[
						"8101.535536",
						"7.106464152e-17"
					],
					[
						"8106.268261",
						"7.624008562e-17"
					],
					[
						"8111.000986",
						"6.494437188e-17"
					],
					[
						"8115.73371",
						"6.696887326e-17"
					],
					[
						"8120.466435",
						"6.665068004e-17"
					],
					[
						"8125.199159",
						"6.188094487e-17"
					],
					[
						"8129.931884",
						"6.498587649e-17"
					],
					[
						"8134.664609",
						"5.618914155e-17"
					],
					[
						"8139.397333",
						"5.411365936e-17"
					],
					[
						"8144.130058",
						"5.402296397e-17"
					],
					[
						"8148.862782",
						"5.437448265e-17"
					],
					[
						"8153.595507",
						"5.588534789e-17"
					],
					[
						"8158.328231",
						"5.931156969e-17"
					],
					[
						"8163.060956",
						"5.372090078e-17"
					],
					[
						"8167.793681",
						"4.230487857e-17"
					],
					[
						"8172.526405",
						"4.698077837e-17"
					],
					[
						"8177.25913",
						"5.431512086e-17"
					],
					[
						"8181.991854",
						"4.95234654e-17"
					],
					[
						"8186.724579",
						"4.869884574e-17"
					],
					[
						"8191.457303",
						"6.343643485e-17"
					],
					[
						"8196.190028",
						"6.255297949e-17"
					],
					[
						"8200.922753",
						"6.733176733e-17"
					],
					[
						"8205.655477",
						"6.978562839e-17"
					],
					[
						"8210.388202",
						"6.325428307e-17"
					],
					[
						"8215.120926",
						"6.071297908e-17"
					],
					[
						"8219.853651",
						"6.101189569e-17"
					],
					[
						"8224.586376",
						"5.92229224e-17"
					],
					[
						"8229.3191",
						"7.173613351e-17"
					],
					[
						"8234.051825",
						"7.51087871e-17"
					],
					[
						"8238.784549",
						"8.320219352e-17"
					],
					[
						"8243.517274",
						"8.423084225e-17"
					],
					[
						"8248.249998",
						"9.492790222e-17"
					]
				],
				"source":"10"
			}
		]
	}
}