{
	"ASASSN-16hb":{
		"schema":"https://github.com/astrocatalogs/supernovae/blob/a0bc0b9/SCHEMA.md",
		"name":"ASASSN-16hb",
		"sources":[
			{
				"name":"2011ApJ...737..103S",
				"bibcode":"2011ApJ...737..103S",
				"reference":"Schlafly & Finkbeiner (2011)",
				"alias":"1"
			},
			{
				"name":"Transient Name Server",
				"url":"https://wis-tns.weizmann.ac.il/",
				"alias":"2"
			},
			{
				"name":"Latest Supernovae",
				"secondary":true,
				"url":"http://www.rochesterastronomy.org/snimages/snredshiftall.html",
				"alias":"3"
			},
			{
				"name":"The Open Supernova Catalog",
				"bibcode":"2017ApJ...835...64G",
				"reference":"Guillochon et al. (2017)",
				"secondary":true,
				"url":"https://sne.space",
				"alias":"4"
			}
		],
		"alias":[
			{
				"value":"ASASSN-16hb",
				"source":"2,3"
			},
			{
				"value":"AT2016cyy",
				"source":"2,3"
			}
		],
		"dec":[
			{
				"value":"+79:11:59.21",
				"u_value":"degrees",
				"source":"2,3"
			}
		],
		"discoverdate":[
			{
				"value":"2016/07/06.36",
				"source":"2"
			}
		],
		"discoverer":[
			{
				"value":"ASAS-SN",
				"source":"2,3"
			}
		],
		"ebv":[
			{
				"value":"0.0246",
				"derived":true,
				"e_value":"0.001",
				"source":"1,4"
			}
		],
		"maxappmag":[
			{
				"value":"15.05",
				"derived":true,
				"source":"2,4"
			}
		],
		"maxband":[
			{
				"value":"V",
				"derived":true,
				"source":"2,4"
			}
		],
		"maxdate":[
			{
				"value":"2016/07/07",
				"derived":true,
				"source":"2,4"
			}
		],
		"maxvisualappmag":[
			{
				"value":"15.05",
				"derived":true,
				"source":"2,4"
			}
		],
		"maxvisualband":[
			{
				"value":"V",
				"derived":true,
				"source":"2,4"
			}
		],
		"maxvisualdate":[
			{
				"value":"2016/07/07",
				"derived":true,
				"source":"2,4"
			}
		],
		"ra":[
			{
				"value":"14:43:25.74",
				"u_value":"hours",
				"source":"2"
			},
			{
				"value":"14:43:25.740",
				"u_value":"hours",
				"source":"2,3"
			}
		],
		"photometry":[
			{
				"time":"57574.42",
				"band":"V",
				"instrument":"Brutus",
				"magnitude":"17.5",
				"system":"Vega",
				"telescope":"ASASSN-1",
				"u_time":"MJD",
				"upperlimit":true,
				"source":"2"
			},
			{
				"time":"57575.36",
				"band":"V",
				"e_magnitude":"0.05",
				"instrument":"Brutus",
				"magnitude":"15.05",
				"system":"Vega",
				"telescope":"ASASSN-1",
				"u_time":"MJD",
				"source":"2"
			},
			{
				"time":"57576.25",
				"band":"V",
				"e_magnitude":"0.05",
				"instrument":"Brutus",
				"magnitude":"15.05",
				"system":"Vega",
				"telescope":"ASASSN-1",
				"u_time":"MJD",
				"source":"2"
			}
		]
	}
}