{
	"ASASSN-15ae":{
		"schema":"https://github.com/astrocatalogs/supernovae/blob/a0bc0b9/SCHEMA.md",
		"name":"ASASSN-15ae",
		"sources":[
			{
				"name":"2016A&A...594A..13P",
				"bibcode":"2016A&A...594A..13P",
				"reference":"Planck Collaboration et al. (2016)",
				"alias":"1"
			},
			{
				"name":"2015ATel.6870....1K",
				"bibcode":"2015ATel.6870....1K",
				"reference":"Kiyota et al. (2015)",
				"alias":"2"
			},
			{
				"name":"2015ATel.6897....1L",
				"bibcode":"2015ATel.6897....1L",
				"reference":"Li, Wang, & Zhang (2015)",
				"alias":"3"
			},
			{
				"name":"ATel 6899",
				"bibcode":"2015ATel.6899....1T",
				"reference":"Tomasella et al. (2015)",
				"url":"http://www.astronomerstelegram.org/?read=6899",
				"alias":"4"
			},
			{
				"name":"2011ApJ...737..103S",
				"bibcode":"2011ApJ...737..103S",
				"reference":"Schlafly & Finkbeiner (2011)",
				"alias":"5"
			},
			{
				"name":"Gaia Photometric Science Alerts",
				"url":"http://gsaweb.ast.cam.ac.uk/alerts/alertsindex",
				"alias":"6"
			},
			{
				"name":"ASAS-SN Supernovae",
				"url":"http://www.astronomy.ohio-state.edu/~assassin/sn_list.html",
				"alias":"7"
			},
			{
				"name":"CPCS Alert 25761",
				"url":"http://gsaweb.ast.cam.ac.uk/followup/get_alert_lc_data?alert_id=25761",
				"alias":"8"
			},
			{
				"name":"Asiago Supernova Catalogue",
				"secondary":true,
				"url":"http://graspa.oapd.inaf.it/cgi-bin/sncat.php",
				"alias":"9"
			},
			{
				"name":"Cambridge Photometric Calibration Server",
				"secondary":true,
				"url":"http://gsaweb.ast.cam.ac.uk/followup/",
				"alias":"10"
			},
			{
				"name":"Latest Supernovae",
				"secondary":true,
				"url":"http://www.rochesterastronomy.org/snimages/snredshiftall.html",
				"alias":"11"
			},
			{
				"name":"The Open Supernova Catalog",
				"bibcode":"2017ApJ...835...64G",
				"reference":"Guillochon et al. (2017)",
				"secondary":true,
				"url":"https://sne.space",
				"alias":"12"
			},
			{
				"name":"WISeREP",
				"bibcode":"2012PASP..124..668Y",
				"reference":"Yaron & Gal-Yam (2012)",
				"secondary":true,
				"url":"http://wiserep.weizmann.ac.il/",
				"alias":"13"
			},
			{
				"name":"SIMBAD astronomical database",
				"bibcode":"2000A&AS..143....9W",
				"reference":"Wenger et al. (2000)",
				"secondary":true,
				"url":"http://simbad.u-strasbg.fr/",
				"alias":"14"
			}
		],
		"alias":[
			{
				"value":"ASASSN-15ae",
				"source":"2,6,7,9,11,13,14"
			},
			{
				"value":"Gaia15aaj",
				"source":"2,10,11"
			}
		],
		"claimedtype":[
			{
				"value":"Ia",
				"source":"2,3,4,6,7,9,11,13,14"
			}
		],
		"comovingdist":[
			{
				"value":"137.24",
				"derived":true,
				"u_value":"Mpc",
				"source":"1,2,7,11,12"
			}
		],
		"dec":[
			{
				"value":"+34:25:55.80",
				"u_value":"degrees",
				"source":"2,14"
			},
			{
				"value":"+34:25:55.8",
				"u_value":"degrees",
				"source":"2,4,9,11"
			},
			{
				"value":"+34:25:55.56",
				"u_value":"degrees",
				"source":"6,10"
			},
			{
				"value":"+34:25:55.92",
				"u_value":"degrees",
				"source":"2,7"
			}
		],
		"discoverdate":[
			{
				"value":"2015/01/01",
				"source":"2,11"
			}
		],
		"discoverer":[
			{
				"value":"ASAS-SN",
				"source":"2,11"
			},
			{
				"value":"ASASSN",
				"source":"4,9"
			}
		],
		"ebv":[
			{
				"value":"0.027",
				"derived":true,
				"e_value":"0.0005",
				"source":"5,12"
			}
		],
		"host":[
			{
				"value":"2MASX J15510599+3425520",
				"source":"2,7"
			}
		],
		"hostdec":[
			{
				"value":"+34:25:52.0",
				"derived":true,
				"u_value":"degrees",
				"source":"12"
			}
		],
		"hostoffsetang":[
			{
				"value":"4.98",
				"u_value":"arcseconds",
				"source":"2,7"
			}
		],
		"hostoffsetdist":[
			{
				"value":"3.21",
				"source":"1,2,7,11,12,14"
			}
		],
		"hostra":[
			{
				"value":"15:51:05.99",
				"derived":true,
				"u_value":"hours",
				"source":"12"
			}
		],
		"lumdist":[
			{
				"value":"141.528",
				"derived":true,
				"u_value":"Mpc",
				"source":"1,2,7,11,12"
			}
		],
		"maxabsmag":[
			{
				"value":"-19.8208",
				"derived":true,
				"source":"1,2,7,11,12"
			}
		],
		"maxappmag":[
			{
				"value":"15.9",
				"derived":true,
				"source":"8,10,12"
			}
		],
		"maxband":[
			{
				"value":"R",
				"derived":true,
				"source":"8,10,12"
			}
		],
		"maxdate":[
			{
				"value":"2015/01/30",
				"derived":true,
				"source":"8,10,12"
			}
		],
		"maxvisualabsmag":[
			{
				"value":"-19.3142",
				"derived":true,
				"source":"1,2,7,11,12"
			}
		],
		"maxvisualappmag":[
			{
				"value":"16.44",
				"derived":true,
				"source":"8,10,12"
			}
		],
		"maxvisualband":[
			{
				"value":"g",
				"derived":true,
				"source":"8,10,12"
			}
		],
		"maxvisualdate":[
			{
				"value":"2015/01/31",
				"derived":true,
				"source":"8,10,12"
			}
		],
		"ra":[
			{
				"value":"15:51:05.810",
				"u_value":"hours",
				"source":"2,14"
			},
			{
				"value":"15:51:05.81",
				"u_value":"hours",
				"source":"2,4,9,11"
			},
			{
				"value":"15:51:05.76",
				"u_value":"hours",
				"source":"2,6,7,10"
			}
		],
		"redshift":[
			{
				"value":"0.031238",
				"source":"2,7,11"
			}
		],
		"velocity":[
			{
				"value":"9218.7",
				"u_value":"km/s",
				"source":"12"
			}
		],
		"photometry":[
			{
				"time":"57030.5",
				"magnitude":"16.1",
				"u_time":"MJD",
				"source":"2,11"
			},
			{
				"time":"57032.881",
				"band":"G",
				"e_magnitude":"0.0",
				"magnitude":"16.72",
				"telescope":"GAIA",
				"u_time":"MJD",
				"source":"6"
			},
			{
				"time":"57032.955",
				"band":"G",
				"e_magnitude":"0.0",
				"magnitude":"16.68",
				"telescope":"GAIA",
				"u_time":"MJD",
				"source":"6"
			},
			{
				"time":"57051.762",
				"band":"g",
				"e_magnitude":"0.0107",
				"magnitude":"16.8026",
				"observatory":"Heather Campbell",
				"u_time":"MJD",
				"source":"8,10"
			},
			{
				"time":"57051.763",
				"band":"r",
				"e_magnitude":"0.0147",
				"magnitude":"16.8061",
				"observatory":"Heather Campbell",
				"u_time":"MJD",
				"source":"8,10"
			},
			{
				"time":"57051.764",
				"band":"r",
				"e_magnitude":"0.0084",
				"magnitude":"16.3099",
				"observatory":"Heather Campbell",
				"u_time":"MJD",
				"source":"8,10"
			},
			{
				"time":"57052.1537",
				"band":"B",
				"magnitude":"18.6149",
				"observatory":"Liam Hardy pt5m",
				"u_time":"MJD",
				"source":"8,10"
			},
			{
				"time":"57052.1548",
				"band":"B",
				"magnitude":"18.479",
				"observatory":"Liam Hardy pt5m",
				"u_time":"MJD",
				"source":"8,10"
			},
			{
				"time":"57052.157",
				"band":"V",
				"magnitude":"18.7553",
				"observatory":"Liam Hardy pt5m",
				"u_time":"MJD",
				"source":"8,10"
			},
			{
				"time":"57052.1591",
				"band":"V",
				"magnitude":"18.8584",
				"observatory":"Liam Hardy pt5m",
				"u_time":"MJD",
				"source":"8,10"
			},
			{
				"time":"57052.1602",
				"band":"R",
				"e_magnitude":"0.062611",
				"magnitude":"16.5931",
				"observatory":"Liam Hardy pt5m",
				"u_time":"MJD",
				"source":"8,10"
			},
			{
				"time":"57052.1624",
				"band":"R",
				"e_magnitude":"0.0529106",
				"magnitude":"15.8993",
				"observatory":"Liam Hardy pt5m",
				"u_time":"MJD",
				"source":"8,10"
			},
			{
				"time":"57053.69",
				"band":"g",
				"e_magnitude":"0.0195",
				"magnitude":"16.4381",
				"observatory":"Heather Campbell",
				"u_time":"MJD",
				"source":"8,10"
			},
			{
				"time":"57053.691",
				"band":"r",
				"e_magnitude":"0.0207",
				"magnitude":"16.9328",
				"observatory":"Heather Campbell",
				"u_time":"MJD",
				"source":"8,10"
			},
			{
				"time":"57053.692",
				"band":"r",
				"e_magnitude":"0.014",
				"magnitude":"16.66",
				"observatory":"Heather Campbell",
				"u_time":"MJD",
				"source":"8,10"
			},
			{
				"time":"57055.647",
				"band":"g",
				"e_magnitude":"0.0412",
				"magnitude":"17.633",
				"observatory":"Heather Campbell",
				"u_time":"MJD",
				"source":"8,10"
			},
			{
				"time":"57055.648",
				"band":"i",
				"e_magnitude":"0.0217",
				"magnitude":"16.849",
				"observatory":"Heather Campbell",
				"u_time":"MJD",
				"source":"8,10"
			},
			{
				"time":"57055.649",
				"band":"r",
				"e_magnitude":"0.0209",
				"magnitude":"16.7729",
				"observatory":"Heather Campbell",
				"u_time":"MJD",
				"source":"8,10"
			},
			{
				"time":"57057.642",
				"band":"g",
				"e_magnitude":"0.0365",
				"magnitude":"16.7602",
				"observatory":"Heather Campbell",
				"u_time":"MJD",
				"source":"8,10"
			},
			{
				"time":"57057.643",
				"band":"V",
				"e_magnitude":"0.0211",
				"magnitude":"16.4343",
				"observatory":"Heather Campbell",
				"u_time":"MJD",
				"source":"8,10"
			},
			{
				"time":"57057.644",
				"band":"V",
				"e_magnitude":"0.0232",
				"magnitude":"16.1824",
				"observatory":"Heather Campbell",
				"u_time":"MJD",
				"source":"8,10"
			},
			{
				"time":"57059.1391",
				"band":"B",
				"magnitude":"18.295",
				"observatory":"Liam Hardy pt5m",
				"u_time":"MJD",
				"source":"8,10"
			},
			{
				"time":"57059.1405",
				"band":"B",
				"magnitude":"18.3889",
				"observatory":"Liam Hardy pt5m",
				"u_time":"MJD",
				"source":"8,10"
			},
			{
				"time":"57059.1434",
				"band":"V",
				"e_magnitude":"0.0821913",
				"magnitude":"17.0748",
				"observatory":"Liam Hardy pt5m",
				"u_time":"MJD",
				"source":"8,10"
			},
			{
				"time":"57059.1463",
				"band":"V",
				"e_magnitude":"0.0799278",
				"magnitude":"16.7306",
				"observatory":"Liam Hardy pt5m",
				"u_time":"MJD",
				"source":"8,10"
			},
			{
				"time":"57059.1478",
				"band":"R",
				"e_magnitude":"0.0430538",
				"magnitude":"16.1334",
				"observatory":"Liam Hardy pt5m",
				"u_time":"MJD",
				"source":"8,10"
			},
			{
				"time":"57059.1506",
				"band":"R",
				"e_magnitude":"0.0526483",
				"magnitude":"16.3162",
				"observatory":"Liam Hardy pt5m",
				"u_time":"MJD",
				"source":"8,10"
			},
			{
				"time":"57059.1521",
				"band":"I",
				"e_magnitude":"0.0678503",
				"magnitude":"16.1464",
				"observatory":"Liam Hardy pt5m",
				"u_time":"MJD",
				"source":"8,10"
			},
			{
				"time":"57059.1535",
				"band":"I",
				"e_magnitude":"0.0733195",
				"magnitude":"16.2268",
				"observatory":"Liam Hardy pt5m",
				"u_time":"MJD",
				"source":"8,10"
			},
			{
				"time":"57059.155",
				"band":"I",
				"e_magnitude":"0.0799672",
				"magnitude":"16.3516",
				"observatory":"Liam Hardy pt5m",
				"u_time":"MJD",
				"source":"8,10"
			},
			{
				"time":"57059.652",
				"band":"g",
				"e_magnitude":"0.035",
				"magnitude":"16.8432",
				"observatory":"Heather Campbell",
				"u_time":"MJD",
				"source":"8,10"
			},
			{
				"time":"57059.653",
				"band":"r",
				"e_magnitude":"0.0215",
				"magnitude":"16.4549",
				"observatory":"Heather Campbell",
				"u_time":"MJD",
				"source":"8,10"
			},
			{
				"time":"57059.654",
				"band":"V",
				"e_magnitude":"0.0223",
				"magnitude":"16.306",
				"observatory":"Heather Campbell",
				"u_time":"MJD",
				"source":"8,10"
			},
			{
				"time":"57062.619",
				"band":"G",
				"e_magnitude":"0.0",
				"magnitude":"18.1",
				"telescope":"GAIA",
				"u_time":"MJD",
				"source":"6"
			},
			{
				"time":"57065.759",
				"band":"g",
				"e_magnitude":"0.0249",
				"magnitude":"17.465",
				"observatory":"Heather Campbell",
				"u_time":"MJD",
				"source":"8,10"
			},
			{
				"time":"57065.76",
				"band":"r",
				"e_magnitude":"0.0188",
				"magnitude":"16.5914",
				"observatory":"Heather Campbell",
				"u_time":"MJD",
				"source":"8,10"
			},
			{
				"time":"57065.761",
				"band":"r",
				"e_magnitude":"0.0148",
				"magnitude":"16.3909",
				"observatory":"Heather Campbell",
				"u_time":"MJD",
				"source":"8,10"
			},
			{
				"time":"57069.744",
				"band":"g",
				"e_magnitude":"0.0194",
				"magnitude":"17.6946",
				"observatory":"Heather Campbell",
				"u_time":"MJD",
				"source":"8,10"
			},
			{
				"time":"57069.745",
				"band":"r",
				"e_magnitude":"0.0202",
				"magnitude":"17.1772",
				"observatory":"Heather Campbell",
				"u_time":"MJD",
				"source":"8,10"
			},
			{
				"time":"57069.746",
				"band":"r",
				"e_magnitude":"0.0141",
				"magnitude":"16.9417",
				"observatory":"Heather Campbell",
				"u_time":"MJD",
				"source":"8,10"
			},
			{
				"time":"57072.1509",
				"band":"B",
				"magnitude":"17.1179",
				"observatory":"Goran Damljanovic, A",
				"u_time":"MJD",
				"source":"8,10"
			},
			{
				"time":"57072.1539",
				"band":"V",
				"magnitude":"18.164",
				"observatory":"Goran Damljanovic, A",
				"u_time":"MJD",
				"source":"8,10"
			},
			{
				"time":"57072.157",
				"band":"r",
				"magnitude":"18.461",
				"observatory":"Goran Damljanovic, A",
				"u_time":"MJD",
				"source":"8,10"
			},
			{
				"time":"57072.1601",
				"band":"I",
				"magnitude":"18.1216",
				"observatory":"Goran Damljanovic, A",
				"u_time":"MJD",
				"source":"8,10"
			},
			{
				"time":"57072.1632",
				"band":"B",
				"magnitude":"18.5112",
				"observatory":"Goran Damljanovic, A",
				"u_time":"MJD",
				"source":"8,10"
			},
			{
				"time":"57072.1663",
				"band":"V",
				"e_magnitude":"0.0462",
				"magnitude":"18.3962",
				"observatory":"Goran Damljanovic, A",
				"u_time":"MJD",
				"source":"8,10"
			},
			{
				"time":"57072.1694",
				"band":"R",
				"e_magnitude":"0.0293",
				"magnitude":"18.1223",
				"observatory":"Goran Damljanovic, A",
				"u_time":"MJD",
				"source":"8,10"
			},
			{
				"time":"57072.1724",
				"band":"I",
				"magnitude":"18.3032",
				"observatory":"Goran Damljanovic, A",
				"u_time":"MJD",
				"source":"8,10"
			},
			{
				"time":"57072.1755",
				"band":"B",
				"magnitude":"18.821",
				"observatory":"Goran Damljanovic, A",
				"u_time":"MJD",
				"source":"8,10"
			},
			{
				"time":"57072.1786",
				"band":"V",
				"e_magnitude":"0.033",
				"magnitude":"18.3891",
				"observatory":"Goran Damljanovic, A",
				"u_time":"MJD",
				"source":"8,10"
			},
			{
				"time":"57072.1817",
				"band":"R",
				"e_magnitude":"0.0324",
				"magnitude":"18.2004",
				"observatory":"Goran Damljanovic, A",
				"u_time":"MJD",
				"source":"8,10"
			},
			{
				"time":"57072.1848",
				"band":"I",
				"magnitude":"17.9858",
				"observatory":"Goran Damljanovic, A",
				"u_time":"MJD",
				"source":"8,10"
			},
			{
				"time":"57076.2131",
				"band":"B",
				"magnitude":"19.3673",
				"observatory":"Liam Hardy pt5m",
				"u_time":"MJD",
				"source":"8,10"
			},
			{
				"time":"57076.2145",
				"band":"B",
				"magnitude":"19.3344",
				"observatory":"Liam Hardy pt5m",
				"u_time":"MJD",
				"source":"8,10"
			},
			{
				"time":"57076.2159",
				"band":"B",
				"magnitude":"19.2294",
				"observatory":"Liam Hardy pt5m",
				"u_time":"MJD",
				"source":"8,10"
			},
			{
				"time":"57076.2174",
				"band":"V",
				"magnitude":"19.5562",
				"observatory":"Liam Hardy pt5m",
				"u_time":"MJD",
				"source":"8,10"
			},
			{
				"time":"57076.2188",
				"band":"V",
				"magnitude":"20.214",
				"observatory":"Liam Hardy pt5m",
				"u_time":"MJD",
				"source":"8,10"
			},
			{
				"time":"57076.2203",
				"band":"V",
				"magnitude":"19.5911",
				"observatory":"Liam Hardy pt5m",
				"u_time":"MJD",
				"source":"8,10"
			},
			{
				"time":"57076.2217",
				"band":"R",
				"magnitude":"19.8317",
				"observatory":"Liam Hardy pt5m",
				"u_time":"MJD",
				"source":"8,10"
			},
			{
				"time":"57076.2232",
				"band":"R",
				"magnitude":"19.9257",
				"observatory":"Liam Hardy pt5m",
				"u_time":"MJD",
				"source":"8,10"
			},
			{
				"time":"57076.2246",
				"band":"R",
				"magnitude":"19.4143",
				"observatory":"Liam Hardy pt5m",
				"u_time":"MJD",
				"source":"8,10"
			},
			{
				"time":"57076.2261",
				"band":"I",
				"magnitude":"18.2919",
				"observatory":"Liam Hardy pt5m",
				"u_time":"MJD",
				"source":"8,10"
			},
			{
				"time":"57076.2275",
				"band":"I",
				"magnitude":"18.3724",
				"observatory":"Liam Hardy pt5m",
				"u_time":"MJD",
				"source":"8,10"
			},
			{
				"time":"57076.2289",
				"band":"I",
				"magnitude":"18.5377",
				"observatory":"Liam Hardy pt5m",
				"u_time":"MJD",
				"source":"8,10"
			},
			{
				"time":"57077.731",
				"band":"g",
				"magnitude":"22.4589",
				"observatory":"Heather Campbell",
				"u_time":"MJD",
				"source":"8,10"
			},
			{
				"time":"57077.732",
				"band":"i",
				"magnitude":"22.5033",
				"observatory":"Heather Campbell",
				"u_time":"MJD",
				"source":"8,10"
			},
			{
				"time":"57077.733",
				"band":"r",
				"magnitude":"21.9486",
				"observatory":"Heather Campbell",
				"u_time":"MJD",
				"source":"8,10"
			},
			{
				"time":"57079.68",
				"band":"g",
				"magnitude":"21.9669",
				"observatory":"Heather Campbell",
				"u_time":"MJD",
				"source":"8,10"
			},
			{
				"time":"57079.682",
				"band":"V",
				"magnitude":"22.0923",
				"observatory":"Heather Campbell",
				"u_time":"MJD",
				"source":"8,10"
			},
			{
				"time":"57081.701",
				"band":"g",
				"e_magnitude":"0.0205",
				"magnitude":"17.7091",
				"observatory":"Heather Campbell",
				"u_time":"MJD",
				"source":"8,10"
			},
			{
				"time":"57081.702",
				"band":"r",
				"e_magnitude":"0.0161",
				"magnitude":"16.7693",
				"observatory":"Heather Campbell",
				"u_time":"MJD",
				"source":"8,10"
			},
			{
				"time":"57091.744",
				"band":"r",
				"e_magnitude":"0.013",
				"magnitude":"17.549",
				"observatory":"Heather Campbell",
				"u_time":"MJD",
				"source":"8,10"
			},
			{
				"time":"57091.748",
				"band":"g",
				"e_magnitude":"0.0185",
				"magnitude":"18.0528",
				"observatory":"Heather Campbell",
				"u_time":"MJD",
				"source":"8,10"
			},
			{
				"time":"57091.752",
				"band":"I",
				"magnitude":"22.604",
				"observatory":"Heather Campbell",
				"u_time":"MJD",
				"source":"8,10"
			},
			{
				"time":"57099.717",
				"band":"r",
				"magnitude":"23.5894",
				"observatory":"Heather Campbell",
				"u_time":"MJD",
				"source":"8,10"
			},
			{
				"time":"57099.721",
				"band":"g",
				"magnitude":"23.8808",
				"observatory":"Heather Campbell",
				"u_time":"MJD",
				"source":"8,10"
			},
			{
				"time":"57099.725",
				"band":"i",
				"magnitude":"22.9765",
				"observatory":"Heather Campbell",
				"u_time":"MJD",
				"source":"8,10"
			},
			{
				"time":"57099.833",
				"band":"G",
				"e_magnitude":"0.0",
				"magnitude":"19.42",
				"telescope":"GAIA",
				"u_time":"MJD",
				"source":"6"
			},
			{
				"time":"57099.907",
				"band":"G",
				"e_magnitude":"0.0",
				"magnitude":"19.44",
				"telescope":"GAIA",
				"u_time":"MJD",
				"source":"6"
			}
		],
		"spectra":[
			{
				"time":"57033.0",
				"filename":"ASASSNm15ae_2015-01-11_03:59:23_Asiago.ascii",
				"instrument":"Ekar - AFOSC",
				"observer":"tomasella",
				"redshift":"0.031",
				"reducer":"Unknown",
				"reduction":"final",
				"survey":"Asiago",
				"u_fluxes":"erg/s/cm^2/Angstrom",
				"u_time":"MJD",
				"u_wavelengths":"Angstrom",
				"data":[
					[
						"3401.520205",
						"2.290904367e-16"
					],
					[
						"3406.25293",
						"2.213373721e-16"
					],
					[
						"3410.985654",
						"2.300677804e-16"
					],
					[
						"3415.718379",
						"1.19545598e-16"
					],
					[
						"3420.451104",
						"2.628286325e-16"
					],
					[
						"3425.183828",
						"1.608332396e-16"
					],
					[
						"3429.916553",
						"1.396310123e-16"
					],
					[
						"3434.649277",
						"2.884387531e-16"
					],
					[
						"3439.382002",
						"3.685614789e-16"
					],
					[
						"3444.114726",
						"3.569277461e-16"
					],
					[
						"3448.847451",
						"1.381574e-16"
					],
					[
						"3453.580176",
						"5.081446934e-17"
					],
					[
						"3458.3129",
						"1.886102954e-16"
					],
					[
						"3463.045625",
						"2.212235918e-16"
					],
					[
						"3467.778349",
						"3.24345565e-16"
					],
					[
						"3472.511074",
						"3.861252894e-16"
					],
					[
						"3477.243798",
						"3.533081626e-16"
					],
					[
						"3481.976523",
						"3.664620813e-16"
					],
					[
						"3486.709248",
						"3.56702753e-16"
					],
					[
						"3491.441972",
						"4.209494873e-16"
					],
					[
						"3496.174697",
						"3.166870107e-16"
					],
					[
						"3500.907421",
						"3.096123269e-16"
					],
					[
						"3505.640146",
						"1.791333202e-16"
					],
					[
						"3510.372871",
						"-3.15935183e-17"
					],
					[
						"3515.105595",
						"-8.099677384e-16"
					],
					[
						"3519.83832",
						"2.058525775e-16"
					],
					[
						"3524.571044",
						"1.986181353e-16"
					],
					[
						"3529.303769",
						"2.03363558e-16"
					],
					[
						"3534.036493",
						"2.420611317e-16"
					],
					[
						"3538.769218",
						"2.501718162e-16"
					],
					[
						"3543.501943",
						"2.864005271e-16"
					],
					[
						"3548.234667",
						"2.016838784e-16"
					],
					[
						"3552.967392",
						"2.34772122e-16"
					],
					[
						"3557.700116",
						"1.934334202e-16"
					],
					[
						"3562.432841",
						"1.687194604e-16"
					],
					[
						"3567.165565",
						"2.83277252e-16"
					],
					[
						"3571.89829",
						"1.736783619e-16"
					],
					[
						"3576.631015",
						"2.3144675e-16"
					],
					[
						"3581.363739",
						"-4.430470417e-16"
					],
					[
						"3586.096464",
						"1.129232959e-16"
					],
					[
						"3590.829188",
						"2.702244213e-16"
					],
					[
						"3595.561913",
						"2.996391492e-16"
					],
					[
						"3600.294638",
						"3.596583421e-16"
					],
					[
						"3605.027362",
						"3.960729767e-16"
					],
					[
						"3609.760087",
						"2.650366357e-16"
					],
					[
						"3614.492811",
						"3.19409057e-16"
					],
					[
						"3619.225536",
						"3.714154506e-16"
					],
					[
						"3623.95826",
						"3.747230613e-16"
					],
					[
						"3628.690985",
						"3.877518839e-16"
					],
					[
						"3633.42371",
						"3.40992277e-16"
					],
					[
						"3638.156434",
						"4.008756271e-16"
					],
					[
						"3642.889159",
						"4.017648528e-16"
					],
					[
						"3647.621883",
						"4.005547604e-16"
					],
					[
						"3652.354608",
						"5.093886738e-16"
					],
					[
						"3657.087332",
						"3.426142128e-16"
					],
					[
						"3661.820057",
						"4.599924652e-16"
					],
					[
						"3666.552782",
						"4.777098004e-16"
					],
					[
						"3671.285506",
						"4.484679467e-16"
					],
					[
						"3676.018231",
						"5.180942667e-16"
					],
					[
						"3680.750955",
						"4.23520497e-16"
					],
					[
						"3685.48368",
						"4.6185652e-16"
					],
					[
						"3690.216405",
						"4.342777625e-16"
					],
					[
						"3694.949129",
						"4.218687563e-16"
					],
					[
						"3699.681854",
						"4.347921762e-16"
					],
					[
						"3704.414578",
						"3.898571578e-16"
					],
					[
						"3709.147303",
						"3.777495894e-16"
					],
					[
						"3713.880027",
						"3.705164839e-16"
					],
					[
						"3718.612752",
						"3.921660372e-16"
					],
					[
						"3723.345477",
						"3.940686321e-16"
					],
					[
						"3728.078201",
						"4.26661507e-16"
					],
					[
						"3732.810926",
						"4.819250069e-16"
					],
					[
						"3737.54365",
						"4.611530591e-16"
					],
					[
						"3742.276375",
						"4.490583286e-16"
					],
					[
						"3747.009099",
						"3.434489638e-16"
					],
					[
						"3751.741824",
						"4.08420176e-16"
					],
					[
						"3756.474549",
						"4.576488309e-16"
					],
					[
						"3761.207273",
						"4.239758302e-16"
					],
					[
						"3765.939998",
						"3.667233116e-16"
					],
					[
						"3770.672722",
						"3.397731319e-16"
					],
					[
						"3775.405447",
						"3.03782252e-16"
					],
					[
						"3780.138172",
						"2.931793318e-16"
					],
					[
						"3784.870896",
						"3.491097908e-16"
					],
					[
						"3789.603621",
						"2.571146012e-16"
					],
					[
						"3794.336345",
						"2.301412076e-16"
					],
					[
						"3799.06907",
						"2.72243642e-16"
					],
					[
						"3803.801794",
						"2.693939584e-16"
					],
					[
						"3808.534519",
						"2.39589966e-16"
					],
					[
						"3813.267244",
						"2.450249264e-16"
					],
					[
						"3817.999968",
						"2.605580284e-16"
					],
					[
						"3822.732693",
						"2.439890581e-16"
					],
					[
						"3827.465417",
						"2.614358721e-16"
					],
					[
						"3832.198142",
						"2.570260863e-16"
					],
					[
						"3836.930866",
						"2.131351418e-16"
					],
					[
						"3841.663591",
						"2.092285332e-16"
					],
					[
						"3846.396316",
						"2.334906406e-16"
					],
					[
						"3851.12904",
						"2.150090302e-16"
					],
					[
						"3855.861765",
						"2.073392262e-16"
					],
					[
						"3860.594489",
						"2.180543386e-16"
					],
					[
						"3865.327214",
						"1.900003824e-16"
					],
					[
						"3870.059939",
						"2.393592024e-16"
					],
					[
						"3874.792663",
						"2.276747535e-16"
					],
					[
						"3879.525388",
						"2.171247993e-16"
					],
					[
						"3884.258112",
						"2.382395043e-16"
					],
					[
						"3888.990837",
						"2.59879502e-16"
					],
					[
						"3893.723561",
						"2.274372931e-16"
					],
					[
						"3898.456286",
						"2.544343243e-16"
					],
					[
						"3903.189011",
						"2.439590678e-16"
					],
					[
						"3907.921735",
						"2.523290503e-16"
					],
					[
						"3912.65446",
						"2.761708043e-16"
					],
					[
						"3917.387184",
						"2.96051197e-16"
					],
					[
						"3922.119909",
						"3.175680044e-16"
					],
					[
						"3926.852633",
						"3.032839319e-16"
					],
					[
						"3931.585358",
						"3.189129604e-16"
					],
					[
						"3936.318083",
						"2.856997927e-16"
					],
					[
						"3941.050807",
						"3.292310922e-16"
					],
					[
						"3945.783532",
						"3.434997593e-16"
					],
					[
						"3950.516256",
						"3.68452794e-16"
					],
					[
						"3955.248981",
						"3.926095649e-16"
					],
					[
						"3959.981706",
						"4.285743191e-16"
					],
					[
						"3964.71443",
						"4.411959041e-16"
					],
					[
						"3969.447155",
						"4.814235634e-16"
					],
					[
						"3974.179879",
						"5.094775593e-16"
					],
					[
						"3978.912604",
						"5.223717831e-16"
					],
					[
						"3983.645328",
						"5.598066689e-16"
					],
					[
						"3988.378053",
						"5.582752333e-16"
					],
					[
						"3993.110778",
						"6.085050812e-16"
					],
					[
						"3997.843502",
						"6.38463313e-16"
					],
					[
						"4002.576227",
						"6.779510891e-16"
					],
					[
						"4007.308951",
						"6.660430234e-16"
					],
					[
						"4012.041676",
						"6.778980966e-16"
					],
					[
						"4016.7744",
						"7.157325702e-16"
					],
					[
						"4021.507125",
						"7.147316948e-16"
					],
					[
						"4026.23985",
						"7.453186898e-16"
					],
					[
						"4030.972574",
						"7.426415893e-16"
					],
					[
						"4035.705299",
						"7.246872437e-16"
					],
					[
						"4040.438023",
						"7.062885763e-16"
					],
					[
						"4045.170748",
						"6.973055801e-16"
					],
					[
						"4049.903473",
						"6.914866226e-16"
					],
					[
						"4054.636197",
						"6.829466247e-16"
					],
					[
						"4059.368922",
						"6.407075268e-16"
					],
					[
						"4064.101646",
						"6.391974259e-16"
					],
					[
						"4068.834371",
						"6.332048796e-16"
					],
					[
						"4073.567095",
						"6.206631274e-16"
					],
					[
						"4078.29982",
						"6.051648597e-16"
					],
					[
						"4083.032545",
						"5.97409426e-16"
					],
					[
						"4087.765269",
						"5.870180788e-16"
					],
					[
						"4092.497994",
						"5.873254458e-16"
					],
					[
						"4097.230718",
						"5.504487548e-16"
					],
					[
						"4101.963443",
						"5.5100912e-16"
					],
					[
						"4106.696167",
						"5.61459389e-16"
					],
					[
						"4111.428892",
						"5.39003275e-16"
					],
					[
						"4116.161617",
						"5.484373162e-16"
					],
					[
						"4120.894341",
						"5.604427377e-16"
					],
					[
						"4125.627066",
						"5.964320029e-16"
					],
					[
						"4130.35979",
						"5.742733563e-16"
					],
					[
						"4135.092515",
						"5.9292751e-16"
					],
					[
						"4139.82524",
						"6.090104422e-16"
					],
					[
						"4144.557964",
						"6.012785137e-16"
					],
					[
						"4149.290689",
						"6.160207516e-16"
					],
					[
						"4154.023413",
						"6.014509908e-16"
					],
					[
						"4158.756138",
						"6.334072675e-16"
					],
					[
						"4163.488862",
						"6.300680519e-16"
					],
					[
						"4168.221587",
						"6.307061853e-16"
					],
					[
						"4172.954312",
						"6.513029031e-16"
					],
					[
						"4177.687036",
						"6.818276942e-16"
					],
					[
						"4182.419761",
						"6.710565585e-16"
					],
					[
						"4187.152485",
						"6.796733188e-16"
					],
					[
						"4191.88521",
						"6.924300056e-16"
					],
					[
						"4196.617934",
						"7.115223929e-16"
					],
					[
						"4201.350659",
						"7.315846329e-16"
					],
					[
						"4206.083384",
						"6.812556293e-16"
					],
					[
						"4210.816108",
						"7.117159929e-16"
					],
					[
						"4215.548833",
						"6.922365644e-16"
					],
					[
						"4220.281557",
						"6.640063327e-16"
					],
					[
						"4225.014282",
						"6.57938771e-16"
					],
					[
						"4229.747007",
						"6.58752505e-16"
					],
					[
						"4234.479731",
						"6.689208179e-16"
					],
					[
						"4239.212456",
						"6.780297572e-16"
					],
					[
						"4243.94518",
						"6.810718761e-16"
					],
					[
						"4248.677905",
						"6.605278331e-16"
					],
					[
						"4253.410629",
						"6.39748315e-16"
					],
					[
						"4258.143354",
						"6.20519873e-16"
					],
					[
						"4262.876079",
						"6.424923311e-16"
					],
					[
						"4267.608803",
						"6.308318638e-16"
					],
					[
						"4272.341528",
						"6.130485659e-16"
					],
					[
						"4277.074252",
						"6.078004027e-16"
					],
					[
						"4281.806977",
						"6.214222807e-16"
					],
					[
						"4286.539701",
						"6.100454106e-16"
					],
					[
						"4291.272426",
						"5.904501504e-16"
					],
					[
						"4296.005151",
						"6.144474408e-16"
					],
					[
						"4300.737875",
						"6.203909122e-16"
					],
					[
						"4305.4706",
						"6.0049612e-16"
					],
					[
						"4310.203324",
						"6.035889019e-16"
					],
					[
						"4314.936049",
						"6.216374271e-16"
					],
					[
						"4319.668773",
						"6.294134542e-16"
					],
					[
						"4324.401498",
						"5.756651374e-16"
					],
					[
						"4329.134223",
						"5.805947632e-16"
					],
					[
						"4333.866947",
						"5.86389845e-16"
					],
					[
						"4338.599672",
						"5.601391823e-16"
					],
					[
						"4343.332396",
						"5.642487214e-16"
					],
					[
						"4348.065121",
						"5.573176626e-16"
					],
					[
						"4352.797846",
						"5.409401217e-16"
					],
					[
						"4357.53057",
						"5.217636664e-16"
					],
					[
						"4362.263295",
						"5.028980192e-16"
					],
					[
						"4366.996019",
						"5.050448771e-16"
					],
					[
						"4371.728744",
						"5.007349088e-16"
					],
					[
						"4376.461468",
						"4.888805768e-16"
					],
					[
						"4381.194193",
						"4.858730804e-16"
					],
					[
						"4385.926918",
						"4.64344944e-16"
					],
					[
						"4390.659642",
						"4.372499747e-16"
					],
					[
						"4395.392367",
						"4.266740801e-16"
					],
					[
						"4400.125091",
						"4.268877971e-16"
					],
					[
						"4404.857816",
						"4.093615472e-16"
					],
					[
						"4409.59054",
						"3.91121778e-16"
					],
					[
						"4414.323265",
						"3.937863054e-16"
					],
					[
						"4419.05599",
						"3.679567239e-16"
					],
					[
						"4423.788714",
						"3.569174758e-16"
					],
					[
						"4428.521439",
						"3.326619992e-16"
					],
					[
						"4433.254163",
						"3.483809719e-16"
					],
					[
						"4437.986888",
						"3.472917405e-16"
					],
					[
						"4442.719613",
						"3.179457546e-16"
					],
					[
						"4447.452337",
						"3.307029708e-16"
					],
					[
						"4452.185062",
						"3.388876649e-16"
					],
					[
						"4456.917786",
						"3.42212878e-16"
					],
					[
						"4461.650511",
						"3.295498942e-16"
					],
					[
						"4466.383235",
						"3.327174798e-16"
					],
					[
						"4471.11596",
						"3.452160862e-16"
					],
					[
						"4475.848685",
						"3.447231395e-16"
					],
					[
						"4480.581409",
						"3.265600532e-16"
					],
					[
						"4485.314134",
						"3.228242674e-16"
					],
					[
						"4490.046858",
						"3.375215595e-16"
					],
					[
						"4494.779583",
						"3.447368509e-16"
					],
					[
						"4499.512307",
						"3.310285491e-16"
					],
					[
						"4504.245032",
						"3.420308982e-16"
					],
					[
						"4508.977757",
						"3.578806582e-16"
					],
					[
						"4513.710481",
						"3.700838618e-16"
					],
					[
						"4518.443206",
						"3.782800173e-16"
					],
					[
						"4523.17593",
						"3.922335617e-16"
					],
					[
						"4527.908655",
						"3.790755401e-16"
					],
					[
						"4532.64138",
						"4.127556082e-16"
					],
					[
						"4537.374104",
						"4.187155174e-16"
					],
					[
						"4542.106829",
						"4.225019664e-16"
					],
					[
						"4546.839553",
						"4.414365938e-16"
					],
					[
						"4551.572278",
						"4.225758965e-16"
					],
					[
						"4556.305002",
						"4.28432944e-16"
					],
					[
						"4561.037727",
						"4.67829267e-16"
					],
					[
						"4565.770452",
						"4.813861881e-16"
					],
					[
						"4570.503176",
						"4.815707883e-16"
					],
					[
						"4575.235901",
						"4.714135398e-16"
					],
					[
						"4579.968625",
						"4.982236678e-16"
					],
					[
						"4584.70135",
						"5.029250713e-16"
					],
					[
						"4589.434074",
						"5.064755158e-16"
					],
					[
						"4594.166799",
						"5.059542729e-16"
					],
					[
						"4598.899524",
						"5.157222039e-16"
					],
					[
						"4603.632248",
						"5.399876861e-16"
					],
					[
						"4608.364973",
						"5.333110018e-16"
					],
					[
						"4613.097697",
						"5.411537328e-16"
					],
					[
						"4617.830422",
						"5.693316073e-16"
					],
					[
						"4622.563147",
						"5.5611297e-16"
					],
					[
						"4627.295871",
						"5.725430269e-16"
					],
					[
						"4632.028596",
						"5.818015734e-16"
					],
					[
						"4636.76132",
						"5.900842851e-16"
					],
					[
						"4641.494045",
						"5.958262685e-16"
					],
					[
						"4646.226769",
						"6.04521697e-16"
					],
					[
						"4650.959494",
						"6.10242134e-16"
					],
					[
						"4655.692219",
						"5.946861092e-16"
					],
					[
						"4660.424943",
						"5.946851034e-16"
					],
					[
						"4665.157668",
						"6.038390414e-16"
					],
					[
						"4669.890392",
						"5.944032002e-16"
					],
					[
						"4674.623117",
						"5.86006192e-16"
					],
					[
						"4679.355841",
						"6.022036325e-16"
					],
					[
						"4684.088566",
						"5.842597689e-16"
					],
					[
						"4688.821291",
						"5.854792317e-16"
					],
					[
						"4693.554015",
						"5.923064231e-16"
					],
					[
						"4698.28674",
						"5.814084972e-16"
					],
					[
						"4703.019464",
						"5.656997947e-16"
					],
					[
						"4707.752189",
						"5.605391406e-16"
					],
					[
						"4712.484914",
						"5.737702188e-16"
					],
					[
						"4717.217638",
						"5.661275464e-16"
					],
					[
						"4721.950363",
						"5.45497106e-16"
					],
					[
						"4726.683087",
						"5.481605482e-16"
					],
					[
						"4731.415812",
						"5.555762158e-16"
					],
					[
						"4736.148536",
						"5.436864143e-16"
					],
					[
						"4740.881261",
						"5.509954086e-16"
					],
					[
						"4745.613986",
						"5.307809144e-16"
					],
					[
						"4750.34671",
						"5.322249997e-16"
					],
					[
						"4755.079435",
						"5.31028301e-16"
					],
					[
						"4759.812159",
						"5.332315925e-16"
					],
					[
						"4764.544884",
						"5.130097926e-16"
					],
					[
						"4769.277608",
						"5.055866076e-16"
					],
					[
						"4774.010333",
						"4.977079307e-16"
					],
					[
						"4778.743058",
						"4.920015756e-16"
					],
					[
						"4783.475782",
						"4.825630874e-16"
					],
					[
						"4788.208507",
						"4.80050576e-16"
					],
					[
						"4792.941231",
						"4.643032806e-16"
					],
					[
						"4797.673956",
						"4.629080585e-16"
					],
					[
						"4802.406681",
						"4.629220875e-16"
					],
					[
						"4807.139405",
						"4.619551464e-16"
					],
					[
						"4811.87213",
						"4.352582296e-16"
					],
					[
						"4816.604854",
						"4.167496068e-16"
					],
					[
						"4821.337579",
						"4.125846929e-16"
					],
					[
						"4826.070303",
						"3.993963105e-16"
					],
					[
						"4830.803028",
						"3.756791233e-16"
					],
					[
						"4835.535753",
						"3.740172976e-16"
					],
					[
						"4840.268477",
						"3.777125317e-16"
					],
					[
						"4845.001202",
						"3.491898354e-16"
					],
					[
						"4849.733926",
						"3.446692471e-16"
					],
					[
						"4854.466651",
						"3.56478898e-16"
					],
					[
						"4859.199375",
						"3.501518266e-16"
					],
					[
						"4863.9321",
						"3.430224297e-16"
					],
					[
						"4868.664825",
						"3.453416324e-16"
					],
					[
						"4873.397549",
						"3.520028583e-16"
					],
					[
						"4878.130274",
						"3.531478351e-16"
					],
					[
						"4882.862998",
						"3.493740386e-16"
					],
					[
						"4887.595723",
						"3.479016042e-16"
					],
					[
						"4892.328448",
						"3.52882502e-16"
					],
					[
						"4897.061172",
						"3.43132147e-16"
					],
					[
						"4901.793897",
						"3.366343719e-16"
					],
					[
						"4906.526621",
						"3.37008787e-16"
					],
					[
						"4911.259346",
						"3.398236363e-16"
					],
					[
						"4915.99207",
						"3.226547284e-16"
					],
					[
						"4920.724795",
						"3.107728943e-16"
					],
					[
						"4925.45752",
						"3.053600362e-16"
					],
					[
						"4930.190244",
						"2.972029236e-16"
					],
					[
						"4934.922969",
						"2.879765113e-16"
					],
					[
						"4939.655693",
						"2.979386247e-16"
					],
					[
						"4944.388418",
						"3.027686183e-16"
					],
					[
						"4949.121142",
						"2.874785618e-16"
					],
					[
						"4953.853867",
						"2.749245277e-16"
					],
					[
						"4958.586592",
						"2.777437975e-16"
					],
					[
						"4963.319316",
						"2.822477099e-16"
					],
					[
						"4968.052041",
						"2.896241757e-16"
					],
					[
						"4972.784765",
						"2.915134033e-16"
					],
					[
						"4977.51749",
						"2.747636709e-16"
					],
					[
						"4982.250215",
						"2.806374473e-16"
					],
					[
						"4986.982939",
						"2.734440994e-16"
					],
					[
						"4991.715664",
						"2.996476195e-16"
					],
					[
						"4996.448388",
						"2.997599837e-16"
					],
					[
						"5001.181113",
						"2.8636294e-16"
					],
					[
						"5005.913837",
						"2.863269147e-16"
					],
					[
						"5010.646562",
						"2.987438089e-16"
					],
					[
						"5015.379287",
						"3.031159283e-16"
					],
					[
						"5020.112011",
						"3.096365467e-16"
					],
					[
						"5024.844736",
						"3.151586456e-16"
					],
					[
						"5029.57746",
						"3.387691861e-16"
					],
					[
						"5034.310185",
						"3.424998633e-16"
					],
					[
						"5039.042909",
						"3.322846725e-16"
					],
					[
						"5043.775634",
						"3.391603565e-16"
					],
					[
						"5048.508359",
						"3.400913781e-16"
					],
					[
						"5053.241083",
						"3.349004161e-16"
					],
					[
						"5057.973808",
						"3.313805971e-16"
					],
					[
						"5062.706532",
						"3.194225566e-16"
					],
					[
						"5067.439257",
						"3.043210973e-16"
					],
					[
						"5072.171982",
						"3.006232162e-16"
					],
					[
						"5076.904706",
						"2.985338506e-16"
					],
					[
						"5081.637431",
						"2.874078346e-16"
					],
					[
						"5086.370155",
						"2.770581508e-16"
					],
					[
						"5091.10288",
						"2.752580469e-16"
					],
					[
						"5095.835604",
						"2.744463776e-16"
					],
					[
						"5100.568329",
						"2.805766198e-16"
					],
					[
						"5105.301054",
						"2.6321975e-16"
					],
					[
						"5110.033778",
						"2.567198309e-16"
					],
					[
						"5114.766503",
						"2.641711798e-16"
					],
					[
						"5119.499227",
						"2.612718389e-16"
					],
					[
						"5124.231952",
						"2.64337807e-16"
					],
					[
						"5128.964676",
						"2.609265671e-16"
					],
					[
						"5133.697401",
						"2.663446928e-16"
					],
					[
						"5138.430126",
						"2.702678317e-16"
					],
					[
						"5143.16285",
						"2.718542715e-16"
					],
					[
						"5147.895575",
						"2.754996896e-16"
					],
					[
						"5152.628299",
						"2.721394834e-16"
					],
					[
						"5157.361024",
						"2.729207125e-16"
					],
					[
						"5162.093749",
						"2.715714419e-16"
					],
					[
						"5166.826473",
						"2.763175263e-16"
					],
					[
						"5171.559198",
						"2.78942905e-16"
					],
					[
						"5176.291922",
						"2.805671436e-16"
					],
					[
						"5181.024647",
						"2.85261559e-16"
					],
					[
						"5185.757371",
						"2.932589794e-16"
					],
					[
						"5190.490096",
						"2.982043548e-16"
					],
					[
						"5195.222821",
						"2.925963614e-16"
					],
					[
						"5199.955545",
						"3.064044543e-16"
					],
					[
						"5204.68827",
						"3.130802915e-16"
					],
					[
						"5209.420994",
						"3.149763747e-16"
					],
					[
						"5214.153719",
						"3.178711893e-16"
					],
					[
						"5218.886443",
						"3.281922328e-16"
					],
					[
						"5223.619168",
						"3.29790081e-16"
					],
					[
						"5228.351893",
						"3.421662647e-16"
					],
					[
						"5233.084617",
						"3.478788402e-16"
					],
					[
						"5237.817342",
						"3.584268091e-16"
					],
					[
						"5242.550066",
						"3.684558116e-16"
					],
					[
						"5247.282791",
						"3.755578387e-16"
					],
					[
						"5252.015516",
						"3.971885191e-16"
					],
					[
						"5256.74824",
						"3.877620747e-16"
					],
					[
						"5261.480965",
						"4.067054107e-16"
					],
					[
						"5266.213689",
						"4.000986331e-16"
					],
					[
						"5270.946414",
						"4.008251227e-16"
					],
					[
						"5275.679138",
						"4.057414872e-16"
					],
					[
						"5280.411863",
						"4.142080845e-16"
					],
					[
						"5285.144588",
						"4.189336019e-16"
					],
					[
						"5289.877312",
						"4.142550154e-16"
					],
					[
						"5294.610037",
						"4.198329126e-16"
					],
					[
						"5299.342761",
						"4.337166826e-16"
					],
					[
						"5304.075486",
						"4.255976071e-16"
					],
					[
						"5308.80821",
						"4.319783857e-16"
					],
					[
						"5313.540935",
						"4.344400752e-16"
					],
					[
						"5318.27366",
						"4.305870282e-16"
					],
					[
						"5323.006384",
						"4.400790912e-16"
					],
					[
						"5327.739109",
						"4.433338153e-16"
					],
					[
						"5332.471833",
						"4.291358225e-16"
					],
					[
						"5337.204558",
						"4.273103342e-16"
					],
					[
						"5341.937283",
						"4.328456416e-16"
					],
					[
						"5346.670007",
						"4.281602524e-16"
					],
					[
						"5351.402732",
						"4.199933724e-16"
					],
					[
						"5356.135456",
						"4.200110542e-16"
					],
					[
						"5360.868181",
						"4.162175378e-16"
					],
					[
						"5365.600905",
						"4.145234984e-16"
					],
					[
						"5370.33363",
						"4.078195767e-16"
					],
					[
						"5375.066355",
						"3.98098656e-16"
					],
					[
						"5379.799079",
						"3.9170946e-16"
					],
					[
						"5384.531804",
						"3.829193756e-16"
					],
					[
						"5389.264528",
						"3.700585567e-16"
					],
					[
						"5393.997253",
						"3.541734861e-16"
					],
					[
						"5398.729977",
						"3.381825893e-16"
					],
					[
						"5403.462702",
						"3.306877507e-16"
					],
					[
						"5408.195427",
						"3.224217149e-16"
					],
					[
						"5412.928151",
						"3.052564334e-16"
					],
					[
						"5417.660876",
						"3.039241565e-16"
					],
					[
						"5422.3936",
						"3.051735036e-16"
					],
					[
						"5427.126325",
						"2.962216889e-16"
					],
					[
						"5431.85905",
						"2.961186685e-16"
					],
					[
						"5436.591774",
						"2.931781936e-16"
					],
					[
						"5441.324499",
						"2.948174935e-16"
					],
					[
						"5446.057223",
						"2.909030896e-16"
					],
					[
						"5450.789948",
						"2.920883798e-16"
					],
					[
						"5455.522672",
						"2.972043e-16"
					],
					[
						"5460.255397",
						"2.96463305e-16"
					],
					[
						"5464.988122",
						"2.983450681e-16"
					],
					[
						"5469.720846",
						"3.045411671e-16"
					],
					[
						"5474.453571",
						"3.065474175e-16"
					],
					[
						"5479.186295",
						"3.046076062e-16"
					],
					[
						"5483.91902",
						"3.028950379e-16"
					],
					[
						"5488.651744",
						"3.102376754e-16"
					],
					[
						"5493.384469",
						"3.022361522e-16"
					],
					[
						"5498.117194",
						"2.992878158e-16"
					],
					[
						"5502.849918",
						"3.046326466e-16"
					],
					[
						"5507.582643",
						"3.027402427e-16"
					],
					[
						"5512.315367",
						"3.131564715e-16"
					],
					[
						"5517.048092",
						"3.072814775e-16"
					],
					[
						"5521.780817",
						"3.00831798e-16"
					],
					[
						"5526.513541",
						"3.064977867e-16"
					],
					[
						"5531.246266",
						"3.010986399e-16"
					],
					[
						"5535.97899",
						"3.049746097e-16"
					],
					[
						"5540.711715",
						"3.120672401e-16"
					],
					[
						"5545.444439",
						"3.04529441e-16"
					],
					[
						"5550.177164",
						"2.986922987e-16"
					],
					[
						"5554.909889",
						"2.969793863e-16"
					],
					[
						"5559.642613",
						"2.993505756e-16"
					],
					[
						"5564.375338",
						"2.896432869e-16"
					],
					[
						"5569.108062",
						"2.807343532e-16"
					],
					[
						"5573.840787",
						"2.957226012e-16"
					],
					[
						"5578.573511",
						"2.960630025e-16"
					],
					[
						"5583.306236",
						"2.924569451e-16"
					],
					[
						"5588.038961",
						"2.852497799e-16"
					],
					[
						"5592.771685",
						"2.779376092e-16"
					],
					[
						"5597.50441",
						"2.826711469e-16"
					],
					[
						"5602.237134",
						"2.717853177e-16"
					],
					[
						"5606.969859",
						"2.685632044e-16"
					],
					[
						"5611.702584",
						"2.811433907e-16"
					],
					[
						"5616.435308",
						"2.6142764e-16"
					],
					[
						"5621.168033",
						"2.587585069e-16"
					],
					[
						"5625.900757",
						"2.701292624e-16"
					],
					[
						"5630.633482",
						"2.669521213e-16"
					],
					[
						"5635.366206",
						"2.690007234e-16"
					],
					[
						"5640.098931",
						"2.810017244e-16"
					],
					[
						"5644.831656",
						"2.760037271e-16"
					],
					[
						"5649.56438",
						"2.868852682e-16"
					],
					[
						"5654.297105",
						"2.936428971e-16"
					],
					[
						"5659.029829",
						"2.946669334e-16"
					],
					[
						"5663.762554",
						"2.983969224e-16"
					],
					[
						"5668.495278",
						"3.060380066e-16"
					],
					[
						"5673.228003",
						"3.121090094e-16"
					],
					[
						"5677.960728",
						"3.192196657e-16"
					],
					[
						"5682.693452",
						"3.255646836e-16"
					],
					[
						"5687.426177",
						"3.220027248e-16"
					],
					[
						"5692.158901",
						"3.250919334e-16"
					],
					[
						"5696.891626",
						"3.329838187e-16"
					],
					[
						"5701.624351",
						"3.348025838e-16"
					],
					[
						"5706.357075",
						"3.433111356e-16"
					],
					[
						"5711.0898",
						"3.452471618e-16"
					],
					[
						"5715.822524",
						"3.413149966e-16"
					],
					[
						"5720.555249",
						"3.409189557e-16"
					],
					[
						"5725.287973",
						"3.444316808e-16"
					],
					[
						"5730.020698",
						"3.425839049e-16"
					],
					[
						"5734.753423",
						"3.509952067e-16"
					],
					[
						"5739.486147",
						"3.430639873e-16"
					],
					[
						"5744.218872",
						"3.505361149e-16"
					],
					[
						"5748.951596",
						"3.51207865e-16"
					],
					[
						"5753.684321",
						"3.48172893e-16"
					],
					[
						"5758.417045",
						"3.54062366e-16"
					],
					[
						"5763.14977",
						"3.566117763e-16"
					],
					[
						"5767.882495",
						"3.47183585e-16"
					],
					[
						"5772.615219",
						"3.476410357e-16"
					],
					[
						"5777.347944",
						"3.400690111e-16"
					],
					[
						"5782.080668",
						"3.473477241e-16"
					],
					[
						"5786.813393",
						"3.536675692e-16"
					],
					[
						"5791.546118",
						"3.563075856e-16"
					],
					[
						"5796.278842",
						"3.641208028e-16"
					],
					[
						"5801.011567",
						"3.620898031e-16"
					],
					[
						"5805.744291",
						"3.532762929e-16"
					],
					[
						"5810.477016",
						"3.579757641e-16"
					],
					[
						"5815.20974",
						"3.623034672e-16"
					],
					[
						"5819.942465",
						"3.473714675e-16"
					],
					[
						"5824.67519",
						"3.469756119e-16"
					],
					[
						"5829.407914",
						"3.47367894e-16"
					],
					[
						"5834.140639",
						"3.372286185e-16"
					],
					[
						"5838.873363",
						"3.503787521e-16"
					],
					[
						"5843.606088",
						"3.410141675e-16"
					],
					[
						"5848.338812",
						"3.309080322e-16"
					],
					[
						"5853.071537",
						"3.279521783e-16"
					],
					[
						"5857.804262",
						"3.159037435e-16"
					],
					[
						"5862.536986",
						"3.175163089e-16"
					],
					[
						"5867.269711",
						"3.100863212e-16"
					],
					[
						"5872.002435",
						"2.86489942e-16"
					],
					[
						"5876.73516",
						"2.896005117e-16"
					],
					[
						"5881.467885",
						"2.856230303e-16"
					],
					[
						"5886.200609",
						"2.925426277e-16"
					],
					[
						"5890.933334",
						"2.877388657e-16"
					],
					[
						"5895.666058",
						"2.860740753e-16"
					],
					[
						"5900.398783",
						"2.965940657e-16"
					],
					[
						"5905.131507",
						"2.993899627e-16"
					],
					[
						"5909.864232",
						"2.97348375e-16"
					],
					[
						"5914.596957",
						"2.97312032e-16"
					],
					[
						"5919.329681",
						"2.957425329e-16"
					],
					[
						"5924.062406",
						"2.907133542e-16"
					],
					[
						"5928.79513",
						"2.926787089e-16"
					],
					[
						"5933.527855",
						"2.847555891e-16"
					],
					[
						"5938.260579",
						"2.848176078e-16"
					],
					[
						"5942.993304",
						"3.01216801e-16"
					],
					[
						"5947.726029",
						"2.929783203e-16"
					],
					[
						"5952.458753",
						"3.023014531e-16"
					],
					[
						"5957.191478",
						"3.065341562e-16"
					],
					[
						"5961.924202",
						"3.147485229e-16"
					],
					[
						"5966.656927",
						"2.983194983e-16"
					],
					[
						"5971.389652",
						"3.034680557e-16"
					],
					[
						"5976.122376",
						"3.054144051e-16"
					],
					[
						"5980.855101",
						"3.073482343e-16"
					],
					[
						"5985.587825",
						"3.107589448e-16"
					],
					[
						"5990.32055",
						"3.077680714e-16"
					],
					[
						"5995.053274",
						"3.076667716e-16"
					],
					[
						"5999.785999",
						"3.096637576e-16"
					],
					[
						"6004.518724",
						"3.09868369e-16"
					],
					[
						"6009.251448",
						"3.158075788e-16"
					],
					[
						"6013.984173",
						"3.220575702e-16"
					],
					[
						"6018.716897",
						"3.189319657e-16"
					],
					[
						"6023.449622",
						"3.159913584e-16"
					],
					[
						"6028.182346",
						"3.12897253e-16"
					],
					[
						"6032.915071",
						"3.12526279e-16"
					],
					[
						"6037.647796",
						"3.259503219e-16"
					],
					[
						"6042.38052",
						"3.177002209e-16"
					],
					[
						"6047.113245",
						"3.272556526e-16"
					],
					[
						"6051.845969",
						"3.238180488e-16"
					],
					[
						"6056.578694",
						"3.219173598e-16"
					],
					[
						"6061.311419",
						"3.154275257e-16"
					],
					[
						"6066.044143",
						"3.135881672e-16"
					],
					[
						"6070.776868",
						"3.131327017e-16"
					],
					[
						"6075.509592",
						"3.037698377e-16"
					],
					[
						"6080.242317",
						"3.023435136e-16"
					],
					[
						"6084.975041",
						"2.599338445e-16"
					],
					[
						"6089.707766",
						"2.686888035e-16"
					],
					[
						"6094.440491",
						"3.12032697e-16"
					],
					[
						"6099.173215",
						"3.075615542e-16"
					],
					[
						"6103.90594",
						"3.017827778e-16"
					],
					[
						"6108.638664",
						"3.024236906e-16"
					],
					[
						"6113.371389",
						"3.061603764e-16"
					],
					[
						"6118.104113",
						"3.018849776e-16"
					],
					[
						"6122.836838",
						"2.954291837e-16"
					],
					[
						"6127.569563",
						"2.994214088e-16"
					],
					[
						"6132.302287",
						"2.947940942e-16"
					],
					[
						"6137.035012",
						"2.921678951e-16"
					],
					[
						"6141.767736",
						"2.998486045e-16"
					],
					[
						"6146.500461",
						"2.949837237e-16"
					],
					[
						"6151.233186",
						"2.919848301e-16"
					],
					[
						"6155.96591",
						"2.838414024e-16"
					],
					[
						"6160.698635",
						"2.767196023e-16"
					],
					[
						"6165.431359",
						"2.812618165e-16"
					],
					[
						"6170.164084",
						"2.792319285e-16"
					],
					[
						"6174.896808",
						"2.725079957e-16"
					],
					[
						"6179.629533",
						"2.630571726e-16"
					],
					[
						"6184.362258",
						"2.213647419e-16"
					],
					[
						"6189.094982",
						"2.123686035e-16"
					],
					[
						"6193.827707",
						"2.492563324e-16"
					],
					[
						"6198.560431",
						"2.396904982e-16"
					],
					[
						"6203.293156",
						"2.352339667e-16"
					],
					[
						"6208.02588",
						"2.075461537e-16"
					],
					[
						"6212.758605",
						"1.405015372e-16"
					],
					[
						"6217.49133",
						"1.938334712e-16"
					],
					[
						"6222.224054",
						"1.82987929e-16"
					],
					[
						"6226.956779",
						"1.730454959e-16"
					],
					[
						"6231.689503",
						"1.570517801e-16"
					],
					[
						"6236.422228",
						"1.426111389e-16"
					],
					[
						"6241.154953",
						"1.417779761e-16"
					],
					[
						"6245.887677",
						"1.345701228e-16"
					],
					[
						"6250.620402",
						"1.254073307e-16"
					],
					[
						"6255.353126",
						"1.214273214e-16"
					],
					[
						"6260.085851",
						"1.126739373e-16"
					],
					[
						"6264.818575",
						"1.04241367e-16"
					],
					[
						"6269.5513",
						"1.023353046e-16"
					],
					[
						"6274.284025",
						"9.716715293e-17"
					],
					[
						"6279.016749",
						"8.48460661e-17"
					],
					[
						"6283.749474",
						"8.002472148e-17"
					],
					[
						"6288.482198",
						"8.44078589e-17"
					],
					[
						"6293.214923",
						"8.002813608e-17"
					],
					[
						"6297.947647",
						"8.659357448e-17"
					],
					[
						"6302.680372",
						"8.106070233e-17"
					],
					[
						"6307.413097",
						"7.359662814e-17"
					],
					[
						"6312.145821",
						"8.156790301e-17"
					],
					[
						"6316.878546",
						"8.023262836e-17"
					],
					[
						"6321.61127",
						"8.38476194e-17"
					],
					[
						"6326.343995",
						"9.469856805e-17"
					],
					[
						"6331.07672",
						"1.037322671e-16"
					],
					[
						"6335.809444",
						"1.067858275e-16"
					],
					[
						"6340.542169",
						"1.136566808e-16"
					],
					[
						"6345.274893",
						"1.219924512e-16"
					],
					[
						"6350.007618",
						"1.229025086e-16"
					],
					[
						"6354.740342",
						"1.307631465e-16"
					],
					[
						"6359.473067",
						"1.478759781e-16"
					],
					[
						"6364.205792",
						"1.545339747e-16"
					],
					[
						"6368.938516",
						"1.580865235e-16"
					],
					[
						"6373.671241",
						"1.67710856e-16"
					],
					[
						"6378.403965",
						"1.773251299e-16"
					],
					[
						"6383.13669",
						"1.856672795e-16"
					],
					[
						"6387.869414",
						"1.952078748e-16"
					],
					[
						"6392.602139",
						"1.945976802e-16"
					],
					[
						"6397.334864",
						"1.995812382e-16"
					],
					[
						"6402.067588",
						"2.051321892e-16"
					],
					[
						"6406.800313",
						"2.080157541e-16"
					],
					[
						"6411.533037",
						"2.095394869e-16"
					],
					[
						"6416.265762",
						"2.174160728e-16"
					],
					[
						"6420.998487",
						"2.175008026e-16"
					],
					[
						"6425.731211",
						"2.222456694e-16"
					],
					[
						"6430.463936",
						"2.325859035e-16"
					],
					[
						"6435.19666",
						"2.273791655e-16"
					],
					[
						"6439.929385",
						"2.256493125e-16"
					],
					[
						"6444.662109",
						"2.341345709e-16"
					],
					[
						"6449.394834",
						"2.403105263e-16"
					],
					[
						"6454.127559",
						"2.345786544e-16"
					],
					[
						"6458.860283",
						"2.333803145e-16"
					],
					[
						"6463.593008",
						"2.370697518e-16"
					],
					[
						"6468.325732",
						"2.420190712e-16"
					],
					[
						"6473.058457",
						"2.344359823e-16"
					],
					[
						"6477.791181",
						"2.289581408e-16"
					],
					[
						"6482.523906",
						"2.316892926e-16"
					],
					[
						"6487.256631",
						"2.331866616e-16"
					],
					[
						"6491.989355",
						"2.343947953e-16"
					],
					[
						"6496.72208",
						"2.393705315e-16"
					],
					[
						"6501.454804",
						"2.412694735e-16"
					],
					[
						"6506.187529",
						"2.378825064e-16"
					],
					[
						"6510.920254",
						"2.315611524e-16"
					],
					[
						"6515.652978",
						"2.305053259e-16"
					],
					[
						"6520.385703",
						"2.356845353e-16"
					],
					[
						"6525.118427",
						"2.287521265e-16"
					],
					[
						"6529.851152",
						"2.331865557e-16"
					],
					[
						"6534.583876",
						"2.328107378e-16"
					],
					[
						"6539.316601",
						"2.261460443e-16"
					],
					[
						"6544.049326",
						"2.296748895e-16"
					],
					[
						"6548.78205",
						"2.307802939e-16"
					],
					[
						"6553.514775",
						"2.259468063e-16"
					],
					[
						"6558.247499",
						"2.270886597e-16"
					],
					[
						"6562.980224",
						"2.309437184e-16"
					],
					[
						"6567.712948",
						"2.273829242e-16"
					],
					[
						"6572.445673",
						"2.234526649e-16"
					],
					[
						"6577.178398",
						"2.308774116e-16"
					],
					[
						"6581.911122",
						"2.29711206e-16"
					],
					[
						"6586.643847",
						"2.224761417e-16"
					],
					[
						"6591.376571",
						"2.28497646e-16"
					],
					[
						"6596.109296",
						"2.231244661e-16"
					],
					[
						"6600.842021",
						"2.233227247e-16"
					],
					[
						"6605.574745",
						"2.197423958e-16"
					],
					[
						"6610.30747",
						"2.206563973e-16"
					],
					[
						"6615.040194",
						"2.241707106e-16"
					],
					[
						"6619.772919",
						"2.205566327e-16"
					],
					[
						"6624.505643",
						"2.156828713e-16"
					],
					[
						"6629.238368",
						"2.164065419e-16"
					],
					[
						"6633.971093",
						"2.185213846e-16"
					],
					[
						"6638.703817",
						"2.185583894e-16"
					],
					[
						"6643.436542",
						"2.146998102e-16"
					],
					[
						"6648.169266",
						"2.09957061e-16"
					],
					[
						"6652.901991",
						"2.102717602e-16"
					],
					[
						"6657.634715",
						"2.131986296e-16"
					],
					[
						"6662.36744",
						"2.146918957e-16"
					],
					[
						"6667.100165",
						"2.11197951e-16"
					],
					[
						"6671.832889",
						"1.985816732e-16"
					],
					[
						"6676.565614",
						"1.983126079e-16"
					],
					[
						"6681.298338",
						"2.053197144e-16"
					],
					[
						"6686.031063",
						"1.981863867e-16"
					],
					[
						"6690.763788",
						"2.002940694e-16"
					],
					[
						"6695.496512",
						"2.065732834e-16"
					],
					[
						"6700.229237",
						"2.026619632e-16"
					],
					[
						"6704.961961",
						"1.915375884e-16"
					],
					[
						"6709.694686",
						"1.938191113e-16"
					],
					[
						"6714.42741",
						"1.989876799e-16"
					],
					[
						"6719.160135",
						"1.888599716e-16"
					],
					[
						"6723.89286",
						"1.852489378e-16"
					],
					[
						"6728.625584",
						"1.913934339e-16"
					],
					[
						"6733.358309",
						"1.850747005e-16"
					],
					[
						"6738.091033",
						"1.890447042e-16"
					],
					[
						"6742.823758",
						"1.940976925e-16"
					],
					[
						"6747.556482",
						"1.861902032e-16"
					],
					[
						"6752.289207",
						"1.866061625e-16"
					],
					[
						"6757.021932",
						"1.841711281e-16"
					],
					[
						"6761.754656",
						"1.904935144e-16"
					],
					[
						"6766.487381",
						"1.889070614e-16"
					],
					[
						"6771.220105",
						"1.794813581e-16"
					],
					[
						"6775.95283",
						"1.739456537e-16"
					],
					[
						"6780.685555",
						"1.783016265e-16"
					],
					[
						"6785.418279",
						"1.785081967e-16"
					],
					[
						"6790.151004",
						"1.751551506e-16"
					],
					[
						"6794.883728",
						"1.830266542e-16"
					],
					[
						"6799.616453",
						"1.842994139e-16"
					],
					[
						"6804.349177",
						"1.752671045e-16"
					],
					[
						"6809.081902",
						"1.708575172e-16"
					],
					[
						"6813.814627",
						"1.765346761e-16"
					],
					[
						"6818.547351",
						"1.736731473e-16"
					],
					[
						"6823.280076",
						"1.731204848e-16"
					],
					[
						"6828.0128",
						"1.705937723e-16"
					],
					[
						"6832.745525",
						"1.625847052e-16"
					],
					[
						"6837.478249",
						"1.634560374e-16"
					],
					[
						"6842.210974",
						"1.65179498e-16"
					],
					[
						"6846.943699",
						"1.699041684e-16"
					],
					[
						"6851.676423",
						"1.613466342e-16"
					],
					[
						"6856.409148",
						"1.536961135e-16"
					],
					[
						"6861.141872",
						"1.468235793e-16"
					],
					[
						"6865.874597",
						"1.29702648e-16"
					],
					[
						"6870.607322",
						"1.250168088e-16"
					],
					[
						"6875.340046",
						"1.229304475e-16"
					],
					[
						"6880.072771",
						"1.340156736e-16"
					],
					[
						"6884.805495",
						"1.36480513e-16"
					],
					[
						"6889.53822",
						"1.317087132e-16"
					],
					[
						"6894.270944",
						"1.305221126e-16"
					],
					[
						"6899.003669",
						"1.309299193e-16"
					],
					[
						"6903.736394",
						"1.384860355e-16"
					],
					[
						"6908.469118",
						"1.364432038e-16"
					],
					[
						"6913.201843",
						"1.386299252e-16"
					],
					[
						"6917.934567",
						"1.429479933e-16"
					],
					[
						"6922.667292",
						"1.442412009e-16"
					],
					[
						"6927.400016",
						"1.447678039e-16"
					],
					[
						"6932.132741",
						"1.384203111e-16"
					],
					[
						"6936.865466",
						"1.363263133e-16"
					],
					[
						"6941.59819",
						"1.420760259e-16"
					],
					[
						"6946.330915",
						"1.391087106e-16"
					],
					[
						"6951.063639",
						"1.36146954e-16"
					],
					[
						"6955.796364",
						"1.379438021e-16"
					],
					[
						"6960.529089",
						"1.415675282e-16"
					],
					[
						"6965.261813",
						"1.410645362e-16"
					],
					[
						"6969.994538",
						"1.35970705e-16"
					],
					[
						"6974.727262",
						"1.350175282e-16"
					],
					[
						"6979.459987",
						"1.379760423e-16"
					],
					[
						"6984.192711",
						"1.371439118e-16"
					],
					[
						"6988.925436",
						"1.368970149e-16"
					],
					[
						"6993.658161",
						"1.392499931e-16"
					],
					[
						"6998.390885",
						"1.348018392e-16"
					],
					[
						"7003.12361",
						"1.301501328e-16"
					],
					[
						"7007.856334",
						"1.337800396e-16"
					],
					[
						"7012.589059",
						"1.31939609e-16"
					],
					[
						"7017.321783",
						"1.337490302e-16"
					],
					[
						"7022.054508",
						"1.280694626e-16"
					],
					[
						"7026.787233",
						"1.345701096e-16"
					],
					[
						"7031.519957",
						"1.357269978e-16"
					],
					[
						"7036.252682",
						"1.385371619e-16"
					],
					[
						"7040.985406",
						"-1.194479377e-16"
					],
					[
						"7045.718131",
						"-3.451438568e-17"
					],
					[
						"7050.450856",
						"1.483240717e-16"
					],
					[
						"7055.18358",
						"1.258277766e-16"
					],
					[
						"7059.916305",
						"1.324709105e-16"
					],
					[
						"7064.649029",
						"1.305256066e-16"
					],
					[
						"7069.381754",
						"1.267296947e-16"
					],
					[
						"7074.114478",
						"1.278651953e-16"
					],
					[
						"7078.847203",
						"1.263590516e-16"
					],
					[
						"7083.579928",
						"1.254244566e-16"
					],
					[
						"7088.312652",
						"1.282362222e-16"
					],
					[
						"7093.045377",
						"1.30410569e-16"
					],
					[
						"7097.778101",
						"1.235556637e-16"
					],
					[
						"7102.510826",
						"1.228522293e-16"
					],
					[
						"7107.24355",
						"1.282876133e-16"
					],
					[
						"7111.976275",
						"1.238868933e-16"
					],
					[
						"7116.709",
						"1.240813932e-16"
					],
					[
						"7121.441724",
						"1.266878195e-16"
					],
					[
						"7126.174449",
						"1.202204053e-16"
					],
					[
						"7130.907173",
						"1.155715444e-16"
					],
					[
						"7135.639898",
						"1.152533909e-16"
					],
					[
						"7140.372623",
						"1.144586622e-16"
					],
					[
						"7145.105347",
						"1.131271264e-16"
					],
					[
						"7149.838072",
						"1.123352565e-16"
					],
					[
						"7154.570796",
						"1.144157414e-16"
					],
					[
						"7159.303521",
						"1.112759624e-16"
					],
					[
						"7164.036245",
						"1.058442709e-16"
					],
					[
						"7168.76897",
						"1.038432152e-16"
					],
					[
						"7173.501695",
						"1.006656637e-16"
					],
					[
						"7178.234419",
						"9.962383303e-17"
					],
					[
						"7182.967144",
						"9.956694286e-17"
					],
					[
						"7187.699868",
						"9.384182731e-17"
					],
					[
						"7192.432593",
						"9.070589959e-17"
					],
					[
						"7197.165317",
						"9.447669836e-17"
					],
					[
						"7201.898042",
						"9.669282772e-17"
					],
					[
						"7206.630767",
						"1.034633076e-16"
					],
					[
						"7211.363491",
						"1.005704453e-16"
					],
					[
						"7216.096216",
						"1.085001758e-16"
					],
					[
						"7220.82894",
						"1.099835092e-16"
					],
					[
						"7225.561665",
						"1.00222864e-16"
					],
					[
						"7230.29439",
						"8.99142745e-17"
					],
					[
						"7235.027114",
						"8.864983298e-17"
					],
					[
						"7239.759839",
						"9.434339655e-17"
					],
					[
						"7244.492563",
						"9.419906346e-17"
					],
					[
						"7249.225288",
						"9.028121844e-17"
					],
					[
						"7253.958012",
						"9.034306508e-17"
					],
					[
						"7258.690737",
						"8.947907162e-17"
					],
					[
						"7263.423462",
						"8.465214188e-17"
					],
					[
						"7268.156186",
						"8.284125823e-17"
					],
					[
						"7272.888911",
						"9.468450598e-17"
					],
					[
						"7277.621635",
						"8.671585163e-17"
					],
					[
						"7282.35436",
						"8.51960032e-17"
					],
					[
						"7287.087084",
						"9.08929549e-17"
					],
					[
						"7291.819809",
						"9.042776176e-17"
					],
					[
						"7296.552534",
						"9.129491836e-17"
					],
					[
						"7301.285258",
						"9.319542206e-17"
					],
					[
						"7306.017983",
						"8.852748305e-17"
					],
					[
						"7310.750707",
						"8.98983794e-17"
					],
					[
						"7315.483432",
						"9.356238585e-17"
					],
					[
						"7320.216157",
						"8.986599363e-17"
					],
					[
						"7324.948881",
						"8.866069221e-17"
					],
					[
						"7329.681606",
						"8.653127123e-17"
					],
					[
						"7334.41433",
						"9.301511654e-17"
					],
					[
						"7339.147055",
						"9.197855335e-17"
					],
					[
						"7343.879779",
						"8.542310068e-17"
					],
					[
						"7348.612504",
						"8.016078276e-17"
					],
					[
						"7353.345229",
						"9.268783757e-17"
					],
					[
						"7358.077953",
						"8.891549693e-17"
					],
					[
						"7362.810678",
						"9.090810223e-17"
					],
					[
						"7367.543402",
						"9.600583768e-17"
					],
					[
						"7372.276127",
						"8.863816643e-17"
					],
					[
						"7377.008851",
						"8.140598737e-17"
					],
					[
						"7381.741576",
						"8.243935433e-17"
					],
					[
						"7386.474301",
						"8.65625916e-17"
					],
					[
						"7391.207025",
						"8.689748725e-17"
					],
					[
						"7395.93975",
						"8.888512947e-17"
					],
					[
						"7400.672474",
						"8.86391789e-17"
					],
					[
						"7405.405199",
						"8.257812215e-17"
					],
					[
						"7410.137924",
						"8.449998697e-17"
					],
					[
						"7414.870648",
						"8.092223891e-17"
					],
					[
						"7419.603373",
						"7.704580586e-17"
					],
					[
						"7424.336097",
						"8.253567124e-17"
					],
					[
						"7429.068822",
						"7.925246566e-17"
					],
					[
						"7433.801546",
						"7.73404476e-17"
					],
					[
						"7438.534271",
						"8.056847031e-17"
					],
					[
						"7443.266996",
						"7.944128783e-17"
					],
					[
						"7447.99972",
						"8.045221503e-17"
					],
					[
						"7452.732445",
						"7.790244734e-17"
					],
					[
						"7457.465169",
						"7.835613274e-17"
					],
					[
						"7462.197894",
						"8.108143478e-17"
					],
					[
						"7466.930618",
						"7.422781989e-17"
					],
					[
						"7471.663343",
						"7.713853612e-17"
					],
					[
						"7476.396068",
						"7.7542862e-17"
					],
					[
						"7481.128792",
						"7.804957299e-17"
					],
					[
						"7485.861517",
						"7.821735169e-17"
					],
					[
						"7490.594241",
						"8.061138444e-17"
					],
					[
						"7495.326966",
						"8.433721106e-17"
					],
					[
						"7500.059691",
						"8.446763428e-17"
					],
					[
						"7504.792415",
						"8.105587159e-17"
					],
					[
						"7509.52514",
						"7.817650882e-17"
					],
					[
						"7514.257864",
						"7.343646613e-17"
					],
					[
						"7518.990589",
						"6.532243312e-17"
					],
					[
						"7523.723313",
						"7.296748119e-17"
					],
					[
						"7528.456038",
						"6.818592064e-17"
					],
					[
						"7533.188763",
						"7.069839242e-17"
					],
					[
						"7537.921487",
						"6.823331478e-17"
					],
					[
						"7542.654212",
						"7.679622231e-17"
					],
					[
						"7547.386936",
						"7.634204721e-17"
					],
					[
						"7552.119661",
						"7.33478453e-17"
					],
					[
						"7556.852385",
						"7.770269977e-17"
					],
					[
						"7561.58511",
						"7.838057759e-17"
					],
					[
						"7566.317835",
						"7.819087529e-17"
					],
					[
						"7571.050559",
						"8.244145206e-17"
					],
					[
						"7575.783284",
						"8.260421473e-17"
					],
					[
						"7580.516008",
						"7.361290044e-17"
					],
					[
						"7585.248733",
						"6.751059054e-17"
					],
					[
						"7589.981458",
						"5.529976357e-17"
					],
					[
						"7594.714182",
						"3.813082263e-17"
					],
					[
						"7599.446907",
						"2.225997291e-17"
					],
					[
						"7604.179631",
						"1.677144922e-17"
					],
					[
						"7608.912356",
						"2.395463934e-17"
					],
					[
						"7613.64508",
						"3.329133628e-17"
					],
					[
						"7618.377805",
						"3.816999129e-17"
					],
					[
						"7623.11053",
						"3.673928315e-17"
					],
					[
						"7627.843254",
						"3.272342385e-17"
					],
					[
						"7632.575979",
						"3.370855295e-17"
					],
					[
						"7637.308703",
						"3.896525596e-17"
					],
					[
						"7642.041428",
						"4.073206412e-17"
					],
					[
						"7646.774152",
						"4.428852716e-17"
					],
					[
						"7651.506877",
						"4.751797924e-17"
					],
					[
						"7656.239602",
						"5.512892431e-17"
					],
					[
						"7660.972326",
						"5.657069019e-17"
					],
					[
						"7665.705051",
						"6.007834627e-17"
					],
					[
						"7670.437775",
						"6.542675714e-17"
					],
					[
						"7675.1705",
						"6.608508041e-17"
					],
					[
						"7679.903225",
						"6.753776177e-17"
					],
					[
						"7684.635949",
						"6.93124877e-17"
					],
					[
						"7689.368674",
						"6.577592e-17"
					],
					[
						"7694.101398",
						"6.574646576e-17"
					],
					[
						"7698.834123",
						"6.620739064e-17"
					],
					[
						"7703.566847",
						"5.856424178e-17"
					],
					[
						"7708.299572",
						"6.042910393e-17"
					],
					[
						"7713.032297",
						"5.817363386e-17"
					],
					[
						"7717.765021",
						"5.188654836e-17"
					],
					[
						"7722.497746",
						"5.555196763e-17"
					],
					[
						"7727.23047",
						"5.81213759e-17"
					],
					[
						"7731.963195",
						"6.416974039e-17"
					],
					[
						"7736.695919",
						"5.686335992e-17"
					],
					[
						"7741.428644",
						"5.251272739e-17"
					],
					[
						"7746.161369",
						"5.718175828e-17"
					],
					[
						"7750.894093",
						"5.109699785e-17"
					],
					[
						"7755.626818",
						"5.331301802e-17"
					],
					[
						"7760.359542",
						"6.132139359e-17"
					],
					[
						"7765.092267",
						"5.865171779e-17"
					],
					[
						"7769.824992",
						"6.529397811e-17"
					],
					[
						"7774.557716",
						"7.546827317e-17"
					],
					[
						"7779.290441",
						"6.361949985e-17"
					],
					[
						"7784.023165",
						"5.575893484e-17"
					],
					[
						"7788.75589",
						"6.117316282e-17"
					],
					[
						"7793.488614",
						"6.093052097e-17"
					],
					[
						"7798.221339",
						"5.721006771e-17"
					],
					[
						"7802.954064",
						"6.087929533e-17"
					],
					[
						"7807.686788",
						"6.008793494e-17"
					],
					[
						"7812.419513",
						"5.411310681e-17"
					],
					[
						"7817.152237",
						"5.996638572e-17"
					],
					[
						"7821.884962",
						"6.347797917e-17"
					],
					[
						"7826.617686",
						"5.315720035e-17"
					],
					[
						"7831.350411",
						"5.747306483e-17"
					],
					[
						"7836.083136",
						"6.411575528e-17"
					],
					[
						"7840.81586",
						"5.979578799e-17"
					],
					[
						"7845.548585",
						"5.499794191e-17"
					],
					[
						"7850.281309",
						"5.728020601e-17"
					],
					[
						"7855.014034",
						"5.970575765e-17"
					],
					[
						"7859.746759",
						"5.921977911e-17"
					],
					[
						"7864.479483",
						"6.040265401e-17"
					],
					[
						"7869.212208",
						"6.511010578e-17"
					],
					[
						"7873.944932",
						"5.998044117e-17"
					],
					[
						"7878.677657",
						"4.694971609e-17"
					],
					[
						"7883.410381",
						"5.107836643e-17"
					],
					[
						"7888.143106",
						"5.627620065e-17"
					],
					[
						"7892.875831",
						"5.199651375e-17"
					],
					[
						"7897.608555",
						"4.958315806e-17"
					],
					[
						"7902.34128",
						"4.707664199e-17"
					],
					[
						"7907.074004",
						"4.661440684e-17"
					],
					[
						"7911.806729",
						"5.497084016e-17"
					],
					[
						"7916.539453",
						"5.664835914e-17"
					],
					[
						"7921.272178",
						"5.833056657e-17"
					],
					[
						"7926.004903",
						"6.169076612e-17"
					],
					[
						"7930.737627",
						"6.274847205e-17"
					],
					[
						"7935.470352",
						"6.266194896e-17"
					],
					[
						"7940.203076",
						"5.970441431e-17"
					],
					[
						"7944.935801",
						"6.69887256e-17"
					],
					[
						"7949.668526",
						"6.089869106e-17"
					],
					[
						"7954.40125",
						"5.566110915e-17"
					],
					[
						"7959.133975",
						"6.232831724e-17"
					],
					[
						"7963.866699",
						"6.633404854e-17"
					],
					[
						"7968.599424",
						"6.482017567e-17"
					],
					[
						"7973.332148",
						"6.935172915e-17"
					],
					[
						"7978.064873",
						"6.334021059e-17"
					],
					[
						"7982.797598",
						"6.938205028e-17"
					],
					[
						"7987.530322",
						"8.16330319e-17"
					],
					[
						"7992.263047",
						"7.054989695e-17"
					],
					[
						"7996.995771",
						"6.803361353e-17"
					],
					[
						"8001.728496",
						"7.918985139e-17"
					],
					[
						"8006.46122",
						"7.601661451e-17"
					],
					[
						"8011.193945",
						"7.391907638e-17"
					],
					[
						"8015.92667",
						"8.114034989e-17"
					],
					[
						"8020.659394",
						"7.898857519e-17"
					],
					[
						"8025.392119",
						"8.494593658e-17"
					],
					[
						"8030.124843",
						"8.325940134e-17"
					],
					[
						"8034.857568",
						"8.153672823e-17"
					],
					[
						"8039.590293",
						"8.430905383e-17"
					],
					[
						"8044.323017",
						"8.21747955e-17"
					],
					[
						"8049.055742",
						"8.429659318e-17"
					],
					[
						"8053.788466",
						"9.200508269e-17"
					],
					[
						"8058.521191",
						"8.955659499e-17"
					],
					[
						"8063.253915",
						"8.395485509e-17"
					],
					[
						"8067.98664",
						"8.880731494e-17"
					],
					[
						"8072.719365",
						"9.119883306e-17"
					],
					[
						"8077.452089",
						"9.660986481e-17"
					],
					[
						"8082.184814",
						"9.554932662e-17"
					],
					[
						"8086.917538",
						"9.539985839e-17"
					],
					[
						"8091.650263",
						"9.708485177e-17"
					],
					[
						"8096.382987",
						"8.766985557e-17"
					],
					[
						"8101.115712",
						"9.021456754e-17"
					],
					[
						"8105.848437",
						"9.340058271e-17"
					],
					[
						"8110.581161",
						"9.961041285e-17"
					],
					[
						"8115.313886",
						"5.060721428e-17"
					],
					[
						"8120.04661",
						"-4.187456598e-17"
					],
					[
						"8124.779335",
						"-3.889223907e-17"
					],
					[
						"8129.51206",
						"-4.282171094e-17"
					],
					[
						"8134.244784",
						"7.26828715e-17"
					],
					[
						"8138.977509",
						"8.886784471e-17"
					],
					[
						"8143.710233",
						"8.381668284e-17"
					],
					[
						"8148.442958",
						"8.064721128e-17"
					],
					[
						"8153.175682",
						"7.95969169e-17"
					],
					[
						"8157.908407",
						"8.268095724e-17"
					],
					[
						"8162.641132",
						"8.717114507e-17"
					],
					[
						"8167.373856",
						"8.85847438e-17"
					],
					[
						"8172.106581",
						"8.460613078e-17"
					],
					[
						"8176.839305",
						"9.586415818e-17"
					],
					[
						"8181.57203",
						"9.723876692e-17"
					],
					[
						"8186.304754",
						"1.063814619e-16"
					],
					[
						"8191.037479",
						"1.120422889e-16"
					],
					[
						"8195.770204",
						"1.286303572e-16"
					]
				],
				"source":"13"
			}
		]
	}
}