{
	"ASASSN-15kx":{
		"schema":"https://github.com/astrocatalogs/supernovae/blob/a0bc0b9/SCHEMA.md",
		"name":"ASASSN-15kx",
		"sources":[
			{
				"name":"2016A&A...594A..13P",
				"bibcode":"2016A&A...594A..13P",
				"reference":"Planck Collaboration et al. (2016)",
				"alias":"1"
			},
			{
				"name":"2015ATel.7621....1H",
				"bibcode":"2015ATel.7621....1H",
				"reference":"Holoien et al. (2015)",
				"alias":"2"
			},
			{
				"name":"2015ATel.7623....1T",
				"bibcode":"2015ATel.7623....1T",
				"reference":"Tomasella et al. (2015)",
				"alias":"3"
			},
			{
				"name":"2011ApJ...737..103S",
				"bibcode":"2011ApJ...737..103S",
				"reference":"Schlafly & Finkbeiner (2011)",
				"alias":"4"
			},
			{
				"name":"ASAS-SN Supernovae",
				"url":"http://www.astronomy.ohio-state.edu/~assassin/sn_list.html",
				"alias":"5"
			},
			{
				"name":"Asiago Supernova Catalogue",
				"secondary":true,
				"url":"http://graspa.oapd.inaf.it/cgi-bin/sncat.php",
				"alias":"6"
			},
			{
				"name":"Latest Supernovae",
				"secondary":true,
				"url":"http://www.rochesterastronomy.org/snimages/snredshiftall.html",
				"alias":"7"
			},
			{
				"name":"The Open Supernova Catalog",
				"bibcode":"2017ApJ...835...64G",
				"reference":"Guillochon et al. (2017)",
				"secondary":true,
				"url":"https://sne.space",
				"alias":"8"
			},
			{
				"name":"WISeREP",
				"bibcode":"2012PASP..124..668Y",
				"reference":"Yaron & Gal-Yam (2012)",
				"secondary":true,
				"url":"http://wiserep.weizmann.ac.il/",
				"alias":"9"
			},
			{
				"name":"SIMBAD astronomical database",
				"bibcode":"2000A&AS..143....9W",
				"reference":"Wenger et al. (2000)",
				"secondary":true,
				"url":"http://simbad.u-strasbg.fr/",
				"alias":"10"
			}
		],
		"alias":[
			{
				"value":"ASASSN-15kx",
				"source":"2,5,6,7,9,10"
			}
		],
		"claimedtype":[
			{
				"value":"Ia",
				"source":"2,3,5,6,7,9,10"
			}
		],
		"comovingdist":[
			{
				"value":"79.411",
				"derived":true,
				"u_value":"Mpc",
				"source":"1,2,5,8"
			}
		],
		"dec":[
			{
				"value":"+37:28:26.12",
				"u_value":"degrees",
				"source":"2,3,6,10"
			},
			{
				"value":"+37:28:26.1",
				"u_value":"degrees",
				"source":"2,7"
			},
			{
				"value":"+37:28:26.04",
				"u_value":"degrees",
				"source":"2,5"
			}
		],
		"discoverdate":[
			{
				"value":"2015/06/10",
				"source":"2,7"
			}
		],
		"discoverer":[
			{
				"value":"ASAS-SN",
				"source":"2,3,6,7"
			}
		],
		"ebv":[
			{
				"value":"0.1385",
				"derived":true,
				"e_value":"0.0024",
				"source":"4,8"
			}
		],
		"host":[
			{
				"value":"MCG +06-49-01",
				"source":"2,7"
			},
			{
				"value":"PGC 68459",
				"source":"2,3,5,6"
			}
		],
		"hostoffsetang":[
			{
				"value":"2.33",
				"u_value":"arcseconds",
				"source":"2,5"
			}
		],
		"lumdist":[
			{
				"value":"80.8422",
				"derived":true,
				"u_value":"Mpc",
				"source":"1,2,5,8"
			}
		],
		"maxabsmag":[
			{
				"value":"-19.6188",
				"derived":true,
				"source":"1,2,5,8"
			}
		],
		"maxappmag":[
			{
				"value":"14.9",
				"derived":true,
				"source":"2,7,8"
			}
		],
		"maxdate":[
			{
				"value":"2015/09/05",
				"derived":true,
				"source":"2,7,8"
			}
		],
		"maxvisualabsmag":[
			{
				"value":"-19.6382",
				"derived":true,
				"source":"1,2,5,8"
			}
		],
		"maxvisualappmag":[
			{
				"value":"14.9",
				"derived":true,
				"source":"2,7,8"
			}
		],
		"maxvisualdate":[
			{
				"value":"2015/09/05",
				"derived":true,
				"source":"2,7,8"
			}
		],
		"ra":[
			{
				"value":"22:16:11.810",
				"u_value":"hours",
				"source":"2,10"
			},
			{
				"value":"22:16:11.81",
				"u_value":"hours",
				"source":"2,3,6,7"
			},
			{
				"value":"22:16:11.76",
				"u_value":"hours",
				"source":"2,5"
			}
		],
		"redshift":[
			{
				"value":"0.018019",
				"source":"2,5"
			}
		],
		"velocity":[
			{
				"value":"5353.3",
				"u_value":"km/s",
				"source":"8"
			}
		],
		"photometry":[
			{
				"time":"57270.5",
				"magnitude":"14.9",
				"u_time":"MJD",
				"source":"2,7"
			}
		],
		"spectra":[
			{
				"time":"57184.0",
				"filename":"ASASSNm15kx_2015-06-11_22:59:53_Asiago.ascii",
				"instrument":"Ekar - AFOSC",
				"observer":"tomasella",
				"redshift":"0.018",
				"reducer":"Unknown",
				"reduction":"final",
				"survey":"Asiago",
				"u_fluxes":"erg/s/cm^2/Angstrom",
				"u_time":"MJD",
				"u_wavelengths":"Angstrom",
				"data":[
					[
						"3521.091797",
						"1.184026858e-16"
					],
					[
						"3525.850301",
						"1.251175263e-16"
					],
					[
						"3530.608805",
						"1.109012297e-16"
					],
					[
						"3535.367309",
						"8.287898428e-17"
					],
					[
						"3540.125813",
						"1.056316061e-16"
					],
					[
						"3544.884316",
						"1.095371692e-16"
					],
					[
						"3549.64282",
						"1.369283022e-16"
					],
					[
						"3554.401324",
						"1.381812228e-16"
					],
					[
						"3559.159828",
						"1.205204138e-16"
					],
					[
						"3563.918332",
						"8.484800501e-17"
					],
					[
						"3568.676836",
						"9.598735515e-17"
					],
					[
						"3573.43534",
						"1.183147135e-16"
					],
					[
						"3578.193844",
						"7.428868053e-17"
					],
					[
						"3582.952348",
						"1.949905413e-17"
					],
					[
						"3587.710852",
						"5.983789479e-17"
					],
					[
						"3592.469356",
						"1.152635817e-16"
					],
					[
						"3597.227859",
						"1.463324855e-16"
					],
					[
						"3601.986363",
						"1.48560341e-16"
					],
					[
						"3606.744867",
						"1.41179865e-16"
					],
					[
						"3611.503371",
						"1.761741974e-16"
					],
					[
						"3616.261875",
						"9.726956451e-17"
					],
					[
						"3621.020379",
						"8.471592081e-17"
					],
					[
						"3625.778883",
						"1.618504468e-16"
					],
					[
						"3630.537387",
						"1.422671906e-16"
					],
					[
						"3635.295891",
						"1.048627914e-16"
					],
					[
						"3640.054395",
						"9.83075306e-17"
					],
					[
						"3644.812899",
						"1.11860521e-16"
					],
					[
						"3649.571403",
						"1.081453881e-16"
					],
					[
						"3654.329906",
						"1.134196836e-16"
					],
					[
						"3659.08841",
						"1.384994689e-16"
					],
					[
						"3663.846914",
						"1.44158549e-16"
					],
					[
						"3668.605418",
						"1.387430174e-16"
					],
					[
						"3673.363922",
						"1.248003654e-16"
					],
					[
						"3678.122426",
						"1.220366689e-16"
					],
					[
						"3682.88093",
						"1.381110514e-16"
					],
					[
						"3687.639434",
						"1.429872745e-16"
					],
					[
						"3692.397938",
						"1.332956559e-16"
					],
					[
						"3697.156442",
						"1.63762756e-16"
					],
					[
						"3701.914946",
						"1.441974331e-16"
					],
					[
						"3706.67345",
						"1.302086046e-16"
					],
					[
						"3711.431953",
						"9.51356172e-17"
					],
					[
						"3716.190457",
						"6.762792445e-17"
					],
					[
						"3720.948961",
						"1.005038076e-16"
					],
					[
						"3725.707465",
						"9.346547999e-17"
					],
					[
						"3730.465969",
						"9.900052928e-17"
					],
					[
						"3735.224473",
						"1.057960033e-16"
					],
					[
						"3739.982977",
						"9.061698098e-17"
					],
					[
						"3744.741481",
						"1.022423957e-16"
					],
					[
						"3749.499985",
						"1.067012367e-16"
					],
					[
						"3754.258489",
						"1.008641606e-16"
					],
					[
						"3759.016993",
						"9.077848634e-17"
					],
					[
						"3763.775496",
						"8.030963557e-17"
					],
					[
						"3768.534",
						"1.057574633e-16"
					],
					[
						"3773.292504",
						"1.123462017e-16"
					],
					[
						"3778.051008",
						"7.88977309e-17"
					],
					[
						"3782.809512",
						"4.834361137e-17"
					],
					[
						"3787.568016",
						"7.058074087e-17"
					],
					[
						"3792.32652",
						"9.227382375e-17"
					],
					[
						"3797.085024",
						"7.176149818e-17"
					],
					[
						"3801.843528",
						"8.412997253e-17"
					],
					[
						"3806.602032",
						"1.026133895e-16"
					],
					[
						"3811.360536",
						"8.499432995e-17"
					],
					[
						"3816.11904",
						"8.896635199e-17"
					],
					[
						"3820.877543",
						"1.060854371e-16"
					],
					[
						"3825.636047",
						"1.061367223e-16"
					],
					[
						"3830.394551",
						"8.767444146e-17"
					],
					[
						"3835.153055",
						"8.434709752e-17"
					],
					[
						"3839.911559",
						"9.045672631e-17"
					],
					[
						"3844.670063",
						"9.305138676e-17"
					],
					[
						"3849.428567",
						"7.208486624e-17"
					],
					[
						"3854.187071",
						"8.197228183e-17"
					],
					[
						"3858.945575",
						"9.477155185e-17"
					],
					[
						"3863.704079",
						"9.261650813e-17"
					],
					[
						"3868.462583",
						"1.047812909e-16"
					],
					[
						"3873.221087",
						"1.084377402e-16"
					],
					[
						"3877.97959",
						"1.046990295e-16"
					],
					[
						"3882.738094",
						"1.253639732e-16"
					],
					[
						"3887.496598",
						"1.32891277e-16"
					],
					[
						"3892.255102",
						"1.183817085e-16"
					],
					[
						"3897.013606",
						"1.222424185e-16"
					],
					[
						"3901.77211",
						"1.232493422e-16"
					],
					[
						"3906.530614",
						"1.235798835e-16"
					],
					[
						"3911.289118",
						"1.333252888e-16"
					],
					[
						"3916.047622",
						"1.385081246e-16"
					],
					[
						"3920.806126",
						"1.496970724e-16"
					],
					[
						"3925.56463",
						"1.503569376e-16"
					],
					[
						"3930.323133",
						"1.512723155e-16"
					],
					[
						"3935.081637",
						"1.437271842e-16"
					],
					[
						"3939.840141",
						"1.63053088e-16"
					],
					[
						"3944.598645",
						"1.748986981e-16"
					],
					[
						"3949.357149",
						"1.793731497e-16"
					],
					[
						"3954.115653",
						"1.739464214e-16"
					],
					[
						"3958.874157",
						"1.561563075e-16"
					],
					[
						"3963.632661",
						"1.756297935e-16"
					],
					[
						"3968.391165",
						"1.832529709e-16"
					],
					[
						"3973.149669",
						"1.843114841e-16"
					],
					[
						"3977.908173",
						"2.112089492e-16"
					],
					[
						"3982.666677",
						"2.167303732e-16"
					],
					[
						"3987.42518",
						"2.040065883e-16"
					],
					[
						"3992.183684",
						"1.91522355e-16"
					],
					[
						"3996.942188",
						"1.893131872e-16"
					],
					[
						"4001.700692",
						"1.907908626e-16"
					],
					[
						"4006.459196",
						"1.980678948e-16"
					],
					[
						"4011.2177",
						"1.868375878e-16"
					],
					[
						"4015.976204",
						"1.848373063e-16"
					],
					[
						"4020.734708",
						"1.974815362e-16"
					],
					[
						"4025.493212",
						"1.851788591e-16"
					],
					[
						"4030.251716",
						"1.721800797e-16"
					],
					[
						"4035.01022",
						"1.6378417e-16"
					],
					[
						"4039.768723",
						"1.604157979e-16"
					],
					[
						"4044.527227",
						"1.696819281e-16"
					],
					[
						"4049.285731",
						"1.611544636e-16"
					],
					[
						"4054.044235",
						"1.555500833e-16"
					],
					[
						"4058.802739",
						"1.740127017e-16"
					],
					[
						"4063.561243",
						"1.848815108e-16"
					],
					[
						"4068.319747",
						"1.714566077e-16"
					],
					[
						"4073.078251",
						"1.767905992e-16"
					],
					[
						"4077.836755",
						"1.892679371e-16"
					],
					[
						"4082.595259",
						"1.773670316e-16"
					],
					[
						"4087.353763",
						"1.864437572e-16"
					],
					[
						"4092.112267",
						"1.971002655e-16"
					],
					[
						"4096.87077",
						"2.007842897e-16"
					],
					[
						"4101.629274",
						"1.947949859e-16"
					],
					[
						"4106.387778",
						"1.967659654e-16"
					],
					[
						"4111.146282",
						"2.209841329e-16"
					],
					[
						"4115.904786",
						"2.383940349e-16"
					],
					[
						"4120.66329",
						"2.109790591e-16"
					],
					[
						"4125.421794",
						"2.239875926e-16"
					],
					[
						"4130.180298",
						"2.448265884e-16"
					],
					[
						"4134.938802",
						"2.269501433e-16"
					],
					[
						"4139.697306",
						"2.293421643e-16"
					],
					[
						"4144.45581",
						"2.407844413e-16"
					],
					[
						"4149.214314",
						"2.580136208e-16"
					],
					[
						"4153.972817",
						"2.616265869e-16"
					],
					[
						"4158.731321",
						"2.420833133e-16"
					],
					[
						"4163.489825",
						"2.410909878e-16"
					],
					[
						"4168.248329",
						"2.507158232e-16"
					],
					[
						"4173.006833",
						"2.424995771e-16"
					],
					[
						"4177.765337",
						"2.363974194e-16"
					],
					[
						"4182.523841",
						"2.258220278e-16"
					],
					[
						"4187.282345",
						"2.220148132e-16"
					],
					[
						"4192.040849",
						"2.368474851e-16"
					],
					[
						"4196.799353",
						"2.355174051e-16"
					],
					[
						"4201.557857",
						"2.163416512e-16"
					],
					[
						"4206.31636",
						"2.238163861e-16"
					],
					[
						"4211.074864",
						"2.338471885e-16"
					],
					[
						"4215.833368",
						"2.317741548e-16"
					],
					[
						"4220.591872",
						"2.280859615e-16"
					],
					[
						"4225.350376",
						"2.353578453e-16"
					],
					[
						"4230.10888",
						"2.405994969e-16"
					],
					[
						"4234.867384",
						"2.395618021e-16"
					],
					[
						"4239.625888",
						"2.252810119e-16"
					],
					[
						"4244.384392",
						"2.164410452e-16"
					],
					[
						"4249.142896",
						"2.167317099e-16"
					],
					[
						"4253.9014",
						"2.164947524e-16"
					],
					[
						"4258.659904",
						"2.108472661e-16"
					],
					[
						"4263.418407",
						"2.091314421e-16"
					],
					[
						"4268.176911",
						"2.112188753e-16"
					],
					[
						"4272.935415",
						"2.177983626e-16"
					],
					[
						"4277.693919",
						"2.11080809e-16"
					],
					[
						"4282.452423",
						"1.968302208e-16"
					],
					[
						"4287.210927",
						"1.911863476e-16"
					],
					[
						"4291.969431",
						"1.959849613e-16"
					],
					[
						"4296.727935",
						"2.039859154e-16"
					],
					[
						"4301.486439",
						"2.109196874e-16"
					],
					[
						"4306.244943",
						"2.097292223e-16"
					],
					[
						"4311.003447",
						"2.007984378e-16"
					],
					[
						"4315.76195",
						"2.007976172e-16"
					],
					[
						"4320.520454",
						"2.050092768e-16"
					],
					[
						"4325.278958",
						"2.116266688e-16"
					],
					[
						"4330.037462",
						"2.031225374e-16"
					],
					[
						"4334.795966",
						"1.936071413e-16"
					],
					[
						"4339.55447",
						"1.818553665e-16"
					],
					[
						"4344.312974",
						"1.940089261e-16"
					],
					[
						"4349.071478",
						"2.008848219e-16"
					],
					[
						"4353.829982",
						"1.644415867e-16"
					],
					[
						"4358.588486",
						"1.376783631e-16"
					],
					[
						"4363.34699",
						"1.679803713e-16"
					],
					[
						"4368.105494",
						"1.782317198e-16"
					],
					[
						"4372.863997",
						"1.739460905e-16"
					],
					[
						"4377.622501",
						"1.752655428e-16"
					],
					[
						"4382.381005",
						"1.651758055e-16"
					],
					[
						"4387.139509",
						"1.686659783e-16"
					],
					[
						"4391.898013",
						"1.838490438e-16"
					],
					[
						"4396.656517",
						"1.90433375e-16"
					],
					[
						"4401.415021",
						"1.89175015e-16"
					],
					[
						"4406.173525",
						"1.862030807e-16"
					],
					[
						"4410.932029",
						"1.910566192e-16"
					],
					[
						"4415.690533",
						"1.940802225e-16"
					],
					[
						"4420.449037",
						"1.974397536e-16"
					],
					[
						"4425.207541",
						"1.926910222e-16"
					],
					[
						"4429.966044",
						"1.934443257e-16"
					],
					[
						"4434.724548",
						"2.106064308e-16"
					],
					[
						"4439.483052",
						"2.130057311e-16"
					],
					[
						"4444.241556",
						"2.008601389e-16"
					],
					[
						"4449.00006",
						"2.101407877e-16"
					],
					[
						"4453.758564",
						"2.061932568e-16"
					],
					[
						"4458.517068",
						"2.088306527e-16"
					],
					[
						"4463.275572",
						"9.132165283e-17"
					],
					[
						"4468.034076",
						"7.218250664e-16"
					],
					[
						"4472.79258",
						"9.768887097e-16"
					],
					[
						"4477.551084",
						"2.576711548e-16"
					],
					[
						"4482.309587",
						"1.114676036e-16"
					],
					[
						"4487.068091",
						"2.373434493e-16"
					],
					[
						"4491.826595",
						"2.057056702e-16"
					],
					[
						"4496.585099",
						"2.095846973e-16"
					],
					[
						"4501.343603",
						"2.111936629e-16"
					],
					[
						"4506.102107",
						"2.242577432e-16"
					],
					[
						"4510.860611",
						"2.349633397e-16"
					],
					[
						"4515.619115",
						"2.210476207e-16"
					],
					[
						"4520.377619",
						"2.309201867e-16"
					],
					[
						"4525.136123",
						"2.329003909e-16"
					],
					[
						"4529.894627",
						"2.406939676e-16"
					],
					[
						"4534.653131",
						"2.271006769e-16"
					],
					[
						"4539.411634",
						"1.374663137e-16"
					],
					[
						"4544.170138",
						"1.114213741e-16"
					],
					[
						"4548.928642",
						"1.656334282e-16"
					],
					[
						"4553.687146",
						"2.380145641e-16"
					],
					[
						"4558.44565",
						"2.583921916e-16"
					],
					[
						"4563.204154",
						"2.459533275e-16"
					],
					[
						"4567.962658",
						"2.368616464e-16"
					],
					[
						"4572.721162",
						"2.481832211e-16"
					],
					[
						"4577.479666",
						"2.474248619e-16"
					],
					[
						"4582.23817",
						"2.373369378e-16"
					],
					[
						"4586.996674",
						"2.424057153e-16"
					],
					[
						"4591.755177",
						"2.426032063e-16"
					],
					[
						"4596.513681",
						"2.437669237e-16"
					],
					[
						"4601.272185",
						"2.406148759e-16"
					],
					[
						"4606.030689",
						"2.404983029e-16"
					],
					[
						"4610.789193",
						"2.414935137e-16"
					],
					[
						"4615.547697",
						"2.467326772e-16"
					],
					[
						"4620.306201",
						"2.474428878e-16"
					],
					[
						"4625.064705",
						"2.383136726e-16"
					],
					[
						"4629.823209",
						"2.388242482e-16"
					],
					[
						"4634.581713",
						"2.503779894e-16"
					],
					[
						"4639.340217",
						"2.586587423e-16"
					],
					[
						"4644.098721",
						"2.472131302e-16"
					],
					[
						"4648.857224",
						"2.478440638e-16"
					],
					[
						"4653.615728",
						"2.664095173e-16"
					],
					[
						"4658.374232",
						"2.616045111e-16"
					],
					[
						"4663.132736",
						"2.545387475e-16"
					],
					[
						"4667.89124",
						"2.57555773e-16"
					],
					[
						"4672.649744",
						"2.543351685e-16"
					],
					[
						"4677.408248",
						"2.659537606e-16"
					],
					[
						"4682.166752",
						"2.601859956e-16"
					],
					[
						"4686.925256",
						"2.451430081e-16"
					],
					[
						"4691.68376",
						"2.517878492e-16"
					],
					[
						"4696.442264",
						"2.527697986e-16"
					],
					[
						"4701.200768",
						"2.516747703e-16"
					],
					[
						"4705.959271",
						"2.458066055e-16"
					],
					[
						"4710.717775",
						"2.322537077e-16"
					],
					[
						"4715.476279",
						"2.297450873e-16"
					],
					[
						"4720.234783",
						"2.354004616e-16"
					],
					[
						"4724.993287",
						"2.342478086e-16"
					],
					[
						"4729.751791",
						"2.302379017e-16"
					],
					[
						"4734.510295",
						"2.326307168e-16"
					],
					[
						"4739.268799",
						"2.321859186e-16"
					],
					[
						"4744.027303",
						"2.325060706e-16"
					],
					[
						"4748.785807",
						"2.303584451e-16"
					],
					[
						"4753.544311",
						"2.299572161e-16"
					],
					[
						"4758.302814",
						"2.432193433e-16"
					],
					[
						"4763.061318",
						"2.407309723e-16"
					],
					[
						"4767.819822",
						"2.402797684e-16"
					],
					[
						"4772.578326",
						"2.441753524e-16"
					],
					[
						"4777.33683",
						"2.298880241e-16"
					],
					[
						"4782.095334",
						"2.419581642e-16"
					],
					[
						"4786.853838",
						"2.499524082e-16"
					],
					[
						"4791.612342",
						"2.330500511e-16"
					],
					[
						"4796.370846",
						"2.233969989e-16"
					],
					[
						"4801.12935",
						"2.275309432e-16"
					],
					[
						"4805.887854",
						"2.272669601e-16"
					],
					[
						"4810.646358",
						"2.163614903e-16"
					],
					[
						"4815.404861",
						"2.214390293e-16"
					],
					[
						"4820.163365",
						"2.28458656e-16"
					],
					[
						"4824.921869",
						"2.26180455e-16"
					],
					[
						"4829.680373",
						"2.270148884e-16"
					],
					[
						"4834.438877",
						"2.380311871e-16"
					],
					[
						"4839.197381",
						"2.350157234e-16"
					],
					[
						"4843.955885",
						"2.343257621e-16"
					],
					[
						"4848.714389",
						"2.416030986e-16"
					],
					[
						"4853.472893",
						"2.438132458e-16"
					],
					[
						"4858.231397",
						"2.295504021e-16"
					],
					[
						"4862.989901",
						"2.283262277e-16"
					],
					[
						"4867.748405",
						"2.348318908e-16"
					],
					[
						"4872.506908",
						"2.31847979e-16"
					],
					[
						"4877.265412",
						"2.261543294e-16"
					],
					[
						"4882.023916",
						"2.208437504e-16"
					],
					[
						"4886.78242",
						"2.200723946e-16"
					],
					[
						"4891.540924",
						"2.08012313e-16"
					],
					[
						"4896.299428",
						"1.968980628e-16"
					],
					[
						"4901.057932",
						"1.947388964e-16"
					],
					[
						"4905.816436",
						"1.992957352e-16"
					],
					[
						"4910.57494",
						"1.932317337e-16"
					],
					[
						"4915.333444",
						"1.883048209e-16"
					],
					[
						"4920.091948",
						"1.853040479e-16"
					],
					[
						"4924.850451",
						"1.713145179e-16"
					],
					[
						"4929.608955",
						"1.633418733e-16"
					],
					[
						"4934.367459",
						"1.638287981e-16"
					],
					[
						"4939.125963",
						"1.733953205e-16"
					],
					[
						"4943.884467",
						"1.833724952e-16"
					],
					[
						"4948.642971",
						"1.836134893e-16"
					],
					[
						"4953.401475",
						"1.819027474e-16"
					],
					[
						"4958.159979",
						"1.791914082e-16"
					],
					[
						"4962.918483",
						"1.82233077e-16"
					],
					[
						"4967.676987",
						"1.896378655e-16"
					],
					[
						"4972.435491",
						"1.959990432e-16"
					],
					[
						"4977.193995",
						"1.953000558e-16"
					],
					[
						"4981.952498",
						"1.892256384e-16"
					],
					[
						"4986.711002",
						"1.998046035e-16"
					],
					[
						"4991.469506",
						"2.081131761e-16"
					],
					[
						"4996.22801",
						"2.065957563e-16"
					],
					[
						"5000.986514",
						"2.079092e-16"
					],
					[
						"5005.745018",
						"2.063530416e-16"
					],
					[
						"5010.503522",
						"2.0244998e-16"
					],
					[
						"5015.262026",
						"2.055150878e-16"
					],
					[
						"5020.02053",
						"2.115219146e-16"
					],
					[
						"5024.779034",
						"2.119555293e-16"
					],
					[
						"5029.537538",
						"2.159327196e-16"
					],
					[
						"5034.296041",
						"2.177113564e-16"
					],
					[
						"5039.054545",
						"2.098475555e-16"
					],
					[
						"5043.813049",
						"2.102576782e-16"
					],
					[
						"5048.571553",
						"2.115036505e-16"
					],
					[
						"5053.330057",
						"2.129152971e-16"
					],
					[
						"5058.088561",
						"2.185596732e-16"
					],
					[
						"5062.847065",
						"2.233108927e-16"
					],
					[
						"5067.605569",
						"2.247408167e-16"
					],
					[
						"5072.364073",
						"2.203040713e-16"
					],
					[
						"5077.122577",
						"2.22529743e-16"
					],
					[
						"5081.881081",
						"2.221205997e-16"
					],
					[
						"5086.639585",
						"2.203457877e-16"
					],
					[
						"5091.398088",
						"2.203059772e-16"
					],
					[
						"5096.156592",
						"2.219045533e-16"
					],
					[
						"5100.915096",
						"2.224415987e-16"
					],
					[
						"5105.6736",
						"2.246384316e-16"
					],
					[
						"5110.432104",
						"2.365599703e-16"
					],
					[
						"5115.190608",
						"2.455393666e-16"
					],
					[
						"5119.949112",
						"2.385099725e-16"
					],
					[
						"5124.707616",
						"2.367797489e-16"
					],
					[
						"5129.46612",
						"2.45725158e-16"
					],
					[
						"5134.224624",
						"2.430379459e-16"
					],
					[
						"5138.983128",
						"2.506075882e-16"
					],
					[
						"5143.741632",
						"2.688573101e-16"
					],
					[
						"5148.500135",
						"2.645852995e-16"
					],
					[
						"5153.258639",
						"2.590865998e-16"
					],
					[
						"5158.017143",
						"2.620897022e-16"
					],
					[
						"5162.775647",
						"2.657599224e-16"
					],
					[
						"5167.534151",
						"2.656930333e-16"
					],
					[
						"5172.292655",
						"2.692409102e-16"
					],
					[
						"5177.051159",
						"2.716471455e-16"
					],
					[
						"5181.809663",
						"2.615806883e-16"
					],
					[
						"5186.568167",
						"2.533820711e-16"
					],
					[
						"5191.326671",
						"2.562050202e-16"
					],
					[
						"5196.085175",
						"2.586438133e-16"
					],
					[
						"5200.843678",
						"2.563002055e-16"
					],
					[
						"5205.602182",
						"2.507385872e-16"
					],
					[
						"5210.360686",
						"2.576267914e-16"
					],
					[
						"5215.11919",
						"2.629811779e-16"
					],
					[
						"5219.877694",
						"2.560582452e-16"
					],
					[
						"5224.636198",
						"2.527674958e-16"
					],
					[
						"5229.394702",
						"2.563184432e-16"
					],
					[
						"5234.153206",
						"2.645407508e-16"
					],
					[
						"5238.91171",
						"2.648653233e-16"
					],
					[
						"5243.670214",
						"2.657389583e-16"
					],
					[
						"5248.428718",
						"2.64482332e-16"
					],
					[
						"5253.187222",
						"2.625016249e-16"
					],
					[
						"5257.945725",
						"2.686258054e-16"
					],
					[
						"5262.704229",
						"2.714292727e-16"
					],
					[
						"5267.462733",
						"2.766998294e-16"
					],
					[
						"5272.221237",
						"2.73198804e-16"
					],
					[
						"5276.979741",
						"2.751200864e-16"
					],
					[
						"5281.738245",
						"2.790099794e-16"
					],
					[
						"5286.496749",
						"2.667756472e-16"
					],
					[
						"5291.255253",
						"2.608619808e-16"
					],
					[
						"5296.013757",
						"2.51850662e-16"
					],
					[
						"5300.772261",
						"2.471193742e-16"
					],
					[
						"5305.530765",
						"2.441764112e-16"
					],
					[
						"5310.289268",
						"2.440997547e-16"
					],
					[
						"5315.047772",
						"2.298253437e-16"
					],
					[
						"5319.806276",
						"2.271130119e-16"
					],
					[
						"5324.56478",
						"2.303061408e-16"
					],
					[
						"5329.323284",
						"2.206380405e-16"
					],
					[
						"5334.081788",
						"2.207952975e-16"
					],
					[
						"5338.840292",
						"2.252609478e-16"
					],
					[
						"5343.598796",
						"2.224419693e-16"
					],
					[
						"5348.3573",
						"2.216714472e-16"
					],
					[
						"5353.115804",
						"2.240073391e-16"
					],
					[
						"5357.874308",
						"2.218427067e-16"
					],
					[
						"5362.632812",
						"2.285777965e-16"
					],
					[
						"5367.391315",
						"2.277281166e-16"
					],
					[
						"5372.149819",
						"2.225215904e-16"
					],
					[
						"5376.908323",
						"2.240734077e-16"
					],
					[
						"5381.666827",
						"2.203236854e-16"
					],
					[
						"5386.425331",
						"2.195471283e-16"
					],
					[
						"5391.183835",
						"2.302992322e-16"
					],
					[
						"5395.942339",
						"2.347245823e-16"
					],
					[
						"5400.700843",
						"2.36692981e-16"
					],
					[
						"5405.459347",
						"2.476359055e-16"
					],
					[
						"5410.217851",
						"2.467462562e-16"
					],
					[
						"5414.976355",
						"2.445587142e-16"
					],
					[
						"5419.734859",
						"2.466638028e-16"
					],
					[
						"5424.493362",
						"2.45992741e-16"
					],
					[
						"5429.251866",
						"2.4469596e-16"
					],
					[
						"5434.01037",
						"2.44340365e-16"
					],
					[
						"5438.768874",
						"2.49830462e-16"
					],
					[
						"5443.527378",
						"2.48198203e-16"
					],
					[
						"5448.285882",
						"2.475819865e-16"
					],
					[
						"5453.044386",
						"2.457792887e-16"
					],
					[
						"5457.80289",
						"2.359858143e-16"
					],
					[
						"5462.561394",
						"2.310093105e-16"
					],
					[
						"5467.319898",
						"2.434585772e-16"
					],
					[
						"5472.078402",
						"2.469462618e-16"
					],
					[
						"5476.836905",
						"2.381773003e-16"
					],
					[
						"5481.595409",
						"2.338886666e-16"
					],
					[
						"5486.353913",
						"2.341117275e-16"
					],
					[
						"5491.112417",
						"2.33956641e-16"
					],
					[
						"5495.870921",
						"2.177394144e-16"
					],
					[
						"5500.629425",
						"2.179063328e-16"
					],
					[
						"5505.387929",
						"2.217822894e-16"
					],
					[
						"5510.146433",
						"2.219520004e-16"
					],
					[
						"5514.904937",
						"2.198146583e-16"
					],
					[
						"5519.663441",
						"2.076173707e-16"
					],
					[
						"5524.421945",
						"2.123326707e-16"
					],
					[
						"5529.180449",
						"2.175791663e-16"
					],
					[
						"5533.938952",
						"2.097317105e-16"
					],
					[
						"5538.697456",
						"2.153306512e-16"
					],
					[
						"5543.45596",
						"2.263548644e-16"
					],
					[
						"5548.214464",
						"2.285424329e-16"
					],
					[
						"5552.972968",
						"2.312813933e-16"
					],
					[
						"5557.731472",
						"2.398272411e-16"
					],
					[
						"5562.489976",
						"2.447976569e-16"
					],
					[
						"5567.24848",
						"2.670694883e-16"
					],
					[
						"5572.006984",
						"2.74672906e-16"
					],
					[
						"5576.765488",
						"2.45821508e-16"
					],
					[
						"5581.523992",
						"2.476670604e-16"
					],
					[
						"5586.282495",
						"2.757101772e-16"
					],
					[
						"5591.040999",
						"2.756208153e-16"
					],
					[
						"5595.799503",
						"2.699901638e-16"
					],
					[
						"5600.558007",
						"2.70581631e-16"
					],
					[
						"5605.316511",
						"2.725761024e-16"
					],
					[
						"5610.075015",
						"2.75620577e-16"
					],
					[
						"5614.833519",
						"2.672419918e-16"
					],
					[
						"5619.592023",
						"2.632052181e-16"
					],
					[
						"5624.350527",
						"2.663103085e-16"
					],
					[
						"5629.109031",
						"2.734766837e-16"
					],
					[
						"5633.867535",
						"2.730575612e-16"
					],
					[
						"5638.626039",
						"2.747608121e-16"
					],
					[
						"5643.384542",
						"2.770261488e-16"
					],
					[
						"5648.143046",
						"2.761937536e-16"
					],
					[
						"5652.90155",
						"2.739074794e-16"
					],
					[
						"5657.660054",
						"2.812691751e-16"
					],
					[
						"5662.418558",
						"2.764488164e-16"
					],
					[
						"5667.177062",
						"2.817974589e-16"
					],
					[
						"5671.935566",
						"2.859299474e-16"
					],
					[
						"5676.69407",
						"2.858560967e-16"
					],
					[
						"5681.452574",
						"2.787089915e-16"
					],
					[
						"5686.211078",
						"2.87199438e-16"
					],
					[
						"5690.969582",
						"2.804940076e-16"
					],
					[
						"5695.728086",
						"2.896080556e-16"
					],
					[
						"5700.486589",
						"3.004304103e-16"
					],
					[
						"5705.245093",
						"2.912188476e-16"
					],
					[
						"5710.003597",
						"2.862985126e-16"
					],
					[
						"5714.762101",
						"2.974389811e-16"
					],
					[
						"5719.520605",
						"2.979876996e-16"
					],
					[
						"5724.279109",
						"2.894972796e-16"
					],
					[
						"5729.037613",
						"2.867200968e-16"
					],
					[
						"5733.796117",
						"2.892368699e-16"
					],
					[
						"5738.554621",
						"2.918777333e-16"
					],
					[
						"5743.313125",
						"2.948257256e-16"
					],
					[
						"5748.071629",
						"2.997866653e-16"
					],
					[
						"5752.830132",
						"3.007277718e-16"
					],
					[
						"5757.588636",
						"2.964984834e-16"
					],
					[
						"5762.34714",
						"2.900788736e-16"
					],
					[
						"5767.105644",
						"2.871890354e-16"
					],
					[
						"5771.864148",
						"2.825279719e-16"
					],
					[
						"5776.622652",
						"2.793016234e-16"
					],
					[
						"5781.381156",
						"2.828928578e-16"
					],
					[
						"5786.13966",
						"2.890719367e-16"
					],
					[
						"5790.898164",
						"2.757111302e-16"
					],
					[
						"5795.656668",
						"2.629439614e-16"
					],
					[
						"5800.415172",
						"2.662722185e-16"
					],
					[
						"5805.173676",
						"2.748350599e-16"
					],
					[
						"5809.932179",
						"2.707864541e-16"
					],
					[
						"5814.690683",
						"2.598671936e-16"
					],
					[
						"5819.449187",
						"2.512806353e-16"
					],
					[
						"5824.207691",
						"2.548632935e-16"
					],
					[
						"5828.966195",
						"2.506035648e-16"
					],
					[
						"5833.724699",
						"2.510219726e-16"
					],
					[
						"5838.483203",
						"2.513625858e-16"
					],
					[
						"5843.241707",
						"2.508355724e-16"
					],
					[
						"5848.000211",
						"2.592402039e-16"
					],
					[
						"5852.758715",
						"2.601723107e-16"
					],
					[
						"5857.517219",
						"2.556077561e-16"
					],
					[
						"5862.275723",
						"2.553141003e-16"
					],
					[
						"5867.034226",
						"2.556729511e-16"
					],
					[
						"5871.79273",
						"2.602292472e-16"
					],
					[
						"5876.551234",
						"2.5711476e-16"
					],
					[
						"5881.309738",
						"2.431835827e-16"
					],
					[
						"5886.068242",
						"2.326310874e-16"
					],
					[
						"5890.826746",
						"2.30436478e-16"
					],
					[
						"5895.58525",
						"2.471161714e-16"
					],
					[
						"5900.343754",
						"2.482586335e-16"
					],
					[
						"5905.102258",
						"2.602531494e-16"
					],
					[
						"5909.860762",
						"2.593854436e-16"
					],
					[
						"5914.619266",
						"2.650137658e-16"
					],
					[
						"5919.377769",
						"2.678514585e-16"
					],
					[
						"5924.136273",
						"2.765452459e-16"
					],
					[
						"5928.894777",
						"2.770871616e-16"
					],
					[
						"5933.653281",
						"2.693965525e-16"
					],
					[
						"5938.411785",
						"2.640291959e-16"
					],
					[
						"5943.170289",
						"2.696826643e-16"
					],
					[
						"5947.928793",
						"2.80831709e-16"
					],
					[
						"5952.687297",
						"2.799241132e-16"
					],
					[
						"5957.445801",
						"2.734043683e-16"
					],
					[
						"5962.204305",
						"2.802968871e-16"
					],
					[
						"5966.962809",
						"2.793573423e-16"
					],
					[
						"5971.721313",
						"2.773519124e-16"
					],
					[
						"5976.479816",
						"2.891047857e-16"
					],
					[
						"5981.23832",
						"2.965971627e-16"
					],
					[
						"5985.996824",
						"2.891932477e-16"
					],
					[
						"5990.755328",
						"2.79422855e-16"
					],
					[
						"5995.513832",
						"2.847492364e-16"
					],
					[
						"6000.272336",
						"2.865328231e-16"
					],
					[
						"6005.03084",
						"2.870232022e-16"
					],
					[
						"6009.789344",
						"2.878821466e-16"
					],
					[
						"6014.547848",
						"2.889795307e-16"
					],
					[
						"6019.306352",
						"2.923244638e-16"
					],
					[
						"6024.064856",
						"3.035144043e-16"
					],
					[
						"6028.823359",
						"3.05090415e-16"
					],
					[
						"6033.581863",
						"3.060724438e-16"
					],
					[
						"6038.340367",
						"3.018804248e-16"
					],
					[
						"6043.098871",
						"2.963492203e-16"
					],
					[
						"6047.857375",
						"3.026217639e-16"
					],
					[
						"6052.615879",
						"2.987337504e-16"
					],
					[
						"6057.374383",
						"2.988769519e-16"
					],
					[
						"6062.132887",
						"3.025622599e-16"
					],
					[
						"6066.891391",
						"3.025455574e-16"
					],
					[
						"6071.649895",
						"2.98984975e-16"
					],
					[
						"6076.408399",
						"2.938556347e-16"
					],
					[
						"6081.166903",
						"3.014225241e-16"
					],
					[
						"6085.925406",
						"3.018113916e-16"
					],
					[
						"6090.68391",
						"2.861701077e-16"
					],
					[
						"6095.442414",
						"2.783677166e-16"
					],
					[
						"6100.200918",
						"2.748111576e-16"
					],
					[
						"6104.959422",
						"2.753147717e-16"
					],
					[
						"6109.717926",
						"2.691239137e-16"
					],
					[
						"6114.47643",
						"2.683971595e-16"
					],
					[
						"6119.234934",
						"2.595841787e-16"
					],
					[
						"6123.993438",
						"2.558635071e-16"
					],
					[
						"6128.751942",
						"2.59072359e-16"
					],
					[
						"6133.510446",
						"2.576604345e-16"
					],
					[
						"6138.26895",
						"2.503909596e-16"
					],
					[
						"6143.027453",
						"2.396582845e-16"
					],
					[
						"6147.785957",
						"2.455158614e-16"
					],
					[
						"6152.544461",
						"2.359173899e-16"
					],
					[
						"6157.302965",
						"2.136240916e-16"
					],
					[
						"6162.061469",
						"2.016496794e-16"
					],
					[
						"6166.819973",
						"1.955699549e-16"
					],
					[
						"6171.578477",
						"1.886775949e-16"
					],
					[
						"6176.336981",
						"1.790834644e-16"
					],
					[
						"6181.095485",
						"1.748663256e-16"
					],
					[
						"6185.853989",
						"1.713344894e-16"
					],
					[
						"6190.612493",
						"1.591932515e-16"
					],
					[
						"6195.370996",
						"1.507990755e-16"
					],
					[
						"6200.1295",
						"1.51679209e-16"
					],
					[
						"6204.888004",
						"1.597330761e-16"
					],
					[
						"6209.646508",
						"1.604810062e-16"
					],
					[
						"6214.405012",
						"1.632570508e-16"
					],
					[
						"6219.163516",
						"1.554014026e-16"
					],
					[
						"6223.92202",
						"1.51745529e-16"
					],
					[
						"6228.680524",
						"1.60056656e-16"
					],
					[
						"6233.439028",
						"1.689163691e-16"
					],
					[
						"6238.197532",
						"1.66511047e-16"
					],
					[
						"6242.956036",
						"1.68881879e-16"
					],
					[
						"6247.71454",
						"1.740792732e-16"
					],
					[
						"6252.473043",
						"1.855764484e-16"
					],
					[
						"6257.231547",
						"1.91365098e-16"
					],
					[
						"6261.990051",
						"1.895715322e-16"
					],
					[
						"6266.748555",
						"1.892597844e-16"
					],
					[
						"6271.507059",
						"1.884290039e-16"
					],
					[
						"6276.265563",
						"1.953132907e-16"
					],
					[
						"6281.024067",
						"2.092406299e-16"
					],
					[
						"6285.782571",
						"2.156555545e-16"
					],
					[
						"6290.541075",
						"2.167347539e-16"
					],
					[
						"6295.299579",
						"2.195524619e-16"
					],
					[
						"6300.058083",
						"2.265001041e-16"
					],
					[
						"6304.816586",
						"2.348093385e-16"
					],
					[
						"6309.57509",
						"2.431400928e-16"
					],
					[
						"6314.333594",
						"2.510388868e-16"
					],
					[
						"6319.092098",
						"2.522367502e-16"
					],
					[
						"6323.850602",
						"2.539962494e-16"
					],
					[
						"6328.609106",
						"2.586709184e-16"
					],
					[
						"6333.36761",
						"2.621628382e-16"
					],
					[
						"6338.126114",
						"2.653325943e-16"
					],
					[
						"6342.884618",
						"2.703467117e-16"
					],
					[
						"6347.643122",
						"2.765266376e-16"
					],
					[
						"6352.401626",
						"2.808156154e-16"
					],
					[
						"6357.16013",
						"2.846340134e-16"
					],
					[
						"6361.918633",
						"2.877168957e-16"
					],
					[
						"6366.677137",
						"2.91393257e-16"
					],
					[
						"6371.435641",
						"2.989991364e-16"
					],
					[
						"6376.194145",
						"3.00465668e-16"
					],
					[
						"6380.952649",
						"2.958024076e-16"
					],
					[
						"6385.711153",
						"2.925107581e-16"
					],
					[
						"6390.469657",
						"2.848536332e-16"
					],
					[
						"6395.228161",
						"2.912638462e-16"
					],
					[
						"6399.986665",
						"2.928885348e-16"
					],
					[
						"6404.745169",
						"2.899893793e-16"
					],
					[
						"6409.503673",
						"2.874531244e-16"
					],
					[
						"6414.262177",
						"2.792050617e-16"
					],
					[
						"6419.02068",
						"2.763924093e-16"
					],
					[
						"6423.779184",
						"2.790770803e-16"
					],
					[
						"6428.537688",
						"2.828197483e-16"
					],
					[
						"6433.296192",
						"2.85659638e-16"
					],
					[
						"6438.054696",
						"2.850642268e-16"
					],
					[
						"6442.8132",
						"2.863974566e-16"
					],
					[
						"6447.571704",
						"2.914118387e-16"
					],
					[
						"6452.330208",
						"2.970280378e-16"
					],
					[
						"6457.088712",
						"3.005864761e-16"
					],
					[
						"6461.847216",
						"2.923328283e-16"
					],
					[
						"6466.60572",
						"2.82049213e-16"
					],
					[
						"6471.364223",
						"2.858875428e-16"
					],
					[
						"6476.122727",
						"2.845473779e-16"
					],
					[
						"6480.881231",
						"2.898714564e-16"
					],
					[
						"6485.639735",
						"2.974536453e-16"
					],
					[
						"6490.398239",
						"3.030196312e-16"
					],
					[
						"6495.156743",
						"2.98248427e-16"
					],
					[
						"6499.915247",
						"2.85508125e-16"
					],
					[
						"6504.673751",
						"2.872452572e-16"
					],
					[
						"6509.432255",
						"2.84254675e-16"
					],
					[
						"6514.190759",
						"2.779656142e-16"
					],
					[
						"6518.949263",
						"2.840618427e-16"
					],
					[
						"6523.707767",
						"2.906158925e-16"
					],
					[
						"6528.46627",
						"2.929930375e-16"
					],
					[
						"6533.224774",
						"2.965306706e-16"
					],
					[
						"6537.983278",
						"2.962988218e-16"
					],
					[
						"6542.741782",
						"2.857077071e-16"
					],
					[
						"6547.500286",
						"2.778972957e-16"
					],
					[
						"6552.25879",
						"2.916368054e-16"
					],
					[
						"6557.017294",
						"2.949548982e-16"
					],
					[
						"6561.775798",
						"2.859726696e-16"
					],
					[
						"6566.534302",
						"2.881371829e-16"
					],
					[
						"6571.292806",
						"2.891016623e-16"
					],
					[
						"6576.05131",
						"2.853076693e-16"
					],
					[
						"6580.809813",
						"2.859925749e-16"
					],
					[
						"6585.568317",
						"2.857837813e-16"
					],
					[
						"6590.326821",
						"2.831321182e-16"
					],
					[
						"6595.085325",
						"2.864377966e-16"
					],
					[
						"6599.843829",
						"2.936547555e-16"
					],
					[
						"6604.602333",
						"2.918400139e-16"
					],
					[
						"6609.360837",
						"2.866766599e-16"
					],
					[
						"6614.119341",
						"2.856947105e-16"
					],
					[
						"6618.877845",
						"2.869580072e-16"
					],
					[
						"6623.636349",
						"2.94389636e-16"
					],
					[
						"6628.394853",
						"2.965490142e-16"
					],
					[
						"6633.153357",
						"2.903137399e-16"
					],
					[
						"6637.91186",
						"2.784579521e-16"
					],
					[
						"6642.670364",
						"2.759922657e-16"
					],
					[
						"6647.428868",
						"2.819146142e-16"
					],
					[
						"6652.187372",
						"2.853702174e-16"
					],
					[
						"6656.945876",
						"2.85260209e-16"
					],
					[
						"6661.70438",
						"2.836544993e-16"
					],
					[
						"6666.462884",
						"2.840816686e-16"
					],
					[
						"6671.221388",
						"2.793002735e-16"
					],
					[
						"6675.979892",
						"2.72071906e-16"
					],
					[
						"6680.738396",
						"2.767516307e-16"
					],
					[
						"6685.4969",
						"2.844030646e-16"
					],
					[
						"6690.255404",
						"2.851677501e-16"
					],
					[
						"6695.013907",
						"2.821557803e-16"
					],
					[
						"6699.772411",
						"2.737976563e-16"
					],
					[
						"6704.530915",
						"2.683703191e-16"
					],
					[
						"6709.289419",
						"2.707255472e-16"
					],
					[
						"6714.047923",
						"2.79616005e-16"
					],
					[
						"6718.806427",
						"2.784941098e-16"
					],
					[
						"6723.564931",
						"2.769702446e-16"
					],
					[
						"6728.323435",
						"2.788264379e-16"
					],
					[
						"6733.081939",
						"2.762421404e-16"
					],
					[
						"6737.840443",
						"2.788436168e-16"
					],
					[
						"6742.598947",
						"2.788519548e-16"
					],
					[
						"6747.35745",
						"2.780970367e-16"
					],
					[
						"6752.115954",
						"2.773571005e-16"
					],
					[
						"6756.874458",
						"2.761113532e-16"
					],
					[
						"6761.632962",
						"2.780924574e-16"
					],
					[
						"6766.391466",
						"2.770703269e-16"
					],
					[
						"6771.14997",
						"2.72509478e-16"
					],
					[
						"6775.908474",
						"2.724637117e-16"
					],
					[
						"6780.666978",
						"2.736652015e-16"
					],
					[
						"6785.425482",
						"2.690845797e-16"
					],
					[
						"6790.183986",
						"2.652667904e-16"
					],
					[
						"6794.94249",
						"2.71245493e-16"
					],
					[
						"6799.700994",
						"2.765118145e-16"
					],
					[
						"6804.459497",
						"2.706796221e-16"
					],
					[
						"6809.218001",
						"2.674912048e-16"
					],
					[
						"6813.976505",
						"2.613348105e-16"
					],
					[
						"6818.735009",
						"2.646714851e-16"
					],
					[
						"6823.493513",
						"2.672603618e-16"
					],
					[
						"6828.252017",
						"2.620399125e-16"
					],
					[
						"6833.010521",
						"2.606222705e-16"
					],
					[
						"6837.769025",
						"2.600745314e-16"
					],
					[
						"6842.527529",
						"2.569047488e-16"
					],
					[
						"6847.286033",
						"2.600879516e-16"
					],
					[
						"6852.044537",
						"2.639068261e-16"
					],
					[
						"6856.803041",
						"2.494276449e-16"
					],
					[
						"6861.561544",
						"2.26979763e-16"
					],
					[
						"6866.320048",
						"2.051353127e-16"
					],
					[
						"6871.078552",
						"2.067242009e-16"
					],
					[
						"6875.837056",
						"2.151305529e-16"
					],
					[
						"6880.59556",
						"2.216585167e-16"
					],
					[
						"6885.354064",
						"2.158560763e-16"
					],
					[
						"6890.112568",
						"2.199785592e-16"
					],
					[
						"6894.871072",
						"2.246210674e-16"
					],
					[
						"6899.629576",
						"2.266955305e-16"
					],
					[
						"6904.38808",
						"2.359680796e-16"
					],
					[
						"6909.146584",
						"2.38331778e-16"
					],
					[
						"6913.905087",
						"2.346273058e-16"
					],
					[
						"6918.663591",
						"2.335978961e-16"
					],
					[
						"6923.422095",
						"2.30882282e-16"
					],
					[
						"6928.180599",
						"2.384095726e-16"
					],
					[
						"6932.939103",
						"2.281468685e-16"
					],
					[
						"6937.697607",
						"1.282365663e-16"
					],
					[
						"6942.456111",
						"3.291682199e-17"
					],
					[
						"6947.214615",
						"1.628956589e-16"
					],
					[
						"6951.973119",
						"2.391623996e-16"
					],
					[
						"6956.731623",
						"2.40162322e-16"
					],
					[
						"6961.490127",
						"2.432007351e-16"
					],
					[
						"6966.248631",
						"2.425273174e-16"
					],
					[
						"6971.007134",
						"2.444587643e-16"
					],
					[
						"6975.765638",
						"2.435928584e-16"
					],
					[
						"6980.524142",
						"2.39957393e-16"
					],
					[
						"6985.282646",
						"2.365061837e-16"
					],
					[
						"6990.04115",
						"2.322961653e-16"
					],
					[
						"6994.799654",
						"2.364430798e-16"
					],
					[
						"6999.558158",
						"2.384220664e-16"
					],
					[
						"7004.316662",
						"2.362082928e-16"
					],
					[
						"7009.075166",
						"2.366506028e-16"
					],
					[
						"7013.83367",
						"2.336607354e-16"
					],
					[
						"7018.592174",
						"2.304840442e-16"
					],
					[
						"7023.350677",
						"2.347062652e-16"
					],
					[
						"7028.109181",
						"2.39185693e-16"
					],
					[
						"7032.867685",
						"2.431018705e-16"
					],
					[
						"7037.626189",
						"2.421902513e-16"
					],
					[
						"7042.384693",
						"2.34919294e-16"
					],
					[
						"7047.143197",
						"2.292494142e-16"
					],
					[
						"7051.901701",
						"2.31286052e-16"
					],
					[
						"7056.660205",
						"2.375376846e-16"
					],
					[
						"7061.418709",
						"2.388512738e-16"
					],
					[
						"7066.177213",
						"2.337063428e-16"
					],
					[
						"7070.935717",
						"2.309099429e-16"
					],
					[
						"7075.694221",
						"2.358366306e-16"
					],
					[
						"7080.452724",
						"2.391586409e-16"
					],
					[
						"7085.211228",
						"2.362521268e-16"
					],
					[
						"7089.969732",
						"2.408967261e-16"
					],
					[
						"7094.728236",
						"2.38596661e-16"
					],
					[
						"7099.48674",
						"2.301871326e-16"
					],
					[
						"7104.245244",
						"2.356838471e-16"
					],
					[
						"7109.003748",
						"2.403342168e-16"
					],
					[
						"7113.762252",
						"2.36918027e-16"
					],
					[
						"7118.520756",
						"2.351782743e-16"
					],
					[
						"7123.27926",
						"2.388901844e-16"
					],
					[
						"7128.037764",
						"2.398009566e-16"
					],
					[
						"7132.796268",
						"2.372279087e-16"
					],
					[
						"7137.554771",
						"2.416901312e-16"
					],
					[
						"7142.313275",
						"2.358349101e-16"
					],
					[
						"7147.071779",
						"2.385840085e-16"
					],
					[
						"7151.830283",
						"2.348586252e-16"
					],
					[
						"7156.588787",
						"2.253941702e-16"
					],
					[
						"7161.347291",
						"2.160383737e-16"
					],
					[
						"7166.105795",
						"2.091668189e-16"
					],
					[
						"7170.864299",
						"1.969080949e-16"
					],
					[
						"7175.622803",
						"1.818018181e-16"
					],
					[
						"7180.381307",
						"1.733094261e-16"
					],
					[
						"7185.139811",
						"1.770858563e-16"
					],
					[
						"7189.898314",
						"1.574719217e-16"
					],
					[
						"7194.656818",
						"1.423772916e-16"
					],
					[
						"7199.415322",
						"1.806043915e-16"
					],
					[
						"7204.173826",
						"2.060663078e-16"
					],
					[
						"7208.93233",
						"2.18451822e-16"
					],
					[
						"7213.690834",
						"2.219297923e-16"
					],
					[
						"7218.449338",
						"2.25428978e-16"
					],
					[
						"7223.207842",
						"2.208134161e-16"
					],
					[
						"7227.966346",
						"2.046181593e-16"
					],
					[
						"7232.72485",
						"1.953794916e-16"
					],
					[
						"7237.483354",
						"1.885127675e-16"
					],
					[
						"7242.241858",
						"1.866203768e-16"
					],
					[
						"7247.000361",
						"1.895792482e-16"
					],
					[
						"7251.758865",
						"1.916979555e-16"
					],
					[
						"7256.517369",
						"1.988656807e-16"
					],
					[
						"7261.275873",
						"2.078999885e-16"
					],
					[
						"7266.034377",
						"2.067559249e-16"
					],
					[
						"7270.792881",
						"2.011147649e-16"
					],
					[
						"7275.551385",
						"2.003558763e-16"
					],
					[
						"7280.309889",
						"2.026491254e-16"
					],
					[
						"7285.068393",
						"2.068908679e-16"
					],
					[
						"7289.826897",
						"2.072575934e-16"
					],
					[
						"7294.585401",
						"2.057635067e-16"
					],
					[
						"7299.343904",
						"2.060408438e-16"
					],
					[
						"7304.102408",
						"2.058831369e-16"
					],
					[
						"7308.860912",
						"2.07709459e-16"
					],
					[
						"7313.619416",
						"2.168679366e-16"
					],
					[
						"7318.37792",
						"2.16809134e-16"
					],
					[
						"7323.136424",
						"2.167223131e-16"
					],
					[
						"7327.894928",
						"2.284909492e-16"
					],
					[
						"7332.653432",
						"2.355994085e-16"
					],
					[
						"7337.411936",
						"2.332865056e-16"
					],
					[
						"7342.17044",
						"2.240988981e-16"
					],
					[
						"7346.928944",
						"2.298138558e-16"
					],
					[
						"7351.687448",
						"2.278314546e-16"
					],
					[
						"7356.445951",
						"2.315263182e-16"
					],
					[
						"7361.204455",
						"2.364074779e-16"
					],
					[
						"7365.962959",
						"2.375475578e-16"
					],
					[
						"7370.721463",
						"2.414081751e-16"
					],
					[
						"7375.479967",
						"2.417413503e-16"
					],
					[
						"7380.238471",
						"2.425039711e-16"
					],
					[
						"7384.996975",
						"2.431327607e-16"
					],
					[
						"7389.755479",
						"2.360054814e-16"
					],
					[
						"7394.513983",
						"2.314802079e-16"
					],
					[
						"7399.272487",
						"2.374187823e-16"
					],
					[
						"7404.030991",
						"2.398019095e-16"
					],
					[
						"7408.789495",
						"2.151626475e-16"
					],
					[
						"7413.547998",
						"1.833940416e-16"
					],
					[
						"7418.306502",
						"2.221660747e-16"
					],
					[
						"7423.065006",
						"2.40747463e-16"
					],
					[
						"7427.82351",
						"2.400482108e-16"
					],
					[
						"7432.582014",
						"2.461040464e-16"
					],
					[
						"7437.340518",
						"2.42214577e-16"
					],
					[
						"7442.099022",
						"2.399536872e-16"
					],
					[
						"7446.857526",
						"2.447022863e-16"
					],
					[
						"7451.61603",
						"2.442684731e-16"
					],
					[
						"7456.374534",
						"2.413459976e-16"
					],
					[
						"7461.133038",
						"2.404839828e-16"
					],
					[
						"7465.891541",
						"2.398480199e-16"
					],
					[
						"7470.650045",
						"2.396240326e-16"
					],
					[
						"7475.408549",
						"2.386528828e-16"
					],
					[
						"7480.167053",
						"2.444526763e-16"
					],
					[
						"7484.925557",
						"2.494083484e-16"
					],
					[
						"7489.684061",
						"2.415139749e-16"
					],
					[
						"7494.442565",
						"2.437420156e-16"
					],
					[
						"7499.201069",
						"2.474362969e-16"
					],
					[
						"7503.959573",
						"2.458680154e-16"
					],
					[
						"7508.718077",
						"2.504920476e-16"
					],
					[
						"7513.476581",
						"2.459124846e-16"
					],
					[
						"7518.235085",
						"2.369821368e-16"
					],
					[
						"7522.993588",
						"2.413507357e-16"
					],
					[
						"7527.752092",
						"2.446234063e-16"
					],
					[
						"7532.510596",
						"2.404979588e-16"
					],
					[
						"7537.2691",
						"2.350683453e-16"
					],
					[
						"7542.027604",
						"2.290900397e-16"
					],
					[
						"7546.786108",
						"2.339001016e-16"
					],
					[
						"7551.544612",
						"2.280954113e-16"
					],
					[
						"7556.303116",
						"2.177288794e-16"
					],
					[
						"7561.06162",
						"2.148252637e-16"
					],
					[
						"7565.820124",
						"2.224849297e-16"
					],
					[
						"7570.578628",
						"2.156598294e-16"
					],
					[
						"7575.337132",
						"2.074139636e-16"
					],
					[
						"7580.095635",
						"2.069354033e-16"
					],
					[
						"7584.854139",
						"1.882279924e-16"
					],
					[
						"7589.612643",
						"1.414853262e-16"
					],
					[
						"7594.371147",
						"8.675499381e-17"
					],
					[
						"7599.129651",
						"5.210739896e-17"
					],
					[
						"7603.888155",
						"5.415770839e-17"
					],
					[
						"7608.646659",
						"8.380348766e-17"
					],
					[
						"7613.405163",
						"1.116191431e-16"
					],
					[
						"7618.163667",
						"1.163493059e-16"
					],
					[
						"7622.922171",
						"1.034677943e-16"
					],
					[
						"7627.680675",
						"9.181026511e-17"
					],
					[
						"7632.439178",
						"1.019197952e-16"
					],
					[
						"7637.197682",
						"1.155199945e-16"
					],
					[
						"7641.956186",
						"1.247694487e-16"
					],
					[
						"7646.71469",
						"1.377170752e-16"
					],
					[
						"7651.473194",
						"1.586275923e-16"
					],
					[
						"7656.231698",
						"1.742703982e-16"
					],
					[
						"7660.990202",
						"1.770895092e-16"
					],
					[
						"7665.748706",
						"1.888957985e-16"
					],
					[
						"7670.50721",
						"2.028063559e-16"
					],
					[
						"7675.265714",
						"2.076818908e-16"
					],
					[
						"7680.024218",
						"2.1020859e-16"
					],
					[
						"7684.782722",
						"2.12834776e-16"
					],
					[
						"7689.541225",
						"2.119489516e-16"
					],
					[
						"7694.299729",
						"2.10175119e-16"
					],
					[
						"7699.058233",
						"2.111676563e-16"
					],
					[
						"7703.816737",
						"2.250873326e-16"
					],
					[
						"7708.575241",
						"2.240162594e-16"
					],
					[
						"7713.333745",
						"2.201450938e-16"
					],
					[
						"7718.092249",
						"2.286693555e-16"
					],
					[
						"7722.850753",
						"2.30633122e-16"
					],
					[
						"7727.609257",
						"2.31313263e-16"
					],
					[
						"7732.367761",
						"2.274160644e-16"
					],
					[
						"7737.126265",
						"2.363315891e-16"
					],
					[
						"7741.884768",
						"2.391995367e-16"
					],
					[
						"7746.643272",
						"2.330758856e-16"
					],
					[
						"7751.401776",
						"2.290395883e-16"
					],
					[
						"7756.16028",
						"2.402477929e-16"
					],
					[
						"7760.918784",
						"2.427689336e-16"
					],
					[
						"7765.677288",
						"2.483942647e-16"
					],
					[
						"7770.435792",
						"2.450966595e-16"
					],
					[
						"7775.194296",
						"2.417583968e-16"
					],
					[
						"7779.9528",
						"2.442970075e-16"
					],
					[
						"7784.711304",
						"2.439008608e-16"
					],
					[
						"7789.469808",
						"2.485293135e-16"
					],
					[
						"7794.228312",
						"2.426271614e-16"
					],
					[
						"7798.986815",
						"2.400836274e-16"
					],
					[
						"7803.745319",
						"2.478799039e-16"
					],
					[
						"7808.503823",
						"2.547616231e-16"
					],
					[
						"7813.262327",
						"2.473177652e-16"
					],
					[
						"7818.020831",
						"2.369495525e-16"
					],
					[
						"7822.779335",
						"2.448750016e-16"
					],
					[
						"7827.537839",
						"2.474334646e-16"
					],
					[
						"7832.296343",
						"2.518051605e-16"
					],
					[
						"7837.054847",
						"2.541657619e-16"
					],
					[
						"7841.813351",
						"2.557784861e-16"
					],
					[
						"7846.571855",
						"2.554870803e-16"
					],
					[
						"7851.330359",
						"2.494081896e-16"
					],
					[
						"7856.088862",
						"2.620557414e-16"
					],
					[
						"7860.847366",
						"2.665467895e-16"
					],
					[
						"7865.60587",
						"2.527598725e-16"
					],
					[
						"7870.364374",
						"2.566275043e-16"
					],
					[
						"7875.122878",
						"2.569819347e-16"
					],
					[
						"7879.881382",
						"2.601203241e-16"
					],
					[
						"7884.639886",
						"2.585636364e-16"
					],
					[
						"7889.39839",
						"2.466590912e-16"
					],
					[
						"7894.156894",
						"2.519917989e-16"
					],
					[
						"7898.915398",
						"2.64207708e-16"
					],
					[
						"7903.673902",
						"2.613834355e-16"
					],
					[
						"7908.432405",
						"2.528125473e-16"
					],
					[
						"7913.190909",
						"2.488791381e-16"
					],
					[
						"7917.949413",
						"2.517537826e-16"
					],
					[
						"7922.707917",
						"2.618921847e-16"
					],
					[
						"7927.466421",
						"2.675615615e-16"
					],
					[
						"7932.224925",
						"2.603422997e-16"
					],
					[
						"7936.983429",
						"2.619357539e-16"
					],
					[
						"7941.741933",
						"2.62642497e-16"
					],
					[
						"7946.500437",
						"2.596174247e-16"
					],
					[
						"7951.258941",
						"2.681026832e-16"
					],
					[
						"7956.017445",
						"2.67306684e-16"
					],
					[
						"7960.775949",
						"2.591406246e-16"
					],
					[
						"7965.534452",
						"2.562011291e-16"
					],
					[
						"7970.292956",
						"2.59691249e-16"
					],
					[
						"7975.05146",
						"2.701841608e-16"
					],
					[
						"7979.809964",
						"2.727983956e-16"
					],
					[
						"7984.568468",
						"2.62220807e-16"
					],
					[
						"7989.326972",
						"2.563295605e-16"
					],
					[
						"7994.085476",
						"2.526818131e-16"
					],
					[
						"7998.84398",
						"2.592130459e-16"
					],
					[
						"8003.602484",
						"2.621158808e-16"
					],
					[
						"8008.360988",
						"2.608867566e-16"
					],
					[
						"8013.119492",
						"2.608013386e-16"
					],
					[
						"8017.877995",
						"2.602558229e-16"
					],
					[
						"8022.636499",
						"2.576439968e-16"
					],
					[
						"8027.395003",
						"2.591081462e-16"
					],
					[
						"8032.153507",
						"2.651744638e-16"
					],
					[
						"8036.912011",
						"2.638881384e-16"
					],
					[
						"8041.670515",
						"2.579256882e-16"
					],
					[
						"8046.429019",
						"2.577370645e-16"
					],
					[
						"8051.187523",
						"2.578632725e-16"
					],
					[
						"8055.946027",
						"2.608035885e-16"
					],
					[
						"8060.704531",
						"2.56223602e-16"
					],
					[
						"8065.463035",
						"2.523417294e-16"
					],
					[
						"8070.221539",
						"2.638495455e-16"
					],
					[
						"8074.980042",
						"2.633131089e-16"
					],
					[
						"8079.738546",
						"2.647377919e-16"
					],
					[
						"8084.49705",
						"2.600581201e-16"
					],
					[
						"8089.255554",
						"2.591029052e-16"
					],
					[
						"8094.014058",
						"2.317719313e-16"
					],
					[
						"8098.772562",
						"2.23135451e-16"
					],
					[
						"8103.531066",
						"2.563554215e-16"
					],
					[
						"8108.28957",
						"2.521303682e-16"
					],
					[
						"8113.048074",
						"2.470042042e-16"
					],
					[
						"8117.806578",
						"2.437808997e-16"
					],
					[
						"8122.565082",
						"2.316829928e-16"
					],
					[
						"8127.323586",
						"2.188782237e-16"
					],
					[
						"8132.082089",
						"2.149032701e-16"
					],
					[
						"8136.840593",
						"2.142369993e-16"
					],
					[
						"8141.599097",
						"2.187968424e-16"
					],
					[
						"8146.357601",
						"2.159240904e-16"
					],
					[
						"8151.116105",
						"2.13474802e-16"
					],
					[
						"8155.874609",
						"2.061581447e-16"
					],
					[
						"8160.633113",
						"2.041992089e-16"
					],
					[
						"8165.391617",
						"2.102062872e-16"
					],
					[
						"8170.150121",
						"2.102161869e-16"
					],
					[
						"8174.908625",
						"2.156361389e-16"
					],
					[
						"8179.667129",
						"2.222203643e-16"
					],
					[
						"8184.425632",
						"2.456989529e-16"
					],
					[
						"8189.184136",
						"2.596911696e-16"
					],
					[
						"8193.94264",
						"2.581472667e-16"
					],
					[
						"8198.701144",
						"2.485959114e-16"
					],
					[
						"8203.459648",
						"2.479990179e-16"
					],
					[
						"8208.218152",
						"2.487953877e-16"
					],
					[
						"8212.976656",
						"2.430070822e-16"
					],
					[
						"8217.73516",
						"2.102754262e-16"
					],
					[
						"8222.493664",
						"1.856535946e-16"
					],
					[
						"8227.252168",
						"1.991091894e-16"
					],
					[
						"8232.010672",
						"2.211763432e-16"
					],
					[
						"8236.769176",
						"2.376072736e-16"
					],
					[
						"8241.527679",
						"2.406634214e-16"
					],
					[
						"8246.286183",
						"2.360449213e-16"
					],
					[
						"8251.044687",
						"2.379619422e-16"
					]
				],
				"source":"9"
			}
		]
	}
}