{
	"ASASSN-15pp":{
		"schema":"https://github.com/astrocatalogs/supernovae/blob/a0bc0b9/SCHEMA.md",
		"name":"ASASSN-15pp",
		"sources":[
			{
				"name":"2016A&A...594A..13P",
				"bibcode":"2016A&A...594A..13P",
				"reference":"Planck Collaboration et al. (2016)",
				"alias":"1"
			},
			{
				"name":"2015ATel.8047....1M",
				"bibcode":"2015ATel.8047....1M",
				"reference":"Marples et al. (2015)",
				"alias":"2"
			},
			{
				"name":"2015ATel.8052....1M",
				"bibcode":"2015ATel.8052....1M",
				"reference":"Morrell & Lira (2015)",
				"alias":"3"
			},
			{
				"name":"2011ApJ...737..103S",
				"bibcode":"2011ApJ...737..103S",
				"reference":"Schlafly & Finkbeiner (2011)",
				"alias":"4"
			},
			{
				"name":"ASAS-SN Supernovae",
				"url":"http://www.astronomy.ohio-state.edu/~assassin/sn_list.html",
				"alias":"5"
			},
			{
				"name":"Latest Supernovae",
				"secondary":true,
				"url":"http://www.rochesterastronomy.org/snimages/snredshiftall.html",
				"alias":"6"
			},
			{
				"name":"The Open Supernova Catalog",
				"bibcode":"2017ApJ...835...64G",
				"reference":"Guillochon et al. (2017)",
				"secondary":true,
				"url":"https://sne.space",
				"alias":"7"
			},
			{
				"name":"SIMBAD astronomical database",
				"bibcode":"2000A&AS..143....9W",
				"reference":"Wenger et al. (2000)",
				"secondary":true,
				"url":"http://simbad.u-strasbg.fr/",
				"alias":"8"
			}
		],
		"alias":[
			{
				"value":"ASASSN-15pp",
				"source":"2,5,6,8"
			}
		],
		"claimedtype":[
			{
				"value":"Ia",
				"source":"2,3,5,6,8"
			}
		],
		"comovingdist":[
			{
				"value":"105.4",
				"derived":true,
				"u_value":"Mpc",
				"source":"1,2,5,6,7"
			}
		],
		"dec":[
			{
				"value":"-55:32:34.84",
				"u_value":"degrees",
				"source":"2,8"
			},
			{
				"value":"-55:32:34.8",
				"u_value":"degrees",
				"source":"2,5,6"
			}
		],
		"discoverdate":[
			{
				"value":"2015/09/12",
				"source":"2,6"
			}
		],
		"discoverer":[
			{
				"value":"ASAS-SN",
				"source":"2,6"
			}
		],
		"ebv":[
			{
				"value":"0.0524",
				"derived":true,
				"e_value":"0.0024",
				"source":"4,7"
			}
		],
		"host":[
			{
				"value":"ESO 159-G23",
				"source":"2,6"
			},
			{
				"value":"ESO 159-G023",
				"source":"2,5"
			}
		],
		"hostoffsetang":[
			{
				"value":"12.35",
				"u_value":"arcseconds",
				"source":"2,5"
			}
		],
		"lumdist":[
			{
				"value":"107.97",
				"derived":true,
				"u_value":"Mpc",
				"source":"1,2,5,6,7"
			}
		],
		"maxabsmag":[
			{
				"value":"-19.041",
				"derived":true,
				"source":"1,2,5,6,7"
			}
		],
		"maxappmag":[
			{
				"value":"16.1",
				"derived":true,
				"source":"2,6,7"
			}
		],
		"maxdate":[
			{
				"value":"2015/09/07",
				"derived":true,
				"source":"2,6,7"
			}
		],
		"maxvisualabsmag":[
			{
				"value":"-19.067",
				"derived":true,
				"source":"1,2,5,6,7"
			}
		],
		"maxvisualappmag":[
			{
				"value":"16.1",
				"derived":true,
				"source":"2,6,7"
			}
		],
		"maxvisualdate":[
			{
				"value":"2015/09/07",
				"derived":true,
				"source":"2,6,7"
			}
		],
		"ra":[
			{
				"value":"05:40:09.960",
				"u_value":"hours",
				"source":"2,8"
			},
			{
				"value":"05:40:09.96",
				"u_value":"hours",
				"source":"2,5,6"
			}
		],
		"redshift":[
			{
				"value":"0.02396",
				"source":"2,5,6"
			}
		],
		"velocity":[
			{
				"value":"7097",
				"u_value":"km/s",
				"source":"7"
			}
		],
		"photometry":[
			{
				"time":"57272.5",
				"magnitude":"16.1",
				"u_time":"MJD",
				"source":"2,6"
			}
		]
	}
}