{
	"ASASSN-17dm":{
		"schema":"https://github.com/astrocatalogs/supernovae/blob/a0bc0b9/SCHEMA.md",
		"name":"ASASSN-17dm",
		"sources":[
			{
				"name":"2011ApJ...737..103S",
				"bibcode":"2011ApJ...737..103S",
				"reference":"Schlafly & Finkbeiner (2011)",
				"alias":"1"
			},
			{
				"name":"Transient Name Server",
				"url":"http://wis-tns.weizmann.ac.il/object/2017cbg",
				"alias":"2"
			},
			{
				"name":"ASAS-SN Supernovae",
				"url":"http://www.astronomy.ohio-state.edu/~assassin/sn_list.html",
				"alias":"3"
			},
			{
				"name":"ATel 10176",
				"url":"http://www.astronomerstelegram.org/?read=10176",
				"alias":"4"
			},
			{
				"name":"Latest Supernovae",
				"secondary":true,
				"url":"http://www.rochesterastronomy.org/snimages/snredshiftall.html",
				"alias":"5"
			},
			{
				"name":"The Open Supernova Catalog",
				"bibcode":"2017ApJ...835...64G",
				"reference":"Guillochon et al. (2017)",
				"secondary":true,
				"url":"https://sne.space",
				"alias":"6"
			}
		],
		"alias":[
			{
				"value":"ASASSN-17dm",
				"source":"2,5"
			},
			{
				"value":"AT2017cbg",
				"source":"2,3,4,5"
			}
		],
		"dec":[
			{
				"value":"-47:43:39.11",
				"u_value":"degrees",
				"source":"2,5"
			},
			{
				"value":"-47:43:42.24",
				"u_value":"degrees",
				"source":"3,4"
			}
		],
		"discoverdate":[
			{
				"value":"2017/03/09",
				"source":"2,5"
			}
		],
		"discoverer":[
			{
				"value":"ASAS-SN",
				"source":"2,5"
			}
		],
		"ebv":[
			{
				"value":"0.1634",
				"derived":true,
				"e_value":"0.0053",
				"source":"1,6"
			}
		],
		"host":[
			{
				"value":"AKARI J1006572-474345",
				"source":"3,4"
			}
		],
		"hostdec":[
			{
				"value":"-47:43:45",
				"derived":true,
				"u_value":"degrees",
				"source":"6"
			}
		],
		"hostoffsetang":[
			{
				"value":"7.42",
				"u_value":"arcseconds",
				"source":"3,4"
			}
		],
		"hostra":[
			{
				"value":"10:06:57.2",
				"derived":true,
				"u_value":"hours",
				"source":"6"
			}
		],
		"maxappmag":[
			{
				"value":"16.3",
				"derived":true,
				"source":"2,6"
			}
		],
		"maxband":[
			{
				"value":"V",
				"derived":true,
				"source":"2,6"
			}
		],
		"maxdate":[
			{
				"value":"2017/03/09",
				"derived":true,
				"source":"2,6"
			}
		],
		"maxvisualappmag":[
			{
				"value":"16.3",
				"derived":true,
				"source":"2,6"
			}
		],
		"maxvisualband":[
			{
				"value":"V",
				"derived":true,
				"source":"2,6"
			}
		],
		"maxvisualdate":[
			{
				"value":"2017/03/09",
				"derived":true,
				"source":"2,6"
			}
		],
		"ra":[
			{
				"value":"10:06:57.460",
				"u_value":"hours",
				"source":"2,5"
			},
			{
				"value":"10:06:57.6",
				"u_value":"hours",
				"source":"3,4"
			}
		],
		"photometry":[
			{
				"time":"57803.19",
				"band":"V",
				"instrument":"Cassius",
				"magnitude":"17.1",
				"system":"Vega",
				"telescope":"ASASSN-2",
				"u_time":"MJD",
				"upperlimit":true,
				"source":"2"
			},
			{
				"time":"57805.16",
				"band":"V",
				"e_magnitude":"0.2",
				"instrument":"Cassius",
				"magnitude":"17.1",
				"system":"Vega",
				"telescope":"ASASSN-2",
				"u_time":"MJD",
				"source":"2"
			},
			{
				"time":"57817.07",
				"band":"V",
				"e_magnitude":"0.15",
				"instrument":"Cassius",
				"magnitude":"16.8",
				"system":"Vega",
				"telescope":"ASASSN-2",
				"u_time":"MJD",
				"source":"2"
			},
			{
				"time":"57821.3",
				"band":"V",
				"e_magnitude":"0.12",
				"instrument":"Cassius",
				"magnitude":"16.3",
				"system":"Vega",
				"telescope":"ASASSN-2",
				"u_time":"MJD",
				"source":"2"
			}
		],
		"spectra":[
			{
				"time":"57838.2727083",
				"instrument":"EFOSC2-NTT",
				"observer":"Onori/Hamanowicz",
				"survey":"PESSTO",
				"telescope":"ESO-NTT",
				"u_fluxes":"erg/s/cm^2/Angstrom",
				"u_time":"MJD",
				"u_wavelengths":"Angstrom",
				"data":[
					[
						"3632.196533",
						"-7.87927e-18"
					],
					[
						"3637.718062",
						"1.88386e-17"
					],
					[
						"3643.239592",
						"3.43647e-17"
					],
					[
						"3648.761121",
						"-3.21514e-18"
					],
					[
						"3654.28265",
						"-7.30047e-18"
					],
					[
						"3659.804179",
						"1.9401e-17"
					],
					[
						"3665.325708",
						"5.94028e-18"
					],
					[
						"3670.847238",
						"5.41658e-18"
					],
					[
						"3676.368767",
						"-4.99027e-18"
					],
					[
						"3681.890296",
						"2.3456e-17"
					],
					[
						"3687.411825",
						"1.60272e-17"
					],
					[
						"3692.933354",
						"3.1945e-17"
					],
					[
						"3698.454884",
						"1.11753e-17"
					],
					[
						"3703.976413",
						"2.78485e-17"
					],
					[
						"3709.497942",
						"1.17488e-17"
					],
					[
						"3715.019471",
						"-1.3064e-17"
					],
					[
						"3720.541",
						"2.34239e-17"
					],
					[
						"3726.06253",
						"-1.67503e-18"
					],
					[
						"3731.584059",
						"2.91902e-18"
					],
					[
						"3737.105588",
						"1.81469e-18"
					],
					[
						"3742.627117",
						"1.5995e-17"
					],
					[
						"3748.148646",
						"3.45373e-17"
					],
					[
						"3753.670176",
						"1.42909e-17"
					],
					[
						"3759.191705",
						"5.83872e-18"
					],
					[
						"3764.713234",
						"3.12495e-18"
					],
					[
						"3770.234763",
						"1.21409e-17"
					],
					[
						"3775.756292",
						"-1.15581e-17"
					],
					[
						"3781.277822",
						"-2.09758e-17"
					],
					[
						"3786.799351",
						"-3.11052e-18"
					],
					[
						"3792.32088",
						"1.96099e-17"
					],
					[
						"3797.842409",
						"9.65958e-18"
					],
					[
						"3803.363938",
						"-1.27689e-17"
					],
					[
						"3808.885468",
						"-4.334e-18"
					],
					[
						"3814.406997",
						"-1.16167e-18"
					],
					[
						"3819.928526",
						"-1.83792e-17"
					],
					[
						"3825.450055",
						"1.02496e-18"
					],
					[
						"3830.971584",
						"-8.11797e-18"
					],
					[
						"3836.493114",
						"5.18249e-17"
					],
					[
						"3842.014643",
						"7.89838e-17"
					],
					[
						"3847.536172",
						"3.19497e-17"
					],
					[
						"3853.057701",
						"4.48808e-17"
					],
					[
						"3858.57923",
						"1.54761e-18"
					],
					[
						"3864.10076",
						"1.75565e-17"
					],
					[
						"3869.622289",
						"1.10221e-17"
					],
					[
						"3875.143818",
						"1.03728e-17"
					],
					[
						"3880.665347",
						"1.02913e-17"
					],
					[
						"3886.186876",
						"4.19774e-18"
					],
					[
						"3891.708405",
						"1.58134e-17"
					],
					[
						"3897.229935",
						"1.10244e-17"
					],
					[
						"3902.751464",
						"1.00089e-18"
					],
					[
						"3908.272993",
						"1.55467e-17"
					],
					[
						"3913.794522",
						"-2.99071e-19"
					],
					[
						"3919.316051",
						"8.30735e-18"
					],
					[
						"3924.837581",
						"8.97025e-18"
					],
					[
						"3930.35911",
						"5.70693e-18"
					],
					[
						"3935.880639",
						"5.53219e-18"
					],
					[
						"3941.402168",
						"7.46608e-18"
					],
					[
						"3946.923697",
						"3.98931e-17"
					],
					[
						"3952.445227",
						"6.11934e-18"
					],
					[
						"3957.966756",
						"5.94464e-18"
					],
					[
						"3963.488285",
						"5.73817e-18"
					],
					[
						"3969.009814",
						"1.82685e-17"
					],
					[
						"3974.531343",
						"1.42482e-17"
					],
					[
						"3980.052873",
						"1.70448e-17"
					],
					[
						"3985.574402",
						"2.86867e-17"
					],
					[
						"3991.095931",
						"2.66777e-17"
					],
					[
						"3996.61746",
						"3.1231e-17"
					],
					[
						"4002.138989",
						"3.42926e-17"
					],
					[
						"4007.660519",
						"2.70373e-17"
					],
					[
						"4013.182048",
						"2.03619e-17"
					],
					[
						"4018.703577",
						"4.3483e-17"
					],
					[
						"4024.225106",
						"4.67108e-17"
					],
					[
						"4029.746635",
						"3.23842e-17"
					],
					[
						"4035.268165",
						"4.4271e-17"
					],
					[
						"4040.789694",
						"4.14298e-17"
					],
					[
						"4046.311223",
						"4.72721e-17"
					],
					[
						"4051.832752",
						"3.1154e-17"
					],
					[
						"4057.354281",
						"3.73969e-17"
					],
					[
						"4062.875811",
						"3.79507e-17"
					],
					[
						"4068.39734",
						"3.52411e-17"
					],
					[
						"4073.918869",
						"3.5854e-17"
					],
					[
						"4079.440398",
						"5.1489e-17"
					],
					[
						"4084.961927",
						"3.43315e-17"
					],
					[
						"4090.483457",
						"4.59948e-17"
					],
					[
						"4096.004986",
						"4.62379e-17"
					],
					[
						"4101.526515",
						"3.50189e-17"
					],
					[
						"4107.048044",
						"5.36931e-17"
					],
					[
						"4112.569573",
						"4.72598e-17"
					],
					[
						"4118.091103",
						"4.32826e-17"
					],
					[
						"4123.612632",
						"3.34297e-17"
					],
					[
						"4129.134161",
						"3.61842e-17"
					],
					[
						"4134.65569",
						"4.41122e-17"
					],
					[
						"4140.177219",
						"3.56225e-17"
					],
					[
						"4145.698749",
						"3.10745e-17"
					],
					[
						"4151.220278",
						"3.05861e-17"
					],
					[
						"4156.741807",
						"2.84394e-17"
					],
					[
						"4162.263336",
						"4.52657e-17"
					],
					[
						"4167.784865",
						"4.60545e-17"
					],
					[
						"4173.306395",
						"2.73064e-17"
					],
					[
						"4178.827924",
						"4.03275e-17"
					],
					[
						"4184.349453",
						"1.86072e-17"
					],
					[
						"4189.870982",
						"5.50218e-17"
					],
					[
						"4195.392511",
						"4.52921e-17"
					],
					[
						"4200.914041",
						"4.36753e-17"
					],
					[
						"4206.43557",
						"5.98018e-17"
					],
					[
						"4211.957099",
						"4.98508e-17"
					],
					[
						"4217.478628",
						"4.32774e-17"
					],
					[
						"4223.000157",
						"4.8431e-17"
					],
					[
						"4228.521687",
						"5.02914e-17"
					],
					[
						"4234.043216",
						"5.94279e-17"
					],
					[
						"4239.564745",
						"5.02641e-17"
					],
					[
						"4245.086274",
						"6.079e-17"
					],
					[
						"4250.607803",
						"7.19641e-17"
					],
					[
						"4256.129333",
						"7.37546e-17"
					],
					[
						"4261.650862",
						"8.96221e-17"
					],
					[
						"4267.172391",
						"9.45823e-17"
					],
					[
						"4272.69392",
						"1.07882e-16"
					],
					[
						"4278.215449",
						"9.51491e-17"
					],
					[
						"4283.736979",
						"7.54448e-17"
					],
					[
						"4289.258508",
						"7.88073e-17"
					],
					[
						"4294.780037",
						"8.78553e-17"
					],
					[
						"4300.301566",
						"8.4392e-17"
					],
					[
						"4305.823095",
						"6.63144e-17"
					],
					[
						"4311.344625",
						"9.25686e-17"
					],
					[
						"4316.866154",
						"8.63234e-17"
					],
					[
						"4322.387683",
						"8.37229e-17"
					],
					[
						"4327.909212",
						"1.03204e-16"
					],
					[
						"4333.430741",
						"1.17131e-16"
					],
					[
						"4338.952271",
						"1.10404e-16"
					],
					[
						"4344.4738",
						"1.11735e-16"
					],
					[
						"4349.995329",
						"1.09551e-16"
					],
					[
						"4355.516858",
						"9.99268e-17"
					],
					[
						"4361.038387",
						"9.99164e-17"
					],
					[
						"4366.559917",
						"1.04427e-16"
					],
					[
						"4372.081446",
						"1.05926e-16"
					],
					[
						"4377.602975",
						"1.07304e-16"
					],
					[
						"4383.124504",
						"1.17109e-16"
					],
					[
						"4388.646033",
						"1.16654e-16"
					],
					[
						"4394.167562",
						"1.31596e-16"
					],
					[
						"4399.689092",
						"1.38499e-16"
					],
					[
						"4405.210621",
						"1.56338e-16"
					],
					[
						"4410.73215",
						"1.71287e-16"
					],
					[
						"4416.253679",
						"1.72008e-16"
					],
					[
						"4421.775208",
						"1.67324e-16"
					],
					[
						"4427.296738",
						"1.88373e-16"
					],
					[
						"4432.818267",
						"1.72424e-16"
					],
					[
						"4438.339796",
						"1.95703e-16"
					],
					[
						"4443.861325",
						"2.04225e-16"
					],
					[
						"4449.382854",
						"2.16483e-16"
					],
					[
						"4454.904384",
						"1.99752e-16"
					],
					[
						"4460.425913",
						"2.13278e-16"
					],
					[
						"4465.947442",
						"2.08037e-16"
					],
					[
						"4471.468971",
						"2.0233e-16"
					],
					[
						"4476.9905",
						"2.1038e-16"
					],
					[
						"4482.51203",
						"2.22169e-16"
					],
					[
						"4488.033559",
						"2.2578e-16"
					],
					[
						"4493.555088",
						"2.19407e-16"
					],
					[
						"4499.076617",
						"2.16701e-16"
					],
					[
						"4504.598146",
						"2.29478e-16"
					],
					[
						"4510.119676",
						"2.40711e-16"
					],
					[
						"4515.641205",
						"2.23707e-16"
					],
					[
						"4521.162734",
						"2.20269e-16"
					],
					[
						"4526.684263",
						"2.08639e-16"
					],
					[
						"4532.205792",
						"2.17025e-16"
					],
					[
						"4537.727322",
						"2.16357e-16"
					],
					[
						"4543.248851",
						"2.08408e-16"
					],
					[
						"4548.77038",
						"2.10945e-16"
					],
					[
						"4554.291909",
						"2.31081e-16"
					],
					[
						"4559.813438",
						"2.27739e-16"
					],
					[
						"4565.334968",
						"2.20226e-16"
					],
					[
						"4570.856497",
						"2.04109e-16"
					],
					[
						"4576.378026",
						"2.51838e-16"
					],
					[
						"4581.899555",
						"2.61018e-16"
					],
					[
						"4587.421084",
						"2.50993e-16"
					],
					[
						"4592.942614",
						"2.45848e-16"
					],
					[
						"4598.464143",
						"2.51817e-16"
					],
					[
						"4603.985672",
						"2.7967e-16"
					],
					[
						"4609.507201",
						"2.68999e-16"
					],
					[
						"4615.02873",
						"2.78771e-16"
					],
					[
						"4620.55026",
						"2.80116e-16"
					],
					[
						"4626.071789",
						"3.07111e-16"
					],
					[
						"4631.593318",
						"2.92202e-16"
					],
					[
						"4637.114847",
						"2.68425e-16"
					],
					[
						"4642.636376",
						"2.64076e-16"
					],
					[
						"4648.157906",
						"2.41565e-16"
					],
					[
						"4653.679435",
						"2.26122e-16"
					],
					[
						"4659.200964",
						"2.01612e-16"
					],
					[
						"4664.722493",
						"2.11536e-16"
					],
					[
						"4670.244022",
						"1.96303e-16"
					],
					[
						"4675.765552",
						"1.98711e-16"
					],
					[
						"4681.287081",
						"1.82759e-16"
					],
					[
						"4686.80861",
						"1.74479e-16"
					],
					[
						"4692.330139",
						"1.67445e-16"
					],
					[
						"4697.851668",
						"1.68784e-16"
					],
					[
						"4703.373198",
						"1.63866e-16"
					],
					[
						"4708.894727",
						"1.59515e-16"
					],
					[
						"4714.416256",
						"1.67791e-16"
					],
					[
						"4719.937785",
						"1.7171e-16"
					],
					[
						"4725.459314",
						"1.95411e-16"
					],
					[
						"4730.980844",
						"1.95302e-16"
					],
					[
						"4736.502373",
						"2.24245e-16"
					],
					[
						"4742.023902",
						"2.43897e-16"
					],
					[
						"4747.545431",
						"2.92931e-16"
					],
					[
						"4753.06696",
						"3.54438e-16"
					],
					[
						"4758.58849",
						"4.09594e-16"
					],
					[
						"4764.110019",
						"4.49631e-16"
					],
					[
						"4769.631548",
						"4.77712e-16"
					],
					[
						"4775.153077",
						"4.83144e-16"
					],
					[
						"4780.674606",
						"4.44266e-16"
					],
					[
						"4786.196136",
						"4.72336e-16"
					],
					[
						"4791.717665",
						"4.91188e-16"
					],
					[
						"4797.239194",
						"4.90808e-16"
					],
					[
						"4802.760723",
						"4.81191e-16"
					],
					[
						"4808.282252",
						"5.33182e-16"
					],
					[
						"4813.803782",
						"5.4306e-16"
					],
					[
						"4819.325311",
						"5.49976e-16"
					],
					[
						"4824.84684",
						"5.52344e-16"
					],
					[
						"4830.368369",
						"5.67925e-16"
					],
					[
						"4835.889898",
						"5.44952e-16"
					],
					[
						"4841.411428",
						"5.34328e-16"
					],
					[
						"4846.932957",
						"5.32363e-16"
					],
					[
						"4852.454486",
						"5.22019e-16"
					],
					[
						"4857.976015",
						"5.20464e-16"
					],
					[
						"4863.497544",
						"5.64526e-16"
					],
					[
						"4869.019073",
						"5.63027e-16"
					],
					[
						"4874.540603",
						"5.41267e-16"
					],
					[
						"4880.062132",
						"5.47364e-16"
					],
					[
						"4885.583661",
						"5.61012e-16"
					],
					[
						"4891.10519",
						"5.82412e-16"
					],
					[
						"4896.626719",
						"6.02967e-16"
					],
					[
						"4902.148249",
						"5.99241e-16"
					],
					[
						"4907.669778",
						"6.26208e-16"
					],
					[
						"4913.191307",
						"6.32917e-16"
					],
					[
						"4918.712836",
						"6.06102e-16"
					],
					[
						"4924.234365",
						"5.99918e-16"
					],
					[
						"4929.755895",
						"6.33388e-16"
					],
					[
						"4935.277424",
						"6.19642e-16"
					],
					[
						"4940.798953",
						"6.09726e-16"
					],
					[
						"4946.320482",
						"5.91484e-16"
					],
					[
						"4951.842011",
						"5.6545e-16"
					],
					[
						"4957.363541",
						"5.55293e-16"
					],
					[
						"4962.88507",
						"5.67681e-16"
					],
					[
						"4968.406599",
						"5.37227e-16"
					],
					[
						"4973.928128",
						"4.96072e-16"
					],
					[
						"4979.449657",
						"4.98017e-16"
					],
					[
						"4984.971187",
						"5.06712e-16"
					],
					[
						"4990.492716",
						"5.09224e-16"
					],
					[
						"4996.014245",
						"4.93048e-16"
					],
					[
						"5001.535774",
						"5.02046e-16"
					],
					[
						"5007.057303",
						"5.05941e-16"
					],
					[
						"5012.578833",
						"4.77651e-16"
					],
					[
						"5018.100362",
						"4.90905e-16"
					],
					[
						"5023.621891",
						"4.78266e-16"
					],
					[
						"5029.14342",
						"4.39033e-16"
					],
					[
						"5034.664949",
						"4.56841e-16"
					],
					[
						"5040.186479",
						"4.5545e-16"
					],
					[
						"5045.708008",
						"4.50512e-16"
					],
					[
						"5051.229537",
						"4.16887e-16"
					],
					[
						"5056.751066",
						"4.09618e-16"
					],
					[
						"5062.272595",
						"4.15993e-16"
					],
					[
						"5067.794125",
						"4.05203e-16"
					],
					[
						"5073.315654",
						"4.00866e-16"
					],
					[
						"5078.837183",
						"3.79411e-16"
					],
					[
						"5084.358712",
						"3.80366e-16"
					],
					[
						"5089.880241",
						"3.84947e-16"
					],
					[
						"5095.401771",
						"3.76236e-16"
					],
					[
						"5100.9233",
						"3.59112e-16"
					],
					[
						"5106.444829",
						"3.52673e-16"
					],
					[
						"5111.966358",
						"3.60037e-16"
					],
					[
						"5117.487887",
						"3.39028e-16"
					],
					[
						"5123.009417",
						"3.2287e-16"
					],
					[
						"5128.530946",
						"3.07567e-16"
					],
					[
						"5134.052475",
						"3.08943e-16"
					],
					[
						"5139.574004",
						"2.91021e-16"
					],
					[
						"5145.095533",
						"2.86918e-16"
					],
					[
						"5150.617063",
						"2.76629e-16"
					],
					[
						"5156.138592",
						"2.91309e-16"
					],
					[
						"5161.660121",
						"3.24221e-16"
					],
					[
						"5167.18165",
						"3.74289e-16"
					],
					[
						"5172.703179",
						"4.44339e-16"
					],
					[
						"5178.224709",
						"5.27657e-16"
					],
					[
						"5183.746238",
						"6.21795e-16"
					],
					[
						"5189.267767",
						"6.58508e-16"
					],
					[
						"5194.789296",
						"6.36309e-16"
					],
					[
						"5200.310825",
						"6.78103e-16"
					],
					[
						"5205.832355",
						"6.93507e-16"
					],
					[
						"5211.353884",
						"6.98706e-16"
					],
					[
						"5216.875413",
						"6.80742e-16"
					],
					[
						"5222.396942",
						"7.2285e-16"
					],
					[
						"5227.918471",
						"7.7216e-16"
					],
					[
						"5233.440001",
						"8.13876e-16"
					],
					[
						"5238.96153",
						"7.86818e-16"
					],
					[
						"5244.483059",
						"7.85894e-16"
					],
					[
						"5250.004588",
						"7.71866e-16"
					],
					[
						"5255.526117",
						"7.07285e-16"
					],
					[
						"5261.047647",
						"7.08776e-16"
					],
					[
						"5266.569176",
						"7.12668e-16"
					],
					[
						"5272.090705",
						"7.21767e-16"
					],
					[
						"5277.612234",
						"7.32277e-16"
					],
					[
						"5283.133763",
						"7.60062e-16"
					],
					[
						"5288.655293",
						"8.13477e-16"
					],
					[
						"5294.176822",
						"8.11013e-16"
					],
					[
						"5299.698351",
						"8.30663e-16"
					],
					[
						"5305.21988",
						"8.49657e-16"
					],
					[
						"5310.741409",
						"8.54834e-16"
					],
					[
						"5316.262939",
						"8.79438e-16"
					],
					[
						"5321.784468",
						"8.968e-16"
					],
					[
						"5327.305997",
						"9.00574e-16"
					],
					[
						"5332.827526",
						"9.14805e-16"
					],
					[
						"5338.349055",
						"8.80405e-16"
					],
					[
						"5343.870584",
						"9.45963e-16"
					],
					[
						"5349.392114",
						"9.62333e-16"
					],
					[
						"5354.913643",
						"9.35628e-16"
					],
					[
						"5360.435172",
						"9.43988e-16"
					],
					[
						"5365.956701",
						"9.8138e-16"
					],
					[
						"5371.47823",
						"9.63754e-16"
					],
					[
						"5376.99976",
						"9.66335e-16"
					],
					[
						"5382.521289",
						"9.22456e-16"
					],
					[
						"5388.042818",
						"9.13658e-16"
					],
					[
						"5393.564347",
						"9.46543e-16"
					],
					[
						"5399.085876",
						"8.57198e-16"
					],
					[
						"5404.607406",
						"8.85232e-16"
					],
					[
						"5410.128935",
						"8.79627e-16"
					],
					[
						"5415.650464",
						"8.91217e-16"
					],
					[
						"5421.171993",
						"9.15524e-16"
					],
					[
						"5426.693522",
						"9.28442e-16"
					],
					[
						"5432.215052",
						"9.40958e-16"
					],
					[
						"5437.736581",
						"9.21799e-16"
					],
					[
						"5443.25811",
						"8.59148e-16"
					],
					[
						"5448.779639",
						"9.04046e-16"
					],
					[
						"5454.301168",
						"9.32038e-16"
					],
					[
						"5459.822698",
						"9.06979e-16"
					],
					[
						"5465.344227",
						"8.85247e-16"
					],
					[
						"5470.865756",
						"8.73609e-16"
					],
					[
						"5476.387285",
						"8.81563e-16"
					],
					[
						"5481.908814",
						"8.43448e-16"
					],
					[
						"5487.430344",
						"8.28779e-16"
					],
					[
						"5492.951873",
						"8.30738e-16"
					],
					[
						"5498.473402",
						"8.17627e-16"
					],
					[
						"5503.994931",
						"7.93356e-16"
					],
					[
						"5509.51646",
						"8.24502e-16"
					],
					[
						"5515.03799",
						"8.12637e-16"
					],
					[
						"5520.559519",
						"8.27865e-16"
					],
					[
						"5526.081048",
						"8.37005e-16"
					],
					[
						"5531.602577",
						"8.30224e-16"
					],
					[
						"5537.124106",
						"8.04468e-16"
					],
					[
						"5542.645636",
						"8.28728e-16"
					],
					[
						"5548.167165",
						"8.22588e-16"
					],
					[
						"5553.688694",
						"8.35577e-16"
					],
					[
						"5559.210223",
						"8.50799e-16"
					],
					[
						"5564.731752",
						"8.31197e-16"
					],
					[
						"5570.253282",
						"8.20123e-16"
					],
					[
						"5575.774811",
						"8.04928e-16"
					],
					[
						"5581.29634",
						"8.10267e-16"
					],
					[
						"5586.817869",
						"7.97909e-16"
					],
					[
						"5592.339398",
						"8.12752e-16"
					],
					[
						"5597.860928",
						"8.42728e-16"
					],
					[
						"5603.382457",
						"8.31707e-16"
					],
					[
						"5608.903986",
						"8.01415e-16"
					],
					[
						"5614.425515",
						"7.77814e-16"
					],
					[
						"5619.947044",
						"7.90559e-16"
					],
					[
						"5625.468574",
						"7.82878e-16"
					],
					[
						"5630.990103",
						"8.10687e-16"
					],
					[
						"5636.511632",
						"8.75082e-16"
					],
					[
						"5642.033161",
						"9.89414e-16"
					],
					[
						"5647.55469",
						"1.0867e-15"
					],
					[
						"5653.07622",
						"1.1874e-15"
					],
					[
						"5658.597749",
						"1.21394e-15"
					],
					[
						"5664.119278",
						"1.22532e-15"
					],
					[
						"5669.640807",
						"1.25108e-15"
					],
					[
						"5675.162336",
						"1.24555e-15"
					],
					[
						"5680.683866",
						"1.26398e-15"
					],
					[
						"5686.205395",
						"1.28315e-15"
					],
					[
						"5691.726924",
						"1.29621e-15"
					],
					[
						"5697.248453",
						"1.31631e-15"
					],
					[
						"5702.769982",
						"1.33078e-15"
					],
					[
						"5708.291512",
						"1.38862e-15"
					],
					[
						"5713.813041",
						"1.36921e-15"
					],
					[
						"5719.33457",
						"1.32602e-15"
					],
					[
						"5724.856099",
						"1.32688e-15"
					],
					[
						"5730.377628",
						"1.31145e-15"
					],
					[
						"5735.899158",
						"1.23282e-15"
					],
					[
						"5741.420687",
						"1.18075e-15"
					],
					[
						"5746.942216",
						"1.19734e-15"
					],
					[
						"5752.463745",
						"1.21634e-15"
					],
					[
						"5757.985274",
						"1.1864e-15"
					],
					[
						"5763.506804",
						"1.20108e-15"
					],
					[
						"5769.028333",
						"1.24428e-15"
					],
					[
						"5774.549862",
						"1.23643e-15"
					],
					[
						"5780.071391",
						"1.24005e-15"
					],
					[
						"5785.59292",
						"1.24083e-15"
					],
					[
						"5791.114449",
						"1.26623e-15"
					],
					[
						"5796.635979",
						"1.27899e-15"
					],
					[
						"5802.157508",
						"1.33279e-15"
					],
					[
						"5807.679037",
						"1.33032e-15"
					],
					[
						"5813.200566",
						"1.37787e-15"
					],
					[
						"5818.722095",
						"1.4071e-15"
					],
					[
						"5824.243625",
						"1.46519e-15"
					],
					[
						"5829.765154",
						"1.47025e-15"
					],
					[
						"5835.286683",
						"1.48611e-15"
					],
					[
						"5840.808212",
						"1.50531e-15"
					],
					[
						"5846.329741",
						"1.47358e-15"
					],
					[
						"5851.851271",
						"1.42907e-15"
					],
					[
						"5857.3728",
						"1.35689e-15"
					],
					[
						"5862.894329",
						"1.29471e-15"
					],
					[
						"5868.415858",
						"1.2476e-15"
					],
					[
						"5873.937387",
						"1.19264e-15"
					],
					[
						"5879.458917",
						"1.14161e-15"
					],
					[
						"5884.980446",
						"1.05938e-15"
					],
					[
						"5890.501975",
						"1.02051e-15"
					],
					[
						"5896.023504",
						"9.86828e-16"
					],
					[
						"5901.545033",
						"9.66707e-16"
					],
					[
						"5907.066563",
						"1.0355e-15"
					],
					[
						"5912.588092",
						"1.14386e-15"
					],
					[
						"5918.109621",
						"1.23704e-15"
					],
					[
						"5923.63115",
						"1.25962e-15"
					],
					[
						"5929.152679",
						"1.25723e-15"
					],
					[
						"5934.674209",
						"1.29879e-15"
					],
					[
						"5940.195738",
						"1.31651e-15"
					],
					[
						"5945.717267",
						"1.3212e-15"
					],
					[
						"5951.238796",
						"1.35304e-15"
					],
					[
						"5956.760325",
						"1.39272e-15"
					],
					[
						"5962.281855",
						"1.4313e-15"
					],
					[
						"5967.803384",
						"1.45574e-15"
					],
					[
						"5973.324913",
						"1.46048e-15"
					],
					[
						"5978.846442",
						"1.4687e-15"
					],
					[
						"5984.367971",
						"1.46554e-15"
					],
					[
						"5989.889501",
						"1.45124e-15"
					],
					[
						"5995.41103",
						"1.4526e-15"
					],
					[
						"6000.932559",
						"1.45289e-15"
					],
					[
						"6006.454088",
						"1.4284e-15"
					],
					[
						"6011.975617",
						"1.40952e-15"
					],
					[
						"6017.497147",
						"1.41907e-15"
					],
					[
						"6023.018676",
						"1.44259e-15"
					],
					[
						"6028.540205",
						"1.47393e-15"
					],
					[
						"6034.061734",
						"1.51748e-15"
					],
					[
						"6039.583263",
						"1.55872e-15"
					],
					[
						"6045.104793",
						"1.55057e-15"
					],
					[
						"6050.626322",
						"1.56092e-15"
					],
					[
						"6056.147851",
						"1.59765e-15"
					],
					[
						"6061.66938",
						"1.59243e-15"
					],
					[
						"6067.190909",
						"1.59782e-15"
					],
					[
						"6072.712439",
						"1.65129e-15"
					],
					[
						"6078.233968",
						"1.69028e-15"
					],
					[
						"6083.755497",
						"1.7421e-15"
					],
					[
						"6089.277026",
						"1.71725e-15"
					],
					[
						"6094.798555",
						"1.68277e-15"
					],
					[
						"6100.320085",
						"1.67096e-15"
					],
					[
						"6105.841614",
						"1.66021e-15"
					],
					[
						"6111.363143",
						"1.65253e-15"
					],
					[
						"6116.884672",
						"1.69808e-15"
					],
					[
						"6122.406201",
						"1.68083e-15"
					],
					[
						"6127.927731",
						"1.64175e-15"
					],
					[
						"6133.44926",
						"1.67298e-15"
					],
					[
						"6138.970789",
						"1.70408e-15"
					],
					[
						"6144.492318",
						"1.68983e-15"
					],
					[
						"6150.013847",
						"1.67183e-15"
					],
					[
						"6155.535377",
						"1.68001e-15"
					],
					[
						"6161.056906",
						"1.60509e-15"
					],
					[
						"6166.578435",
						"1.61753e-15"
					],
					[
						"6172.099964",
						"1.59604e-15"
					],
					[
						"6177.621493",
						"1.60813e-15"
					],
					[
						"6183.143023",
						"1.6169e-15"
					],
					[
						"6188.664552",
						"1.60377e-15"
					],
					[
						"6194.186081",
						"1.57035e-15"
					],
					[
						"6199.70761",
						"1.53032e-15"
					],
					[
						"6205.229139",
						"1.49119e-15"
					],
					[
						"6210.750669",
						"1.49733e-15"
					],
					[
						"6216.272198",
						"1.44843e-15"
					],
					[
						"6221.793727",
						"1.4209e-15"
					],
					[
						"6227.315256",
						"1.42409e-15"
					],
					[
						"6232.836785",
						"1.43234e-15"
					],
					[
						"6238.358315",
						"1.47123e-15"
					],
					[
						"6243.879844",
						"1.43594e-15"
					],
					[
						"6249.401373",
						"1.408e-15"
					],
					[
						"6254.922902",
						"1.4333e-15"
					],
					[
						"6260.444431",
						"1.40458e-15"
					],
					[
						"6265.96596",
						"1.36765e-15"
					],
					[
						"6271.48749",
						"1.36356e-15"
					],
					[
						"6277.009019",
						"1.39518e-15"
					],
					[
						"6282.530548",
						"1.43505e-15"
					],
					[
						"6288.052077",
						"1.45392e-15"
					],
					[
						"6293.573606",
						"1.4869e-15"
					],
					[
						"6299.095136",
						"1.52932e-15"
					],
					[
						"6304.616665",
						"1.55422e-15"
					],
					[
						"6310.138194",
						"1.55661e-15"
					],
					[
						"6315.659723",
						"1.59906e-15"
					],
					[
						"6321.181252",
						"1.64603e-15"
					],
					[
						"6326.702782",
						"1.64133e-15"
					],
					[
						"6332.224311",
						"1.6171e-15"
					],
					[
						"6337.74584",
						"1.60823e-15"
					],
					[
						"6343.267369",
						"1.58757e-15"
					],
					[
						"6348.788898",
						"1.54746e-15"
					],
					[
						"6354.310428",
						"1.54397e-15"
					],
					[
						"6359.831957",
						"1.52229e-15"
					],
					[
						"6365.353486",
						"1.51394e-15"
					],
					[
						"6370.875015",
						"1.48063e-15"
					],
					[
						"6376.396544",
						"1.5207e-15"
					],
					[
						"6381.918074",
						"1.57668e-15"
					],
					[
						"6387.439603",
						"1.59165e-15"
					],
					[
						"6392.961132",
						"1.57459e-15"
					],
					[
						"6398.482661",
						"1.58943e-15"
					],
					[
						"6404.00419",
						"1.60943e-15"
					],
					[
						"6409.52572",
						"1.6433e-15"
					],
					[
						"6415.047249",
						"1.58981e-15"
					],
					[
						"6420.568778",
						"1.63796e-15"
					],
					[
						"6426.090307",
						"1.66194e-15"
					],
					[
						"6431.611836",
						"1.68847e-15"
					],
					[
						"6437.133366",
						"1.69222e-15"
					],
					[
						"6442.654895",
						"1.76947e-15"
					],
					[
						"6448.176424",
						"1.81914e-15"
					],
					[
						"6453.697953",
						"1.80725e-15"
					],
					[
						"6459.219482",
						"1.84032e-15"
					],
					[
						"6464.741012",
						"1.81118e-15"
					],
					[
						"6470.262541",
						"1.79213e-15"
					],
					[
						"6475.78407",
						"1.82392e-15"
					],
					[
						"6481.305599",
						"1.81407e-15"
					],
					[
						"6486.827128",
						"1.80052e-15"
					],
					[
						"6492.348658",
						"1.75776e-15"
					],
					[
						"6497.870187",
						"1.71359e-15"
					],
					[
						"6503.391716",
						"1.68522e-15"
					],
					[
						"6508.913245",
						"1.67698e-15"
					],
					[
						"6514.434774",
						"1.71571e-15"
					],
					[
						"6519.956304",
						"1.77363e-15"
					],
					[
						"6525.477833",
						"1.83703e-15"
					],
					[
						"6530.999362",
						"1.87878e-15"
					],
					[
						"6536.520891",
						"1.86615e-15"
					],
					[
						"6542.04242",
						"1.83236e-15"
					],
					[
						"6547.56395",
						"1.85473e-15"
					],
					[
						"6553.085479",
						"1.86419e-15"
					],
					[
						"6558.607008",
						"1.82794e-15"
					],
					[
						"6564.128537",
						"1.82018e-15"
					],
					[
						"6569.650066",
						"1.90051e-15"
					],
					[
						"6575.171596",
						"1.90655e-15"
					],
					[
						"6580.693125",
						"1.90981e-15"
					],
					[
						"6586.214654",
						"1.94053e-15"
					],
					[
						"6591.736183",
						"2.02637e-15"
					],
					[
						"6597.257712",
						"2.06076e-15"
					],
					[
						"6602.779242",
						"2.09958e-15"
					],
					[
						"6608.300771",
						"2.1012e-15"
					],
					[
						"6613.8223",
						"2.13511e-15"
					],
					[
						"6619.343829",
						"2.13867e-15"
					],
					[
						"6624.865358",
						"2.15009e-15"
					],
					[
						"6630.386888",
						"2.14917e-15"
					],
					[
						"6635.908417",
						"2.09512e-15"
					],
					[
						"6641.429946",
						"2.06241e-15"
					],
					[
						"6646.951475",
						"2.02774e-15"
					],
					[
						"6652.473004",
						"2.02107e-15"
					],
					[
						"6657.994534",
						"2.00095e-15"
					],
					[
						"6663.516063",
						"1.99583e-15"
					],
					[
						"6669.037592",
						"2.01362e-15"
					],
					[
						"6674.559121",
						"2.00446e-15"
					],
					[
						"6680.08065",
						"2.03509e-15"
					],
					[
						"6685.60218",
						"2.05704e-15"
					],
					[
						"6691.123709",
						"2.11637e-15"
					],
					[
						"6696.645238",
						"2.15843e-15"
					],
					[
						"6702.166767",
						"2.17236e-15"
					],
					[
						"6707.688296",
						"2.18092e-15"
					],
					[
						"6713.209826",
						"2.17957e-15"
					],
					[
						"6718.731355",
						"2.24552e-15"
					],
					[
						"6724.252884",
						"2.2367e-15"
					],
					[
						"6729.774413",
						"2.25022e-15"
					],
					[
						"6735.295942",
						"2.31555e-15"
					],
					[
						"6740.817471",
						"2.34838e-15"
					],
					[
						"6746.339001",
						"2.35751e-15"
					],
					[
						"6751.86053",
						"2.40346e-15"
					],
					[
						"6757.382059",
						"2.45234e-15"
					],
					[
						"6762.903588",
						"2.51802e-15"
					],
					[
						"6768.425117",
						"2.55968e-15"
					],
					[
						"6773.946647",
						"2.59719e-15"
					],
					[
						"6779.468176",
						"2.55611e-15"
					],
					[
						"6784.989705",
						"2.5917e-15"
					],
					[
						"6790.511234",
						"2.54725e-15"
					],
					[
						"6796.032763",
						"2.55137e-15"
					],
					[
						"6801.554293",
						"2.54776e-15"
					],
					[
						"6807.075822",
						"2.52808e-15"
					],
					[
						"6812.597351",
						"2.55823e-15"
					],
					[
						"6818.11888",
						"2.57468e-15"
					],
					[
						"6823.640409",
						"2.48435e-15"
					],
					[
						"6829.161939",
						"2.52353e-15"
					],
					[
						"6834.683468",
						"2.58042e-15"
					],
					[
						"6840.204997",
						"2.5617e-15"
					],
					[
						"6845.726526",
						"2.5973e-15"
					],
					[
						"6851.248055",
						"2.55121e-15"
					],
					[
						"6856.769585",
						"2.52303e-15"
					],
					[
						"6862.291114",
						"2.49821e-15"
					],
					[
						"6867.812643",
						"2.43717e-15"
					],
					[
						"6873.334172",
						"2.37208e-15"
					],
					[
						"6878.855701",
						"2.27662e-15"
					],
					[
						"6884.377231",
						"2.26578e-15"
					],
					[
						"6889.89876",
						"2.41755e-15"
					],
					[
						"6895.420289",
						"2.52637e-15"
					],
					[
						"6900.941818",
						"2.4648e-15"
					],
					[
						"6906.463347",
						"2.47281e-15"
					],
					[
						"6911.984877",
						"2.48101e-15"
					],
					[
						"6917.506406",
						"2.43424e-15"
					],
					[
						"6923.027935",
						"2.29107e-15"
					],
					[
						"6928.549464",
						"2.20882e-15"
					],
					[
						"6934.070993",
						"2.22309e-15"
					],
					[
						"6939.592523",
						"2.14225e-15"
					],
					[
						"6945.114052",
						"2.04198e-15"
					],
					[
						"6950.635581",
						"1.95616e-15"
					],
					[
						"6956.15711",
						"1.885e-15"
					],
					[
						"6961.678639",
						"1.84373e-15"
					],
					[
						"6967.200169",
						"1.84101e-15"
					],
					[
						"6972.721698",
						"1.87618e-15"
					],
					[
						"6978.243227",
						"1.92973e-15"
					],
					[
						"6983.764756",
						"1.95494e-15"
					],
					[
						"6989.286285",
						"1.94606e-15"
					],
					[
						"6994.807815",
						"1.89769e-15"
					],
					[
						"7000.329344",
						"1.87218e-15"
					],
					[
						"7005.850873",
						"1.86557e-15"
					],
					[
						"7011.372402",
						"1.85802e-15"
					],
					[
						"7016.893931",
						"1.89629e-15"
					],
					[
						"7022.415461",
						"1.98931e-15"
					],
					[
						"7027.93699",
						"2.07798e-15"
					],
					[
						"7033.458519",
						"2.19219e-15"
					],
					[
						"7038.980048",
						"2.31099e-15"
					],
					[
						"7044.501577",
						"2.38516e-15"
					],
					[
						"7050.023107",
						"2.44e-15"
					],
					[
						"7055.544636",
						"2.44993e-15"
					],
					[
						"7061.066165",
						"2.42214e-15"
					],
					[
						"7066.587694",
						"2.3798e-15"
					],
					[
						"7072.109223",
						"2.35063e-15"
					],
					[
						"7077.630753",
						"2.27701e-15"
					],
					[
						"7083.152282",
						"2.24841e-15"
					],
					[
						"7088.673811",
						"2.1832e-15"
					],
					[
						"7094.19534",
						"2.16579e-15"
					],
					[
						"7099.716869",
						"2.11388e-15"
					],
					[
						"7105.238399",
						"2.05966e-15"
					],
					[
						"7110.759928",
						"1.96731e-15"
					],
					[
						"7116.281457",
						"1.9997e-15"
					],
					[
						"7121.802986",
						"2.01293e-15"
					],
					[
						"7127.324515",
						"1.97176e-15"
					],
					[
						"7132.846045",
						"1.96105e-15"
					],
					[
						"7138.367574",
						"2.02186e-15"
					],
					[
						"7143.889103",
						"2.09312e-15"
					],
					[
						"7149.410632",
						"2.08277e-15"
					],
					[
						"7154.932161",
						"2.05175e-15"
					],
					[
						"7160.453691",
						"2.01448e-15"
					],
					[
						"7165.97522",
						"2.02196e-15"
					],
					[
						"7171.496749",
						"2.08849e-15"
					],
					[
						"7177.018278",
						"2.08638e-15"
					],
					[
						"7182.539807",
						"2.02491e-15"
					],
					[
						"7188.061337",
						"2.02128e-15"
					],
					[
						"7193.582866",
						"2.04622e-15"
					],
					[
						"7199.104395",
						"2.09969e-15"
					],
					[
						"7204.625924",
						"2.18398e-15"
					],
					[
						"7210.147453",
						"2.23472e-15"
					],
					[
						"7215.668983",
						"2.30144e-15"
					],
					[
						"7221.190512",
						"2.41352e-15"
					],
					[
						"7226.712041",
						"2.50788e-15"
					],
					[
						"7232.23357",
						"2.5231e-15"
					],
					[
						"7237.755099",
						"2.43677e-15"
					],
					[
						"7243.276628",
						"2.37072e-15"
					],
					[
						"7248.798158",
						"2.3661e-15"
					],
					[
						"7254.319687",
						"2.32163e-15"
					],
					[
						"7259.841216",
						"2.28669e-15"
					],
					[
						"7265.362745",
						"2.33344e-15"
					],
					[
						"7270.884274",
						"2.23746e-15"
					],
					[
						"7276.405804",
						"2.22587e-15"
					],
					[
						"7281.927333",
						"2.26746e-15"
					],
					[
						"7287.448862",
						"2.29702e-15"
					],
					[
						"7292.970391",
						"2.27004e-15"
					],
					[
						"7298.49192",
						"2.26919e-15"
					],
					[
						"7304.01345",
						"2.29009e-15"
					],
					[
						"7309.534979",
						"2.36963e-15"
					],
					[
						"7315.056508",
						"2.40593e-15"
					],
					[
						"7320.578037",
						"2.39526e-15"
					],
					[
						"7326.099566",
						"2.41003e-15"
					],
					[
						"7331.621096",
						"2.40853e-15"
					],
					[
						"7337.142625",
						"2.42628e-15"
					],
					[
						"7342.664154",
						"2.45857e-15"
					],
					[
						"7348.185683",
						"2.44825e-15"
					],
					[
						"7353.707212",
						"2.45349e-15"
					],
					[
						"7359.228742",
						"2.51531e-15"
					],
					[
						"7364.750271",
						"2.55267e-15"
					],
					[
						"7370.2718",
						"2.58417e-15"
					],
					[
						"7375.793329",
						"2.6661e-15"
					],
					[
						"7381.314858",
						"2.70964e-15"
					],
					[
						"7386.836388",
						"2.71458e-15"
					],
					[
						"7392.357917",
						"2.75764e-15"
					],
					[
						"7397.879446",
						"2.84515e-15"
					],
					[
						"7403.400975",
						"2.94819e-15"
					],
					[
						"7408.922504",
						"2.97738e-15"
					],
					[
						"7414.444034",
						"3.01749e-15"
					],
					[
						"7419.965563",
						"3.05874e-15"
					],
					[
						"7425.487092",
						"3.04714e-15"
					],
					[
						"7431.008621",
						"3.07242e-15"
					],
					[
						"7436.53015",
						"3.09734e-15"
					],
					[
						"7442.05168",
						"3.06854e-15"
					],
					[
						"7447.573209",
						"2.98885e-15"
					],
					[
						"7453.094738",
						"2.93356e-15"
					],
					[
						"7458.616267",
						"2.96238e-15"
					],
					[
						"7464.137796",
						"3.01147e-15"
					],
					[
						"7469.659326",
						"3.02029e-15"
					],
					[
						"7475.180855",
						"2.90915e-15"
					],
					[
						"7480.702384",
						"2.88233e-15"
					],
					[
						"7486.223913",
						"2.97674e-15"
					],
					[
						"7491.745442",
						"3.01118e-15"
					],
					[
						"7497.266972",
						"3.10862e-15"
					],
					[
						"7502.788501",
						"3.11612e-15"
					],
					[
						"7508.31003",
						"3.12879e-15"
					],
					[
						"7513.831559",
						"3.20654e-15"
					],
					[
						"7519.353088",
						"3.27374e-15"
					],
					[
						"7524.874618",
						"3.36578e-15"
					],
					[
						"7530.396147",
						"3.40131e-15"
					],
					[
						"7535.917676",
						"3.35191e-15"
					],
					[
						"7541.439205",
						"3.35107e-15"
					],
					[
						"7546.960734",
						"3.42152e-15"
					],
					[
						"7552.482264",
						"3.53576e-15"
					],
					[
						"7558.003793",
						"3.6018e-15"
					],
					[
						"7563.525322",
						"3.65103e-15"
					],
					[
						"7569.046851",
						"3.67293e-15"
					],
					[
						"7574.56838",
						"3.59359e-15"
					],
					[
						"7580.08991",
						"3.57029e-15"
					],
					[
						"7585.611439",
						"3.49818e-15"
					],
					[
						"7591.132968",
						"3.26511e-15"
					],
					[
						"7596.654497",
						"2.93868e-15"
					],
					[
						"7602.176026",
						"2.5298e-15"
					],
					[
						"7607.697556",
						"2.02887e-15"
					],
					[
						"7613.219085",
						"1.53996e-15"
					],
					[
						"7618.740614",
						"1.37992e-15"
					],
					[
						"7624.262143",
						"1.57465e-15"
					],
					[
						"7629.783672",
						"1.894e-15"
					],
					[
						"7635.305202",
						"2.07236e-15"
					],
					[
						"7640.826731",
						"1.96356e-15"
					],
					[
						"7646.34826",
						"2.00975e-15"
					],
					[
						"7651.869789",
						"2.25736e-15"
					],
					[
						"7657.391318",
						"2.4969e-15"
					],
					[
						"7662.912848",
						"2.69017e-15"
					],
					[
						"7668.434377",
						"2.8629e-15"
					],
					[
						"7673.955906",
						"3.12357e-15"
					],
					[
						"7679.477435",
						"3.21939e-15"
					],
					[
						"7684.998964",
						"3.37938e-15"
					],
					[
						"7690.520494",
						"3.5864e-15"
					],
					[
						"7696.042023",
						"3.77331e-15"
					],
					[
						"7701.563552",
						"3.78771e-15"
					],
					[
						"7707.085081",
						"3.72622e-15"
					],
					[
						"7712.60661",
						"3.77211e-15"
					],
					[
						"7718.128139",
						"3.87274e-15"
					],
					[
						"7723.649669",
						"3.92837e-15"
					],
					[
						"7729.171198",
						"3.93874e-15"
					],
					[
						"7734.692727",
						"3.99522e-15"
					],
					[
						"7740.214256",
						"4.04296e-15"
					],
					[
						"7745.735785",
						"4.00285e-15"
					],
					[
						"7751.257315",
						"4.05904e-15"
					],
					[
						"7756.778844",
						"4.17376e-15"
					],
					[
						"7762.300373",
						"4.21859e-15"
					],
					[
						"7767.821902",
						"4.26366e-15"
					],
					[
						"7773.343431",
						"4.26575e-15"
					],
					[
						"7778.864961",
						"4.21436e-15"
					],
					[
						"7784.38649",
						"4.24755e-15"
					],
					[
						"7789.908019",
						"4.37035e-15"
					],
					[
						"7795.429548",
						"4.38883e-15"
					],
					[
						"7800.951077",
						"4.4409e-15"
					],
					[
						"7806.472607",
						"4.47325e-15"
					],
					[
						"7811.994136",
						"4.42726e-15"
					],
					[
						"7817.515665",
						"4.34143e-15"
					],
					[
						"7823.037194",
						"4.53485e-15"
					],
					[
						"7828.558723",
						"4.54194e-15"
					],
					[
						"7834.080253",
						"4.57749e-15"
					],
					[
						"7839.601782",
						"4.51566e-15"
					],
					[
						"7845.123311",
						"4.36384e-15"
					],
					[
						"7850.64484",
						"4.13694e-15"
					],
					[
						"7856.166369",
						"4.05135e-15"
					],
					[
						"7861.687899",
						"3.96026e-15"
					],
					[
						"7867.209428",
						"3.74473e-15"
					],
					[
						"7872.730957",
						"3.55763e-15"
					],
					[
						"7878.252486",
						"3.4861e-15"
					],
					[
						"7883.774015",
						"3.36048e-15"
					],
					[
						"7889.295545",
						"3.10141e-15"
					],
					[
						"7894.817074",
						"2.98805e-15"
					],
					[
						"7900.338603",
						"3.03295e-15"
					],
					[
						"7905.860132",
						"2.96499e-15"
					],
					[
						"7911.381661",
						"2.72345e-15"
					],
					[
						"7916.903191",
						"2.51142e-15"
					],
					[
						"7922.42472",
						"2.5315e-15"
					],
					[
						"7927.946249",
						"2.56533e-15"
					],
					[
						"7933.467778",
						"2.5545e-15"
					],
					[
						"7938.989307",
						"2.54192e-15"
					],
					[
						"7944.510837",
						"2.50292e-15"
					],
					[
						"7950.032366",
						"2.45761e-15"
					],
					[
						"7955.553895",
						"2.39778e-15"
					],
					[
						"7961.075424",
						"2.32955e-15"
					],
					[
						"7966.596953",
						"2.41459e-15"
					],
					[
						"7972.118483",
						"2.58159e-15"
					],
					[
						"7977.640012",
						"2.64184e-15"
					],
					[
						"7983.161541",
						"2.79816e-15"
					],
					[
						"7988.68307",
						"2.85644e-15"
					],
					[
						"7994.204599",
						"2.93756e-15"
					],
					[
						"7999.726129",
						"3.08426e-15"
					],
					[
						"8005.247658",
						"3.13617e-15"
					],
					[
						"8010.769187",
						"3.14688e-15"
					],
					[
						"8016.290716",
						"3.12062e-15"
					],
					[
						"8021.812245",
						"3.09921e-15"
					],
					[
						"8027.333775",
						"3.13787e-15"
					],
					[
						"8032.855304",
						"3.23629e-15"
					],
					[
						"8038.376833",
						"3.31578e-15"
					],
					[
						"8043.898362",
						"3.31328e-15"
					],
					[
						"8049.419891",
						"3.35038e-15"
					],
					[
						"8054.941421",
						"3.36776e-15"
					],
					[
						"8060.46295",
						"3.19992e-15"
					],
					[
						"8065.984479",
						"3.07379e-15"
					],
					[
						"8071.506008",
						"3.13286e-15"
					],
					[
						"8077.027537",
						"3.21434e-15"
					],
					[
						"8082.549067",
						"3.09301e-15"
					],
					[
						"8088.070596",
						"2.84034e-15"
					],
					[
						"8093.592125",
						"2.69115e-15"
					],
					[
						"8099.113654",
						"2.63884e-15"
					],
					[
						"8104.635183",
						"2.59487e-15"
					],
					[
						"8110.156713",
						"2.41175e-15"
					],
					[
						"8115.678242",
						"2.42553e-15"
					],
					[
						"8121.199771",
						"2.44059e-15"
					],
					[
						"8126.7213",
						"2.45181e-15"
					],
					[
						"8132.242829",
						"2.42588e-15"
					],
					[
						"8137.764359",
						"2.3492e-15"
					],
					[
						"8143.285888",
						"2.28576e-15"
					],
					[
						"8148.807417",
						"2.28726e-15"
					],
					[
						"8154.328946",
						"2.34972e-15"
					],
					[
						"8159.850475",
						"2.32284e-15"
					],
					[
						"8165.372005",
						"2.25684e-15"
					],
					[
						"8170.893534",
						"2.24112e-15"
					],
					[
						"8176.415063",
						"2.30098e-15"
					],
					[
						"8181.936592",
						"2.39561e-15"
					],
					[
						"8187.458121",
						"2.5749e-15"
					],
					[
						"8192.97965",
						"2.73521e-15"
					],
					[
						"8198.50118",
						"2.77566e-15"
					],
					[
						"8204.022709",
						"2.9028e-15"
					],
					[
						"8209.544238",
						"2.94427e-15"
					],
					[
						"8215.065767",
						"3.01131e-15"
					],
					[
						"8220.587296",
						"3.07131e-15"
					],
					[
						"8226.108826",
						"3.15553e-15"
					],
					[
						"8231.630355",
						"3.28131e-15"
					],
					[
						"8237.151884",
						"3.26327e-15"
					],
					[
						"8242.673413",
						"3.14332e-15"
					],
					[
						"8248.194942",
						"3.07792e-15"
					],
					[
						"8253.716472",
						"3.38943e-15"
					],
					[
						"8259.238001",
						"3.52771e-15"
					],
					[
						"8264.75953",
						"3.5039e-15"
					],
					[
						"8270.281059",
						"3.38904e-15"
					],
					[
						"8275.802588",
						"3.25883e-15"
					],
					[
						"8281.324118",
						"3.32013e-15"
					],
					[
						"8286.845647",
						"3.28816e-15"
					],
					[
						"8292.367176",
						"3.18058e-15"
					],
					[
						"8297.888705",
						"3.25054e-15"
					],
					[
						"8303.410234",
						"3.2635e-15"
					],
					[
						"8308.931764",
						"3.14844e-15"
					],
					[
						"8314.453293",
						"3.04679e-15"
					],
					[
						"8319.974822",
						"3.01107e-15"
					],
					[
						"8325.496351",
						"3.05426e-15"
					],
					[
						"8331.01788",
						"3.1778e-15"
					],
					[
						"8336.53941",
						"3.30483e-15"
					],
					[
						"8342.060939",
						"3.33208e-15"
					],
					[
						"8347.582468",
						"3.25774e-15"
					],
					[
						"8353.103997",
						"3.2066e-15"
					],
					[
						"8358.625526",
						"3.3091e-15"
					],
					[
						"8364.147056",
						"3.351e-15"
					],
					[
						"8369.668585",
						"3.49943e-15"
					],
					[
						"8375.190114",
						"3.48954e-15"
					],
					[
						"8380.711643",
						"3.4663e-15"
					],
					[
						"8386.233172",
						"3.43032e-15"
					],
					[
						"8391.754702",
						"3.43064e-15"
					],
					[
						"8397.276231",
						"3.51844e-15"
					],
					[
						"8402.79776",
						"3.67063e-15"
					],
					[
						"8408.319289",
						"3.85286e-15"
					],
					[
						"8413.840818",
						"4.03741e-15"
					],
					[
						"8419.362348",
						"4.06026e-15"
					],
					[
						"8424.883877",
						"3.9881e-15"
					],
					[
						"8430.405406",
						"3.86114e-15"
					],
					[
						"8435.926935",
						"3.95846e-15"
					],
					[
						"8441.448464",
						"4.0754e-15"
					],
					[
						"8446.969994",
						"4.15219e-15"
					],
					[
						"8452.491523",
						"4.07178e-15"
					],
					[
						"8458.013052",
						"3.87543e-15"
					],
					[
						"8463.534581",
						"3.77142e-15"
					],
					[
						"8469.05611",
						"3.81674e-15"
					],
					[
						"8474.57764",
						"3.90007e-15"
					],
					[
						"8480.099169",
						"3.98773e-15"
					],
					[
						"8485.620698",
						"4.09549e-15"
					],
					[
						"8491.142227",
						"4.13553e-15"
					],
					[
						"8496.663756",
						"3.99146e-15"
					],
					[
						"8502.185286",
						"3.73543e-15"
					],
					[
						"8507.706815",
						"3.72653e-15"
					],
					[
						"8513.228344",
						"3.82376e-15"
					],
					[
						"8518.749873",
						"3.86311e-15"
					],
					[
						"8524.271402",
						"3.92417e-15"
					],
					[
						"8529.792932",
						"3.87289e-15"
					],
					[
						"8535.314461",
						"3.68705e-15"
					],
					[
						"8540.83599",
						"3.44559e-15"
					],
					[
						"8546.357519",
						"3.51957e-15"
					],
					[
						"8551.879048",
						"3.72428e-15"
					],
					[
						"8557.400578",
						"3.80131e-15"
					],
					[
						"8562.922107",
						"3.854e-15"
					],
					[
						"8568.443636",
						"3.99935e-15"
					],
					[
						"8573.965165",
						"3.97845e-15"
					],
					[
						"8579.486694",
						"3.81924e-15"
					],
					[
						"8585.008224",
						"3.85702e-15"
					],
					[
						"8590.529753",
						"4.05687e-15"
					],
					[
						"8596.051282",
						"4.26111e-15"
					],
					[
						"8601.572811",
						"4.33934e-15"
					],
					[
						"8607.09434",
						"4.2751e-15"
					],
					[
						"8612.61587",
						"4.28555e-15"
					],
					[
						"8618.137399",
						"4.25015e-15"
					],
					[
						"8623.658928",
						"4.27341e-15"
					],
					[
						"8629.180457",
						"4.45412e-15"
					],
					[
						"8634.701986",
						"4.6274e-15"
					],
					[
						"8640.223516",
						"4.71186e-15"
					],
					[
						"8645.745045",
						"4.5888e-15"
					],
					[
						"8651.266574",
						"4.46103e-15"
					],
					[
						"8656.788103",
						"4.40593e-15"
					],
					[
						"8662.309632",
						"4.42855e-15"
					],
					[
						"8667.831162",
						"4.56948e-15"
					],
					[
						"8673.352691",
						"4.64615e-15"
					],
					[
						"8678.87422",
						"4.59351e-15"
					],
					[
						"8684.395749",
						"4.40511e-15"
					],
					[
						"8689.917278",
						"4.45865e-15"
					],
					[
						"8695.438807",
						"4.59414e-15"
					],
					[
						"8700.960337",
						"4.84656e-15"
					],
					[
						"8706.481866",
						"5.04971e-15"
					],
					[
						"8712.003395",
						"5.24394e-15"
					],
					[
						"8717.524924",
						"5.22124e-15"
					],
					[
						"8723.046453",
						"5.06396e-15"
					],
					[
						"8728.567983",
						"4.9795e-15"
					],
					[
						"8734.089512",
						"5.07215e-15"
					],
					[
						"8739.611041",
						"5.19852e-15"
					],
					[
						"8745.13257",
						"5.36306e-15"
					],
					[
						"8750.654099",
						"5.44277e-15"
					],
					[
						"8756.175629",
						"5.29392e-15"
					],
					[
						"8761.697158",
						"4.97226e-15"
					],
					[
						"8767.218687",
						"4.73719e-15"
					],
					[
						"8772.740216",
						"4.8523e-15"
					],
					[
						"8778.261745",
						"5.06451e-15"
					],
					[
						"8783.783275",
						"5.15842e-15"
					],
					[
						"8789.304804",
						"5.14029e-15"
					],
					[
						"8794.826333",
						"5.11279e-15"
					],
					[
						"8800.347862",
						"5.02049e-15"
					],
					[
						"8805.869391",
						"4.92315e-15"
					],
					[
						"8811.390921",
						"5.10654e-15"
					],
					[
						"8816.91245",
						"5.28972e-15"
					],
					[
						"8822.433979",
						"5.39438e-15"
					],
					[
						"8827.955508",
						"5.38289e-15"
					],
					[
						"8833.477037",
						"5.26108e-15"
					],
					[
						"8838.998567",
						"5.14697e-15"
					],
					[
						"8844.520096",
						"5.28812e-15"
					],
					[
						"8850.041625",
						"5.61733e-15"
					],
					[
						"8855.563154",
						"5.91298e-15"
					],
					[
						"8861.084683",
						"6.01352e-15"
					],
					[
						"8866.606213",
						"5.87203e-15"
					],
					[
						"8872.127742",
						"5.47083e-15"
					],
					[
						"8877.649271",
						"5.31073e-15"
					],
					[
						"8883.1708",
						"5.44938e-15"
					],
					[
						"8888.692329",
						"5.71115e-15"
					],
					[
						"8894.213859",
						"5.89784e-15"
					],
					[
						"8899.735388",
						"5.75323e-15"
					],
					[
						"8905.256917",
						"5.58789e-15"
					],
					[
						"8910.778446",
						"5.47581e-15"
					],
					[
						"8916.299975",
						"5.69094e-15"
					],
					[
						"8921.821505",
						"5.87796e-15"
					],
					[
						"8927.343034",
						"6.16221e-15"
					],
					[
						"8932.864563",
						"6.15782e-15"
					],
					[
						"8938.386092",
						"5.89602e-15"
					],
					[
						"8943.907621",
						"5.68806e-15"
					],
					[
						"8949.429151",
						"5.6496e-15"
					],
					[
						"8954.95068",
						"5.76635e-15"
					],
					[
						"8960.472209",
						"6.0563e-15"
					],
					[
						"8965.993738",
						"6.2208e-15"
					],
					[
						"8971.515267",
						"5.95275e-15"
					],
					[
						"8977.036797",
						"5.52943e-15"
					],
					[
						"8982.558326",
						"5.33968e-15"
					],
					[
						"8988.079855",
						"5.51126e-15"
					],
					[
						"8993.601384",
						"5.75999e-15"
					],
					[
						"8999.122913",
						"5.76577e-15"
					],
					[
						"9004.644443",
						"5.42521e-15"
					],
					[
						"9010.165972",
						"5.12187e-15"
					],
					[
						"9015.687501",
						"5.35758e-15"
					],
					[
						"9021.20903",
						"5.60157e-15"
					],
					[
						"9026.730559",
						"5.88187e-15"
					],
					[
						"9032.252089",
						"5.89533e-15"
					],
					[
						"9037.773618",
						"5.73723e-15"
					],
					[
						"9043.295147",
						"5.68358e-15"
					],
					[
						"9048.816676",
						"6.00175e-15"
					],
					[
						"9054.338205",
						"6.35015e-15"
					],
					[
						"9059.859735",
						"6.61226e-15"
					],
					[
						"9065.381264",
						"6.53745e-15"
					],
					[
						"9070.902793",
						"6.21782e-15"
					],
					[
						"9076.424322",
						"6.00636e-15"
					],
					[
						"9081.945851",
						"6.16227e-15"
					],
					[
						"9087.467381",
						"6.44984e-15"
					],
					[
						"9092.98891",
						"6.53181e-15"
					],
					[
						"9098.510439",
						"6.22572e-15"
					],
					[
						"9104.031968",
						"5.92522e-15"
					],
					[
						"9109.553497",
						"5.78085e-15"
					],
					[
						"9115.075027",
						"5.86319e-15"
					],
					[
						"9120.596556",
						"5.86996e-15"
					],
					[
						"9126.118085",
						"5.52651e-15"
					],
					[
						"9131.639614",
						"5.03203e-15"
					],
					[
						"9137.161143",
						"4.79829e-15"
					],
					[
						"9142.682672",
						"4.86986e-15"
					],
					[
						"9148.204202",
						"4.77518e-15"
					],
					[
						"9153.725731",
						"4.37376e-15"
					],
					[
						"9159.24726",
						"3.86212e-15"
					],
					[
						"9164.768789",
						"3.59718e-15"
					],
					[
						"9170.290318",
						"3.77374e-15"
					],
					[
						"9175.811848",
						"3.83473e-15"
					],
					[
						"9181.333377",
						"3.54273e-15"
					],
					[
						"9186.854906",
						"3.16074e-15"
					],
					[
						"9192.376435",
						"2.907e-15"
					],
					[
						"9197.897964",
						"2.90326e-15"
					],
					[
						"9203.419494",
						"2.86725e-15"
					],
					[
						"9208.941023",
						"2.80744e-15"
					],
					[
						"9214.462552",
						"2.94447e-15"
					],
					[
						"9219.984081",
						"3.20614e-15"
					],
					[
						"9225.50561",
						"3.17463e-15"
					],
					[
						"9231.02714",
						"3.22996e-15"
					],
					[
						"9236.548669",
						"3.25427e-15"
					],
					[
						"9242.070198",
						"3.27963e-15"
					],
					[
						"9247.591727",
						"3.30016e-15"
					],
					[
						"9253.113256",
						"3.30047e-15"
					],
					[
						"9258.634786",
						"3.30942e-15"
					],
					[
						"9264.156315",
						"3.32158e-15"
					],
					[
						"9269.677844",
						"3.33114e-15"
					],
					[
						"9275.199373",
						"3.34121e-15"
					],
					[
						"9280.720902",
						"3.35139e-15"
					],
					[
						"9286.242432",
						"3.36091e-15"
					]
				],
				"source":"2"
			}
		]
	}
}