{
	"ASASSN-15nx":{
		"schema":"https://github.com/astrocatalogs/supernovae/blob/a0bc0b9/SCHEMA.md",
		"name":"ASASSN-15nx",
		"sources":[
			{
				"name":"2016A&A...594A..13P",
				"bibcode":"2016A&A...594A..13P",
				"reference":"Planck Collaboration et al. (2016)",
				"alias":"1"
			},
			{
				"name":"2015ATel.7895....1K",
				"bibcode":"2015ATel.7895....1K",
				"reference":"Kiyota et al. (2015)",
				"alias":"2"
			},
			{
				"name":"2015ATel.8016....1E",
				"bibcode":"2015ATel.8016....1E",
				"reference":"Elias-Rosa et al. (2015)",
				"alias":"3"
			},
			{
				"name":"2011ApJ...737..103S",
				"bibcode":"2011ApJ...737..103S",
				"reference":"Schlafly & Finkbeiner (2011)",
				"alias":"4"
			},
			{
				"name":"ASAS-SN Supernovae",
				"url":"http://www.astronomy.ohio-state.edu/~assassin/sn_list.html",
				"alias":"5"
			},
			{
				"name":"Asiago Supernova Catalogue",
				"secondary":true,
				"url":"http://graspa.oapd.inaf.it/cgi-bin/sncat.php",
				"alias":"6"
			},
			{
				"name":"Latest Supernovae",
				"secondary":true,
				"url":"http://www.rochesterastronomy.org/snimages/snredshiftall.html",
				"alias":"7"
			},
			{
				"name":"The Open Supernova Catalog",
				"bibcode":"2017ApJ...835...64G",
				"reference":"Guillochon et al. (2017)",
				"secondary":true,
				"url":"https://sne.space",
				"alias":"8"
			},
			{
				"name":"WISeREP",
				"bibcode":"2012PASP..124..668Y",
				"reference":"Yaron & Gal-Yam (2012)",
				"secondary":true,
				"url":"http://wiserep.weizmann.ac.il/",
				"alias":"9"
			},
			{
				"name":"SIMBAD astronomical database",
				"bibcode":"2000A&AS..143....9W",
				"reference":"Wenger et al. (2000)",
				"secondary":true,
				"url":"http://simbad.u-strasbg.fr/",
				"alias":"10"
			}
		],
		"alias":[
			{
				"value":"ASASSN-15nx",
				"source":"2,5,6,7,9,10"
			}
		],
		"claimedtype":[
			{
				"value":"II Pec",
				"source":"2,3,5,6,7,9,10"
			}
		],
		"comovingdist":[
			{
				"value":"110",
				"derived":true,
				"u_value":"Mpc",
				"source":"1,2,3,5,6,7,8,9"
			}
		],
		"dec":[
			{
				"value":"-09:42:11.2",
				"u_value":"degrees",
				"source":"2,3,6,7,10"
			},
			{
				"value":"-09:42:11.232",
				"u_value":"degrees",
				"source":"2,5"
			}
		],
		"discoverdate":[
			{
				"value":"2015/08/08",
				"source":"2,7"
			}
		],
		"discoverer":[
			{
				"value":"ASAS-SN",
				"source":"2,7"
			},
			{
				"value":"ASASSN",
				"source":"3,6"
			}
		],
		"ebv":[
			{
				"value":"0.0707",
				"derived":true,
				"e_value":"0.003",
				"source":"4,8"
			}
		],
		"host":[
			{
				"value":"GALEXASC J044353.08-094205.8",
				"source":"2,5"
			},
			{
				"value":"GALEXASC J044353.08-",
				"source":"3,6"
			}
		],
		"hostdec":[
			{
				"value":"-09:42:05.8",
				"derived":true,
				"u_value":"degrees",
				"source":"8"
			}
		],
		"hostoffsetang":[
			{
				"value":"5.54",
				"u_value":"arcseconds",
				"source":"2,5"
			}
		],
		"hostoffsetdist":[
			{
				"value":"2.88",
				"source":"1,2,3,5,6,7,8,9,10"
			}
		],
		"hostra":[
			{
				"value":"04:43:53.08",
				"derived":true,
				"u_value":"hours",
				"source":"8"
			}
		],
		"lumdist":[
			{
				"value":"117",
				"derived":true,
				"u_value":"Mpc",
				"source":"1,2,3,5,6,7,8,9"
			}
		],
		"maxabsmag":[
			{
				"value":"-19.7",
				"derived":true,
				"source":"1,2,3,5,6,7,8,9"
			}
		],
		"maxappmag":[
			{
				"value":"15.6",
				"derived":true,
				"source":"2,7,8"
			}
		],
		"maxdate":[
			{
				"value":"2015/08/07",
				"derived":true,
				"source":"2,7,8"
			}
		],
		"maxvisualabsmag":[
			{
				"value":"-19.7",
				"derived":true,
				"source":"1,2,3,5,6,7,8,9"
			}
		],
		"maxvisualappmag":[
			{
				"value":"15.6",
				"derived":true,
				"source":"2,7,8"
			}
		],
		"maxvisualdate":[
			{
				"value":"2015/08/07",
				"derived":true,
				"source":"2,7,8"
			}
		],
		"ra":[
			{
				"value":"04:43:53.19",
				"u_value":"hours",
				"source":"2,3,6,7,10"
			},
			{
				"value":"04:43:53.184",
				"u_value":"hours",
				"source":"2,5"
			}
		],
		"redshift":[
			{
				"value":"0.026",
				"source":"2,3,5,6,7,9"
			}
		],
		"velocity":[
			{
				"value":"7700",
				"u_value":"km/s",
				"source":"8"
			}
		],
		"photometry":[
			{
				"time":"57241.5",
				"magnitude":"15.6",
				"u_time":"MJD",
				"source":"2,7"
			}
		],
		"spectra":[
			{
				"time":"57273.0",
				"filename":"ASASSNm15nx_2015-09-08_02:45:51_Asiago.ascii",
				"instrument":"Ekar - AFOSC",
				"observer":"Cappellaro / Elias-Rosa",
				"redshift":"0.026",
				"reducer":"Unknown",
				"reduction":"final",
				"survey":"Asiago",
				"u_fluxes":"erg/s/cm^2/Angstrom",
				"u_time":"MJD",
				"u_wavelengths":"Angstrom",
				"data":[
					[
						"3398.040932",
						"1.577707258e-16"
					],
					[
						"3402.797332",
						"-4.799799546e-16"
					],
					[
						"3407.553732",
						"4.547777598e-16"
					],
					[
						"3412.310132",
						"-3.337477366e-16"
					],
					[
						"3417.066532",
						"4.142317749e-16"
					],
					[
						"3421.822932",
						"4.473211699e-16"
					],
					[
						"3426.579332",
						"6.029880909e-16"
					],
					[
						"3431.335732",
						"5.736242115e-16"
					],
					[
						"3436.092132",
						"4.024638668e-16"
					],
					[
						"3440.848532",
						"3.149496138e-16"
					],
					[
						"3445.604932",
						"1.048073173e-16"
					],
					[
						"3450.361332",
						"1.387506539e-16"
					],
					[
						"3455.117732",
						"4.218552567e-16"
					],
					[
						"3459.874132",
						"2.348899919e-16"
					],
					[
						"3464.630532",
						"-1.217328207e-17"
					],
					[
						"3469.386932",
						"6.190465518e-17"
					],
					[
						"3474.143332",
						"5.181086133e-16"
					],
					[
						"3478.899732",
						"5.405884442e-16"
					],
					[
						"3483.656132",
						"4.103403732e-16"
					],
					[
						"3488.412532",
						"2.303649566e-16"
					],
					[
						"3493.168932",
						"1.499626437e-16"
					],
					[
						"3497.925332",
						"4.96030329e-16"
					],
					[
						"3502.681732",
						"3.728737237e-16"
					],
					[
						"3507.438131",
						"2.986228949e-16"
					],
					[
						"3512.194531",
						"4.361296412e-16"
					],
					[
						"3516.950931",
						"9.453404514e-17"
					],
					[
						"3521.707331",
						"8.905048619e-17"
					],
					[
						"3526.463731",
						"1.729191424e-16"
					],
					[
						"3531.220131",
						"1.550823756e-16"
					],
					[
						"3535.976531",
						"2.528953977e-16"
					],
					[
						"3540.732931",
						"2.845922441e-16"
					],
					[
						"3545.489331",
						"1.430404258e-16"
					],
					[
						"3550.245731",
						"3.212090814e-16"
					],
					[
						"3555.002131",
						"2.583269436e-16"
					],
					[
						"3559.758531",
						"3.054365603e-16"
					],
					[
						"3564.514931",
						"2.257295688e-16"
					],
					[
						"3569.271331",
						"1.659543346e-17"
					],
					[
						"3574.027731",
						"3.366846571e-18"
					],
					[
						"3578.784131",
						"2.46437645e-16"
					],
					[
						"3583.540531",
						"3.154843033e-16"
					],
					[
						"3588.296931",
						"3.706181808e-16"
					],
					[
						"3593.053331",
						"2.324249408e-16"
					],
					[
						"3597.809731",
						"3.408539195e-16"
					],
					[
						"3602.566131",
						"3.341842497e-16"
					],
					[
						"3607.322531",
						"1.784984426e-16"
					],
					[
						"3612.078931",
						"3.14106419e-16"
					],
					[
						"3616.835331",
						"2.066781302e-16"
					],
					[
						"3621.591731",
						"2.102349275e-16"
					],
					[
						"3626.348131",
						"2.17847517e-16"
					],
					[
						"3631.104531",
						"2.770047348e-16"
					],
					[
						"3635.860931",
						"2.846213609e-16"
					],
					[
						"3640.617331",
						"3.221291974e-16"
					],
					[
						"3645.373731",
						"2.434428277e-16"
					],
					[
						"3650.130131",
						"2.74816531e-16"
					],
					[
						"3654.886531",
						"2.36998601e-16"
					],
					[
						"3659.642931",
						"2.272107118e-16"
					],
					[
						"3664.399331",
						"3.340391953e-16"
					],
					[
						"3669.155731",
						"3.015081274e-16"
					],
					[
						"3673.912131",
						"1.948508107e-16"
					],
					[
						"3678.668531",
						"2.685469255e-16"
					],
					[
						"3683.424931",
						"2.772869555e-16"
					],
					[
						"3688.181331",
						"3.487513371e-16"
					],
					[
						"3692.937731",
						"3.189989872e-16"
					],
					[
						"3697.694131",
						"3.207293696e-16"
					],
					[
						"3702.450531",
						"3.026835179e-16"
					],
					[
						"3707.206931",
						"2.175673608e-16"
					],
					[
						"3711.963331",
						"2.960303124e-16"
					],
					[
						"3716.719731",
						"3.47467738e-16"
					],
					[
						"3721.476131",
						"2.920886445e-16"
					],
					[
						"3726.232531",
						"3.347427621e-16"
					],
					[
						"3730.98893",
						"3.236812794e-16"
					],
					[
						"3735.74533",
						"1.883586208e-16"
					],
					[
						"3740.50173",
						"3.016694077e-16"
					],
					[
						"3745.25813",
						"4.157680809e-16"
					],
					[
						"3750.01453",
						"2.801572326e-16"
					],
					[
						"3754.77093",
						"2.81238576e-16"
					],
					[
						"3759.52733",
						"2.100519684e-16"
					],
					[
						"3764.28373",
						"2.796255076e-16"
					],
					[
						"3769.04013",
						"2.566052432e-16"
					],
					[
						"3773.79653",
						"2.721946199e-16"
					],
					[
						"3778.55293",
						"2.777849315e-16"
					],
					[
						"3783.30933",
						"1.897824567e-16"
					],
					[
						"3788.06573",
						"2.593618326e-16"
					],
					[
						"3792.82213",
						"2.242643606e-16"
					],
					[
						"3797.57853",
						"2.496164273e-16"
					],
					[
						"3802.33493",
						"2.552081153e-16"
					],
					[
						"3807.09133",
						"2.690855061e-16"
					],
					[
						"3811.84773",
						"2.001135058e-16"
					],
					[
						"3816.60413",
						"2.069272903e-16"
					],
					[
						"3821.36053",
						"2.364953046e-16"
					],
					[
						"3826.11693",
						"2.489204574e-16"
					],
					[
						"3830.87333",
						"2.973846916e-16"
					],
					[
						"3835.62973",
						"2.809624433e-16"
					],
					[
						"3840.38613",
						"2.63045923e-16"
					],
					[
						"3845.14253",
						"2.617070286e-16"
					],
					[
						"3849.89893",
						"3.035014606e-16"
					],
					[
						"3854.65533",
						"2.900039376e-16"
					],
					[
						"3859.41173",
						"2.359347541e-16"
					],
					[
						"3864.16813",
						"3.540371138e-16"
					],
					[
						"3868.92453",
						"3.082845762e-16"
					],
					[
						"3873.68093",
						"3.365060994e-16"
					],
					[
						"3878.43733",
						"3.401111775e-16"
					],
					[
						"3883.19373",
						"3.553562353e-16"
					],
					[
						"3887.95013",
						"3.34075803e-16"
					],
					[
						"3892.70653",
						"3.581251595e-16"
					],
					[
						"3897.46293",
						"3.271332298e-16"
					],
					[
						"3902.21933",
						"3.442182285e-16"
					],
					[
						"3906.97573",
						"3.041933277e-16"
					],
					[
						"3911.73213",
						"2.994827392e-16"
					],
					[
						"3916.48853",
						"3.195201771e-16"
					],
					[
						"3921.24493",
						"3.021442226e-16"
					],
					[
						"3926.00133",
						"2.624193833e-16"
					],
					[
						"3930.75773",
						"2.478544665e-16"
					],
					[
						"3935.51413",
						"2.27378292e-16"
					],
					[
						"3940.27053",
						"2.457030557e-16"
					],
					[
						"3945.02693",
						"2.218960433e-16"
					],
					[
						"3949.78333",
						"2.193106473e-16"
					],
					[
						"3954.539729",
						"2.205026873e-16"
					],
					[
						"3959.296129",
						"2.115815907e-16"
					],
					[
						"3964.052529",
						"1.897300068e-16"
					],
					[
						"3968.808929",
						"2.090252453e-16"
					],
					[
						"3973.565329",
						"2.051710336e-16"
					],
					[
						"3978.321729",
						"2.196488516e-16"
					],
					[
						"3983.078129",
						"2.364423386e-16"
					],
					[
						"3987.834529",
						"2.201666402e-16"
					],
					[
						"3992.590929",
						"2.159500705e-16"
					],
					[
						"3997.347329",
						"1.891193887e-16"
					],
					[
						"4002.103729",
						"2.033428189e-16"
					],
					[
						"4006.860129",
						"1.58042266e-16"
					],
					[
						"4011.616529",
						"1.955062289e-16"
					],
					[
						"4016.372929",
						"2.001558707e-16"
					],
					[
						"4021.129329",
						"2.198562424e-16"
					],
					[
						"4025.885729",
						"2.702182538e-16"
					],
					[
						"4030.642129",
						"2.776734937e-16"
					],
					[
						"4035.398529",
						"3.056675621e-16"
					],
					[
						"4040.154929",
						"3.157708122e-16"
					],
					[
						"4044.911329",
						"3.385002796e-16"
					],
					[
						"4049.667729",
						"7.706389796e-17"
					],
					[
						"4054.424129",
						"-1.227505589e-17"
					],
					[
						"4059.180529",
						"3.741777044e-16"
					],
					[
						"4063.936929",
						"3.088016898e-16"
					],
					[
						"4068.693329",
						"3.514042178e-16"
					],
					[
						"4073.449729",
						"3.730973933e-16"
					],
					[
						"4078.206129",
						"3.948661136e-16"
					],
					[
						"4082.962529",
						"3.898125033e-16"
					],
					[
						"4087.718929",
						"3.829626537e-16"
					],
					[
						"4092.475329",
						"4.047622113e-16"
					],
					[
						"4097.231729",
						"3.881348751e-16"
					],
					[
						"4101.988129",
						"3.945501968e-16"
					],
					[
						"4106.744529",
						"3.680959549e-16"
					],
					[
						"4111.500929",
						"3.550384921e-16"
					],
					[
						"4116.257329",
						"3.582059453e-16"
					],
					[
						"4121.013729",
						"3.866931721e-16"
					],
					[
						"4125.770129",
						"4.126570877e-16"
					],
					[
						"4130.526529",
						"4.105307174e-16"
					],
					[
						"4135.282929",
						"3.790425058e-16"
					],
					[
						"4140.039329",
						"4.136073528e-16"
					],
					[
						"4144.795729",
						"4.218601801e-16"
					],
					[
						"4149.552129",
						"4.306575702e-16"
					],
					[
						"4154.308529",
						"3.926095119e-16"
					],
					[
						"4159.064929",
						"3.967669879e-16"
					],
					[
						"4163.821329",
						"4.056708129e-16"
					],
					[
						"4168.577729",
						"4.172460211e-16"
					],
					[
						"4173.334129",
						"4.144206103e-16"
					],
					[
						"4178.090528",
						"4.027655958e-16"
					],
					[
						"4182.846928",
						"3.970158832e-16"
					],
					[
						"4187.603328",
						"3.948103418e-16"
					],
					[
						"4192.359728",
						"3.679976726e-16"
					],
					[
						"4197.116128",
						"3.740112889e-16"
					],
					[
						"4201.872528",
						"3.442889557e-16"
					],
					[
						"4206.628928",
						"3.440757946e-16"
					],
					[
						"4211.385328",
						"3.811858433e-16"
					],
					[
						"4216.141728",
						"3.419138489e-16"
					],
					[
						"4220.898128",
						"3.338662683e-16"
					],
					[
						"4225.654528",
						"1.304533442e-16"
					],
					[
						"4230.410928",
						"2.82996937e-16"
					],
					[
						"4235.167328",
						"3.397988076e-16"
					],
					[
						"4239.923728",
						"3.217876314e-16"
					],
					[
						"4244.680128",
						"3.132190196e-16"
					],
					[
						"4249.436528",
						"3.22495248e-16"
					],
					[
						"4254.192928",
						"3.49085518e-16"
					],
					[
						"4258.949328",
						"3.810930138e-16"
					],
					[
						"4263.705728",
						"3.455505054e-16"
					],
					[
						"4268.462128",
						"3.354137975e-16"
					],
					[
						"4273.218528",
						"3.370993136e-16"
					],
					[
						"4277.974928",
						"3.585181299e-16"
					],
					[
						"4282.731328",
						"3.432067123e-16"
					],
					[
						"4287.487728",
						"3.630831875e-16"
					],
					[
						"4292.244128",
						"3.639771778e-16"
					],
					[
						"4297.000528",
						"3.661538672e-16"
					],
					[
						"4301.756928",
						"3.644199113e-16"
					],
					[
						"4306.513328",
						"3.368634679e-16"
					],
					[
						"4311.269728",
						"3.23476218e-16"
					],
					[
						"4316.026128",
						"3.121625842e-16"
					],
					[
						"4320.782528",
						"3.176553547e-16"
					],
					[
						"4325.538928",
						"3.035510385e-16"
					],
					[
						"4330.295328",
						"2.991046184e-16"
					],
					[
						"4335.051728",
						"3.491436192e-16"
					],
					[
						"4339.808128",
						"3.352253326e-16"
					],
					[
						"4344.564528",
						"3.041367618e-16"
					],
					[
						"4349.320928",
						"3.560831748e-16"
					],
					[
						"4354.077328",
						"4.105737043e-16"
					],
					[
						"4358.833728",
						"3.37229042e-16"
					],
					[
						"4363.590128",
						"3.083221104e-16"
					],
					[
						"4368.346528",
						"3.57364868e-16"
					],
					[
						"4373.102928",
						"3.362241962e-16"
					],
					[
						"4377.859328",
						"2.983205042e-16"
					],
					[
						"4382.615728",
						"2.942279851e-16"
					],
					[
						"4387.372128",
						"3.056626916e-16"
					],
					[
						"4392.128528",
						"2.973465222e-16"
					],
					[
						"4396.884928",
						"3.016056156e-16"
					],
					[
						"4401.641327",
						"3.070619106e-16"
					],
					[
						"4406.397727",
						"3.168663964e-16"
					],
					[
						"4411.154127",
						"3.11641606e-16"
					],
					[
						"4415.910527",
						"3.382014358e-16"
					],
					[
						"4420.666927",
						"3.298441853e-16"
					],
					[
						"4425.423327",
						"3.604091839e-16"
					],
					[
						"4430.179727",
						"3.334474105e-16"
					],
					[
						"4434.936127",
						"3.143806459e-16"
					],
					[
						"4439.692527",
						"3.342983609e-16"
					],
					[
						"4444.448927",
						"3.228623044e-16"
					],
					[
						"4449.205327",
						"3.072415875e-16"
					],
					[
						"4453.961727",
						"3.230717333e-16"
					],
					[
						"4458.718127",
						"3.345226923e-16"
					],
					[
						"4463.474527",
						"3.22696736e-16"
					],
					[
						"4468.230927",
						"3.192614615e-16"
					],
					[
						"4472.987327",
						"3.291540387e-16"
					],
					[
						"4477.743727",
						"3.364821178e-16"
					],
					[
						"4482.500127",
						"3.397049193e-16"
					],
					[
						"4487.256527",
						"3.410433108e-16"
					],
					[
						"4492.012927",
						"3.459795541e-16"
					],
					[
						"4496.769327",
						"3.514535045e-16"
					],
					[
						"4501.525727",
						"3.301985362e-16"
					],
					[
						"4506.282127",
						"3.705703234e-16"
					],
					[
						"4511.038527",
						"3.649728386e-16"
					],
					[
						"4515.794927",
						"3.336892384e-16"
					],
					[
						"4520.551327",
						"3.585984127e-16"
					],
					[
						"4525.307727",
						"3.656823875e-16"
					],
					[
						"4530.064127",
						"3.44286494e-16"
					],
					[
						"4534.820527",
						"3.563076121e-16"
					],
					[
						"4539.576927",
						"3.525300569e-16"
					],
					[
						"4544.333327",
						"3.423839257e-16"
					],
					[
						"4549.089727",
						"3.194982866e-16"
					],
					[
						"4553.846127",
						"3.245528763e-16"
					],
					[
						"4558.602527",
						"3.185679533e-16"
					],
					[
						"4563.358927",
						"3.024842534e-16"
					],
					[
						"4568.115327",
						"2.923679007e-16"
					],
					[
						"4572.871727",
						"2.775349509e-16"
					],
					[
						"4577.628127",
						"2.749721468e-16"
					],
					[
						"4582.384527",
						"2.501724251e-16"
					],
					[
						"4587.140927",
						"2.64284391e-16"
					],
					[
						"4591.897327",
						"2.715665715e-16"
					],
					[
						"4596.653727",
						"2.695621739e-16"
					],
					[
						"4601.410127",
						"2.952299192e-16"
					],
					[
						"4606.166527",
						"3.098293261e-16"
					],
					[
						"4610.922927",
						"2.956263571e-16"
					],
					[
						"4615.679327",
						"2.979148813e-16"
					],
					[
						"4620.435727",
						"2.889479787e-16"
					],
					[
						"4625.192126",
						"3.114816492e-16"
					],
					[
						"4629.948526",
						"2.993591783e-16"
					],
					[
						"4634.704926",
						"2.94422485e-16"
					],
					[
						"4639.461326",
						"3.027703653e-16"
					],
					[
						"4644.217726",
						"3.240518563e-16"
					],
					[
						"4648.974126",
						"3.238061903e-16"
					],
					[
						"4653.730526",
						"3.115111894e-16"
					],
					[
						"4658.486926",
						"3.32934982e-16"
					],
					[
						"4663.243326",
						"3.529844372e-16"
					],
					[
						"4667.999726",
						"3.670489428e-16"
					],
					[
						"4672.756126",
						"3.764946836e-16"
					],
					[
						"4677.512526",
						"3.599436599e-16"
					],
					[
						"4682.268926",
						"3.68593375e-16"
					],
					[
						"4687.025326",
						"3.876865564e-16"
					],
					[
						"4691.781726",
						"3.935388394e-16"
					],
					[
						"4696.538126",
						"4.045072808e-16"
					],
					[
						"4701.294526",
						"4.139658595e-16"
					],
					[
						"4706.050926",
						"4.16798973e-16"
					],
					[
						"4710.807326",
						"4.294943822e-16"
					],
					[
						"4715.563726",
						"4.305821048e-16"
					],
					[
						"4720.320126",
						"4.213682922e-16"
					],
					[
						"4725.076526",
						"4.160552251e-16"
					],
					[
						"4729.832926",
						"4.307478321e-16"
					],
					[
						"4734.589326",
						"4.26358428e-16"
					],
					[
						"4739.345726",
						"4.138325842e-16"
					],
					[
						"4744.102126",
						"4.554661329e-16"
					],
					[
						"4748.858526",
						"4.649067915e-16"
					],
					[
						"4753.614926",
						"4.427192929e-16"
					],
					[
						"4758.371326",
						"4.430953755e-16"
					],
					[
						"4763.127726",
						"4.633585212e-16"
					],
					[
						"4767.884126",
						"5.044925587e-16"
					],
					[
						"4772.640526",
						"5.158733463e-16"
					],
					[
						"4777.396926",
						"4.892107608e-16"
					],
					[
						"4782.153326",
						"4.63025002e-16"
					],
					[
						"4786.909726",
						"4.688484064e-16"
					],
					[
						"4791.666126",
						"4.479546447e-16"
					],
					[
						"4796.422526",
						"4.382641113e-16"
					],
					[
						"4801.178926",
						"4.3422612e-16"
					],
					[
						"4805.935326",
						"4.144790291e-16"
					],
					[
						"4810.691726",
						"4.218168755e-16"
					],
					[
						"4815.448126",
						"3.990905581e-16"
					],
					[
						"4820.204526",
						"3.835997548e-16"
					],
					[
						"4824.960926",
						"3.926105443e-16"
					],
					[
						"4829.717326",
						"3.721042207e-16"
					],
					[
						"4834.473726",
						"3.705092312e-16"
					],
					[
						"4839.230126",
						"3.732223042e-16"
					],
					[
						"4843.986526",
						"3.652802321e-16"
					],
					[
						"4848.742925",
						"3.599576888e-16"
					],
					[
						"4853.499325",
						"3.629900138e-16"
					],
					[
						"4858.255725",
						"3.458283852e-16"
					],
					[
						"4863.012125",
						"3.326143536e-16"
					],
					[
						"4867.768525",
						"3.505767725e-16"
					],
					[
						"4872.524925",
						"3.299285709e-16"
					],
					[
						"4877.281325",
						"3.332720746e-16"
					],
					[
						"4882.037725",
						"3.373203627e-16"
					],
					[
						"4886.794125",
						"3.35790833e-16"
					],
					[
						"4891.550525",
						"3.191383505e-16"
					],
					[
						"4896.306925",
						"3.043133152e-16"
					],
					[
						"4901.063325",
						"3.004754354e-16"
					],
					[
						"4905.819725",
						"3.101273229e-16"
					],
					[
						"4910.576125",
						"3.054532098e-16"
					],
					[
						"4915.332525",
						"2.93564123e-16"
					],
					[
						"4920.088925",
						"2.97203003e-16"
					],
					[
						"4924.845325",
						"3.144897278e-16"
					],
					[
						"4929.601725",
						"3.102871739e-16"
					],
					[
						"4934.358125",
						"3.14978307e-16"
					],
					[
						"4939.114525",
						"3.187787321e-16"
					],
					[
						"4943.870925",
						"3.224855865e-16"
					],
					[
						"4948.627325",
						"3.307776685e-16"
					],
					[
						"4953.383725",
						"3.407756484e-16"
					],
					[
						"4958.140125",
						"3.39432757e-16"
					],
					[
						"4962.896525",
						"3.620394841e-16"
					],
					[
						"4967.652925",
						"3.802839914e-16"
					],
					[
						"4972.409325",
						"3.645980265e-16"
					],
					[
						"4977.165725",
						"3.682033958e-16"
					],
					[
						"4981.922125",
						"3.712396912e-16"
					],
					[
						"4986.678525",
						"3.674207903e-16"
					],
					[
						"4991.434925",
						"3.59387318e-16"
					],
					[
						"4996.191325",
						"3.482313647e-16"
					],
					[
						"5000.947725",
						"3.244753199e-16"
					],
					[
						"5005.704125",
						"3.419116254e-16"
					],
					[
						"5010.460525",
						"3.532370118e-16"
					],
					[
						"5015.216925",
						"3.333613837e-16"
					],
					[
						"5019.973325",
						"3.43885821e-16"
					],
					[
						"5024.729725",
						"3.668538605e-16"
					],
					[
						"5029.486125",
						"3.511588694e-16"
					],
					[
						"5034.242525",
						"3.704691824e-16"
					],
					[
						"5038.998925",
						"4.150785696e-16"
					],
					[
						"5043.755325",
						"4.486184538e-16"
					],
					[
						"5048.511725",
						"4.688451771e-16"
					],
					[
						"5053.268125",
						"4.743611615e-16"
					],
					[
						"5058.024525",
						"4.779523165e-16"
					],
					[
						"5062.780925",
						"4.44753866e-16"
					],
					[
						"5067.537324",
						"4.105261381e-16"
					],
					[
						"5072.293724",
						"3.970726873e-16"
					],
					[
						"5077.050124",
						"3.716474053e-16"
					],
					[
						"5081.806524",
						"3.657942488e-16"
					],
					[
						"5086.562924",
						"3.466279843e-16"
					],
					[
						"5091.319324",
						"3.259302842e-16"
					],
					[
						"5096.075724",
						"3.189523209e-16"
					],
					[
						"5100.832124",
						"3.040655051e-16"
					],
					[
						"5105.588524",
						"3.016490789e-16"
					],
					[
						"5110.344924",
						"3.202333259e-16"
					],
					[
						"5115.101324",
						"3.230974355e-16"
					],
					[
						"5119.857724",
						"3.327985038e-16"
					],
					[
						"5124.614124",
						"3.356022888e-16"
					],
					[
						"5129.370524",
						"3.615099561e-16"
					],
					[
						"5134.126924",
						"4.070623557e-16"
					],
					[
						"5138.883324",
						"4.322808029e-16"
					],
					[
						"5143.639724",
						"4.611679881e-16"
					],
					[
						"5148.396124",
						"4.811956586e-16"
					],
					[
						"5153.152524",
						"4.878646137e-16"
					],
					[
						"5157.908924",
						"4.838154257e-16"
					],
					[
						"5162.665324",
						"4.858938327e-16"
					],
					[
						"5167.421724",
						"5.010088181e-16"
					],
					[
						"5172.178124",
						"4.896681586e-16"
					],
					[
						"5176.934524",
						"4.824442911e-16"
					],
					[
						"5181.690924",
						"4.646850277e-16"
					],
					[
						"5186.447324",
						"4.450916204e-16"
					],
					[
						"5191.203724",
						"4.299297042e-16"
					],
					[
						"5195.960124",
						"4.213294081e-16"
					],
					[
						"5200.716524",
						"4.076501172e-16"
					],
					[
						"5205.472924",
						"3.738302092e-16"
					],
					[
						"5210.229324",
						"3.642621779e-16"
					],
					[
						"5214.985724",
						"3.403400087e-16"
					],
					[
						"5219.742124",
						"3.269936812e-16"
					],
					[
						"5224.498524",
						"3.132367808e-16"
					],
					[
						"5229.254924",
						"2.953066815e-16"
					],
					[
						"5234.011324",
						"2.801378567e-16"
					],
					[
						"5238.767724",
						"2.613430426e-16"
					],
					[
						"5243.524124",
						"2.566278484e-16"
					],
					[
						"5248.280524",
						"2.530294937e-16"
					],
					[
						"5253.036924",
						"2.475734103e-16"
					],
					[
						"5257.793324",
						"2.367434324e-16"
					],
					[
						"5262.549724",
						"2.389113867e-16"
					],
					[
						"5267.306124",
						"2.566401569e-16"
					],
					[
						"5272.062524",
						"2.545240303e-16"
					],
					[
						"5276.818924",
						"2.499547641e-16"
					],
					[
						"5281.575324",
						"2.699367742e-16"
					],
					[
						"5286.331724",
						"2.921332991e-16"
					],
					[
						"5291.088123",
						"3.187715059e-16"
					],
					[
						"5295.844523",
						"3.490932472e-16"
					],
					[
						"5300.600923",
						"3.631689231e-16"
					],
					[
						"5305.357323",
						"3.52917548e-16"
					],
					[
						"5310.113723",
						"3.61260902e-16"
					],
					[
						"5314.870123",
						"3.770753512e-16"
					],
					[
						"5319.626523",
						"3.811417446e-16"
					],
					[
						"5324.382923",
						"3.976861245e-16"
					],
					[
						"5329.139323",
						"4.150616554e-16"
					],
					[
						"5333.895723",
						"4.077548845e-16"
					],
					[
						"5338.652123",
						"4.026068565e-16"
					],
					[
						"5343.408523",
						"3.941818168e-16"
					],
					[
						"5348.164923",
						"3.891323093e-16"
					],
					[
						"5352.921323",
						"4.036798884e-16"
					],
					[
						"5357.677723",
						"3.859419862e-16"
					],
					[
						"5362.434123",
						"3.803049555e-16"
					],
					[
						"5367.190523",
						"3.937133282e-16"
					],
					[
						"5371.946923",
						"3.960745649e-16"
					],
					[
						"5376.703323",
						"3.804513334e-16"
					],
					[
						"5381.459723",
						"3.756164693e-16"
					],
					[
						"5386.216123",
						"3.510294851e-16"
					],
					[
						"5390.972523",
						"3.509935392e-16"
					],
					[
						"5395.728923",
						"3.679258601e-16"
					],
					[
						"5400.485323",
						"3.712034276e-16"
					],
					[
						"5405.241723",
						"3.689263384e-16"
					],
					[
						"5409.998123",
						"3.588815864e-16"
					],
					[
						"5414.754523",
						"3.804841824e-16"
					],
					[
						"5419.510923",
						"3.948992273e-16"
					],
					[
						"5424.267323",
						"3.850666835e-16"
					],
					[
						"5429.023723",
						"3.933694328e-16"
					],
					[
						"5433.780123",
						"3.893307268e-16"
					],
					[
						"5438.536523",
						"3.895141094e-16"
					],
					[
						"5443.292923",
						"4.181414937e-16"
					],
					[
						"5448.049323",
						"4.590307122e-16"
					],
					[
						"5452.805723",
						"4.983983684e-16"
					],
					[
						"5457.562123",
						"4.791577503e-16"
					],
					[
						"5462.318523",
						"4.38585375e-16"
					],
					[
						"5467.074923",
						"4.633143167e-16"
					],
					[
						"5471.831323",
						"4.768738318e-16"
					],
					[
						"5476.587723",
						"4.720406089e-16"
					],
					[
						"5481.344123",
						"4.571262645e-16"
					],
					[
						"5486.100523",
						"4.528080376e-16"
					],
					[
						"5490.856923",
						"4.387491965e-16"
					],
					[
						"5495.613323",
						"4.504198812e-16"
					],
					[
						"5500.369723",
						"4.433456473e-16"
					],
					[
						"5505.126123",
						"4.314500224e-16"
					],
					[
						"5509.882523",
						"4.168639827e-16"
					],
					[
						"5514.638922",
						"4.212183674e-16"
					],
					[
						"5519.395322",
						"4.351943845e-16"
					],
					[
						"5524.151722",
						"4.286259617e-16"
					],
					[
						"5528.908122",
						"4.128083625e-16"
					],
					[
						"5533.664522",
						"4.179665285e-16"
					],
					[
						"5538.420922",
						"4.226376769e-16"
					],
					[
						"5543.177322",
						"4.136760684e-16"
					],
					[
						"5547.933722",
						"4.131135326e-16"
					],
					[
						"5552.690122",
						"4.107849332e-16"
					],
					[
						"5557.446522",
						"3.977465021e-16"
					],
					[
						"5562.202922",
						"4.075801311e-16"
					],
					[
						"5566.959322",
						"4.354515914e-16"
					],
					[
						"5571.715722",
						"4.308028363e-16"
					],
					[
						"5576.472122",
						"4.023809105e-16"
					],
					[
						"5581.228522",
						"3.749981617e-16"
					],
					[
						"5585.984922",
						"3.649537009e-16"
					],
					[
						"5590.741322",
						"3.735262567e-16"
					],
					[
						"5595.497722",
						"3.712453293e-16"
					],
					[
						"5600.254122",
						"3.555141011e-16"
					],
					[
						"5605.010522",
						"3.526929519e-16"
					],
					[
						"5609.766922",
						"3.608905633e-16"
					],
					[
						"5614.523322",
						"3.421460418e-16"
					],
					[
						"5619.279722",
						"3.265390098e-16"
					],
					[
						"5624.036122",
						"3.477382327e-16"
					],
					[
						"5628.792522",
						"3.440819885e-16"
					],
					[
						"5633.548922",
						"3.503820343e-16"
					],
					[
						"5638.305322",
						"3.691246235e-16"
					],
					[
						"5643.061722",
						"3.648931381e-16"
					],
					[
						"5647.818122",
						"3.595671008e-16"
					],
					[
						"5652.574522",
						"3.685324416e-16"
					],
					[
						"5657.330922",
						"3.899998299e-16"
					],
					[
						"5662.087322",
						"3.869209181e-16"
					],
					[
						"5666.843722",
						"3.792088948e-16"
					],
					[
						"5671.600122",
						"4.091471155e-16"
					],
					[
						"5676.356522",
						"4.320810355e-16"
					],
					[
						"5681.112922",
						"4.481240513e-16"
					],
					[
						"5685.869322",
						"4.481028755e-16"
					],
					[
						"5690.625722",
						"4.145215396e-16"
					],
					[
						"5695.382122",
						"3.915030751e-16"
					],
					[
						"5700.138522",
						"3.884636827e-16"
					],
					[
						"5704.894922",
						"4.026078094e-16"
					],
					[
						"5709.651322",
						"3.914516973e-16"
					],
					[
						"5714.407722",
						"3.776034498e-16"
					],
					[
						"5719.164122",
						"3.851444517e-16"
					],
					[
						"5723.920522",
						"3.707017194e-16"
					],
					[
						"5728.676922",
						"3.450385799e-16"
					],
					[
						"5733.433322",
						"3.370046312e-16"
					],
					[
						"5738.189721",
						"3.311794533e-16"
					],
					[
						"5742.946121",
						"3.283457575e-16"
					],
					[
						"5747.702521",
						"3.275515582e-16"
					],
					[
						"5752.458921",
						"3.121218472e-16"
					],
					[
						"5757.215321",
						"2.902235839e-16"
					],
					[
						"5761.971721",
						"2.963365942e-16"
					],
					[
						"5766.728121",
						"3.226536167e-16"
					],
					[
						"5771.484521",
						"3.228147912e-16"
					],
					[
						"5776.240921",
						"3.300795281e-16"
					],
					[
						"5780.997321",
						"3.300678549e-16"
					],
					[
						"5785.753721",
						"3.374215567e-16"
					],
					[
						"5790.510121",
						"3.437827741e-16"
					],
					[
						"5795.266521",
						"3.4318686e-16"
					],
					[
						"5800.022921",
						"3.501858668e-16"
					],
					[
						"5804.779321",
						"3.546054729e-16"
					],
					[
						"5809.535721",
						"3.559173152e-16"
					],
					[
						"5814.292121",
						"3.568889149e-16"
					],
					[
						"5819.048521",
						"3.391453217e-16"
					],
					[
						"5823.804921",
						"3.509649253e-16"
					],
					[
						"5828.561321",
						"3.735936223e-16"
					],
					[
						"5833.317721",
						"3.67231849e-16"
					],
					[
						"5838.074121",
						"3.469493803e-16"
					],
					[
						"5842.830521",
						"3.366569507e-16"
					],
					[
						"5847.586921",
						"3.619691803e-16"
					],
					[
						"5852.343321",
						"3.528300125e-16"
					],
					[
						"5857.099721",
						"3.463027236e-16"
					],
					[
						"5861.856121",
						"3.533828338e-16"
					],
					[
						"5866.612521",
						"3.484116504e-16"
					],
					[
						"5871.368921",
						"3.605691672e-16"
					],
					[
						"5876.125321",
						"3.444479597e-16"
					],
					[
						"5880.881721",
						"3.130661831e-16"
					],
					[
						"5885.638121",
						"3.118757842e-16"
					],
					[
						"5890.394521",
						"3.150837891e-16"
					],
					[
						"5895.150921",
						"3.165053751e-16"
					],
					[
						"5899.907321",
						"3.100108823e-16"
					],
					[
						"5904.663721",
						"3.024794624e-16"
					],
					[
						"5909.420121",
						"3.105520834e-16"
					],
					[
						"5914.176521",
						"3.182916882e-16"
					],
					[
						"5918.932921",
						"3.195207594e-16"
					],
					[
						"5923.689321",
						"3.175134237e-16"
					],
					[
						"5928.445721",
						"3.114083014e-16"
					],
					[
						"5933.202121",
						"3.185463804e-16"
					],
					[
						"5937.958521",
						"2.962093804e-16"
					],
					[
						"5942.714921",
						"3.092667639e-16"
					],
					[
						"5947.471321",
						"3.133074287e-16"
					],
					[
						"5952.227721",
						"2.868541397e-16"
					],
					[
						"5956.984121",
						"2.843759331e-16"
					],
					[
						"5961.74052",
						"2.881446209e-16"
					],
					[
						"5966.49692",
						"2.817853358e-16"
					],
					[
						"5971.25332",
						"2.998246759e-16"
					],
					[
						"5976.00972",
						"3.046661309e-16"
					],
					[
						"5980.76612",
						"2.746950877e-16"
					],
					[
						"5985.52252",
						"2.542452242e-16"
					],
					[
						"5990.27892",
						"2.550794987e-16"
					],
					[
						"5995.03532",
						"2.63492627e-16"
					],
					[
						"5999.79172",
						"2.647501003e-16"
					],
					[
						"6004.54812",
						"2.75433568e-16"
					],
					[
						"6009.30452",
						"2.818397576e-16"
					],
					[
						"6014.06092",
						"2.915446906e-16"
					],
					[
						"6018.81732",
						"3.033251983e-16"
					],
					[
						"6023.57372",
						"2.987897075e-16"
					],
					[
						"6028.33012",
						"3.073257614e-16"
					],
					[
						"6033.08652",
						"3.493517246e-16"
					],
					[
						"6037.84292",
						"3.758136956e-16"
					],
					[
						"6042.59932",
						"3.670726597e-16"
					],
					[
						"6047.35572",
						"3.640961859e-16"
					],
					[
						"6052.11212",
						"3.90689897e-16"
					],
					[
						"6056.86852",
						"4.092007963e-16"
					],
					[
						"6061.62492",
						"3.91237345e-16"
					],
					[
						"6066.38132",
						"3.810705144e-16"
					],
					[
						"6071.13772",
						"3.74266537e-16"
					],
					[
						"6075.89412",
						"3.812801551e-16"
					],
					[
						"6080.65052",
						"3.836531179e-16"
					],
					[
						"6085.40692",
						"3.765712872e-16"
					],
					[
						"6090.16332",
						"3.691987389e-16"
					],
					[
						"6094.91972",
						"3.467599097e-16"
					],
					[
						"6099.67612",
						"3.544875236e-16"
					],
					[
						"6104.43252",
						"3.660505556e-16"
					],
					[
						"6109.18892",
						"3.662865602e-16"
					],
					[
						"6113.94532",
						"3.426620172e-16"
					],
					[
						"6118.70172",
						"3.317224279e-16"
					],
					[
						"6123.45812",
						"3.447903992e-16"
					],
					[
						"6128.21452",
						"3.26528713e-16"
					],
					[
						"6132.97092",
						"3.44400367e-16"
					],
					[
						"6137.72732",
						"3.380598225e-16"
					],
					[
						"6142.48372",
						"2.574367649e-16"
					],
					[
						"6147.24012",
						"2.959129983e-16"
					],
					[
						"6151.99652",
						"3.359316258e-16"
					],
					[
						"6156.75292",
						"3.178247348e-16"
					],
					[
						"6161.50932",
						"3.275510553e-16"
					],
					[
						"6166.26572",
						"3.160695766e-16"
					],
					[
						"6171.02212",
						"3.121263206e-16"
					],
					[
						"6175.77852",
						"3.244364357e-16"
					],
					[
						"6180.53492",
						"3.186539271e-16"
					],
					[
						"6185.291319",
						"3.119383587e-16"
					],
					[
						"6190.047719",
						"3.100709423e-16"
					],
					[
						"6194.804119",
						"3.231110674e-16"
					],
					[
						"6199.560519",
						"3.221344384e-16"
					],
					[
						"6204.316919",
						"3.103494573e-16"
					],
					[
						"6209.073319",
						"3.016731135e-16"
					],
					[
						"6213.829719",
						"2.99424294e-16"
					],
					[
						"6218.586119",
						"3.004659857e-16"
					],
					[
						"6223.342519",
						"2.984706937e-16"
					],
					[
						"6228.098919",
						"2.809776104e-16"
					],
					[
						"6232.855319",
						"3.009182219e-16"
					],
					[
						"6237.611719",
						"2.850405893e-16"
					],
					[
						"6242.368119",
						"2.642929672e-16"
					],
					[
						"6247.124519",
						"2.696095548e-16"
					],
					[
						"6251.880919",
						"2.877708147e-16"
					],
					[
						"6256.637319",
						"2.975988056e-16"
					],
					[
						"6261.393719",
						"2.900052876e-16"
					],
					[
						"6266.150119",
						"2.933597498e-16"
					],
					[
						"6270.906519",
						"2.913620756e-16"
					],
					[
						"6275.662919",
						"2.737730658e-16"
					],
					[
						"6280.419319",
						"2.757965217e-16"
					],
					[
						"6285.175719",
						"2.771975406e-16"
					],
					[
						"6289.932119",
						"2.839036858e-16"
					],
					[
						"6294.688519",
						"2.45189992e-16"
					],
					[
						"6299.444919",
						"1.441697854e-16"
					],
					[
						"6304.201319",
						"2.778189716e-16"
					],
					[
						"6308.957719",
						"3.150532165e-16"
					],
					[
						"6313.714119",
						"3.135115371e-16"
					],
					[
						"6318.470519",
						"3.156268961e-16"
					],
					[
						"6323.226919",
						"3.183054525e-16"
					],
					[
						"6327.983319",
						"3.200393024e-16"
					],
					[
						"6332.739719",
						"3.01578537e-16"
					],
					[
						"6337.496119",
						"2.948093938e-16"
					],
					[
						"6342.252519",
						"2.965510259e-16"
					],
					[
						"6347.008919",
						"2.936140979e-16"
					],
					[
						"6351.765319",
						"2.913162564e-16"
					],
					[
						"6356.521719",
						"3.021542547e-16"
					],
					[
						"6361.278119",
						"3.050531455e-16"
					],
					[
						"6366.034519",
						"2.991357998e-16"
					],
					[
						"6370.790919",
						"3.013660376e-16"
					],
					[
						"6375.547319",
						"2.992912304e-16"
					],
					[
						"6380.303719",
						"3.06617483e-16"
					],
					[
						"6385.060119",
						"3.085580091e-16"
					],
					[
						"6389.816519",
						"3.140437121e-16"
					],
					[
						"6394.572919",
						"3.254186234e-16"
					],
					[
						"6399.329319",
						"3.206168466e-16"
					],
					[
						"6404.085719",
						"3.226925537e-16"
					],
					[
						"6408.842118",
						"3.439850827e-16"
					],
					[
						"6413.598518",
						"3.330815187e-16"
					],
					[
						"6418.354918",
						"3.335925443e-16"
					],
					[
						"6423.111318",
						"3.339338721e-16"
					],
					[
						"6427.867718",
						"3.312737386e-16"
					],
					[
						"6432.624118",
						"3.436285083e-16"
					],
					[
						"6437.380518",
						"3.48718144e-16"
					],
					[
						"6442.136918",
						"3.398928812e-16"
					],
					[
						"6446.893318",
						"3.265653472e-16"
					],
					[
						"6451.649718",
						"3.103068939e-16"
					],
					[
						"6456.406118",
						"3.08329866e-16"
					],
					[
						"6461.162518",
						"3.105251372e-16"
					],
					[
						"6465.918918",
						"2.97808658e-16"
					],
					[
						"6470.675318",
						"2.886549583e-16"
					],
					[
						"6475.431718",
						"2.670819555e-16"
					],
					[
						"6480.188118",
						"2.686569868e-16"
					],
					[
						"6484.944518",
						"2.635264818e-16"
					],
					[
						"6489.700918",
						"2.565018258e-16"
					],
					[
						"6494.457318",
						"2.690938176e-16"
					],
					[
						"6499.213718",
						"2.776642028e-16"
					],
					[
						"6503.970118",
						"2.952247576e-16"
					],
					[
						"6508.726518",
						"2.950420367e-16"
					],
					[
						"6513.482918",
						"2.883325299e-16"
					],
					[
						"6518.239318",
						"2.970098266e-16"
					],
					[
						"6522.995718",
						"3.103433163e-16"
					],
					[
						"6527.752118",
						"3.184604065e-16"
					],
					[
						"6532.508518",
						"3.09532944e-16"
					],
					[
						"6537.264918",
						"3.0076745e-16"
					],
					[
						"6542.021318",
						"3.066765371e-16"
					],
					[
						"6546.777718",
						"2.935606555e-16"
					],
					[
						"6551.534118",
						"2.862520317e-16"
					],
					[
						"6556.290518",
						"2.878284659e-16"
					],
					[
						"6561.046918",
						"2.855775552e-16"
					],
					[
						"6565.803318",
						"3.06456388e-16"
					],
					[
						"6570.559718",
						"3.058183869e-16"
					],
					[
						"6575.316118",
						"3.154596335e-16"
					],
					[
						"6580.072518",
						"3.198890864e-16"
					],
					[
						"6584.828918",
						"3.136237161e-16"
					],
					[
						"6589.585318",
						"3.191475885e-16"
					],
					[
						"6594.341718",
						"3.102086116e-16"
					],
					[
						"6599.098118",
						"3.098958182e-16"
					],
					[
						"6603.854518",
						"3.215828347e-16"
					],
					[
						"6608.610918",
						"3.313164873e-16"
					],
					[
						"6613.367318",
						"3.366539066e-16"
					],
					[
						"6618.123718",
						"3.402824899e-16"
					],
					[
						"6622.880118",
						"3.60827274e-16"
					],
					[
						"6627.636518",
						"3.619268287e-16"
					],
					[
						"6632.392917",
						"3.621557129e-16"
					],
					[
						"6637.149317",
						"3.802389398e-16"
					],
					[
						"6641.905717",
						"3.752825001e-16"
					],
					[
						"6646.662117",
						"3.595607215e-16"
					],
					[
						"6651.418517",
						"3.637348205e-16"
					],
					[
						"6656.174917",
						"3.476022575e-16"
					],
					[
						"6660.931317",
						"3.638785514e-16"
					],
					[
						"6665.687717",
						"3.797740511e-16"
					],
					[
						"6670.444117",
						"3.822290702e-16"
					],
					[
						"6675.200517",
						"3.912028814e-16"
					],
					[
						"6679.956917",
						"4.121079986e-16"
					],
					[
						"6684.713317",
						"4.128703283e-16"
					],
					[
						"6689.469717",
						"3.902811772e-16"
					],
					[
						"6694.226117",
						"3.926440021e-16"
					],
					[
						"6698.982517",
						"4.12273673e-16"
					],
					[
						"6703.738917",
						"4.134080354e-16"
					],
					[
						"6708.495317",
						"4.080362583e-16"
					],
					[
						"6713.251717",
						"4.192612183e-16"
					],
					[
						"6718.008117",
						"4.434285506e-16"
					],
					[
						"6722.764517",
						"4.242876707e-16"
					],
					[
						"6727.520917",
						"4.194956612e-16"
					],
					[
						"6732.277317",
						"4.278457384e-16"
					],
					[
						"6737.033717",
						"4.276032223e-16"
					],
					[
						"6741.790117",
						"4.232040773e-16"
					],
					[
						"6746.546517",
						"4.231776075e-16"
					],
					[
						"6751.302917",
						"4.217977644e-16"
					],
					[
						"6756.059317",
						"4.190820973e-16"
					],
					[
						"6760.815717",
						"4.123606262e-16"
					],
					[
						"6765.572117",
						"4.010742298e-16"
					],
					[
						"6770.328517",
						"4.019561499e-16"
					],
					[
						"6775.084917",
						"4.003511284e-16"
					],
					[
						"6779.841317",
						"3.828659596e-16"
					],
					[
						"6784.597717",
						"3.854153435e-16"
					],
					[
						"6789.354117",
						"3.74116718e-16"
					],
					[
						"6794.110517",
						"3.720944004e-16"
					],
					[
						"6798.866917",
						"3.725439102e-16"
					],
					[
						"6803.623317",
						"3.682989252e-16"
					],
					[
						"6808.379717",
						"3.558373235e-16"
					],
					[
						"6813.136117",
						"3.421175603e-16"
					],
					[
						"6817.892517",
						"3.439061763e-16"
					],
					[
						"6822.648917",
						"3.302227825e-16"
					],
					[
						"6827.405317",
						"3.214006432e-16"
					],
					[
						"6832.161717",
						"3.238571711e-16"
					],
					[
						"6836.918117",
						"3.250390468e-16"
					],
					[
						"6841.674517",
						"3.357962858e-16"
					],
					[
						"6846.430917",
						"3.402305827e-16"
					],
					[
						"6851.187317",
						"3.31147769e-16"
					],
					[
						"6855.943716",
						"3.19317048e-16"
					],
					[
						"6860.700116",
						"3.219972985e-16"
					],
					[
						"6865.456516",
						"3.513482077e-16"
					],
					[
						"6870.212916",
						"3.689315265e-16"
					],
					[
						"6874.969316",
						"3.414166405e-16"
					],
					[
						"6879.725716",
						"3.28248534e-16"
					],
					[
						"6884.482116",
						"3.310354047e-16"
					],
					[
						"6889.238516",
						"3.346314567e-16"
					],
					[
						"6893.994916",
						"3.412670069e-16"
					],
					[
						"6898.751316",
						"3.277976742e-16"
					],
					[
						"6903.507716",
						"3.277640047e-16"
					],
					[
						"6908.264116",
						"3.362602745e-16"
					],
					[
						"6913.020516",
						"3.219271271e-16"
					],
					[
						"6917.776916",
						"3.041167506e-16"
					],
					[
						"6922.533316",
						"2.979789117e-16"
					],
					[
						"6927.289716",
						"2.96715562e-16"
					],
					[
						"6932.046116",
						"2.94589774e-16"
					],
					[
						"6936.802516",
						"2.828084457e-16"
					],
					[
						"6941.558916",
						"2.937849868e-16"
					],
					[
						"6946.315316",
						"2.753077837e-16"
					],
					[
						"6951.071716",
						"2.65404698e-16"
					],
					[
						"6955.828116",
						"2.664473955e-16"
					],
					[
						"6960.584516",
						"2.719958054e-16"
					],
					[
						"6965.340916",
						"2.689113085e-16"
					],
					[
						"6970.097316",
						"2.659228439e-16"
					],
					[
						"6974.853716",
						"2.630761779e-16"
					],
					[
						"6979.610116",
						"2.542175103e-16"
					],
					[
						"6984.366516",
						"2.535774446e-16"
					],
					[
						"6989.122916",
						"2.59629045e-16"
					],
					[
						"6993.879316",
						"2.548139009e-16"
					],
					[
						"6998.635716",
						"2.573947309e-16"
					],
					[
						"7003.392116",
						"2.534914442e-16"
					],
					[
						"7008.148516",
						"2.54421407e-16"
					],
					[
						"7012.904916",
						"2.522169508e-16"
					],
					[
						"7017.661316",
						"2.624156775e-16"
					],
					[
						"7022.417716",
						"2.594314481e-16"
					],
					[
						"7027.174116",
						"2.604043448e-16"
					],
					[
						"7031.930516",
						"2.558384931e-16"
					],
					[
						"7036.686916",
						"2.49213372e-16"
					],
					[
						"7041.443316",
						"2.574347532e-16"
					],
					[
						"7046.199716",
						"2.62777837e-16"
					],
					[
						"7050.956116",
						"2.534148407e-16"
					],
					[
						"7055.712516",
						"2.416683731e-16"
					],
					[
						"7060.468916",
						"2.430253463e-16"
					],
					[
						"7065.225316",
						"2.520134512e-16"
					],
					[
						"7069.981716",
						"2.413682587e-16"
					],
					[
						"7074.738116",
						"2.42981433e-16"
					],
					[
						"7079.494515",
						"2.451571694e-16"
					],
					[
						"7084.250915",
						"2.441684702e-16"
					],
					[
						"7089.007315",
						"2.474745192e-16"
					],
					[
						"7093.763715",
						"2.469637848e-16"
					],
					[
						"7098.520115",
						"2.439795025e-16"
					],
					[
						"7103.276515",
						"2.429491928e-16"
					],
					[
						"7108.032915",
						"2.426595604e-16"
					],
					[
						"7112.789315",
						"2.394380295e-16"
					],
					[
						"7117.545715",
						"2.419494557e-16"
					],
					[
						"7122.302115",
						"2.442511883e-16"
					],
					[
						"7127.058515",
						"2.44844429e-16"
					],
					[
						"7131.814915",
						"2.515578798e-16"
					],
					[
						"7136.571315",
						"2.466219012e-16"
					],
					[
						"7141.327715",
						"2.465625294e-16"
					],
					[
						"7146.084115",
						"2.444624965e-16"
					],
					[
						"7150.840515",
						"2.317451703e-16"
					],
					[
						"7155.596915",
						"2.399421993e-16"
					],
					[
						"7160.353315",
						"2.443047631e-16"
					],
					[
						"7165.109715",
						"2.524921307e-16"
					],
					[
						"7169.866115",
						"2.591866291e-16"
					],
					[
						"7174.622515",
						"2.623894989e-16"
					],
					[
						"7179.378915",
						"2.759075095e-16"
					],
					[
						"7184.135315",
						"2.883821872e-16"
					],
					[
						"7188.891715",
						"2.839934977e-16"
					],
					[
						"7193.648115",
						"2.730325208e-16"
					],
					[
						"7198.404515",
						"2.65348582e-16"
					],
					[
						"7203.160915",
						"2.716550599e-16"
					],
					[
						"7207.917315",
						"2.696999491e-16"
					],
					[
						"7212.673715",
						"2.586342842e-16"
					],
					[
						"7217.430115",
						"2.648855197e-16"
					],
					[
						"7222.186515",
						"2.632489197e-16"
					],
					[
						"7226.942915",
						"2.646415477e-16"
					],
					[
						"7231.699315",
						"2.823984553e-16"
					],
					[
						"7236.455715",
						"2.707375644e-16"
					],
					[
						"7241.212115",
						"2.560796328e-16"
					],
					[
						"7245.968515",
						"2.591950729e-16"
					],
					[
						"7250.724915",
						"2.675043603e-16"
					],
					[
						"7255.481315",
						"2.715616746e-16"
					],
					[
						"7260.237715",
						"2.723315746e-16"
					],
					[
						"7264.994115",
						"2.649972486e-16"
					],
					[
						"7269.750515",
						"2.606680897e-16"
					],
					[
						"7274.506915",
						"2.729518674e-16"
					],
					[
						"7279.263315",
						"2.683208736e-16"
					],
					[
						"7284.019715",
						"2.592254073e-16"
					],
					[
						"7288.776115",
						"2.539729031e-16"
					],
					[
						"7293.532515",
						"2.563399102e-16"
					],
					[
						"7298.288915",
						"2.45992238e-16"
					],
					[
						"7303.045314",
						"2.568319569e-16"
					],
					[
						"7307.801714",
						"2.567225308e-16"
					],
					[
						"7312.558114",
						"2.439910433e-16"
					],
					[
						"7317.314514",
						"2.387994725e-16"
					],
					[
						"7322.070914",
						"2.339825814e-16"
					],
					[
						"7326.827314",
						"2.335265336e-16"
					],
					[
						"7331.583714",
						"2.354035851e-16"
					],
					[
						"7336.340114",
						"2.268803954e-16"
					],
					[
						"7341.096514",
						"2.19085085e-16"
					],
					[
						"7345.852914",
						"2.243040918e-16"
					],
					[
						"7350.609314",
						"2.24532976e-16"
					],
					[
						"7355.365714",
						"2.248378284e-16"
					],
					[
						"7360.122114",
						"2.354284931e-16"
					],
					[
						"7364.878514",
						"2.395770752e-16"
					],
					[
						"7369.634914",
						"2.382197578e-16"
					],
					[
						"7374.391314",
						"2.368488085e-16"
					],
					[
						"7379.147714",
						"2.329215668e-16"
					],
					[
						"7383.904114",
						"2.405592628e-16"
					],
					[
						"7388.660514",
						"2.448466789e-16"
					],
					[
						"7393.416914",
						"2.389411123e-16"
					],
					[
						"7398.173314",
						"2.49551894e-16"
					],
					[
						"7402.929714",
						"2.569143044e-16"
					],
					[
						"7407.686114",
						"2.465899786e-16"
					],
					[
						"7412.442514",
						"2.439684381e-16"
					],
					[
						"7417.198914",
						"2.319758545e-16"
					],
					[
						"7421.955314",
						"2.374039592e-16"
					],
					[
						"7426.711714",
						"2.341644023e-16"
					],
					[
						"7431.468114",
						"2.380214463e-16"
					],
					[
						"7436.224514",
						"2.472760488e-16"
					],
					[
						"7440.980914",
						"2.55048529e-16"
					],
					[
						"7445.737314",
						"2.533746331e-16"
					],
					[
						"7450.493714",
						"2.566920376e-16"
					],
					[
						"7455.250114",
						"2.656273617e-16"
					],
					[
						"7460.006514",
						"2.656181238e-16"
					],
					[
						"7464.762914",
						"2.619753262e-16"
					],
					[
						"7469.519314",
						"2.628785281e-16"
					],
					[
						"7474.275714",
						"2.706852866e-16"
					],
					[
						"7479.032114",
						"2.680294942e-16"
					],
					[
						"7483.788514",
						"2.755635611e-16"
					],
					[
						"7488.544914",
						"2.832297916e-16"
					],
					[
						"7493.301314",
						"2.891144207e-16"
					],
					[
						"7498.057714",
						"2.883135775e-16"
					],
					[
						"7502.814114",
						"2.928192899e-16"
					],
					[
						"7507.570514",
						"2.996733481e-16"
					],
					[
						"7512.326914",
						"3.019232e-16"
					],
					[
						"7517.083314",
						"2.926253723e-16"
					],
					[
						"7521.839714",
						"2.807758578e-16"
					],
					[
						"7526.596113",
						"2.821451924e-16"
					],
					[
						"7531.352513",
						"2.876101961e-16"
					],
					[
						"7536.108913",
						"2.862900687e-16"
					],
					[
						"7540.865313",
						"2.815374198e-16"
					],
					[
						"7545.621713",
						"2.763356581e-16"
					],
					[
						"7550.378113",
						"2.713045736e-16"
					],
					[
						"7555.134513",
						"2.735655428e-16"
					],
					[
						"7559.890913",
						"2.651060659e-16"
					],
					[
						"7564.647313",
						"2.588531893e-16"
					],
					[
						"7569.403713",
						"2.572058161e-16"
					],
					[
						"7574.160113",
						"2.376706158e-16"
					],
					[
						"7578.916513",
						"2.336845052e-16"
					],
					[
						"7583.672913",
						"2.397434642e-16"
					],
					[
						"7588.429313",
						"2.526042037e-16"
					],
					[
						"7593.185713",
						"2.965373939e-16"
					],
					[
						"7597.942113",
						"2.774329628e-16"
					],
					[
						"7602.698513",
						"2.798627033e-16"
					],
					[
						"7607.454913",
						"3.187857731e-16"
					],
					[
						"7612.211313",
						"2.708044271e-16"
					],
					[
						"7616.967713",
						"2.631766043e-16"
					],
					[
						"7621.724113",
						"2.621631558e-16"
					],
					[
						"7626.480513",
						"2.794898235e-16"
					],
					[
						"7631.236913",
						"2.926794765e-16"
					],
					[
						"7635.993313",
						"2.913417732e-16"
					],
					[
						"7640.749713",
						"2.839860332e-16"
					],
					[
						"7645.506113",
						"2.780770785e-16"
					],
					[
						"7650.262513",
						"2.752743523e-16"
					],
					[
						"7655.018913",
						"2.743635007e-16"
					],
					[
						"7659.775313",
						"2.6761106e-16"
					],
					[
						"7664.531713",
						"2.610706156e-16"
					],
					[
						"7669.288113",
						"2.68947625e-16"
					],
					[
						"7674.044513",
						"2.683543049e-16"
					],
					[
						"7678.800913",
						"2.584276082e-16"
					],
					[
						"7683.557313",
						"2.658260174e-16"
					],
					[
						"7688.313713",
						"2.531644366e-16"
					],
					[
						"7693.070113",
						"2.593037579e-16"
					],
					[
						"7697.826513",
						"2.57026298e-16"
					],
					[
						"7702.582913",
						"2.553689192e-16"
					],
					[
						"7707.339313",
						"2.544824199e-16"
					],
					[
						"7712.095713",
						"2.538074669e-16"
					],
					[
						"7716.852113",
						"2.514952523e-16"
					],
					[
						"7721.608513",
						"2.496550997e-16"
					],
					[
						"7726.364913",
						"2.574290887e-16"
					],
					[
						"7731.121313",
						"2.603388057e-16"
					],
					[
						"7735.877713",
						"2.550601228e-16"
					],
					[
						"7740.634113",
						"2.581082238e-16"
					],
					[
						"7745.390513",
						"2.538337779e-16"
					],
					[
						"7750.146912",
						"2.567821408e-16"
					],
					[
						"7754.903312",
						"2.641680563e-16"
					],
					[
						"7759.659712",
						"2.641241165e-16"
					],
					[
						"7764.416112",
						"2.464641942e-16"
					],
					[
						"7769.172512",
						"2.455300757e-16"
					],
					[
						"7773.928912",
						"2.459855412e-16"
					],
					[
						"7778.685312",
						"2.418765579e-16"
					],
					[
						"7783.441712",
						"2.497984335e-16"
					],
					[
						"7788.198112",
						"2.540019139e-16"
					],
					[
						"7792.954512",
						"2.462801498e-16"
					],
					[
						"7797.710912",
						"2.269979477e-16"
					],
					[
						"7802.467312",
						"2.443082042e-16"
					],
					[
						"7807.223712",
						"2.359908965e-16"
					],
					[
						"7811.980112",
						"2.359973816e-16"
					],
					[
						"7816.736512",
						"2.307586417e-16"
					],
					[
						"7821.492912",
						"2.25302426e-16"
					],
					[
						"7826.249312",
						"2.254938554e-16"
					],
					[
						"7831.005712",
						"2.330686329e-16"
					],
					[
						"7835.762112",
						"2.407294371e-16"
					],
					[
						"7840.518512",
						"2.324966209e-16"
					],
					[
						"7845.274912",
						"2.249864298e-16"
					],
					[
						"7850.031312",
						"2.30873097e-16"
					],
					[
						"7854.787712",
						"2.328101025e-16"
					],
					[
						"7859.544112",
						"2.339317859e-16"
					],
					[
						"7864.300512",
						"2.237825312e-16"
					],
					[
						"7869.056912",
						"2.269128738e-16"
					],
					[
						"7873.813312",
						"2.229227928e-16"
					],
					[
						"7878.569712",
						"2.271525312e-16"
					],
					[
						"7883.326112",
						"2.241920717e-16"
					],
					[
						"7888.082512",
						"2.127872098e-16"
					],
					[
						"7892.838912",
						"2.136743047e-16"
					],
					[
						"7897.595312",
						"2.202773104e-16"
					],
					[
						"7902.351712",
						"2.151115873e-16"
					],
					[
						"7907.108112",
						"2.146908105e-16"
					],
					[
						"7911.864512",
						"2.188264488e-16"
					],
					[
						"7916.620912",
						"2.143938328e-16"
					],
					[
						"7921.377312",
						"2.17251047e-16"
					],
					[
						"7926.133712",
						"2.131809081e-16"
					],
					[
						"7930.890112",
						"2.221985796e-16"
					],
					[
						"7935.646512",
						"2.218701558e-16"
					],
					[
						"7940.402912",
						"2.322847039e-16"
					],
					[
						"7945.159312",
						"2.404897003e-16"
					],
					[
						"7949.915712",
						"2.423940421e-16"
					],
					[
						"7954.672112",
						"2.560123731e-16"
					],
					[
						"7959.428512",
						"2.671243337e-16"
					],
					[
						"7964.184912",
						"2.893195615e-16"
					],
					[
						"7968.941311",
						"3.220690845e-16"
					],
					[
						"7973.697711",
						"3.448848964e-16"
					],
					[
						"7978.454111",
						"3.660356267e-16"
					],
					[
						"7983.210511",
						"3.868000041e-16"
					],
					[
						"7987.966911",
						"3.978865537e-16"
					],
					[
						"7992.723311",
						"3.883887468e-16"
					],
					[
						"7997.479711",
						"3.940417917e-16"
					],
					[
						"8002.236111",
						"3.747342051e-16"
					],
					[
						"8006.992511",
						"3.880819885e-16"
					],
					[
						"8011.748911",
						"4.06136681e-16"
					],
					[
						"8016.505311",
						"3.952656484e-16"
					],
					[
						"8021.261711",
						"3.811370595e-16"
					],
					[
						"8026.018111",
						"3.847218617e-16"
					],
					[
						"8030.774511",
						"3.820883569e-16"
					],
					[
						"8035.530911",
						"3.712328885e-16"
					],
					[
						"8040.287311",
						"3.719913271e-16"
					],
					[
						"8045.043711",
						"3.623284811e-16"
					],
					[
						"8049.800111",
						"3.471859672e-16"
					],
					[
						"8054.556511",
						"3.610430821e-16"
					],
					[
						"8059.312911",
						"3.503050867e-16"
					],
					[
						"8064.069311",
						"3.455831427e-16"
					],
					[
						"8068.825711",
						"3.456019627e-16"
					],
					[
						"8073.582111",
						"3.322554498e-16"
					],
					[
						"8078.338511",
						"3.465688508e-16"
					],
					[
						"8083.094911",
						"3.682743348e-16"
					],
					[
						"8087.851311",
						"3.687788223e-16"
					],
					[
						"8092.607711",
						"3.679226573e-16"
					],
					[
						"8097.364111",
						"3.842502232e-16"
					],
					[
						"8102.120511",
						"3.941219951e-16"
					],
					[
						"8106.876911",
						"3.883645798e-16"
					],
					[
						"8111.633311",
						"3.823681689e-16"
					],
					[
						"8116.389711",
						"3.562997506e-16"
					],
					[
						"8121.146111",
						"3.432975831e-16"
					],
					[
						"8125.902511",
						"3.277753867e-16"
					],
					[
						"8130.658911",
						"3.248170182e-16"
					],
					[
						"8135.415311",
						"3.200414994e-16"
					],
					[
						"8140.171711",
						"3.059904669e-16"
					],
					[
						"8144.928111",
						"3.006127341e-16"
					],
					[
						"8149.684511",
						"2.944974474e-16"
					],
					[
						"8154.440911",
						"2.766126114e-16"
					],
					[
						"8159.197311",
						"2.677069335e-16"
					],
					[
						"8163.953711",
						"2.651564908e-16"
					],
					[
						"8168.710111",
						"2.5779101e-16"
					],
					[
						"8173.466511",
						"2.684065298e-16"
					],
					[
						"8178.222911",
						"2.833940631e-16"
					],
					[
						"8182.979311",
						"2.783214739e-16"
					],
					[
						"8187.735711",
						"2.710295261e-16"
					],
					[
						"8192.49211",
						"2.947174907e-16"
					],
					[
						"8197.24851",
						"2.819175523e-16"
					],
					[
						"8202.00491",
						"2.928310689e-16"
					],
					[
						"8206.76131",
						"2.835553699e-16"
					],
					[
						"8211.51771",
						"2.710039298e-16"
					],
					[
						"8216.27411",
						"1.210846304e-16"
					],
					[
						"8221.03051",
						"-4.542003414e-17"
					],
					[
						"8225.78691",
						"5.878965181e-17"
					],
					[
						"8230.54331",
						"2.346895627e-16"
					],
					[
						"8235.29971",
						"2.54985028e-16"
					],
					[
						"8240.05611",
						"2.816201643e-16"
					],
					[
						"8244.81251",
						"2.796570861e-16"
					],
					[
						"8249.56891",
						"3.060940961e-16"
					]
				],
				"source":"9"
			}
		]
	}
}