{
	"ASASSN-15py":{
		"schema":"https://github.com/astrocatalogs/supernovae/blob/a0bc0b9/SCHEMA.md",
		"name":"ASASSN-15py",
		"sources":[
			{
				"name":"2016A&A...594A..13P",
				"bibcode":"2016A&A...594A..13P",
				"reference":"Planck Collaboration et al. (2016)",
				"alias":"1"
			},
			{
				"name":"2015ATel.8098....1N",
				"bibcode":"2015ATel.8098....1N",
				"reference":"Nicolas et al. (2015)",
				"alias":"2"
			},
			{
				"name":"2015ATel.8105....1T",
				"bibcode":"2015ATel.8105....1T",
				"reference":"Taddia & Stritzinger (2015)",
				"alias":"3"
			},
			{
				"name":"2011ApJ...737..103S",
				"bibcode":"2011ApJ...737..103S",
				"reference":"Schlafly & Finkbeiner (2011)",
				"alias":"4"
			},
			{
				"name":"ASAS-SN Supernovae",
				"url":"http://www.astronomy.ohio-state.edu/~assassin/sn_list.html",
				"alias":"5"
			},
			{
				"name":"Latest Supernovae",
				"secondary":true,
				"url":"http://www.rochesterastronomy.org/snimages/snredshiftall.html",
				"alias":"6"
			},
			{
				"name":"The Open Supernova Catalog",
				"bibcode":"2017ApJ...835...64G",
				"reference":"Guillochon et al. (2017)",
				"secondary":true,
				"url":"https://sne.space",
				"alias":"7"
			},
			{
				"name":"SIMBAD astronomical database",
				"bibcode":"2000A&AS..143....9W",
				"reference":"Wenger et al. (2000)",
				"secondary":true,
				"url":"http://simbad.u-strasbg.fr/",
				"alias":"8"
			}
		],
		"alias":[
			{
				"value":"ASASSN-15py",
				"source":"2,5,6,8"
			}
		],
		"claimedtype":[
			{
				"value":"Ia",
				"source":"2,3,5,6,8"
			}
		],
		"comovingdist":[
			{
				"value":"195.95",
				"derived":true,
				"u_value":"Mpc",
				"source":"1,2,5,7"
			}
		],
		"dec":[
			{
				"value":"+22:57:49.59",
				"u_value":"degrees",
				"source":"2,8"
			},
			{
				"value":"+22:57:49.6",
				"u_value":"degrees",
				"source":"2,6"
			},
			{
				"value":"+22:57:49.68",
				"u_value":"degrees",
				"source":"2,5"
			}
		],
		"discoverdate":[
			{
				"value":"2015/09/25",
				"source":"2,6"
			}
		],
		"discoverer":[
			{
				"value":"ASAS-SN",
				"source":"2,6"
			}
		],
		"ebv":[
			{
				"value":"0.043",
				"derived":true,
				"e_value":"0.0012",
				"source":"4,7"
			}
		],
		"host":[
			{
				"value":"SDSS J080519.59+225751.1",
				"source":"2,5"
			}
		],
		"hostdec":[
			{
				"value":"+22:57:51.1",
				"derived":true,
				"u_value":"degrees",
				"source":"7"
			}
		],
		"hostoffsetang":[
			{
				"value":"1.98",
				"u_value":"arcseconds",
				"source":"2,5"
			}
		],
		"hostoffsetdist":[
			{
				"value":"1.8",
				"source":"1,2,5,7,8"
			}
		],
		"hostra":[
			{
				"value":"08:05:19.59",
				"derived":true,
				"u_value":"hours",
				"source":"7"
			}
		],
		"lumdist":[
			{
				"value":"204.712",
				"derived":true,
				"u_value":"Mpc",
				"source":"1,2,5,7"
			}
		],
		"maxabsmag":[
			{
				"value":"-19.6082",
				"derived":true,
				"source":"1,2,5,7"
			}
		],
		"maxappmag":[
			{
				"value":"16.9",
				"derived":true,
				"source":"2,6,7"
			}
		],
		"maxdate":[
			{
				"value":"2015/10/12",
				"derived":true,
				"source":"2,6,7"
			}
		],
		"maxvisualabsmag":[
			{
				"value":"-19.6557",
				"derived":true,
				"source":"1,2,5,7"
			}
		],
		"maxvisualappmag":[
			{
				"value":"16.9",
				"derived":true,
				"source":"2,6,7"
			}
		],
		"maxvisualdate":[
			{
				"value":"2015/10/12",
				"derived":true,
				"source":"2,6,7"
			}
		],
		"ra":[
			{
				"value":"08:05:19.500",
				"u_value":"hours",
				"source":"2,8"
			},
			{
				"value":"08:05:19.50",
				"u_value":"hours",
				"source":"2,6"
			},
			{
				"value":"08:05:19.44",
				"u_value":"hours",
				"source":"2,5"
			}
		],
		"redshift":[
			{
				"value":"0.044743",
				"source":"2,5"
			}
		],
		"velocity":[
			{
				"value":"13114",
				"u_value":"km/s",
				"source":"7"
			}
		],
		"photometry":[
			{
				"time":"57307.5",
				"magnitude":"16.9",
				"u_time":"MJD",
				"source":"2,6"
			}
		]
	}
}