{
	"ASASSN-15lo":{
		"schema":"https://github.com/astrocatalogs/supernovae/blob/a0bc0b9/SCHEMA.md",
		"name":"ASASSN-15lo",
		"sources":[
			{
				"name":"2016A&A...594A..13P",
				"bibcode":"2016A&A...594A..13P",
				"reference":"Planck Collaboration et al. (2016)",
				"alias":"1"
			},
			{
				"name":"ATel 7673",
				"bibcode":"2015ATel.7673....1D",
				"reference":"Dong et al. (2015)",
				"url":"http://www.astronomerstelegram.org/?read=7673",
				"alias":"2"
			},
			{
				"name":"2015ATel.7675....1L",
				"bibcode":"2015ATel.7675....1L",
				"reference":"Leonard et al. (2015)",
				"alias":"3"
			},
			{
				"name":"2011ApJ...737..103S",
				"bibcode":"2011ApJ...737..103S",
				"reference":"Schlafly & Finkbeiner (2011)",
				"alias":"4"
			},
			{
				"name":"Pan-STARRS 3Pi",
				"url":"http://psweb.mp.qub.ac.uk/ps1threepi/psdb/",
				"alias":"5"
			},
			{
				"name":"ASAS-SN Supernovae",
				"url":"http://www.astronomy.ohio-state.edu/~assassin/sn_list.html",
				"alias":"6"
			},
			{
				"name":"Latest Supernovae",
				"secondary":true,
				"url":"http://www.rochesterastronomy.org/snimages/snredshiftall.html",
				"alias":"7"
			},
			{
				"name":"The Open Supernova Catalog",
				"bibcode":"2017ApJ...835...64G",
				"reference":"Guillochon et al. (2017)",
				"secondary":true,
				"url":"https://sne.space",
				"alias":"8"
			},
			{
				"name":"SIMBAD astronomical database",
				"bibcode":"2000A&AS..143....9W",
				"reference":"Wenger et al. (2000)",
				"secondary":true,
				"url":"http://simbad.u-strasbg.fr/",
				"alias":"9"
			}
		],
		"alias":[
			{
				"value":"ASASSN-15lo",
				"source":"2,5,7,9"
			},
			{
				"value":"PS15bby",
				"source":"2,5,6"
			}
		],
		"claimedtype":[
			{
				"value":"Ia",
				"source":"2,3,6,7,9"
			}
		],
		"comovingdist":[
			{
				"value":"200",
				"derived":true,
				"u_value":"Mpc",
				"source":"1,2,6,7,8"
			}
		],
		"dec":[
			{
				"value":"+19:42:30.39",
				"u_value":"degrees",
				"source":"2,9"
			},
			{
				"value":"+19:42:30.4",
				"u_value":"degrees",
				"source":"2,7"
			},
			{
				"value":"+19:42:30.2",
				"u_value":"degrees",
				"source":"2,5"
			},
			{
				"value":"+19:42:30.24",
				"u_value":"degrees",
				"source":"2,6"
			}
		],
		"discoverdate":[
			{
				"value":"2015/06/19",
				"source":"2,7"
			}
		],
		"discoverer":[
			{
				"value":"ASAS-SN",
				"source":"2,7"
			}
		],
		"ebv":[
			{
				"value":"0.0552",
				"derived":true,
				"e_value":"0.0008",
				"source":"4,8"
			}
		],
		"host":[
			{
				"value":"GALEXASC J225332.83+194232.9",
				"source":"2,6"
			}
		],
		"hostdec":[
			{
				"value":"+19:42:32.9",
				"derived":true,
				"u_value":"degrees",
				"source":"8"
			}
		],
		"hostoffsetang":[
			{
				"value":"15",
				"u_value":"arcseconds",
				"source":"2,6"
			}
		],
		"hostoffsetdist":[
			{
				"value":"14",
				"source":"1,2,6,7,8,9"
			}
		],
		"hostra":[
			{
				"value":"22:53:32.83",
				"derived":true,
				"u_value":"hours",
				"source":"8"
			}
		],
		"lumdist":[
			{
				"value":"180",
				"derived":true,
				"u_value":"Mpc",
				"source":"1,2,6,7,8"
			}
		],
		"maxabsmag":[
			{
				"value":"-20",
				"derived":true,
				"source":"1,2,6,7,8"
			}
		],
		"maxappmag":[
			{
				"value":"16.7",
				"derived":true,
				"source":"2,7,8"
			}
		],
		"maxdate":[
			{
				"value":"2015/06/18",
				"derived":true,
				"source":"2,7,8"
			}
		],
		"maxvisualabsmag":[
			{
				"value":"-18",
				"derived":true,
				"source":"1,2,6,7,8"
			}
		],
		"maxvisualappmag":[
			{
				"value":"18.64",
				"derived":true,
				"source":"2,5,8"
			}
		],
		"maxvisualband":[
			{
				"value":"r",
				"derived":true,
				"source":"2,5,8"
			}
		],
		"maxvisualdate":[
			{
				"value":"2015/07/31",
				"derived":true,
				"source":"2,5,8"
			}
		],
		"ra":[
			{
				"value":"22:53:33.890",
				"u_value":"hours",
				"source":"2,9"
			},
			{
				"value":"22:53:33.89",
				"u_value":"hours",
				"source":"2,5,7"
			},
			{
				"value":"22:53:33.84",
				"u_value":"hours",
				"source":"2,6"
			}
		],
		"redshift":[
			{
				"value":"0.04",
				"source":"2,6,7"
			}
		],
		"velocity":[
			{
				"value":"10000",
				"u_value":"km/s",
				"source":"8"
			}
		],
		"photometry":[
			{
				"time":"57191.5",
				"magnitude":"16.7",
				"u_time":"MJD",
				"source":"2,7"
			},
			{
				"time":"57203.4946425282",
				"band":"i",
				"e_magnitude":"0.0164432",
				"instrument":"GPC",
				"magnitude":"17.9168",
				"telescope":"Pan-STARRS1",
				"u_time":"MJD",
				"source":"2,5"
			},
			{
				"time":"57203.5074428689",
				"band":"i",
				"e_magnitude":"0.0177872",
				"instrument":"GPC",
				"magnitude":"17.9014",
				"telescope":"Pan-STARRS1",
				"u_time":"MJD",
				"source":"2,5"
			},
			{
				"time":"57203.5202489433",
				"band":"i",
				"e_magnitude":"0.0179481",
				"instrument":"GPC",
				"magnitude":"17.9035",
				"telescope":"Pan-STARRS1",
				"u_time":"MJD",
				"source":"2,5"
			},
			{
				"time":"57203.5329987729",
				"band":"i",
				"e_magnitude":"0.0173396",
				"instrument":"GPC",
				"magnitude":"17.9014",
				"telescope":"Pan-STARRS1",
				"u_time":"MJD",
				"source":"2,5"
			},
			{
				"time":"57234.418192822",
				"band":"r",
				"e_magnitude":"0.0663139",
				"instrument":"GPC",
				"magnitude":"19.3388",
				"telescope":"Pan-STARRS1",
				"u_time":"MJD",
				"source":"2,5"
			},
			{
				"time":"57234.4303955948",
				"band":"r",
				"e_magnitude":"0.0498709",
				"instrument":"GPC",
				"magnitude":"18.7327",
				"telescope":"Pan-STARRS1",
				"u_time":"MJD",
				"source":"2,5"
			},
			{
				"time":"57234.4426985349",
				"band":"r",
				"e_magnitude":"0.0464347",
				"instrument":"GPC",
				"magnitude":"18.6444",
				"telescope":"Pan-STARRS1",
				"u_time":"MJD",
				"source":"2,5"
			},
			{
				"time":"57234.4552449253",
				"band":"r",
				"e_magnitude":"0.0413472",
				"instrument":"GPC",
				"magnitude":"18.671",
				"telescope":"Pan-STARRS1",
				"u_time":"MJD",
				"source":"2,5"
			},
			{
				"time":"57240.5635384297",
				"band":"i",
				"e_magnitude":"0.0429332",
				"instrument":"GPC",
				"magnitude":"19.1462",
				"telescope":"Pan-STARRS1",
				"u_time":"MJD",
				"source":"2,5"
			},
			{
				"time":"57240.5758401569",
				"band":"i",
				"e_magnitude":"0.0508465",
				"instrument":"GPC",
				"magnitude":"19.1626",
				"telescope":"Pan-STARRS1",
				"u_time":"MJD",
				"source":"2,5"
			},
			{
				"time":"57240.5880987737",
				"band":"i",
				"e_magnitude":"0.0471412",
				"instrument":"GPC",
				"magnitude":"19.1697",
				"telescope":"Pan-STARRS1",
				"u_time":"MJD",
				"source":"2,5"
			}
		]
	}
}