{
	"ASASSN-15jl":{
		"schema":"https://github.com/astrocatalogs/supernovae/blob/a0bc0b9/SCHEMA.md",
		"name":"ASASSN-15jl",
		"sources":[
			{
				"name":"2016A&A...594A..13P",
				"bibcode":"2016A&A...594A..13P",
				"reference":"Planck Collaboration et al. (2016)",
				"alias":"1"
			},
			{
				"name":"2015ATel.7527....1B",
				"bibcode":"2015ATel.7527....1B",
				"reference":"Brimacombe et al. (2015)",
				"alias":"2"
			},
			{
				"name":"2015ATel.7535....1H",
				"bibcode":"2015ATel.7535....1H",
				"reference":"Hosseinzadeh et al. (2015)",
				"alias":"3"
			},
			{
				"name":"2011ApJ...737..103S",
				"bibcode":"2011ApJ...737..103S",
				"reference":"Schlafly & Finkbeiner (2011)",
				"alias":"4"
			},
			{
				"name":"Pan-STARRS 3Pi",
				"url":"http://psweb.mp.qub.ac.uk/ps1threepi/psdb/",
				"alias":"5"
			},
			{
				"name":"ASAS-SN Supernovae",
				"url":"http://www.astronomy.ohio-state.edu/~assassin/sn_list.html",
				"alias":"6"
			},
			{
				"name":"Latest Supernovae",
				"secondary":true,
				"url":"http://www.rochesterastronomy.org/snimages/snredshiftall.html",
				"alias":"7"
			},
			{
				"name":"The Open Supernova Catalog",
				"bibcode":"2017ApJ...835...64G",
				"reference":"Guillochon et al. (2017)",
				"secondary":true,
				"url":"https://sne.space",
				"alias":"8"
			},
			{
				"name":"SIMBAD astronomical database",
				"bibcode":"2000A&AS..143....9W",
				"reference":"Wenger et al. (2000)",
				"secondary":true,
				"url":"http://simbad.u-strasbg.fr/",
				"alias":"9"
			}
		],
		"alias":[
			{
				"value":"ASASSN-15jl",
				"source":"2,5,6,7,9"
			},
			{
				"value":"PS15aol",
				"source":"2,7"
			}
		],
		"claimedtype":[
			{
				"value":"Ia",
				"source":"2,3,6,7,9"
			}
		],
		"comovingdist":[
			{
				"value":"152.53",
				"derived":true,
				"u_value":"Mpc",
				"source":"1,2,6,7,8"
			}
		],
		"dec":[
			{
				"value":"+50:58:35.43",
				"u_value":"degrees",
				"source":"2,9"
			},
			{
				"value":"+50:58:35.4",
				"u_value":"degrees",
				"source":"2,6,7"
			},
			{
				"value":"+50:58:35.8",
				"u_value":"degrees",
				"source":"2,5"
			}
		],
		"discoverdate":[
			{
				"value":"2015/05/13",
				"source":"2,7"
			}
		],
		"discoverer":[
			{
				"value":"ASAS-SN",
				"source":"2,7"
			}
		],
		"ebv":[
			{
				"value":"0.014",
				"derived":true,
				"e_value":"0.0012",
				"source":"4,8"
			}
		],
		"host":[
			{
				"value":"SDSS J152241.16+505836.1",
				"source":"2,5"
			},
			{
				"value":"SDSS J152241.16+505836.0",
				"source":"2,6"
			}
		],
		"hostdec":[
			{
				"value":"+50:58:36.1",
				"derived":true,
				"u_value":"degrees",
				"source":"8"
			}
		],
		"hostoffsetang":[
			{
				"value":"1",
				"u_value":"arcseconds",
				"source":"2,6"
			}
		],
		"hostoffsetdist":[
			{
				"value":"0.7",
				"source":"1,2,6,7,8,9"
			}
		],
		"hostra":[
			{
				"value":"15:22:41.16",
				"derived":true,
				"u_value":"hours",
				"source":"8"
			}
		],
		"lumdist":[
			{
				"value":"157.826",
				"derived":true,
				"u_value":"Mpc",
				"source":"1,2,6,7,8"
			}
		],
		"maxabsmag":[
			{
				"value":"-18.7538",
				"derived":true,
				"source":"1,2,6,7,8"
			}
		],
		"maxappmag":[
			{
				"value":"17.2",
				"derived":true,
				"source":"2,7,8"
			}
		],
		"maxdate":[
			{
				"value":"2015/05/12",
				"derived":true,
				"source":"2,7,8"
			}
		],
		"maxvisualabsmag":[
			{
				"value":"-18.7909",
				"derived":true,
				"source":"1,2,6,7,8"
			}
		],
		"maxvisualappmag":[
			{
				"value":"17.2",
				"derived":true,
				"source":"2,7,8"
			}
		],
		"maxvisualdate":[
			{
				"value":"2015/05/12",
				"derived":true,
				"source":"2,7,8"
			}
		],
		"ra":[
			{
				"value":"15:22:41.119",
				"u_value":"hours",
				"source":"2,9"
			},
			{
				"value":"15:22:41.12",
				"u_value":"hours",
				"source":"2,7"
			},
			{
				"value":"15:22:41.07",
				"u_value":"hours",
				"source":"2,5"
			},
			{
				"value":"15:22:41.04",
				"u_value":"hours",
				"source":"2,6"
			}
		],
		"redshift":[
			{
				"value":"0.034746",
				"source":"2,6,7"
			}
		],
		"velocity":[
			{
				"value":"10236",
				"u_value":"km/s",
				"source":"8"
			}
		],
		"photometry":[
			{
				"time":"57154.5",
				"magnitude":"17.2",
				"u_time":"MJD",
				"source":"2,7"
			},
			{
				"time":"57172.3738010209",
				"band":"i",
				"e_magnitude":"0.0129691",
				"instrument":"GPC",
				"magnitude":"17.4667",
				"telescope":"Pan-STARRS1",
				"u_time":"MJD",
				"source":"2,5"
			},
			{
				"time":"57172.3871943704",
				"band":"i",
				"e_magnitude":"0.0118922",
				"instrument":"GPC",
				"magnitude":"17.4806",
				"telescope":"Pan-STARRS1",
				"u_time":"MJD",
				"source":"2,5"
			},
			{
				"time":"57172.4006439294",
				"band":"i",
				"e_magnitude":"0.0131922",
				"instrument":"GPC",
				"magnitude":"17.5172",
				"telescope":"Pan-STARRS1",
				"u_time":"MJD",
				"source":"2,5"
			},
			{
				"time":"57172.4140838739",
				"band":"i",
				"e_magnitude":"0.0111244",
				"instrument":"GPC",
				"magnitude":"17.4663",
				"telescope":"Pan-STARRS1",
				"u_time":"MJD",
				"source":"2,5"
			},
			{
				"time":"57173.3610223358",
				"band":"i",
				"e_magnitude":"0.0253058",
				"instrument":"GPC",
				"magnitude":"17.5272",
				"telescope":"Pan-STARRS1",
				"u_time":"MJD",
				"source":"2,5"
			},
			{
				"time":"57173.3743916544",
				"band":"i",
				"e_magnitude":"0.0192631",
				"instrument":"GPC",
				"magnitude":"17.5345",
				"telescope":"Pan-STARRS1",
				"u_time":"MJD",
				"source":"2,5"
			},
			{
				"time":"57173.3877833035",
				"band":"i",
				"e_magnitude":"0.0242463",
				"instrument":"GPC",
				"magnitude":"17.5246",
				"telescope":"Pan-STARRS1",
				"u_time":"MJD",
				"source":"2,5"
			},
			{
				"time":"57173.4011811571",
				"band":"i",
				"e_magnitude":"0.0337995",
				"instrument":"GPC",
				"magnitude":"17.5174",
				"telescope":"Pan-STARRS1",
				"u_time":"MJD",
				"source":"2,5"
			}
		]
	}
}