{
	"ASASSN-15bb":{
		"schema":"https://github.com/astrocatalogs/supernovae/blob/a0bc0b9/SCHEMA.md",
		"name":"ASASSN-15bb",
		"sources":[
			{
				"name":"2016A&A...594A..13P",
				"bibcode":"2016A&A...594A..13P",
				"reference":"Planck Collaboration et al. (2016)",
				"alias":"1"
			},
			{
				"name":"2015ATel.6936....1K",
				"bibcode":"2015ATel.6936....1K",
				"reference":"Kiyota et al. (2015)",
				"alias":"2"
			},
			{
				"name":"2015ATel.6948....1M",
				"bibcode":"2015ATel.6948....1M",
				"reference":"Milisavljevic et al. (2015)",
				"alias":"3"
			},
			{
				"name":"2011ApJ...737..103S",
				"bibcode":"2011ApJ...737..103S",
				"reference":"Schlafly & Finkbeiner (2011)",
				"alias":"4"
			},
			{
				"name":"Gaia Photometric Science Alerts",
				"url":"http://gsaweb.ast.cam.ac.uk/alerts/alertsindex",
				"alias":"5"
			},
			{
				"name":"ASAS-SN Supernovae",
				"url":"http://www.astronomy.ohio-state.edu/~assassin/sn_list.html",
				"alias":"6"
			},
			{
				"name":"Latest Supernovae",
				"secondary":true,
				"url":"http://www.rochesterastronomy.org/snimages/snredshiftall.html",
				"alias":"7"
			},
			{
				"name":"The Open Supernova Catalog",
				"bibcode":"2017ApJ...835...64G",
				"reference":"Guillochon et al. (2017)",
				"secondary":true,
				"url":"https://sne.space",
				"alias":"8"
			},
			{
				"name":"SIMBAD astronomical database",
				"bibcode":"2000A&AS..143....9W",
				"reference":"Wenger et al. (2000)",
				"secondary":true,
				"url":"http://simbad.u-strasbg.fr/",
				"alias":"9"
			}
		],
		"alias":[
			{
				"value":"ASASSN-15bb",
				"source":"2,5,6,7,9"
			},
			{
				"value":"Gaia15acj",
				"source":"2,7"
			}
		],
		"claimedtype":[
			{
				"value":"II",
				"source":"3,5,6,9"
			},
			{
				"value":"II P",
				"source":"2,7"
			}
		],
		"comovingdist":[
			{
				"value":"69.98",
				"derived":true,
				"u_value":"Mpc",
				"source":"1,2,6,8"
			}
		],
		"dec":[
			{
				"value":"-36:36:00.17",
				"u_value":"degrees",
				"source":"2,9"
			},
			{
				"value":"-36:36:00.2",
				"u_value":"degrees",
				"source":"2,7"
			},
			{
				"value":"-36:36:00.36",
				"u_value":"degrees",
				"source":"2,5,6"
			}
		],
		"discoverdate":[
			{
				"value":"2015/01/16",
				"source":"2,7"
			}
		],
		"discoverer":[
			{
				"value":"ASAS-SN",
				"source":"2,7"
			}
		],
		"ebv":[
			{
				"value":"0.0407",
				"derived":true,
				"e_value":"0.0003",
				"source":"4,8"
			}
		],
		"host":[
			{
				"value":"ESO 381-IG48",
				"source":"2,7"
			},
			{
				"value":"ESO 381-IG048",
				"source":"2,6"
			}
		],
		"hostoffsetang":[
			{
				"value":"10.24",
				"u_value":"arcseconds",
				"source":"2,6"
			}
		],
		"lumdist":[
			{
				"value":"71.086",
				"derived":true,
				"u_value":"Mpc",
				"source":"1,2,6,8"
			}
		],
		"maxabsmag":[
			{
				"value":"-17.742",
				"derived":true,
				"source":"1,2,6,8"
			}
		],
		"maxappmag":[
			{
				"value":"16.5",
				"derived":true,
				"source":"2,7,8"
			}
		],
		"maxdate":[
			{
				"value":"2015/01/16",
				"derived":true,
				"source":"2,7,8"
			}
		],
		"maxvisualabsmag":[
			{
				"value":"-17.359",
				"derived":true,
				"source":"1,2,6,8"
			}
		],
		"maxvisualappmag":[
			{
				"value":"16.9",
				"derived":true,
				"source":"5,8"
			}
		],
		"maxvisualband":[
			{
				"value":"G",
				"derived":true,
				"source":"5,8"
			}
		],
		"maxvisualdate":[
			{
				"value":"2015/02/20",
				"derived":true,
				"source":"5,8"
			}
		],
		"ra":[
			{
				"value":"13:01:06.380",
				"u_value":"hours",
				"source":"2,9"
			},
			{
				"value":"13:01:06.38",
				"u_value":"hours",
				"source":"2,7"
			},
			{
				"value":"13:01:06.24",
				"u_value":"hours",
				"source":"5"
			},
			{
				"value":"13:01:06.48",
				"u_value":"hours",
				"source":"2,6"
			}
		],
		"redshift":[
			{
				"value":"0.01587",
				"source":"2,6"
			}
		],
		"velocity":[
			{
				"value":"4720",
				"u_value":"km/s",
				"source":"8"
			}
		],
		"photometry":[
			{
				"time":"57038.5",
				"magnitude":"16.5",
				"u_time":"MJD",
				"source":"2,7"
			},
			{
				"time":"57073.501",
				"band":"G",
				"e_magnitude":"0.0",
				"magnitude":"16.9",
				"telescope":"GAIA",
				"u_time":"MJD",
				"source":"5"
			},
			{
				"time":"57073.677",
				"band":"G",
				"e_magnitude":"0.0",
				"magnitude":"16.92",
				"telescope":"GAIA",
				"u_time":"MJD",
				"source":"5"
			},
			{
				"time":"57199.429",
				"band":"G",
				"e_magnitude":"0.0",
				"magnitude":"18.9",
				"telescope":"GAIA",
				"u_time":"MJD",
				"source":"5"
			},
			{
				"time":"57199.503",
				"band":"G",
				"e_magnitude":"0.0",
				"magnitude":"18.9",
				"telescope":"GAIA",
				"u_time":"MJD",
				"source":"5"
			}
		]
	}
}