{
	"ASASSN-15be":{
		"schema":"https://github.com/astrocatalogs/supernovae/blob/a0bc0b9/SCHEMA.md",
		"name":"ASASSN-15be",
		"sources":[
			{
				"name":"2016A&A...594A..13P",
				"bibcode":"2016A&A...594A..13P",
				"reference":"Planck Collaboration et al. (2016)",
				"alias":"1"
			},
			{
				"name":"2015ATel.6950....1B",
				"bibcode":"2015ATel.6950....1B",
				"reference":"Brimacombe et al. (2015)",
				"alias":"2"
			},
			{
				"name":"2015ATel.6988....1M",
				"bibcode":"2015ATel.6988....1M",
				"reference":"Morrell et al. (2015)",
				"alias":"3"
			},
			{
				"name":"2011ApJ...737..103S",
				"bibcode":"2011ApJ...737..103S",
				"reference":"Schlafly & Finkbeiner (2011)",
				"alias":"4"
			},
			{
				"name":"ASAS-SN Supernovae",
				"url":"http://www.astronomy.ohio-state.edu/~assassin/sn_list.html",
				"alias":"5"
			},
			{
				"name":"Latest Supernovae",
				"secondary":true,
				"url":"http://www.rochesterastronomy.org/snimages/snredshiftall.html",
				"alias":"6"
			},
			{
				"name":"The Open Supernova Catalog",
				"bibcode":"2017ApJ...835...64G",
				"reference":"Guillochon et al. (2017)",
				"secondary":true,
				"url":"https://sne.space",
				"alias":"7"
			},
			{
				"name":"SIMBAD astronomical database",
				"bibcode":"2000A&AS..143....9W",
				"reference":"Wenger et al. (2000)",
				"secondary":true,
				"url":"http://simbad.u-strasbg.fr/",
				"alias":"8"
			}
		],
		"alias":[
			{
				"value":"ASASSN-15be",
				"source":"2,5,6,8"
			}
		],
		"claimedtype":[
			{
				"value":"Ia",
				"source":"2,3,5,6,8"
			}
		],
		"comovingdist":[
			{
				"value":"96.4",
				"derived":true,
				"u_value":"Mpc",
				"source":"1,2,5,6,7"
			}
		],
		"dec":[
			{
				"value":"-34:18:52.52",
				"u_value":"degrees",
				"source":"2,8"
			},
			{
				"value":"-34:18:52.5",
				"u_value":"degrees",
				"source":"2,6"
			},
			{
				"value":"-34:18:52.56",
				"u_value":"degrees",
				"source":"2,5"
			}
		],
		"discoverdate":[
			{
				"value":"2015/01/19",
				"source":"2,6"
			}
		],
		"discoverer":[
			{
				"value":"ASAS-SN",
				"source":"2,6"
			}
		],
		"ebv":[
			{
				"value":"0.0167",
				"derived":true,
				"e_value":"0.0002",
				"source":"4,7"
			}
		],
		"host":[
			{
				"value":"GALEXASC J025245.83-341850.6",
				"source":"2,5"
			}
		],
		"hostdec":[
			{
				"value":"-34:18:50.6",
				"derived":true,
				"u_value":"degrees",
				"source":"7"
			}
		],
		"hostoffsetang":[
			{
				"value":"7",
				"u_value":"arcseconds",
				"source":"2,5"
			}
		],
		"hostoffsetdist":[
			{
				"value":"3",
				"source":"1,2,5,6,7,8"
			}
		],
		"hostra":[
			{
				"value":"02:52:45.83",
				"derived":true,
				"u_value":"hours",
				"source":"7"
			}
		],
		"lumdist":[
			{
				"value":"98.54",
				"derived":true,
				"u_value":"Mpc",
				"source":"1,2,5,6,7"
			}
		],
		"maxabsmag":[
			{
				"value":"-19.24",
				"derived":true,
				"source":"1,2,5,6,7"
			}
		],
		"maxappmag":[
			{
				"value":"15.7",
				"derived":true,
				"source":"2,6,7"
			}
		],
		"maxdate":[
			{
				"value":"2015/01/22",
				"derived":true,
				"source":"2,6,7"
			}
		],
		"maxvisualabsmag":[
			{
				"value":"-19.27",
				"derived":true,
				"source":"1,2,5,6,7"
			}
		],
		"maxvisualappmag":[
			{
				"value":"15.7",
				"derived":true,
				"source":"2,6,7"
			}
		],
		"maxvisualdate":[
			{
				"value":"2015/01/22",
				"derived":true,
				"source":"2,6,7"
			}
		],
		"ra":[
			{
				"value":"02:52:46.390",
				"u_value":"hours",
				"source":"2,8"
			},
			{
				"value":"02:52:46.39",
				"u_value":"hours",
				"source":"2,6"
			},
			{
				"value":"02:52:46.392",
				"u_value":"hours",
				"source":"2,5"
			}
		],
		"redshift":[
			{
				"value":"0.0219",
				"source":"2,5,6"
			}
		],
		"velocity":[
			{
				"value":"6490",
				"u_value":"km/s",
				"source":"7"
			}
		],
		"photometry":[
			{
				"time":"57044.5",
				"magnitude":"15.7",
				"u_time":"MJD",
				"source":"2,6"
			}
		]
	}
}