{
	"AT2016jhi":{
		"schema":"https://github.com/astrocatalogs/supernovae/blob/a0bc0b9/SCHEMA.md",
		"name":"AT2016jhi",
		"sources":[
			{
				"name":"2011ApJ...737..103S",
				"bibcode":"2011ApJ...737..103S",
				"reference":"Schlafly & Finkbeiner (2011)",
				"alias":"1"
			},
			{
				"name":"Transient Name Server",
				"url":"https://wis-tns.weizmann.ac.il/",
				"alias":"2"
			},
			{
				"name":"SMT",
				"url":"http://www.mso.anu.edu.au/skymapper/smt/transients/tns/",
				"alias":"3"
			},
			{
				"name":"The Open Supernova Catalog",
				"bibcode":"2017ApJ...835...64G",
				"reference":"Guillochon et al. (2017)",
				"secondary":true,
				"url":"https://sne.space",
				"alias":"4"
			}
		],
		"alias":[
			{
				"value":"AT2016jhi",
				"source":"2,3"
			},
			{
				"value":"SMT17bry",
				"source":"2,3"
			}
		],
		"claimedtype":[
			{
				"value":"Candidate",
				"source":"3"
			}
		],
		"dec":[
			{
				"value":"-33:39:22.97",
				"u_value":"degrees",
				"source":"2"
			},
			{
				"value":"-33:39:23.04",
				"u_value":"degrees",
				"source":"3"
			}
		],
		"discoverdate":[
			{
				"value":"2016/03/19.735",
				"source":"2"
			}
		],
		"discoverer":[
			{
				"value":"SkyMapper",
				"source":"2"
			}
		],
		"ebv":[
			{
				"value":"0.0441",
				"derived":true,
				"e_value":"0.0016",
				"source":"1,4"
			}
		],
		"maxappmag":[
			{
				"value":"20.34",
				"derived":true,
				"source":"2,4"
			}
		],
		"maxband":[
			{
				"value":"g-SM",
				"derived":true,
				"source":"2,4"
			}
		],
		"maxdate":[
			{
				"value":"2016/03/19",
				"derived":true,
				"source":"2,4"
			}
		],
		"maxvisualappmag":[
			{
				"value":"20.34",
				"derived":true,
				"source":"2,4"
			}
		],
		"maxvisualband":[
			{
				"value":"g-SM",
				"derived":true,
				"source":"2,4"
			}
		],
		"maxvisualdate":[
			{
				"value":"2016/03/19",
				"derived":true,
				"source":"2,4"
			}
		],
		"ra":[
			{
				"value":"13:40:03.68",
				"u_value":"hours",
				"source":"2"
			},
			{
				"value":"13:40:03.6",
				"u_value":"hours",
				"source":"3"
			}
		],
		"photometry":[
			{
				"time":"57465.065",
				"band":"r-SM",
				"instrument":"SM-WFCam",
				"magnitude":"19.29",
				"observer":"Skymapper Transient Survey",
				"telescope":"SkyMapper 1.35m",
				"u_time":"MJD",
				"upperlimit":true,
				"source":"2"
			},
			{
				"time":"57466.235",
				"band":"g-SM",
				"instrument":"SM-WFCam",
				"magnitude":"20.34",
				"telescope":"SkyMapper 1.35m",
				"u_time":"MJD",
				"source":"2"
			}
		]
	}
}