{
	"AT2016cci":{
		"schema":"https://github.com/astrocatalogs/supernovae/blob/a0bc0b9/SCHEMA.md",
		"name":"AT2016cci",
		"sources":[
			{
				"name":"2011ApJ...737..103S",
				"bibcode":"2011ApJ...737..103S",
				"reference":"Schlafly & Finkbeiner (2011)",
				"alias":"1"
			},
			{
				"name":"Transient Name Server",
				"url":"https://wis-tns.weizmann.ac.il/",
				"alias":"2"
			},
			{
				"name":"Latest Supernovae",
				"secondary":true,
				"url":"http://www.rochesterastronomy.org/snimages/snredshiftall.html",
				"alias":"3"
			},
			{
				"name":"The Open Supernova Catalog",
				"bibcode":"2017ApJ...835...64G",
				"reference":"Guillochon et al. (2017)",
				"secondary":true,
				"url":"https://sne.space",
				"alias":"4"
			}
		],
		"alias":[
			{
				"value":"AT2016cci",
				"source":"2,3"
			},
			{
				"value":"ATLAS16ase",
				"source":"2,3"
			}
		],
		"claimedtype":[
			{
				"value":"Candidate",
				"source":"4"
			}
		],
		"dec":[
			{
				"value":"+08:11:53.90",
				"u_value":"degrees",
				"source":"2,3"
			}
		],
		"discoverdate":[
			{
				"value":"2016/04/29.241053",
				"source":"2"
			}
		],
		"discoverer":[
			{
				"value":"ATLAS",
				"source":"2,3"
			}
		],
		"ebv":[
			{
				"value":"0.0169",
				"derived":true,
				"e_value":"0.0003",
				"source":"1,4"
			}
		],
		"maxappmag":[
			{
				"value":"18.17",
				"derived":true,
				"source":"2,4"
			}
		],
		"maxband":[
			{
				"value":"cyan",
				"derived":true,
				"source":"2,4"
			}
		],
		"maxdate":[
			{
				"value":"2016/04/29",
				"derived":true,
				"source":"2,4"
			}
		],
		"maxvisualappmag":[
			{
				"value":"18.17",
				"derived":true,
				"source":"2,4"
			}
		],
		"maxvisualband":[
			{
				"value":"cyan",
				"derived":true,
				"source":"2,4"
			}
		],
		"maxvisualdate":[
			{
				"value":"2016/04/29",
				"derived":true,
				"source":"2,4"
			}
		],
		"ra":[
			{
				"value":"08:03:22.91",
				"u_value":"hours",
				"source":"2"
			},
			{
				"value":"08:03:22.910",
				"u_value":"hours",
				"source":"2,3"
			}
		],
		"photometry":[
			{
				"time":"57507.24106",
				"band":"cyan",
				"instrument":"ACAM1",
				"magnitude":"18.17",
				"telescope":"ATLAS1",
				"u_time":"MJD",
				"source":"2"
			}
		]
	}
}