{
	"AT2016gzs":{
		"schema":"https://github.com/astrocatalogs/supernovae/blob/a0bc0b9/SCHEMA.md",
		"name":"AT2016gzs",
		"sources":[
			{
				"name":"ATel 9651",
				"bibcode":"2016ATel.9651....1T",
				"reference":"Tonry et al. (2016)",
				"url":"http://www.astronomerstelegram.org/?read=9651",
				"alias":"1"
			},
			{
				"name":"2011ApJ...737..103S",
				"bibcode":"2011ApJ...737..103S",
				"reference":"Schlafly & Finkbeiner (2011)",
				"alias":"2"
			},
			{
				"name":"Transient Name Server",
				"url":"https://wis-tns.weizmann.ac.il/",
				"alias":"3"
			},
			{
				"name":"Gaia Photometric Science Alerts",
				"url":"http://gsaweb.ast.cam.ac.uk/alerts/alertsindex",
				"alias":"4"
			},
			{
				"name":"Pan-STARRS 3Pi",
				"url":"http://psweb.mp.qub.ac.uk/ps1threepi/psdb/",
				"alias":"5"
			},
			{
				"name":"Latest Supernovae",
				"secondary":true,
				"url":"http://www.rochesterastronomy.org/snimages/snredshiftall.html",
				"alias":"6"
			},
			{
				"name":"The Open Supernova Catalog",
				"bibcode":"2017ApJ...835...64G",
				"reference":"Guillochon et al. (2017)",
				"secondary":true,
				"url":"https://sne.space",
				"alias":"7"
			}
		],
		"alias":[
			{
				"value":"AT2016gzs",
				"source":"1,3,4,5,6,7"
			},
			{
				"value":"Gaia16bmd",
				"source":"3,6,7"
			},
			{
				"value":"ATLAS16dic",
				"source":"3,6"
			},
			{
				"value":"PS16ffh",
				"source":"3,6"
			}
		],
		"claimedtype":[
			{
				"value":"Candidate",
				"source":"4"
			}
		],
		"dec":[
			{
				"value":"+58:41:37.99",
				"u_value":"degrees",
				"source":"3,6"
			},
			{
				"value":"+58:41:37.68",
				"u_value":"degrees",
				"source":"4"
			},
			{
				"value":"+58:41:37.8",
				"u_value":"degrees",
				"source":"1,5"
			}
		],
		"discoverdate":[
			{
				"value":"2016/10/07.58",
				"source":"3"
			}
		],
		"discoverer":[
			{
				"value":"ATLAS",
				"source":"3,6"
			}
		],
		"ebv":[
			{
				"value":"0.0254",
				"derived":true,
				"e_value":"0.001",
				"source":"2,7"
			}
		],
		"host":[
			{
				"value":"2MASX J07524342+5841346",
				"source":"1,5"
			}
		],
		"hostdec":[
			{
				"value":"+58:41:34.6",
				"derived":true,
				"u_value":"degrees",
				"source":"7"
			}
		],
		"hostoffsetang":[
			{
				"value":"3.835",
				"derived":true,
				"u_value":"arcseconds",
				"source":"3,6,7"
			}
		],
		"hostra":[
			{
				"value":"07:52:43.42",
				"derived":true,
				"u_value":"hours",
				"source":"7"
			}
		],
		"maxappmag":[
			{
				"value":"17.36",
				"derived":true,
				"source":"4,7"
			}
		],
		"maxband":[
			{
				"value":"G",
				"derived":true,
				"source":"4,7"
			}
		],
		"maxdate":[
			{
				"value":"2016/10/08",
				"derived":true,
				"source":"4,7"
			}
		],
		"maxvisualappmag":[
			{
				"value":"17.75",
				"derived":true,
				"source":"3,7"
			}
		],
		"maxvisualband":[
			{
				"value":"g",
				"derived":true,
				"source":"3,7"
			}
		],
		"maxvisualdate":[
			{
				"value":"2016/10/21",
				"derived":true,
				"source":"3,7"
			}
		],
		"ra":[
			{
				"value":"07:52:43.19",
				"u_value":"hours",
				"source":"3"
			},
			{
				"value":"07:52:43.190",
				"u_value":"hours",
				"source":"3,6"
			},
			{
				"value":"07:52:43.2",
				"u_value":"hours",
				"source":"4"
			},
			{
				"value":"07:52:43.18",
				"u_value":"hours",
				"source":"1,5"
			}
		],
		"photometry":[
			{
				"time":"54832.5",
				"band":"R",
				"instrument":"CFH12k",
				"magnitude":"21.5",
				"observer":"iPTF",
				"telescope":"P48",
				"u_time":"MJD",
				"upperlimit":true,
				"source":"3"
			},
			{
				"time":"57640.31",
				"band":"G",
				"instrument":"Gaia-photometric",
				"magnitude":"21.5",
				"observer":"Robot",
				"telescope":"Gaia",
				"u_time":"MJD",
				"upperlimit":true,
				"source":"3"
			},
			{
				"time":"57656.1489931",
				"band":"cyan",
				"instrument":"ACAM1",
				"magnitude":"17.3",
				"observer":"Robot",
				"telescope":"ATLAS1",
				"u_time":"MJD",
				"upperlimit":true,
				"source":"3"
			},
			{
				"time":"57668.08",
				"band":"cyan",
				"e_magnitude":"0.04",
				"instrument":"ACAM1",
				"magnitude":"17.39",
				"observer":"Robot",
				"telescope":"ATLAS1",
				"u_time":"MJD",
				"source":"3"
			},
			{
				"time":"57669.0469907",
				"band":"G",
				"e_magnitude":"0.2",
				"instrument":"Gaia-photometric",
				"magnitude":"17.36",
				"observer":"Robot",
				"telescope":"Gaia",
				"u_time":"MJD",
				"source":"3"
			},
			{
				"time":"57669.548",
				"band":"G",
				"e_magnitude":"0.0",
				"magnitude":"17.36",
				"telescope":"GAIA",
				"u_time":"MJD",
				"source":"4"
			},
			{
				"time":"57669.622",
				"band":"G",
				"e_magnitude":"0.0",
				"magnitude":"17.36",
				"telescope":"GAIA",
				"u_time":"MJD",
				"source":"4"
			},
			{
				"time":"57682.5079977",
				"band":"g",
				"instrument":"CFH12k",
				"magnitude":"17.748",
				"observer":"iPTF",
				"telescope":"P48",
				"u_time":"MJD",
				"source":"3"
			},
			{
				"time":"57695.042",
				"band":"G",
				"e_magnitude":"0.0",
				"magnitude":"18.08",
				"telescope":"GAIA",
				"u_time":"MJD",
				"source":"4"
			},
			{
				"time":"57712.0989931",
				"band":"i",
				"e_magnitude":"0.06",
				"instrument":"GPC1",
				"magnitude":"18.2",
				"observer":"Robot",
				"telescope":"PS1",
				"u_time":"MJD",
				"source":"3"
			},
			{
				"time":"57712.5994341556",
				"band":"i",
				"e_magnitude":"0.0562751",
				"instrument":"GPC",
				"magnitude":"18.2032",
				"telescope":"Pan-STARRS1",
				"u_time":"MJD",
				"source":"1,5"
			},
			{
				"time":"57712.6123639653",
				"band":"i",
				"e_magnitude":"0.0529734",
				"instrument":"GPC",
				"magnitude":"18.2019",
				"telescope":"Pan-STARRS1",
				"u_time":"MJD",
				"source":"1,5"
			},
			{
				"time":"57712.6252660715",
				"band":"i",
				"e_magnitude":"0.0494426",
				"instrument":"GPC",
				"magnitude":"18.23",
				"telescope":"Pan-STARRS1",
				"u_time":"MJD",
				"source":"1,5"
			},
			{
				"time":"57712.6381898067",
				"band":"i",
				"e_magnitude":"0.0536659",
				"instrument":"GPC",
				"magnitude":"18.2139",
				"telescope":"Pan-STARRS1",
				"u_time":"MJD",
				"source":"1,5"
			},
			{
				"time":"57790.668",
				"band":"G",
				"e_magnitude":"0.0",
				"magnitude":"20.06",
				"telescope":"GAIA",
				"u_time":"MJD",
				"source":"4"
			},
			{
				"time":"57790.742",
				"band":"G",
				"e_magnitude":"0.0",
				"magnitude":"20.23",
				"telescope":"GAIA",
				"u_time":"MJD",
				"source":"4"
			},
			{
				"time":"57790.992",
				"band":"G",
				"e_magnitude":"0.0",
				"magnitude":"20.16",
				"telescope":"GAIA",
				"u_time":"MJD",
				"source":"4"
			},
			{
				"time":"57797.302",
				"band":"G",
				"e_magnitude":"0.0",
				"magnitude":"20.24",
				"telescope":"GAIA",
				"u_time":"MJD",
				"source":"4"
			},
			{
				"time":"57797.552",
				"band":"G",
				"e_magnitude":"0.0",
				"magnitude":"20.3",
				"telescope":"GAIA",
				"u_time":"MJD",
				"source":"4"
			}
		]
	}
}