{
	"AT2016hvr":{
		"schema":"https://github.com/astrocatalogs/supernovae/blob/a0bc0b9/SCHEMA.md",
		"name":"AT2016hvr",
		"sources":[
			{
				"name":"2011ApJ...737..103S",
				"bibcode":"2011ApJ...737..103S",
				"reference":"Schlafly & Finkbeiner (2011)",
				"alias":"1"
			},
			{
				"name":"Transient Name Server",
				"url":"https://wis-tns.weizmann.ac.il/",
				"alias":"2"
			},
			{
				"name":"Latest Supernovae",
				"secondary":true,
				"url":"http://www.rochesterastronomy.org/snimages/snredshiftall.html",
				"alias":"3"
			},
			{
				"name":"The Open Supernova Catalog",
				"bibcode":"2017ApJ...835...64G",
				"reference":"Guillochon et al. (2017)",
				"secondary":true,
				"url":"https://sne.space",
				"alias":"4"
			}
		],
		"alias":[
			{
				"value":"AT2016hvr",
				"source":"2,3"
			}
		],
		"claimedtype":[
			{
				"value":"Candidate",
				"source":"4"
			}
		],
		"dec":[
			{
				"value":"+24:22:10.40",
				"u_value":"degrees",
				"source":"2,3"
			}
		],
		"discoverdate":[
			{
				"value":"2016/11/03.6",
				"source":"2"
			}
		],
		"discoverer":[
			{
				"value":"TNTS",
				"source":"2,3"
			}
		],
		"ebv":[
			{
				"value":"0.0534",
				"derived":true,
				"e_value":"0.0014",
				"source":"1,4"
			}
		],
		"host":[
			{
				"value":"SDSS J233253.64+242210.0",
				"source":"2"
			}
		],
		"hostdec":[
			{
				"value":"+24:22:10.0",
				"derived":true,
				"u_value":"degrees",
				"source":"4"
			}
		],
		"hostoffsetang":[
			{
				"value":"1.164",
				"derived":true,
				"u_value":"arcseconds",
				"source":"2,3,4"
			}
		],
		"hostra":[
			{
				"value":"23:32:53.64",
				"derived":true,
				"u_value":"hours",
				"source":"4"
			}
		],
		"maxappmag":[
			{
				"value":"19.5",
				"derived":true,
				"source":"2,4"
			}
		],
		"maxband":[
			{
				"value":"C",
				"derived":true,
				"source":"2,4"
			}
		],
		"maxdate":[
			{
				"value":"2016/11/03",
				"derived":true,
				"source":"2,4"
			}
		],
		"maxvisualappmag":[
			{
				"value":"19.5",
				"derived":true,
				"source":"2,4"
			}
		],
		"maxvisualband":[
			{
				"value":"C",
				"derived":true,
				"source":"2,4"
			}
		],
		"maxvisualdate":[
			{
				"value":"2016/11/03",
				"derived":true,
				"source":"2,4"
			}
		],
		"ra":[
			{
				"value":"23:32:53.72",
				"u_value":"hours",
				"source":"2"
			},
			{
				"value":"23:32:53.720",
				"u_value":"hours",
				"source":"2,3"
			}
		],
		"photometry":[
			{
				"time":"57695.1",
				"band":"C",
				"instrument":"BATC",
				"magnitude":"19.5",
				"system":"Vega",
				"telescope":"BAO-0.6m",
				"u_time":"MJD",
				"source":"2"
			}
		]
	}
}