{
	"AT2015cb":{
		"schema":"https://github.com/astrocatalogs/supernovae/blob/a0bc0b9/SCHEMA.md",
		"name":"AT2015cb",
		"sources":[
			{
				"name":"2016A&A...594A..13P",
				"bibcode":"2016A&A...594A..13P",
				"reference":"Planck Collaboration et al. (2016)",
				"alias":"1"
			},
			{
				"name":"2011ApJ...737..103S",
				"bibcode":"2011ApJ...737..103S",
				"reference":"Schlafly & Finkbeiner (2011)",
				"alias":"2"
			},
			{
				"name":"Transient Name Server",
				"url":"https://wis-tns.weizmann.ac.il/",
				"alias":"3"
			},
			{
				"name":"Latest Supernovae",
				"secondary":true,
				"url":"http://www.rochesterastronomy.org/snimages/snredshiftall.html",
				"alias":"4"
			},
			{
				"name":"The Open Supernova Catalog",
				"bibcode":"2017ApJ...835...64G",
				"reference":"Guillochon et al. (2017)",
				"secondary":true,
				"url":"https://sne.space",
				"alias":"5"
			}
		],
		"alias":[
			{
				"value":"AT2015cb",
				"source":"3,4"
			}
		],
		"claimedtype":[
			{
				"value":"Candidate",
				"source":"5"
			}
		],
		"comovingdist":[
			{
				"value":"76.3",
				"derived":true,
				"u_value":"Mpc",
				"source":"1,3,5"
			}
		],
		"dec":[
			{
				"value":"-10:20:37.48",
				"u_value":"degrees",
				"source":"3,4"
			}
		],
		"discoverdate":[
			{
				"value":"2015/03/06.345868",
				"source":"3"
			}
		],
		"discoverer":[
			{
				"value":"SUNBIRD",
				"source":"3"
			},
			{
				"value":"Erik Kool, Stuart Ryder, Seppo Mattila, and Erkki Kankare",
				"source":"3,4"
			}
		],
		"ebv":[
			{
				"value":"0.5884",
				"derived":true,
				"e_value":"0.0093",
				"source":"2,5"
			}
		],
		"host":[
			{
				"value":"IRAS 17138-1017",
				"source":"3,4"
			}
		],
		"hostcomovingdist":[
			{
				"value":"76.3",
				"derived":true,
				"source":"1,3,5"
			}
		],
		"hostlumdist":[
			{
				"value":"77.57",
				"derived":true,
				"source":"1,3,5"
			}
		],
		"hostredshift":[
			{
				"value":"0.0173",
				"source":"3"
			}
		],
		"hostvelocity":[
			{
				"value":"5140",
				"source":"5"
			}
		],
		"lumdist":[
			{
				"value":"77.57",
				"derived":true,
				"u_value":"Mpc",
				"source":"1,3,5"
			}
		],
		"maxabsmag":[
			{
				"value":"-17.83",
				"derived":true,
				"source":"1,3,5"
			}
		],
		"maxappmag":[
			{
				"value":"16.6",
				"derived":true,
				"source":"3,4,5"
			}
		],
		"maxdate":[
			{
				"value":"2015/03/05",
				"derived":true,
				"source":"3,4,5"
			}
		],
		"maxvisualabsmag":[
			{
				"value":"-17.85",
				"derived":true,
				"source":"1,3,5"
			}
		],
		"maxvisualappmag":[
			{
				"value":"16.6",
				"derived":true,
				"source":"3,4,5"
			}
		],
		"maxvisualdate":[
			{
				"value":"2015/03/05",
				"derived":true,
				"source":"3,4,5"
			}
		],
		"ra":[
			{
				"value":"17:16:35.84",
				"u_value":"hours",
				"source":"3"
			},
			{
				"value":"17:16:35.840",
				"u_value":"hours",
				"source":"3,4"
			}
		],
		"redshift":[
			{
				"value":"0.0173",
				"kind":"host",
				"source":"3"
			},
			{
				"value":"0.0173",
				"source":"3,4"
			}
		],
		"velocity":[
			{
				"value":"5140",
				"u_value":"km/s",
				"source":"5"
			}
		],
		"photometry":[
			{
				"time":"57086.5",
				"magnitude":"16.6",
				"u_time":"MJD",
				"source":"3,4"
			}
		]
	}
}