{
	"AT2016hkx":{
		"schema":"https://github.com/astrocatalogs/supernovae/blob/a0bc0b9/SCHEMA.md",
		"name":"AT2016hkx",
		"sources":[
			{
				"name":"2016A&A...594A..13P",
				"bibcode":"2016A&A...594A..13P",
				"reference":"Planck Collaboration et al. (2016)",
				"alias":"1"
			},
			{
				"name":"2011ApJ...737..103S",
				"bibcode":"2011ApJ...737..103S",
				"reference":"Schlafly & Finkbeiner (2011)",
				"alias":"2"
			},
			{
				"name":"Transient Name Server",
				"url":"https://wis-tns.weizmann.ac.il/",
				"alias":"3"
			},
			{
				"name":"Gaia Photometric Science Alerts",
				"url":"http://gsaweb.ast.cam.ac.uk/alerts/alertsindex",
				"alias":"4"
			},
			{
				"name":"Latest Supernovae",
				"secondary":true,
				"url":"http://www.rochesterastronomy.org/snimages/snredshiftall.html",
				"alias":"5"
			},
			{
				"name":"The Open Supernova Catalog",
				"bibcode":"2017ApJ...835...64G",
				"reference":"Guillochon et al. (2017)",
				"secondary":true,
				"url":"https://sne.space",
				"alias":"6"
			}
		],
		"alias":[
			{
				"value":"AT2016hkx",
				"source":"3,4,5"
			},
			{
				"value":"Gaia16brj",
				"source":"3,5"
			}
		],
		"claimedtype":[
			{
				"value":"Candidate",
				"source":"4"
			}
		],
		"comovingdist":[
			{
				"value":"197.63",
				"derived":true,
				"u_value":"Mpc",
				"source":"1,3,5,6"
			}
		],
		"dec":[
			{
				"value":"+29:09:11.50",
				"u_value":"degrees",
				"source":"3,5"
			},
			{
				"value":"+29:09:11.16",
				"u_value":"degrees",
				"source":"4"
			}
		],
		"discoverdate":[
			{
				"value":"2016/10/25.0914352",
				"source":"3"
			}
		],
		"discoverer":[
			{
				"value":"POSS",
				"source":"3"
			},
			{
				"value":"Tim Puckett et al.",
				"source":"3,5"
			}
		],
		"ebv":[
			{
				"value":"0.0462",
				"derived":true,
				"e_value":"0.0021",
				"source":"2,6"
			}
		],
		"host":[
			{
				"value":"UGC 10772",
				"source":"3,5"
			}
		],
		"lumdist":[
			{
				"value":"206.545",
				"derived":true,
				"u_value":"Mpc",
				"source":"1,3,5,6"
			}
		],
		"maxabsmag":[
			{
				"value":"-19.1971",
				"derived":true,
				"source":"1,3,5,6"
			}
		],
		"maxappmag":[
			{
				"value":"17.33",
				"derived":true,
				"source":"4,6"
			}
		],
		"maxband":[
			{
				"value":"G",
				"derived":true,
				"source":"4,6"
			}
		],
		"maxdate":[
			{
				"value":"2016/10/29",
				"derived":true,
				"source":"4,6"
			}
		],
		"maxvisualabsmag":[
			{
				"value":"-19.2451",
				"derived":true,
				"source":"1,3,5,6"
			}
		],
		"maxvisualappmag":[
			{
				"value":"17.33",
				"derived":true,
				"source":"4,6"
			}
		],
		"maxvisualband":[
			{
				"value":"G",
				"derived":true,
				"source":"4,6"
			}
		],
		"maxvisualdate":[
			{
				"value":"2016/10/29",
				"derived":true,
				"source":"4,6"
			}
		],
		"ra":[
			{
				"value":"17:14:57.61",
				"u_value":"hours",
				"source":"3"
			},
			{
				"value":"17:14:57.610",
				"u_value":"hours",
				"source":"3,5"
			},
			{
				"value":"17:14:57.6",
				"u_value":"hours",
				"source":"4"
			}
		],
		"redshift":[
			{
				"value":"0.045131",
				"source":"3,5"
			}
		],
		"velocity":[
			{
				"value":"13225",
				"u_value":"km/s",
				"source":"6"
			}
		],
		"photometry":[
			{
				"time":"57618.5189931",
				"band":"G",
				"instrument":"Gaia-photometric",
				"magnitude":"21.5",
				"observer":"Robot",
				"telescope":"Gaia",
				"u_time":"MJD",
				"upperlimit":true,
				"source":"3"
			},
			{
				"time":"57664.1221065",
				"band":"C",
				"magnitude":"20.4",
				"u_time":"MJD",
				"upperlimit":true,
				"source":"3"
			},
			{
				"time":"57677.2679977",
				"band":"orange",
				"instrument":"ACAM1",
				"magnitude":"18.07",
				"observer":"Robot",
				"telescope":"ATLAS1",
				"u_time":"MJD",
				"upperlimit":true,
				"source":"3"
			},
			{
				"time":"57685.2289931",
				"band":"cyan",
				"e_magnitude":"0.07",
				"instrument":"ACAM1",
				"magnitude":"17.89",
				"observer":"Robot",
				"telescope":"ATLAS1",
				"u_time":"MJD",
				"source":"3"
			},
			{
				"time":"57686.0914352",
				"band":"C",
				"e_magnitude":"0.2",
				"magnitude":"17.9",
				"u_time":"MJD",
				"source":"3"
			},
			{
				"time":"57690.225",
				"band":"G",
				"e_magnitude":"0.2",
				"instrument":"Gaia-photometric",
				"magnitude":"17.36",
				"observer":"Robot",
				"telescope":"Gaia",
				"u_time":"MJD",
				"source":"3"
			},
			{
				"time":"57690.726",
				"band":"G",
				"e_magnitude":"0.0",
				"magnitude":"17.36",
				"telescope":"GAIA",
				"u_time":"MJD",
				"source":"4"
			},
			{
				"time":"57690.800",
				"band":"G",
				"e_magnitude":"0.0",
				"magnitude":"17.35",
				"telescope":"GAIA",
				"u_time":"MJD",
				"source":"4"
			},
			{
				"time":"57690.976",
				"band":"G",
				"e_magnitude":"0.0",
				"magnitude":"17.33",
				"telescope":"GAIA",
				"u_time":"MJD",
				"source":"4"
			},
			{
				"time":"57712.481",
				"band":"G",
				"e_magnitude":"0.0",
				"magnitude":"18.12",
				"telescope":"GAIA",
				"u_time":"MJD",
				"source":"4"
			}
		]
	}
}