{
	"AT2016hnp":{
		"schema":"https://github.com/astrocatalogs/supernovae/blob/a0bc0b9/SCHEMA.md",
		"name":"AT2016hnp",
		"sources":[
			{
				"name":"ATel 9685",
				"bibcode":"2016ATel.9685....1T",
				"reference":"Tonry et al. (2016)",
				"url":"http://www.astronomerstelegram.org/?read=9685",
				"alias":"1"
			},
			{
				"name":"2011ApJ...737..103S",
				"bibcode":"2011ApJ...737..103S",
				"reference":"Schlafly & Finkbeiner (2011)",
				"alias":"2"
			},
			{
				"name":"Transient Name Server",
				"url":"https://wis-tns.weizmann.ac.il/",
				"alias":"3"
			},
			{
				"name":"Gaia Photometric Science Alerts",
				"url":"http://gsaweb.ast.cam.ac.uk/alerts/alertsindex",
				"alias":"4"
			},
			{
				"name":"Latest Supernovae",
				"secondary":true,
				"url":"http://www.rochesterastronomy.org/snimages/snredshiftall.html",
				"alias":"5"
			},
			{
				"name":"The Open Supernova Catalog",
				"bibcode":"2017ApJ...835...64G",
				"reference":"Guillochon et al. (2017)",
				"secondary":true,
				"url":"https://sne.space",
				"alias":"6"
			}
		],
		"alias":[
			{
				"value":"AT2016hnp",
				"source":"1,3,4,5"
			},
			{
				"value":"ATLAS16dot",
				"source":"1,3,5"
			},
			{
				"value":"Gaia16bxm",
				"source":"1,5"
			}
		],
		"claimedtype":[
			{
				"value":"Candidate",
				"source":"4"
			}
		],
		"dec":[
			{
				"value":"+06:42:52.23",
				"u_value":"degrees",
				"source":"1,3,5"
			},
			{
				"value":"+06:42:52.056",
				"u_value":"degrees",
				"source":"4"
			}
		],
		"discoverdate":[
			{
				"value":"2016/10/27.38",
				"source":"3"
			}
		],
		"discoverer":[
			{
				"value":"ATLAS",
				"source":"1,3,5"
			}
		],
		"ebv":[
			{
				"value":"0.0546",
				"derived":true,
				"e_value":"0.0026",
				"source":"2,6"
			}
		],
		"maxappmag":[
			{
				"value":"17.46",
				"derived":true,
				"source":"3,6"
			}
		],
		"maxband":[
			{
				"value":"cyan",
				"derived":true,
				"source":"3,6"
			}
		],
		"maxdate":[
			{
				"value":"2016/10/27",
				"derived":true,
				"source":"3,6"
			}
		],
		"maxvisualappmag":[
			{
				"value":"18.58",
				"derived":true,
				"source":"4,6"
			}
		],
		"maxvisualband":[
			{
				"value":"G",
				"derived":true,
				"source":"4,6"
			}
		],
		"maxvisualdate":[
			{
				"value":"2016/11/22",
				"derived":true,
				"source":"4,6"
			}
		],
		"ra":[
			{
				"value":"23:53:05.14",
				"u_value":"hours",
				"source":"3"
			},
			{
				"value":"23:53:05.140",
				"u_value":"hours",
				"source":"1,5"
			},
			{
				"value":"23:53:05.28",
				"u_value":"hours",
				"source":"4"
			}
		],
		"photometry":[
			{
				"time":"57574.445",
				"band":"G",
				"instrument":"Gaia-photometric",
				"magnitude":"21.5",
				"observer":"Robot",
				"telescope":"Gaia",
				"u_time":"MJD",
				"upperlimit":true,
				"source":"3"
			},
			{
				"time":"57680.4619907",
				"band":"orange",
				"instrument":"ACAM1",
				"magnitude":"18.75",
				"observer":"Robot",
				"telescope":"ATLAS1",
				"u_time":"MJD",
				"upperlimit":true,
				"source":"3"
			},
			{
				"time":"57688.38",
				"band":"cyan",
				"e_magnitude":"0.04",
				"instrument":"ACAM1",
				"magnitude":"17.46",
				"observer":"Robot",
				"telescope":"ATLAS1",
				"u_time":"MJD",
				"source":"3"
			},
			{
				"time":"57714.4229977",
				"band":"G",
				"e_magnitude":"0.2",
				"instrument":"Gaia-photometric",
				"magnitude":"18.6",
				"observer":"Robot",
				"telescope":"Gaia",
				"u_time":"MJD",
				"source":"3"
			},
			{
				"time":"57714.924",
				"band":"G",
				"e_magnitude":"0.0",
				"magnitude":"18.6",
				"telescope":"GAIA",
				"u_time":"MJD",
				"source":"4"
			},
			{
				"time":"57714.998",
				"band":"G",
				"e_magnitude":"0.0",
				"magnitude":"18.58",
				"telescope":"GAIA",
				"u_time":"MJD",
				"source":"4"
			},
			{
				"time":"57736.919",
				"band":"G",
				"e_magnitude":"0.0",
				"magnitude":"19.74",
				"telescope":"GAIA",
				"u_time":"MJD",
				"source":"4"
			},
			{
				"time":"57764.728",
				"band":"G",
				"e_magnitude":"0.0",
				"magnitude":"20.75",
				"telescope":"GAIA",
				"u_time":"MJD",
				"source":"4"
			}
		]
	}
}