{
	"AT2016goe":{
		"schema":"https://github.com/astrocatalogs/supernovae/blob/a0bc0b9/SCHEMA.md",
		"name":"AT2016goe",
		"sources":[
			{
				"name":"2011ApJ...737..103S",
				"bibcode":"2011ApJ...737..103S",
				"reference":"Schlafly & Finkbeiner (2011)",
				"alias":"1"
			},
			{
				"name":"Transient Name Server",
				"url":"https://wis-tns.weizmann.ac.il/",
				"alias":"2"
			},
			{
				"name":"Pan-STARRS 3Pi",
				"url":"http://star.pst.qub.ac.uk/ps1threepi/psdb/public/",
				"alias":"3"
			},
			{
				"name":"Latest Supernovae",
				"secondary":true,
				"url":"http://www.rochesterastronomy.org/snimages/snredshiftall.html",
				"alias":"4"
			},
			{
				"name":"The Open Supernova Catalog",
				"bibcode":"2017ApJ...835...64G",
				"reference":"Guillochon et al. (2017)",
				"secondary":true,
				"url":"https://sne.space",
				"alias":"5"
			}
		],
		"alias":[
			{
				"value":"AT2016goe",
				"source":"2,3,4"
			},
			{
				"value":"PS16elb",
				"source":"2,3,4"
			}
		],
		"claimedtype":[
			{
				"value":"Candidate",
				"source":"5"
			}
		],
		"dec":[
			{
				"value":"-27:01:14.31",
				"u_value":"degrees",
				"source":"2,3,4"
			},
			{
				"value":"-27:01:14.3",
				"u_value":"degrees",
				"source":"3"
			}
		],
		"discoverdate":[
			{
				"value":"2016/09/21.390995",
				"source":"2"
			}
		],
		"discoverer":[
			{
				"value":"Pan-STARRS1",
				"source":"2"
			},
			{
				"value":"Gaia",
				"source":"3,4"
			}
		],
		"ebv":[
			{
				"value":"0.015",
				"derived":true,
				"e_value":"0.0006",
				"source":"1,5"
			}
		],
		"host":[
			{
				"value":"APMUKS(BJ) B235331.41-271757.4",
				"source":"3"
			}
		],
		"maxappmag":[
			{
				"value":"20.09",
				"derived":true,
				"source":"3,5"
			}
		],
		"maxband":[
			{
				"value":"r",
				"derived":true,
				"source":"3,5"
			}
		],
		"maxdate":[
			{
				"value":"2016/09/21",
				"derived":true,
				"source":"3,5"
			}
		],
		"maxvisualappmag":[
			{
				"value":"20.09",
				"derived":true,
				"source":"3,5"
			}
		],
		"maxvisualband":[
			{
				"value":"r",
				"derived":true,
				"source":"3,5"
			}
		],
		"maxvisualdate":[
			{
				"value":"2016/09/21",
				"derived":true,
				"source":"3,5"
			}
		],
		"ra":[
			{
				"value":"23:56:05.96",
				"u_value":"hours",
				"source":"2,3"
			},
			{
				"value":"23:56:05.960",
				"u_value":"hours",
				"source":"3,4"
			}
		],
		"photometry":[
			{
				"time":"57652.3909954",
				"band":"r",
				"e_magnitude":"0.11",
				"instrument":"GPC1",
				"magnitude":"20.15",
				"observer":"Robot",
				"telescope":"PS1",
				"u_time":"MJD",
				"source":"2"
			},
			{
				"time":"57652.3912848938",
				"band":"r",
				"e_magnitude":"0.113836",
				"instrument":"GPC",
				"magnitude":"20.1535",
				"telescope":"Pan-STARRS1",
				"u_time":"MJD",
				"source":"3"
			},
			{
				"time":"57652.4015579983",
				"band":"r",
				"e_magnitude":"0.0786828",
				"instrument":"GPC",
				"magnitude":"20.0905",
				"telescope":"Pan-STARRS1",
				"u_time":"MJD",
				"source":"3"
			},
			{
				"time":"57652.4122007019",
				"band":"r",
				"e_magnitude":"0.0996459",
				"instrument":"GPC",
				"magnitude":"20.1326",
				"telescope":"Pan-STARRS1",
				"u_time":"MJD",
				"source":"3"
			},
			{
				"time":"57652.4411612297",
				"band":"r",
				"e_magnitude":"0.113489",
				"instrument":"GPC",
				"magnitude":"20.2071",
				"telescope":"Pan-STARRS1",
				"u_time":"MJD",
				"source":"3"
			}
		]
	}
}