{
	"AT2016ggi":{
		"schema":"https://github.com/astrocatalogs/supernovae/blob/a0bc0b9/SCHEMA.md",
		"name":"AT2016ggi",
		"sources":[
			{
				"name":"ATel 9496",
				"bibcode":"2016ATel.9496....1T",
				"reference":"Tonry et al. (2016)",
				"url":"http://www.astronomerstelegram.org/?read=9496",
				"alias":"1"
			},
			{
				"name":"2016A&A...594A..13P",
				"bibcode":"2016A&A...594A..13P",
				"reference":"Planck Collaboration et al. (2016)",
				"alias":"2"
			},
			{
				"name":"2011ApJ...737..103S",
				"bibcode":"2011ApJ...737..103S",
				"reference":"Schlafly & Finkbeiner (2011)",
				"alias":"3"
			},
			{
				"name":"Transient Name Server",
				"url":"https://wis-tns.weizmann.ac.il/",
				"alias":"4"
			},
			{
				"name":"Latest Supernovae",
				"secondary":true,
				"url":"http://www.rochesterastronomy.org/snimages/snredshiftall.html",
				"alias":"5"
			},
			{
				"name":"The Open Supernova Catalog",
				"bibcode":"2017ApJ...835...64G",
				"reference":"Guillochon et al. (2017)",
				"secondary":true,
				"url":"https://sne.space",
				"alias":"6"
			}
		],
		"alias":[
			{
				"value":"AT2016ggi",
				"source":"1,4,5"
			},
			{
				"value":"ATLAS16ctg",
				"source":"1,4,5"
			}
		],
		"claimedtype":[
			{
				"value":"Candidate",
				"source":"6"
			}
		],
		"comovingdist":[
			{
				"value":"3000",
				"derived":true,
				"u_value":"Mpc",
				"source":"1,2,5,6"
			}
		],
		"dec":[
			{
				"value":"-08:08:28.75",
				"u_value":"degrees",
				"source":"1,4,5"
			}
		],
		"discoverdate":[
			{
				"value":"2016/09/12.558993",
				"source":"4"
			}
		],
		"discoverer":[
			{
				"value":"ATLAS",
				"source":"1,4,5"
			}
		],
		"ebv":[
			{
				"value":"0.0189",
				"derived":true,
				"e_value":"0.0009",
				"source":"3,6"
			}
		],
		"lumdist":[
			{
				"value":"5640",
				"derived":true,
				"u_value":"Mpc",
				"source":"1,2,5,6"
			}
		],
		"maxabsmag":[
			{
				"value":"-24.8",
				"derived":true,
				"source":"1,2,5,6"
			}
		],
		"maxappmag":[
			{
				"value":"18.3",
				"derived":true,
				"source":"4,6"
			}
		],
		"maxband":[
			{
				"value":"orange",
				"derived":true,
				"source":"4,6"
			}
		],
		"maxdate":[
			{
				"value":"2016/09/12",
				"derived":true,
				"source":"4,6"
			}
		],
		"maxvisualabsmag":[
			{
				"value":"-25.5",
				"derived":true,
				"source":"1,2,5,6"
			}
		],
		"maxvisualappmag":[
			{
				"value":"18.3",
				"derived":true,
				"source":"4,6"
			}
		],
		"maxvisualband":[
			{
				"value":"orange",
				"derived":true,
				"source":"4,6"
			}
		],
		"maxvisualdate":[
			{
				"value":"2016/09/12",
				"derived":true,
				"source":"4,6"
			}
		],
		"ra":[
			{
				"value":"02:04:14.85",
				"u_value":"hours",
				"source":"4"
			},
			{
				"value":"02:04:14.850",
				"u_value":"hours",
				"source":"1,5"
			}
		],
		"redshift":[
			{
				"value":"0.86",
				"source":"1,5"
			}
		],
		"velocity":[
			{
				"value":"170000",
				"u_value":"km/s",
				"source":"6"
			}
		],
		"photometry":[
			{
				"time":"57612.1259954",
				"band":"orange",
				"instrument":"ACAM1",
				"magnitude":"19.16",
				"observer":"Robot",
				"telescope":"ATLAS1",
				"u_time":"MJD",
				"upperlimit":true,
				"source":"4"
			},
			{
				"time":"57643.0589931",
				"band":"orange",
				"e_magnitude":"0.09",
				"instrument":"ACAM1",
				"magnitude":"18.3",
				"observer":"Robot",
				"telescope":"ATLAS1",
				"u_time":"MJD",
				"source":"4"
			}
		]
	}
}