{
	"AT2017awj":{
		"schema":"https://github.com/astrocatalogs/supernovae/blob/a0bc0b9/SCHEMA.md",
		"name":"AT2017awj",
		"sources":[
			{
				"name":"2011ApJ...737..103S",
				"bibcode":"2011ApJ...737..103S",
				"reference":"Schlafly & Finkbeiner (2011)",
				"alias":"1"
			},
			{
				"name":"Transient Name Server",
				"url":"https://wis-tns.weizmann.ac.il/",
				"alias":"2"
			},
			{
				"name":"Gaia Photometric Science Alerts",
				"url":"http://gsaweb.ast.cam.ac.uk/alerts/alertsindex",
				"alias":"3"
			},
			{
				"name":"Latest Supernovae",
				"secondary":true,
				"url":"http://www.rochesterastronomy.org/snimages/snredshiftall.html",
				"alias":"4"
			},
			{
				"name":"The Open Supernova Catalog",
				"bibcode":"2017ApJ...835...64G",
				"reference":"Guillochon et al. (2017)",
				"secondary":true,
				"url":"https://sne.space",
				"alias":"5"
			}
		],
		"alias":[
			{
				"value":"AT2017awj",
				"source":"2,3,4"
			},
			{
				"value":"ATLAS17bao",
				"source":"2,3,4"
			},
			{
				"value":"Gaia17alu",
				"source":"2,4"
			}
		],
		"claimedtype":[
			{
				"value":"Candidate",
				"source":"3"
			}
		],
		"dec":[
			{
				"value":"+16:13:47.42",
				"u_value":"degrees",
				"source":"2,4"
			},
			{
				"value":"+16:13:47.64",
				"u_value":"degrees",
				"source":"3"
			}
		],
		"discoverdate":[
			{
				"value":"2017/02/13.271991",
				"source":"2"
			}
		],
		"discoverer":[
			{
				"value":"ATLAS",
				"source":"2,4"
			}
		],
		"ebv":[
			{
				"value":"0.0798",
				"derived":true,
				"e_value":"0.0027",
				"source":"1,5"
			}
		],
		"maxappmag":[
			{
				"value":"17.13",
				"derived":true,
				"source":"3,5"
			}
		],
		"maxband":[
			{
				"value":"G",
				"derived":true,
				"source":"3,5"
			}
		],
		"maxdate":[
			{
				"value":"2017/02/18",
				"derived":true,
				"source":"3,5"
			}
		],
		"maxvisualappmag":[
			{
				"value":"17.13",
				"derived":true,
				"source":"3,5"
			}
		],
		"maxvisualband":[
			{
				"value":"G",
				"derived":true,
				"source":"3,5"
			}
		],
		"maxvisualdate":[
			{
				"value":"2017/02/18",
				"derived":true,
				"source":"3,5"
			}
		],
		"ra":[
			{
				"value":"02:13:26.57",
				"u_value":"hours",
				"source":"2"
			},
			{
				"value":"02:13:26.570",
				"u_value":"hours",
				"source":"2,4"
			},
			{
				"value":"02:13:26.568",
				"u_value":"hours",
				"source":"3"
			}
		],
		"photometry":[
			{
				"time":"57769.965",
				"band":"G",
				"instrument":"Gaia-photometric",
				"magnitude":"21.5",
				"observer":"Robot",
				"telescope":"Gaia",
				"u_time":"MJD",
				"upperlimit":true,
				"source":"2"
			},
			{
				"time":"57793.2519907",
				"band":"orange",
				"instrument":"ACAM1",
				"magnitude":"18.45",
				"observer":"Robot",
				"telescope":"ATLAS1",
				"u_time":"MJD",
				"upperlimit":true,
				"source":"2"
			},
			{
				"time":"57797.2719907",
				"band":"orange",
				"e_magnitude":"0.12",
				"instrument":"ACAM1",
				"magnitude":"17.77",
				"observer":"Robot",
				"telescope":"ATLAS1",
				"u_time":"MJD",
				"source":"2"
			},
			{
				"time":"57801.9989931",
				"band":"G",
				"e_magnitude":"0.2",
				"instrument":"Gaia-photometric",
				"magnitude":"17.14",
				"observer":"Robot",
				"telescope":"Gaia",
				"u_time":"MJD",
				"source":"2"
			},
			{
				"time":"57802.000",
				"band":"G",
				"e_magnitude":"0.0",
				"magnitude":"17.14",
				"telescope":"GAIA",
				"u_time":"MJD",
				"source":"3"
			},
			{
				"time":"57802.176",
				"band":"G",
				"e_magnitude":"0.0",
				"magnitude":"17.13",
				"telescope":"GAIA",
				"u_time":"MJD",
				"source":"3"
			},
			{
				"time":"57818.678",
				"band":"G",
				"e_magnitude":"0.0",
				"magnitude":"17.33",
				"telescope":"GAIA",
				"u_time":"MJD",
				"source":"3"
			},
			{
				"time":"57818.752",
				"band":"G",
				"e_magnitude":"0.0",
				"magnitude":"17.38",
				"telescope":"GAIA",
				"u_time":"MJD",
				"source":"3"
			}
		]
	}
}