{
	"AT2016gpg":{
		"schema":"https://github.com/astrocatalogs/supernovae/blob/a0bc0b9/SCHEMA.md",
		"name":"AT2016gpg",
		"sources":[
			{
				"name":"2011ApJ...737..103S",
				"bibcode":"2011ApJ...737..103S",
				"reference":"Schlafly & Finkbeiner (2011)",
				"alias":"1"
			},
			{
				"name":"Transient Name Server",
				"url":"https://wis-tns.weizmann.ac.il/",
				"alias":"2"
			},
			{
				"name":"Gaia Photometric Science Alerts",
				"url":"http://gsaweb.ast.cam.ac.uk/alerts/alertsindex",
				"alias":"3"
			},
			{
				"name":"CPCS Alert 26418",
				"url":"http://gsaweb.ast.cam.ac.uk/followup/get_alert_lc_data?alert_id=26418",
				"alias":"4"
			},
			{
				"name":"Cambridge Photometric Calibration Server",
				"secondary":true,
				"url":"http://gsaweb.ast.cam.ac.uk/followup/",
				"alias":"5"
			},
			{
				"name":"Latest Supernovae",
				"secondary":true,
				"url":"http://www.rochesterastronomy.org/snimages/snredshiftall.html",
				"alias":"6"
			},
			{
				"name":"The Open Supernova Catalog",
				"bibcode":"2017ApJ...835...64G",
				"reference":"Guillochon et al. (2017)",
				"secondary":true,
				"url":"https://sne.space",
				"alias":"7"
			}
		],
		"alias":[
			{
				"value":"AT2016gpg",
				"source":"2,3,6"
			},
			{
				"value":"Gaia16bmo",
				"source":"2,5,6"
			}
		],
		"claimedtype":[
			{
				"value":"Candidate",
				"source":"3"
			}
		],
		"dec":[
			{
				"value":"+50:09:20.90",
				"u_value":"degrees",
				"source":"2,6"
			},
			{
				"value":"+50:09:20.16",
				"u_value":"degrees",
				"source":"3,5"
			}
		],
		"discoverdate":[
			{
				"value":"2016/09/25.93",
				"source":"2"
			}
		],
		"discoverer":[
			{
				"value":"ISSP",
				"source":"2"
			},
			{
				"value":"Italian Supernovae Search Project",
				"source":"2,6"
			}
		],
		"ebv":[
			{
				"value":"0.1781",
				"derived":true,
				"e_value":"0.0083",
				"source":"1,7"
			}
		],
		"host":[
			{
				"value":"UGC 12558",
				"source":"2,6"
			}
		],
		"maxappmag":[
			{
				"value":"18.3",
				"derived":true,
				"source":"4,5,7"
			}
		],
		"maxband":[
			{
				"value":"V",
				"derived":true,
				"source":"4,5,7"
			}
		],
		"maxdate":[
			{
				"value":"2016/10/16",
				"derived":true,
				"source":"4,5,7"
			}
		],
		"maxvisualappmag":[
			{
				"value":"18.3",
				"derived":true,
				"source":"4,5,7"
			}
		],
		"maxvisualband":[
			{
				"value":"V",
				"derived":true,
				"source":"4,5,7"
			}
		],
		"maxvisualdate":[
			{
				"value":"2016/10/16",
				"derived":true,
				"source":"4,5,7"
			}
		],
		"ra":[
			{
				"value":"23:22:17.68",
				"u_value":"hours",
				"source":"2"
			},
			{
				"value":"23:22:17.680",
				"u_value":"hours",
				"source":"2,6"
			},
			{
				"value":"23:22:17.52",
				"u_value":"hours",
				"source":"3,5"
			}
		],
		"photometry":[
			{
				"time":"57625.08",
				"band":"C",
				"magnitude":"19.2",
				"system":"Vega",
				"u_time":"MJD",
				"upperlimit":true,
				"source":"2"
			},
			{
				"time":"57626.1389931",
				"band":"G",
				"instrument":"Gaia-photometric",
				"magnitude":"21.5",
				"observer":"Robot",
				"telescope":"Gaia",
				"u_time":"MJD",
				"upperlimit":true,
				"source":"2"
			},
			{
				"time":"57656.43",
				"band":"C",
				"magnitude":"18.5",
				"system":"Vega",
				"u_time":"MJD",
				"source":"2"
			},
			{
				"time":"57671.5079977",
				"band":"G",
				"e_magnitude":"0.2",
				"instrument":"Gaia-photometric",
				"magnitude":"18.98",
				"observer":"Robot",
				"telescope":"Gaia",
				"u_time":"MJD",
				"source":"2"
			},
			{
				"time":"57671.509",
				"band":"G",
				"e_magnitude":"0.0",
				"magnitude":"18.98",
				"telescope":"GAIA",
				"u_time":"MJD",
				"source":"3"
			},
			{
				"time":"57671.583",
				"band":"G",
				"e_magnitude":"0.0",
				"magnitude":"18.99",
				"telescope":"GAIA",
				"u_time":"MJD",
				"source":"3"
			},
			{
				"time":"57677.8463",
				"band":"V",
				"e_magnitude":"0.1219",
				"magnitude":"18.2953",
				"observatory":"K.Wiersema-Leicester",
				"u_time":"MJD",
				"source":"4,5"
			},
			{
				"time":"57722.452",
				"band":"G",
				"e_magnitude":"0.0",
				"magnitude":"19.75",
				"telescope":"GAIA",
				"u_time":"MJD",
				"source":"3"
			},
			{
				"time":"57742.273",
				"band":"G",
				"e_magnitude":"0.0",
				"magnitude":"20.1",
				"telescope":"GAIA",
				"u_time":"MJD",
				"source":"3"
			}
		]
	}
}