{
	"AT2016hfj":{
		"schema":"https://github.com/astrocatalogs/supernovae/blob/a0bc0b9/SCHEMA.md",
		"name":"AT2016hfj",
		"sources":[
			{
				"name":"2011ApJ...737..103S",
				"bibcode":"2011ApJ...737..103S",
				"reference":"Schlafly & Finkbeiner (2011)",
				"alias":"1"
			},
			{
				"name":"Transient Name Server",
				"url":"https://wis-tns.weizmann.ac.il/",
				"alias":"2"
			},
			{
				"name":"Gaia Photometric Science Alerts",
				"url":"http://gsaweb.ast.cam.ac.uk/alerts/alertsindex",
				"alias":"3"
			},
			{
				"name":"Latest Supernovae",
				"secondary":true,
				"url":"http://www.rochesterastronomy.org/snimages/snredshiftall.html",
				"alias":"4"
			},
			{
				"name":"The Open Supernova Catalog",
				"bibcode":"2017ApJ...835...64G",
				"reference":"Guillochon et al. (2017)",
				"secondary":true,
				"url":"https://sne.space",
				"alias":"5"
			}
		],
		"alias":[
			{
				"value":"AT2016hfj",
				"source":"2,3,4"
			},
			{
				"value":"ATLAS16dlf",
				"source":"2,4"
			},
			{
				"value":"Gaia16brh",
				"source":"2,4"
			}
		],
		"claimedtype":[
			{
				"value":"Candidate",
				"source":"3"
			}
		],
		"dec":[
			{
				"value":"+23:00:02.16",
				"u_value":"degrees",
				"source":"2,4"
			},
			{
				"value":"+23:00:01.8",
				"u_value":"degrees",
				"source":"3"
			}
		],
		"discoverdate":[
			{
				"value":"2016/09/30.267998",
				"source":"2"
			}
		],
		"discoverer":[
			{
				"value":"ATLAS",
				"source":"2,4"
			}
		],
		"ebv":[
			{
				"value":"0.0387",
				"derived":true,
				"e_value":"0.0024",
				"source":"1,5"
			}
		],
		"maxappmag":[
			{
				"value":"17.89",
				"derived":true,
				"source":"3,5"
			}
		],
		"maxband":[
			{
				"value":"G",
				"derived":true,
				"source":"3,5"
			}
		],
		"maxdate":[
			{
				"value":"2016/10/29",
				"derived":true,
				"source":"3,5"
			}
		],
		"maxvisualappmag":[
			{
				"value":"17.89",
				"derived":true,
				"source":"3,5"
			}
		],
		"maxvisualband":[
			{
				"value":"G",
				"derived":true,
				"source":"3,5"
			}
		],
		"maxvisualdate":[
			{
				"value":"2016/10/29",
				"derived":true,
				"source":"3,5"
			}
		],
		"ra":[
			{
				"value":"17:17:34.75",
				"u_value":"hours",
				"source":"2"
			},
			{
				"value":"17:17:34.750",
				"u_value":"hours",
				"source":"2,4"
			},
			{
				"value":"17:17:34.8",
				"u_value":"hours",
				"source":"3"
			}
		],
		"photometry":[
			{
				"time":"57651.0629977",
				"band":"G",
				"instrument":"Gaia-photometric",
				"magnitude":"21.5",
				"observer":"Robot",
				"telescope":"Gaia",
				"u_time":"MJD",
				"upperlimit":true,
				"source":"2"
			},
			{
				"time":"57661.2539931",
				"band":"cyan",
				"instrument":"ACAM1",
				"magnitude":"19.57",
				"observer":"Robot",
				"telescope":"ATLAS1",
				"u_time":"MJD",
				"upperlimit":true,
				"source":"2"
			},
			{
				"time":"57661.2679977",
				"band":"cyan",
				"e_magnitude":"0.17",
				"instrument":"ACAM1",
				"magnitude":"19.09",
				"observer":"Robot",
				"telescope":"ATLAS1",
				"u_time":"MJD",
				"source":"2"
			},
			{
				"time":"57690.0439931",
				"band":"G",
				"e_magnitude":"0.2",
				"instrument":"Gaia-photometric",
				"magnitude":"17.89",
				"observer":"Robot",
				"telescope":"Gaia",
				"u_time":"MJD",
				"source":"2"
			},
			{
				"time":"57690.545",
				"band":"G",
				"e_magnitude":"0.0",
				"magnitude":"17.89",
				"telescope":"GAIA",
				"u_time":"MJD",
				"source":"3"
			},
			{
				"time":"57690.721",
				"band":"G",
				"e_magnitude":"0.0",
				"magnitude":"17.89",
				"telescope":"GAIA",
				"u_time":"MJD",
				"source":"3"
			},
			{
				"time":"57690.795",
				"band":"G",
				"e_magnitude":"0.0",
				"magnitude":"17.9",
				"telescope":"GAIA",
				"u_time":"MJD",
				"source":"3"
			},
			{
				"time":"57708.728",
				"band":"G",
				"e_magnitude":"0.0",
				"magnitude":"18.26",
				"telescope":"GAIA",
				"u_time":"MJD",
				"source":"3"
			},
			{
				"time":"57708.802",
				"band":"G",
				"e_magnitude":"0.0",
				"magnitude":"18.27",
				"telescope":"GAIA",
				"u_time":"MJD",
				"source":"3"
			},
			{
				"time":"57708.978",
				"band":"G",
				"e_magnitude":"0.0",
				"magnitude":"18.29",
				"telescope":"GAIA",
				"u_time":"MJD",
				"source":"3"
			},
			{
				"time":"57709.052",
				"band":"G",
				"e_magnitude":"0.0",
				"magnitude":"18.28",
				"telescope":"GAIA",
				"u_time":"MJD",
				"source":"3"
			},
			{
				"time":"57764.043",
				"band":"G",
				"e_magnitude":"0.0",
				"magnitude":"20.58",
				"telescope":"GAIA",
				"u_time":"MJD",
				"source":"3"
			}
		]
	}
}