{
	"AT2016gkk":{
		"schema":"https://github.com/astrocatalogs/supernovae/blob/a0bc0b9/SCHEMA.md",
		"name":"AT2016gkk",
		"sources":[
			{
				"name":"ATel 9527",
				"bibcode":"2016ATel.9527....1T",
				"reference":"Tonry et al. (2016)",
				"url":"http://www.astronomerstelegram.org/?read=9527",
				"alias":"1"
			},
			{
				"name":"2011ApJ...737..103S",
				"bibcode":"2011ApJ...737..103S",
				"reference":"Schlafly & Finkbeiner (2011)",
				"alias":"2"
			},
			{
				"name":"Transient Name Server",
				"url":"https://wis-tns.weizmann.ac.il/",
				"alias":"3"
			},
			{
				"name":"Pan-STARRS 3Pi",
				"url":"http://psweb.mp.qub.ac.uk/ps1threepi/psdb/",
				"alias":"4"
			},
			{
				"name":"Latest Supernovae",
				"secondary":true,
				"url":"http://www.rochesterastronomy.org/snimages/snredshiftall.html",
				"alias":"5"
			},
			{
				"name":"The Open Supernova Catalog",
				"bibcode":"2017ApJ...835...64G",
				"reference":"Guillochon et al. (2017)",
				"secondary":true,
				"url":"https://sne.space",
				"alias":"6"
			}
		],
		"alias":[
			{
				"value":"AT2016gkk",
				"source":"1,3,4,5"
			},
			{
				"value":"ATLAS16cvq",
				"source":"3,5"
			},
			{
				"value":"PS16euw",
				"source":"3,5"
			}
		],
		"claimedtype":[
			{
				"value":"Candidate",
				"source":"6"
			}
		],
		"dec":[
			{
				"value":"+45:01:29.32",
				"u_value":"degrees",
				"source":"3,5"
			},
			{
				"value":"+45:01:29.3",
				"u_value":"degrees",
				"source":"1,4"
			}
		],
		"discoverdate":[
			{
				"value":"2016/09/21.295",
				"source":"3"
			}
		],
		"discoverer":[
			{
				"value":"ATLAS",
				"source":"3,5"
			}
		],
		"ebv":[
			{
				"value":"0.0493",
				"derived":true,
				"e_value":"0.0011",
				"source":"2,6"
			}
		],
		"maxappmag":[
			{
				"value":"17.9",
				"derived":true,
				"source":"3,6"
			}
		],
		"maxband":[
			{
				"value":"orange",
				"derived":true,
				"source":"3,6"
			}
		],
		"maxdate":[
			{
				"value":"2016/09/21",
				"derived":true,
				"source":"3,6"
			}
		],
		"maxvisualappmag":[
			{
				"value":"17.9",
				"derived":true,
				"source":"3,6"
			}
		],
		"maxvisualband":[
			{
				"value":"orange",
				"derived":true,
				"source":"3,6"
			}
		],
		"maxvisualdate":[
			{
				"value":"2016/09/21",
				"derived":true,
				"source":"3,6"
			}
		],
		"ra":[
			{
				"value":"18:59:48.77",
				"u_value":"hours",
				"source":"3"
			},
			{
				"value":"18:59:48.770",
				"u_value":"hours",
				"source":"3,5"
			},
			{
				"value":"18:59:48.80",
				"u_value":"hours",
				"source":"1,4"
			}
		],
		"photometry":[
			{
				"time":"57620.3909954",
				"band":"orange",
				"instrument":"ACAM1",
				"magnitude":"18.63",
				"observer":"Robot",
				"telescope":"ATLAS1",
				"u_time":"MJD",
				"upperlimit":true,
				"source":"3"
			},
			{
				"time":"57652.295",
				"band":"orange",
				"e_magnitude":"0.08",
				"instrument":"ACAM1",
				"magnitude":"17.9",
				"observer":"Robot",
				"telescope":"ATLAS1",
				"u_time":"MJD",
				"source":"3"
			},
			{
				"time":"57675.2339919135",
				"band":"i",
				"e_magnitude":"0.0655831",
				"instrument":"GPC",
				"magnitude":"18.4233",
				"telescope":"Pan-STARRS1",
				"u_time":"MJD",
				"source":"1,4"
			},
			{
				"time":"57675.2339931",
				"band":"i",
				"e_magnitude":"0.07",
				"instrument":"GPC1",
				"magnitude":"18.42",
				"observer":"Robot",
				"telescope":"PS1",
				"u_time":"MJD",
				"source":"3"
			},
			{
				"time":"57675.2476226016",
				"band":"i",
				"e_magnitude":"0.0775345",
				"instrument":"GPC",
				"magnitude":"18.5113",
				"telescope":"Pan-STARRS1",
				"u_time":"MJD",
				"source":"1,4"
			},
			{
				"time":"57675.2612069805",
				"band":"i",
				"e_magnitude":"0.0953673",
				"instrument":"GPC",
				"magnitude":"18.5325",
				"telescope":"Pan-STARRS1",
				"u_time":"MJD",
				"source":"1,4"
			},
			{
				"time":"57675.2747635172",
				"band":"i",
				"e_magnitude":"0.0963781",
				"instrument":"GPC",
				"magnitude":"18.5299",
				"telescope":"Pan-STARRS1",
				"u_time":"MJD",
				"source":"1,4"
			}
		]
	}
}