{
	"AT2016bsf":{
		"schema":"https://github.com/astrocatalogs/supernovae/blob/a0bc0b9/SCHEMA.md",
		"name":"AT2016bsf",
		"sources":[
			{
				"name":"2011ApJ...737..103S",
				"bibcode":"2011ApJ...737..103S",
				"reference":"Schlafly & Finkbeiner (2011)",
				"alias":"1"
			},
			{
				"name":"Transient Name Server",
				"url":"https://wis-tns.weizmann.ac.il/",
				"alias":"2"
			},
			{
				"name":"Gaia Photometric Science Alerts",
				"url":"http://gsaweb.ast.cam.ac.uk/alerts/alertsindex",
				"alias":"3"
			},
			{
				"name":"Latest Supernovae",
				"secondary":true,
				"url":"http://www.rochesterastronomy.org/snimages/snredshiftall.html",
				"alias":"4"
			},
			{
				"name":"The Open Supernova Catalog",
				"bibcode":"2017ApJ...835...64G",
				"reference":"Guillochon et al. (2017)",
				"secondary":true,
				"url":"https://sne.space",
				"alias":"5"
			}
		],
		"alias":[
			{
				"value":"AT2016bsf",
				"source":"2,3,4,5"
			},
			{
				"value":"Gaia16aml",
				"source":"2,4,5"
			}
		],
		"claimedtype":[
			{
				"value":"Candidate",
				"source":"3"
			}
		],
		"dec":[
			{
				"value":"+45:19:56.50",
				"u_value":"degrees",
				"source":"2"
			},
			{
				"value":"+45:19:56.5",
				"u_value":"degrees",
				"source":"2,4"
			},
			{
				"value":"+45:19:56.64",
				"u_value":"degrees",
				"source":"3"
			}
		],
		"discoverdate":[
			{
				"value":"2016/04/25.604769",
				"source":"2"
			}
		],
		"discoverer":[
			{
				"value":"XOSS",
				"source":"2"
			},
			{
				"value":"Xing Gao et al.",
				"source":"2,4"
			}
		],
		"ebv":[
			{
				"value":"0.0809",
				"derived":true,
				"e_value":"0.001",
				"source":"1,5"
			}
		],
		"host":[
			{
				"value":"pgc2263191",
				"source":"2"
			},
			{
				"value":"PGC 2263191",
				"source":"2,4"
			}
		],
		"maxappmag":[
			{
				"value":"16.34",
				"derived":true,
				"source":"3,5"
			}
		],
		"maxband":[
			{
				"value":"G",
				"derived":true,
				"source":"3,5"
			}
		],
		"maxdate":[
			{
				"value":"2016/05/04",
				"derived":true,
				"source":"3,5"
			}
		],
		"maxvisualappmag":[
			{
				"value":"16.34",
				"derived":true,
				"source":"3,5"
			}
		],
		"maxvisualband":[
			{
				"value":"G",
				"derived":true,
				"source":"3,5"
			}
		],
		"maxvisualdate":[
			{
				"value":"2016/05/04",
				"derived":true,
				"source":"3,5"
			}
		],
		"ra":[
			{
				"value":"06:58:54.98",
				"u_value":"hours",
				"source":"2,4"
			},
			{
				"value":"06:58:54.96",
				"u_value":"hours",
				"source":"3"
			}
		],
		"photometry":[
			{
				"time":"57487.0539931",
				"band":"G",
				"instrument":"Gaia-photometric",
				"magnitude":"21.5",
				"observer":"Robot",
				"telescope":"Gaia",
				"u_time":"MJD",
				"upperlimit":true,
				"source":"2"
			},
			{
				"time":"57496.0982292",
				"band":"C",
				"magnitude":"19",
				"observer":"X.Gao",
				"system":"Vega",
				"u_time":"MJD",
				"upperlimit":true,
				"source":"2"
			},
			{
				"time":"57503.1047685",
				"band":"C",
				"magnitude":"17.4",
				"system":"Vega",
				"u_time":"MJD",
				"source":"2"
			},
			{
				"time":"57512.3019907",
				"band":"G",
				"e_magnitude":"0.2",
				"instrument":"Gaia-photometric",
				"magnitude":"16.37",
				"observer":"Robot",
				"telescope":"Gaia",
				"u_time":"MJD",
				"source":"2"
			},
			{
				"time":"57512.303",
				"band":"G",
				"e_magnitude":"0.0",
				"magnitude":"16.37",
				"telescope":"GAIA",
				"u_time":"MJD",
				"source":"3"
			},
			{
				"time":"57512.377",
				"band":"G",
				"e_magnitude":"0.0",
				"magnitude":"16.34",
				"telescope":"GAIA",
				"u_time":"MJD",
				"source":"3"
			}
		]
	}
}