{
	"AT2016gge":{
		"schema":"https://github.com/astrocatalogs/supernovae/blob/a0bc0b9/SCHEMA.md",
		"name":"AT2016gge",
		"sources":[
			{
				"name":"ATel 9496",
				"bibcode":"2016ATel.9496....1T",
				"reference":"Tonry et al. (2016)",
				"url":"http://www.astronomerstelegram.org/?read=9496",
				"alias":"1"
			},
			{
				"name":"2011ApJ...737..103S",
				"bibcode":"2011ApJ...737..103S",
				"reference":"Schlafly & Finkbeiner (2011)",
				"alias":"2"
			},
			{
				"name":"Transient Name Server",
				"url":"https://wis-tns.weizmann.ac.il/",
				"alias":"3"
			},
			{
				"name":"Latest Supernovae",
				"secondary":true,
				"url":"http://www.rochesterastronomy.org/snimages/snredshiftall.html",
				"alias":"4"
			},
			{
				"name":"The Open Supernova Catalog",
				"bibcode":"2017ApJ...835...64G",
				"reference":"Guillochon et al. (2017)",
				"secondary":true,
				"url":"https://sne.space",
				"alias":"5"
			}
		],
		"alias":[
			{
				"value":"AT2016gge",
				"source":"1,3,4"
			},
			{
				"value":"ATLAS16ctf",
				"source":"1,3,4"
			}
		],
		"claimedtype":[
			{
				"value":"Candidate",
				"source":"5"
			}
		],
		"dec":[
			{
				"value":"-13:53:40.32",
				"u_value":"degrees",
				"source":"1,3,4"
			}
		],
		"discoverdate":[
			{
				"value":"2016/09/12.517998",
				"source":"3"
			}
		],
		"discoverer":[
			{
				"value":"ATLAS",
				"source":"1,3,4"
			}
		],
		"ebv":[
			{
				"value":"0.0272",
				"derived":true,
				"e_value":"0.0007",
				"source":"2,5"
			}
		],
		"maxappmag":[
			{
				"value":"18.8",
				"derived":true,
				"source":"1,4,5"
			}
		],
		"maxdate":[
			{
				"value":"2016/09/11",
				"derived":true,
				"source":"1,4,5"
			}
		],
		"maxvisualappmag":[
			{
				"value":"18.8",
				"derived":true,
				"source":"1,4,5"
			}
		],
		"maxvisualdate":[
			{
				"value":"2016/09/11",
				"derived":true,
				"source":"1,4,5"
			}
		],
		"ra":[
			{
				"value":"00:20:40.04",
				"u_value":"hours",
				"source":"3"
			},
			{
				"value":"00:20:40.040",
				"u_value":"hours",
				"source":"1,4"
			}
		],
		"photometry":[
			{
				"time":"57642.5",
				"magnitude":"18.8",
				"u_time":"MJD",
				"source":"1,4"
			},
			{
				"time":"57643.5029977",
				"band":"orange",
				"instrument":"ACAM1",
				"magnitude":"17.16",
				"observer":"Robot",
				"telescope":"ATLAS1",
				"u_time":"MJD",
				"upperlimit":true,
				"source":"3"
			},
			{
				"time":"57643.5179977",
				"band":"orange",
				"e_magnitude":"0.18",
				"instrument":"ACAM1",
				"magnitude":"18.83",
				"observer":"Robot",
				"telescope":"ATLAS1",
				"u_time":"MJD",
				"source":"3"
			}
		]
	}
}