{
	"AT2015ca":{
		"schema":"https://github.com/astrocatalogs/supernovae/blob/a0bc0b9/SCHEMA.md",
		"name":"AT2015ca",
		"sources":[
			{
				"name":"2016A&A...594A..13P",
				"bibcode":"2016A&A...594A..13P",
				"reference":"Planck Collaboration et al. (2016)",
				"alias":"1"
			},
			{
				"name":"2011ApJ...737..103S",
				"bibcode":"2011ApJ...737..103S",
				"reference":"Schlafly & Finkbeiner (2011)",
				"alias":"2"
			},
			{
				"name":"Transient Name Server",
				"url":"https://wis-tns.weizmann.ac.il/",
				"alias":"3"
			},
			{
				"name":"Latest Supernovae",
				"secondary":true,
				"url":"http://www.rochesterastronomy.org/snimages/snredshiftall.html",
				"alias":"4"
			},
			{
				"name":"The Open Supernova Catalog",
				"bibcode":"2017ApJ...835...64G",
				"reference":"Guillochon et al. (2017)",
				"secondary":true,
				"url":"https://sne.space",
				"alias":"5"
			}
		],
		"alias":[
			{
				"value":"AT2015ca",
				"source":"3,4"
			}
		],
		"claimedtype":[
			{
				"value":"Candidate",
				"source":"5"
			}
		],
		"comovingdist":[
			{
				"value":"80.2",
				"derived":true,
				"u_value":"Mpc",
				"source":"1,3,5"
			}
		],
		"dec":[
			{
				"value":"-06:28:25.48",
				"u_value":"degrees",
				"source":"3,4"
			}
		],
		"discoverdate":[
			{
				"value":"2015/03/11.117998",
				"source":"3"
			}
		],
		"discoverer":[
			{
				"value":"SUNBIRD",
				"source":"3"
			},
			{
				"value":"Erik Kool, Stuart Ryder, Seppo Mattila, and Erkki Kankar",
				"source":"3,4"
			}
		],
		"ebv":[
			{
				"value":"0.0305",
				"derived":true,
				"e_value":"0.0001",
				"source":"2,5"
			}
		],
		"host":[
			{
				"value":"NGC 3110",
				"source":"3,4"
			}
		],
		"hostcomovingdist":[
			{
				"value":"80.2",
				"derived":true,
				"source":"1,3,5"
			}
		],
		"hostlumdist":[
			{
				"value":"81.67",
				"derived":true,
				"source":"1,3,5"
			}
		],
		"hostredshift":[
			{
				"value":"0.0182",
				"source":"3"
			}
		],
		"hostvelocity":[
			{
				"value":"5410",
				"source":"5"
			}
		],
		"lumdist":[
			{
				"value":"81.67",
				"derived":true,
				"u_value":"Mpc",
				"source":"1,3,5"
			}
		],
		"maxabsmag":[
			{
				"value":"-15.84",
				"derived":true,
				"source":"1,3,5"
			}
		],
		"maxappmag":[
			{
				"value":"18.7",
				"derived":true,
				"source":"3,4,5"
			}
		],
		"maxdate":[
			{
				"value":"2015/03/10",
				"derived":true,
				"source":"3,4,5"
			}
		],
		"maxvisualabsmag":[
			{
				"value":"-15.86",
				"derived":true,
				"source":"1,3,5"
			}
		],
		"maxvisualappmag":[
			{
				"value":"18.7",
				"derived":true,
				"source":"3,4,5"
			}
		],
		"maxvisualdate":[
			{
				"value":"2015/03/10",
				"derived":true,
				"source":"3,4,5"
			}
		],
		"ra":[
			{
				"value":"10:04:01.57",
				"u_value":"hours",
				"source":"3"
			},
			{
				"value":"10:04:01.570",
				"u_value":"hours",
				"source":"3,4"
			}
		],
		"redshift":[
			{
				"value":"0.0182",
				"kind":"host",
				"source":"3"
			},
			{
				"value":"0.0182",
				"source":"3,4"
			}
		],
		"velocity":[
			{
				"value":"5410",
				"u_value":"km/s",
				"source":"5"
			}
		],
		"photometry":[
			{
				"time":"57091.5",
				"magnitude":"18.7",
				"u_time":"MJD",
				"source":"3,4"
			}
		]
	}
}