{
	"AT2016hff":{
		"schema":"https://github.com/astrocatalogs/supernovae/blob/a0bc0b9/SCHEMA.md",
		"name":"AT2016hff",
		"sources":[
			{
				"name":"2011ApJ...737..103S",
				"bibcode":"2011ApJ...737..103S",
				"reference":"Schlafly & Finkbeiner (2011)",
				"alias":"1"
			},
			{
				"name":"Transient Name Server",
				"url":"https://wis-tns.weizmann.ac.il/",
				"alias":"2"
			},
			{
				"name":"Gaia Photometric Science Alerts",
				"url":"http://gsaweb.ast.cam.ac.uk/alerts/alertsindex",
				"alias":"3"
			},
			{
				"name":"Latest Supernovae",
				"secondary":true,
				"url":"http://www.rochesterastronomy.org/snimages/snredshiftall.html",
				"alias":"4"
			},
			{
				"name":"The Open Supernova Catalog",
				"bibcode":"2017ApJ...835...64G",
				"reference":"Guillochon et al. (2017)",
				"secondary":true,
				"url":"https://sne.space",
				"alias":"5"
			}
		],
		"alias":[
			{
				"value":"AT2016hff",
				"source":"2,3,4"
			},
			{
				"value":"ATLAS16dkq",
				"source":"2,4"
			},
			{
				"value":"Gaia16bsz",
				"source":"2,4"
			}
		],
		"claimedtype":[
			{
				"value":"Candidate",
				"source":"3"
			}
		],
		"dec":[
			{
				"value":"-31:21:16.61",
				"u_value":"degrees",
				"source":"2,4"
			},
			{
				"value":"-31:21:16.92",
				"u_value":"degrees",
				"source":"3"
			}
		],
		"discoverdate":[
			{
				"value":"2016/10/06.260995",
				"source":"2"
			}
		],
		"discoverer":[
			{
				"value":"ATLAS",
				"source":"2,4"
			}
		],
		"ebv":[
			{
				"value":"0.058",
				"derived":true,
				"e_value":"0.001",
				"source":"1,5"
			}
		],
		"maxappmag":[
			{
				"value":"17.38",
				"derived":true,
				"source":"2,5"
			}
		],
		"maxband":[
			{
				"value":"cyan",
				"derived":true,
				"source":"2,5"
			}
		],
		"maxdate":[
			{
				"value":"2016/10/06",
				"derived":true,
				"source":"2,5"
			}
		],
		"maxvisualappmag":[
			{
				"value":"18.05",
				"derived":true,
				"source":"3,5"
			}
		],
		"maxvisualband":[
			{
				"value":"G",
				"derived":true,
				"source":"3,5"
			}
		],
		"maxvisualdate":[
			{
				"value":"2016/11/06",
				"derived":true,
				"source":"3,5"
			}
		],
		"ra":[
			{
				"value":"19:25:51.17",
				"u_value":"hours",
				"source":"2"
			},
			{
				"value":"19:25:51.170",
				"u_value":"hours",
				"source":"2,4"
			},
			{
				"value":"19:25:51.12",
				"u_value":"hours",
				"source":"3"
			}
		],
		"photometry":[
			{
				"time":"57659.2939931",
				"band":"cyan",
				"instrument":"ACAM1",
				"magnitude":"19.29",
				"observer":"Robot",
				"telescope":"ATLAS1",
				"u_time":"MJD",
				"upperlimit":true,
				"source":"2"
			},
			{
				"time":"57667.2609954",
				"band":"cyan",
				"e_magnitude":"0.06",
				"instrument":"ACAM1",
				"magnitude":"17.38",
				"observer":"Robot",
				"telescope":"ATLAS1",
				"u_time":"MJD",
				"source":"2"
			},
			{
				"time":"57674.2629977",
				"band":"G",
				"instrument":"Gaia-photometric",
				"magnitude":"21.5",
				"observer":"Robot",
				"telescope":"Gaia",
				"u_time":"MJD",
				"upperlimit":true,
				"source":"2"
			},
			{
				"time":"57698.1809954",
				"band":"G",
				"e_magnitude":"0.2",
				"instrument":"Gaia-photometric",
				"magnitude":"18.05",
				"observer":"Robot",
				"telescope":"Gaia",
				"u_time":"MJD",
				"source":"2"
			},
			{
				"time":"57698.682",
				"band":"G",
				"e_magnitude":"0.0",
				"magnitude":"18.05",
				"telescope":"GAIA",
				"u_time":"MJD",
				"source":"3"
			},
			{
				"time":"57698.756",
				"band":"G",
				"e_magnitude":"0.0",
				"magnitude":"18.06",
				"telescope":"GAIA",
				"u_time":"MJD",
				"source":"3"
			}
		]
	}
}