{
	"AT2016gjj":{
		"schema":"https://github.com/astrocatalogs/supernovae/blob/a0bc0b9/SCHEMA.md",
		"name":"AT2016gjj",
		"sources":[
			{
				"name":"2011ApJ...737..103S",
				"bibcode":"2011ApJ...737..103S",
				"reference":"Schlafly & Finkbeiner (2011)",
				"alias":"1"
			},
			{
				"name":"Transient Name Server",
				"url":"https://wis-tns.weizmann.ac.il/",
				"alias":"2"
			},
			{
				"name":"Pan-STARRS 3Pi",
				"url":"http://psweb.mp.qub.ac.uk/ps1threepi/psdb/",
				"alias":"3"
			},
			{
				"name":"Latest Supernovae",
				"secondary":true,
				"url":"http://www.rochesterastronomy.org/snimages/snredshiftall.html",
				"alias":"4"
			},
			{
				"name":"The Open Supernova Catalog",
				"bibcode":"2017ApJ...835...64G",
				"reference":"Guillochon et al. (2017)",
				"secondary":true,
				"url":"https://sne.space",
				"alias":"5"
			}
		],
		"alias":[
			{
				"value":"AT2016gjj",
				"source":"2,3,4"
			},
			{
				"value":"PTSS-16nxf",
				"source":"2,4"
			},
			{
				"value":"PS16etq",
				"source":"2,4"
			}
		],
		"claimedtype":[
			{
				"value":"Candidate",
				"source":"5"
			}
		],
		"dec":[
			{
				"value":"+18:18:02.92",
				"u_value":"degrees",
				"source":"2,4"
			},
			{
				"value":"+18:18:03.1",
				"u_value":"degrees",
				"source":"3"
			}
		],
		"discoverdate":[
			{
				"value":"2016/09/11.769549",
				"source":"2"
			}
		],
		"discoverer":[
			{
				"value":"PTSS",
				"source":"2"
			},
			{
				"value":"PMO-Tsinghua Supernova Survey (PTSS)",
				"source":"2,4"
			}
		],
		"ebv":[
			{
				"value":"0.1343",
				"derived":true,
				"e_value":"0.0121",
				"source":"1,5"
			}
		],
		"host":[
			{
				"value":"2MASX J02142007+1818140",
				"source":"2,3"
			}
		],
		"hostdec":[
			{
				"value":"+18:18:14.0",
				"derived":true,
				"u_value":"degrees",
				"source":"5"
			}
		],
		"hostoffsetang":[
			{
				"value":"19.19",
				"derived":true,
				"u_value":"arcseconds",
				"source":"2,4,5"
			}
		],
		"hostra":[
			{
				"value":"02:14:20.07",
				"derived":true,
				"u_value":"hours",
				"source":"5"
			}
		],
		"maxappmag":[
			{
				"value":"19.3",
				"derived":true,
				"source":"2,5"
			}
		],
		"maxband":[
			{
				"value":"r",
				"derived":true,
				"source":"2,5"
			}
		],
		"maxdate":[
			{
				"value":"2016/09/11",
				"derived":true,
				"source":"2,5"
			}
		],
		"maxvisualappmag":[
			{
				"value":"19.3",
				"derived":true,
				"source":"2,5"
			}
		],
		"maxvisualband":[
			{
				"value":"r",
				"derived":true,
				"source":"2,5"
			}
		],
		"maxvisualdate":[
			{
				"value":"2016/09/11",
				"derived":true,
				"source":"2,5"
			}
		],
		"ra":[
			{
				"value":"02:14:18.97",
				"u_value":"hours",
				"source":"2"
			},
			{
				"value":"02:14:18.970",
				"u_value":"hours",
				"source":"2,4"
			},
			{
				"value":"02:14:18.98",
				"u_value":"hours",
				"source":"3"
			}
		],
		"photometry":[
			{
				"time":"57642.2695486",
				"band":"r",
				"e_magnitude":"0.1",
				"instrument":"STA1600",
				"magnitude":"19.3",
				"observer":"Bin Li",
				"system":"Vega",
				"telescope":"CNEOST",
				"u_time":"MJD",
				"source":"2"
			},
			{
				"time":"57686.5009954",
				"band":"w",
				"e_magnitude":"0.04",
				"instrument":"GPC1",
				"magnitude":"19.83",
				"observer":"Robot",
				"telescope":"PS1",
				"u_time":"MJD",
				"source":"2"
			},
			{
				"time":"57686.5014221789",
				"band":"w",
				"e_magnitude":"0.0409636",
				"instrument":"GPC",
				"magnitude":"19.8261",
				"telescope":"Pan-STARRS1",
				"u_time":"MJD",
				"source":"3"
			},
			{
				"time":"57686.5154413199",
				"band":"w",
				"e_magnitude":"0.0507472",
				"instrument":"GPC",
				"magnitude":"19.8718",
				"telescope":"Pan-STARRS1",
				"u_time":"MJD",
				"source":"3"
			},
			{
				"time":"57686.5294183148",
				"band":"w",
				"e_magnitude":"0.054039",
				"instrument":"GPC",
				"magnitude":"19.8675",
				"telescope":"Pan-STARRS1",
				"u_time":"MJD",
				"source":"3"
			},
			{
				"time":"57686.5433831629",
				"band":"w",
				"e_magnitude":"0.0899393",
				"instrument":"GPC",
				"magnitude":"19.9725",
				"telescope":"Pan-STARRS1",
				"u_time":"MJD",
				"source":"3"
			}
		]
	}
}