{
	"AT2016ara":{
		"schema":"https://github.com/astrocatalogs/supernovae/blob/a0bc0b9/SCHEMA.md",
		"name":"AT2016ara",
		"sources":[
			{
				"name":"2011ApJ...737..103S",
				"bibcode":"2011ApJ...737..103S",
				"reference":"Schlafly & Finkbeiner (2011)",
				"alias":"1"
			},
			{
				"name":"Transient Name Server",
				"url":"https://wis-tns.weizmann.ac.il/",
				"alias":"2"
			},
			{
				"name":"Latest Supernovae",
				"secondary":true,
				"url":"http://www.rochesterastronomy.org/snimages/snredshiftall.html",
				"alias":"3"
			},
			{
				"name":"The Open Supernova Catalog",
				"bibcode":"2017ApJ...835...64G",
				"reference":"Guillochon et al. (2017)",
				"secondary":true,
				"url":"https://sne.space",
				"alias":"4"
			}
		],
		"alias":[
			{
				"value":"AT2016ara",
				"source":"2,3"
			},
			{
				"value":"PSP16H",
				"source":"2,3"
			}
		],
		"claimedtype":[
			{
				"value":"Candidate",
				"source":"4"
			}
		],
		"dec":[
			{
				"value":"+41:25:08.60",
				"u_value":"degrees",
				"source":"2"
			},
			{
				"value":"+41:25:08.6",
				"u_value":"degrees",
				"source":"2,3"
			}
		],
		"discoverdate":[
			{
				"value":"2016/03/01.64184",
				"source":"2"
			}
		],
		"discoverer":[
			{
				"value":"XOSS",
				"source":"2"
			},
			{
				"value":"Xing Gao et al.",
				"source":"2,3"
			}
		],
		"ebv":[
			{
				"value":"0.0316",
				"derived":true,
				"e_value":"0.0011",
				"source":"1,4"
			}
		],
		"host":[
			{
				"value":"PGC 24017",
				"source":"2,3"
			}
		],
		"maxappmag":[
			{
				"value":"18",
				"derived":true,
				"source":"2,4"
			}
		],
		"maxband":[
			{
				"value":"C",
				"derived":true,
				"source":"2,4"
			}
		],
		"maxdate":[
			{
				"value":"2016/03/01",
				"derived":true,
				"source":"2,4"
			}
		],
		"maxvisualappmag":[
			{
				"value":"18",
				"derived":true,
				"source":"2,4"
			}
		],
		"maxvisualband":[
			{
				"value":"C",
				"derived":true,
				"source":"2,4"
			}
		],
		"maxvisualdate":[
			{
				"value":"2016/03/01",
				"derived":true,
				"source":"2,4"
			}
		],
		"ra":[
			{
				"value":"08:33:41.05",
				"u_value":"hours",
				"source":"2,3"
			}
		],
		"photometry":[
			{
				"time":"57421.2893287",
				"band":"C",
				"magnitude":"19",
				"observer":"Xing Gao",
				"system":"Vega",
				"u_time":"MJD",
				"upperlimit":true,
				"source":"2"
			},
			{
				"time":"57448.1418403",
				"band":"C",
				"magnitude":"18",
				"observer":"Xing Gao",
				"system":"Vega",
				"u_time":"MJD",
				"source":"2"
			},
			{
				"time":"57449.0790162",
				"band":"C",
				"magnitude":"18.4",
				"observer":"Bin Tian",
				"system":"Vega",
				"u_time":"MJD",
				"source":"2"
			},
			{
				"time":"57449.1851852",
				"band":"C",
				"magnitude":"18.2",
				"observer":"Xing Gao",
				"system":"Vega",
				"u_time":"MJD",
				"source":"2"
			}
		]
	}
}