{
	"AT2016ioj":{
		"schema":"https://github.com/astrocatalogs/supernovae/blob/a0bc0b9/SCHEMA.md",
		"name":"AT2016ioj",
		"sources":[
			{
				"name":"2016A&A...594A..13P",
				"bibcode":"2016A&A...594A..13P",
				"reference":"Planck Collaboration et al. (2016)",
				"alias":"1"
			},
			{
				"name":"2011ApJ...737..103S",
				"bibcode":"2011ApJ...737..103S",
				"reference":"Schlafly & Finkbeiner (2011)",
				"alias":"2"
			},
			{
				"name":"Transient Name Server",
				"url":"https://wis-tns.weizmann.ac.il/",
				"alias":"3"
			},
			{
				"name":"Gaia Photometric Science Alerts",
				"url":"http://gsaweb.ast.cam.ac.uk/alerts/alertsindex",
				"alias":"4"
			},
			{
				"name":"Latest Supernovae",
				"secondary":true,
				"url":"http://www.rochesterastronomy.org/snimages/snredshiftall.html",
				"alias":"5"
			},
			{
				"name":"The Open Supernova Catalog",
				"bibcode":"2017ApJ...835...64G",
				"reference":"Guillochon et al. (2017)",
				"secondary":true,
				"url":"https://sne.space",
				"alias":"6"
			}
		],
		"alias":[
			{
				"value":"AT2016ioj",
				"source":"3,4,5"
			},
			{
				"value":"ATLAS16dyh",
				"source":"3,5"
			},
			{
				"value":"Gaia16cbn",
				"source":"3,5"
			}
		],
		"claimedtype":[
			{
				"value":"Ia",
				"source":"3,5"
			},
			{
				"value":"Candidate",
				"source":"4"
			}
		],
		"comovingdist":[
			{
				"value":"260",
				"derived":true,
				"u_value":"Mpc",
				"source":"1,3,5,6"
			}
		],
		"dec":[
			{
				"value":"+44:40:05.54",
				"u_value":"degrees",
				"source":"3,5"
			},
			{
				"value":"+44:40:05.52",
				"u_value":"degrees",
				"source":"4"
			}
		],
		"discoverdate":[
			{
				"value":"2016/11/26.610995",
				"source":"3"
			}
		],
		"discoverer":[
			{
				"value":"ATLAS",
				"source":"3,5"
			}
		],
		"ebv":[
			{
				"value":"0.0202",
				"derived":true,
				"e_value":"0.0006",
				"source":"2,6"
			}
		],
		"lumdist":[
			{
				"value":"273",
				"derived":true,
				"u_value":"Mpc",
				"source":"1,3,5,6"
			}
		],
		"maxabsmag":[
			{
				"value":"-18.9",
				"derived":true,
				"source":"1,3,5,6"
			}
		],
		"maxappmag":[
			{
				"value":"18.17",
				"derived":true,
				"source":"3,6"
			}
		],
		"maxband":[
			{
				"value":"cyan",
				"derived":true,
				"source":"3,6"
			}
		],
		"maxdate":[
			{
				"value":"2016/11/26",
				"derived":true,
				"source":"3,6"
			}
		],
		"maxvisualabsmag":[
			{
				"value":"-18.3",
				"derived":true,
				"source":"1,3,5,6"
			}
		],
		"maxvisualappmag":[
			{
				"value":"18.88",
				"derived":true,
				"source":"4,6"
			}
		],
		"maxvisualband":[
			{
				"value":"G",
				"derived":true,
				"source":"4,6"
			}
		],
		"maxvisualdate":[
			{
				"value":"2016/12/11",
				"derived":true,
				"source":"4,6"
			}
		],
		"ra":[
			{
				"value":"11:36:21.83",
				"u_value":"hours",
				"source":"3"
			},
			{
				"value":"11:36:21.830",
				"u_value":"hours",
				"source":"3,5"
			},
			{
				"value":"11:36:21.84",
				"u_value":"hours",
				"source":"4"
			}
		],
		"redshift":[
			{
				"value":"0.059",
				"source":"3,5"
			}
		],
		"velocity":[
			{
				"value":"17000",
				"u_value":"km/s",
				"source":"6"
			}
		],
		"photometry":[
			{
				"time":"57701.3499884",
				"band":"G",
				"instrument":"Gaia-photometric",
				"magnitude":"21.5",
				"observer":"Robot",
				"telescope":"Gaia",
				"u_time":"MJD",
				"upperlimit":true,
				"source":"3"
			},
			{
				"time":"57710.1279977",
				"band":"orange",
				"instrument":"ACAM1",
				"magnitude":"18.93",
				"observer":"Robot",
				"telescope":"ATLAS1",
				"u_time":"MJD",
				"upperlimit":true,
				"source":"3"
			},
			{
				"time":"57718.1109954",
				"band":"cyan",
				"e_magnitude":"0.08",
				"instrument":"ACAM1",
				"magnitude":"18.17",
				"observer":"Robot",
				"telescope":"ATLAS1",
				"u_time":"MJD",
				"source":"3"
			},
			{
				"time":"57733.2569907",
				"band":"G",
				"e_magnitude":"0.2",
				"instrument":"Gaia-photometric",
				"magnitude":"18.88",
				"observer":"Robot",
				"telescope":"Gaia",
				"u_time":"MJD",
				"source":"3"
			},
			{
				"time":"57733.258",
				"band":"G",
				"e_magnitude":"0.0",
				"magnitude":"18.88",
				"telescope":"GAIA",
				"u_time":"MJD",
				"source":"4"
			},
			{
				"time":"57733.332",
				"band":"G",
				"e_magnitude":"0.0",
				"magnitude":"18.88",
				"telescope":"GAIA",
				"u_time":"MJD",
				"source":"4"
			},
			{
				"time":"57753.258",
				"band":"G",
				"e_magnitude":"0.0",
				"magnitude":"19.98",
				"telescope":"GAIA",
				"u_time":"MJD",
				"source":"4"
			}
		]
	}
}