{
	"AT2016eqx":{
		"schema":"https://github.com/astrocatalogs/supernovae/blob/a0bc0b9/SCHEMA.md",
		"name":"AT2016eqx",
		"sources":[
			{
				"name":"2011ApJ...737..103S",
				"bibcode":"2011ApJ...737..103S",
				"reference":"Schlafly & Finkbeiner (2011)",
				"alias":"1"
			},
			{
				"name":"Transient Name Server",
				"url":"https://wis-tns.weizmann.ac.il/",
				"alias":"2"
			},
			{
				"name":"Latest Supernovae",
				"secondary":true,
				"url":"http://www.rochesterastronomy.org/snimages/snredshiftall.html",
				"alias":"3"
			},
			{
				"name":"The Open Supernova Catalog",
				"bibcode":"2017ApJ...835...64G",
				"reference":"Guillochon et al. (2017)",
				"secondary":true,
				"url":"https://sne.space",
				"alias":"4"
			}
		],
		"alias":[
			{
				"value":"AT2016eqx",
				"source":"2,3"
			}
		],
		"claimedtype":[
			{
				"value":"Candidate",
				"source":"4"
			}
		],
		"dec":[
			{
				"value":"+25:45:33.60",
				"u_value":"degrees",
				"source":"2,3"
			}
		],
		"discoverdate":[
			{
				"value":"2016/08/06.197465",
				"source":"2"
			}
		],
		"discoverer":[
			{
				"value":"POSS",
				"source":"2"
			},
			{
				"value":"Tim Puckett et al.",
				"source":"2,3"
			}
		],
		"ebv":[
			{
				"value":"0.0598",
				"derived":true,
				"e_value":"0.0013",
				"source":"1,4"
			}
		],
		"host":[
			{
				"value":"PGC 1748738",
				"source":"2,3"
			}
		],
		"maxappmag":[
			{
				"value":"20.4",
				"derived":true,
				"source":"2,4"
			}
		],
		"maxband":[
			{
				"value":"C",
				"derived":true,
				"source":"2,4"
			}
		],
		"maxdate":[
			{
				"value":"2016/08/06",
				"derived":true,
				"source":"2,4"
			}
		],
		"maxvisualappmag":[
			{
				"value":"20.4",
				"derived":true,
				"source":"2,4"
			}
		],
		"maxvisualband":[
			{
				"value":"C",
				"derived":true,
				"source":"2,4"
			}
		],
		"maxvisualdate":[
			{
				"value":"2016/08/06",
				"derived":true,
				"source":"2,4"
			}
		],
		"ra":[
			{
				"value":"15:51:25.23",
				"u_value":"hours",
				"source":"2"
			},
			{
				"value":"15:51:25.230",
				"u_value":"hours",
				"source":"2,3"
			}
		],
		"photometry":[
			{
				"time":"57591.1972685",
				"band":"C",
				"magnitude":"20.5",
				"u_time":"MJD",
				"upperlimit":true,
				"source":"2"
			},
			{
				"time":"57606.1974653",
				"band":"C",
				"e_magnitude":"0.3",
				"magnitude":"20.4",
				"u_time":"MJD",
				"source":"2"
			}
		]
	}
}