{
	"AT2016gvf":{
		"schema":"https://github.com/astrocatalogs/supernovae/blob/a0bc0b9/SCHEMA.md",
		"name":"AT2016gvf",
		"sources":[
			{
				"name":"2011ApJ...737..103S",
				"bibcode":"2011ApJ...737..103S",
				"reference":"Schlafly & Finkbeiner (2011)",
				"alias":"1"
			},
			{
				"name":"Transient Name Server",
				"url":"https://wis-tns.weizmann.ac.il/",
				"alias":"2"
			},
			{
				"name":"Latest Supernovae",
				"secondary":true,
				"url":"http://www.rochesterastronomy.org/snimages/snredshiftall.html",
				"alias":"3"
			},
			{
				"name":"The Open Supernova Catalog",
				"bibcode":"2017ApJ...835...64G",
				"reference":"Guillochon et al. (2017)",
				"secondary":true,
				"url":"https://sne.space",
				"alias":"4"
			}
		],
		"alias":[
			{
				"value":"AT2016gvf",
				"source":"2,3"
			},
			{
				"value":"PTSS-16ppg",
				"source":"2,3"
			}
		],
		"claimedtype":[
			{
				"value":"Candidate",
				"source":"4"
			}
		],
		"dec":[
			{
				"value":"+02:12:41.57",
				"u_value":"degrees",
				"source":"2,3"
			}
		],
		"discoverdate":[
			{
				"value":"2016/10/03.777859",
				"source":"2"
			}
		],
		"discoverer":[
			{
				"value":"PTSS",
				"source":"2"
			},
			{
				"value":"PMO-Tsinghua Supernova Survey (PTSS)",
				"source":"2,3"
			}
		],
		"ebv":[
			{
				"value":"0.0883",
				"derived":true,
				"e_value":"0.0077",
				"source":"1,4"
			}
		],
		"host":[
			{
				"value":"GALEXASC J030500.36+021244.6",
				"source":"2"
			}
		],
		"hostdec":[
			{
				"value":"+02:12:44.6",
				"derived":true,
				"u_value":"degrees",
				"source":"4"
			}
		],
		"hostoffsetang":[
			{
				"value":"3.089",
				"derived":true,
				"u_value":"arcseconds",
				"source":"2,3,4"
			}
		],
		"hostra":[
			{
				"value":"03:05:00.36",
				"derived":true,
				"u_value":"hours",
				"source":"4"
			}
		],
		"maxappmag":[
			{
				"value":"18.7",
				"derived":true,
				"source":"2,4"
			}
		],
		"maxband":[
			{
				"value":"r",
				"derived":true,
				"source":"2,4"
			}
		],
		"maxdate":[
			{
				"value":"2016/10/03",
				"derived":true,
				"source":"2,4"
			}
		],
		"maxvisualappmag":[
			{
				"value":"18.7",
				"derived":true,
				"source":"2,4"
			}
		],
		"maxvisualband":[
			{
				"value":"r",
				"derived":true,
				"source":"2,4"
			}
		],
		"maxvisualdate":[
			{
				"value":"2016/10/03",
				"derived":true,
				"source":"2,4"
			}
		],
		"ra":[
			{
				"value":"03:05:00.40",
				"u_value":"hours",
				"source":"2"
			},
			{
				"value":"03:05:00.400",
				"u_value":"hours",
				"source":"2,3"
			}
		],
		"photometry":[
			{
				"time":"57664.2778588",
				"band":"r",
				"e_magnitude":"0.1",
				"instrument":"STA1600",
				"magnitude":"18.7",
				"observer":"Bin Li",
				"system":"Vega",
				"telescope":"CNEOST",
				"u_time":"MJD",
				"source":"2"
			}
		]
	}
}