{
	"AT2016hfx":{
		"schema":"https://github.com/astrocatalogs/supernovae/blob/a0bc0b9/SCHEMA.md",
		"name":"AT2016hfx",
		"sources":[
			{
				"name":"ATel 9459",
				"bibcode":"2016ATel.9459....1S",
				"reference":"Shumkov et al. (2016)",
				"url":"http://www.astronomerstelegram.org/?read=9459",
				"alias":"1"
			},
			{
				"name":"2011ApJ...737..103S",
				"bibcode":"2011ApJ...737..103S",
				"reference":"Schlafly & Finkbeiner (2011)",
				"alias":"2"
			},
			{
				"name":"Transient Name Server",
				"url":"https://wis-tns.weizmann.ac.il/",
				"alias":"3"
			},
			{
				"name":"Pan-STARRS 3Pi",
				"url":"http://psweb.mp.qub.ac.uk/ps1threepi/psdb/",
				"alias":"4"
			},
			{
				"name":"Latest Supernovae",
				"secondary":true,
				"url":"http://www.rochesterastronomy.org/snimages/snredshiftall.html",
				"alias":"5"
			},
			{
				"name":"The Open Supernova Catalog",
				"bibcode":"2017ApJ...835...64G",
				"reference":"Guillochon et al. (2017)",
				"secondary":true,
				"url":"https://sne.space",
				"alias":"6"
			}
		],
		"alias":[
			{
				"value":"AT2016hfx",
				"source":"1,3,4,5"
			},
			{
				"value":"PS16epd",
				"source":"1,3,5"
			},
			{
				"value":"MASTER OT J050727.73-132416.1",
				"source":"1,5"
			},
			{
				"value":"MASTER OT JJ050727.73-132416.1",
				"source":"1,4"
			}
		],
		"claimedtype":[
			{
				"value":"Candidate",
				"source":"6"
			}
		],
		"dec":[
			{
				"value":"-13:24:14.94",
				"u_value":"degrees",
				"source":"3"
			},
			{
				"value":"-13:24:16.10",
				"u_value":"degrees",
				"source":"1,5"
			},
			{
				"value":"-13:24:14.9",
				"u_value":"degrees",
				"source":"1,4"
			}
		],
		"discoverdate":[
			{
				"value":"2016/10/15.557998",
				"source":"3"
			}
		],
		"discoverer":[
			{
				"value":"Pan-STARRS1",
				"source":"3"
			},
			{
				"value":"MASTER",
				"source":"1,5"
			}
		],
		"ebv":[
			{
				"value":"0.1623",
				"derived":true,
				"e_value":"0.0178",
				"source":"2,6"
			}
		],
		"host":[
			{
				"value":"PGC 938372",
				"source":"1,5"
			},
			{
				"value":"2MASX J05072698-1324279",
				"source":"1,4"
			}
		],
		"hostdec":[
			{
				"value":"-13:24:27.9",
				"derived":true,
				"u_value":"degrees",
				"source":"6"
			}
		],
		"hostoffsetang":[
			{
				"value":"17.54",
				"derived":true,
				"u_value":"arcseconds",
				"source":"3,6"
			}
		],
		"hostra":[
			{
				"value":"05:07:26.98",
				"derived":true,
				"u_value":"hours",
				"source":"6"
			}
		],
		"maxappmag":[
			{
				"value":"17.2",
				"derived":true,
				"source":"1,5,6"
			}
		],
		"maxdate":[
			{
				"value":"2016/09/05",
				"derived":true,
				"source":"1,5,6"
			}
		],
		"maxvisualappmag":[
			{
				"value":"17.2",
				"derived":true,
				"source":"1,5,6"
			}
		],
		"maxvisualdate":[
			{
				"value":"2016/09/05",
				"derived":true,
				"source":"1,5,6"
			}
		],
		"ra":[
			{
				"value":"05:07:27.79",
				"u_value":"hours",
				"source":"3"
			},
			{
				"value":"05:07:27.730",
				"u_value":"hours",
				"source":"1,5"
			},
			{
				"value":"05:07:27.78",
				"u_value":"hours",
				"source":"1,4"
			}
		],
		"photometry":[
			{
				"time":"57636.5",
				"magnitude":"17.2",
				"u_time":"MJD",
				"source":"1,5"
			},
			{
				"time":"57676.0579977",
				"band":"i",
				"e_magnitude":"0.06",
				"instrument":"GPC1",
				"magnitude":"18.79",
				"observer":"Robot",
				"telescope":"PS1",
				"u_time":"MJD",
				"source":"3"
			},
			{
				"time":"57676.5577354822",
				"band":"i",
				"e_magnitude":"0.0602531",
				"instrument":"GPC",
				"magnitude":"18.7874",
				"telescope":"Pan-STARRS1",
				"u_time":"MJD",
				"source":"1,4"
			},
			{
				"time":"57676.5696673356",
				"band":"i",
				"e_magnitude":"0.107448",
				"instrument":"GPC",
				"magnitude":"18.7747",
				"telescope":"Pan-STARRS1",
				"u_time":"MJD",
				"source":"1,4"
			},
			{
				"time":"57676.5815837202",
				"band":"i",
				"e_magnitude":"0.0408329",
				"instrument":"GPC",
				"magnitude":"18.7538",
				"telescope":"Pan-STARRS1",
				"u_time":"MJD",
				"source":"1,4"
			},
			{
				"time":"57676.5935013471",
				"band":"i",
				"e_magnitude":"0.126681",
				"instrument":"GPC",
				"magnitude":"18.8314",
				"telescope":"Pan-STARRS1",
				"u_time":"MJD",
				"source":"1,4"
			}
		]
	}
}