{
	"AT2016jau":{
		"schema":"https://github.com/astrocatalogs/supernovae/blob/a0bc0b9/SCHEMA.md",
		"name":"AT2016jau",
		"sources":[
			{
				"name":"2011ApJ...737..103S",
				"bibcode":"2011ApJ...737..103S",
				"reference":"Schlafly & Finkbeiner (2011)",
				"alias":"1"
			},
			{
				"name":"Catalina Sky Survey",
				"bibcode":"2009ApJ...696..870D",
				"reference":"Drake et al. (2009)",
				"url":"http://nesssi.cacr.caltech.edu/catalina/AllSN.html",
				"alias":"2"
			},
			{
				"name":"Transient Name Server",
				"url":"https://wis-tns.weizmann.ac.il/",
				"alias":"3"
			},
			{
				"name":"Latest Supernovae",
				"secondary":true,
				"url":"http://www.rochesterastronomy.org/snimages/snredshiftall.html",
				"alias":"4"
			},
			{
				"name":"The Open Supernova Catalog",
				"bibcode":"2017ApJ...835...64G",
				"reference":"Guillochon et al. (2017)",
				"secondary":true,
				"url":"https://sne.space",
				"alias":"5"
			}
		],
		"alias":[
			{
				"value":"AT2016jau",
				"source":"2,3,4"
			},
			{
				"value":"ATLAS16ech",
				"source":"3,4"
			},
			{
				"value":"MLS170127:080041+281932",
				"source":"2,3,4"
			}
		],
		"claimedtype":[
			{
				"value":"Candidate",
				"source":"2"
			}
		],
		"dec":[
			{
				"value":"+28:19:32.15",
				"u_value":"degrees",
				"source":"3,4"
			},
			{
				"value":"+28:19:31.44",
				"u_value":"degrees",
				"source":"2"
			}
		],
		"discoverdate":[
			{
				"value":"2016/11/25.633993",
				"source":"3"
			}
		],
		"discoverer":[
			{
				"value":"ATLAS",
				"source":"3,4"
			}
		],
		"ebv":[
			{
				"value":"0.0381",
				"derived":true,
				"e_value":"0.0008",
				"source":"1,5"
			}
		],
		"maxappmag":[
			{
				"value":"17.93",
				"derived":true,
				"source":"3,5"
			}
		],
		"maxband":[
			{
				"value":"cyan",
				"derived":true,
				"source":"3,5"
			}
		],
		"maxdate":[
			{
				"value":"2016/11/25",
				"derived":true,
				"source":"3,5"
			}
		],
		"maxvisualappmag":[
			{
				"value":"18.28",
				"derived":true,
				"source":"3,5"
			}
		],
		"maxvisualband":[
			{
				"value":"R",
				"derived":true,
				"source":"3,5"
			}
		],
		"maxvisualdate":[
			{
				"value":"2017/01/07",
				"derived":true,
				"source":"3,5"
			}
		],
		"ra":[
			{
				"value":"08:00:40.94",
				"u_value":"hours",
				"source":"3"
			},
			{
				"value":"08:00:40.940",
				"u_value":"hours",
				"source":"3,4"
			},
			{
				"value":"08:00:41.04",
				"u_value":"hours",
				"source":"2"
			}
		],
		"photometry":[
			{
				"band":"C",
				"e_magnitude":"1.0",
				"host":true,
				"magnitude":"16.0",
				"telescope":"Catalina Schmidt",
				"source":"2"
			},
			{
				"time":"54832.5",
				"band":"R",
				"instrument":"CFH12k",
				"magnitude":"21.5",
				"observer":"iPTF",
				"telescope":"P48",
				"u_time":"MJD",
				"upperlimit":true,
				"source":"3"
			},
			{
				"time":"57705.1129977",
				"band":"orange",
				"instrument":"ACAM1",
				"magnitude":"18.87",
				"observer":"Robot",
				"telescope":"ATLAS1",
				"u_time":"MJD",
				"upperlimit":true,
				"source":"3"
			},
			{
				"time":"57717.1339931",
				"band":"cyan",
				"e_magnitude":"0.11",
				"instrument":"ACAM1",
				"magnitude":"17.93",
				"observer":"Robot",
				"telescope":"ATLAS1",
				"u_time":"MJD",
				"source":"3"
			},
			{
				"time":"57749.5",
				"band":"C",
				"e_magnitude":"0.0692170568525",
				"e_time":"0.125",
				"includeshost":true,
				"magnitude":"18.1472",
				"telescope":"Catalina Schmidt",
				"u_time":"MJD",
				"source":"2"
			},
			{
				"time":"57749.5",
				"band":"C",
				"e_magnitude":"0.0700328295505",
				"e_time":"0.125",
				"includeshost":true,
				"magnitude":"18.2073",
				"telescope":"Catalina Schmidt",
				"u_time":"MJD",
				"source":"2"
			},
			{
				"time":"57749.5",
				"band":"C",
				"e_magnitude":"0.0698913890193",
				"e_time":"0.125",
				"includeshost":true,
				"magnitude":"18.2128",
				"telescope":"Catalina Schmidt",
				"u_time":"MJD",
				"source":"2"
			},
			{
				"time":"57749.5",
				"band":"C",
				"e_magnitude":"0.0703576048029",
				"e_time":"0.125",
				"includeshost":true,
				"magnitude":"18.2391",
				"telescope":"Catalina Schmidt",
				"u_time":"MJD",
				"source":"2"
			},
			{
				"time":"57760.245",
				"band":"R",
				"instrument":"CFH12k",
				"magnitude":"18.2826",
				"observer":"iPTF",
				"telescope":"P48",
				"u_time":"MJD",
				"source":"3"
			},
			{
				"time":"57780.5",
				"band":"C",
				"e_magnitude":"0.0886418514655",
				"e_time":"0.125",
				"includeshost":true,
				"magnitude":"19.1962",
				"telescope":"Catalina Schmidt",
				"u_time":"MJD",
				"source":"2"
			},
			{
				"time":"57780.5",
				"band":"C",
				"e_magnitude":"0.0886719560174",
				"e_time":"0.125",
				"includeshost":true,
				"magnitude":"19.1962",
				"telescope":"Catalina Schmidt",
				"u_time":"MJD",
				"source":"2"
			},
			{
				"time":"57780.5",
				"band":"C",
				"e_magnitude":"0.0902230707359",
				"e_time":"0.125",
				"includeshost":true,
				"magnitude":"19.2598",
				"telescope":"Catalina Schmidt",
				"u_time":"MJD",
				"source":"2"
			},
			{
				"time":"57780.5",
				"band":"C",
				"e_magnitude":"0.0913510200266",
				"e_time":"0.125",
				"includeshost":true,
				"magnitude":"19.3015",
				"telescope":"Catalina Schmidt",
				"u_time":"MJD",
				"source":"2"
			},
			{
				"time":"57817.5",
				"band":"C",
				"e_magnitude":"0.133695664603",
				"e_time":"0.125",
				"includeshost":true,
				"magnitude":"20.209",
				"telescope":"Catalina Schmidt",
				"u_time":"MJD",
				"source":"2"
			},
			{
				"time":"57817.5",
				"band":"C",
				"e_magnitude":"0.131570768731",
				"e_time":"0.125",
				"includeshost":true,
				"magnitude":"20.3011",
				"telescope":"Catalina Schmidt",
				"u_time":"MJD",
				"source":"2"
			},
			{
				"time":"57817.5",
				"band":"C",
				"e_magnitude":"0.132727105361",
				"e_time":"0.125",
				"includeshost":true,
				"magnitude":"20.3426",
				"telescope":"Catalina Schmidt",
				"u_time":"MJD",
				"source":"2"
			},
			{
				"time":"57832.5",
				"band":"C",
				"e_magnitude":"0.162486160056",
				"e_time":"0.125",
				"includeshost":true,
				"magnitude":"20.7975",
				"telescope":"Catalina Schmidt",
				"u_time":"MJD",
				"source":"2"
			}
		]
	}
}