{
	"AT2016iti":{
		"schema":"https://github.com/astrocatalogs/supernovae/blob/a0bc0b9/SCHEMA.md",
		"name":"AT2016iti",
		"sources":[
			{
				"name":"2011ApJ...737..103S",
				"bibcode":"2011ApJ...737..103S",
				"reference":"Schlafly & Finkbeiner (2011)",
				"alias":"1"
			},
			{
				"name":"Transient Name Server",
				"url":"https://wis-tns.weizmann.ac.il/",
				"alias":"2"
			},
			{
				"name":"Latest Supernovae",
				"secondary":true,
				"url":"http://www.rochesterastronomy.org/snimages/snredshiftall.html",
				"alias":"3"
			},
			{
				"name":"The Open Supernova Catalog",
				"bibcode":"2017ApJ...835...64G",
				"reference":"Guillochon et al. (2017)",
				"secondary":true,
				"url":"https://sne.space",
				"alias":"4"
			}
		],
		"alias":[
			{
				"value":"AT2016iti",
				"source":"2,3"
			}
		],
		"claimedtype":[
			{
				"value":"Candidate",
				"source":"4"
			}
		],
		"dec":[
			{
				"value":"+44:36:09.20",
				"u_value":"degrees",
				"source":"2,3"
			}
		],
		"discoverdate":[
			{
				"value":"2016/12/05.91",
				"source":"2"
			}
		],
		"discoverer":[
			{
				"value":"TNTS",
				"source":"2,3"
			}
		],
		"ebv":[
			{
				"value":"0.021",
				"derived":true,
				"e_value":"0.0014",
				"source":"1,4"
			}
		],
		"host":[
			{
				"value":"SDSS J083401.18+443614.0",
				"source":"2"
			}
		],
		"hostdec":[
			{
				"value":"+44:36:14.0",
				"derived":true,
				"u_value":"degrees",
				"source":"4"
			}
		],
		"hostoffsetang":[
			{
				"value":"7.023",
				"derived":true,
				"u_value":"arcseconds",
				"source":"2,3,4"
			}
		],
		"hostra":[
			{
				"value":"08:34:01.18",
				"derived":true,
				"u_value":"hours",
				"source":"4"
			}
		],
		"maxappmag":[
			{
				"value":"18.2",
				"derived":true,
				"source":"2,4"
			}
		],
		"maxband":[
			{
				"value":"C",
				"derived":true,
				"source":"2,4"
			}
		],
		"maxdate":[
			{
				"value":"2016/12/05",
				"derived":true,
				"source":"2,4"
			}
		],
		"maxvisualappmag":[
			{
				"value":"18.2",
				"derived":true,
				"source":"2,4"
			}
		],
		"maxvisualband":[
			{
				"value":"C",
				"derived":true,
				"source":"2,4"
			}
		],
		"maxvisualdate":[
			{
				"value":"2016/12/05",
				"derived":true,
				"source":"2,4"
			}
		],
		"ra":[
			{
				"value":"08:34:01.66",
				"u_value":"hours",
				"source":"2"
			},
			{
				"value":"08:34:01.660",
				"u_value":"hours",
				"source":"2,3"
			}
		],
		"photometry":[
			{
				"time":"57727.41",
				"band":"C",
				"instrument":"BATC",
				"magnitude":"18.2",
				"system":"Vega",
				"telescope":"BAO-0.6m",
				"u_time":"MJD",
				"source":"2"
			}
		]
	}
}