{
	"AT2016hih":{
		"schema":"https://github.com/astrocatalogs/supernovae/blob/a0bc0b9/SCHEMA.md",
		"name":"AT2016hih",
		"sources":[
			{
				"name":"2016A&A...594A..13P",
				"bibcode":"2016A&A...594A..13P",
				"reference":"Planck Collaboration et al. (2016)",
				"alias":"1"
			},
			{
				"name":"2011ApJ...737..103S",
				"bibcode":"2011ApJ...737..103S",
				"reference":"Schlafly & Finkbeiner (2011)",
				"alias":"2"
			},
			{
				"name":"Transient Name Server",
				"url":"https://wis-tns.weizmann.ac.il/",
				"alias":"3"
			},
			{
				"name":"Latest Supernovae",
				"secondary":true,
				"url":"http://www.rochesterastronomy.org/snimages/snredshiftall.html",
				"alias":"4"
			},
			{
				"name":"The Open Supernova Catalog",
				"bibcode":"2017ApJ...835...64G",
				"reference":"Guillochon et al. (2017)",
				"secondary":true,
				"url":"https://sne.space",
				"alias":"5"
			},
			{
				"name":"NED-D",
				"bibcode":"1991ASSL..171...89H",
				"reference":"Helou et al. (1991)",
				"secondary":true,
				"url":"http://ned.ipac.caltech.edu/Library/Distances/",
				"alias":"6"
			}
		],
		"alias":[
			{
				"value":"AT2016hih",
				"source":"3,4"
			}
		],
		"claimedtype":[
			{
				"value":"Candidate",
				"source":"5"
			}
		],
		"comovingdist":[
			{
				"value":"57.05",
				"derived":true,
				"u_value":"Mpc",
				"source":"1,5,6"
			}
		],
		"dec":[
			{
				"value":"-06:13:55.60",
				"u_value":"degrees",
				"source":"3,4"
			}
		],
		"discoverdate":[
			{
				"value":"2016/10/22.809236",
				"source":"3"
			}
		],
		"discoverer":[
			{
				"value":"Shoji Yamakami",
				"source":"3,4"
			}
		],
		"ebv":[
			{
				"value":"0.0416",
				"derived":true,
				"e_value":"0.0012",
				"source":"2,5"
			}
		],
		"host":[
			{
				"value":"IC 2101",
				"source":"3,4"
			}
		],
		"hostcomovingdist":[
			{
				"value":"57.05",
				"derived":true,
				"source":"1,5,6"
			}
		],
		"hostlumdist":[
			{
				"value":"57.789",
				"derived":true,
				"source":"1,5,6"
			}
		],
		"hostredshift":[
			{
				"value":"0.01293",
				"derived":true,
				"source":"1,6"
			}
		],
		"hostvelocity":[
			{
				"value":"3851",
				"source":"5"
			}
		],
		"lumdist":[
			{
				"value":"57.789",
				"derived":true,
				"u_value":"Mpc",
				"source":"1,5,6"
			}
		],
		"maxabsmag":[
			{
				"value":"-17.295",
				"derived":true,
				"source":"1,5,6"
			}
		],
		"maxappmag":[
			{
				"value":"16.5",
				"derived":true,
				"source":"3,5"
			}
		],
		"maxband":[
			{
				"value":"C",
				"derived":true,
				"source":"3,5"
			}
		],
		"maxdate":[
			{
				"value":"2016/10/22",
				"derived":true,
				"source":"3,5"
			}
		],
		"maxvisualabsmag":[
			{
				"value":"-17.309",
				"derived":true,
				"source":"1,5,6"
			}
		],
		"maxvisualappmag":[
			{
				"value":"16.5",
				"derived":true,
				"source":"3,5"
			}
		],
		"maxvisualband":[
			{
				"value":"C",
				"derived":true,
				"source":"3,5"
			}
		],
		"maxvisualdate":[
			{
				"value":"2016/10/22",
				"derived":true,
				"source":"3,5"
			}
		],
		"ra":[
			{
				"value":"04:51:41.70",
				"u_value":"hours",
				"source":"3"
			},
			{
				"value":"04:51:41.700",
				"u_value":"hours",
				"source":"3,4"
			}
		],
		"redshift":[
			{
				"value":"0.01293",
				"derived":true,
				"kind":"host",
				"source":"1,6"
			}
		],
		"velocity":[
			{
				"value":"3851",
				"u_value":"km/s",
				"source":"5"
			}
		],
		"photometry":[
			{
				"time":"57683.3092361",
				"band":"C",
				"magnitude":"16.5",
				"observer":"S.Yamakami",
				"system":"Vega",
				"u_time":"MJD",
				"source":"3"
			}
		]
	}
}