{
	"AT2016geq":{
		"schema":"https://github.com/astrocatalogs/supernovae/blob/a0bc0b9/SCHEMA.md",
		"name":"AT2016geq",
		"sources":[
			{
				"name":"2016A&A...594A..13P",
				"bibcode":"2016A&A...594A..13P",
				"reference":"Planck Collaboration et al. (2016)",
				"alias":"1"
			},
			{
				"name":"2011ApJ...737..103S",
				"bibcode":"2011ApJ...737..103S",
				"reference":"Schlafly & Finkbeiner (2011)",
				"alias":"2"
			},
			{
				"name":"Transient Name Server",
				"url":"https://wis-tns.weizmann.ac.il/",
				"alias":"3"
			},
			{
				"name":"Latest Supernovae",
				"secondary":true,
				"url":"http://www.rochesterastronomy.org/snimages/snredshiftall.html",
				"alias":"4"
			},
			{
				"name":"The Open Supernova Catalog",
				"bibcode":"2017ApJ...835...64G",
				"reference":"Guillochon et al. (2017)",
				"secondary":true,
				"url":"https://sne.space",
				"alias":"5"
			}
		],
		"alias":[
			{
				"value":"AT2016geq",
				"source":"3,4"
			}
		],
		"claimedtype":[
			{
				"value":"Candidate",
				"source":"5"
			}
		],
		"comovingdist":[
			{
				"value":"79",
				"derived":true,
				"u_value":"Mpc",
				"source":"1,3,5"
			}
		],
		"dec":[
			{
				"value":"+28:56:51.70",
				"u_value":"degrees",
				"source":"3,4"
			}
		],
		"discoverdate":[
			{
				"value":"2016/09/09.66809",
				"source":"3"
			}
		],
		"discoverer":[
			{
				"value":"TNTS",
				"source":"3,4"
			}
		],
		"ebv":[
			{
				"value":"0.1081",
				"derived":true,
				"e_value":"0.0068",
				"source":"2,5"
			}
		],
		"host":[
			{
				"value":"MRK 0930S",
				"source":"3"
			},
			{
				"value":"MRK 930S",
				"source":"3,4"
			}
		],
		"hostcomovingdist":[
			{
				"value":"79",
				"derived":true,
				"source":"1,3,5"
			}
		],
		"hostlumdist":[
			{
				"value":"80.8",
				"derived":true,
				"source":"1,3,5"
			}
		],
		"hostredshift":[
			{
				"value":"0.018",
				"source":"3"
			}
		],
		"hostvelocity":[
			{
				"value":"5300",
				"source":"5"
			}
		],
		"lumdist":[
			{
				"value":"80.8",
				"derived":true,
				"u_value":"Mpc",
				"source":"1,3,5"
			}
		],
		"maxabsmag":[
			{
				"value":"-16.7",
				"derived":true,
				"source":"1,3,5"
			}
		],
		"maxappmag":[
			{
				"value":"17.81",
				"derived":true,
				"source":"3,5"
			}
		],
		"maxband":[
			{
				"value":"C",
				"derived":true,
				"source":"3,5"
			}
		],
		"maxdate":[
			{
				"value":"2016/09/09",
				"derived":true,
				"source":"3,5"
			}
		],
		"maxvisualabsmag":[
			{
				"value":"-16.7",
				"derived":true,
				"source":"1,3,5"
			}
		],
		"maxvisualappmag":[
			{
				"value":"17.81",
				"derived":true,
				"source":"3,5"
			}
		],
		"maxvisualband":[
			{
				"value":"C",
				"derived":true,
				"source":"3,5"
			}
		],
		"maxvisualdate":[
			{
				"value":"2016/09/09",
				"derived":true,
				"source":"3,5"
			}
		],
		"ra":[
			{
				"value":"23:31:58.52",
				"u_value":"hours",
				"source":"3"
			},
			{
				"value":"23:31:58.520",
				"u_value":"hours",
				"source":"3,4"
			}
		],
		"redshift":[
			{
				"value":"0.018",
				"kind":"host",
				"source":"3"
			},
			{
				"value":"0.018",
				"source":"3,4"
			}
		],
		"velocity":[
			{
				"value":"5300",
				"u_value":"km/s",
				"source":"5"
			}
		],
		"photometry":[
			{
				"time":"57640.1680903",
				"band":"C",
				"instrument":"BATC",
				"magnitude":"17.81",
				"system":"Vega",
				"telescope":"BAO-0.6m",
				"u_time":"MJD",
				"source":"3"
			}
		]
	}
}