{
	"AT2016ab":{
		"schema":"https://github.com/astrocatalogs/supernovae/blob/a0bc0b9/SCHEMA.md",
		"name":"AT2016ab",
		"sources":[
			{
				"name":"2016A&A...594A..13P",
				"bibcode":"2016A&A...594A..13P",
				"reference":"Planck Collaboration et al. (2016)",
				"alias":"1"
			},
			{
				"name":"2011ApJ...737..103S",
				"bibcode":"2011ApJ...737..103S",
				"reference":"Schlafly & Finkbeiner (2011)",
				"alias":"2"
			},
			{
				"name":"Transient Name Server",
				"url":"https://wis-tns.weizmann.ac.il/",
				"alias":"3"
			},
			{
				"name":"Latest Supernovae",
				"secondary":true,
				"url":"http://www.rochesterastronomy.org/snimages/snredshiftall.html",
				"alias":"4"
			},
			{
				"name":"The Open Supernova Catalog",
				"bibcode":"2017ApJ...835...64G",
				"reference":"Guillochon et al. (2017)",
				"secondary":true,
				"url":"https://sne.space",
				"alias":"5"
			}
		],
		"alias":[
			{
				"value":"AT2016ab",
				"source":"3,4"
			}
		],
		"claimedtype":[
			{
				"value":"Candidate",
				"source":"5"
			}
		],
		"comovingdist":[
			{
				"value":"91.38",
				"derived":true,
				"u_value":"Mpc",
				"source":"1,3,4,5"
			}
		],
		"dec":[
			{
				"value":"-35:49:55.69",
				"u_value":"degrees",
				"source":"3"
			},
			{
				"value":"-35:49:55.7",
				"u_value":"degrees",
				"source":"3,4"
			}
		],
		"discoverdate":[
			{
				"value":"2016/01/21.464826",
				"source":"3"
			}
		],
		"discoverer":[
			{
				"value":"BOSS",
				"source":"3"
			},
			{
				"value":"Greg Bock",
				"source":"3,4"
			}
		],
		"ebv":[
			{
				"value":"0.0137",
				"derived":true,
				"e_value":"0.0002",
				"source":"2,5"
			}
		],
		"host":[
			{
				"value":"NGC 854",
				"source":"3,4"
			}
		],
		"lumdist":[
			{
				"value":"93.2757",
				"derived":true,
				"u_value":"Mpc",
				"source":"1,3,4,5"
			}
		],
		"maxabsmag":[
			{
				"value":"-16.9265",
				"derived":true,
				"source":"1,3,4,5"
			}
		],
		"maxappmag":[
			{
				"value":"17.9",
				"derived":true,
				"source":"3,5"
			}
		],
		"maxband":[
			{
				"value":"C",
				"derived":true,
				"source":"3,5"
			}
		],
		"maxdate":[
			{
				"value":"2016/01/21",
				"derived":true,
				"source":"3,5"
			}
		],
		"maxvisualabsmag":[
			{
				"value":"-16.9488",
				"derived":true,
				"source":"1,3,4,5"
			}
		],
		"maxvisualappmag":[
			{
				"value":"17.9",
				"derived":true,
				"source":"3,5"
			}
		],
		"maxvisualband":[
			{
				"value":"C",
				"derived":true,
				"source":"3,5"
			}
		],
		"maxvisualdate":[
			{
				"value":"2016/01/21",
				"derived":true,
				"source":"3,5"
			}
		],
		"ra":[
			{
				"value":"02:11:30.09",
				"u_value":"hours",
				"source":"3,4"
			}
		],
		"redshift":[
			{
				"value":"0.020748",
				"source":"3,4"
			}
		],
		"velocity":[
			{
				"value":"6155.6",
				"u_value":"km/s",
				"source":"5"
			}
		],
		"photometry":[
			{
				"time":"57315.4953356",
				"band":"C",
				"magnitude":"18.2",
				"observer":"G. Bock",
				"system":"Vega",
				"u_time":"MJD",
				"upperlimit":true,
				"source":"3"
			},
			{
				"time":"57408.4648264",
				"band":"C",
				"magnitude":"17.9",
				"observer":"G. Bock",
				"system":"Vega",
				"u_time":"MJD",
				"source":"3"
			}
		]
	}
}