{
	"AT2017ahk":{
		"schema":"https://github.com/astrocatalogs/supernovae/blob/a0bc0b9/SCHEMA.md",
		"name":"AT2017ahk",
		"sources":[
			{
				"name":"2016A&A...594A..13P",
				"bibcode":"2016A&A...594A..13P",
				"reference":"Planck Collaboration et al. (2016)",
				"alias":"1"
			},
			{
				"name":"2011ApJ...737..103S",
				"bibcode":"2011ApJ...737..103S",
				"reference":"Schlafly & Finkbeiner (2011)",
				"alias":"2"
			},
			{
				"name":"Transient Name Server",
				"url":"http://wis-tns.weizmann.ac.il/object/2017ahk",
				"alias":"3"
			},
			{
				"name":"Latest Supernovae",
				"secondary":true,
				"url":"http://www.rochesterastronomy.org/snimages/snredshiftall.html",
				"alias":"4"
			},
			{
				"name":"The Open Supernova Catalog",
				"bibcode":"2017ApJ...835...64G",
				"reference":"Guillochon et al. (2017)",
				"secondary":true,
				"url":"https://sne.space",
				"alias":"5"
			},
			{
				"name":"NED-D",
				"bibcode":"1991ASSL..171...89H",
				"reference":"Helou et al. (1991)",
				"secondary":true,
				"url":"http://ned.ipac.caltech.edu/Library/Distances/",
				"alias":"6"
			}
		],
		"alias":[
			{
				"value":"AT2017ahk",
				"source":"3,4"
			}
		],
		"claimedtype":[
			{
				"value":"Candidate",
				"source":"5"
			}
		],
		"comovingdist":[
			{
				"value":"9.47",
				"derived":true,
				"u_value":"Mpc",
				"source":"1,5,6"
			}
		],
		"dec":[
			{
				"value":"+15:52:00.00",
				"u_value":"degrees",
				"source":"3,4"
			}
		],
		"discoverdate":[
			{
				"value":"2017/02/04",
				"source":"3,4"
			}
		],
		"discoverer":[
			{
				"value":"Peter Lloyd",
				"source":"3,4"
			}
		],
		"ebv":[
			{
				"value":"0.053",
				"derived":true,
				"e_value":"0.0026",
				"source":"2,5"
			}
		],
		"host":[
			{
				"value":"M74",
				"source":"3,4"
			}
		],
		"hostcomovingdist":[
			{
				"value":"9.47",
				"derived":true,
				"source":"1,5,6"
			}
		],
		"hostlumdist":[
			{
				"value":"9.486",
				"derived":true,
				"source":"1,5,6"
			}
		],
		"hostredshift":[
			{
				"value":"0.00214",
				"derived":true,
				"source":"1,6"
			}
		],
		"hostvelocity":[
			{
				"value":"641",
				"source":"5"
			}
		],
		"lumdist":[
			{
				"value":"9.486",
				"derived":true,
				"u_value":"Mpc",
				"source":"1,5,6"
			}
		],
		"maxabsmag":[
			{
				"value":"-19.88",
				"derived":true,
				"source":"1,5,6"
			}
		],
		"maxappmag":[
			{
				"value":"10",
				"derived":true,
				"source":"3,4,5"
			}
		],
		"maxdate":[
			{
				"value":"2017/02/04",
				"derived":true,
				"source":"3,4,5"
			}
		],
		"maxvisualabsmag":[
			{
				"value":"-19.89",
				"derived":true,
				"source":"1,5,6"
			}
		],
		"maxvisualappmag":[
			{
				"value":"10",
				"derived":true,
				"source":"3,4,5"
			}
		],
		"maxvisualdate":[
			{
				"value":"2017/02/04",
				"derived":true,
				"source":"3,4,5"
			}
		],
		"ra":[
			{
				"value":"01:37:37.000",
				"u_value":"hours",
				"source":"3,4"
			}
		],
		"redshift":[
			{
				"value":"0.00214",
				"derived":true,
				"kind":"host",
				"source":"1,6"
			}
		],
		"velocity":[
			{
				"value":"641",
				"u_value":"km/s",
				"source":"5"
			}
		],
		"photometry":[
			{
				"time":"57788.0",
				"magnitude":"10.0",
				"u_time":"MJD",
				"source":"3,4"
			}
		]
	}
}