{
	"AT2016hzy":{
		"schema":"https://github.com/astrocatalogs/supernovae/blob/a0bc0b9/SCHEMA.md",
		"name":"AT2016hzy",
		"sources":[
			{
				"name":"2011ApJ...737..103S",
				"bibcode":"2011ApJ...737..103S",
				"reference":"Schlafly & Finkbeiner (2011)",
				"alias":"1"
			},
			{
				"name":"Transient Name Server",
				"url":"https://wis-tns.weizmann.ac.il/",
				"alias":"2"
			},
			{
				"name":"Pan-STARRS 3Pi",
				"url":"http://psweb.mp.qub.ac.uk/ps1threepi/psdb/",
				"alias":"3"
			},
			{
				"name":"Latest Supernovae",
				"secondary":true,
				"url":"http://www.rochesterastronomy.org/snimages/snredshiftall.html",
				"alias":"4"
			},
			{
				"name":"The Open Supernova Catalog",
				"bibcode":"2017ApJ...835...64G",
				"reference":"Guillochon et al. (2017)",
				"secondary":true,
				"url":"https://sne.space",
				"alias":"5"
			}
		],
		"alias":[
			{
				"value":"AT2016hzy",
				"source":"2,3,4"
			},
			{
				"value":"PS16ezm",
				"source":"2,4"
			}
		],
		"claimedtype":[
			{
				"value":"Candidate",
				"source":"5"
			}
		],
		"dec":[
			{
				"value":"+18:02:54.97",
				"u_value":"degrees",
				"source":"2,4"
			},
			{
				"value":"+18:02:55.0",
				"u_value":"degrees",
				"source":"3"
			}
		],
		"discoverdate":[
			{
				"value":"2016/11/08.555995",
				"source":"2"
			}
		],
		"discoverer":[
			{
				"value":"Pan-STARRS1",
				"source":"2"
			},
			{
				"value":"ASAS-SN",
				"source":"2,4"
			}
		],
		"ebv":[
			{
				"value":"0.0212",
				"derived":true,
				"e_value":"0.0006",
				"source":"1,5"
			}
		],
		"maxappmag":[
			{
				"value":"21.11",
				"derived":true,
				"source":"2,5"
			}
		],
		"maxband":[
			{
				"value":"w",
				"derived":true,
				"source":"2,5"
			}
		],
		"maxdate":[
			{
				"value":"2016/11/08",
				"derived":true,
				"source":"2,5"
			}
		],
		"maxvisualappmag":[
			{
				"value":"21.11",
				"derived":true,
				"source":"2,5"
			}
		],
		"maxvisualband":[
			{
				"value":"w",
				"derived":true,
				"source":"2,5"
			}
		],
		"maxvisualdate":[
			{
				"value":"2016/11/08",
				"derived":true,
				"source":"2,5"
			}
		],
		"ra":[
			{
				"value":"08:47:42.60",
				"u_value":"hours",
				"source":"2"
			},
			{
				"value":"08:47:42.600",
				"u_value":"hours",
				"source":"2,4"
			},
			{
				"value":"08:47:42.59",
				"u_value":"hours",
				"source":"3"
			}
		],
		"photometry":[
			{
				"time":"57700.0559954",
				"band":"w",
				"e_magnitude":"0.09",
				"instrument":"GPC1",
				"magnitude":"21.11",
				"observer":"Robot",
				"telescope":"PS1",
				"u_time":"MJD",
				"source":"2"
			},
			{
				"time":"57700.5556382408",
				"band":"w",
				"e_magnitude":"0.0931211",
				"instrument":"GPC",
				"magnitude":"21.1142",
				"telescope":"Pan-STARRS1",
				"u_time":"MJD",
				"source":"3"
			},
			{
				"time":"57700.5679604816",
				"band":"w",
				"e_magnitude":"0.0853343",
				"instrument":"GPC",
				"magnitude":"21.1974",
				"telescope":"Pan-STARRS1",
				"u_time":"MJD",
				"source":"3"
			},
			{
				"time":"57700.5802753786",
				"band":"w",
				"e_magnitude":"0.0876512",
				"instrument":"GPC",
				"magnitude":"21.1643",
				"telescope":"Pan-STARRS1",
				"u_time":"MJD",
				"source":"3"
			},
			{
				"time":"57700.5926914256",
				"band":"w",
				"e_magnitude":"0.0738452",
				"instrument":"GPC",
				"magnitude":"21.1792",
				"telescope":"Pan-STARRS1",
				"u_time":"MJD",
				"source":"3"
			}
		]
	}
}