{
	"AT2016jah":{
		"schema":"https://github.com/astrocatalogs/supernovae/blob/a0bc0b9/SCHEMA.md",
		"name":"AT2016jah",
		"sources":[
			{
				"name":"2016A&A...594A..13P",
				"bibcode":"2016A&A...594A..13P",
				"reference":"Planck Collaboration et al. (2016)",
				"alias":"1"
			},
			{
				"name":"2011ApJ...737..103S",
				"bibcode":"2011ApJ...737..103S",
				"reference":"Schlafly & Finkbeiner (2011)",
				"alias":"2"
			},
			{
				"name":"Transient Name Server",
				"url":"https://wis-tns.weizmann.ac.il/",
				"alias":"3"
			},
			{
				"name":"Gaia Photometric Science Alerts",
				"url":"http://gsaweb.ast.cam.ac.uk/alerts/alertsindex",
				"alias":"4"
			},
			{
				"name":"Latest Supernovae",
				"secondary":true,
				"url":"http://www.rochesterastronomy.org/snimages/snredshiftall.html",
				"alias":"5"
			},
			{
				"name":"The Open Supernova Catalog",
				"bibcode":"2017ApJ...835...64G",
				"reference":"Guillochon et al. (2017)",
				"secondary":true,
				"url":"https://sne.space",
				"alias":"6"
			}
		],
		"alias":[
			{
				"value":"AT2016jah",
				"source":"3,4,5"
			},
			{
				"value":"Gaia17agk",
				"source":"3,5"
			}
		],
		"claimedtype":[
			{
				"value":"II P",
				"source":"3,5"
			},
			{
				"value":"Candidate",
				"source":"4"
			}
		],
		"comovingdist":[
			{
				"value":"91.555",
				"derived":true,
				"u_value":"Mpc",
				"source":"1,3,5,6"
			}
		],
		"dec":[
			{
				"value":"+35:10:57.80",
				"u_value":"degrees",
				"source":"3,5"
			},
			{
				"value":"+35:10:58.44",
				"u_value":"degrees",
				"source":"4"
			}
		],
		"discoverdate":[
			{
				"value":"2016/12/22.85",
				"source":"3"
			}
		],
		"discoverer":[
			{
				"value":"ISSP",
				"source":"3"
			},
			{
				"value":"Italian Supernovae Search Project",
				"source":"3,5"
			}
		],
		"ebv":[
			{
				"value":"0.3007",
				"derived":true,
				"e_value":"0.0096",
				"source":"2,6"
			}
		],
		"host":[
			{
				"value":"UGC 2993",
				"source":"3,5"
			}
		],
		"lumdist":[
			{
				"value":"93.4583",
				"derived":true,
				"u_value":"Mpc",
				"source":"1,3,5,6"
			}
		],
		"maxabsmag":[
			{
				"value":"-16.6307",
				"derived":true,
				"source":"1,3,5,6"
			}
		],
		"maxappmag":[
			{
				"value":"18.2",
				"derived":true,
				"source":"3,6"
			}
		],
		"maxband":[
			{
				"value":"C",
				"derived":true,
				"source":"3,6"
			}
		],
		"maxdate":[
			{
				"value":"2016/12/22",
				"derived":true,
				"source":"3,6"
			}
		],
		"maxvisualabsmag":[
			{
				"value":"-16.0931",
				"derived":true,
				"source":"1,3,5,6"
			}
		],
		"maxvisualappmag":[
			{
				"value":"18.76",
				"derived":true,
				"source":"4,6"
			}
		],
		"maxvisualband":[
			{
				"value":"G",
				"derived":true,
				"source":"4,6"
			}
		],
		"maxvisualdate":[
			{
				"value":"2017/01/25",
				"derived":true,
				"source":"4,6"
			}
		],
		"ra":[
			{
				"value":"04:14:48.15",
				"u_value":"hours",
				"source":"3"
			},
			{
				"value":"04:14:48.150",
				"u_value":"hours",
				"source":"3,5"
			},
			{
				"value":"04:14:48.072",
				"u_value":"hours",
				"source":"4"
			}
		],
		"redshift":[
			{
				"value":"0.020788",
				"source":"3,5"
			}
		],
		"velocity":[
			{
				"value":"6167.3",
				"u_value":"km/s",
				"source":"6"
			}
		],
		"photometry":[
			{
				"time":"57639.3359954",
				"band":"G",
				"instrument":"Gaia-photometric",
				"magnitude":"21.5",
				"observer":"Robot",
				"telescope":"Gaia",
				"u_time":"MJD",
				"upperlimit":true,
				"source":"3"
			},
			{
				"time":"57728.86",
				"band":"C",
				"magnitude":"19.5",
				"system":"Vega",
				"u_time":"MJD",
				"upperlimit":true,
				"source":"3"
			},
			{
				"time":"57744.85",
				"band":"C",
				"magnitude":"18.2",
				"system":"Vega",
				"u_time":"MJD",
				"source":"3"
			},
			{
				"time":"57778.1409954",
				"band":"G",
				"e_magnitude":"0.2",
				"instrument":"Gaia-photometric",
				"magnitude":"18.79",
				"observer":"Robot",
				"telescope":"Gaia",
				"u_time":"MJD",
				"source":"3"
			},
			{
				"time":"57778.142",
				"band":"G",
				"e_magnitude":"0.0",
				"magnitude":"18.79",
				"telescope":"GAIA",
				"u_time":"MJD",
				"source":"4"
			},
			{
				"time":"57778.216",
				"band":"G",
				"e_magnitude":"0.0",
				"magnitude":"18.76",
				"telescope":"GAIA",
				"u_time":"MJD",
				"source":"4"
			},
			{
				"time":"57798.271",
				"band":"G",
				"e_magnitude":"0.0",
				"magnitude":"18.85",
				"telescope":"GAIA",
				"u_time":"MJD",
				"source":"4"
			}
		]
	}
}