{
	"AT2016izj":{
		"schema":"https://github.com/astrocatalogs/supernovae/blob/a0bc0b9/SCHEMA.md",
		"name":"AT2016izj",
		"sources":[
			{
				"name":"2011ApJ...737..103S",
				"bibcode":"2011ApJ...737..103S",
				"reference":"Schlafly & Finkbeiner (2011)",
				"alias":"1"
			},
			{
				"name":"Transient Name Server",
				"url":"https://wis-tns.weizmann.ac.il/",
				"alias":"2"
			},
			{
				"name":"Gaia Photometric Science Alerts",
				"url":"http://gsaweb.ast.cam.ac.uk/alerts/alertsindex",
				"alias":"3"
			},
			{
				"name":"Latest Supernovae",
				"secondary":true,
				"url":"http://www.rochesterastronomy.org/snimages/snredshiftall.html",
				"alias":"4"
			},
			{
				"name":"The Open Supernova Catalog",
				"bibcode":"2017ApJ...835...64G",
				"reference":"Guillochon et al. (2017)",
				"secondary":true,
				"url":"https://sne.space",
				"alias":"5"
			}
		],
		"alias":[
			{
				"value":"AT2016izj",
				"source":"2,3,4"
			},
			{
				"value":"ATLAS16eag",
				"source":"2,4"
			},
			{
				"value":"Gaia16cei",
				"source":"2,4"
			}
		],
		"claimedtype":[
			{
				"value":"Candidate",
				"source":"5"
			}
		],
		"dec":[
			{
				"value":"+03:28:55.75",
				"u_value":"degrees",
				"source":"2,4"
			},
			{
				"value":"+03:28:55.776",
				"u_value":"degrees",
				"source":"3"
			}
		],
		"discoverdate":[
			{
				"value":"2016/12/22.200995",
				"source":"2"
			}
		],
		"discoverer":[
			{
				"value":"ATLAS",
				"source":"2,4"
			}
		],
		"ebv":[
			{
				"value":"0.0333",
				"derived":true,
				"e_value":"0.0011",
				"source":"1,5"
			}
		],
		"maxappmag":[
			{
				"value":"17.88",
				"derived":true,
				"source":"3,5"
			}
		],
		"maxband":[
			{
				"value":"G",
				"derived":true,
				"source":"3,5"
			}
		],
		"maxdate":[
			{
				"value":"2016/12/20",
				"derived":true,
				"source":"3,5"
			}
		],
		"maxvisualappmag":[
			{
				"value":"17.88",
				"derived":true,
				"source":"3,5"
			}
		],
		"maxvisualband":[
			{
				"value":"G",
				"derived":true,
				"source":"3,5"
			}
		],
		"maxvisualdate":[
			{
				"value":"2016/12/20",
				"derived":true,
				"source":"3,5"
			}
		],
		"ra":[
			{
				"value":"22:10:58.98",
				"u_value":"hours",
				"source":"2"
			},
			{
				"value":"22:10:58.980",
				"u_value":"hours",
				"source":"2,4"
			},
			{
				"value":"22:10:59.04",
				"u_value":"hours",
				"source":"3"
			}
		],
		"photometry":[
			{
				"time":"57711.005",
				"band":"G",
				"instrument":"Gaia-photometric",
				"magnitude":"21.5",
				"observer":"Robot",
				"telescope":"Gaia",
				"u_time":"MJD",
				"upperlimit":true,
				"source":"2"
			},
			{
				"time":"57736.2069907",
				"band":"orange",
				"instrument":"ACAM1",
				"magnitude":"18.44",
				"observer":"Robot",
				"telescope":"ATLAS1",
				"u_time":"MJD",
				"upperlimit":true,
				"source":"2"
			},
			{
				"time":"57742.6609954",
				"band":"G",
				"e_magnitude":"0.2",
				"instrument":"Gaia-photometric",
				"magnitude":"17.88",
				"observer":"Robot",
				"telescope":"Gaia",
				"u_time":"MJD",
				"source":"2"
			},
			{
				"time":"57742.662",
				"band":"G",
				"e_magnitude":"0.0",
				"magnitude":"17.88",
				"telescope":"GAIA",
				"u_time":"MJD",
				"source":"3"
			},
			{
				"time":"57742.736",
				"band":"G",
				"e_magnitude":"0.0",
				"magnitude":"17.92",
				"telescope":"GAIA",
				"u_time":"MJD",
				"source":"3"
			},
			{
				"time":"57744.2009954",
				"band":"cyan",
				"e_magnitude":"0.11",
				"instrument":"ACAM1",
				"magnitude":"17.96",
				"observer":"Robot",
				"telescope":"ATLAS1",
				"u_time":"MJD",
				"source":"2"
			},
			{
				"time":"57760.164",
				"band":"G",
				"e_magnitude":"0.0",
				"magnitude":"18.17",
				"telescope":"GAIA",
				"u_time":"MJD",
				"source":"3"
			},
			{
				"time":"57760.238",
				"band":"G",
				"e_magnitude":"0.0",
				"magnitude":"18.17",
				"telescope":"GAIA",
				"u_time":"MJD",
				"source":"3"
			}
		]
	}
}