{
	"AT2016jad":{
		"schema":"https://github.com/astrocatalogs/supernovae/blob/a0bc0b9/SCHEMA.md",
		"name":"AT2016jad",
		"sources":[
			{
				"name":"2016A&A...594A..13P",
				"bibcode":"2016A&A...594A..13P",
				"reference":"Planck Collaboration et al. (2016)",
				"alias":"1"
			},
			{
				"name":"2011ApJ...737..103S",
				"bibcode":"2011ApJ...737..103S",
				"reference":"Schlafly & Finkbeiner (2011)",
				"alias":"2"
			},
			{
				"name":"Transient Name Server",
				"url":"https://wis-tns.weizmann.ac.il/",
				"alias":"3"
			},
			{
				"name":"Latest Supernovae",
				"secondary":true,
				"url":"http://www.rochesterastronomy.org/snimages/snredshiftall.html",
				"alias":"4"
			},
			{
				"name":"The Open Supernova Catalog",
				"bibcode":"2017ApJ...835...64G",
				"reference":"Guillochon et al. (2017)",
				"secondary":true,
				"url":"https://sne.space",
				"alias":"5"
			}
		],
		"alias":[
			{
				"value":"AT2016jad",
				"source":"3,4"
			},
			{
				"value":"ATLAS16ebd",
				"source":"3,4"
			}
		],
		"claimedtype":[
			{
				"value":"Candidate",
				"source":"5"
			}
		],
		"comovingdist":[
			{
				"value":"237.56",
				"derived":true,
				"u_value":"Mpc",
				"source":"1,3,4,5"
			}
		],
		"dec":[
			{
				"value":"-05:51:28.60",
				"u_value":"degrees",
				"source":"3,4"
			}
		],
		"discoverdate":[
			{
				"value":"2016/12/14.325995",
				"source":"3"
			}
		],
		"discoverer":[
			{
				"value":"ATLAS",
				"source":"3,4"
			}
		],
		"ebv":[
			{
				"value":"0.0877",
				"derived":true,
				"e_value":"0.0053",
				"source":"2,5"
			}
		],
		"lumdist":[
			{
				"value":"250.479",
				"derived":true,
				"u_value":"Mpc",
				"source":"1,3,4,5"
			}
		],
		"maxabsmag":[
			{
				"value":"-18.9964",
				"derived":true,
				"source":"1,3,4,5"
			}
		],
		"maxappmag":[
			{
				"value":"17.94",
				"derived":true,
				"source":"3,5"
			}
		],
		"maxband":[
			{
				"value":"orange",
				"derived":true,
				"source":"3,5"
			}
		],
		"maxdate":[
			{
				"value":"2016/12/14",
				"derived":true,
				"source":"3,5"
			}
		],
		"maxvisualabsmag":[
			{
				"value":"-19.0539",
				"derived":true,
				"source":"1,3,4,5"
			}
		],
		"maxvisualappmag":[
			{
				"value":"17.94",
				"derived":true,
				"source":"3,5"
			}
		],
		"maxvisualband":[
			{
				"value":"orange",
				"derived":true,
				"source":"3,5"
			}
		],
		"maxvisualdate":[
			{
				"value":"2016/12/14",
				"derived":true,
				"source":"3,5"
			}
		],
		"ra":[
			{
				"value":"01:13:45.33",
				"u_value":"hours",
				"source":"3"
			},
			{
				"value":"01:13:45.330",
				"u_value":"hours",
				"source":"3,4"
			}
		],
		"redshift":[
			{
				"value":"0.054371",
				"source":"3,4"
			}
		],
		"velocity":[
			{
				"value":"15858",
				"u_value":"km/s",
				"source":"5"
			}
		],
		"photometry":[
			{
				"time":"57716.4119907",
				"band":"cyan",
				"instrument":"ACAM1",
				"magnitude":"19.41",
				"observer":"Robot",
				"telescope":"ATLAS1",
				"u_time":"MJD",
				"upperlimit":true,
				"source":"3"
			},
			{
				"time":"57736.3259954",
				"band":"orange",
				"e_magnitude":"0.15",
				"instrument":"ACAM1",
				"magnitude":"17.94",
				"observer":"Robot",
				"telescope":"ATLAS1",
				"u_time":"MJD",
				"source":"3"
			}
		]
	}
}