{
	"AT2016ayl":{
		"schema":"https://github.com/astrocatalogs/supernovae/blob/a0bc0b9/SCHEMA.md",
		"name":"AT2016ayl",
		"sources":[
			{
				"name":"ATel 8805",
				"bibcode":"2016ATel.8805....1T",
				"reference":"Tonry et al. (2016)",
				"url":"http://www.astronomerstelegram.org/?read=8805",
				"alias":"1"
			},
			{
				"name":"2011ApJ...737..103S",
				"bibcode":"2011ApJ...737..103S",
				"reference":"Schlafly & Finkbeiner (2011)",
				"alias":"2"
			},
			{
				"name":"Transient Name Server",
				"url":"https://wis-tns.weizmann.ac.il/",
				"alias":"3"
			},
			{
				"name":"Gaia Photometric Science Alerts",
				"url":"http://gsaweb.ast.cam.ac.uk/alerts/alertsindex",
				"alias":"4"
			},
			{
				"name":"Latest Supernovae",
				"secondary":true,
				"url":"http://www.rochesterastronomy.org/snimages/snredshiftall.html",
				"alias":"5"
			},
			{
				"name":"The Open Supernova Catalog",
				"bibcode":"2017ApJ...835...64G",
				"reference":"Guillochon et al. (2017)",
				"secondary":true,
				"url":"https://sne.space",
				"alias":"6"
			}
		],
		"alias":[
			{
				"value":"AT2016ayl",
				"source":"1,3,4,5"
			},
			{
				"value":"ATLAS16acu",
				"source":"1,3,5"
			},
			{
				"value":"Gaia16aic",
				"source":"1,5"
			}
		],
		"claimedtype":[
			{
				"value":"Candidate",
				"source":"4"
			}
		],
		"dec":[
			{
				"value":"+55:21:58.00",
				"u_value":"degrees",
				"source":"3"
			},
			{
				"value":"+55:21:58.0",
				"u_value":"degrees",
				"source":"1,5"
			},
			{
				"value":"+55:21:57.96",
				"u_value":"degrees",
				"source":"4"
			}
		],
		"discoverdate":[
			{
				"value":"2016/03/01.3",
				"source":"3"
			}
		],
		"discoverer":[
			{
				"value":"ATLAS",
				"source":"1,3,5"
			}
		],
		"ebv":[
			{
				"value":"0.5555",
				"derived":true,
				"e_value":"0.0106",
				"source":"2,6"
			}
		],
		"maxappmag":[
			{
				"value":"17.13",
				"derived":true,
				"source":"3,6"
			}
		],
		"maxband":[
			{
				"value":"cyan",
				"derived":true,
				"source":"3,6"
			}
		],
		"maxdate":[
			{
				"value":"2016/03/01",
				"derived":true,
				"source":"3,6"
			}
		],
		"maxvisualappmag":[
			{
				"value":"18.55",
				"derived":true,
				"source":"4,6"
			}
		],
		"maxvisualband":[
			{
				"value":"G",
				"derived":true,
				"source":"4,6"
			}
		],
		"maxvisualdate":[
			{
				"value":"2016/03/11",
				"derived":true,
				"source":"4,6"
			}
		],
		"ra":[
			{
				"value":"05:14:00.66",
				"u_value":"hours",
				"source":"1,3,5"
			},
			{
				"value":"05:14:00.672",
				"u_value":"hours",
				"source":"4"
			}
		],
		"photometry":[
			{
				"time":"57420.1139931",
				"band":"G",
				"instrument":"Gaia-photometric",
				"magnitude":"21.5",
				"observer":"Robot",
				"telescope":"Gaia",
				"u_time":"MJD",
				"upperlimit":true,
				"source":"3"
			},
			{
				"time":"57448.3",
				"band":"cyan",
				"instrument":"ACAM1",
				"magnitude":"17.13",
				"telescope":"ATLAS1",
				"u_time":"MJD",
				"source":"3"
			},
			{
				"time":"57458.08",
				"band":"G",
				"e_magnitude":"0.2",
				"instrument":"Gaia-photometric",
				"magnitude":"18.55",
				"observer":"Robot",
				"telescope":"Gaia",
				"u_time":"MJD",
				"source":"3"
			},
			{
				"time":"57458.081",
				"band":"G",
				"e_magnitude":"0.0",
				"magnitude":"18.55",
				"telescope":"GAIA",
				"u_time":"MJD",
				"source":"4"
			},
			{
				"time":"57458.155",
				"band":"G",
				"e_magnitude":"0.0",
				"magnitude":"18.55",
				"telescope":"GAIA",
				"u_time":"MJD",
				"source":"4"
			}
		]
	}
}