{
	"AT2016evd":{
		"schema":"https://github.com/astrocatalogs/supernovae/blob/a0bc0b9/SCHEMA.md",
		"name":"AT2016evd",
		"sources":[
			{
				"name":"2011ApJ...737..103S",
				"bibcode":"2011ApJ...737..103S",
				"reference":"Schlafly & Finkbeiner (2011)",
				"alias":"1"
			},
			{
				"name":"Transient Name Server",
				"url":"https://wis-tns.weizmann.ac.il/",
				"alias":"2"
			},
			{
				"name":"Latest Supernovae",
				"secondary":true,
				"url":"http://www.rochesterastronomy.org/snimages/snredshiftall.html",
				"alias":"3"
			},
			{
				"name":"The Open Supernova Catalog",
				"bibcode":"2017ApJ...835...64G",
				"reference":"Guillochon et al. (2017)",
				"secondary":true,
				"url":"https://sne.space",
				"alias":"4"
			}
		],
		"alias":[
			{
				"value":"AT2016evd",
				"source":"2,3"
			}
		],
		"claimedtype":[
			{
				"value":"Candidate",
				"source":"4"
			}
		],
		"dec":[
			{
				"value":"+22:24:44.00",
				"u_value":"degrees",
				"source":"2,3"
			}
		],
		"discoverdate":[
			{
				"value":"2016/08/09.613507",
				"source":"2"
			}
		],
		"discoverer":[
			{
				"value":"Shunsuke Nagata",
				"source":"2,3"
			}
		],
		"ebv":[
			{
				"value":"0.0332",
				"derived":true,
				"e_value":"0.0015",
				"source":"1,4"
			}
		],
		"maxappmag":[
			{
				"value":"16.8",
				"derived":true,
				"source":"2,4"
			}
		],
		"maxband":[
			{
				"value":"V",
				"derived":true,
				"source":"2,4"
			}
		],
		"maxdate":[
			{
				"value":"2016/08/09",
				"derived":true,
				"source":"2,4"
			}
		],
		"maxvisualappmag":[
			{
				"value":"16.8",
				"derived":true,
				"source":"2,4"
			}
		],
		"maxvisualband":[
			{
				"value":"V",
				"derived":true,
				"source":"2,4"
			}
		],
		"maxvisualdate":[
			{
				"value":"2016/08/09",
				"derived":true,
				"source":"2,4"
			}
		],
		"ra":[
			{
				"value":"22:28:27.70",
				"u_value":"hours",
				"source":"2"
			},
			{
				"value":"22:28:27.700",
				"u_value":"hours",
				"source":"2,3"
			}
		],
		"photometry":[
			{
				"time":"57609.1135069",
				"band":"V",
				"magnitude":"16.8",
				"observer":"Shunsuke Nagata",
				"system":"Vega",
				"u_time":"MJD",
				"source":"2"
			}
		]
	}
}