{
	"AT2016bmg":{
		"schema":"https://github.com/astrocatalogs/supernovae/blob/a0bc0b9/SCHEMA.md",
		"name":"AT2016bmg",
		"sources":[
			{
				"name":"ATel 9543",
				"bibcode":"2016ATel.9543....1W",
				"reference":"Wyrzykowski et al. (2016)",
				"url":"http://www.astronomerstelegram.org/?read=9543",
				"alias":"1"
			},
			{
				"name":"2016A&A...594A..13P",
				"bibcode":"2016A&A...594A..13P",
				"reference":"Planck Collaboration et al. (2016)",
				"alias":"2"
			},
			{
				"name":"2011ApJ...737..103S",
				"bibcode":"2011ApJ...737..103S",
				"reference":"Schlafly & Finkbeiner (2011)",
				"alias":"3"
			},
			{
				"name":"Transient Name Server",
				"url":"https://wis-tns.weizmann.ac.il/",
				"alias":"4"
			},
			{
				"name":"OGLE-IV Transient Detection System",
				"url":"http://ogle.astrouw.edu.pl/ogle4/transients/transients.html",
				"alias":"5"
			},
			{
				"name":"Latest Supernovae",
				"secondary":true,
				"url":"http://www.rochesterastronomy.org/snimages/snredshiftall.html",
				"alias":"6"
			},
			{
				"name":"The Open Supernova Catalog",
				"bibcode":"2017ApJ...835...64G",
				"reference":"Guillochon et al. (2017)",
				"secondary":true,
				"url":"https://sne.space",
				"alias":"7"
			}
		],
		"alias":[
			{
				"value":"AT2016bmg",
				"source":"4,5,6"
			},
			{
				"value":"OGLE16cpe",
				"source":"4,6"
			}
		],
		"claimedtype":[
			{
				"value":"Candidate",
				"source":"1,5"
			}
		],
		"comovingdist":[
			{
				"value":"62.11",
				"derived":true,
				"u_value":"Mpc",
				"source":"2,4,6,7"
			}
		],
		"dec":[
			{
				"value":"-78:35:59.80",
				"u_value":"degrees",
				"source":"4"
			},
			{
				"value":"-78:35:59.8",
				"u_value":"degrees",
				"source":"4,6"
			}
		],
		"discoverdate":[
			{
				"value":"2016/04/13.69338",
				"source":"4"
			}
		],
		"discoverer":[
			{
				"value":"BOSS",
				"source":"4"
			},
			{
				"value":"Stu Parker",
				"source":"4,6"
			}
		],
		"ebv":[
			{
				"value":"0.0616",
				"derived":true,
				"e_value":"0.0011",
				"source":"3,7"
			}
		],
		"host":[
			{
				"value":"ESO -013-G02",
				"source":"4"
			},
			{
				"value":"ESO 13-G2",
				"source":"4,6"
			}
		],
		"lumdist":[
			{
				"value":"62.984",
				"derived":true,
				"u_value":"Mpc",
				"source":"2,4,6,7"
			}
		],
		"maxabsmag":[
			{
				"value":"-16.981",
				"derived":true,
				"source":"2,4,6,7"
			}
		],
		"maxappmag":[
			{
				"value":"17",
				"derived":true,
				"source":"4,6,7"
			}
		],
		"maxdate":[
			{
				"value":"2016/04/18",
				"derived":true,
				"source":"4,6,7"
			}
		],
		"maxvisualabsmag":[
			{
				"value":"-16.996",
				"derived":true,
				"source":"2,4,6,7"
			}
		],
		"maxvisualappmag":[
			{
				"value":"17",
				"derived":true,
				"source":"4,6,7"
			}
		],
		"maxvisualdate":[
			{
				"value":"2016/04/18",
				"derived":true,
				"source":"4,6,7"
			}
		],
		"ra":[
			{
				"value":"00:48:06.58",
				"u_value":"hours",
				"source":"4,6"
			}
		],
		"redshift":[
			{
				"value":"0.01408",
				"source":"4,6"
			}
		],
		"velocity":[
			{
				"value":"4191",
				"u_value":"km/s",
				"source":"7"
			}
		],
		"photometry":[
			{
				"time":"57496.5",
				"magnitude":"17.0",
				"u_time":"MJD",
				"source":"4,6"
			},
			{
				"time":"57595.34704",
				"band":"I",
				"e_magnitude":"0.065",
				"magnitude":"19.471",
				"system":"Vega",
				"u_time":"MJD",
				"source":"1,5"
			},
			{
				"time":"57606.33934",
				"band":"I",
				"e_magnitude":"0.070",
				"magnitude":"19.590",
				"system":"Vega",
				"u_time":"MJD",
				"source":"1,5"
			},
			{
				"time":"57616.30281",
				"band":"I",
				"e_magnitude":"0.052",
				"magnitude":"19.492",
				"system":"Vega",
				"u_time":"MJD",
				"source":"1,5"
			},
			{
				"time":"57622.28362",
				"band":"I",
				"e_magnitude":"0.061",
				"magnitude":"19.800",
				"system":"Vega",
				"u_time":"MJD",
				"source":"1,5"
			},
			{
				"time":"57643.23259",
				"band":"I",
				"e_magnitude":"0.110",
				"magnitude":"20.028",
				"system":"Vega",
				"u_time":"MJD",
				"source":"1,5"
			},
			{
				"time":"57650.19756",
				"band":"I",
				"e_magnitude":"0.075",
				"magnitude":"19.849",
				"system":"Vega",
				"u_time":"MJD",
				"source":"1,5"
			},
			{
				"time":"57664.16560",
				"band":"I",
				"e_magnitude":"0.138",
				"magnitude":"20.328",
				"system":"Vega",
				"u_time":"MJD",
				"source":"1,5"
			},
			{
				"time":"57683.09878",
				"band":"I",
				"e_magnitude":"0.128",
				"magnitude":"20.225",
				"system":"Vega",
				"u_time":"MJD",
				"source":"1,5"
			},
			{
				"time":"57698.05881",
				"band":"I",
				"e_magnitude":"0.124",
				"magnitude":"20.534",
				"system":"Vega",
				"u_time":"MJD",
				"source":"1,5"
			},
			{
				"time":"57764.05005",
				"band":"I",
				"e_magnitude":"0.487",
				"magnitude":"21.440",
				"system":"Vega",
				"u_time":"MJD",
				"source":"1,5"
			}
		]
	}
}