{
	"AT2016gva":{
		"schema":"https://github.com/astrocatalogs/supernovae/blob/a0bc0b9/SCHEMA.md",
		"name":"AT2016gva",
		"sources":[
			{
				"name":"2011ApJ...737..103S",
				"bibcode":"2011ApJ...737..103S",
				"reference":"Schlafly & Finkbeiner (2011)",
				"alias":"1"
			},
			{
				"name":"Transient Name Server",
				"url":"https://wis-tns.weizmann.ac.il/",
				"alias":"2"
			},
			{
				"name":"Pan-STARRS 3Pi",
				"url":"http://star.pst.qub.ac.uk/ps1threepi/psdb/public/",
				"alias":"3"
			},
			{
				"name":"Latest Supernovae",
				"secondary":true,
				"url":"http://www.rochesterastronomy.org/snimages/snredshiftall.html",
				"alias":"4"
			},
			{
				"name":"The Open Supernova Catalog",
				"bibcode":"2017ApJ...835...64G",
				"reference":"Guillochon et al. (2017)",
				"secondary":true,
				"url":"https://sne.space",
				"alias":"5"
			}
		],
		"alias":[
			{
				"value":"AT2016gva",
				"source":"2,3,4"
			},
			{
				"value":"PS16ema",
				"source":"2,3,4"
			}
		],
		"claimedtype":[
			{
				"value":"Candidate",
				"source":"5"
			}
		],
		"dec":[
			{
				"value":"+02:32:34.68",
				"u_value":"degrees",
				"source":"2,3,4"
			},
			{
				"value":"+02:32:34.6",
				"u_value":"degrees",
				"source":"3"
			}
		],
		"discoverdate":[
			{
				"value":"2016/09/30.482998",
				"source":"2"
			}
		],
		"discoverer":[
			{
				"value":"Pan-STARRS1",
				"source":"2"
			},
			{
				"value":"PTF",
				"source":"3,4"
			}
		],
		"ebv":[
			{
				"value":"0.0334",
				"derived":true,
				"e_value":"0.001",
				"source":"1,5"
			}
		],
		"host":[
			{
				"value":"2MASX J01361914+0232415",
				"source":"3"
			}
		],
		"hostdec":[
			{
				"value":"+02:32:41.5",
				"derived":true,
				"u_value":"degrees",
				"source":"5"
			}
		],
		"hostoffsetang":[
			{
				"value":"8.087",
				"derived":true,
				"u_value":"arcseconds",
				"source":"2,3,4,5"
			}
		],
		"hostra":[
			{
				"value":"01:36:19.14",
				"derived":true,
				"u_value":"hours",
				"source":"5"
			}
		],
		"maxappmag":[
			{
				"value":"20.94",
				"derived":true,
				"source":"3,5"
			}
		],
		"maxband":[
			{
				"value":"w",
				"derived":true,
				"source":"3,5"
			}
		],
		"maxdate":[
			{
				"value":"2016/09/30",
				"derived":true,
				"source":"3,5"
			}
		],
		"maxvisualappmag":[
			{
				"value":"20.94",
				"derived":true,
				"source":"3,5"
			}
		],
		"maxvisualband":[
			{
				"value":"w",
				"derived":true,
				"source":"3,5"
			}
		],
		"maxvisualdate":[
			{
				"value":"2016/09/30",
				"derived":true,
				"source":"3,5"
			}
		],
		"ra":[
			{
				"value":"01:36:19.43",
				"u_value":"hours",
				"source":"2,3"
			},
			{
				"value":"01:36:19.430",
				"u_value":"hours",
				"source":"3,4"
			}
		],
		"photometry":[
			{
				"time":"57661.4826540491",
				"band":"w",
				"e_magnitude":"0.168379",
				"instrument":"GPC",
				"magnitude":"20.9394",
				"telescope":"Pan-STARRS1",
				"u_time":"MJD",
				"source":"3"
			},
			{
				"time":"57661.4829977",
				"band":"w",
				"e_magnitude":"0.17",
				"instrument":"GPC1",
				"magnitude":"20.94",
				"observer":"Robot",
				"telescope":"PS1",
				"u_time":"MJD",
				"source":"2"
			},
			{
				"time":"57661.5051739747",
				"band":"w",
				"e_magnitude":"0.180116",
				"instrument":"GPC",
				"magnitude":"21.327",
				"telescope":"Pan-STARRS1",
				"u_time":"MJD",
				"source":"3"
			}
		]
	}
}