{
	"AT2016gta":{
		"schema":"https://github.com/astrocatalogs/supernovae/blob/a0bc0b9/SCHEMA.md",
		"name":"AT2016gta",
		"sources":[
			{
				"name":"2011ApJ...737..103S",
				"bibcode":"2011ApJ...737..103S",
				"reference":"Schlafly & Finkbeiner (2011)",
				"alias":"1"
			},
			{
				"name":"Transient Name Server",
				"url":"https://wis-tns.weizmann.ac.il/",
				"alias":"2"
			},
			{
				"name":"Latest Supernovae",
				"secondary":true,
				"url":"http://www.rochesterastronomy.org/snimages/snredshiftall.html",
				"alias":"3"
			},
			{
				"name":"The Open Supernova Catalog",
				"bibcode":"2017ApJ...835...64G",
				"reference":"Guillochon et al. (2017)",
				"secondary":true,
				"url":"https://sne.space",
				"alias":"4"
			}
		],
		"alias":[
			{
				"value":"AT2016gta",
				"source":"2,3,4"
			},
			{
				"value":"CSS161011:011715+065753",
				"source":"2,3,4"
			},
			{
				"value":"ATLAS16djf",
				"source":"2,3"
			}
		],
		"claimedtype":[
			{
				"value":"Candidate",
				"source":"4"
			}
		],
		"dec":[
			{
				"value":"+06:57:52.67",
				"u_value":"degrees",
				"source":"2,3"
			}
		],
		"discoverdate":[
			{
				"value":"2016/10/09.438993",
				"source":"2"
			}
		],
		"discoverer":[
			{
				"value":"ATLAS",
				"source":"2"
			},
			{
				"value":"ASAS-SN",
				"source":"2,3"
			}
		],
		"ebv":[
			{
				"value":"0.0388",
				"derived":true,
				"e_value":"0.0012",
				"source":"1,4"
			}
		],
		"maxappmag":[
			{
				"value":"17.1",
				"derived":true,
				"source":"2,3,4"
			}
		],
		"maxdate":[
			{
				"value":"2016/10/10",
				"derived":true,
				"source":"2,3,4"
			}
		],
		"maxvisualappmag":[
			{
				"value":"18.5",
				"derived":true,
				"source":"2,4"
			}
		],
		"maxvisualband":[
			{
				"value":"g",
				"derived":true,
				"source":"2,4"
			}
		],
		"maxvisualdate":[
			{
				"value":"2016/09/30",
				"derived":true,
				"source":"2,4"
			}
		],
		"ra":[
			{
				"value":"01:17:15.37",
				"u_value":"hours",
				"source":"2"
			},
			{
				"value":"01:17:15.370",
				"u_value":"hours",
				"source":"2,3"
			}
		],
		"photometry":[
			{
				"time":"54832.5",
				"band":"R",
				"instrument":"CFH12k",
				"magnitude":"21.5",
				"observer":"iPTF",
				"telescope":"P48",
				"u_time":"MJD",
				"upperlimit":true,
				"source":"2"
			},
			{
				"time":"57650.0509954",
				"band":"orange",
				"instrument":"ACAM1",
				"magnitude":"17.99",
				"observer":"Robot",
				"telescope":"ATLAS1",
				"u_time":"MJD",
				"upperlimit":true,
				"source":"2"
			},
			{
				"time":"57661.4279977",
				"band":"g",
				"instrument":"CFH12k",
				"magnitude":"18.5",
				"observer":"iPTF",
				"telescope":"P48",
				"u_time":"MJD",
				"source":"2"
			},
			{
				"time":"57670.4389931",
				"band":"orange",
				"e_magnitude":"0.13",
				"instrument":"ACAM1",
				"magnitude":"18.05",
				"observer":"Robot",
				"telescope":"ATLAS1",
				"u_time":"MJD",
				"source":"2"
			},
			{
				"time":"57671.5",
				"magnitude":"17.1",
				"u_time":"MJD",
				"source":"2,3"
			}
		]
	}
}