{
	"AT2016gfw":{
		"schema":"https://github.com/astrocatalogs/supernovae/blob/a0bc0b9/SCHEMA.md",
		"name":"AT2016gfw",
		"sources":[
			{
				"name":"ATel 9493",
				"bibcode":"2016ATel.9493....1T",
				"reference":"Tonry et al. (2016)",
				"url":"http://www.astronomerstelegram.org/?read=9493",
				"alias":"1"
			},
			{
				"name":"2016A&A...594A..13P",
				"bibcode":"2016A&A...594A..13P",
				"reference":"Planck Collaboration et al. (2016)",
				"alias":"2"
			},
			{
				"name":"2011ApJ...737..103S",
				"bibcode":"2011ApJ...737..103S",
				"reference":"Schlafly & Finkbeiner (2011)",
				"alias":"3"
			},
			{
				"name":"Transient Name Server",
				"url":"https://wis-tns.weizmann.ac.il/",
				"alias":"4"
			},
			{
				"name":"Latest Supernovae",
				"secondary":true,
				"url":"http://www.rochesterastronomy.org/snimages/snredshiftall.html",
				"alias":"5"
			},
			{
				"name":"The Open Supernova Catalog",
				"bibcode":"2017ApJ...835...64G",
				"reference":"Guillochon et al. (2017)",
				"secondary":true,
				"url":"https://sne.space",
				"alias":"6"
			}
		],
		"alias":[
			{
				"value":"AT2016gfw",
				"source":"1,4,5"
			},
			{
				"value":"ATLAS16cru",
				"source":"1,4,5"
			}
		],
		"claimedtype":[
			{
				"value":"Candidate",
				"source":"6"
			}
		],
		"comovingdist":[
			{
				"value":"229",
				"derived":true,
				"u_value":"Mpc",
				"source":"1,2,5,6"
			}
		],
		"dec":[
			{
				"value":"-18:31:01.81",
				"u_value":"degrees",
				"source":"1,4,5"
			}
		],
		"discoverdate":[
			{
				"value":"2016/09/08.606991",
				"source":"4"
			}
		],
		"discoverer":[
			{
				"value":"ATLAS",
				"source":"1,4,5"
			}
		],
		"ebv":[
			{
				"value":"0.0265",
				"derived":true,
				"e_value":"0.0008",
				"source":"3,6"
			}
		],
		"lumdist":[
			{
				"value":"240.6",
				"derived":true,
				"u_value":"Mpc",
				"source":"1,2,5,6"
			}
		],
		"maxabsmag":[
			{
				"value":"-18.89",
				"derived":true,
				"source":"1,2,5,6"
			}
		],
		"maxappmag":[
			{
				"value":"17.96",
				"derived":true,
				"source":"4,6"
			}
		],
		"maxband":[
			{
				"value":"cyan",
				"derived":true,
				"source":"4,6"
			}
		],
		"maxdate":[
			{
				"value":"2016/09/08",
				"derived":true,
				"source":"4,6"
			}
		],
		"maxvisualabsmag":[
			{
				"value":"-18.95",
				"derived":true,
				"source":"1,2,5,6"
			}
		],
		"maxvisualappmag":[
			{
				"value":"17.96",
				"derived":true,
				"source":"4,6"
			}
		],
		"maxvisualband":[
			{
				"value":"cyan",
				"derived":true,
				"source":"4,6"
			}
		],
		"maxvisualdate":[
			{
				"value":"2016/09/08",
				"derived":true,
				"source":"4,6"
			}
		],
		"ra":[
			{
				"value":"03:13:50.81",
				"u_value":"hours",
				"source":"4"
			},
			{
				"value":"03:13:50.810",
				"u_value":"hours",
				"source":"1,5"
			}
		],
		"redshift":[
			{
				"value":"0.0523",
				"source":"1,5"
			}
		],
		"velocity":[
			{
				"value":"15300",
				"u_value":"km/s",
				"source":"6"
			}
		],
		"photometry":[
			{
				"time":"57608.1169907",
				"band":"cyan",
				"instrument":"ACAM1",
				"magnitude":"19.68",
				"observer":"Robot",
				"telescope":"ATLAS1",
				"u_time":"MJD",
				"upperlimit":true,
				"source":"4"
			},
			{
				"time":"57639.1069907",
				"band":"cyan",
				"e_magnitude":"0.06",
				"instrument":"ACAM1",
				"magnitude":"17.96",
				"observer":"Robot",
				"telescope":"ATLAS1",
				"u_time":"MJD",
				"source":"4"
			}
		]
	}
}