{
	"AT2016iux":{
		"schema":"https://github.com/astrocatalogs/supernovae/blob/a0bc0b9/SCHEMA.md",
		"name":"AT2016iux",
		"sources":[
			{
				"name":"2016A&A...594A..13P",
				"bibcode":"2016A&A...594A..13P",
				"reference":"Planck Collaboration et al. (2016)",
				"alias":"1"
			},
			{
				"name":"2011ApJ...737..103S",
				"bibcode":"2011ApJ...737..103S",
				"reference":"Schlafly & Finkbeiner (2011)",
				"alias":"2"
			},
			{
				"name":"Transient Name Server",
				"url":"https://wis-tns.weizmann.ac.il/",
				"alias":"3"
			},
			{
				"name":"Latest Supernovae",
				"secondary":true,
				"url":"http://www.rochesterastronomy.org/snimages/snredshiftall.html",
				"alias":"4"
			},
			{
				"name":"The Open Supernova Catalog",
				"bibcode":"2017ApJ...835...64G",
				"reference":"Guillochon et al. (2017)",
				"secondary":true,
				"url":"https://sne.space",
				"alias":"5"
			}
		],
		"alias":[
			{
				"value":"AT2016iux",
				"source":"3,4"
			},
			{
				"value":"SMT16apai",
				"source":"3,4"
			}
		],
		"claimedtype":[
			{
				"value":"Candidate",
				"source":"5"
			}
		],
		"comovingdist":[
			{
				"value":"299.17",
				"derived":true,
				"u_value":"Mpc",
				"source":"1,3,5"
			}
		],
		"dec":[
			{
				"value":"-23:15:02.66",
				"u_value":"degrees",
				"source":"3,4"
			}
		],
		"discoverdate":[
			{
				"value":"2016/12/02.698565",
				"source":"3"
			}
		],
		"discoverer":[
			{
				"value":"SkyMapper",
				"source":"3,4"
			}
		],
		"ebv":[
			{
				"value":"0.0203",
				"derived":true,
				"e_value":"0.0012",
				"source":"2,5"
			}
		],
		"host":[
			{
				"value":"GALEXASC J030930.73-231459.2",
				"source":"3"
			}
		],
		"hostcomovingdist":[
			{
				"value":"299.17",
				"derived":true,
				"source":"1,3,5"
			}
		],
		"hostdec":[
			{
				"value":"-23:14:59.2",
				"derived":true,
				"u_value":"degrees",
				"source":"5"
			}
		],
		"hostlumdist":[
			{
				"value":"319.728",
				"derived":true,
				"source":"1,3,5"
			}
		],
		"hostoffsetang":[
			{
				"value":"10.38",
				"derived":true,
				"u_value":"arcseconds",
				"source":"3,4,5"
			}
		],
		"hostoffsetdist":[
			{
				"value":"14.09",
				"source":"1,3,4,5"
			}
		],
		"hostra":[
			{
				"value":"03:09:30.73",
				"derived":true,
				"u_value":"hours",
				"source":"5"
			}
		],
		"hostredshift":[
			{
				"value":"0.068708",
				"source":"3"
			}
		],
		"hostvelocity":[
			{
				"value":"19892",
				"source":"5"
			}
		],
		"lumdist":[
			{
				"value":"319.728",
				"derived":true,
				"u_value":"Mpc",
				"source":"1,3,5"
			}
		],
		"maxabsmag":[
			{
				"value":"-18.4318",
				"derived":true,
				"source":"1,3,5"
			}
		],
		"maxappmag":[
			{
				"value":"19.02",
				"derived":true,
				"source":"3,5"
			}
		],
		"maxband":[
			{
				"value":"g-SM",
				"derived":true,
				"source":"3,5"
			}
		],
		"maxdate":[
			{
				"value":"2016/12/02",
				"derived":true,
				"source":"3,5"
			}
		],
		"maxvisualabsmag":[
			{
				"value":"-18.5039",
				"derived":true,
				"source":"1,3,5"
			}
		],
		"maxvisualappmag":[
			{
				"value":"19.02",
				"derived":true,
				"source":"3,5"
			}
		],
		"maxvisualband":[
			{
				"value":"g-SM",
				"derived":true,
				"source":"3,5"
			}
		],
		"maxvisualdate":[
			{
				"value":"2016/12/02",
				"derived":true,
				"source":"3,5"
			}
		],
		"ra":[
			{
				"value":"03:09:30.02",
				"u_value":"hours",
				"source":"3"
			},
			{
				"value":"03:09:30.020",
				"u_value":"hours",
				"source":"3,4"
			}
		],
		"redshift":[
			{
				"value":"0.068708",
				"kind":"host",
				"source":"3"
			},
			{
				"value":"0.068708",
				"source":"3,4"
			}
		],
		"velocity":[
			{
				"value":"19892",
				"u_value":"km/s",
				"source":"5"
			}
		],
		"photometry":[
			{
				"time":"56711.4356366",
				"band":"g-SM",
				"instrument":"SM-WFCam",
				"magnitude":"20.23",
				"telescope":"SkyMapper 1.35m",
				"u_time":"MJD",
				"upperlimit":true,
				"source":"3"
			},
			{
				"time":"57724.1985648",
				"band":"g-SM",
				"e_magnitude":"0.33",
				"instrument":"SM-WFCam",
				"magnitude":"19.02",
				"telescope":"SkyMapper 1.35m",
				"u_time":"MJD",
				"source":"3"
			}
		]
	}
}