{
	"AT2016enn":{
		"schema":"https://github.com/astrocatalogs/supernovae/blob/a0bc0b9/SCHEMA.md",
		"name":"AT2016enn",
		"sources":[
			{
				"name":"ATel 9318",
				"bibcode":"2016ATel.9318....1T",
				"reference":"Tonry et al. (2016)",
				"url":"http://www.astronomerstelegram.org/?read=9318",
				"alias":"1"
			},
			{
				"name":"2016A&A...594A..13P",
				"bibcode":"2016A&A...594A..13P",
				"reference":"Planck Collaboration et al. (2016)",
				"alias":"2"
			},
			{
				"name":"2011ApJ...737..103S",
				"bibcode":"2011ApJ...737..103S",
				"reference":"Schlafly & Finkbeiner (2011)",
				"alias":"3"
			},
			{
				"name":"Transient Name Server",
				"url":"https://wis-tns.weizmann.ac.il/",
				"alias":"4"
			},
			{
				"name":"Pan-STARRS 3Pi",
				"url":"http://psweb.mp.qub.ac.uk/ps1threepi/psdb/",
				"alias":"5"
			},
			{
				"name":"Latest Supernovae",
				"secondary":true,
				"url":"http://www.rochesterastronomy.org/snimages/snredshiftall.html",
				"alias":"6"
			},
			{
				"name":"The Open Supernova Catalog",
				"bibcode":"2017ApJ...835...64G",
				"reference":"Guillochon et al. (2017)",
				"secondary":true,
				"url":"https://sne.space",
				"alias":"7"
			}
		],
		"alias":[
			{
				"value":"AT2016enn",
				"source":"1,4,5,6"
			},
			{
				"value":"ATLAS16bxa",
				"source":"1,4,5,6"
			},
			{
				"value":"PS16dqr",
				"source":"1,6"
			}
		],
		"claimedtype":[
			{
				"value":"Candidate",
				"source":"7"
			}
		],
		"comovingdist":[
			{
				"value":"320",
				"derived":true,
				"u_value":"Mpc",
				"source":"1,2,6,7"
			}
		],
		"dec":[
			{
				"value":"-08:52:01.24",
				"u_value":"degrees",
				"source":"1,4,6"
			},
			{
				"value":"-08:52:02.1",
				"u_value":"degrees",
				"source":"1,5"
			}
		],
		"discoverdate":[
			{
				"value":"2016/08/01.507998",
				"source":"4"
			}
		],
		"discoverer":[
			{
				"value":"ATLAS",
				"source":"1,4,6"
			}
		],
		"ebv":[
			{
				"value":"0.0277",
				"derived":true,
				"e_value":"0.0017",
				"source":"3,7"
			}
		],
		"host":[
			{
				"value":"2MASX J23285496-0852046",
				"source":"1,5"
			}
		],
		"hostdec":[
			{
				"value":"-08:52:04.6",
				"derived":true,
				"u_value":"degrees",
				"source":"7"
			}
		],
		"hostoffsetang":[
			{
				"value":"3.802",
				"derived":true,
				"u_value":"arcseconds",
				"source":"1,4,6,7"
			}
		],
		"hostoffsetdist":[
			{
				"value":"5.492",
				"source":"1,2,4,6,7"
			}
		],
		"hostra":[
			{
				"value":"23:28:54.96",
				"derived":true,
				"u_value":"hours",
				"source":"7"
			}
		],
		"lumdist":[
			{
				"value":"346",
				"derived":true,
				"u_value":"Mpc",
				"source":"1,2,6,7"
			}
		],
		"maxabsmag":[
			{
				"value":"-19",
				"derived":true,
				"source":"1,2,6,7"
			}
		],
		"maxappmag":[
			{
				"value":"18.66",
				"derived":true,
				"source":"4,7"
			}
		],
		"maxband":[
			{
				"value":"cyan",
				"derived":true,
				"source":"4,7"
			}
		],
		"maxdate":[
			{
				"value":"2016/08/01",
				"derived":true,
				"source":"4,7"
			}
		],
		"maxvisualabsmag":[
			{
				"value":"-17.3",
				"derived":true,
				"source":"1,2,6,7"
			}
		],
		"maxvisualappmag":[
			{
				"value":"20.41",
				"derived":true,
				"source":"1,5,7"
			}
		],
		"maxvisualband":[
			{
				"value":"r",
				"derived":true,
				"source":"1,5,7"
			}
		],
		"maxvisualdate":[
			{
				"value":"2016/08/14",
				"derived":true,
				"source":"1,5,7"
			}
		],
		"ra":[
			{
				"value":"23:28:55.08",
				"u_value":"hours",
				"source":"4"
			},
			{
				"value":"23:28:55.080",
				"u_value":"hours",
				"source":"1,6"
			},
			{
				"value":"23:28:55.09",
				"u_value":"hours",
				"source":"1,5"
			}
		],
		"redshift":[
			{
				"value":"0.074",
				"source":"1,6"
			}
		],
		"velocity":[
			{
				"value":"21000",
				"u_value":"km/s",
				"source":"7"
			}
		],
		"photometry":[
			{
				"time":"57577.1039931",
				"band":"cyan",
				"instrument":"ACAM1",
				"magnitude":"19.7",
				"observer":"Robot",
				"telescope":"ATLAS1",
				"u_time":"MJD",
				"upperlimit":true,
				"source":"4"
			},
			{
				"time":"57601.5079977",
				"band":"cyan",
				"e_magnitude":"0.13",
				"instrument":"ACAM1",
				"magnitude":"18.66",
				"observer":"Robot",
				"telescope":"ATLAS1",
				"u_time":"MJD",
				"source":"4"
			},
			{
				"time":"57602.5178008851",
				"band":"w",
				"e_magnitude":"0.0179013",
				"instrument":"GPC",
				"magnitude":"18.9724",
				"telescope":"Pan-STARRS1",
				"u_time":"MJD",
				"source":"1,5"
			},
			{
				"time":"57602.5179977",
				"band":"w",
				"e_magnitude":"0.02",
				"instrument":"GPC1",
				"magnitude":"18.97",
				"observer":"Robot",
				"telescope":"PS1",
				"u_time":"MJD",
				"source":"4"
			},
			{
				"time":"57602.5288594854",
				"band":"w",
				"e_magnitude":"0.0185233",
				"instrument":"GPC",
				"magnitude":"18.9761",
				"telescope":"Pan-STARRS1",
				"u_time":"MJD",
				"source":"1,5"
			},
			{
				"time":"57602.5399189544",
				"band":"w",
				"e_magnitude":"0.0168403",
				"instrument":"GPC",
				"magnitude":"18.9656",
				"telescope":"Pan-STARRS1",
				"u_time":"MJD",
				"source":"1,5"
			},
			{
				"time":"57602.5509628548",
				"band":"w",
				"e_magnitude":"0.018429",
				"instrument":"GPC",
				"magnitude":"18.9838",
				"telescope":"Pan-STARRS1",
				"u_time":"MJD",
				"source":"1,5"
			},
			{
				"time":"57614.5197921246",
				"band":"r",
				"e_magnitude":"0.110882",
				"instrument":"GPC",
				"magnitude":"20.4085",
				"telescope":"Pan-STARRS1",
				"u_time":"MJD",
				"source":"1,5"
			},
			{
				"time":"57614.5313001504",
				"band":"r",
				"e_magnitude":"0.0986949",
				"instrument":"GPC",
				"magnitude":"20.5024",
				"telescope":"Pan-STARRS1",
				"u_time":"MJD",
				"source":"1,5"
			},
			{
				"time":"57614.5428448947",
				"band":"r",
				"e_magnitude":"0.124849",
				"instrument":"GPC",
				"magnitude":"20.5242",
				"telescope":"Pan-STARRS1",
				"u_time":"MJD",
				"source":"1,5"
			},
			{
				"time":"57614.554373165",
				"band":"r",
				"e_magnitude":"0.106769",
				"instrument":"GPC",
				"magnitude":"20.4971",
				"telescope":"Pan-STARRS1",
				"u_time":"MJD",
				"source":"1,5"
			},
			{
				"time":"57627.4582984421",
				"band":"w",
				"e_magnitude":"0.168718",
				"instrument":"GPC",
				"magnitude":"21.4946",
				"telescope":"Pan-STARRS1",
				"u_time":"MJD",
				"source":"1,5"
			},
			{
				"time":"57627.4805300696",
				"band":"w",
				"e_magnitude":"0.163467",
				"instrument":"GPC",
				"magnitude":"21.5106",
				"telescope":"Pan-STARRS1",
				"u_time":"MJD",
				"source":"1,5"
			},
			{
				"time":"57627.4916306526",
				"band":"w",
				"e_magnitude":"0.190921",
				"instrument":"GPC",
				"magnitude":"21.667",
				"telescope":"Pan-STARRS1",
				"u_time":"MJD",
				"source":"1,5"
			}
		]
	}
}