{
	"AT2016hpv":{
		"schema":"https://github.com/astrocatalogs/supernovae/blob/a0bc0b9/SCHEMA.md",
		"name":"AT2016hpv",
		"sources":[
			{
				"name":"2016A&A...594A..13P",
				"bibcode":"2016A&A...594A..13P",
				"reference":"Planck Collaboration et al. (2016)",
				"alias":"1"
			},
			{
				"name":"2011ApJ...737..103S",
				"bibcode":"2011ApJ...737..103S",
				"reference":"Schlafly & Finkbeiner (2011)",
				"alias":"2"
			},
			{
				"name":"Transient Name Server",
				"url":"https://wis-tns.weizmann.ac.il/",
				"alias":"3"
			},
			{
				"name":"Gaia Photometric Science Alerts",
				"url":"http://gsaweb.ast.cam.ac.uk/alerts/alertsindex",
				"alias":"4"
			},
			{
				"name":"Latest Supernovae",
				"secondary":true,
				"url":"http://www.rochesterastronomy.org/snimages/snredshiftall.html",
				"alias":"5"
			},
			{
				"name":"The Open Supernova Catalog",
				"bibcode":"2017ApJ...835...64G",
				"reference":"Guillochon et al. (2017)",
				"secondary":true,
				"url":"https://sne.space",
				"alias":"6"
			}
		],
		"alias":[
			{
				"value":"AT2016hpv",
				"source":"3,4,5"
			},
			{
				"value":"Gaia16bri",
				"source":"3,5"
			}
		],
		"claimedtype":[
			{
				"value":"Candidate",
				"source":"4"
			}
		],
		"comovingdist":[
			{
				"value":"97.413",
				"derived":true,
				"u_value":"Mpc",
				"source":"1,3,5,6"
			}
		],
		"dec":[
			{
				"value":"+23:16:28.30",
				"u_value":"degrees",
				"source":"3,5"
			},
			{
				"value":"+23:16:29.28",
				"u_value":"degrees",
				"source":"4"
			}
		],
		"discoverdate":[
			{
				"value":"2016/10/30.720995",
				"source":"3"
			}
		],
		"discoverer":[
			{
				"value":"Jaroslaw Grzegorzek",
				"source":"3,5"
			}
		],
		"ebv":[
			{
				"value":"0.0536",
				"derived":true,
				"e_value":"0.0022",
				"source":"2,6"
			}
		],
		"host":[
			{
				"value":"NGC 6314",
				"source":"3,5"
			}
		],
		"lumdist":[
			{
				"value":"99.5681",
				"derived":true,
				"u_value":"Mpc",
				"source":"1,3,5,6"
			}
		],
		"maxabsmag":[
			{
				"value":"-18.9668",
				"derived":true,
				"source":"1,3,5,6"
			}
		],
		"maxappmag":[
			{
				"value":"16",
				"derived":true,
				"source":"4,6"
			}
		],
		"maxband":[
			{
				"value":"G",
				"derived":true,
				"source":"4,6"
			}
		],
		"maxdate":[
			{
				"value":"2016/11/16",
				"derived":true,
				"source":"4,6"
			}
		],
		"maxvisualabsmag":[
			{
				"value":"-18.9906",
				"derived":true,
				"source":"1,3,5,6"
			}
		],
		"maxvisualappmag":[
			{
				"value":"16",
				"derived":true,
				"source":"4,6"
			}
		],
		"maxvisualband":[
			{
				"value":"G",
				"derived":true,
				"source":"4,6"
			}
		],
		"maxvisualdate":[
			{
				"value":"2016/11/16",
				"derived":true,
				"source":"4,6"
			}
		],
		"ra":[
			{
				"value":"17:12:38.80",
				"u_value":"hours",
				"source":"3"
			},
			{
				"value":"17:12:38.800",
				"u_value":"hours",
				"source":"3,5"
			},
			{
				"value":"17:12:38.88",
				"u_value":"hours",
				"source":"4"
			}
		],
		"redshift":[
			{
				"value":"0.022125",
				"source":"3,5"
			}
		],
		"velocity":[
			{
				"value":"6559.5",
				"u_value":"km/s",
				"source":"6"
			}
		],
		"photometry":[
			{
				"time":"57645.3969907",
				"band":"C",
				"magnitude":"19",
				"observer":"Jaroslaw Grzegorzek",
				"system":"Vega",
				"u_time":"MJD",
				"upperlimit":true,
				"source":"3"
			},
			{
				"time":"57651.49",
				"band":"G",
				"instrument":"Gaia-photometric",
				"magnitude":"21.5",
				"observer":"Robot",
				"telescope":"Gaia",
				"u_time":"MJD",
				"upperlimit":true,
				"source":"3"
			},
			{
				"time":"57691.2209954",
				"band":"C",
				"magnitude":"16.8",
				"observer":"Jaroslaw Grzegorzek",
				"system":"Vega",
				"u_time":"MJD",
				"source":"3"
			},
			{
				"time":"57691.2209954",
				"band":"G",
				"e_magnitude":"0.2",
				"instrument":"Gaia-photometric",
				"magnitude":"17.81",
				"observer":"Robot",
				"telescope":"Gaia",
				"u_time":"MJD",
				"source":"3"
			},
			{
				"time":"57691.222",
				"band":"G",
				"e_magnitude":"0.0",
				"magnitude":"17.81",
				"telescope":"GAIA",
				"u_time":"MJD",
				"source":"4"
			},
			{
				"time":"57691.296",
				"band":"G",
				"e_magnitude":"0.0",
				"magnitude":"17.77",
				"telescope":"GAIA",
				"u_time":"MJD",
				"source":"4"
			},
			{
				"time":"57691.472",
				"band":"G",
				"e_magnitude":"0.0",
				"magnitude":"17.7",
				"telescope":"GAIA",
				"u_time":"MJD",
				"source":"4"
			},
			{
				"time":"57708.803",
				"band":"G",
				"e_magnitude":"0.0",
				"magnitude":"16.0",
				"telescope":"GAIA",
				"u_time":"MJD",
				"source":"4"
			},
			{
				"time":"57708.979",
				"band":"G",
				"e_magnitude":"0.0",
				"magnitude":"16.01",
				"telescope":"GAIA",
				"u_time":"MJD",
				"source":"4"
			},
			{
				"time":"57763.970",
				"band":"G",
				"e_magnitude":"0.0",
				"magnitude":"18.29",
				"telescope":"GAIA",
				"u_time":"MJD",
				"source":"4"
			},
			{
				"time":"57764.044",
				"band":"G",
				"e_magnitude":"0.0",
				"magnitude":"18.34",
				"telescope":"GAIA",
				"u_time":"MJD",
				"source":"4"
			},
			{
				"time":"57787.473",
				"band":"G",
				"e_magnitude":"0.0",
				"magnitude":"18.91",
				"telescope":"GAIA",
				"u_time":"MJD",
				"source":"4"
			},
			{
				"time":"57787.547",
				"band":"G",
				"e_magnitude":"0.0",
				"magnitude":"18.91",
				"telescope":"GAIA",
				"u_time":"MJD",
				"source":"4"
			},
			{
				"time":"57819.517",
				"band":"G",
				"e_magnitude":"0.0",
				"magnitude":"19.59",
				"telescope":"GAIA",
				"u_time":"MJD",
				"source":"4"
			}
		]
	}
}