{
	"AT2016flw":{
		"schema":"https://github.com/astrocatalogs/supernovae/blob/a0bc0b9/SCHEMA.md",
		"name":"AT2016flw",
		"sources":[
			{
				"name":"2016A&A...594A..13P",
				"bibcode":"2016A&A...594A..13P",
				"reference":"Planck Collaboration et al. (2016)",
				"alias":"1"
			},
			{
				"name":"2011ApJ...737..103S",
				"bibcode":"2011ApJ...737..103S",
				"reference":"Schlafly & Finkbeiner (2011)",
				"alias":"2"
			},
			{
				"name":"Transient Name Server",
				"url":"https://wis-tns.weizmann.ac.il/",
				"alias":"3"
			},
			{
				"name":"Latest Supernovae",
				"secondary":true,
				"url":"http://www.rochesterastronomy.org/snimages/snredshiftall.html",
				"alias":"4"
			},
			{
				"name":"The Open Supernova Catalog",
				"bibcode":"2017ApJ...835...64G",
				"reference":"Guillochon et al. (2017)",
				"secondary":true,
				"url":"https://sne.space",
				"alias":"5"
			}
		],
		"alias":[
			{
				"value":"AT2016flw",
				"source":"3,4"
			},
			{
				"value":"PTSS-16mvu",
				"source":"3,4"
			}
		],
		"claimedtype":[
			{
				"value":"Candidate",
				"source":"5"
			}
		],
		"comovingdist":[
			{
				"value":"426",
				"derived":true,
				"u_value":"Mpc",
				"source":"1,3,5"
			}
		],
		"dec":[
			{
				"value":"-08:06:35.08",
				"u_value":"degrees",
				"source":"3,4"
			}
		],
		"discoverdate":[
			{
				"value":"2016/08/27.664595",
				"source":"3"
			}
		],
		"discoverer":[
			{
				"value":"PTSS",
				"source":"3"
			},
			{
				"value":"PMO-Tsinghua Supernova Survey (PTSS)",
				"source":"3,4"
			}
		],
		"ebv":[
			{
				"value":"0.0355",
				"derived":true,
				"e_value":"0.0003",
				"source":"2,5"
			}
		],
		"host":[
			{
				"value":"2MASX J23210756-0806359",
				"source":"3"
			}
		],
		"hostcomovingdist":[
			{
				"value":"426",
				"derived":true,
				"source":"1,3,5"
			}
		],
		"hostdec":[
			{
				"value":"-08:06:35.9",
				"derived":true,
				"u_value":"degrees",
				"source":"5"
			}
		],
		"hostlumdist":[
			{
				"value":"468.2",
				"derived":true,
				"source":"1,3,5"
			}
		],
		"hostoffsetang":[
			{
				"value":"9.835",
				"derived":true,
				"u_value":"arcseconds",
				"source":"3,4,5"
			}
		],
		"hostoffsetdist":[
			{
				"value":"18.49",
				"source":"1,3,4,5"
			}
		],
		"hostra":[
			{
				"value":"23:21:07.56",
				"derived":true,
				"u_value":"hours",
				"source":"5"
			}
		],
		"hostredshift":[
			{
				"value":"0.0986",
				"source":"3"
			}
		],
		"hostvelocity":[
			{
				"value":"28100",
				"source":"5"
			}
		],
		"lumdist":[
			{
				"value":"468.2",
				"derived":true,
				"u_value":"Mpc",
				"source":"1,3,5"
			}
		],
		"maxabsmag":[
			{
				"value":"-18.45",
				"derived":true,
				"source":"1,3,5"
			}
		],
		"maxappmag":[
			{
				"value":"19.8",
				"derived":true,
				"source":"3,5"
			}
		],
		"maxband":[
			{
				"value":"r",
				"derived":true,
				"source":"3,5"
			}
		],
		"maxdate":[
			{
				"value":"2016/08/27",
				"derived":true,
				"source":"3,5"
			}
		],
		"maxvisualabsmag":[
			{
				"value":"-18.55",
				"derived":true,
				"source":"1,3,5"
			}
		],
		"maxvisualappmag":[
			{
				"value":"19.8",
				"derived":true,
				"source":"3,5"
			}
		],
		"maxvisualband":[
			{
				"value":"r",
				"derived":true,
				"source":"3,5"
			}
		],
		"maxvisualdate":[
			{
				"value":"2016/08/27",
				"derived":true,
				"source":"3,5"
			}
		],
		"ra":[
			{
				"value":"23:21:06.90",
				"u_value":"hours",
				"source":"3"
			},
			{
				"value":"23:21:06.900",
				"u_value":"hours",
				"source":"3,4"
			}
		],
		"redshift":[
			{
				"value":"0.0986",
				"kind":"host",
				"source":"3"
			},
			{
				"value":"0.0986",
				"source":"3,4"
			}
		],
		"velocity":[
			{
				"value":"28100",
				"u_value":"km/s",
				"source":"5"
			}
		],
		"photometry":[
			{
				"time":"57627.1645949",
				"band":"r",
				"e_magnitude":"0.1",
				"instrument":"STA1600",
				"magnitude":"19.8",
				"observer":"Bin Li",
				"system":"Vega",
				"telescope":"CNEOST",
				"u_time":"MJD",
				"source":"3"
			}
		]
	}
}