{
	"AT2016jgx":{
		"schema":"https://github.com/astrocatalogs/supernovae/blob/a0bc0b9/SCHEMA.md",
		"name":"AT2016jgx",
		"sources":[
			{
				"name":"2011ApJ...737..103S",
				"bibcode":"2011ApJ...737..103S",
				"reference":"Schlafly & Finkbeiner (2011)",
				"alias":"1"
			},
			{
				"name":"Transient Name Server",
				"url":"https://wis-tns.weizmann.ac.il/",
				"alias":"2"
			},
			{
				"name":"Gaia Photometric Science Alerts",
				"url":"http://gsaweb.ast.cam.ac.uk/alerts/alertsindex",
				"alias":"3"
			},
			{
				"name":"Latest Supernovae",
				"secondary":true,
				"url":"http://www.rochesterastronomy.org/snimages/snredshiftall.html",
				"alias":"4"
			},
			{
				"name":"The Open Supernova Catalog",
				"bibcode":"2017ApJ...835...64G",
				"reference":"Guillochon et al. (2017)",
				"secondary":true,
				"url":"https://sne.space",
				"alias":"5"
			}
		],
		"alias":[
			{
				"value":"AT2016jgx",
				"source":"2,3,4"
			},
			{
				"value":"ATLAS17ahc",
				"source":"2,3,4"
			},
			{
				"value":"Gaia17acx",
				"source":"2,4"
			}
		],
		"claimedtype":[
			{
				"value":"Candidate",
				"source":"3"
			}
		],
		"dec":[
			{
				"value":"+20:57:28.58",
				"u_value":"degrees",
				"source":"2,4"
			},
			{
				"value":"+20:57:28.08",
				"u_value":"degrees",
				"source":"3"
			}
		],
		"discoverdate":[
			{
				"value":"2016/12/23.260995",
				"source":"2"
			}
		],
		"discoverer":[
			{
				"value":"ATLAS",
				"source":"2,4"
			}
		],
		"ebv":[
			{
				"value":"0.0651",
				"derived":true,
				"e_value":"0.0041",
				"source":"1,5"
			}
		],
		"maxappmag":[
			{
				"value":"18.26",
				"derived":true,
				"source":"3,5"
			}
		],
		"maxband":[
			{
				"value":"G",
				"derived":true,
				"source":"3,5"
			}
		],
		"maxdate":[
			{
				"value":"2017/01/15",
				"derived":true,
				"source":"3,5"
			}
		],
		"maxvisualappmag":[
			{
				"value":"18.26",
				"derived":true,
				"source":"3,5"
			}
		],
		"maxvisualband":[
			{
				"value":"G",
				"derived":true,
				"source":"3,5"
			}
		],
		"maxvisualdate":[
			{
				"value":"2017/01/15",
				"derived":true,
				"source":"3,5"
			}
		],
		"ra":[
			{
				"value":"23:57:25.81",
				"u_value":"hours",
				"source":"2"
			},
			{
				"value":"23:57:25.810",
				"u_value":"hours",
				"source":"2,4"
			},
			{
				"value":"23:57:25.92",
				"u_value":"hours",
				"source":"3"
			}
		],
		"photometry":[
			{
				"time":"57737.24",
				"band":"orange",
				"instrument":"ACAM1",
				"magnitude":"18.9",
				"observer":"Robot",
				"telescope":"ATLAS1",
				"u_time":"MJD",
				"upperlimit":true,
				"source":"2"
			},
			{
				"time":"57738.0039931",
				"band":"G",
				"instrument":"Gaia-photometric",
				"magnitude":"21.5",
				"observer":"Robot",
				"telescope":"Gaia",
				"u_time":"MJD",
				"upperlimit":true,
				"source":"2"
			},
			{
				"time":"57745.2609954",
				"band":"cyan",
				"e_magnitude":"0.19",
				"instrument":"ACAM1",
				"magnitude":"19.15",
				"observer":"Robot",
				"telescope":"ATLAS1",
				"u_time":"MJD",
				"source":"2"
			},
			{
				"time":"57768.1589931",
				"band":"G",
				"e_magnitude":"0.2",
				"instrument":"Gaia-photometric",
				"magnitude":"18.26",
				"observer":"Robot",
				"telescope":"Gaia",
				"u_time":"MJD",
				"source":"2"
			},
			{
				"time":"57768.160",
				"band":"G",
				"e_magnitude":"0.0",
				"magnitude":"18.26",
				"telescope":"GAIA",
				"u_time":"MJD",
				"source":"3"
			},
			{
				"time":"57768.234",
				"band":"G",
				"e_magnitude":"0.0",
				"magnitude":"18.26",
				"telescope":"GAIA",
				"u_time":"MJD",
				"source":"3"
			}
		]
	}
}