{
	"AT2017adh":{
		"schema":"https://github.com/astrocatalogs/supernovae/blob/a0bc0b9/SCHEMA.md",
		"name":"AT2017adh",
		"sources":[
			{
				"name":"2011ApJ...737..103S",
				"bibcode":"2011ApJ...737..103S",
				"reference":"Schlafly & Finkbeiner (2011)",
				"alias":"1"
			},
			{
				"name":"Transient Name Server",
				"url":"https://wis-tns.weizmann.ac.il/",
				"alias":"2"
			},
			{
				"name":"Latest Supernovae",
				"secondary":true,
				"url":"http://www.rochesterastronomy.org/snimages/snredshiftall.html",
				"alias":"3"
			},
			{
				"name":"The Open Supernova Catalog",
				"bibcode":"2017ApJ...835...64G",
				"reference":"Guillochon et al. (2017)",
				"secondary":true,
				"url":"https://sne.space",
				"alias":"4"
			}
		],
		"alias":[
			{
				"value":"AT2017adh",
				"source":"2,3"
			},
			{
				"value":"ATLAS17awv",
				"source":"2,3"
			}
		],
		"claimedtype":[
			{
				"value":"Candidate",
				"source":"4"
			}
		],
		"dec":[
			{
				"value":"+05:05:36.03",
				"u_value":"degrees",
				"source":"2,3"
			}
		],
		"discoverdate":[
			{
				"value":"2017/01/31.615995",
				"source":"2"
			}
		],
		"discoverer":[
			{
				"value":"ATLAS",
				"source":"2,3"
			}
		],
		"ebv":[
			{
				"value":"0.0166",
				"derived":true,
				"e_value":"0.0003",
				"source":"1,4"
			}
		],
		"maxappmag":[
			{
				"value":"18.86",
				"derived":true,
				"source":"2,4"
			}
		],
		"maxband":[
			{
				"value":"cyan",
				"derived":true,
				"source":"2,4"
			}
		],
		"maxdate":[
			{
				"value":"2017/01/31",
				"derived":true,
				"source":"2,4"
			}
		],
		"maxvisualappmag":[
			{
				"value":"18.86",
				"derived":true,
				"source":"2,4"
			}
		],
		"maxvisualband":[
			{
				"value":"cyan",
				"derived":true,
				"source":"2,4"
			}
		],
		"maxvisualdate":[
			{
				"value":"2017/01/31",
				"derived":true,
				"source":"2,4"
			}
		],
		"ra":[
			{
				"value":"12:11:11.28",
				"u_value":"hours",
				"source":"2"
			},
			{
				"value":"12:11:11.280",
				"u_value":"hours",
				"source":"2,3"
			}
		],
		"photometry":[
			{
				"time":"57780.6569907",
				"band":"cyan",
				"instrument":"ACAM1",
				"magnitude":"19.76",
				"observer":"Robot",
				"telescope":"ATLAS1",
				"u_time":"MJD",
				"upperlimit":true,
				"source":"2"
			},
			{
				"time":"57784.6159954",
				"band":"cyan",
				"e_magnitude":"0.15",
				"instrument":"ACAM1",
				"magnitude":"18.86",
				"observer":"Robot",
				"telescope":"ATLAS1",
				"u_time":"MJD",
				"source":"2"
			}
		]
	}
}