{
	"AT2016glf":{
		"schema":"https://github.com/astrocatalogs/supernovae/blob/a0bc0b9/SCHEMA.md",
		"name":"AT2016glf",
		"sources":[
			{
				"name":"2011ApJ...737..103S",
				"bibcode":"2011ApJ...737..103S",
				"reference":"Schlafly & Finkbeiner (2011)",
				"alias":"1"
			},
			{
				"name":"Transient Name Server",
				"url":"https://wis-tns.weizmann.ac.il/",
				"alias":"2"
			},
			{
				"name":"Latest Supernovae",
				"secondary":true,
				"url":"http://www.rochesterastronomy.org/snimages/snredshiftall.html",
				"alias":"3"
			},
			{
				"name":"The Open Supernova Catalog",
				"bibcode":"2017ApJ...835...64G",
				"reference":"Guillochon et al. (2017)",
				"secondary":true,
				"url":"https://sne.space",
				"alias":"4"
			}
		],
		"alias":[
			{
				"value":"AT2016glf",
				"source":"2,3"
			},
			{
				"value":"PTSS-16oma",
				"source":"2,3"
			}
		],
		"claimedtype":[
			{
				"value":"Candidate",
				"source":"4"
			}
		],
		"dec":[
			{
				"value":"+09:13:09.56",
				"u_value":"degrees",
				"source":"2,3"
			}
		],
		"discoverdate":[
			{
				"value":"2016/09/22.578588",
				"source":"2"
			}
		],
		"discoverer":[
			{
				"value":"PTSS",
				"source":"2"
			},
			{
				"value":"PMO-Tsinghua Supernova Survey (PTSS)",
				"source":"2,3"
			}
		],
		"ebv":[
			{
				"value":"0.062",
				"derived":true,
				"e_value":"0.0056",
				"source":"1,4"
			}
		],
		"host":[
			{
				"value":"2MASX J23021928+0913132",
				"source":"2"
			}
		],
		"hostdec":[
			{
				"value":"+09:13:13.2",
				"derived":true,
				"u_value":"degrees",
				"source":"4"
			}
		],
		"hostoffsetang":[
			{
				"value":"8.92",
				"derived":true,
				"u_value":"arcseconds",
				"source":"2,3,4"
			}
		],
		"hostra":[
			{
				"value":"23:02:19.28",
				"derived":true,
				"u_value":"hours",
				"source":"4"
			}
		],
		"maxappmag":[
			{
				"value":"18.5",
				"derived":true,
				"source":"2,4"
			}
		],
		"maxband":[
			{
				"value":"r",
				"derived":true,
				"source":"2,4"
			}
		],
		"maxdate":[
			{
				"value":"2016/09/22",
				"derived":true,
				"source":"2,4"
			}
		],
		"maxvisualappmag":[
			{
				"value":"18.5",
				"derived":true,
				"source":"2,4"
			}
		],
		"maxvisualband":[
			{
				"value":"r",
				"derived":true,
				"source":"2,4"
			}
		],
		"maxvisualdate":[
			{
				"value":"2016/09/22",
				"derived":true,
				"source":"2,4"
			}
		],
		"ra":[
			{
				"value":"23:02:19.83",
				"u_value":"hours",
				"source":"2"
			},
			{
				"value":"23:02:19.830",
				"u_value":"hours",
				"source":"2,3"
			}
		],
		"photometry":[
			{
				"time":"57653.078588",
				"band":"r",
				"e_magnitude":"0.1",
				"instrument":"STA1600",
				"magnitude":"18.5",
				"observer":"Bin Li",
				"system":"Vega",
				"telescope":"CNEOST",
				"u_time":"MJD",
				"source":"2"
			}
		]
	}
}