{
	"AT2016gof":{
		"schema":"https://github.com/astrocatalogs/supernovae/blob/a0bc0b9/SCHEMA.md",
		"name":"AT2016gof",
		"sources":[
			{
				"name":"2011ApJ...737..103S",
				"bibcode":"2011ApJ...737..103S",
				"reference":"Schlafly & Finkbeiner (2011)",
				"alias":"1"
			},
			{
				"name":"Transient Name Server",
				"url":"https://wis-tns.weizmann.ac.il/",
				"alias":"2"
			},
			{
				"name":"Pan-STARRS 3Pi",
				"url":"http://star.pst.qub.ac.uk/ps1threepi/psdb/public/",
				"alias":"3"
			},
			{
				"name":"Latest Supernovae",
				"secondary":true,
				"url":"http://www.rochesterastronomy.org/snimages/snredshiftall.html",
				"alias":"4"
			},
			{
				"name":"The Open Supernova Catalog",
				"bibcode":"2017ApJ...835...64G",
				"reference":"Guillochon et al. (2017)",
				"secondary":true,
				"url":"https://sne.space",
				"alias":"5"
			}
		],
		"alias":[
			{
				"value":"AT2016gof",
				"source":"2,3,4"
			},
			{
				"value":"PS16eky",
				"source":"2,3,4"
			}
		],
		"claimedtype":[
			{
				"value":"Candidate",
				"source":"5"
			}
		],
		"dec":[
			{
				"value":"-28:40:31.35",
				"u_value":"degrees",
				"source":"2,3,4"
			},
			{
				"value":"-28:40:31.3",
				"u_value":"degrees",
				"source":"3"
			}
		],
		"discoverdate":[
			{
				"value":"2016/09/21.572998",
				"source":"2"
			}
		],
		"discoverer":[
			{
				"value":"Pan-STARRS1",
				"source":"2"
			},
			{
				"value":"Gaia",
				"source":"3,4"
			}
		],
		"ebv":[
			{
				"value":"0.0182",
				"derived":true,
				"e_value":"0.0008",
				"source":"1,5"
			}
		],
		"host":[
			{
				"value":"APMUKS(BJ) B045307.08-284514.0",
				"source":"3"
			}
		],
		"maxappmag":[
			{
				"value":"20.33",
				"derived":true,
				"source":"3,5"
			}
		],
		"maxband":[
			{
				"value":"r",
				"derived":true,
				"source":"3,5"
			}
		],
		"maxdate":[
			{
				"value":"2016/09/21",
				"derived":true,
				"source":"3,5"
			}
		],
		"maxvisualappmag":[
			{
				"value":"20.33",
				"derived":true,
				"source":"3,5"
			}
		],
		"maxvisualband":[
			{
				"value":"r",
				"derived":true,
				"source":"3,5"
			}
		],
		"maxvisualdate":[
			{
				"value":"2016/09/21",
				"derived":true,
				"source":"3,5"
			}
		],
		"ra":[
			{
				"value":"04:55:05.69",
				"u_value":"hours",
				"source":"2"
			},
			{
				"value":"04:55:05.690",
				"u_value":"hours",
				"source":"3,4"
			},
			{
				"value":"04:55:05.68",
				"u_value":"hours",
				"source":"3"
			}
		],
		"photometry":[
			{
				"time":"57652.0729977",
				"band":"r",
				"e_magnitude":"0.11",
				"instrument":"GPC1",
				"magnitude":"20.53",
				"observer":"Robot",
				"telescope":"PS1",
				"u_time":"MJD",
				"source":"2"
			},
			{
				"time":"57652.5732342046",
				"band":"r",
				"e_magnitude":"0.114255",
				"instrument":"GPC",
				"magnitude":"20.5257",
				"telescope":"Pan-STARRS1",
				"u_time":"MJD",
				"source":"3"
			},
			{
				"time":"57652.5829198199",
				"band":"r",
				"e_magnitude":"0.0962916",
				"instrument":"GPC",
				"magnitude":"20.3311",
				"telescope":"Pan-STARRS1",
				"u_time":"MJD",
				"source":"3"
			},
			{
				"time":"57652.6022733101",
				"band":"r",
				"e_magnitude":"0.136114",
				"instrument":"GPC",
				"magnitude":"20.4164",
				"telescope":"Pan-STARRS1",
				"u_time":"MJD",
				"source":"3"
			}
		]
	}
}