{
	"AT2016hzx":{
		"schema":"https://github.com/astrocatalogs/supernovae/blob/a0bc0b9/SCHEMA.md",
		"name":"AT2016hzx",
		"sources":[
			{
				"name":"2011ApJ...737..103S",
				"bibcode":"2011ApJ...737..103S",
				"reference":"Schlafly & Finkbeiner (2011)",
				"alias":"1"
			},
			{
				"name":"Transient Name Server",
				"url":"https://wis-tns.weizmann.ac.il/",
				"alias":"2"
			},
			{
				"name":"Pan-STARRS 3Pi",
				"url":"http://psweb.mp.qub.ac.uk/ps1threepi/psdb/",
				"alias":"3"
			},
			{
				"name":"Latest Supernovae",
				"secondary":true,
				"url":"http://www.rochesterastronomy.org/snimages/snredshiftall.html",
				"alias":"4"
			},
			{
				"name":"The Open Supernova Catalog",
				"bibcode":"2017ApJ...835...64G",
				"reference":"Guillochon et al. (2017)",
				"secondary":true,
				"url":"https://sne.space",
				"alias":"5"
			}
		],
		"alias":[
			{
				"value":"AT2016hzx",
				"source":"2,3,4"
			},
			{
				"value":"PS16ezo",
				"source":"2,4"
			}
		],
		"claimedtype":[
			{
				"value":"Candidate",
				"source":"5"
			}
		],
		"dec":[
			{
				"value":"+22:15:43.35",
				"u_value":"degrees",
				"source":"2,4"
			},
			{
				"value":"+22:15:43.3",
				"u_value":"degrees",
				"source":"3"
			}
		],
		"discoverdate":[
			{
				"value":"2016/11/08.553993",
				"source":"2"
			}
		],
		"discoverer":[
			{
				"value":"Pan-STARRS1",
				"source":"2"
			},
			{
				"value":"ASAS-SN",
				"source":"2,4"
			}
		],
		"ebv":[
			{
				"value":"0.0257",
				"derived":true,
				"e_value":"0.0013",
				"source":"1,5"
			}
		],
		"maxappmag":[
			{
				"value":"19.78",
				"derived":true,
				"source":"3,5"
			}
		],
		"maxband":[
			{
				"value":"w",
				"derived":true,
				"source":"3,5"
			}
		],
		"maxdate":[
			{
				"value":"2016/11/08",
				"derived":true,
				"source":"3,5"
			}
		],
		"maxvisualappmag":[
			{
				"value":"19.78",
				"derived":true,
				"source":"3,5"
			}
		],
		"maxvisualband":[
			{
				"value":"w",
				"derived":true,
				"source":"3,5"
			}
		],
		"maxvisualdate":[
			{
				"value":"2016/11/08",
				"derived":true,
				"source":"3,5"
			}
		],
		"ra":[
			{
				"value":"08:54:37.68",
				"u_value":"hours",
				"source":"2,3"
			},
			{
				"value":"08:54:37.680",
				"u_value":"hours",
				"source":"2,4"
			}
		],
		"photometry":[
			{
				"time":"57700.0539931",
				"band":"w",
				"e_magnitude":"0.04",
				"instrument":"GPC1",
				"magnitude":"19.85",
				"observer":"Robot",
				"telescope":"PS1",
				"u_time":"MJD",
				"source":"2"
			},
			{
				"time":"57700.5537084714",
				"band":"w",
				"e_magnitude":"0.0370637",
				"instrument":"GPC",
				"magnitude":"19.8515",
				"telescope":"Pan-STARRS1",
				"u_time":"MJD",
				"source":"3"
			},
			{
				"time":"57700.566031606",
				"band":"w",
				"e_magnitude":"0.0344901",
				"instrument":"GPC",
				"magnitude":"19.7979",
				"telescope":"Pan-STARRS1",
				"u_time":"MJD",
				"source":"3"
			},
			{
				"time":"57700.5783449164",
				"band":"w",
				"e_magnitude":"0.0285205",
				"instrument":"GPC",
				"magnitude":"19.7763",
				"telescope":"Pan-STARRS1",
				"u_time":"MJD",
				"source":"3"
			},
			{
				"time":"57700.5907545235",
				"band":"w",
				"e_magnitude":"0.0297827",
				"instrument":"GPC",
				"magnitude":"19.8652",
				"telescope":"Pan-STARRS1",
				"u_time":"MJD",
				"source":"3"
			}
		]
	}
}