{
	"AT2016gya":{
		"schema":"https://github.com/astrocatalogs/supernovae/blob/a0bc0b9/SCHEMA.md",
		"name":"AT2016gya",
		"sources":[
			{
				"name":"2011ApJ...737..103S",
				"bibcode":"2011ApJ...737..103S",
				"reference":"Schlafly & Finkbeiner (2011)",
				"alias":"1"
			},
			{
				"name":"Transient Name Server",
				"url":"https://wis-tns.weizmann.ac.il/",
				"alias":"2"
			},
			{
				"name":"Latest Supernovae",
				"secondary":true,
				"url":"http://www.rochesterastronomy.org/snimages/snredshiftall.html",
				"alias":"3"
			},
			{
				"name":"The Open Supernova Catalog",
				"bibcode":"2017ApJ...835...64G",
				"reference":"Guillochon et al. (2017)",
				"secondary":true,
				"url":"https://sne.space",
				"alias":"4"
			}
		],
		"alias":[
			{
				"value":"AT2016gya",
				"source":"2,3"
			}
		],
		"claimedtype":[
			{
				"value":"Candidate",
				"source":"4"
			}
		],
		"dec":[
			{
				"value":"+31:24:14.60",
				"u_value":"degrees",
				"source":"2,3"
			}
		],
		"discoverdate":[
			{
				"value":"2016/09/29.1",
				"source":"2"
			}
		],
		"discoverer":[
			{
				"value":"ISSP",
				"source":"2"
			},
			{
				"value":"Italian Supernovae Search Project",
				"source":"2,3"
			}
		],
		"ebv":[
			{
				"value":"0.4304",
				"derived":true,
				"e_value":"0.0093",
				"source":"1,4"
			}
		],
		"maxappmag":[
			{
				"value":"18.5",
				"derived":true,
				"source":"2,4"
			}
		],
		"maxband":[
			{
				"value":"C",
				"derived":true,
				"source":"2,4"
			}
		],
		"maxdate":[
			{
				"value":"2016/09/29",
				"derived":true,
				"source":"2,4"
			}
		],
		"maxvisualappmag":[
			{
				"value":"18.5",
				"derived":true,
				"source":"2,4"
			}
		],
		"maxvisualband":[
			{
				"value":"C",
				"derived":true,
				"source":"2,4"
			}
		],
		"maxvisualdate":[
			{
				"value":"2016/09/29",
				"derived":true,
				"source":"2,4"
			}
		],
		"ra":[
			{
				"value":"04:24:15.21",
				"u_value":"hours",
				"source":"2"
			},
			{
				"value":"04:24:15.210",
				"u_value":"hours",
				"source":"2,3"
			}
		],
		"photometry":[
			{
				"time":"57634.07",
				"band":"C",
				"magnitude":"19.5",
				"system":"Vega",
				"u_time":"MJD",
				"upperlimit":true,
				"source":"2"
			},
			{
				"time":"57660.1",
				"band":"C",
				"magnitude":"18.5",
				"system":"Vega",
				"u_time":"MJD",
				"source":"2"
			}
		]
	}
}