{
	"AT2016adm":{
		"schema":"https://github.com/astrocatalogs/supernovae/blob/a0bc0b9/SCHEMA.md",
		"name":"AT2016adm",
		"sources":[
			{
				"name":"2016A&A...594A..13P",
				"bibcode":"2016A&A...594A..13P",
				"reference":"Planck Collaboration et al. (2016)",
				"alias":"1"
			},
			{
				"name":"2011ApJ...737..103S",
				"bibcode":"2011ApJ...737..103S",
				"reference":"Schlafly & Finkbeiner (2011)",
				"alias":"2"
			},
			{
				"name":"Transient Name Server",
				"url":"https://wis-tns.weizmann.ac.il/",
				"alias":"3"
			},
			{
				"name":"Latest Supernovae",
				"secondary":true,
				"url":"http://www.rochesterastronomy.org/snimages/snredshiftall.html",
				"alias":"4"
			},
			{
				"name":"The Open Supernova Catalog",
				"bibcode":"2017ApJ...835...64G",
				"reference":"Guillochon et al. (2017)",
				"secondary":true,
				"url":"https://sne.space",
				"alias":"5"
			}
		],
		"alias":[
			{
				"value":"AT2016adm",
				"source":"3,4"
			}
		],
		"claimedtype":[
			{
				"value":"Candidate",
				"source":"5"
			}
		],
		"comovingdist":[
			{
				"value":"136.38",
				"derived":true,
				"u_value":"Mpc",
				"source":"1,3,4,5"
			}
		],
		"dec":[
			{
				"value":"+59:22:22.40",
				"u_value":"degrees",
				"source":"3"
			},
			{
				"value":"+59:22:22.4",
				"u_value":"degrees",
				"source":"3,4"
			}
		],
		"discoverdate":[
			{
				"value":"2016/02/06.966782",
				"source":"3"
			}
		],
		"discoverer":[
			{
				"value":"XOSS",
				"source":"3"
			},
			{
				"value":"Xing Gao et al.",
				"source":"3,4"
			}
		],
		"ebv":[
			{
				"value":"0.0311",
				"derived":true,
				"e_value":"0.0016",
				"source":"2,5"
			}
		],
		"host":[
			{
				"value":"IC 1267",
				"source":"3,4"
			}
		],
		"lumdist":[
			{
				"value":"140.615",
				"derived":true,
				"u_value":"Mpc",
				"source":"1,3,4,5"
			}
		],
		"maxabsmag":[
			{
				"value":"-19.207",
				"derived":true,
				"source":"1,3,4,5"
			}
		],
		"maxappmag":[
			{
				"value":"16.5",
				"derived":true,
				"source":"3,5"
			}
		],
		"maxband":[
			{
				"value":"C",
				"derived":true,
				"source":"3,5"
			}
		],
		"maxdate":[
			{
				"value":"2016/02/08",
				"derived":true,
				"source":"3,5"
			}
		],
		"maxvisualabsmag":[
			{
				"value":"-19.2402",
				"derived":true,
				"source":"1,3,4,5"
			}
		],
		"maxvisualappmag":[
			{
				"value":"16.5",
				"derived":true,
				"source":"3,5"
			}
		],
		"maxvisualband":[
			{
				"value":"C",
				"derived":true,
				"source":"3,5"
			}
		],
		"maxvisualdate":[
			{
				"value":"2016/02/08",
				"derived":true,
				"source":"3,5"
			}
		],
		"ra":[
			{
				"value":"17:38:46.61",
				"u_value":"hours",
				"source":"3,4"
			}
		],
		"redshift":[
			{
				"value":"0.031041",
				"source":"3,4"
			}
		],
		"velocity":[
			{
				"value":"9161.5",
				"u_value":"km/s",
				"source":"5"
			}
		],
		"photometry":[
			{
				"time":"57169.230463",
				"band":"C",
				"magnitude":"19",
				"observer":"X.Gao",
				"system":"Vega",
				"u_time":"MJD",
				"upperlimit":true,
				"source":"3"
			},
			{
				"time":"57424.4667824",
				"band":"C",
				"magnitude":"17.1",
				"observer":"A.Li,X.Guo,C.Ji,P.Sun,X.Gao",
				"system":"Vega",
				"u_time":"MJD",
				"source":"3"
			},
			{
				"time":"57426.3440046",
				"band":"C",
				"magnitude":"16.5",
				"observer":"B.Tian",
				"system":"Vega",
				"u_time":"MJD",
				"source":"3"
			}
		]
	}
}