{
	"AT2016ccr":{
		"schema":"https://github.com/astrocatalogs/supernovae/blob/a0bc0b9/SCHEMA.md",
		"name":"AT2016ccr",
		"sources":[
			{
				"name":"2011ApJ...737..103S",
				"bibcode":"2011ApJ...737..103S",
				"reference":"Schlafly & Finkbeiner (2011)",
				"alias":"1"
			},
			{
				"name":"Transient Name Server",
				"url":"https://wis-tns.weizmann.ac.il/",
				"alias":"2"
			},
			{
				"name":"Latest Supernovae",
				"secondary":true,
				"url":"http://www.rochesterastronomy.org/snimages/snredshiftall.html",
				"alias":"3"
			},
			{
				"name":"The Open Supernova Catalog",
				"bibcode":"2017ApJ...835...64G",
				"reference":"Guillochon et al. (2017)",
				"secondary":true,
				"url":"https://sne.space",
				"alias":"4"
			}
		],
		"alias":[
			{
				"value":"AT2016ccr",
				"source":"2,3"
			}
		],
		"claimedtype":[
			{
				"value":"Candidate",
				"source":"4"
			}
		],
		"dec":[
			{
				"value":"+34:19:04.07",
				"u_value":"degrees",
				"source":"2,3"
			}
		],
		"discoverdate":[
			{
				"value":"2016/05/07.942859",
				"source":"2"
			}
		],
		"discoverer":[
			{
				"value":"Italian Supernovae Search Project",
				"source":"2,3"
			}
		],
		"ebv":[
			{
				"value":"0.0131",
				"derived":true,
				"e_value":"0.0013",
				"source":"1,4"
			}
		],
		"host":[
			{
				"value":"IC 2542",
				"source":"2,3"
			}
		],
		"maxappmag":[
			{
				"value":"18.3",
				"derived":true,
				"source":"2,4"
			}
		],
		"maxband":[
			{
				"value":"C",
				"derived":true,
				"source":"2,4"
			}
		],
		"maxdate":[
			{
				"value":"2016/05/07",
				"derived":true,
				"source":"2,4"
			}
		],
		"maxvisualappmag":[
			{
				"value":"18.3",
				"derived":true,
				"source":"2,4"
			}
		],
		"maxvisualband":[
			{
				"value":"C",
				"derived":true,
				"source":"2,4"
			}
		],
		"maxvisualdate":[
			{
				"value":"2016/05/07",
				"derived":true,
				"source":"2,4"
			}
		],
		"ra":[
			{
				"value":"10:07:50.15",
				"u_value":"hours",
				"source":"2"
			},
			{
				"value":"10:07:50.150",
				"u_value":"hours",
				"source":"2,3"
			}
		],
		"photometry":[
			{
				"time":"57371.5361343",
				"band":"C",
				"magnitude":"19",
				"observer":"Paolo Campaner",
				"u_time":"MJD",
				"upperlimit":true,
				"source":"2"
			},
			{
				"time":"57515.4428588",
				"band":"C",
				"magnitude":"18.3",
				"observer":"Paolo Campaner",
				"u_time":"MJD",
				"source":"2"
			}
		]
	}
}