{
	"AT2017axd":{
		"schema":"https://github.com/astrocatalogs/supernovae/blob/a0bc0b9/SCHEMA.md",
		"name":"AT2017axd",
		"sources":[
			{
				"name":"2016A&A...594A..13P",
				"bibcode":"2016A&A...594A..13P",
				"reference":"Planck Collaboration et al. (2016)",
				"alias":"1"
			},
			{
				"name":"2011ApJ...737..103S",
				"bibcode":"2011ApJ...737..103S",
				"reference":"Schlafly & Finkbeiner (2011)",
				"alias":"2"
			},
			{
				"name":"Transient Name Server",
				"url":"https://wis-tns.weizmann.ac.il/",
				"alias":"3"
			},
			{
				"name":"Gaia Photometric Science Alerts",
				"url":"http://gsaweb.ast.cam.ac.uk/alerts/alertsindex",
				"alias":"4"
			},
			{
				"name":"Latest Supernovae",
				"secondary":true,
				"url":"http://www.rochesterastronomy.org/snimages/snredshiftall.html",
				"alias":"5"
			},
			{
				"name":"The Open Supernova Catalog",
				"bibcode":"2017ApJ...835...64G",
				"reference":"Guillochon et al. (2017)",
				"secondary":true,
				"url":"https://sne.space",
				"alias":"6"
			}
		],
		"alias":[
			{
				"value":"AT2017axd",
				"source":"3,4,5"
			},
			{
				"value":"Gaia17all",
				"source":"3,5"
			}
		],
		"claimedtype":[
			{
				"value":"Candidate",
				"source":"4"
			}
		],
		"comovingdist":[
			{
				"value":"152.3",
				"derived":true,
				"u_value":"Mpc",
				"source":"1,3,6"
			}
		],
		"dec":[
			{
				"value":"+67:39:42.00",
				"u_value":"degrees",
				"source":"3,5"
			},
			{
				"value":"+67:39:42.12",
				"u_value":"degrees",
				"source":"4"
			}
		],
		"discoverdate":[
			{
				"value":"2017/02/16.823993",
				"source":"3"
			}
		],
		"discoverer":[
			{
				"value":"Dennis Denisenko",
				"source":"3,5"
			}
		],
		"ebv":[
			{
				"value":"0.07",
				"derived":true,
				"e_value":"0.0064",
				"source":"2,6"
			}
		],
		"host":[
			{
				"value":"LEDA 2703724",
				"source":"3,5"
			}
		],
		"hostcomovingdist":[
			{
				"value":"152.3",
				"derived":true,
				"source":"1,3,6"
			}
		],
		"hostlumdist":[
			{
				"value":"157.57",
				"derived":true,
				"source":"1,3,6"
			}
		],
		"hostredshift":[
			{
				"value":"0.03469",
				"source":"3"
			}
		],
		"hostvelocity":[
			{
				"value":"10220",
				"source":"6"
			}
		],
		"lumdist":[
			{
				"value":"157.57",
				"derived":true,
				"u_value":"Mpc",
				"source":"1,3,6"
			}
		],
		"maxabsmag":[
			{
				"value":"-19.29",
				"derived":true,
				"source":"1,3,6"
			}
		],
		"maxappmag":[
			{
				"value":"16.66",
				"derived":true,
				"source":"3,6"
			}
		],
		"maxband":[
			{
				"value":"R",
				"derived":true,
				"source":"3,6"
			}
		],
		"maxdate":[
			{
				"value":"2017/02/17",
				"derived":true,
				"source":"3,6"
			}
		],
		"maxvisualabsmag":[
			{
				"value":"-18.297",
				"derived":true,
				"source":"1,3,6"
			}
		],
		"maxvisualappmag":[
			{
				"value":"17.69",
				"derived":true,
				"source":"4,6"
			}
		],
		"maxvisualband":[
			{
				"value":"G",
				"derived":true,
				"source":"4,6"
			}
		],
		"maxvisualdate":[
			{
				"value":"2017/02/17",
				"derived":true,
				"source":"4,6"
			}
		],
		"ra":[
			{
				"value":"09:54:28.20",
				"u_value":"hours",
				"source":"3"
			},
			{
				"value":"09:54:28.200",
				"u_value":"hours",
				"source":"3,5"
			},
			{
				"value":"09:54:28.32",
				"u_value":"hours",
				"source":"4"
			}
		],
		"redshift":[
			{
				"value":"0.03469",
				"kind":"host",
				"source":"3"
			},
			{
				"value":"0.03469",
				"source":"3,5"
			}
		],
		"velocity":[
			{
				"value":"10220",
				"u_value":"km/s",
				"source":"6"
			}
		],
		"photometry":[
			{
				"time":"57790.5009954",
				"band":"G",
				"instrument":"Gaia-photometric",
				"magnitude":"21.5",
				"observer":"Robot",
				"telescope":"Gaia",
				"u_time":"MJD",
				"upperlimit":true,
				"source":"3"
			},
			{
				"time":"57800.8239931",
				"band":"R",
				"e_magnitude":"0.08",
				"magnitude":"16.75",
				"observer":"D. Cornelis",
				"u_time":"MJD",
				"source":"3"
			},
			{
				"time":"57801.21",
				"band":"R",
				"e_magnitude":"0.08",
				"magnitude":"16.66",
				"observer":"D. Cornelis",
				"u_time":"MJD",
				"source":"3"
			},
			{
				"time":"57801.7379977",
				"band":"G",
				"e_magnitude":"0.2",
				"instrument":"Gaia-photometric",
				"magnitude":"17.69",
				"observer":"Robot",
				"telescope":"Gaia",
				"u_time":"MJD",
				"source":"3"
			},
			{
				"time":"57801.739",
				"band":"G",
				"e_magnitude":"0.0",
				"magnitude":"17.69",
				"telescope":"GAIA",
				"u_time":"MJD",
				"source":"4"
			},
			{
				"time":"57801.813",
				"band":"G",
				"e_magnitude":"0.0",
				"magnitude":"17.7",
				"telescope":"GAIA",
				"u_time":"MJD",
				"source":"4"
			}
		]
	}
}