{
	"AT2016enl":{
		"schema":"https://github.com/astrocatalogs/supernovae/blob/a0bc0b9/SCHEMA.md",
		"name":"AT2016enl",
		"sources":[
			{
				"name":"ATel 9318",
				"bibcode":"2016ATel.9318....1T",
				"reference":"Tonry et al. (2016)",
				"url":"http://www.astronomerstelegram.org/?read=9318",
				"alias":"1"
			},
			{
				"name":"ATel 9358",
				"bibcode":"2016ATel.9358....1R",
				"reference":"Reynolds et al. (2016)",
				"url":"http://www.astronomerstelegram.org/?read=9358",
				"alias":"2"
			},
			{
				"name":"2011ApJ...737..103S",
				"bibcode":"2011ApJ...737..103S",
				"reference":"Schlafly & Finkbeiner (2011)",
				"alias":"3"
			},
			{
				"name":"Transient Name Server",
				"url":"https://wis-tns.weizmann.ac.il/",
				"alias":"4"
			},
			{
				"name":"Pan-STARRS 3Pi",
				"url":"http://psweb.mp.qub.ac.uk/ps1threepi/psdb/",
				"alias":"5"
			},
			{
				"name":"Latest Supernovae",
				"secondary":true,
				"url":"http://www.rochesterastronomy.org/snimages/snredshiftall.html",
				"alias":"6"
			},
			{
				"name":"The Open Supernova Catalog",
				"bibcode":"2017ApJ...835...64G",
				"reference":"Guillochon et al. (2017)",
				"secondary":true,
				"url":"https://sne.space",
				"alias":"7"
			}
		],
		"alias":[
			{
				"value":"AT2016enl",
				"source":"1,2,4,5,6"
			},
			{
				"value":"ATLAS16bwz",
				"source":"1,2,4,5,6"
			},
			{
				"value":"PS16dzc",
				"source":"1,6"
			}
		],
		"claimedtype":[
			{
				"value":"Candidate",
				"source":"7"
			}
		],
		"dec":[
			{
				"value":"-24:58:50.84",
				"u_value":"degrees",
				"source":"1,4,6"
			},
			{
				"value":"-24:58:51.8",
				"u_value":"degrees",
				"source":"1,2,5"
			}
		],
		"discoverdate":[
			{
				"value":"2016/08/01.455995",
				"source":"4"
			}
		],
		"discoverer":[
			{
				"value":"ATLAS",
				"source":"1,4,6"
			}
		],
		"ebv":[
			{
				"value":"0.0318",
				"derived":true,
				"e_value":"0.0007",
				"source":"3,7"
			}
		],
		"host":[
			{
				"value":"APMUKS(BJ) B220045.41-251326.5",
				"source":"1,2,5"
			}
		],
		"maxappmag":[
			{
				"value":"18.65",
				"derived":true,
				"source":"4,7"
			}
		],
		"maxband":[
			{
				"value":"cyan",
				"derived":true,
				"source":"4,7"
			}
		],
		"maxdate":[
			{
				"value":"2016/08/01",
				"derived":true,
				"source":"4,7"
			}
		],
		"maxvisualappmag":[
			{
				"value":"18.65",
				"derived":true,
				"source":"4,7"
			}
		],
		"maxvisualband":[
			{
				"value":"cyan",
				"derived":true,
				"source":"4,7"
			}
		],
		"maxvisualdate":[
			{
				"value":"2016/08/01",
				"derived":true,
				"source":"4,7"
			}
		],
		"ra":[
			{
				"value":"22:03:34.71",
				"u_value":"hours",
				"source":"4"
			},
			{
				"value":"22:03:34.710",
				"u_value":"hours",
				"source":"1,6"
			},
			{
				"value":"22:03:34.69",
				"u_value":"hours",
				"source":"1,2,5"
			}
		],
		"photometry":[
			{
				"time":"57567.0669907",
				"band":"orange",
				"instrument":"ACAM1",
				"magnitude":"18.08",
				"observer":"Robot",
				"telescope":"ATLAS1",
				"u_time":"MJD",
				"upperlimit":true,
				"source":"4"
			},
			{
				"time":"57601.4559954",
				"band":"cyan",
				"e_magnitude":"0.13",
				"instrument":"ACAM1",
				"magnitude":"18.65",
				"observer":"Robot",
				"telescope":"ATLAS1",
				"u_time":"MJD",
				"source":"4"
			},
			{
				"time":"57607.480864977",
				"band":"w",
				"e_magnitude":"0.0270557",
				"instrument":"GPC",
				"magnitude":"19.2541",
				"telescope":"Pan-STARRS1",
				"u_time":"MJD",
				"source":"1,2,5"
			},
			{
				"time":"57607.4809954",
				"band":"w",
				"e_magnitude":"0.03",
				"instrument":"GPC1",
				"magnitude":"19.25",
				"observer":"Robot",
				"telescope":"PS1",
				"u_time":"MJD",
				"source":"4"
			},
			{
				"time":"57607.4918434866",
				"band":"w",
				"e_magnitude":"0.0226478",
				"instrument":"GPC",
				"magnitude":"19.2632",
				"telescope":"Pan-STARRS1",
				"u_time":"MJD",
				"source":"1,2,5"
			},
			{
				"time":"57607.5028691151",
				"band":"w",
				"e_magnitude":"0.0209285",
				"instrument":"GPC",
				"magnitude":"19.2836",
				"telescope":"Pan-STARRS1",
				"u_time":"MJD",
				"source":"1,2,5"
			},
			{
				"time":"57607.5138485677",
				"band":"w",
				"e_magnitude":"0.0374634",
				"instrument":"GPC",
				"magnitude":"19.279",
				"telescope":"Pan-STARRS1",
				"u_time":"MJD",
				"source":"1,2,5"
			},
			{
				"time":"57609.458159485",
				"band":"w",
				"e_magnitude":"0.0304545",
				"instrument":"GPC",
				"magnitude":"19.3894",
				"telescope":"Pan-STARRS1",
				"u_time":"MJD",
				"source":"1,2,5"
			},
			{
				"time":"57609.469370149",
				"band":"w",
				"e_magnitude":"0.0292536",
				"instrument":"GPC",
				"magnitude":"19.4247",
				"telescope":"Pan-STARRS1",
				"u_time":"MJD",
				"source":"1,2,5"
			},
			{
				"time":"57609.4805690003",
				"band":"w",
				"e_magnitude":"0.0296041",
				"instrument":"GPC",
				"magnitude":"19.398",
				"telescope":"Pan-STARRS1",
				"u_time":"MJD",
				"source":"1,2,5"
			},
			{
				"time":"57609.4917735811",
				"band":"w",
				"e_magnitude":"0.0344069",
				"instrument":"GPC",
				"magnitude":"19.4279",
				"telescope":"Pan-STARRS1",
				"u_time":"MJD",
				"source":"1,2,5"
			},
			{
				"time":"57610.4344891399",
				"band":"w",
				"e_magnitude":"0.0387059",
				"instrument":"GPC",
				"magnitude":"19.4544",
				"telescope":"Pan-STARRS1",
				"u_time":"MJD",
				"source":"1,2,5"
			},
			{
				"time":"57610.4448296459",
				"band":"w",
				"e_magnitude":"0.0328007",
				"instrument":"GPC",
				"magnitude":"19.4641",
				"telescope":"Pan-STARRS1",
				"u_time":"MJD",
				"source":"1,2,5"
			},
			{
				"time":"57610.4551358456",
				"band":"w",
				"e_magnitude":"0.035524",
				"instrument":"GPC",
				"magnitude":"19.4715",
				"telescope":"Pan-STARRS1",
				"u_time":"MJD",
				"source":"1,2,5"
			},
			{
				"time":"57610.4654233592",
				"band":"w",
				"e_magnitude":"0.0401506",
				"instrument":"GPC",
				"magnitude":"19.4439",
				"telescope":"Pan-STARRS1",
				"u_time":"MJD",
				"source":"1,2,5"
			},
			{
				"time":"57611.4519437511",
				"band":"w",
				"e_magnitude":"0.0520345",
				"instrument":"GPC",
				"magnitude":"19.5753",
				"telescope":"Pan-STARRS1",
				"u_time":"MJD",
				"source":"1,2,5"
			},
			{
				"time":"57611.463383392",
				"band":"w",
				"e_magnitude":"0.0351361",
				"instrument":"GPC",
				"magnitude":"19.5522",
				"telescope":"Pan-STARRS1",
				"u_time":"MJD",
				"source":"1,2,5"
			},
			{
				"time":"57611.4748136289",
				"band":"w",
				"e_magnitude":"0.0483888",
				"instrument":"GPC",
				"magnitude":"19.5304",
				"telescope":"Pan-STARRS1",
				"u_time":"MJD",
				"source":"1,2,5"
			},
			{
				"time":"57611.4862661046",
				"band":"w",
				"e_magnitude":"0.0442228",
				"instrument":"GPC",
				"magnitude":"19.5919",
				"telescope":"Pan-STARRS1",
				"u_time":"MJD",
				"source":"1,2,5"
			},
			{
				"time":"57638.3794325712",
				"band":"w",
				"e_magnitude":"0.0950131",
				"instrument":"GPC",
				"magnitude":"20.8235",
				"telescope":"Pan-STARRS1",
				"u_time":"MJD",
				"source":"1,2,5"
			},
			{
				"time":"57638.3897744626",
				"band":"w",
				"e_magnitude":"0.0954864",
				"instrument":"GPC",
				"magnitude":"20.7668",
				"telescope":"Pan-STARRS1",
				"u_time":"MJD",
				"source":"1,2,5"
			},
			{
				"time":"57638.4000995159",
				"band":"w",
				"e_magnitude":"0.099256",
				"instrument":"GPC",
				"magnitude":"20.8521",
				"telescope":"Pan-STARRS1",
				"u_time":"MJD",
				"source":"1,2,5"
			},
			{
				"time":"57638.4104221953",
				"band":"w",
				"e_magnitude":"0.0958956",
				"instrument":"GPC",
				"magnitude":"20.7915",
				"telescope":"Pan-STARRS1",
				"u_time":"MJD",
				"source":"1,2,5"
			}
		]
	}
}