{
	"AT2016ijd":{
		"schema":"https://github.com/astrocatalogs/supernovae/blob/a0bc0b9/SCHEMA.md",
		"name":"AT2016ijd",
		"sources":[
			{
				"name":"2016A&A...594A..13P",
				"bibcode":"2016A&A...594A..13P",
				"reference":"Planck Collaboration et al. (2016)",
				"alias":"1"
			},
			{
				"name":"2011ApJ...737..103S",
				"bibcode":"2011ApJ...737..103S",
				"reference":"Schlafly & Finkbeiner (2011)",
				"alias":"2"
			},
			{
				"name":"Transient Name Server",
				"url":"https://wis-tns.weizmann.ac.il/",
				"alias":"3"
			},
			{
				"name":"Latest Supernovae",
				"secondary":true,
				"url":"http://www.rochesterastronomy.org/snimages/snredshiftall.html",
				"alias":"4"
			},
			{
				"name":"The Open Supernova Catalog",
				"bibcode":"2017ApJ...835...64G",
				"reference":"Guillochon et al. (2017)",
				"secondary":true,
				"url":"https://sne.space",
				"alias":"5"
			}
		],
		"alias":[
			{
				"value":"AT2016ijd",
				"source":"3,4"
			}
		],
		"claimedtype":[
			{
				"value":"Candidate",
				"source":"5"
			}
		],
		"comovingdist":[
			{
				"value":"217",
				"derived":true,
				"u_value":"Mpc",
				"source":"1,3,5"
			}
		],
		"dec":[
			{
				"value":"+13:16:21.50",
				"u_value":"degrees",
				"source":"3,4"
			}
		],
		"discoverdate":[
			{
				"value":"2016/11/22.58",
				"source":"3"
			}
		],
		"discoverer":[
			{
				"value":"TNTS",
				"source":"3,4"
			}
		],
		"ebv":[
			{
				"value":"0.0217",
				"derived":true,
				"e_value":"0.0014",
				"source":"2,5"
			}
		],
		"host":[
			{
				"value":"UGC 774",
				"source":"3,4"
			}
		],
		"hostcomovingdist":[
			{
				"value":"217",
				"derived":true,
				"source":"1,3,5"
			}
		],
		"hostlumdist":[
			{
				"value":"227.7",
				"derived":true,
				"source":"1,3,5"
			}
		],
		"hostredshift":[
			{
				"value":"0.0496",
				"source":"3"
			}
		],
		"hostvelocity":[
			{
				"value":"14500",
				"source":"5"
			}
		],
		"lumdist":[
			{
				"value":"227.7",
				"derived":true,
				"u_value":"Mpc",
				"source":"1,3,5"
			}
		],
		"maxabsmag":[
			{
				"value":"-17.73",
				"derived":true,
				"source":"1,3,5"
			}
		],
		"maxappmag":[
			{
				"value":"19",
				"derived":true,
				"source":"3,5"
			}
		],
		"maxband":[
			{
				"value":"C",
				"derived":true,
				"source":"3,5"
			}
		],
		"maxdate":[
			{
				"value":"2016/11/22",
				"derived":true,
				"source":"3,5"
			}
		],
		"maxvisualabsmag":[
			{
				"value":"-17.79",
				"derived":true,
				"source":"1,3,5"
			}
		],
		"maxvisualappmag":[
			{
				"value":"19",
				"derived":true,
				"source":"3,5"
			}
		],
		"maxvisualband":[
			{
				"value":"C",
				"derived":true,
				"source":"3,5"
			}
		],
		"maxvisualdate":[
			{
				"value":"2016/11/22",
				"derived":true,
				"source":"3,5"
			}
		],
		"ra":[
			{
				"value":"01:13:50.99",
				"u_value":"hours",
				"source":"3"
			},
			{
				"value":"01:13:50.990",
				"u_value":"hours",
				"source":"3,4"
			}
		],
		"redshift":[
			{
				"value":"0.0496",
				"kind":"host",
				"source":"3"
			},
			{
				"value":"0.0496",
				"source":"3,4"
			}
		],
		"velocity":[
			{
				"value":"14500",
				"u_value":"km/s",
				"source":"5"
			}
		],
		"photometry":[
			{
				"time":"57714.08",
				"band":"C",
				"instrument":"BATC",
				"magnitude":"19",
				"system":"Vega",
				"telescope":"BAO-0.6m",
				"u_time":"MJD",
				"source":"3"
			}
		]
	}
}