{
	"AT2016gud":{
		"schema":"https://github.com/astrocatalogs/supernovae/blob/a0bc0b9/SCHEMA.md",
		"name":"AT2016gud",
		"sources":[
			{
				"name":"2016A&A...594A..13P",
				"bibcode":"2016A&A...594A..13P",
				"reference":"Planck Collaboration et al. (2016)",
				"alias":"1"
			},
			{
				"name":"2011ApJ...737..103S",
				"bibcode":"2011ApJ...737..103S",
				"reference":"Schlafly & Finkbeiner (2011)",
				"alias":"2"
			},
			{
				"name":"Transient Name Server",
				"url":"https://wis-tns.weizmann.ac.il/",
				"alias":"3"
			},
			{
				"name":"Latest Supernovae",
				"secondary":true,
				"url":"http://www.rochesterastronomy.org/snimages/snredshiftall.html",
				"alias":"4"
			},
			{
				"name":"The Open Supernova Catalog",
				"bibcode":"2017ApJ...835...64G",
				"reference":"Guillochon et al. (2017)",
				"secondary":true,
				"url":"https://sne.space",
				"alias":"5"
			}
		],
		"alias":[
			{
				"value":"AT2016gud",
				"source":"3,4"
			}
		],
		"claimedtype":[
			{
				"value":"Candidate",
				"source":"5"
			}
		],
		"comovingdist":[
			{
				"value":"117",
				"derived":true,
				"u_value":"Mpc",
				"source":"1,3,5"
			}
		],
		"dec":[
			{
				"value":"+24:54:08.40",
				"u_value":"degrees",
				"source":"3,4"
			}
		],
		"discoverdate":[
			{
				"value":"2016/09/30.51",
				"source":"3"
			}
		],
		"discoverer":[
			{
				"value":"TNTS",
				"source":"3,4"
			}
		],
		"ebv":[
			{
				"value":"0.0809",
				"derived":true,
				"e_value":"0.0052",
				"source":"2,5"
			}
		],
		"host":[
			{
				"value":"NGC 7527",
				"source":"3,4"
			}
		],
		"hostcomovingdist":[
			{
				"value":"117",
				"derived":true,
				"source":"1,3,5"
			}
		],
		"hostlumdist":[
			{
				"value":"120.1",
				"derived":true,
				"source":"1,3,5"
			}
		],
		"hostredshift":[
			{
				"value":"0.0266",
				"source":"3"
			}
		],
		"hostvelocity":[
			{
				"value":"7870",
				"source":"5"
			}
		],
		"lumdist":[
			{
				"value":"120.1",
				"derived":true,
				"u_value":"Mpc",
				"source":"1,3,5"
			}
		],
		"maxabsmag":[
			{
				"value":"-17.97",
				"derived":true,
				"source":"1,3,5"
			}
		],
		"maxappmag":[
			{
				"value":"17.4",
				"derived":true,
				"source":"3,4,5"
			}
		],
		"maxdate":[
			{
				"value":"2016/09/29",
				"derived":true,
				"source":"3,4,5"
			}
		],
		"maxvisualabsmag":[
			{
				"value":"-18",
				"derived":true,
				"source":"1,3,5"
			}
		],
		"maxvisualappmag":[
			{
				"value":"17.4",
				"derived":true,
				"source":"3,4,5"
			}
		],
		"maxvisualdate":[
			{
				"value":"2016/09/29",
				"derived":true,
				"source":"3,4,5"
			}
		],
		"ra":[
			{
				"value":"23:13:41.89",
				"u_value":"hours",
				"source":"3"
			},
			{
				"value":"23:13:41.890",
				"u_value":"hours",
				"source":"3,4"
			}
		],
		"redshift":[
			{
				"value":"0.0266",
				"kind":"host",
				"source":"3"
			},
			{
				"value":"0.0266",
				"source":"3,4"
			}
		],
		"velocity":[
			{
				"value":"7870",
				"u_value":"km/s",
				"source":"5"
			}
		],
		"photometry":[
			{
				"time":"57660.5",
				"magnitude":"17.4",
				"u_time":"MJD",
				"source":"3,4"
			},
			{
				"time":"57661.51",
				"band":"C",
				"instrument":"BATC",
				"magnitude":"17.4",
				"system":"Vega",
				"telescope":"BAO-0.6m",
				"u_time":"MJD",
				"source":"3"
			}
		]
	}
}