{
	"AT2016csl":{
		"schema":"https://github.com/astrocatalogs/supernovae/blob/a0bc0b9/SCHEMA.md",
		"name":"AT2016csl",
		"sources":[
			{
				"name":"ATel 9131",
				"bibcode":"2016ATel.9131....1T",
				"reference":"Tonry et al. (2016)",
				"url":"http://www.astronomerstelegram.org/?read=9131",
				"alias":"1"
			},
			{
				"name":"2011ApJ...737..103S",
				"bibcode":"2011ApJ...737..103S",
				"reference":"Schlafly & Finkbeiner (2011)",
				"alias":"2"
			},
			{
				"name":"Transient Name Server",
				"url":"https://wis-tns.weizmann.ac.il/",
				"alias":"3"
			},
			{
				"name":"Gaia Photometric Science Alerts",
				"url":"http://gsaweb.ast.cam.ac.uk/alerts/alertsindex",
				"alias":"4"
			},
			{
				"name":"Latest Supernovae",
				"secondary":true,
				"url":"http://www.rochesterastronomy.org/snimages/snredshiftall.html",
				"alias":"5"
			},
			{
				"name":"The Open Supernova Catalog",
				"bibcode":"2017ApJ...835...64G",
				"reference":"Guillochon et al. (2017)",
				"secondary":true,
				"url":"https://sne.space",
				"alias":"6"
			}
		],
		"alias":[
			{
				"value":"AT2016csl",
				"source":"1,3,4,5,6"
			},
			{
				"value":"Gaia16arm",
				"source":"1,5,6"
			},
			{
				"value":"ATLAS16bce",
				"source":"1,3,5"
			}
		],
		"claimedtype":[
			{
				"value":"Candidate",
				"source":"4"
			}
		],
		"dec":[
			{
				"value":"+24:48:48.51",
				"u_value":"degrees",
				"source":"1,3,5"
			},
			{
				"value":"+24:48:48.24",
				"u_value":"degrees",
				"source":"4"
			}
		],
		"discoverdate":[
			{
				"value":"2016/06/03.415995",
				"source":"3"
			}
		],
		"discoverer":[
			{
				"value":"ATLAS",
				"source":"1,3,5"
			}
		],
		"ebv":[
			{
				"value":"0.0609",
				"derived":true,
				"e_value":"0.0048",
				"source":"2,6"
			}
		],
		"maxappmag":[
			{
				"value":"18.02",
				"derived":true,
				"source":"4,6"
			}
		],
		"maxband":[
			{
				"value":"G",
				"derived":true,
				"source":"4,6"
			}
		],
		"maxdate":[
			{
				"value":"2016/06/09",
				"derived":true,
				"source":"4,6"
			}
		],
		"maxvisualappmag":[
			{
				"value":"18.02",
				"derived":true,
				"source":"4,6"
			}
		],
		"maxvisualband":[
			{
				"value":"G",
				"derived":true,
				"source":"4,6"
			}
		],
		"maxvisualdate":[
			{
				"value":"2016/06/09",
				"derived":true,
				"source":"4,6"
			}
		],
		"ra":[
			{
				"value":"16:51:01.67",
				"u_value":"hours",
				"source":"3"
			},
			{
				"value":"16:51:01.670",
				"u_value":"hours",
				"source":"1,5"
			},
			{
				"value":"16:51:01.68",
				"u_value":"hours",
				"source":"4"
			}
		],
		"photometry":[
			{
				"time":"57495.3869907",
				"band":"G",
				"instrument":"Gaia-photometric",
				"magnitude":"21.5",
				"observer":"Robot",
				"telescope":"Gaia",
				"u_time":"MJD",
				"upperlimit":true,
				"source":"3"
			},
			{
				"time":"57537.245",
				"band":"cyan",
				"instrument":"ACAM1",
				"magnitude":"17.88",
				"observer":"Robot",
				"telescope":"ATLAS1",
				"u_time":"MJD",
				"upperlimit":true,
				"source":"3"
			},
			{
				"time":"57542.3209954",
				"band":"G",
				"e_magnitude":"0.2",
				"instrument":"Gaia-photometric",
				"magnitude":"18.49",
				"observer":"Robot",
				"telescope":"Gaia",
				"u_time":"MJD",
				"source":"3"
			},
			{
				"time":"57542.322",
				"band":"G",
				"e_magnitude":"0.0",
				"magnitude":"18.49",
				"telescope":"GAIA",
				"u_time":"MJD",
				"source":"4"
			},
			{
				"time":"57542.396",
				"band":"G",
				"e_magnitude":"0.0",
				"magnitude":"18.49",
				"telescope":"GAIA",
				"u_time":"MJD",
				"source":"4"
			},
			{
				"time":"57542.4159954",
				"band":"cyan",
				"e_magnitude":"0.17",
				"instrument":"ACAM1",
				"magnitude":"18.91",
				"observer":"Robot",
				"telescope":"ATLAS1",
				"u_time":"MJD",
				"source":"3"
			},
			{
				"time":"57542.573",
				"band":"G",
				"e_magnitude":"0.0",
				"magnitude":"18.73",
				"telescope":"GAIA",
				"u_time":"MJD",
				"source":"4"
			},
			{
				"time":"57542.647",
				"band":"G",
				"e_magnitude":"0.0",
				"magnitude":"18.44",
				"telescope":"GAIA",
				"u_time":"MJD",
				"source":"4"
			},
			{
				"time":"57548.650",
				"band":"G",
				"e_magnitude":"0.0",
				"magnitude":"18.07",
				"telescope":"GAIA",
				"u_time":"MJD",
				"source":"4"
			},
			{
				"time":"57548.826",
				"band":"G",
				"e_magnitude":"0.0",
				"magnitude":"18.18",
				"telescope":"GAIA",
				"u_time":"MJD",
				"source":"4"
			},
			{
				"time":"57548.900",
				"band":"G",
				"e_magnitude":"0.0",
				"magnitude":"18.02",
				"telescope":"GAIA",
				"u_time":"MJD",
				"source":"4"
			},
			{
				"time":"57549.076",
				"band":"G",
				"e_magnitude":"0.0",
				"magnitude":"18.02",
				"telescope":"GAIA",
				"u_time":"MJD",
				"source":"4"
			},
			{
				"time":"57617.589",
				"band":"G",
				"e_magnitude":"0.0",
				"magnitude":"20.4",
				"telescope":"GAIA",
				"u_time":"MJD",
				"source":"4"
			}
		]
	}
}