{
	"AT2016fbe":{
		"schema":"https://github.com/astrocatalogs/supernovae/blob/a0bc0b9/SCHEMA.md",
		"name":"AT2016fbe",
		"sources":[
			{
				"name":"2011ApJ...737..103S",
				"bibcode":"2011ApJ...737..103S",
				"reference":"Schlafly & Finkbeiner (2011)",
				"alias":"1"
			},
			{
				"name":"Transient Name Server",
				"url":"https://wis-tns.weizmann.ac.il/",
				"alias":"2"
			},
			{
				"name":"Latest Supernovae",
				"secondary":true,
				"url":"http://www.rochesterastronomy.org/snimages/snredshiftall.html",
				"alias":"3"
			},
			{
				"name":"The Open Supernova Catalog",
				"bibcode":"2017ApJ...835...64G",
				"reference":"Guillochon et al. (2017)",
				"secondary":true,
				"url":"https://sne.space",
				"alias":"4"
			}
		],
		"alias":[
			{
				"value":"AT2016fbe",
				"source":"2,3"
			},
			{
				"value":"DLT16r",
				"source":"2,3"
			}
		],
		"claimedtype":[
			{
				"value":"Candidate",
				"source":"4"
			}
		],
		"dec":[
			{
				"value":"-59:58:40.04",
				"u_value":"degrees",
				"source":"2,3"
			}
		],
		"discoverdate":[
			{
				"value":"2016/08/14.155833",
				"source":"2"
			}
		],
		"discoverer":[
			{
				"value":"DLT40",
				"source":"2"
			},
			{
				"value":"Leonardo Tartaglia",
				"source":"2,3"
			}
		],
		"ebv":[
			{
				"value":"0.1754",
				"derived":true,
				"e_value":"0.0048",
				"source":"1,4"
			}
		],
		"host":[
			{
				"value":"ESO 137-027",
				"source":"2"
			},
			{
				"value":"ESO 137-G27",
				"source":"2,3"
			}
		],
		"maxappmag":[
			{
				"value":"17.8",
				"derived":true,
				"source":"2,4"
			}
		],
		"maxband":[
			{
				"value":"C",
				"derived":true,
				"source":"2,4"
			}
		],
		"maxdate":[
			{
				"value":"2016/04/14",
				"derived":true,
				"source":"2,4"
			}
		],
		"maxvisualappmag":[
			{
				"value":"17.8",
				"derived":true,
				"source":"2,4"
			}
		],
		"maxvisualband":[
			{
				"value":"C",
				"derived":true,
				"source":"2,4"
			}
		],
		"maxvisualdate":[
			{
				"value":"2016/04/14",
				"derived":true,
				"source":"2,4"
			}
		],
		"ra":[
			{
				"value":"16:26:27.83",
				"u_value":"hours",
				"source":"2"
			},
			{
				"value":"16:26:27.830",
				"u_value":"hours",
				"source":"2,3"
			}
		],
		"photometry":[
			{
				"time":"57492.1558333",
				"band":"C",
				"e_magnitude":"0.1",
				"magnitude":"17.8",
				"observer":"Robotic",
				"u_time":"MJD",
				"source":"2"
			},
			{
				"time":"57613.1583796",
				"band":"C",
				"magnitude":"19.5",
				"observer":"Robotic",
				"u_time":"MJD",
				"upperlimit":true,
				"source":"2"
			}
		]
	}
}