{
	"AT2016cyn":{
		"schema":"https://github.com/astrocatalogs/supernovae/blob/a0bc0b9/SCHEMA.md",
		"name":"AT2016cyn",
		"sources":[
			{
				"name":"2011ApJ...737..103S",
				"bibcode":"2011ApJ...737..103S",
				"reference":"Schlafly & Finkbeiner (2011)",
				"alias":"1"
			},
			{
				"name":"Transient Name Server",
				"url":"https://wis-tns.weizmann.ac.il/",
				"alias":"2"
			},
			{
				"name":"Gaia Photometric Science Alerts",
				"url":"http://gsaweb.ast.cam.ac.uk/alerts/alertsindex",
				"alias":"3"
			},
			{
				"name":"Pan-STARRS 3Pi",
				"url":"http://psweb.mp.qub.ac.uk/ps1threepi/psdb/",
				"alias":"4"
			},
			{
				"name":"CPCS Alert 26409",
				"url":"http://gsaweb.ast.cam.ac.uk/followup/get_alert_lc_data?alert_id=26409",
				"alias":"5"
			},
			{
				"name":"Cambridge Photometric Calibration Server",
				"secondary":true,
				"url":"http://gsaweb.ast.cam.ac.uk/followup/",
				"alias":"6"
			},
			{
				"name":"Latest Supernovae",
				"secondary":true,
				"url":"http://www.rochesterastronomy.org/snimages/snredshiftall.html",
				"alias":"7"
			},
			{
				"name":"The Open Supernova Catalog",
				"bibcode":"2017ApJ...835...64G",
				"reference":"Guillochon et al. (2017)",
				"secondary":true,
				"url":"https://sne.space",
				"alias":"8"
			}
		],
		"alias":[
			{
				"value":"AT2016cyn",
				"source":"2,3,4,7,8"
			},
			{
				"value":"Gaia16avn",
				"source":"2,6,7,8"
			},
			{
				"value":"ATLAS16bmi",
				"source":"2,7"
			},
			{
				"value":"PS16dde",
				"source":"2,7"
			}
		],
		"claimedtype":[
			{
				"value":"Candidate",
				"source":"3"
			}
		],
		"dec":[
			{
				"value":"+11:22:08.35",
				"u_value":"degrees",
				"source":"2,7"
			},
			{
				"value":"+11:22:07.68",
				"u_value":"degrees",
				"source":"3,6"
			},
			{
				"value":"+11:22:07.8",
				"u_value":"degrees",
				"source":"4"
			}
		],
		"discoverdate":[
			{
				"value":"2016/06/19.392998",
				"source":"2"
			}
		],
		"discoverer":[
			{
				"value":"ATLAS",
				"source":"2,7"
			}
		],
		"ebv":[
			{
				"value":"0.0402",
				"derived":true,
				"e_value":"0.0006",
				"source":"1,8"
			}
		],
		"host":[
			{
				"value":"CGCG 077-034",
				"source":"2,4,7"
			}
		],
		"maxappmag":[
			{
				"value":"16.72",
				"derived":true,
				"source":"5,6,8"
			}
		],
		"maxband":[
			{
				"value":"R",
				"derived":true,
				"source":"5,6,8"
			}
		],
		"maxdate":[
			{
				"value":"2016/07/30",
				"derived":true,
				"source":"5,6,8"
			}
		],
		"maxvisualappmag":[
			{
				"value":"18.55",
				"derived":true,
				"source":"5,6,8"
			}
		],
		"maxvisualband":[
			{
				"value":"B",
				"derived":true,
				"source":"5,6,8"
			}
		],
		"maxvisualdate":[
			{
				"value":"2017/03/24",
				"derived":true,
				"source":"5,6,8"
			}
		],
		"ra":[
			{
				"value":"15:11:13.34",
				"u_value":"hours",
				"source":"2"
			},
			{
				"value":"15:11:13.340",
				"u_value":"hours",
				"source":"2,7"
			},
			{
				"value":"15:11:13.44",
				"u_value":"hours",
				"source":"3,6"
			},
			{
				"value":"15:11:13.39",
				"u_value":"hours",
				"source":"4"
			}
		],
		"photometry":[
			{
				"time":"57441.4289931",
				"band":"G",
				"instrument":"Gaia-photometric",
				"magnitude":"21.5",
				"observer":"Robot",
				"telescope":"Gaia",
				"u_time":"MJD",
				"upperlimit":true,
				"source":"2"
			},
			{
				"time":"57547.3859954",
				"band":"cyan",
				"instrument":"ACAM1",
				"magnitude":"19.77",
				"observer":"Robot",
				"telescope":"ATLAS1",
				"u_time":"MJD",
				"upperlimit":true,
				"source":"2"
			},
			{
				"time":"57558.3929977",
				"band":"orange",
				"e_magnitude":"0.16",
				"instrument":"ACAM1",
				"magnitude":"17.9",
				"observer":"Robot",
				"telescope":"ATLAS1",
				"u_time":"MJD",
				"source":"2"
			},
			{
				"time":"57587.3357444463",
				"band":"i",
				"e_magnitude":"0.031686",
				"instrument":"GPC",
				"magnitude":"18.0249",
				"telescope":"Pan-STARRS1",
				"u_time":"MJD",
				"source":"4"
			},
			{
				"time":"57587.3475770922",
				"band":"i",
				"e_magnitude":"0.0294252",
				"instrument":"GPC",
				"magnitude":"18.0435",
				"telescope":"Pan-STARRS1",
				"u_time":"MJD",
				"source":"4"
			},
			{
				"time":"57587.3594068303",
				"band":"i",
				"e_magnitude":"0.0503334",
				"instrument":"GPC",
				"magnitude":"17.9598",
				"telescope":"Pan-STARRS1",
				"u_time":"MJD",
				"source":"4"
			},
			{
				"time":"57587.3712797682",
				"band":"i",
				"e_magnitude":"0.0185565",
				"instrument":"GPC",
				"magnitude":"18.0225",
				"telescope":"Pan-STARRS1",
				"u_time":"MJD",
				"source":"4"
			},
			{
				"time":"57588.008",
				"band":"G",
				"e_magnitude":"0.0",
				"magnitude":"18.06",
				"telescope":"GAIA",
				"u_time":"MJD",
				"source":"3"
			},
			{
				"time":"57588.082",
				"band":"G",
				"e_magnitude":"0.0",
				"magnitude":"18.06",
				"telescope":"GAIA",
				"u_time":"MJD",
				"source":"3"
			},
			{
				"time":"57588.5069907",
				"band":"G",
				"e_magnitude":"0.2",
				"instrument":"Gaia-photometric",
				"magnitude":"18.06",
				"observer":"Robot",
				"telescope":"Gaia",
				"u_time":"MJD",
				"source":"2"
			},
			{
				"time":"57599.8332",
				"band":"i",
				"e_magnitude":"0.0605",
				"magnitude":"17.2374",
				"observatory":"BAS NAO 2m Rozhen",
				"u_time":"MJD",
				"source":"5,6"
			},
			{
				"time":"57599.8383",
				"band":"i",
				"e_magnitude":"0.0134",
				"magnitude":"17.1181",
				"observatory":"BAS NAO 2m Rozhen",
				"u_time":"MJD",
				"source":"5,6"
			},
			{
				"time":"57599.8426",
				"band":"i",
				"e_magnitude":"0.0156",
				"magnitude":"17.0669",
				"observatory":"BAS NAO 2m Rozhen",
				"u_time":"MJD",
				"source":"5,6"
			},
			{
				"time":"57599.8472",
				"band":"R",
				"e_magnitude":"0.0057",
				"magnitude":"16.7222",
				"observatory":"BAS NAO 2m Rozhen",
				"u_time":"MJD",
				"source":"5,6"
			},
			{
				"time":"57599.8509",
				"band":"R",
				"e_magnitude":"0.0075",
				"magnitude":"17.023",
				"observatory":"BAS NAO 2m Rozhen",
				"u_time":"MJD",
				"source":"5,6"
			},
			{
				"time":"57599.8592",
				"band":"V",
				"e_magnitude":"0.0116",
				"magnitude":"16.9409",
				"observatory":"BAS NAO 2m Rozhen",
				"u_time":"MJD",
				"source":"5,6"
			},
			{
				"time":"57599.8631",
				"band":"r",
				"e_magnitude":"0.0109",
				"magnitude":"16.8688",
				"observatory":"BAS NAO 2m Rozhen",
				"u_time":"MJD",
				"source":"5,6"
			},
			{
				"time":"57617.744",
				"band":"G",
				"e_magnitude":"0.0",
				"magnitude":"18.6",
				"telescope":"GAIA",
				"u_time":"MJD",
				"source":"3"
			},
			{
				"time":"57617.818",
				"band":"G",
				"e_magnitude":"0.0",
				"magnitude":"18.29",
				"telescope":"GAIA",
				"u_time":"MJD",
				"source":"3"
			},
			{
				"time":"57642.491",
				"band":"G",
				"e_magnitude":"0.0",
				"magnitude":"18.63",
				"telescope":"GAIA",
				"u_time":"MJD",
				"source":"3"
			},
			{
				"time":"57642.565",
				"band":"G",
				"e_magnitude":"0.0",
				"magnitude":"18.64",
				"telescope":"GAIA",
				"u_time":"MJD",
				"source":"3"
			},
			{
				"time":"57765.243",
				"band":"G",
				"e_magnitude":"0.0",
				"magnitude":"20.11",
				"telescope":"GAIA",
				"u_time":"MJD",
				"source":"3"
			},
			{
				"time":"57765.317",
				"band":"G",
				"e_magnitude":"0.0",
				"magnitude":"20.09",
				"telescope":"GAIA",
				"u_time":"MJD",
				"source":"3"
			},
			{
				"time":"57809.2265",
				"band":"B",
				"magnitude":"19.7269",
				"observatory":"Liam Hardy pt5m",
				"u_time":"MJD",
				"source":"5,6"
			},
			{
				"time":"57809.2332",
				"band":"V",
				"magnitude":"20.0135",
				"observatory":"Liam Hardy pt5m",
				"u_time":"MJD",
				"source":"5,6"
			},
			{
				"time":"57809.2399",
				"band":"R",
				"magnitude":"20.1801",
				"observatory":"Liam Hardy pt5m",
				"u_time":"MJD",
				"source":"5,6"
			},
			{
				"time":"57809.2466",
				"band":"I",
				"magnitude":"19.1739",
				"observatory":"Liam Hardy pt5m",
				"u_time":"MJD",
				"source":"5,6"
			},
			{
				"time":"57810.228",
				"band":"B",
				"magnitude":"20.0231",
				"observatory":"Liam Hardy pt5m",
				"u_time":"MJD",
				"source":"5,6"
			},
			{
				"time":"57810.2347",
				"band":"V",
				"magnitude":"19.9454",
				"observatory":"Liam Hardy pt5m",
				"u_time":"MJD",
				"source":"5,6"
			},
			{
				"time":"57810.2414",
				"band":"R",
				"magnitude":"20.0102",
				"observatory":"Liam Hardy pt5m",
				"u_time":"MJD",
				"source":"5,6"
			},
			{
				"time":"57810.2459",
				"band":"I",
				"magnitude":"18.4464",
				"observatory":"Liam Hardy pt5m",
				"u_time":"MJD",
				"source":"5,6"
			},
			{
				"time":"57812.2137",
				"band":"B",
				"magnitude":"19.4254",
				"observatory":"Liam Hardy pt5m",
				"u_time":"MJD",
				"source":"5,6"
			},
			{
				"time":"57812.2204",
				"band":"V",
				"magnitude":"19.9108",
				"observatory":"Liam Hardy pt5m",
				"u_time":"MJD",
				"source":"5,6"
			},
			{
				"time":"57812.2271",
				"band":"R",
				"magnitude":"20.3842",
				"observatory":"Liam Hardy pt5m",
				"u_time":"MJD",
				"source":"5,6"
			},
			{
				"time":"57812.2315",
				"band":"I",
				"magnitude":"17.5522",
				"observatory":"Liam Hardy pt5m",
				"u_time":"MJD",
				"source":"5,6"
			},
			{
				"time":"57812.236",
				"band":"I",
				"magnitude":"17.7366",
				"observatory":"Liam Hardy pt5m",
				"u_time":"MJD",
				"source":"5,6"
			},
			{
				"time":"57813.2121",
				"band":"B",
				"magnitude":"18.8539",
				"observatory":"Liam Hardy pt5m",
				"u_time":"MJD",
				"source":"5,6"
			},
			{
				"time":"57813.219",
				"band":"V",
				"magnitude":"19.2379",
				"observatory":"Liam Hardy pt5m",
				"u_time":"MJD",
				"source":"5,6"
			},
			{
				"time":"57813.2257",
				"band":"R",
				"magnitude":"19.7279",
				"observatory":"Liam Hardy pt5m",
				"u_time":"MJD",
				"source":"5,6"
			},
			{
				"time":"57813.2323",
				"band":"I",
				"magnitude":"18.8439",
				"observatory":"Liam Hardy pt5m",
				"u_time":"MJD",
				"source":"5,6"
			},
			{
				"time":"57814.2213",
				"band":"B",
				"magnitude":"19.3871",
				"observatory":"Liam Hardy pt5m",
				"u_time":"MJD",
				"source":"5,6"
			},
			{
				"time":"57814.228",
				"band":"V",
				"magnitude":"19.8567",
				"observatory":"Liam Hardy pt5m",
				"u_time":"MJD",
				"source":"5,6"
			},
			{
				"time":"57814.2347",
				"band":"R",
				"magnitude":"20.0881",
				"observatory":"Liam Hardy pt5m",
				"u_time":"MJD",
				"source":"5,6"
			},
			{
				"time":"57814.2426",
				"band":"I",
				"magnitude":"18.2978",
				"observatory":"Liam Hardy pt5m",
				"u_time":"MJD",
				"source":"5,6"
			},
			{
				"time":"57816.361",
				"band":"G",
				"e_magnitude":"0.0",
				"magnitude":"20.55",
				"telescope":"GAIA",
				"u_time":"MJD",
				"source":"3"
			},
			{
				"time":"57834.1604",
				"band":"B",
				"magnitude":"19.0831",
				"observatory":"Liam Hardy pt5m",
				"u_time":"MJD",
				"source":"5,6"
			},
			{
				"time":"57834.1671",
				"band":"V",
				"magnitude":"19.7136",
				"observatory":"Liam Hardy pt5m",
				"u_time":"MJD",
				"source":"5,6"
			},
			{
				"time":"57834.1738",
				"band":"R",
				"magnitude":"20.2708",
				"observatory":"Liam Hardy pt5m",
				"u_time":"MJD",
				"source":"5,6"
			},
			{
				"time":"57834.1804",
				"band":"I",
				"magnitude":"18.8849",
				"observatory":"Liam Hardy pt5m",
				"u_time":"MJD",
				"source":"5,6"
			},
			{
				"time":"57836.149",
				"band":"B",
				"magnitude":"18.9458",
				"observatory":"Liam Hardy pt5m",
				"u_time":"MJD",
				"source":"5,6"
			},
			{
				"time":"57836.1513",
				"band":"B",
				"magnitude":"18.5507",
				"observatory":"Liam Hardy pt5m",
				"u_time":"MJD",
				"source":"5,6"
			},
			{
				"time":"57836.1513",
				"band":"B",
				"magnitude":"19.6191",
				"observatory":"Liam Hardy pt5m",
				"u_time":"MJD",
				"source":"5,6"
			},
			{
				"time":"57836.1535",
				"band":"B",
				"magnitude":"18.5805",
				"observatory":"Liam Hardy pt5m",
				"u_time":"MJD",
				"source":"5,6"
			},
			{
				"time":"57836.158",
				"band":"V",
				"magnitude":"20.0026",
				"observatory":"Liam Hardy pt5m",
				"u_time":"MJD",
				"source":"5,6"
			},
			{
				"time":"57836.1647",
				"band":"R",
				"magnitude":"20.379",
				"observatory":"Liam Hardy pt5m",
				"u_time":"MJD",
				"source":"5,6"
			},
			{
				"time":"57836.1703",
				"band":"I",
				"magnitude":"19.0015",
				"observatory":"Liam Hardy pt5m",
				"u_time":"MJD",
				"source":"5,6"
			},
			{
				"time":"57841.1376",
				"band":"B",
				"magnitude":"19.5229",
				"observatory":"Liam Hardy pt5m",
				"u_time":"MJD",
				"source":"5,6"
			},
			{
				"time":"57841.1442",
				"band":"V",
				"magnitude":"19.7236",
				"observatory":"Liam Hardy pt5m",
				"u_time":"MJD",
				"source":"5,6"
			},
			{
				"time":"57841.1509",
				"band":"R",
				"magnitude":"18.8608",
				"observatory":"Liam Hardy pt5m",
				"u_time":"MJD",
				"source":"5,6"
			},
			{
				"time":"57841.1576",
				"band":"I",
				"magnitude":"18.8035",
				"observatory":"Liam Hardy pt5m",
				"u_time":"MJD",
				"source":"5,6"
			}
		]
	}
}