{
	"AT2016iaa":{
		"schema":"https://github.com/astrocatalogs/supernovae/blob/a0bc0b9/SCHEMA.md",
		"name":"AT2016iaa",
		"sources":[
			{
				"name":"2011ApJ...737..103S",
				"bibcode":"2011ApJ...737..103S",
				"reference":"Schlafly & Finkbeiner (2011)",
				"alias":"1"
			},
			{
				"name":"Transient Name Server",
				"url":"https://wis-tns.weizmann.ac.il/",
				"alias":"2"
			},
			{
				"name":"Pan-STARRS 3Pi",
				"url":"http://psweb.mp.qub.ac.uk/ps1threepi/psdb/",
				"alias":"3"
			},
			{
				"name":"Latest Supernovae",
				"secondary":true,
				"url":"http://www.rochesterastronomy.org/snimages/snredshiftall.html",
				"alias":"4"
			},
			{
				"name":"The Open Supernova Catalog",
				"bibcode":"2017ApJ...835...64G",
				"reference":"Guillochon et al. (2017)",
				"secondary":true,
				"url":"https://sne.space",
				"alias":"5"
			}
		],
		"alias":[
			{
				"value":"AT2016iaa",
				"source":"2,3,4"
			},
			{
				"value":"PS16ezq",
				"source":"2,4"
			}
		],
		"claimedtype":[
			{
				"value":"Candidate",
				"source":"5"
			}
		],
		"dec":[
			{
				"value":"+21:09:08.02",
				"u_value":"degrees",
				"source":"2,4"
			},
			{
				"value":"+21:09:07.9",
				"u_value":"degrees",
				"source":"3"
			}
		],
		"discoverdate":[
			{
				"value":"2016/11/08.553993",
				"source":"2"
			}
		],
		"discoverer":[
			{
				"value":"Pan-STARRS1",
				"source":"2"
			},
			{
				"value":"ASAS-SN",
				"source":"2,4"
			}
		],
		"ebv":[
			{
				"value":"0.0194",
				"derived":true,
				"e_value":"0.0005",
				"source":"1,5"
			}
		],
		"maxappmag":[
			{
				"value":"20.89",
				"derived":true,
				"source":"3,5"
			}
		],
		"maxband":[
			{
				"value":"w",
				"derived":true,
				"source":"3,5"
			}
		],
		"maxdate":[
			{
				"value":"2016/11/08",
				"derived":true,
				"source":"3,5"
			}
		],
		"maxvisualappmag":[
			{
				"value":"20.89",
				"derived":true,
				"source":"3,5"
			}
		],
		"maxvisualband":[
			{
				"value":"w",
				"derived":true,
				"source":"3,5"
			}
		],
		"maxvisualdate":[
			{
				"value":"2016/11/08",
				"derived":true,
				"source":"3,5"
			}
		],
		"ra":[
			{
				"value":"08:59:28.44",
				"u_value":"hours",
				"source":"2,3"
			},
			{
				"value":"08:59:28.440",
				"u_value":"hours",
				"source":"2,4"
			}
		],
		"photometry":[
			{
				"time":"57700.0539931",
				"band":"w",
				"e_magnitude":"0.13",
				"instrument":"GPC1",
				"magnitude":"20.94",
				"observer":"Robot",
				"telescope":"PS1",
				"u_time":"MJD",
				"source":"2"
			},
			{
				"time":"57700.5537084714",
				"band":"w",
				"e_magnitude":"0.129083",
				"instrument":"GPC",
				"magnitude":"20.9449",
				"telescope":"Pan-STARRS1",
				"u_time":"MJD",
				"source":"3"
			},
			{
				"time":"57700.566031606",
				"band":"w",
				"e_magnitude":"0.0966348",
				"instrument":"GPC",
				"magnitude":"20.9385",
				"telescope":"Pan-STARRS1",
				"u_time":"MJD",
				"source":"3"
			},
			{
				"time":"57700.5783449164",
				"band":"w",
				"e_magnitude":"0.0833033",
				"instrument":"GPC",
				"magnitude":"20.9551",
				"telescope":"Pan-STARRS1",
				"u_time":"MJD",
				"source":"3"
			},
			{
				"time":"57700.5907545235",
				"band":"w",
				"e_magnitude":"0.0738719",
				"instrument":"GPC",
				"magnitude":"20.8896",
				"telescope":"Pan-STARRS1",
				"u_time":"MJD",
				"source":"3"
			}
		]
	}
}