{
	"AT2016hno":{
		"schema":"https://github.com/astrocatalogs/supernovae/blob/a0bc0b9/SCHEMA.md",
		"name":"AT2016hno",
		"sources":[
			{
				"name":"ATel 9685",
				"bibcode":"2016ATel.9685....1T",
				"reference":"Tonry et al. (2016)",
				"url":"http://www.astronomerstelegram.org/?read=9685",
				"alias":"1"
			},
			{
				"name":"2016A&A...594A..13P",
				"bibcode":"2016A&A...594A..13P",
				"reference":"Planck Collaboration et al. (2016)",
				"alias":"2"
			},
			{
				"name":"2011ApJ...737..103S",
				"bibcode":"2011ApJ...737..103S",
				"reference":"Schlafly & Finkbeiner (2011)",
				"alias":"3"
			},
			{
				"name":"Transient Name Server",
				"url":"https://wis-tns.weizmann.ac.il/",
				"alias":"4"
			},
			{
				"name":"Gaia Photometric Science Alerts",
				"url":"http://gsaweb.ast.cam.ac.uk/alerts/alertsindex",
				"alias":"5"
			},
			{
				"name":"Latest Supernovae",
				"secondary":true,
				"url":"http://www.rochesterastronomy.org/snimages/snredshiftall.html",
				"alias":"6"
			},
			{
				"name":"The Open Supernova Catalog",
				"bibcode":"2017ApJ...835...64G",
				"reference":"Guillochon et al. (2017)",
				"secondary":true,
				"url":"https://sne.space",
				"alias":"7"
			}
		],
		"alias":[
			{
				"value":"AT2016hno",
				"source":"1,4,5,6"
			},
			{
				"value":"ATLAS16dox",
				"source":"1,4,6"
			},
			{
				"value":"Gaia16bps",
				"source":"1,6"
			}
		],
		"claimedtype":[
			{
				"value":"Candidate",
				"source":"5"
			}
		],
		"comovingdist":[
			{
				"value":"212",
				"derived":true,
				"u_value":"Mpc",
				"source":"1,2,6,7"
			}
		],
		"dec":[
			{
				"value":"-39:20:49.71",
				"u_value":"degrees",
				"source":"1,4,6"
			},
			{
				"value":"-39:20:49.56",
				"u_value":"degrees",
				"source":"5"
			}
		],
		"discoverdate":[
			{
				"value":"2016/10/26.596991",
				"source":"4"
			}
		],
		"discoverer":[
			{
				"value":"ATLAS",
				"source":"1,4,6"
			}
		],
		"ebv":[
			{
				"value":"0.0681",
				"derived":true,
				"e_value":"0.0008",
				"source":"3,7"
			}
		],
		"lumdist":[
			{
				"value":"222.26",
				"derived":true,
				"u_value":"Mpc",
				"source":"1,2,6,7"
			}
		],
		"maxabsmag":[
			{
				"value":"-18.963",
				"derived":true,
				"source":"1,2,6,7"
			}
		],
		"maxappmag":[
			{
				"value":"17.72",
				"derived":true,
				"source":"4,7"
			}
		],
		"maxband":[
			{
				"value":"cyan",
				"derived":true,
				"source":"4,7"
			}
		],
		"maxdate":[
			{
				"value":"2016/10/26",
				"derived":true,
				"source":"4,7"
			}
		],
		"maxvisualabsmag":[
			{
				"value":"-18.884",
				"derived":true,
				"source":"1,2,6,7"
			}
		],
		"maxvisualappmag":[
			{
				"value":"17.85",
				"derived":true,
				"source":"5,7"
			}
		],
		"maxvisualband":[
			{
				"value":"G",
				"derived":true,
				"source":"5,7"
			}
		],
		"maxvisualdate":[
			{
				"value":"2016/10/25",
				"derived":true,
				"source":"5,7"
			}
		],
		"ra":[
			{
				"value":"06:30:41.64",
				"u_value":"hours",
				"source":"4"
			},
			{
				"value":"06:30:41.640",
				"u_value":"hours",
				"source":"1,6"
			},
			{
				"value":"06:30:41.688",
				"u_value":"hours",
				"source":"5"
			}
		],
		"redshift":[
			{
				"value":"0.04845",
				"source":"1,6"
			}
		],
		"velocity":[
			{
				"value":"14170",
				"u_value":"km/s",
				"source":"7"
			}
		],
		"photometry":[
			{
				"time":"57657.19",
				"band":"G",
				"instrument":"Gaia-photometric",
				"magnitude":"21.5",
				"observer":"Robot",
				"telescope":"Gaia",
				"u_time":"MJD",
				"upperlimit":true,
				"source":"4"
			},
			{
				"time":"57675.1409954",
				"band":"orange",
				"instrument":"ACAM1",
				"magnitude":"18.63",
				"observer":"Robot",
				"telescope":"ATLAS1",
				"u_time":"MJD",
				"upperlimit":true,
				"source":"4"
			},
			{
				"time":"57686.36",
				"band":"G",
				"e_magnitude":"0.2",
				"instrument":"Gaia-photometric",
				"magnitude":"17.85",
				"observer":"Robot",
				"telescope":"Gaia",
				"u_time":"MJD",
				"source":"4"
			},
			{
				"time":"57686.361",
				"band":"G",
				"e_magnitude":"0.0",
				"magnitude":"17.85",
				"telescope":"GAIA",
				"u_time":"MJD",
				"source":"5"
			},
			{
				"time":"57686.435",
				"band":"G",
				"e_magnitude":"0.0",
				"magnitude":"17.88",
				"telescope":"GAIA",
				"u_time":"MJD",
				"source":"5"
			},
			{
				"time":"57687.0969907",
				"band":"cyan",
				"e_magnitude":"0.11",
				"instrument":"ACAM1",
				"magnitude":"17.72",
				"observer":"Robot",
				"telescope":"ATLAS1",
				"u_time":"MJD",
				"source":"4"
			},
			{
				"time":"57716.103",
				"band":"G",
				"e_magnitude":"0.0",
				"magnitude":"18.55",
				"telescope":"GAIA",
				"u_time":"MJD",
				"source":"5"
			},
			{
				"time":"57756.086",
				"band":"G",
				"e_magnitude":"0.0",
				"magnitude":"19.72",
				"telescope":"GAIA",
				"u_time":"MJD",
				"source":"5"
			},
			{
				"time":"57756.160",
				"band":"G",
				"e_magnitude":"0.0",
				"magnitude":"19.77",
				"telescope":"GAIA",
				"u_time":"MJD",
				"source":"5"
			},
			{
				"time":"57782.087",
				"band":"G",
				"e_magnitude":"0.0",
				"magnitude":"20.41",
				"telescope":"GAIA",
				"u_time":"MJD",
				"source":"5"
			}
		]
	}
}