{
	"AT2016fbx":{
		"schema":"https://github.com/astrocatalogs/supernovae/blob/a0bc0b9/SCHEMA.md",
		"name":"AT2016fbx",
		"sources":[
			{
				"name":"2016A&A...594A..13P",
				"bibcode":"2016A&A...594A..13P",
				"reference":"Planck Collaboration et al. (2016)",
				"alias":"1"
			},
			{
				"name":"2011ApJ...737..103S",
				"bibcode":"2011ApJ...737..103S",
				"reference":"Schlafly & Finkbeiner (2011)",
				"alias":"2"
			},
			{
				"name":"Transient Name Server",
				"url":"https://wis-tns.weizmann.ac.il/",
				"alias":"3"
			},
			{
				"name":"The Open Supernova Catalog",
				"bibcode":"2017ApJ...835...64G",
				"reference":"Guillochon et al. (2017)",
				"secondary":true,
				"url":"https://sne.space",
				"alias":"4"
			},
			{
				"name":"NED-D",
				"bibcode":"1991ASSL..171...89H",
				"reference":"Helou et al. (1991)",
				"secondary":true,
				"url":"http://ned.ipac.caltech.edu/Library/Distances/",
				"alias":"5"
			}
		],
		"alias":[
			{
				"value":"AT2016fbx",
				"source":"3"
			},
			{
				"value":"kait-16aw",
				"source":"3"
			}
		],
		"claimedtype":[
			{
				"value":"Candidate",
				"source":"4"
			}
		],
		"comovingdist":[
			{
				"value":"0.774",
				"derived":true,
				"u_value":"Mpc",
				"source":"1,4,5"
			}
		],
		"dec":[
			{
				"value":"+41:17:19.79",
				"u_value":"degrees",
				"source":"3"
			}
		],
		"discoverdate":[
			{
				"value":"2016/08/18.455278",
				"source":"3"
			}
		],
		"discoverer":[
			{
				"value":"LOSS",
				"source":"3"
			}
		],
		"ebv":[
			{
				"value":"0.4515",
				"derived":true,
				"e_value":"0.1065",
				"source":"2,4"
			}
		],
		"host":[
			{
				"value":"M31",
				"source":"3"
			}
		],
		"hostcomovingdist":[
			{
				"value":"0.774",
				"derived":true,
				"source":"1,4,5"
			}
		],
		"hostlumdist":[
			{
				"value":"0.7746",
				"derived":true,
				"source":"1,4,5"
			}
		],
		"hostredshift":[
			{
				"value":"0.000175",
				"derived":true,
				"source":"1,5"
			}
		],
		"hostvelocity":[
			{
				"value":"52.5",
				"source":"4"
			}
		],
		"lumdist":[
			{
				"value":"0.7746",
				"derived":true,
				"u_value":"Mpc",
				"source":"1,4,5"
			}
		],
		"maxabsmag":[
			{
				"value":"-9.015",
				"derived":true,
				"source":"1,4,5"
			}
		],
		"maxappmag":[
			{
				"value":"15.43",
				"derived":true,
				"source":"3,4"
			}
		],
		"maxband":[
			{
				"value":"R",
				"derived":true,
				"source":"3,4"
			}
		],
		"maxdate":[
			{
				"value":"2016/08/23",
				"derived":true,
				"source":"3,4"
			}
		],
		"maxvisualabsmag":[
			{
				"value":"-9.015",
				"derived":true,
				"source":"1,4,5"
			}
		],
		"maxvisualappmag":[
			{
				"value":"15.43",
				"derived":true,
				"source":"3,4"
			}
		],
		"maxvisualband":[
			{
				"value":"R",
				"derived":true,
				"source":"3,4"
			}
		],
		"maxvisualdate":[
			{
				"value":"2016/08/23",
				"derived":true,
				"source":"3,4"
			}
		],
		"ra":[
			{
				"value":"00:42:23.50",
				"u_value":"hours",
				"source":"3"
			}
		],
		"redshift":[
			{
				"value":"0.000175",
				"derived":true,
				"kind":"host",
				"source":"1,5"
			}
		],
		"velocity":[
			{
				"value":"52.5",
				"u_value":"km/s",
				"source":"4"
			}
		],
		"photometry":[
			{
				"time":"54832.5",
				"band":"R",
				"instrument":"CFH12k",
				"magnitude":"21.5",
				"observer":"iPTF",
				"telescope":"P48",
				"u_time":"MJD",
				"upperlimit":true,
				"source":"3"
			},
			{
				"time":"57616.3981829",
				"band":"C",
				"magnitude":"18.6",
				"observer":"KAIT",
				"system":"Vega",
				"u_time":"MJD",
				"upperlimit":true,
				"source":"3"
			},
			{
				"time":"57618.4552778",
				"band":"C",
				"magnitude":"17.7",
				"observer":"KAIT",
				"system":"Vega",
				"u_time":"MJD",
				"source":"3"
			},
			{
				"time":"57623.51",
				"band":"R",
				"instrument":"CFH12k",
				"magnitude":"15.4302",
				"observer":"iPTF",
				"telescope":"P48",
				"u_time":"MJD",
				"source":"3"
			}
		]
	}
}