{
	"AT2017atv":{
		"schema":"https://github.com/astrocatalogs/supernovae/blob/a0bc0b9/SCHEMA.md",
		"name":"AT2017atv",
		"sources":[
			{
				"name":"2011ApJ...737..103S",
				"bibcode":"2011ApJ...737..103S",
				"reference":"Schlafly & Finkbeiner (2011)",
				"alias":"1"
			},
			{
				"name":"Transient Name Server",
				"url":"https://wis-tns.weizmann.ac.il/",
				"alias":"2"
			},
			{
				"name":"Gaia Photometric Science Alerts",
				"url":"http://gsaweb.ast.cam.ac.uk/alerts/alertsindex",
				"alias":"3"
			},
			{
				"name":"Latest Supernovae",
				"secondary":true,
				"url":"http://www.rochesterastronomy.org/snimages/snredshiftall.html",
				"alias":"4"
			},
			{
				"name":"The Open Supernova Catalog",
				"bibcode":"2017ApJ...835...64G",
				"reference":"Guillochon et al. (2017)",
				"secondary":true,
				"url":"https://sne.space",
				"alias":"5"
			}
		],
		"alias":[
			{
				"value":"AT2017atv",
				"source":"2,3,4"
			},
			{
				"value":"ATLAS17ayw",
				"source":"2,4"
			},
			{
				"value":"Gaia17arv",
				"source":"2,4"
			}
		],
		"claimedtype":[
			{
				"value":"Candidate",
				"source":"3"
			}
		],
		"dec":[
			{
				"value":"+37:45:30.65",
				"u_value":"degrees",
				"source":"2,4"
			},
			{
				"value":"+37:45:30.6",
				"u_value":"degrees",
				"source":"3"
			}
		],
		"discoverdate":[
			{
				"value":"2017/02/14.230995",
				"source":"2"
			}
		],
		"discoverer":[
			{
				"value":"ATLAS",
				"source":"2,4"
			}
		],
		"ebv":[
			{
				"value":"0.2533",
				"derived":true,
				"e_value":"0.0121",
				"source":"1,5"
			}
		],
		"host":[
			{
				"value":"UGC 2710",
				"source":"2,4"
			}
		],
		"maxappmag":[
			{
				"value":"16.59",
				"derived":true,
				"source":"3,5"
			}
		],
		"maxband":[
			{
				"value":"G",
				"derived":true,
				"source":"3,5"
			}
		],
		"maxdate":[
			{
				"value":"2017/02/16",
				"derived":true,
				"source":"3,5"
			}
		],
		"maxvisualappmag":[
			{
				"value":"16.59",
				"derived":true,
				"source":"3,5"
			}
		],
		"maxvisualband":[
			{
				"value":"G",
				"derived":true,
				"source":"3,5"
			}
		],
		"maxvisualdate":[
			{
				"value":"2017/02/16",
				"derived":true,
				"source":"3,5"
			}
		],
		"ra":[
			{
				"value":"03:23:59.47",
				"u_value":"hours",
				"source":"2"
			},
			{
				"value":"03:23:59.470",
				"u_value":"hours",
				"source":"2,4"
			},
			{
				"value":"03:23:59.472",
				"u_value":"hours",
				"source":"3"
			}
		],
		"photometry":[
			{
				"time":"57776.4689931",
				"band":"G",
				"instrument":"Gaia-photometric",
				"magnitude":"21.5",
				"observer":"Robot",
				"telescope":"Gaia",
				"u_time":"MJD",
				"upperlimit":true,
				"source":"2"
			},
			{
				"time":"57781.83",
				"band":"C",
				"magnitude":"19",
				"observer":"Jaroslaw Grzegorzek",
				"system":"Vega",
				"u_time":"MJD",
				"upperlimit":true,
				"source":"2"
			},
			{
				"time":"57794.2839931",
				"band":"orange",
				"instrument":"ACAM1",
				"magnitude":"18.44",
				"observer":"Robot",
				"telescope":"ATLAS1",
				"u_time":"MJD",
				"upperlimit":true,
				"source":"2"
			},
			{
				"time":"57798.2309954",
				"band":"orange",
				"e_magnitude":"0.04",
				"instrument":"ACAM1",
				"magnitude":"16.61",
				"observer":"Robot",
				"telescope":"ATLAS1",
				"u_time":"MJD",
				"source":"2"
			},
			{
				"time":"57799.7429977",
				"band":"C",
				"magnitude":"16.6",
				"observer":"Jaroslaw Grzegorzek",
				"system":"Vega",
				"u_time":"MJD",
				"source":"2"
			},
			{
				"time":"57800.6939931",
				"band":"G",
				"e_magnitude":"0.2",
				"instrument":"Gaia-photometric",
				"magnitude":"16.59",
				"observer":"Robot",
				"telescope":"Gaia",
				"u_time":"MJD",
				"source":"2"
			},
			{
				"time":"57800.695",
				"band":"G",
				"e_magnitude":"0.0",
				"magnitude":"16.59",
				"telescope":"GAIA",
				"u_time":"MJD",
				"source":"3"
			},
			{
				"time":"57827.435",
				"band":"G",
				"e_magnitude":"0.0",
				"magnitude":"17.92",
				"telescope":"GAIA",
				"u_time":"MJD",
				"source":"3"
			},
			{
				"time":"57827.509",
				"band":"G",
				"e_magnitude":"0.0",
				"magnitude":"17.95",
				"telescope":"GAIA",
				"u_time":"MJD",
				"source":"3"
			}
		]
	}
}