{
	"AT2016ioi":{
		"schema":"https://github.com/astrocatalogs/supernovae/blob/a0bc0b9/SCHEMA.md",
		"name":"AT2016ioi",
		"sources":[
			{
				"name":"2011ApJ...737..103S",
				"bibcode":"2011ApJ...737..103S",
				"reference":"Schlafly & Finkbeiner (2011)",
				"alias":"1"
			},
			{
				"name":"Transient Name Server",
				"url":"https://wis-tns.weizmann.ac.il/",
				"alias":"2"
			},
			{
				"name":"Gaia Photometric Science Alerts",
				"url":"http://gsaweb.ast.cam.ac.uk/alerts/alertsindex",
				"alias":"3"
			},
			{
				"name":"Pan-STARRS 3Pi",
				"url":"http://psweb.mp.qub.ac.uk/ps1threepi/psdb/",
				"alias":"4"
			},
			{
				"name":"Latest Supernovae",
				"secondary":true,
				"url":"http://www.rochesterastronomy.org/snimages/snredshiftall.html",
				"alias":"5"
			},
			{
				"name":"The Open Supernova Catalog",
				"bibcode":"2017ApJ...835...64G",
				"reference":"Guillochon et al. (2017)",
				"secondary":true,
				"url":"https://sne.space",
				"alias":"6"
			}
		],
		"alias":[
			{
				"value":"AT2016ioi",
				"source":"2,3,4,5"
			},
			{
				"value":"ATLAS16dyg",
				"source":"2,5"
			},
			{
				"value":"Gaia16cdc",
				"source":"2,5"
			},
			{
				"value":"PS16fkh",
				"source":"2,5"
			}
		],
		"claimedtype":[
			{
				"value":"Candidate",
				"source":"3"
			}
		],
		"dec":[
			{
				"value":"+36:15:03.10",
				"u_value":"degrees",
				"source":"2,5"
			},
			{
				"value":"+36:15:02.88",
				"u_value":"degrees",
				"source":"3"
			},
			{
				"value":"+36:15:02.9",
				"u_value":"degrees",
				"source":"4"
			}
		],
		"discoverdate":[
			{
				"value":"2016/11/18.605995",
				"source":"2"
			}
		],
		"discoverer":[
			{
				"value":"ATLAS",
				"source":"2,5"
			}
		],
		"ebv":[
			{
				"value":"0.0086",
				"derived":true,
				"e_value":"0.0002",
				"source":"1,6"
			}
		],
		"host":[
			{
				"value":"SDSS J095454.69+361517.6",
				"source":"4"
			}
		],
		"hostdec":[
			{
				"value":"+36:15:17.6",
				"derived":true,
				"u_value":"degrees",
				"source":"6"
			}
		],
		"hostoffsetang":[
			{
				"value":"16.61",
				"derived":true,
				"u_value":"arcseconds",
				"source":"2,5,6"
			}
		],
		"hostra":[
			{
				"value":"09:54:54.69",
				"derived":true,
				"u_value":"hours",
				"source":"6"
			}
		],
		"maxappmag":[
			{
				"value":"17.73",
				"derived":true,
				"source":"4,6"
			}
		],
		"maxband":[
			{
				"value":"i",
				"derived":true,
				"source":"4,6"
			}
		],
		"maxdate":[
			{
				"value":"2016/12/22",
				"derived":true,
				"source":"4,6"
			}
		],
		"maxvisualappmag":[
			{
				"value":"17.73",
				"derived":true,
				"source":"3,6"
			}
		],
		"maxvisualband":[
			{
				"value":"G",
				"derived":true,
				"source":"3,6"
			}
		],
		"maxvisualdate":[
			{
				"value":"2016/12/17",
				"derived":true,
				"source":"3,6"
			}
		],
		"ra":[
			{
				"value":"09:54:55.36",
				"u_value":"hours",
				"source":"2"
			},
			{
				"value":"09:54:55.360",
				"u_value":"hours",
				"source":"2,5"
			},
			{
				"value":"09:54:55.2",
				"u_value":"hours",
				"source":"3"
			},
			{
				"value":"09:54:55.33",
				"u_value":"hours",
				"source":"4"
			}
		],
		"photometry":[
			{
				"time":"57702.1169907",
				"band":"G",
				"instrument":"Gaia-photometric",
				"magnitude":"21.5",
				"observer":"Robot",
				"telescope":"Gaia",
				"u_time":"MJD",
				"upperlimit":true,
				"source":"2"
			},
			{
				"time":"57706.1419907",
				"band":"orange",
				"instrument":"ACAM1",
				"magnitude":"18.67",
				"observer":"Robot",
				"telescope":"ATLAS1",
				"u_time":"MJD",
				"upperlimit":true,
				"source":"2"
			},
			{
				"time":"57710.1059954",
				"band":"orange",
				"e_magnitude":"0.17",
				"instrument":"ACAM1",
				"magnitude":"18.52",
				"observer":"Robot",
				"telescope":"ATLAS1",
				"u_time":"MJD",
				"source":"2"
			},
			{
				"time":"57739.2619907",
				"band":"G",
				"e_magnitude":"0.2",
				"instrument":"Gaia-photometric",
				"magnitude":"17.73",
				"observer":"Robot",
				"telescope":"Gaia",
				"u_time":"MJD",
				"source":"2"
			},
			{
				"time":"57739.263",
				"band":"G",
				"e_magnitude":"0.0",
				"magnitude":"17.73",
				"telescope":"GAIA",
				"u_time":"MJD",
				"source":"3"
			},
			{
				"time":"57739.337",
				"band":"G",
				"e_magnitude":"0.0",
				"magnitude":"17.75",
				"telescope":"GAIA",
				"u_time":"MJD",
				"source":"3"
			},
			{
				"time":"57744.1019907",
				"band":"i",
				"e_magnitude":"0.02",
				"instrument":"GPC1",
				"magnitude":"17.75",
				"observer":"Robot",
				"telescope":"PS1",
				"u_time":"MJD",
				"source":"2"
			},
			{
				"time":"57744.602104365",
				"band":"i",
				"e_magnitude":"0.0189149",
				"instrument":"GPC",
				"magnitude":"17.7492",
				"telescope":"Pan-STARRS1",
				"u_time":"MJD",
				"source":"4"
			},
			{
				"time":"57744.614064091",
				"band":"i",
				"e_magnitude":"0.0129909",
				"instrument":"GPC",
				"magnitude":"17.7273",
				"telescope":"Pan-STARRS1",
				"u_time":"MJD",
				"source":"4"
			},
			{
				"time":"57744.6260638828",
				"band":"i",
				"e_magnitude":"0.012646",
				"instrument":"GPC",
				"magnitude":"17.7393",
				"telescope":"Pan-STARRS1",
				"u_time":"MJD",
				"source":"4"
			},
			{
				"time":"57744.6380511262",
				"band":"i",
				"e_magnitude":"0.0118401",
				"instrument":"GPC",
				"magnitude":"17.739",
				"telescope":"Pan-STARRS1",
				"u_time":"MJD",
				"source":"4"
			},
			{
				"time":"57749.018",
				"band":"G",
				"e_magnitude":"0.0",
				"magnitude":"17.8",
				"telescope":"GAIA",
				"u_time":"MJD",
				"source":"3"
			},
			{
				"time":"57749.092",
				"band":"G",
				"e_magnitude":"0.0",
				"magnitude":"17.82",
				"telescope":"GAIA",
				"u_time":"MJD",
				"source":"3"
			}
		]
	}
}