{
	"AT2017axf":{
		"schema":"https://github.com/astrocatalogs/supernovae/blob/a0bc0b9/SCHEMA.md",
		"name":"AT2017axf",
		"sources":[
			{
				"name":"2016A&A...594A..13P",
				"bibcode":"2016A&A...594A..13P",
				"reference":"Planck Collaboration et al. (2016)",
				"alias":"1"
			},
			{
				"name":"2011ApJ...737..103S",
				"bibcode":"2011ApJ...737..103S",
				"reference":"Schlafly & Finkbeiner (2011)",
				"alias":"2"
			},
			{
				"name":"Transient Name Server",
				"url":"https://wis-tns.weizmann.ac.il/",
				"alias":"3"
			},
			{
				"name":"Gaia Photometric Science Alerts",
				"url":"http://gsaweb.ast.cam.ac.uk/alerts/alertsindex",
				"alias":"4"
			},
			{
				"name":"Latest Supernovae",
				"secondary":true,
				"url":"http://www.rochesterastronomy.org/snimages/snredshiftall.html",
				"alias":"5"
			},
			{
				"name":"The Open Supernova Catalog",
				"bibcode":"2017ApJ...835...64G",
				"reference":"Guillochon et al. (2017)",
				"secondary":true,
				"url":"https://sne.space",
				"alias":"6"
			}
		],
		"alias":[
			{
				"value":"AT2017axf",
				"source":"3,4,5"
			},
			{
				"value":"ATLAS17bbv",
				"source":"3,4,5"
			},
			{
				"value":"Gaia17amt",
				"source":"3,5"
			},
			{
				"value":"PS17bvx",
				"source":"3,5"
			}
		],
		"claimedtype":[
			{
				"value":"Candidate",
				"source":"4"
			}
		],
		"comovingdist":[
			{
				"value":"140.26",
				"derived":true,
				"u_value":"Mpc",
				"source":"1,3,5,6"
			}
		],
		"dec":[
			{
				"value":"+56:04:48.06",
				"u_value":"degrees",
				"source":"3,5"
			},
			{
				"value":"+56:04:48",
				"u_value":"degrees",
				"source":"4"
			}
		],
		"discoverdate":[
			{
				"value":"2017/02/18.541991",
				"source":"3"
			}
		],
		"discoverer":[
			{
				"value":"ATLAS",
				"source":"3,5"
			}
		],
		"ebv":[
			{
				"value":"0.0159",
				"derived":true,
				"e_value":"0.0005",
				"source":"2,6"
			}
		],
		"host":[
			{
				"value":"2MFGC 10460",
				"source":"3,5"
			}
		],
		"lumdist":[
			{
				"value":"144.741",
				"derived":true,
				"u_value":"Mpc",
				"source":"1,3,5,6"
			}
		],
		"maxabsmag":[
			{
				"value":"-18.6788",
				"derived":true,
				"source":"1,3,5,6"
			}
		],
		"maxappmag":[
			{
				"value":"17.09",
				"derived":true,
				"source":"4,6"
			}
		],
		"maxband":[
			{
				"value":"G",
				"derived":true,
				"source":"4,6"
			}
		],
		"maxdate":[
			{
				"value":"2017/02/22",
				"derived":true,
				"source":"4,6"
			}
		],
		"maxvisualabsmag":[
			{
				"value":"-18.713",
				"derived":true,
				"source":"1,3,5,6"
			}
		],
		"maxvisualappmag":[
			{
				"value":"17.09",
				"derived":true,
				"source":"4,6"
			}
		],
		"maxvisualband":[
			{
				"value":"G",
				"derived":true,
				"source":"4,6"
			}
		],
		"maxvisualdate":[
			{
				"value":"2017/02/22",
				"derived":true,
				"source":"4,6"
			}
		],
		"ra":[
			{
				"value":"13:08:37.03",
				"u_value":"hours",
				"source":"3"
			},
			{
				"value":"13:08:37.030",
				"u_value":"hours",
				"source":"3,5"
			},
			{
				"value":"13:08:36.96",
				"u_value":"hours",
				"source":"4"
			}
		],
		"redshift":[
			{
				"value":"0.031931",
				"source":"3,5"
			}
		],
		"velocity":[
			{
				"value":"9419.9",
				"u_value":"km/s",
				"source":"6"
			}
		],
		"photometry":[
			{
				"time":"57753.2429977",
				"band":"G",
				"instrument":"Gaia-photometric",
				"magnitude":"21.5",
				"observer":"Robot",
				"telescope":"Gaia",
				"u_time":"MJD",
				"upperlimit":true,
				"source":"3"
			},
			{
				"time":"57798.5459954",
				"band":"orange",
				"instrument":"ACAM1",
				"magnitude":"18.84",
				"observer":"Robot",
				"telescope":"ATLAS1",
				"u_time":"MJD",
				"upperlimit":true,
				"source":"3"
			},
			{
				"time":"57802.5419907",
				"band":"orange",
				"e_magnitude":"0.11",
				"instrument":"ACAM1",
				"magnitude":"18.09",
				"observer":"Robot",
				"telescope":"ATLAS1",
				"u_time":"MJD",
				"source":"3"
			},
			{
				"time":"57805.83",
				"band":"G",
				"e_magnitude":"0.2",
				"instrument":"Gaia-photometric",
				"magnitude":"17.12",
				"observer":"Robot",
				"telescope":"Gaia",
				"u_time":"MJD",
				"source":"3"
			},
			{
				"time":"57805.831",
				"band":"G",
				"e_magnitude":"0.0",
				"magnitude":"17.12",
				"telescope":"GAIA",
				"u_time":"MJD",
				"source":"4"
			},
			{
				"time":"57806.007",
				"band":"G",
				"e_magnitude":"0.0",
				"magnitude":"17.09",
				"telescope":"GAIA",
				"u_time":"MJD",
				"source":"4"
			},
			{
				"time":"57828.47",
				"band":"i",
				"e_magnitude":"0.06",
				"instrument":"GPC1",
				"magnitude":"18.15",
				"observer":"Robot",
				"telescope":"PS1",
				"u_time":"MJD",
				"source":"3"
			}
		]
	}
}