{
	"AT2016cwu":{
		"schema":"https://github.com/astrocatalogs/supernovae/blob/a0bc0b9/SCHEMA.md",
		"name":"AT2016cwu",
		"sources":[
			{
				"name":"2016A&A...594A..13P",
				"bibcode":"2016A&A...594A..13P",
				"reference":"Planck Collaboration et al. (2016)",
				"alias":"1"
			},
			{
				"name":"2011ApJ...737..103S",
				"bibcode":"2011ApJ...737..103S",
				"reference":"Schlafly & Finkbeiner (2011)",
				"alias":"2"
			},
			{
				"name":"Transient Name Server",
				"url":"https://wis-tns.weizmann.ac.il/",
				"alias":"3"
			},
			{
				"name":"Latest Supernovae",
				"secondary":true,
				"url":"http://www.rochesterastronomy.org/snimages/snredshiftall.html",
				"alias":"4"
			},
			{
				"name":"The Open Supernova Catalog",
				"bibcode":"2017ApJ...835...64G",
				"reference":"Guillochon et al. (2017)",
				"secondary":true,
				"url":"https://sne.space",
				"alias":"5"
			}
		],
		"alias":[
			{
				"value":"AT2016cwu",
				"source":"3,4"
			}
		],
		"claimedtype":[
			{
				"value":"Candidate",
				"source":"5"
			}
		],
		"comovingdist":[
			{
				"value":"95.24",
				"derived":true,
				"u_value":"Mpc",
				"source":"1,3,5"
			}
		],
		"dec":[
			{
				"value":"+27:58:33.70",
				"u_value":"degrees",
				"source":"3,4"
			}
		],
		"discoverdate":[
			{
				"value":"2016/06/21.190278",
				"source":"3"
			}
		],
		"discoverer":[
			{
				"value":"POSS",
				"source":"3"
			},
			{
				"value":"Tim Puckett et al.",
				"source":"3,4"
			}
		],
		"ebv":[
			{
				"value":"0.0082",
				"derived":true,
				"e_value":"0.0006",
				"source":"2,5"
			}
		],
		"host":[
			{
				"value":"NGC 4889",
				"source":"3,4"
			}
		],
		"hostcomovingdist":[
			{
				"value":"95.24",
				"derived":true,
				"source":"1,3,5"
			}
		],
		"hostlumdist":[
			{
				"value":"97.305",
				"derived":true,
				"source":"1,3,5"
			}
		],
		"hostredshift":[
			{
				"value":"0.02163",
				"source":"3"
			}
		],
		"hostvelocity":[
			{
				"value":"6414",
				"source":"5"
			}
		],
		"lumdist":[
			{
				"value":"97.305",
				"derived":true,
				"u_value":"Mpc",
				"source":"1,3,5"
			}
		],
		"maxabsmag":[
			{
				"value":"-15.917",
				"derived":true,
				"source":"1,3,5"
			}
		],
		"maxappmag":[
			{
				"value":"19",
				"derived":true,
				"source":"3,5"
			}
		],
		"maxband":[
			{
				"value":"C",
				"derived":true,
				"source":"3,5"
			}
		],
		"maxdate":[
			{
				"value":"2016/06/21",
				"derived":true,
				"source":"3,5"
			}
		],
		"maxvisualabsmag":[
			{
				"value":"-15.941",
				"derived":true,
				"source":"1,3,5"
			}
		],
		"maxvisualappmag":[
			{
				"value":"19",
				"derived":true,
				"source":"3,5"
			}
		],
		"maxvisualband":[
			{
				"value":"C",
				"derived":true,
				"source":"3,5"
			}
		],
		"maxvisualdate":[
			{
				"value":"2016/06/21",
				"derived":true,
				"source":"3,5"
			}
		],
		"ra":[
			{
				"value":"13:00:07.65",
				"u_value":"hours",
				"source":"3"
			},
			{
				"value":"13:00:07.650",
				"u_value":"hours",
				"source":"3,4"
			}
		],
		"redshift":[
			{
				"value":"0.02163",
				"kind":"host",
				"source":"3"
			},
			{
				"value":"0.02163",
				"source":"3,4"
			}
		],
		"velocity":[
			{
				"value":"6414",
				"u_value":"km/s",
				"source":"5"
			}
		],
		"photometry":[
			{
				"time":"57518.3354",
				"band":"C",
				"magnitude":"20.5",
				"u_time":"MJD",
				"upperlimit":true,
				"source":"3"
			},
			{
				"time":"57560.1902778",
				"band":"C",
				"e_magnitude":"0.2",
				"magnitude":"19",
				"u_time":"MJD",
				"source":"3"
			}
		]
	}
}