{
	"AT2016gte":{
		"schema":"https://github.com/astrocatalogs/supernovae/blob/a0bc0b9/SCHEMA.md",
		"name":"AT2016gte",
		"sources":[
			{
				"name":"2011ApJ...737..103S",
				"bibcode":"2011ApJ...737..103S",
				"reference":"Schlafly & Finkbeiner (2011)",
				"alias":"1"
			},
			{
				"name":"Transient Name Server",
				"url":"https://wis-tns.weizmann.ac.il/",
				"alias":"2"
			},
			{
				"name":"Pan-STARRS 3Pi",
				"url":"http://star.pst.qub.ac.uk/ps1threepi/psdb/public/",
				"alias":"3"
			},
			{
				"name":"Latest Supernovae",
				"secondary":true,
				"url":"http://www.rochesterastronomy.org/snimages/snredshiftall.html",
				"alias":"4"
			},
			{
				"name":"The Open Supernova Catalog",
				"bibcode":"2017ApJ...835...64G",
				"reference":"Guillochon et al. (2017)",
				"secondary":true,
				"url":"https://sne.space",
				"alias":"5"
			}
		],
		"alias":[
			{
				"value":"AT2016gte",
				"source":"2,3,4"
			},
			{
				"value":"PS16elx",
				"source":"2,3,4"
			}
		],
		"claimedtype":[
			{
				"value":"Candidate",
				"source":"5"
			}
		],
		"dec":[
			{
				"value":"-03:02:51.96",
				"u_value":"degrees",
				"source":"2,3,4"
			},
			{
				"value":"-03:02:51.9",
				"u_value":"degrees",
				"source":"3"
			}
		],
		"discoverdate":[
			{
				"value":"2016/09/25.516991",
				"source":"2"
			}
		],
		"discoverer":[
			{
				"value":"Pan-STARRS1",
				"source":"2"
			},
			{
				"value":"PTF",
				"source":"3,4"
			}
		],
		"ebv":[
			{
				"value":"0.0233",
				"derived":true,
				"e_value":"0.0005",
				"source":"1,5"
			}
		],
		"host":[
			{
				"value":"APMUKS(BJ) B022154.62-031622.0",
				"source":"3"
			}
		],
		"maxappmag":[
			{
				"value":"21.1",
				"derived":true,
				"source":"3,4,5"
			}
		],
		"maxdate":[
			{
				"value":"2016/09/24",
				"derived":true,
				"source":"3,4,5"
			}
		],
		"maxvisualappmag":[
			{
				"value":"21.1",
				"derived":true,
				"source":"3,4,5"
			}
		],
		"maxvisualdate":[
			{
				"value":"2016/09/24",
				"derived":true,
				"source":"3,4,5"
			}
		],
		"ra":[
			{
				"value":"02:24:26.23",
				"u_value":"hours",
				"source":"2,3"
			},
			{
				"value":"02:24:26.230",
				"u_value":"hours",
				"source":"3,4"
			}
		],
		"photometry":[
			{
				"time":"57655.5",
				"magnitude":"21.1",
				"u_time":"MJD",
				"source":"3,4"
			},
			{
				"time":"57656.5167587487",
				"band":"w",
				"e_magnitude":"0.109593",
				"instrument":"GPC",
				"magnitude":"21.1204",
				"telescope":"Pan-STARRS1",
				"u_time":"MJD",
				"source":"3"
			},
			{
				"time":"57656.5169907",
				"band":"w",
				"e_magnitude":"0.11",
				"instrument":"GPC1",
				"magnitude":"21.12",
				"observer":"Robot",
				"telescope":"PS1",
				"u_time":"MJD",
				"source":"2"
			},
			{
				"time":"57656.5294224421",
				"band":"w",
				"e_magnitude":"0.112329",
				"instrument":"GPC",
				"magnitude":"21.1257",
				"telescope":"Pan-STARRS1",
				"u_time":"MJD",
				"source":"3"
			},
			{
				"time":"57656.5420759834",
				"band":"w",
				"e_magnitude":"0.105314",
				"instrument":"GPC",
				"magnitude":"21.1749",
				"telescope":"Pan-STARRS1",
				"u_time":"MJD",
				"source":"3"
			},
			{
				"time":"57656.5547753884",
				"band":"w",
				"e_magnitude":"0.0888708",
				"instrument":"GPC",
				"magnitude":"21.1998",
				"telescope":"Pan-STARRS1",
				"u_time":"MJD",
				"source":"3"
			},
			{
				"time":"57668.495804776",
				"band":"w",
				"e_magnitude":"0.139358",
				"instrument":"GPC",
				"magnitude":"21.7058",
				"telescope":"Pan-STARRS1",
				"u_time":"MJD",
				"source":"3"
			},
			{
				"time":"57668.5082370638",
				"band":"w",
				"e_magnitude":"0.129069",
				"instrument":"GPC",
				"magnitude":"21.6838",
				"telescope":"Pan-STARRS1",
				"u_time":"MJD",
				"source":"3"
			},
			{
				"time":"57668.5206405538",
				"band":"w",
				"e_magnitude":"0.160965",
				"instrument":"GPC",
				"magnitude":"21.71",
				"telescope":"Pan-STARRS1",
				"u_time":"MJD",
				"source":"3"
			},
			{
				"time":"57668.5330427629",
				"band":"w",
				"e_magnitude":"0.151353",
				"instrument":"GPC",
				"magnitude":"21.8243",
				"telescope":"Pan-STARRS1",
				"u_time":"MJD",
				"source":"3"
			},
			{
				"time":"57668.5356889643",
				"band":"w",
				"e_magnitude":"0.167151",
				"instrument":"GPC",
				"magnitude":"21.6743",
				"telescope":"Pan-STARRS1",
				"u_time":"MJD",
				"source":"3"
			}
		]
	}
}