{
	"AT2016gqw":{
		"schema":"https://github.com/astrocatalogs/supernovae/blob/a0bc0b9/SCHEMA.md",
		"name":"AT2016gqw",
		"sources":[
			{
				"name":"2016A&A...594A..13P",
				"bibcode":"2016A&A...594A..13P",
				"reference":"Planck Collaboration et al. (2016)",
				"alias":"1"
			},
			{
				"name":"2011ApJ...737..103S",
				"bibcode":"2011ApJ...737..103S",
				"reference":"Schlafly & Finkbeiner (2011)",
				"alias":"2"
			},
			{
				"name":"Transient Name Server",
				"url":"https://wis-tns.weizmann.ac.il/",
				"alias":"3"
			},
			{
				"name":"Latest Supernovae",
				"secondary":true,
				"url":"http://www.rochesterastronomy.org/snimages/snredshiftall.html",
				"alias":"4"
			},
			{
				"name":"The Open Supernova Catalog",
				"bibcode":"2017ApJ...835...64G",
				"reference":"Guillochon et al. (2017)",
				"secondary":true,
				"url":"https://sne.space",
				"alias":"5"
			},
			{
				"name":"NED-D",
				"bibcode":"1991ASSL..171...89H",
				"reference":"Helou et al. (1991)",
				"secondary":true,
				"url":"http://ned.ipac.caltech.edu/Library/Distances/",
				"alias":"6"
			}
		],
		"alias":[
			{
				"value":"AT2016gqw",
				"source":"3,4"
			}
		],
		"claimedtype":[
			{
				"value":"Candidate",
				"source":"5"
			}
		],
		"comovingdist":[
			{
				"value":"15.4",
				"derived":true,
				"u_value":"Mpc",
				"source":"1,5,6"
			}
		],
		"dec":[
			{
				"value":"+50:57:19.20",
				"u_value":"degrees",
				"source":"3,4"
			}
		],
		"discoverdate":[
			{
				"value":"2016/09/28.114988",
				"source":"3"
			}
		],
		"discoverer":[
			{
				"value":"Italian Supernovae Search Project",
				"source":"3,4"
			}
		],
		"ebv":[
			{
				"value":"0.013",
				"derived":true,
				"e_value":"0.0004",
				"source":"2,5"
			}
		],
		"host":[
			{
				"value":"NGC 2841",
				"source":"3,4"
			}
		],
		"hostcomovingdist":[
			{
				"value":"15.4",
				"derived":true,
				"source":"1,5,6"
			}
		],
		"hostlumdist":[
			{
				"value":"15.44",
				"derived":true,
				"source":"1,5,6"
			}
		],
		"hostredshift":[
			{
				"value":"0.00348",
				"derived":true,
				"source":"1,6"
			}
		],
		"hostvelocity":[
			{
				"value":"1040",
				"source":"5"
			}
		],
		"lumdist":[
			{
				"value":"15.44",
				"derived":true,
				"u_value":"Mpc",
				"source":"1,5,6"
			}
		],
		"maxabsmag":[
			{
				"value":"-12.64",
				"derived":true,
				"source":"1,5,6"
			}
		],
		"maxappmag":[
			{
				"value":"18.3",
				"derived":true,
				"source":"3,5"
			}
		],
		"maxband":[
			{
				"value":"C",
				"derived":true,
				"source":"3,5"
			}
		],
		"maxdate":[
			{
				"value":"2016/09/28",
				"derived":true,
				"source":"3,5"
			}
		],
		"maxvisualabsmag":[
			{
				"value":"-12.64",
				"derived":true,
				"source":"1,5,6"
			}
		],
		"maxvisualappmag":[
			{
				"value":"18.3",
				"derived":true,
				"source":"3,5"
			}
		],
		"maxvisualband":[
			{
				"value":"C",
				"derived":true,
				"source":"3,5"
			}
		],
		"maxvisualdate":[
			{
				"value":"2016/09/28",
				"derived":true,
				"source":"3,5"
			}
		],
		"ra":[
			{
				"value":"09:21:58.78",
				"u_value":"hours",
				"source":"3"
			},
			{
				"value":"09:21:58.780",
				"u_value":"hours",
				"source":"3,4"
			}
		],
		"redshift":[
			{
				"value":"0.00348",
				"derived":true,
				"kind":"host",
				"source":"1,6"
			}
		],
		"velocity":[
			{
				"value":"1040",
				"u_value":"km/s",
				"source":"5"
			}
		],
		"photometry":[
			{
				"time":"57132.3929398",
				"band":"C",
				"magnitude":"19",
				"observer":"Alessandro Dimai",
				"u_time":"MJD",
				"upperlimit":true,
				"source":"3"
			},
			{
				"time":"57659.1149884",
				"band":"C",
				"e_magnitude":"0.3",
				"magnitude":"18.3",
				"observer":"Alessandro Dimai",
				"u_time":"MJD",
				"source":"3"
			}
		]
	}
}