{
	"AT2016gqj":{
		"schema":"https://github.com/astrocatalogs/supernovae/blob/a0bc0b9/SCHEMA.md",
		"name":"AT2016gqj",
		"sources":[
			{
				"name":"ATel 9552",
				"bibcode":"2016ATel.9552....1H",
				"reference":"Hornoch & Kucakova (2016)",
				"url":"http://www.astronomerstelegram.org/?read=9552",
				"alias":"1"
			},
			{
				"name":"2011ApJ...737..103S",
				"bibcode":"2011ApJ...737..103S",
				"reference":"Schlafly & Finkbeiner (2011)",
				"alias":"2"
			},
			{
				"name":"Transient Name Server",
				"url":"https://wis-tns.weizmann.ac.il/",
				"alias":"3"
			},
			{
				"name":"Pan-STARRS 3Pi",
				"url":"http://psweb.mp.qub.ac.uk/ps1threepi/psdb/",
				"alias":"4"
			},
			{
				"name":"The Open Supernova Catalog",
				"bibcode":"2017ApJ...835...64G",
				"reference":"Guillochon et al. (2017)",
				"secondary":true,
				"url":"https://sne.space",
				"alias":"5"
			}
		],
		"alias":[
			{
				"value":"AT2016gqj",
				"source":"1,3,4"
			},
			{
				"value":"PS16eoz",
				"source":"3"
			}
		],
		"claimedtype":[
			{
				"value":"Candidate",
				"source":"5"
			}
		],
		"dec":[
			{
				"value":"+41:09:44.48",
				"u_value":"degrees",
				"source":"3"
			},
			{
				"value":"+41:09:44.4",
				"u_value":"degrees",
				"source":"1,4"
			}
		],
		"discoverdate":[
			{
				"value":"2016/10/13.351991",
				"source":"3"
			}
		],
		"discoverer":[
			{
				"value":"Pan-STARRS1",
				"source":"3"
			}
		],
		"ebv":[
			{
				"value":"0.2795",
				"derived":true,
				"e_value":"0.0378",
				"source":"2,5"
			}
		],
		"maxappmag":[
			{
				"value":"18.2",
				"derived":true,
				"source":"3,5"
			}
		],
		"maxband":[
			{
				"value":"R",
				"derived":true,
				"source":"3,5"
			}
		],
		"maxdate":[
			{
				"value":"2016/09/28",
				"derived":true,
				"source":"3,5"
			}
		],
		"maxvisualappmag":[
			{
				"value":"18.2",
				"derived":true,
				"source":"3,5"
			}
		],
		"maxvisualband":[
			{
				"value":"R",
				"derived":true,
				"source":"3,5"
			}
		],
		"maxvisualdate":[
			{
				"value":"2016/09/28",
				"derived":true,
				"source":"3,5"
			}
		],
		"ra":[
			{
				"value":"00:42:17.27",
				"u_value":"hours",
				"source":"3"
			},
			{
				"value":"00:42:17.26",
				"u_value":"hours",
				"source":"1,4"
			}
		],
		"photometry":[
			{
				"time":"54832.5",
				"band":"R",
				"instrument":"CFH12k",
				"magnitude":"21.5",
				"observer":"iPTF",
				"telescope":"P48",
				"u_time":"MJD",
				"upperlimit":true,
				"source":"3"
			},
			{
				"time":"57659.2969907",
				"band":"R",
				"instrument":"CFH12k",
				"magnitude":"18.1991",
				"observer":"iPTF",
				"telescope":"P48",
				"u_time":"MJD",
				"source":"3"
			},
			{
				"time":"57674.351820829",
				"band":"i",
				"e_magnitude":"0.0309781",
				"instrument":"GPC",
				"magnitude":"18.3657",
				"telescope":"Pan-STARRS1",
				"u_time":"MJD",
				"source":"1,4"
			},
			{
				"time":"57674.351820829",
				"band":"i",
				"e_magnitude":"0.0274924",
				"instrument":"GPC",
				"magnitude":"18.368",
				"telescope":"Pan-STARRS1",
				"u_time":"MJD",
				"source":"1,4"
			},
			{
				"time":"57674.3519907",
				"band":"i",
				"e_magnitude":"0.03",
				"instrument":"GPC1",
				"magnitude":"18.37",
				"observer":"Robot",
				"telescope":"PS1",
				"u_time":"MJD",
				"source":"3"
			},
			{
				"time":"57674.3632779978",
				"band":"i",
				"e_magnitude":"0.0228148",
				"instrument":"GPC",
				"magnitude":"18.394",
				"telescope":"Pan-STARRS1",
				"u_time":"MJD",
				"source":"1,4"
			},
			{
				"time":"57674.3632779979",
				"band":"i",
				"e_magnitude":"0.0256096",
				"instrument":"GPC",
				"magnitude":"18.371",
				"telescope":"Pan-STARRS1",
				"u_time":"MJD",
				"source":"1,4"
			}
		]
	}
}