{
	"AT2016gck":{
		"schema":"https://github.com/astrocatalogs/supernovae/blob/a0bc0b9/SCHEMA.md",
		"name":"AT2016gck",
		"sources":[
			{
				"name":"2011ApJ...737..103S",
				"bibcode":"2011ApJ...737..103S",
				"reference":"Schlafly & Finkbeiner (2011)",
				"alias":"1"
			},
			{
				"name":"Transient Name Server",
				"url":"https://wis-tns.weizmann.ac.il/",
				"alias":"2"
			},
			{
				"name":"Latest Supernovae",
				"secondary":true,
				"url":"http://www.rochesterastronomy.org/snimages/snredshiftall.html",
				"alias":"3"
			},
			{
				"name":"The Open Supernova Catalog",
				"bibcode":"2017ApJ...835...64G",
				"reference":"Guillochon et al. (2017)",
				"secondary":true,
				"url":"https://sne.space",
				"alias":"4"
			}
		],
		"alias":[
			{
				"value":"AT2016gck",
				"source":"2,3"
			}
		],
		"claimedtype":[
			{
				"value":"Candidate",
				"source":"4"
			}
		],
		"dec":[
			{
				"value":"+31:12:09.20",
				"u_value":"degrees",
				"source":"2,3"
			}
		],
		"discoverdate":[
			{
				"value":"2016/09/07.438241",
				"source":"2"
			}
		],
		"discoverer":[
			{
				"value":"POSS",
				"source":"2"
			},
			{
				"value":"Tim Puckett et al.",
				"source":"2,3"
			}
		],
		"ebv":[
			{
				"value":"0.0699",
				"derived":true,
				"e_value":"0.001",
				"source":"1,4"
			}
		],
		"host":[
			{
				"value":"PGC 1739",
				"source":"2"
			},
			{
				"value":"CGCG 500-027",
				"source":"2,3"
			}
		],
		"maxappmag":[
			{
				"value":"19.9",
				"derived":true,
				"source":"2,4"
			}
		],
		"maxband":[
			{
				"value":"C",
				"derived":true,
				"source":"2,4"
			}
		],
		"maxdate":[
			{
				"value":"2016/09/07",
				"derived":true,
				"source":"2,4"
			}
		],
		"maxvisualappmag":[
			{
				"value":"19.9",
				"derived":true,
				"source":"2,4"
			}
		],
		"maxvisualband":[
			{
				"value":"C",
				"derived":true,
				"source":"2,4"
			}
		],
		"maxvisualdate":[
			{
				"value":"2016/09/07",
				"derived":true,
				"source":"2,4"
			}
		],
		"ra":[
			{
				"value":"00:28:17.18",
				"u_value":"hours",
				"source":"2"
			},
			{
				"value":"00:28:17.180",
				"u_value":"hours",
				"source":"2,3"
			}
		],
		"photometry":[
			{
				"time":"57633.4417824",
				"band":"C",
				"magnitude":"20.9",
				"u_time":"MJD",
				"upperlimit":true,
				"source":"2"
			},
			{
				"time":"57638.4382523",
				"band":"C",
				"e_magnitude":"0.1",
				"magnitude":"19.9",
				"u_time":"MJD",
				"source":"2"
			}
		]
	}
}