{
	"AT2016aqd":{
		"schema":"https://github.com/astrocatalogs/supernovae/blob/a0bc0b9/SCHEMA.md",
		"name":"AT2016aqd",
		"sources":[
			{
				"name":"2011ApJ...737..103S",
				"bibcode":"2011ApJ...737..103S",
				"reference":"Schlafly & Finkbeiner (2011)",
				"alias":"1"
			},
			{
				"name":"Transient Name Server",
				"url":"https://wis-tns.weizmann.ac.il/",
				"alias":"2"
			},
			{
				"name":"Latest Supernovae",
				"secondary":true,
				"url":"http://www.rochesterastronomy.org/snimages/snredshiftall.html",
				"alias":"3"
			},
			{
				"name":"The Open Supernova Catalog",
				"bibcode":"2017ApJ...835...64G",
				"reference":"Guillochon et al. (2017)",
				"secondary":true,
				"url":"https://sne.space",
				"alias":"4"
			}
		],
		"alias":[
			{
				"value":"AT2016aqd",
				"source":"2,3"
			},
			{
				"value":"LSQ16sn",
				"source":"2,3"
			}
		],
		"claimedtype":[
			{
				"value":"Candidate",
				"source":"4"
			}
		],
		"dec":[
			{
				"value":"+12:05:33.59",
				"u_value":"degrees",
				"source":"2"
			},
			{
				"value":"+12:05:33.6",
				"u_value":"degrees",
				"source":"2,3"
			}
		],
		"discoverdate":[
			{
				"value":"2016/02/16.3786",
				"source":"2"
			}
		],
		"discoverer":[
			{
				"value":"LSQ",
				"source":"2"
			},
			{
				"value":"La Silla-QUEST",
				"source":"2,3"
			}
		],
		"ebv":[
			{
				"value":"0.028",
				"derived":true,
				"e_value":"0.0011",
				"source":"1,4"
			}
		],
		"maxappmag":[
			{
				"value":"19.51",
				"derived":true,
				"source":"2,4"
			}
		],
		"maxband":[
			{
				"value":"gr",
				"derived":true,
				"source":"2,4"
			}
		],
		"maxdate":[
			{
				"value":"2016/02/16",
				"derived":true,
				"source":"2,4"
			}
		],
		"maxvisualappmag":[
			{
				"value":"19.51",
				"derived":true,
				"source":"2,4"
			}
		],
		"maxvisualband":[
			{
				"value":"gr",
				"derived":true,
				"source":"2,4"
			}
		],
		"maxvisualdate":[
			{
				"value":"2016/02/16",
				"derived":true,
				"source":"2,4"
			}
		],
		"ra":[
			{
				"value":"11:34:57.55",
				"u_value":"hours",
				"source":"2,3"
			}
		],
		"photometry":[
			{
				"time":"57434.3785995",
				"band":"gr",
				"instrument":"QUEST",
				"magnitude":"19.5058",
				"telescope":"ESO-1m",
				"u_time":"MJD",
				"source":"2"
			}
		]
	}
}