{
	"AT2016gqu":{
		"schema":"https://github.com/astrocatalogs/supernovae/blob/a0bc0b9/SCHEMA.md",
		"name":"AT2016gqu",
		"sources":[
			{
				"name":"2011ApJ...737..103S",
				"bibcode":"2011ApJ...737..103S",
				"reference":"Schlafly & Finkbeiner (2011)",
				"alias":"1"
			},
			{
				"name":"Transient Name Server",
				"url":"https://wis-tns.weizmann.ac.il/",
				"alias":"2"
			},
			{
				"name":"Latest Supernovae",
				"secondary":true,
				"url":"http://www.rochesterastronomy.org/snimages/snredshiftall.html",
				"alias":"3"
			},
			{
				"name":"The Open Supernova Catalog",
				"bibcode":"2017ApJ...835...64G",
				"reference":"Guillochon et al. (2017)",
				"secondary":true,
				"url":"https://sne.space",
				"alias":"4"
			}
		],
		"alias":[
			{
				"value":"AT2016gqu",
				"source":"2,3"
			}
		],
		"claimedtype":[
			{
				"value":"Candidate",
				"source":"4"
			}
		],
		"dec":[
			{
				"value":"+39:56:08.00",
				"u_value":"degrees",
				"source":"2,3"
			}
		],
		"discoverdate":[
			{
				"value":"2016/09/27.8",
				"source":"2"
			}
		],
		"discoverer":[
			{
				"value":"TNTS",
				"source":"2,3"
			}
		],
		"ebv":[
			{
				"value":"0.0733",
				"derived":true,
				"e_value":"0.0028",
				"source":"1,4"
			}
		],
		"host":[
			{
				"value":"2MASX J02510026+3956039",
				"source":"2"
			}
		],
		"hostdec":[
			{
				"value":"+39:56:03.9",
				"derived":true,
				"u_value":"degrees",
				"source":"4"
			}
		],
		"hostoffsetang":[
			{
				"value":"4.114",
				"derived":true,
				"u_value":"arcseconds",
				"source":"2,3,4"
			}
		],
		"hostra":[
			{
				"value":"02:51:00.26",
				"derived":true,
				"u_value":"hours",
				"source":"4"
			}
		],
		"maxappmag":[
			{
				"value":"19.9",
				"derived":true,
				"source":"2,4"
			}
		],
		"maxband":[
			{
				"value":"C",
				"derived":true,
				"source":"2,4"
			}
		],
		"maxdate":[
			{
				"value":"2016/09/27",
				"derived":true,
				"source":"2,4"
			}
		],
		"maxvisualappmag":[
			{
				"value":"19.9",
				"derived":true,
				"source":"2,4"
			}
		],
		"maxvisualband":[
			{
				"value":"C",
				"derived":true,
				"source":"2,4"
			}
		],
		"maxvisualdate":[
			{
				"value":"2016/09/27",
				"derived":true,
				"source":"2,4"
			}
		],
		"ra":[
			{
				"value":"02:51:00.29",
				"u_value":"hours",
				"source":"2"
			},
			{
				"value":"02:51:00.290",
				"u_value":"hours",
				"source":"2,3"
			}
		],
		"photometry":[
			{
				"time":"57658.3",
				"band":"C",
				"instrument":"BATC",
				"magnitude":"19.9",
				"system":"Vega",
				"telescope":"BAO-0.6m",
				"u_time":"MJD",
				"source":"2"
			}
		]
	}
}