{
	"AT2016cpb":{
		"schema":"https://github.com/astrocatalogs/supernovae/blob/a0bc0b9/SCHEMA.md",
		"name":"AT2016cpb",
		"sources":[
			{
				"name":"2016A&A...594A..13P",
				"bibcode":"2016A&A...594A..13P",
				"reference":"Planck Collaboration et al. (2016)",
				"alias":"1"
			},
			{
				"name":"2011ApJ...737..103S",
				"bibcode":"2011ApJ...737..103S",
				"reference":"Schlafly & Finkbeiner (2011)",
				"alias":"2"
			},
			{
				"name":"Transient Name Server",
				"url":"https://wis-tns.weizmann.ac.il/",
				"alias":"3"
			},
			{
				"name":"Latest Supernovae",
				"secondary":true,
				"url":"http://www.rochesterastronomy.org/snimages/snredshiftall.html",
				"alias":"4"
			},
			{
				"name":"The Open Supernova Catalog",
				"bibcode":"2017ApJ...835...64G",
				"reference":"Guillochon et al. (2017)",
				"secondary":true,
				"url":"https://sne.space",
				"alias":"5"
			}
		],
		"alias":[
			{
				"value":"AT2016cpb",
				"source":"3,4"
			}
		],
		"claimedtype":[
			{
				"value":"Candidate",
				"source":"5"
			}
		],
		"comovingdist":[
			{
				"value":"173",
				"derived":true,
				"u_value":"Mpc",
				"source":"1,3,5"
			}
		],
		"dec":[
			{
				"value":"+81:35:59.30",
				"u_value":"degrees",
				"source":"3"
			},
			{
				"value":"+81:35:59.3",
				"u_value":"degrees",
				"source":"3,4"
			}
		],
		"discoverdate":[
			{
				"value":"2016/05/31.309699",
				"source":"3"
			}
		],
		"discoverer":[
			{
				"value":"POSS",
				"source":"3"
			},
			{
				"value":"Tim Puckett et al.",
				"source":"3,4"
			}
		],
		"ebv":[
			{
				"value":"0.056",
				"derived":true,
				"e_value":"0.0013",
				"source":"2,5"
			}
		],
		"host":[
			{
				"value":"PGC 59179",
				"source":"3"
			},
			{
				"value":"UGC 10638",
				"source":"3,4"
			}
		],
		"hostcomovingdist":[
			{
				"value":"173",
				"derived":true,
				"source":"1,3,5"
			}
		],
		"hostlumdist":[
			{
				"value":"179.6",
				"derived":true,
				"source":"1,3,5"
			}
		],
		"hostredshift":[
			{
				"value":"0.0394",
				"source":"3"
			}
		],
		"hostvelocity":[
			{
				"value":"11600",
				"source":"5"
			}
		],
		"lumdist":[
			{
				"value":"179.6",
				"derived":true,
				"u_value":"Mpc",
				"source":"1,3,5"
			}
		],
		"maxabsmag":[
			{
				"value":"-18.33",
				"derived":true,
				"source":"1,3,5"
			}
		],
		"maxappmag":[
			{
				"value":"17.9",
				"derived":true,
				"source":"3,5"
			}
		],
		"maxband":[
			{
				"value":"C",
				"derived":true,
				"source":"3,5"
			}
		],
		"maxdate":[
			{
				"value":"2016/05/31",
				"derived":true,
				"source":"3,5"
			}
		],
		"maxvisualabsmag":[
			{
				"value":"-18.37",
				"derived":true,
				"source":"1,3,5"
			}
		],
		"maxvisualappmag":[
			{
				"value":"17.9",
				"derived":true,
				"source":"3,5"
			}
		],
		"maxvisualband":[
			{
				"value":"C",
				"derived":true,
				"source":"3,5"
			}
		],
		"maxvisualdate":[
			{
				"value":"2016/05/31",
				"derived":true,
				"source":"3,5"
			}
		],
		"ra":[
			{
				"value":"16:51:46.56",
				"u_value":"hours",
				"source":"3,4"
			}
		],
		"redshift":[
			{
				"value":"0.0394",
				"kind":"host",
				"source":"3"
			},
			{
				"value":"0.0394",
				"source":"3,4"
			}
		],
		"velocity":[
			{
				"value":"11600",
				"u_value":"km/s",
				"source":"5"
			}
		],
		"photometry":[
			{
				"time":"57530.3529861",
				"band":"C",
				"magnitude":"19.9",
				"u_time":"MJD",
				"upperlimit":true,
				"source":"3"
			},
			{
				"time":"57539.3096991",
				"band":"C",
				"e_magnitude":"0.3",
				"magnitude":"17.9",
				"u_time":"MJD",
				"source":"3"
			}
		]
	}
}