{
	"AT2016evq":{
		"schema":"https://github.com/astrocatalogs/supernovae/blob/a0bc0b9/SCHEMA.md",
		"name":"AT2016evq",
		"sources":[
			{
				"name":"ATel 9369",
				"bibcode":"2016ATel.9369....1T",
				"reference":"Tonry et al. (2016)",
				"url":"http://www.astronomerstelegram.org/?read=9369",
				"alias":"1"
			},
			{
				"name":"2011ApJ...737..103S",
				"bibcode":"2011ApJ...737..103S",
				"reference":"Schlafly & Finkbeiner (2011)",
				"alias":"2"
			},
			{
				"name":"Transient Name Server",
				"url":"https://wis-tns.weizmann.ac.il/",
				"alias":"3"
			},
			{
				"name":"Gaia Photometric Science Alerts",
				"url":"http://gsaweb.ast.cam.ac.uk/alerts/alertsindex",
				"alias":"4"
			},
			{
				"name":"Pan-STARRS 3Pi",
				"url":"http://psweb.mp.qub.ac.uk/ps1threepi/psdb/",
				"alias":"5"
			},
			{
				"name":"Latest Supernovae",
				"secondary":true,
				"url":"http://www.rochesterastronomy.org/snimages/snredshiftall.html",
				"alias":"6"
			},
			{
				"name":"The Open Supernova Catalog",
				"bibcode":"2017ApJ...835...64G",
				"reference":"Guillochon et al. (2017)",
				"secondary":true,
				"url":"https://sne.space",
				"alias":"7"
			}
		],
		"alias":[
			{
				"value":"AT2016evq",
				"source":"1,3,4,5,6"
			},
			{
				"value":"ATLAS16cdp",
				"source":"1,3,5,6"
			},
			{
				"value":"PS16dwt",
				"source":"1,6,7"
			},
			{
				"value":"Gaia16bko",
				"source":"1,6,7"
			}
		],
		"claimedtype":[
			{
				"value":"Candidate",
				"source":"4"
			}
		],
		"dec":[
			{
				"value":"+56:23:03.50",
				"u_value":"degrees",
				"source":"3"
			},
			{
				"value":"+56:23:03.40",
				"u_value":"degrees",
				"source":"1,6"
			},
			{
				"value":"+56:23:03.48",
				"u_value":"degrees",
				"source":"4"
			},
			{
				"value":"+56:23:03.4",
				"u_value":"degrees",
				"source":"1,5"
			}
		],
		"discoverdate":[
			{
				"value":"2016/07/29.423993",
				"source":"3"
			}
		],
		"discoverer":[
			{
				"value":"ATLAS",
				"source":"1,3,6"
			}
		],
		"ebv":[
			{
				"value":"0.1705",
				"derived":true,
				"e_value":"0.0037",
				"source":"2,7"
			}
		],
		"host":[
			{
				"value":"2MFGC 15274",
				"source":"1,5"
			}
		],
		"maxappmag":[
			{
				"value":"17.58",
				"derived":true,
				"source":"3,7"
			}
		],
		"maxband":[
			{
				"value":"orange",
				"derived":true,
				"source":"3,7"
			}
		],
		"maxdate":[
			{
				"value":"2016/07/29",
				"derived":true,
				"source":"3,7"
			}
		],
		"maxvisualappmag":[
			{
				"value":"18.44",
				"derived":true,
				"source":"4,7"
			}
		],
		"maxvisualband":[
			{
				"value":"G",
				"derived":true,
				"source":"4,7"
			}
		],
		"maxvisualdate":[
			{
				"value":"2016/10/01",
				"derived":true,
				"source":"4,7"
			}
		],
		"ra":[
			{
				"value":"20:02:17.08",
				"u_value":"hours",
				"source":"3"
			},
			{
				"value":"20:02:17.070",
				"u_value":"hours",
				"source":"1,6"
			},
			{
				"value":"20:02:17.04",
				"u_value":"hours",
				"source":"4"
			},
			{
				"value":"20:02:17.15",
				"u_value":"hours",
				"source":"1,5"
			}
		],
		"photometry":[
			{
				"time":"57581.4839931",
				"band":"cyan",
				"instrument":"ACAM1",
				"magnitude":"19.61",
				"observer":"Robot",
				"telescope":"ATLAS1",
				"u_time":"MJD",
				"upperlimit":true,
				"source":"3"
			},
			{
				"time":"57598.4239931",
				"band":"orange",
				"e_magnitude":"0.07",
				"instrument":"ACAM1",
				"magnitude":"17.58",
				"observer":"Robot",
				"telescope":"ATLAS1",
				"u_time":"MJD",
				"source":"3"
			},
			{
				"time":"57616.4009253826",
				"band":"i",
				"e_magnitude":"0.0122251",
				"instrument":"GPC",
				"magnitude":"17.6977",
				"telescope":"Pan-STARRS1",
				"u_time":"MJD",
				"source":"1,5"
			},
			{
				"time":"57616.4009954",
				"band":"i",
				"e_magnitude":"0.01",
				"instrument":"GPC1",
				"magnitude":"17.7",
				"observer":"Robot",
				"telescope":"PS1",
				"u_time":"MJD",
				"source":"3"
			},
			{
				"time":"57616.413522066",
				"band":"i",
				"e_magnitude":"0.0125014",
				"instrument":"GPC",
				"magnitude":"17.7032",
				"telescope":"Pan-STARRS1",
				"u_time":"MJD",
				"source":"1,5"
			},
			{
				"time":"57616.4261437406",
				"band":"i",
				"e_magnitude":"0.0110809",
				"instrument":"GPC",
				"magnitude":"17.6888",
				"telescope":"Pan-STARRS1",
				"u_time":"MJD",
				"source":"1,5"
			},
			{
				"time":"57616.4387377138",
				"band":"i",
				"e_magnitude":"0.0124094",
				"instrument":"GPC",
				"magnitude":"17.7278",
				"telescope":"Pan-STARRS1",
				"u_time":"MJD",
				"source":"1,5"
			},
			{
				"time":"57623.3659954",
				"band":"G",
				"instrument":"Gaia-photometric",
				"magnitude":"21.5",
				"observer":"Robot",
				"telescope":"Gaia",
				"u_time":"MJD",
				"upperlimit":true,
				"source":"3"
			},
			{
				"time":"57662.5029977",
				"band":"G",
				"e_magnitude":"0.2",
				"instrument":"Gaia-photometric",
				"magnitude":"18.49",
				"observer":"Robot",
				"telescope":"Gaia",
				"u_time":"MJD",
				"source":"3"
			},
			{
				"time":"57662.504",
				"band":"G",
				"e_magnitude":"0.0",
				"magnitude":"18.49",
				"telescope":"GAIA",
				"u_time":"MJD",
				"source":"4"
			},
			{
				"time":"57662.578",
				"band":"G",
				"e_magnitude":"0.0",
				"magnitude":"18.44",
				"telescope":"GAIA",
				"u_time":"MJD",
				"source":"4"
			},
			{
				"time":"57685.074",
				"band":"G",
				"e_magnitude":"0.0",
				"magnitude":"18.58",
				"telescope":"GAIA",
				"u_time":"MJD",
				"source":"4"
			},
			{
				"time":"57720.468",
				"band":"G",
				"e_magnitude":"0.0",
				"magnitude":"19.75",
				"telescope":"GAIA",
				"u_time":"MJD",
				"source":"4"
			},
			{
				"time":"57720.542",
				"band":"G",
				"e_magnitude":"0.0",
				"magnitude":"19.91",
				"telescope":"GAIA",
				"u_time":"MJD",
				"source":"4"
			},
			{
				"time":"57749.279",
				"band":"G",
				"e_magnitude":"0.0",
				"magnitude":"20.13",
				"telescope":"GAIA",
				"u_time":"MJD",
				"source":"4"
			}
		]
	}
}