{
	"AT2016brz":{
		"schema":"https://github.com/astrocatalogs/supernovae/blob/a0bc0b9/SCHEMA.md",
		"name":"AT2016brz",
		"sources":[
			{
				"name":"2016A&A...594A..13P",
				"bibcode":"2016A&A...594A..13P",
				"reference":"Planck Collaboration et al. (2016)",
				"alias":"1"
			},
			{
				"name":"2011ApJ...737..103S",
				"bibcode":"2011ApJ...737..103S",
				"reference":"Schlafly & Finkbeiner (2011)",
				"alias":"2"
			},
			{
				"name":"Transient Name Server",
				"url":"https://wis-tns.weizmann.ac.il/",
				"alias":"3"
			},
			{
				"name":"Latest Supernovae",
				"secondary":true,
				"url":"http://www.rochesterastronomy.org/snimages/snredshiftall.html",
				"alias":"4"
			},
			{
				"name":"The Open Supernova Catalog",
				"bibcode":"2017ApJ...835...64G",
				"reference":"Guillochon et al. (2017)",
				"secondary":true,
				"url":"https://sne.space",
				"alias":"5"
			}
		],
		"alias":[
			{
				"value":"AT2016brz",
				"source":"3,4"
			}
		],
		"claimedtype":[
			{
				"value":"Candidate",
				"source":"5"
			}
		],
		"comovingdist":[
			{
				"value":"54.157",
				"derived":true,
				"u_value":"Mpc",
				"source":"1,3,5"
			}
		],
		"dec":[
			{
				"value":"+38:27:24.60",
				"u_value":"degrees",
				"source":"3"
			},
			{
				"value":"+38:27:24.6",
				"u_value":"degrees",
				"source":"3,4"
			}
		],
		"discoverdate":[
			{
				"value":"2016/04/22.09",
				"source":"3"
			}
		],
		"discoverer":[
			{
				"value":"GSST / Constantine Emmanouilidi / Emelie Selander",
				"source":"3,4"
			}
		],
		"ebv":[
			{
				"value":"0.0089",
				"derived":true,
				"e_value":"0.0005",
				"source":"2,5"
			}
		],
		"host":[
			{
				"value":"NGC 5698",
				"source":"3,4"
			}
		],
		"hostcomovingdist":[
			{
				"value":"54.157",
				"derived":true,
				"source":"1,3,5"
			}
		],
		"hostlumdist":[
			{
				"value":"54.8211",
				"derived":true,
				"source":"1,3,5"
			}
		],
		"hostredshift":[
			{
				"value":"0.012272",
				"source":"3"
			}
		],
		"hostvelocity":[
			{
				"value":"3656.5",
				"source":"5"
			}
		],
		"lumdist":[
			{
				"value":"54.8211",
				"derived":true,
				"u_value":"Mpc",
				"source":"1,3,5"
			}
		],
		"maxabsmag":[
			{
				"value":"-16.9815",
				"derived":true,
				"source":"1,3,5"
			}
		],
		"maxappmag":[
			{
				"value":"16.7",
				"derived":true,
				"source":"3,5"
			}
		],
		"maxband":[
			{
				"value":"C",
				"derived":true,
				"source":"3,5"
			}
		],
		"maxdate":[
			{
				"value":"2016/04/22",
				"derived":true,
				"source":"3,5"
			}
		],
		"maxvisualabsmag":[
			{
				"value":"-16.9947",
				"derived":true,
				"source":"1,3,5"
			}
		],
		"maxvisualappmag":[
			{
				"value":"16.7",
				"derived":true,
				"source":"3,5"
			}
		],
		"maxvisualband":[
			{
				"value":"C",
				"derived":true,
				"source":"3,5"
			}
		],
		"maxvisualdate":[
			{
				"value":"2016/04/22",
				"derived":true,
				"source":"3,5"
			}
		],
		"ra":[
			{
				"value":"14:37:14.73",
				"u_value":"hours",
				"source":"3,4"
			}
		],
		"redshift":[
			{
				"value":"0.012272",
				"kind":"host",
				"source":"3"
			},
			{
				"value":"0.012272",
				"source":"3,4"
			}
		],
		"velocity":[
			{
				"value":"3656.5",
				"u_value":"km/s",
				"source":"5"
			}
		],
		"photometry":[
			{
				"time":"57494.1010995",
				"band":"C",
				"magnitude":"17.1",
				"observer":"Constantine Emmanouilidi",
				"u_time":"MJD",
				"upperlimit":true,
				"source":"3"
			},
			{
				"time":"57500.09",
				"band":"C",
				"e_magnitude":"0.3",
				"magnitude":"16.7",
				"observer":"Constantine Emmanouilidi",
				"u_time":"MJD",
				"source":"3"
			}
		]
	}
}