{
	"AT2016hpp":{
		"schema":"https://github.com/astrocatalogs/supernovae/blob/a0bc0b9/SCHEMA.md",
		"name":"AT2016hpp",
		"sources":[
			{
				"name":"ATel 9614",
				"bibcode":"2016ATel.9614....1F",
				"reference":"Frohmaier et al. (2016)",
				"url":"http://www.astronomerstelegram.org/?read=9614",
				"alias":"1"
			},
			{
				"name":"2016A&A...594A..13P",
				"bibcode":"2016A&A...594A..13P",
				"reference":"Planck Collaboration et al. (2016)",
				"alias":"2"
			},
			{
				"name":"2011ApJ...737..103S",
				"bibcode":"2011ApJ...737..103S",
				"reference":"Schlafly & Finkbeiner (2011)",
				"alias":"3"
			},
			{
				"name":"Transient Name Server",
				"url":"https://wis-tns.weizmann.ac.il/",
				"alias":"4"
			},
			{
				"name":"Pan-STARRS 3Pi",
				"url":"http://psweb.mp.qub.ac.uk/ps1threepi/psdb/",
				"alias":"5"
			},
			{
				"name":"Latest Supernovae",
				"secondary":true,
				"url":"http://www.rochesterastronomy.org/snimages/snredshiftall.html",
				"alias":"6"
			},
			{
				"name":"The Open Supernova Catalog",
				"bibcode":"2017ApJ...835...64G",
				"reference":"Guillochon et al. (2017)",
				"secondary":true,
				"url":"https://sne.space",
				"alias":"7"
			},
			{
				"name":"WISeREP",
				"bibcode":"2012PASP..124..668Y",
				"reference":"Yaron & Gal-Yam (2012)",
				"secondary":true,
				"url":"http://wiserep.weizmann.ac.il/",
				"alias":"8"
			}
		],
		"alias":[
			{
				"value":"AT2016hpp",
				"source":"1,4,5,6,8"
			},
			{
				"value":"PS16eva",
				"source":"1,4,6"
			},
			{
				"value":"SMT16acmx",
				"source":"1,5,6"
			}
		],
		"claimedtype":[
			{
				"value":"Ia",
				"source":"1,6,8"
			}
		],
		"comovingdist":[
			{
				"value":"420",
				"derived":true,
				"u_value":"Mpc",
				"source":"1,2,6,7,8"
			}
		],
		"dec":[
			{
				"value":"-13:45:01.72",
				"u_value":"degrees",
				"source":"4"
			},
			{
				"value":"-13:45:01.60",
				"u_value":"degrees",
				"source":"1,6"
			},
			{
				"value":"-13:45:01.6",
				"u_value":"degrees",
				"source":"1,5"
			}
		],
		"discoverdate":[
			{
				"value":"2016/10/25.251991",
				"source":"4"
			}
		],
		"discoverer":[
			{
				"value":"Pan-STARRS1",
				"source":"4"
			},
			{
				"value":"SkyMapper",
				"source":"1,6"
			}
		],
		"ebv":[
			{
				"value":"0.0261",
				"derived":true,
				"e_value":"0.0004",
				"source":"3,7"
			}
		],
		"lumdist":[
			{
				"value":"465",
				"derived":true,
				"u_value":"Mpc",
				"source":"1,2,6,7,8"
			}
		],
		"maxabsmag":[
			{
				"value":"-17.9",
				"derived":true,
				"source":"1,2,6,7,8"
			}
		],
		"maxappmag":[
			{
				"value":"20.38",
				"derived":true,
				"source":"1,5,7"
			}
		],
		"maxband":[
			{
				"value":"w",
				"derived":true,
				"source":"1,5,7"
			}
		],
		"maxdate":[
			{
				"value":"2016/10/25",
				"derived":true,
				"source":"1,5,7"
			}
		],
		"maxvisualabsmag":[
			{
				"value":"-18",
				"derived":true,
				"source":"1,2,6,7,8"
			}
		],
		"maxvisualappmag":[
			{
				"value":"20.38",
				"derived":true,
				"source":"1,5,7"
			}
		],
		"maxvisualband":[
			{
				"value":"w",
				"derived":true,
				"source":"1,5,7"
			}
		],
		"maxvisualdate":[
			{
				"value":"2016/10/25",
				"derived":true,
				"source":"1,5,7"
			}
		],
		"ra":[
			{
				"value":"22:06:52.39",
				"u_value":"hours",
				"source":"4"
			},
			{
				"value":"22:06:52.380",
				"u_value":"hours",
				"source":"1,6"
			},
			{
				"value":"22:06:52.38",
				"u_value":"hours",
				"source":"1,5"
			}
		],
		"redshift":[
			{
				"value":"0.098",
				"source":"1,6,8"
			}
		],
		"velocity":[
			{
				"value":"28000",
				"u_value":"km/s",
				"source":"7"
			}
		],
		"photometry":[
			{
				"time":"57686.2519907",
				"band":"w",
				"e_magnitude":"0.05",
				"instrument":"GPC1",
				"magnitude":"20.4",
				"observer":"Robot",
				"telescope":"PS1",
				"u_time":"MJD",
				"source":"4"
			},
			{
				"time":"57686.2524145905",
				"band":"w",
				"e_magnitude":"0.0497615",
				"instrument":"GPC",
				"magnitude":"20.4021",
				"telescope":"Pan-STARRS1",
				"u_time":"MJD",
				"source":"1,5"
			},
			{
				"time":"57686.2635618127",
				"band":"w",
				"e_magnitude":"0.0531699",
				"instrument":"GPC",
				"magnitude":"20.4621",
				"telescope":"Pan-STARRS1",
				"u_time":"MJD",
				"source":"1,5"
			},
			{
				"time":"57686.2747005242",
				"band":"w",
				"e_magnitude":"0.0664966",
				"instrument":"GPC",
				"magnitude":"20.3845",
				"telescope":"Pan-STARRS1",
				"u_time":"MJD",
				"source":"1,5"
			},
			{
				"time":"57686.285901308",
				"band":"w",
				"e_magnitude":"0.0553755",
				"instrument":"GPC",
				"magnitude":"20.3901",
				"telescope":"Pan-STARRS1",
				"u_time":"MJD",
				"source":"1,5"
			}
		],
		"spectra":[
			{
				"time":"57672.0",
				"filename":"tSMT16acmx_20161010_Gr13_Free_slit1.0_1_f.asci",
				"instrument":"ESO-NTT - EFOSC2-NTT",
				"observer":"C. Frohmaier/S. Prajs",
				"redshift":"0.098",
				"reducer":"R. Cartier",
				"reduction":"rapid",
				"survey":"PESSTO",
				"u_fluxes":"erg/s/cm^2/Angstrom",
				"u_time":"MJD",
				"u_wavelengths":"Angstrom",
				"data":[
					[
						"3635.047852",
						"4.37533e-17"
					],
					[
						"3640.56578",
						"1.69276e-17"
					],
					[
						"3646.083709",
						"1.42857e-17"
					],
					[
						"3651.601637",
						"-2.88124e-18"
					],
					[
						"3657.119566",
						"-1.10189e-17"
					],
					[
						"3662.637495",
						"1.65884e-17"
					],
					[
						"3668.155423",
						"-4.54259e-18"
					],
					[
						"3673.673352",
						"1.81113e-17"
					],
					[
						"3679.19128",
						"4.12845e-17"
					],
					[
						"3684.709209",
						"-1.51046e-17"
					],
					[
						"3690.227138",
						"5.19308e-18"
					],
					[
						"3695.745066",
						"1.97884e-17"
					],
					[
						"3701.262995",
						"1.30454e-17"
					],
					[
						"3706.780923",
						"3.38543e-17"
					],
					[
						"3712.298852",
						"-9.54219e-18"
					],
					[
						"3717.816781",
						"1.00517e-17"
					],
					[
						"3723.334709",
						"-3.61792e-18"
					],
					[
						"3728.852638",
						"1.08004e-17"
					],
					[
						"3734.370566",
						"-8.78137e-18"
					],
					[
						"3739.888495",
						"1.26378e-17"
					],
					[
						"3745.406424",
						"-2.93225e-18"
					],
					[
						"3750.924352",
						"2.70111e-17"
					],
					[
						"3756.442281",
						"-1.12058e-18"
					],
					[
						"3761.960209",
						"5.32838e-17"
					],
					[
						"3767.478138",
						"2.61017e-17"
					],
					[
						"3772.996067",
						"7.62062e-18"
					],
					[
						"3778.513995",
						"9.64713e-18"
					],
					[
						"3784.031924",
						"6.38569e-18"
					],
					[
						"3789.549852",
						"2.30891e-18"
					],
					[
						"3795.067781",
						"4.69675e-17"
					],
					[
						"3800.58571",
						"2.22079e-17"
					],
					[
						"3806.103638",
						"1.21259e-17"
					],
					[
						"3811.621567",
						"1.53744e-17"
					],
					[
						"3817.139495",
						"-4.32263e-18"
					],
					[
						"3822.657424",
						"-8.49824e-18"
					],
					[
						"3828.175353",
						"3.24846e-17"
					],
					[
						"3833.693281",
						"6.70641e-18"
					],
					[
						"3839.21121",
						"1.32406e-17"
					],
					[
						"3844.729138",
						"3.66502e-17"
					],
					[
						"3850.247067",
						"1.99635e-17"
					],
					[
						"3855.764996",
						"3.49387e-18"
					],
					[
						"3861.282924",
						"3.43563e-17"
					],
					[
						"3866.800853",
						"3.33009e-17"
					],
					[
						"3872.318781",
						"-1.79767e-17"
					],
					[
						"3877.83671",
						"2.41235e-17"
					],
					[
						"3883.354639",
						"1.99232e-17"
					],
					[
						"3888.872567",
						"1.83941e-17"
					],
					[
						"3894.390496",
						"3.39111e-17"
					],
					[
						"3899.908424",
						"4.79724e-17"
					],
					[
						"3905.426353",
						"3.65903e-17"
					],
					[
						"3910.944282",
						"3.93198e-17"
					],
					[
						"3916.46221",
						"2.14014e-17"
					],
					[
						"3921.980139",
						"3.12258e-17"
					],
					[
						"3927.498067",
						"4.08842e-17"
					],
					[
						"3933.015996",
						"4.17662e-17"
					],
					[
						"3938.533925",
						"2.11906e-17"
					],
					[
						"3944.051853",
						"2.52372e-17"
					],
					[
						"3949.569782",
						"1.28197e-17"
					],
					[
						"3955.08771",
						"-9.96113e-18"
					],
					[
						"3960.605639",
						"2.16117e-17"
					],
					[
						"3966.123568",
						"3.96729e-17"
					],
					[
						"3971.641496",
						"2.12659e-17"
					],
					[
						"3977.159425",
						"2.33291e-17"
					],
					[
						"3982.677353",
						"3.00082e-17"
					],
					[
						"3988.195282",
						"1.99593e-17"
					],
					[
						"3993.713211",
						"1.22031e-17"
					],
					[
						"3999.231139",
						"1.95628e-17"
					],
					[
						"4004.749068",
						"2.55169e-17"
					],
					[
						"4010.266996",
						"7.21597e-19"
					],
					[
						"4015.784925",
						"4.24883e-17"
					],
					[
						"4021.302854",
						"4.35292e-17"
					],
					[
						"4026.820782",
						"4.92404e-17"
					],
					[
						"4032.338711",
						"4.67137e-17"
					],
					[
						"4037.856639",
						"3.91901e-17"
					],
					[
						"4043.374568",
						"3.66432e-17"
					],
					[
						"4048.892497",
						"3.07558e-17"
					],
					[
						"4054.410425",
						"3.66857e-17"
					],
					[
						"4059.928354",
						"2.16433e-17"
					],
					[
						"4065.446282",
						"3.38869e-17"
					],
					[
						"4070.964211",
						"3.98781e-17"
					],
					[
						"4076.48214",
						"3.05587e-17"
					],
					[
						"4082.000068",
						"4.01684e-17"
					],
					[
						"4087.517997",
						"1.89352e-17"
					],
					[
						"4093.035925",
						"1.02785e-17"
					],
					[
						"4098.553854",
						"1.36175e-17"
					],
					[
						"4104.071783",
						"1.48492e-17"
					],
					[
						"4109.589711",
						"1.15685e-17"
					],
					[
						"4115.10764",
						"1.04272e-17"
					],
					[
						"4120.625568",
						"2.03786e-17"
					],
					[
						"4126.143497",
						"2.655e-17"
					],
					[
						"4131.661426",
						"2.07366e-17"
					],
					[
						"4137.179354",
						"7.30871e-18"
					],
					[
						"4142.697283",
						"1.26044e-17"
					],
					[
						"4148.215211",
						"2.67422e-17"
					],
					[
						"4153.73314",
						"1.62846e-17"
					],
					[
						"4159.251069",
						"-2.22758e-19"
					],
					[
						"4164.768997",
						"1.16004e-17"
					],
					[
						"4170.286926",
						"2.05576e-17"
					],
					[
						"4175.804854",
						"1.07154e-17"
					],
					[
						"4181.322783",
						"1.77672e-17"
					],
					[
						"4186.840712",
						"2.87112e-18"
					],
					[
						"4192.35864",
						"3.0788e-17"
					],
					[
						"4197.876569",
						"4.04658e-17"
					],
					[
						"4203.394497",
						"1.35002e-17"
					],
					[
						"4208.912426",
						"3.19146e-17"
					],
					[
						"4214.430355",
						"9.10319e-18"
					],
					[
						"4219.948283",
						"2.85709e-17"
					],
					[
						"4225.466212",
						"2.88658e-17"
					],
					[
						"4230.98414",
						"3.09144e-17"
					],
					[
						"4236.502069",
						"4.2961e-17"
					],
					[
						"4242.019998",
						"3.46252e-17"
					],
					[
						"4247.537926",
						"3.26386e-17"
					],
					[
						"4253.055855",
						"5.10488e-17"
					],
					[
						"4258.573783",
						"4.31225e-17"
					],
					[
						"4264.091712",
						"4.14761e-17"
					],
					[
						"4269.609641",
						"4.18432e-17"
					],
					[
						"4275.127569",
						"6.54738e-17"
					],
					[
						"4280.645498",
						"5.90443e-17"
					],
					[
						"4286.163426",
						"5.59322e-17"
					],
					[
						"4291.681355",
						"5.72144e-17"
					],
					[
						"4297.199284",
						"4.57798e-17"
					],
					[
						"4302.717212",
						"5.06291e-17"
					],
					[
						"4308.235141",
						"4.51386e-17"
					],
					[
						"4313.753069",
						"5.99465e-17"
					],
					[
						"4319.270998",
						"6.80606e-17"
					],
					[
						"4324.788927",
						"6.51293e-17"
					],
					[
						"4330.306855",
						"6.63887e-17"
					],
					[
						"4335.824784",
						"7.06037e-17"
					],
					[
						"4341.342712",
						"5.50529e-17"
					],
					[
						"4346.860641",
						"7.15676e-17"
					],
					[
						"4352.37857",
						"4.79602e-17"
					],
					[
						"4357.896498",
						"6.54022e-17"
					],
					[
						"4363.414427",
						"5.57488e-17"
					],
					[
						"4368.932355",
						"3.81478e-17"
					],
					[
						"4374.450284",
						"3.44807e-17"
					],
					[
						"4379.968213",
						"4.07605e-17"
					],
					[
						"4385.486141",
						"4.0236e-17"
					],
					[
						"4391.00407",
						"4.01015e-17"
					],
					[
						"4396.521998",
						"4.38685e-17"
					],
					[
						"4402.039927",
						"4.26362e-17"
					],
					[
						"4407.557856",
						"3.7954e-17"
					],
					[
						"4413.075784",
						"4.04227e-17"
					],
					[
						"4418.593713",
						"5.04148e-17"
					],
					[
						"4424.111641",
						"3.41277e-17"
					],
					[
						"4429.62957",
						"5.46969e-17"
					],
					[
						"4435.147499",
						"5.99854e-17"
					],
					[
						"4440.665427",
						"4.3026e-17"
					],
					[
						"4446.183356",
						"3.14827e-17"
					],
					[
						"4451.701284",
						"4.39979e-17"
					],
					[
						"4457.219213",
						"3.88257e-17"
					],
					[
						"4462.737142",
						"3.03633e-17"
					],
					[
						"4468.25507",
						"4.52422e-17"
					],
					[
						"4473.772999",
						"3.00121e-17"
					],
					[
						"4479.290927",
						"3.62492e-17"
					],
					[
						"4484.808856",
						"6.70535e-17"
					],
					[
						"4490.326785",
						"5.49417e-17"
					],
					[
						"4495.844713",
						"6.21358e-17"
					],
					[
						"4501.362642",
						"6.1372e-17"
					],
					[
						"4506.88057",
						"3.52978e-17"
					],
					[
						"4512.398499",
						"3.04026e-17"
					],
					[
						"4517.916428",
						"4.12313e-17"
					],
					[
						"4523.434356",
						"4.4963e-17"
					],
					[
						"4528.952285",
						"3.68798e-17"
					],
					[
						"4534.470213",
						"2.81163e-17"
					],
					[
						"4539.988142",
						"3.87096e-17"
					],
					[
						"4545.506071",
						"6.97194e-17"
					],
					[
						"4551.023999",
						"4.28113e-17"
					],
					[
						"4556.541928",
						"6.17984e-17"
					],
					[
						"4562.059856",
						"4.02232e-17"
					],
					[
						"4567.577785",
						"6.71023e-17"
					],
					[
						"4573.095714",
						"6.7377e-17"
					],
					[
						"4578.613642",
						"5.02742e-17"
					],
					[
						"4584.131571",
						"4.93697e-17"
					],
					[
						"4589.649499",
						"4.92748e-17"
					],
					[
						"4595.167428",
						"5.18354e-17"
					],
					[
						"4600.685357",
						"3.48831e-17"
					],
					[
						"4606.203285",
						"5.25269e-17"
					],
					[
						"4611.721214",
						"4.0121e-17"
					],
					[
						"4617.239142",
						"4.51241e-17"
					],
					[
						"4622.757071",
						"3.8784e-17"
					],
					[
						"4628.275",
						"4.17625e-17"
					],
					[
						"4633.792928",
						"5.08952e-17"
					],
					[
						"4639.310857",
						"4.69837e-17"
					],
					[
						"4644.828785",
						"4.3819e-17"
					],
					[
						"4650.346714",
						"5.35241e-17"
					],
					[
						"4655.864643",
						"3.58781e-17"
					],
					[
						"4661.382571",
						"3.65616e-17"
					],
					[
						"4666.9005",
						"6.33281e-17"
					],
					[
						"4672.418428",
						"5.34048e-17"
					],
					[
						"4677.936357",
						"3.63332e-17"
					],
					[
						"4683.454286",
						"3.6296e-17"
					],
					[
						"4688.972214",
						"2.17867e-17"
					],
					[
						"4694.490143",
						"6.06235e-17"
					],
					[
						"4700.008071",
						"3.66016e-17"
					],
					[
						"4705.526",
						"4.53338e-17"
					],
					[
						"4711.043929",
						"4.48102e-17"
					],
					[
						"4716.561857",
						"3.9739e-17"
					],
					[
						"4722.079786",
						"4.58233e-17"
					],
					[
						"4727.597714",
						"3.0875e-17"
					],
					[
						"4733.115643",
						"3.69917e-17"
					],
					[
						"4738.633572",
						"2.90567e-17"
					],
					[
						"4744.1515",
						"4.24541e-17"
					],
					[
						"4749.669429",
						"4.92356e-17"
					],
					[
						"4755.187357",
						"4.28588e-17"
					],
					[
						"4760.705286",
						"4.38402e-17"
					],
					[
						"4766.223215",
						"2.64204e-17"
					],
					[
						"4771.741143",
						"2.43231e-17"
					],
					[
						"4777.259072",
						"2.15244e-17"
					],
					[
						"4782.777",
						"1.87091e-17"
					],
					[
						"4788.294929",
						"4.08984e-17"
					],
					[
						"4793.812858",
						"1.2754e-17"
					],
					[
						"4799.330786",
						"1.76098e-17"
					],
					[
						"4804.848715",
						"4.10164e-17"
					],
					[
						"4810.366643",
						"2.69615e-17"
					],
					[
						"4815.884572",
						"2.87146e-17"
					],
					[
						"4821.402501",
						"8.43452e-18"
					],
					[
						"4826.920429",
						"2.3496e-17"
					],
					[
						"4832.438358",
						"4.03554e-17"
					],
					[
						"4837.956286",
						"4.04863e-17"
					],
					[
						"4843.474215",
						"4.21954e-17"
					],
					[
						"4848.992144",
						"3.19794e-17"
					],
					[
						"4854.510072",
						"2.15742e-17"
					],
					[
						"4860.028001",
						"2.21885e-17"
					],
					[
						"4865.545929",
						"5.45727e-17"
					],
					[
						"4871.063858",
						"3.20969e-17"
					],
					[
						"4876.581787",
						"3.56973e-17"
					],
					[
						"4882.099715",
						"2.91332e-17"
					],
					[
						"4887.617644",
						"2.93081e-17"
					],
					[
						"4893.135572",
						"2.62286e-17"
					],
					[
						"4898.653501",
						"4.11017e-17"
					],
					[
						"4904.17143",
						"1.82707e-17"
					],
					[
						"4909.689358",
						"3.22112e-17"
					],
					[
						"4915.207287",
						"4.58143e-17"
					],
					[
						"4920.725215",
						"3.15359e-17"
					],
					[
						"4926.243144",
						"2.22091e-17"
					],
					[
						"4931.761073",
						"3.76983e-17"
					],
					[
						"4937.279001",
						"4.56822e-17"
					],
					[
						"4942.79693",
						"3.75017e-17"
					],
					[
						"4948.314858",
						"3.7197e-17"
					],
					[
						"4953.832787",
						"2.77558e-17"
					],
					[
						"4959.350716",
						"2.71733e-17"
					],
					[
						"4964.868644",
						"3.66974e-17"
					],
					[
						"4970.386573",
						"6.37962e-17"
					],
					[
						"4975.904501",
						"5.14589e-17"
					],
					[
						"4981.42243",
						"5.06462e-17"
					],
					[
						"4986.940359",
						"6.11413e-17"
					],
					[
						"4992.458287",
						"6.74152e-17"
					],
					[
						"4997.976216",
						"5.19884e-17"
					],
					[
						"5003.494144",
						"7.02672e-17"
					],
					[
						"5009.012073",
						"7.59067e-17"
					],
					[
						"5014.530002",
						"6.07278e-17"
					],
					[
						"5020.04793",
						"5.20236e-17"
					],
					[
						"5025.565859",
						"4.96338e-17"
					],
					[
						"5031.083787",
						"6.73281e-17"
					],
					[
						"5036.601716",
						"8.26604e-17"
					],
					[
						"5042.119645",
						"6.92335e-17"
					],
					[
						"5047.637573",
						"6.16717e-17"
					],
					[
						"5053.155502",
						"4.94024e-17"
					],
					[
						"5058.67343",
						"6.71395e-17"
					],
					[
						"5064.191359",
						"5.50543e-17"
					],
					[
						"5069.709288",
						"4.13364e-17"
					],
					[
						"5075.227216",
						"4.84356e-17"
					],
					[
						"5080.745145",
						"7.11378e-17"
					],
					[
						"5086.263073",
						"3.94562e-17"
					],
					[
						"5091.781002",
						"6.2396e-17"
					],
					[
						"5097.298931",
						"5.17914e-17"
					],
					[
						"5102.816859",
						"4.50826e-17"
					],
					[
						"5108.334788",
						"5.1775e-17"
					],
					[
						"5113.852716",
						"3.82773e-17"
					],
					[
						"5119.370645",
						"3.04583e-17"
					],
					[
						"5124.888574",
						"6.30095e-17"
					],
					[
						"5130.406502",
						"4.64092e-17"
					],
					[
						"5135.924431",
						"3.87894e-17"
					],
					[
						"5141.442359",
						"3.50042e-17"
					],
					[
						"5146.960288",
						"3.29763e-17"
					],
					[
						"5152.478217",
						"3.81165e-17"
					],
					[
						"5157.996145",
						"3.03786e-17"
					],
					[
						"5163.514074",
						"4.91948e-17"
					],
					[
						"5169.032002",
						"4.33779e-17"
					],
					[
						"5174.549931",
						"3.80917e-17"
					],
					[
						"5180.06786",
						"4.81824e-17"
					],
					[
						"5185.585788",
						"2.84349e-17"
					],
					[
						"5191.103717",
						"3.19328e-17"
					],
					[
						"5196.621645",
						"3.45768e-17"
					],
					[
						"5202.139574",
						"2.25691e-17"
					],
					[
						"5207.657503",
						"2.60898e-17"
					],
					[
						"5213.175431",
						"2.48965e-17"
					],
					[
						"5218.69336",
						"2.71322e-17"
					],
					[
						"5224.211288",
						"3.34936e-17"
					],
					[
						"5229.729217",
						"4.08081e-17"
					],
					[
						"5235.247146",
						"3.63162e-17"
					],
					[
						"5240.765074",
						"3.6681e-17"
					],
					[
						"5246.283003",
						"3.87854e-17"
					],
					[
						"5251.800931",
						"3.29465e-17"
					],
					[
						"5257.31886",
						"2.3325e-17"
					],
					[
						"5262.836789",
						"2.75279e-17"
					],
					[
						"5268.354717",
						"3.66066e-17"
					],
					[
						"5273.872646",
						"4.93932e-17"
					],
					[
						"5279.390574",
						"2.30358e-17"
					],
					[
						"5284.908503",
						"2.28598e-17"
					],
					[
						"5290.426432",
						"1.27452e-17"
					],
					[
						"5295.94436",
						"2.18627e-17"
					],
					[
						"5301.462289",
						"2.32068e-17"
					],
					[
						"5306.980217",
						"2.6419e-17"
					],
					[
						"5312.498146",
						"1.77137e-17"
					],
					[
						"5318.016075",
						"1.53789e-17"
					],
					[
						"5323.534003",
						"2.6359e-17"
					],
					[
						"5329.051932",
						"2.13594e-17"
					],
					[
						"5334.56986",
						"3.61228e-17"
					],
					[
						"5340.087789",
						"5.65879e-17"
					],
					[
						"5345.605718",
						"1.51455e-17"
					],
					[
						"5351.123646",
						"1.86635e-17"
					],
					[
						"5356.641575",
						"2.19604e-17"
					],
					[
						"5362.159503",
						"3.05591e-17"
					],
					[
						"5367.677432",
						"4.55602e-17"
					],
					[
						"5373.195361",
						"2.848e-17"
					],
					[
						"5378.713289",
						"4.55848e-17"
					],
					[
						"5384.231218",
						"4.58438e-17"
					],
					[
						"5389.749146",
						"9.9866e-18"
					],
					[
						"5395.267075",
						"3.94182e-17"
					],
					[
						"5400.785004",
						"4.33989e-17"
					],
					[
						"5406.302932",
						"2.92288e-17"
					],
					[
						"5411.820861",
						"4.56224e-17"
					],
					[
						"5417.338789",
						"3.61864e-17"
					],
					[
						"5422.856718",
						"4.04441e-17"
					],
					[
						"5428.374647",
						"3.43853e-17"
					],
					[
						"5433.892575",
						"3.01214e-17"
					],
					[
						"5439.410504",
						"2.86844e-17"
					],
					[
						"5444.928432",
						"3.06431e-17"
					],
					[
						"5450.446361",
						"2.42224e-17"
					],
					[
						"5455.96429",
						"2.8871e-17"
					],
					[
						"5461.482218",
						"2.05447e-17"
					],
					[
						"5467.000147",
						"2.27928e-17"
					],
					[
						"5472.518075",
						"3.90977e-17"
					],
					[
						"5478.036004",
						"3.40874e-17"
					],
					[
						"5483.553933",
						"5.19743e-18"
					],
					[
						"5489.071861",
						"2.44818e-17"
					],
					[
						"5494.58979",
						"2.51621e-17"
					],
					[
						"5500.107718",
						"3.90193e-17"
					],
					[
						"5505.625647",
						"1.21546e-17"
					],
					[
						"5511.143576",
						"1.04852e-17"
					],
					[
						"5516.661504",
						"1.88742e-17"
					],
					[
						"5522.179433",
						"3.37757e-17"
					],
					[
						"5527.697361",
						"4.17239e-17"
					],
					[
						"5533.21529",
						"1.53836e-17"
					],
					[
						"5538.733219",
						"4.43212e-17"
					],
					[
						"5544.251147",
						"1.55811e-17"
					],
					[
						"5549.769076",
						"3.90574e-17"
					],
					[
						"5555.287004",
						"2.48886e-17"
					],
					[
						"5560.804933",
						"3.08935e-17"
					],
					[
						"5566.322862",
						"2.55174e-17"
					],
					[
						"5571.84079",
						"2.91539e-17"
					],
					[
						"5577.358719",
						"4.19098e-17"
					],
					[
						"5582.876647",
						"9.55986e-18"
					],
					[
						"5588.394576",
						"2.17413e-17"
					],
					[
						"5593.912505",
						"3.27258e-17"
					],
					[
						"5599.430433",
						"3.08859e-17"
					],
					[
						"5604.948362",
						"4.75504e-17"
					],
					[
						"5610.46629",
						"3.09261e-17"
					],
					[
						"5615.984219",
						"3.26817e-17"
					],
					[
						"5621.502148",
						"3.98009e-17"
					],
					[
						"5627.020076",
						"2.10671e-17"
					],
					[
						"5632.538005",
						"3.23937e-17"
					],
					[
						"5638.055933",
						"2.77051e-17"
					],
					[
						"5643.573862",
						"4.92225e-17"
					],
					[
						"5649.091791",
						"3.28376e-17"
					],
					[
						"5654.609719",
						"3.89579e-17"
					],
					[
						"5660.127648",
						"4.82217e-17"
					],
					[
						"5665.645576",
						"2.70286e-17"
					],
					[
						"5671.163505",
						"3.57542e-17"
					],
					[
						"5676.681434",
						"4.98465e-17"
					],
					[
						"5682.199362",
						"4.83016e-17"
					],
					[
						"5687.717291",
						"3.49969e-17"
					],
					[
						"5693.235219",
						"5.65273e-17"
					],
					[
						"5698.753148",
						"4.70889e-17"
					],
					[
						"5704.271077",
						"5.38838e-17"
					],
					[
						"5709.789005",
						"4.7531e-17"
					],
					[
						"5715.306934",
						"3.41769e-17"
					],
					[
						"5720.824862",
						"3.02083e-17"
					],
					[
						"5726.342791",
						"5.10603e-17"
					],
					[
						"5731.86072",
						"7.81218e-17"
					],
					[
						"5737.378648",
						"5.87303e-17"
					],
					[
						"5742.896577",
						"5.66099e-17"
					],
					[
						"5748.414505",
						"4.52274e-17"
					],
					[
						"5753.932434",
						"2.8371e-17"
					],
					[
						"5759.450363",
						"4.28169e-17"
					],
					[
						"5764.968291",
						"5.14842e-17"
					],
					[
						"5770.48622",
						"5.85254e-17"
					],
					[
						"5776.004148",
						"4.3344e-17"
					],
					[
						"5781.522077",
						"4.99895e-17"
					],
					[
						"5787.040006",
						"2.57642e-17"
					],
					[
						"5792.557934",
						"3.83045e-17"
					],
					[
						"5798.075863",
						"4.76396e-17"
					],
					[
						"5803.593791",
						"4.30662e-17"
					],
					[
						"5809.11172",
						"4.02699e-17"
					],
					[
						"5814.629649",
						"3.21475e-17"
					],
					[
						"5820.147577",
						"2.99255e-17"
					],
					[
						"5825.665506",
						"5.21109e-17"
					],
					[
						"5831.183434",
						"5.71528e-17"
					],
					[
						"5836.701363",
						"2.28936e-17"
					],
					[
						"5842.219292",
						"3.84653e-17"
					],
					[
						"5847.73722",
						"3.1899e-17"
					],
					[
						"5853.255149",
						"3.45454e-17"
					],
					[
						"5858.773077",
						"4.32314e-17"
					],
					[
						"5864.291006",
						"3.39488e-17"
					],
					[
						"5869.808935",
						"4.05679e-17"
					],
					[
						"5875.326863",
						"3.32199e-17"
					],
					[
						"5880.844792",
						"3.83804e-17"
					],
					[
						"5886.36272",
						"3.28964e-17"
					],
					[
						"5891.880649",
						"3.28186e-17"
					],
					[
						"5897.398578",
						"4.38112e-17"
					],
					[
						"5902.916506",
						"3.21728e-17"
					],
					[
						"5908.434435",
						"3.39627e-17"
					],
					[
						"5913.952363",
						"3.55612e-17"
					],
					[
						"5919.470292",
						"2.30754e-17"
					],
					[
						"5924.988221",
						"3.90821e-17"
					],
					[
						"5930.506149",
						"4.0617e-17"
					],
					[
						"5936.024078",
						"2.82937e-17"
					],
					[
						"5941.542006",
						"3.85139e-17"
					],
					[
						"5947.059935",
						"4.438e-17"
					],
					[
						"5952.577864",
						"4.33654e-17"
					],
					[
						"5958.095792",
						"4.39454e-17"
					],
					[
						"5963.613721",
						"4.35766e-17"
					],
					[
						"5969.131649",
						"4.69699e-17"
					],
					[
						"5974.649578",
						"3.00539e-17"
					],
					[
						"5980.167507",
						"3.02493e-17"
					],
					[
						"5985.685435",
						"3.38736e-17"
					],
					[
						"5991.203364",
						"1.69175e-17"
					],
					[
						"5996.721293",
						"2.07096e-17"
					],
					[
						"6002.239221",
						"2.158e-17"
					],
					[
						"6007.75715",
						"2.49132e-17"
					],
					[
						"6013.275078",
						"1.38885e-17"
					],
					[
						"6018.793007",
						"2.38358e-17"
					],
					[
						"6024.310935",
						"3.11844e-17"
					],
					[
						"6029.828864",
						"3.34348e-17"
					],
					[
						"6035.346793",
						"3.00846e-17"
					],
					[
						"6040.864721",
						"2.76239e-17"
					],
					[
						"6046.38265",
						"1.10045e-17"
					],
					[
						"6051.900578",
						"4.15189e-17"
					],
					[
						"6057.418507",
						"4.87459e-17"
					],
					[
						"6062.936436",
						"3.05076e-17"
					],
					[
						"6068.454364",
						"2.40184e-17"
					],
					[
						"6073.972293",
						"5.7344e-17"
					],
					[
						"6079.490222",
						"3.56852e-17"
					],
					[
						"6085.00815",
						"1.64677e-17"
					],
					[
						"6090.526079",
						"2.46919e-17"
					],
					[
						"6096.044007",
						"2.79995e-17"
					],
					[
						"6101.561936",
						"3.54859e-17"
					],
					[
						"6107.079865",
						"3.2133e-17"
					],
					[
						"6112.597793",
						"2.62856e-17"
					],
					[
						"6118.115722",
						"2.59647e-17"
					],
					[
						"6123.63365",
						"3.05818e-17"
					],
					[
						"6129.151579",
						"5.02254e-17"
					],
					[
						"6134.669507",
						"2.8113e-17"
					],
					[
						"6140.187436",
						"1.89105e-17"
					],
					[
						"6145.705365",
						"4.2446e-17"
					],
					[
						"6151.223293",
						"2.12229e-17"
					],
					[
						"6156.741222",
						"2.23205e-17"
					],
					[
						"6162.259151",
						"2.78606e-17"
					],
					[
						"6167.777079",
						"1.40434e-17"
					],
					[
						"6173.295008",
						"3.87552e-17"
					],
					[
						"6178.812936",
						"3.54789e-17"
					],
					[
						"6184.330865",
						"2.30696e-17"
					],
					[
						"6189.848794",
						"1.1822e-17"
					],
					[
						"6195.366722",
						"2.40152e-17"
					],
					[
						"6200.884651",
						"4.3743e-17"
					],
					[
						"6206.402579",
						"2.63482e-17"
					],
					[
						"6211.920508",
						"2.84958e-17"
					],
					[
						"6217.438437",
						"3.09822e-17"
					],
					[
						"6222.956365",
						"3.90852e-17"
					],
					[
						"6228.474294",
						"2.49251e-17"
					],
					[
						"6233.992222",
						"2.0823e-17"
					],
					[
						"6239.510151",
						"3.26589e-17"
					],
					[
						"6245.02808",
						"3.43455e-17"
					],
					[
						"6250.546008",
						"2.69801e-17"
					],
					[
						"6256.063937",
						"2.49489e-17"
					],
					[
						"6261.581865",
						"2.29748e-17"
					],
					[
						"6267.099794",
						"1.44813e-17"
					],
					[
						"6272.617723",
						"3.1871e-17"
					],
					[
						"6278.135651",
						"4.49868e-17"
					],
					[
						"6283.65358",
						"4.78821e-17"
					],
					[
						"6289.171508",
						"2.2449e-17"
					],
					[
						"6294.689437",
						"1.97564e-17"
					],
					[
						"6300.207366",
						"4.44667e-17"
					],
					[
						"6305.725294",
						"3.41723e-17"
					],
					[
						"6311.243223",
						"5.81e-18"
					],
					[
						"6316.761151",
						"1.5583e-17"
					],
					[
						"6322.27908",
						"2.20267e-17"
					],
					[
						"6327.797009",
						"6.4232e-18"
					],
					[
						"6333.314937",
						"2.4946e-17"
					],
					[
						"6338.832866",
						"2.94369e-17"
					],
					[
						"6344.350794",
						"2.56172e-17"
					],
					[
						"6349.868723",
						"5.50218e-18"
					],
					[
						"6355.386652",
						"1.33609e-17"
					],
					[
						"6360.90458",
						"1.90402e-17"
					],
					[
						"6366.422509",
						"2.42371e-17"
					],
					[
						"6371.940437",
						"3.92922e-17"
					],
					[
						"6377.458366",
						"2.80776e-17"
					],
					[
						"6382.976295",
						"1.94668e-17"
					],
					[
						"6388.494223",
						"3.48775e-17"
					],
					[
						"6394.012152",
						"3.54765e-17"
					],
					[
						"6399.53008",
						"4.01548e-17"
					],
					[
						"6405.048009",
						"2.87894e-17"
					],
					[
						"6410.565938",
						"3.05291e-17"
					],
					[
						"6416.083866",
						"2.73506e-17"
					],
					[
						"6421.601795",
						"4.06248e-17"
					],
					[
						"6427.119723",
						"3.8395e-17"
					],
					[
						"6432.637652",
						"3.42614e-17"
					],
					[
						"6438.155581",
						"3.1852e-17"
					],
					[
						"6443.673509",
						"1.32975e-17"
					],
					[
						"6449.191438",
						"2.05347e-17"
					],
					[
						"6454.709366",
						"3.55278e-17"
					],
					[
						"6460.227295",
						"4.38225e-17"
					],
					[
						"6465.745224",
						"3.56452e-17"
					],
					[
						"6471.263152",
						"2.37997e-17"
					],
					[
						"6476.781081",
						"2.6189e-17"
					],
					[
						"6482.299009",
						"1.39293e-17"
					],
					[
						"6487.816938",
						"2.79633e-18"
					],
					[
						"6493.334867",
						"1.81863e-17"
					],
					[
						"6498.852795",
						"3.34968e-17"
					],
					[
						"6504.370724",
						"3.39073e-17"
					],
					[
						"6509.888652",
						"3.6554e-17"
					],
					[
						"6515.406581",
						"3.58252e-17"
					],
					[
						"6520.92451",
						"2.70491e-17"
					],
					[
						"6526.442438",
						"2.83454e-17"
					],
					[
						"6531.960367",
						"3.36337e-17"
					],
					[
						"6537.478295",
						"3.37973e-17"
					],
					[
						"6542.996224",
						"2.22783e-17"
					],
					[
						"6548.514153",
						"2.50067e-17"
					],
					[
						"6554.032081",
						"1.76664e-17"
					],
					[
						"6559.55001",
						"1.30241e-17"
					],
					[
						"6565.067938",
						"4.09802e-17"
					],
					[
						"6570.585867",
						"2.39496e-17"
					],
					[
						"6576.103796",
						"1.00771e-17"
					],
					[
						"6581.621724",
						"2.5649e-17"
					],
					[
						"6587.139653",
						"2.43967e-17"
					],
					[
						"6592.657581",
						"2.37346e-17"
					],
					[
						"6598.17551",
						"2.45812e-17"
					],
					[
						"6603.693439",
						"3.6247e-17"
					],
					[
						"6609.211367",
						"2.3787e-17"
					],
					[
						"6614.729296",
						"2.07488e-17"
					],
					[
						"6620.247224",
						"2.73852e-17"
					],
					[
						"6625.765153",
						"4.70494e-17"
					],
					[
						"6631.283082",
						"2.95146e-17"
					],
					[
						"6636.80101",
						"1.97906e-17"
					],
					[
						"6642.318939",
						"2.82983e-17"
					],
					[
						"6647.836867",
						"2.62844e-17"
					],
					[
						"6653.354796",
						"2.12344e-17"
					],
					[
						"6658.872725",
						"1.67178e-17"
					],
					[
						"6664.390653",
						"1.10258e-17"
					],
					[
						"6669.908582",
						"2.63924e-17"
					],
					[
						"6675.42651",
						"3.02783e-17"
					],
					[
						"6680.944439",
						"1.38861e-17"
					],
					[
						"6686.462368",
						"2.24644e-17"
					],
					[
						"6691.980296",
						"2.62502e-17"
					],
					[
						"6697.498225",
						"6.50959e-18"
					],
					[
						"6703.016153",
						"1.15849e-17"
					],
					[
						"6708.534082",
						"1.188e-18"
					],
					[
						"6714.052011",
						"9.36829e-18"
					],
					[
						"6719.569939",
						"2.48611e-17"
					],
					[
						"6725.087868",
						"1.83684e-17"
					],
					[
						"6730.605796",
						"1.29812e-17"
					],
					[
						"6736.123725",
						"1.54883e-17"
					],
					[
						"6741.641654",
						"1.71171e-17"
					],
					[
						"6747.159582",
						"-4.52397e-18"
					],
					[
						"6752.677511",
						"8.46121e-18"
					],
					[
						"6758.195439",
						"1.8606e-17"
					],
					[
						"6763.713368",
						"2.12973e-17"
					],
					[
						"6769.231297",
						"1.43441e-17"
					],
					[
						"6774.749225",
						"-1.36068e-17"
					],
					[
						"6780.267154",
						"5.00891e-18"
					],
					[
						"6785.785082",
						"1.23492e-17"
					],
					[
						"6791.303011",
						"1.68156e-17"
					],
					[
						"6796.82094",
						"6.52974e-18"
					],
					[
						"6802.338868",
						"3.05756e-18"
					],
					[
						"6807.856797",
						"5.16483e-18"
					],
					[
						"6813.374725",
						"2.31417e-17"
					],
					[
						"6818.892654",
						"2.13085e-17"
					],
					[
						"6824.410583",
						"1.52246e-17"
					],
					[
						"6829.928511",
						"1.68103e-17"
					],
					[
						"6835.44644",
						"1.30834e-17"
					],
					[
						"6840.964368",
						"1.76599e-17"
					],
					[
						"6846.482297",
						"3.2615e-17"
					],
					[
						"6852.000226",
						"2.0549e-17"
					],
					[
						"6857.518154",
						"6.40953e-18"
					],
					[
						"6863.036083",
						"1.15813e-17"
					],
					[
						"6868.554011",
						"1.73091e-17"
					],
					[
						"6874.07194",
						"1.71512e-17"
					],
					[
						"6879.589869",
						"1.10185e-17"
					],
					[
						"6885.107797",
						"1.20697e-17"
					],
					[
						"6890.625726",
						"1.82019e-17"
					],
					[
						"6896.143654",
						"1.58257e-17"
					],
					[
						"6901.661583",
						"2.59944e-17"
					],
					[
						"6907.179512",
						"2.28361e-17"
					],
					[
						"6912.69744",
						"2.12733e-17"
					],
					[
						"6918.215369",
						"3.02334e-17"
					],
					[
						"6923.733297",
						"2.58592e-17"
					],
					[
						"6929.251226",
						"2.58473e-17"
					],
					[
						"6934.769155",
						"4.25152e-17"
					],
					[
						"6940.287083",
						"2.35867e-17"
					],
					[
						"6945.805012",
						"1.81923e-17"
					],
					[
						"6951.32294",
						"1.97824e-17"
					],
					[
						"6956.840869",
						"1.89026e-17"
					],
					[
						"6962.358798",
						"3.81274e-17"
					],
					[
						"6967.876726",
						"2.06355e-17"
					],
					[
						"6973.394655",
						"1.45966e-17"
					],
					[
						"6978.912583",
						"1.96783e-17"
					],
					[
						"6984.430512",
						"3.35859e-17"
					],
					[
						"6989.948441",
						"2.85987e-17"
					],
					[
						"6995.466369",
						"1.485e-17"
					],
					[
						"7000.984298",
						"1.56337e-17"
					],
					[
						"7006.502226",
						"1.84027e-17"
					],
					[
						"7012.020155",
						"2.02261e-17"
					],
					[
						"7017.538084",
						"2.50528e-17"
					],
					[
						"7023.056012",
						"2.86838e-17"
					],
					[
						"7028.573941",
						"3.04553e-18"
					],
					[
						"7034.091869",
						"8.34278e-18"
					],
					[
						"7039.609798",
						"3.02865e-17"
					],
					[
						"7045.127727",
						"2.52857e-17"
					],
					[
						"7050.645655",
						"2.38664e-17"
					],
					[
						"7056.163584",
						"2.19221e-17"
					],
					[
						"7061.681512",
						"2.75789e-17"
					],
					[
						"7067.199441",
						"2.29476e-17"
					],
					[
						"7072.71737",
						"3.83191e-17"
					],
					[
						"7078.235298",
						"2.52494e-17"
					],
					[
						"7083.753227",
						"1.62067e-17"
					],
					[
						"7089.271155",
						"2.71164e-17"
					],
					[
						"7094.789084",
						"3.9045e-17"
					],
					[
						"7100.307013",
						"3.56614e-17"
					],
					[
						"7105.824941",
						"2.91881e-17"
					],
					[
						"7111.34287",
						"3.30692e-17"
					],
					[
						"7116.860798",
						"2.64099e-17"
					],
					[
						"7122.378727",
						"2.62776e-17"
					],
					[
						"7127.896656",
						"2.65936e-17"
					],
					[
						"7133.414584",
						"9.7424e-18"
					],
					[
						"7138.932513",
						"9.32596e-18"
					],
					[
						"7144.450441",
						"3.42724e-17"
					],
					[
						"7149.96837",
						"2.77942e-17"
					],
					[
						"7155.486299",
						"1.25333e-17"
					],
					[
						"7161.004227",
						"1.53085e-17"
					],
					[
						"7166.522156",
						"2.06047e-17"
					],
					[
						"7172.040084",
						"3.89448e-17"
					],
					[
						"7177.558013",
						"3.05478e-17"
					],
					[
						"7183.075942",
						"1.42386e-17"
					],
					[
						"7188.59387",
						"1.97999e-17"
					],
					[
						"7194.111799",
						"1.26105e-17"
					],
					[
						"7199.629727",
						"1.52788e-17"
					],
					[
						"7205.147656",
						"3.04545e-17"
					],
					[
						"7210.665585",
						"6.95528e-18"
					],
					[
						"7216.183513",
						"1.00685e-17"
					],
					[
						"7221.701442",
						"4.23588e-17"
					],
					[
						"7227.21937",
						"2.19467e-17"
					],
					[
						"7232.737299",
						"1.58443e-17"
					],
					[
						"7238.255228",
						"3.16788e-17"
					],
					[
						"7243.773156",
						"2.18226e-17"
					],
					[
						"7249.291085",
						"3.04629e-17"
					],
					[
						"7254.809013",
						"4.3862e-17"
					],
					[
						"7260.326942",
						"-3.86813e-18"
					],
					[
						"7265.844871",
						"8.81783e-18"
					],
					[
						"7271.362799",
						"1.99268e-17"
					],
					[
						"7276.880728",
						"2.49384e-17"
					],
					[
						"7282.398656",
						"1.17928e-17"
					],
					[
						"7287.916585",
						"1.84945e-18"
					],
					[
						"7293.434514",
						"5.04239e-18"
					],
					[
						"7298.952442",
						"1.52616e-18"
					],
					[
						"7304.470371",
						"2.40284e-17"
					],
					[
						"7309.988299",
						"2.43177e-17"
					],
					[
						"7315.506228",
						"6.7415e-18"
					],
					[
						"7321.024157",
						"4.31746e-18"
					],
					[
						"7326.542085",
						"1.95006e-17"
					],
					[
						"7332.060014",
						"2.30213e-17"
					],
					[
						"7337.577942",
						"1.01149e-17"
					],
					[
						"7343.095871",
						"1.48612e-17"
					],
					[
						"7348.6138",
						"-6.85938e-18"
					],
					[
						"7354.131728",
						"-2.1483e-17"
					],
					[
						"7359.649657",
						"2.86618e-17"
					],
					[
						"7365.167585",
						"3.22663e-17"
					],
					[
						"7370.685514",
						"2.35644e-18"
					],
					[
						"7376.203443",
						"-4.3355e-18"
					],
					[
						"7381.721371",
						"5.76781e-18"
					],
					[
						"7387.2393",
						"3.51723e-18"
					],
					[
						"7392.757228",
						"2.99965e-17"
					],
					[
						"7398.275157",
						"3.66544e-18"
					],
					[
						"7403.793086",
						"9.8042e-18"
					],
					[
						"7409.311014",
						"9.87114e-18"
					],
					[
						"7414.828943",
						"2.3741e-17"
					],
					[
						"7420.346871",
						"2.74572e-17"
					],
					[
						"7425.8648",
						"1.23869e-17"
					],
					[
						"7431.382729",
						"-6.4594e-18"
					],
					[
						"7436.900657",
						"1.00219e-17"
					],
					[
						"7442.418586",
						"-3.49409e-19"
					],
					[
						"7447.936514",
						"1.09564e-17"
					],
					[
						"7453.454443",
						"1.71414e-17"
					],
					[
						"7458.972372",
						"1.32702e-17"
					],
					[
						"7464.4903",
						"1.19554e-17"
					],
					[
						"7470.008229",
						"5.40923e-18"
					],
					[
						"7475.526157",
						"-5.96213e-18"
					],
					[
						"7481.044086",
						"1.69556e-19"
					],
					[
						"7486.562015",
						"2.301e-17"
					],
					[
						"7492.079943",
						"3.98336e-17"
					],
					[
						"7497.597872",
						"2.51884e-17"
					],
					[
						"7503.1158",
						"8.45977e-18"
					],
					[
						"7508.633729",
						"1.91654e-17"
					],
					[
						"7514.151658",
						"1.93297e-17"
					],
					[
						"7519.669586",
						"4.82042e-17"
					],
					[
						"7525.187515",
						"1.13851e-17"
					],
					[
						"7530.705443",
						"1.25892e-17"
					],
					[
						"7536.223372",
						"3.18543e-18"
					],
					[
						"7541.741301",
						"-3.61754e-18"
					],
					[
						"7547.259229",
						"-1.03864e-18"
					],
					[
						"7552.777158",
						"2.38691e-17"
					],
					[
						"7558.295086",
						"4.35971e-17"
					],
					[
						"7563.813015",
						"4.80785e-17"
					],
					[
						"7569.330944",
						"2.43269e-18"
					],
					[
						"7574.848872",
						"8.8666e-18"
					],
					[
						"7580.366801",
						"2.99581e-18"
					],
					[
						"7585.884729",
						"3.79966e-18"
					],
					[
						"7591.402658",
						"3.68742e-17"
					],
					[
						"7596.920587",
						"3.57255e-17"
					],
					[
						"7602.438515",
						"1.61315e-17"
					],
					[
						"7607.956444",
						"1.54002e-18"
					],
					[
						"7613.474372",
						"2.77109e-18"
					],
					[
						"7618.992301",
						"1.61325e-17"
					],
					[
						"7624.51023",
						"1.7846e-17"
					],
					[
						"7630.028158",
						"2.97328e-17"
					],
					[
						"7635.546087",
						"6.68171e-18"
					],
					[
						"7641.064015",
						"-4.6702e-18"
					],
					[
						"7646.581944",
						"-2.08572e-17"
					],
					[
						"7652.099873",
						"1.4691e-18"
					],
					[
						"7657.617801",
						"2.62282e-17"
					],
					[
						"7663.13573",
						"1.27439e-17"
					],
					[
						"7668.653658",
						"4.22499e-18"
					],
					[
						"7674.171587",
						"-2.73287e-18"
					],
					[
						"7679.689516",
						"-5.11784e-18"
					],
					[
						"7685.207444",
						"3.00414e-17"
					],
					[
						"7690.725373",
						"3.18643e-17"
					],
					[
						"7696.243301",
						"1.97345e-17"
					],
					[
						"7701.76123",
						"1.72928e-17"
					],
					[
						"7707.279159",
						"-4.52026e-18"
					],
					[
						"7712.797087",
						"1.33071e-17"
					],
					[
						"7718.315016",
						"-3.05518e-18"
					],
					[
						"7723.832944",
						"1.4073e-17"
					],
					[
						"7729.350873",
						"2.461e-17"
					],
					[
						"7734.868802",
						"1.53588e-17"
					],
					[
						"7740.38673",
						"1.208e-18"
					],
					[
						"7745.904659",
						"-1.11898e-17"
					],
					[
						"7751.422587",
						"7.97239e-18"
					],
					[
						"7756.940516",
						"2.48575e-17"
					],
					[
						"7762.458445",
						"2.09251e-17"
					],
					[
						"7767.976373",
						"2.65169e-17"
					],
					[
						"7773.494302",
						"1.57053e-17"
					],
					[
						"7779.01223",
						"3.48085e-18"
					],
					[
						"7784.530159",
						"-3.28636e-18"
					],
					[
						"7790.048088",
						"4.45953e-17"
					],
					[
						"7795.566016",
						"4.76306e-17"
					],
					[
						"7801.083945",
						"3.03693e-17"
					],
					[
						"7806.601873",
						"1.89328e-17"
					],
					[
						"7812.119802",
						"3.63311e-18"
					],
					[
						"7817.637731",
						"-1.82243e-18"
					],
					[
						"7823.155659",
						"5.6168e-18"
					],
					[
						"7828.673588",
						"3.48825e-17"
					],
					[
						"7834.191516",
						"3.33131e-17"
					],
					[
						"7839.709445",
						"3.93641e-17"
					],
					[
						"7845.227374",
						"6.72058e-18"
					],
					[
						"7850.745302",
						"-1.16236e-17"
					],
					[
						"7856.263231",
						"-1.14865e-17"
					],
					[
						"7861.781159",
						"3.60029e-17"
					],
					[
						"7867.299088",
						"3.76992e-17"
					],
					[
						"7872.817017",
						"1.64165e-17"
					],
					[
						"7878.334945",
						"-1.08077e-18"
					],
					[
						"7883.852874",
						"-2.26519e-17"
					],
					[
						"7889.370802",
						"-2.12499e-17"
					],
					[
						"7894.888731",
						"2.69355e-18"
					],
					[
						"7900.40666",
						"6.54524e-18"
					],
					[
						"7905.924588",
						"1.05646e-17"
					],
					[
						"7911.442517",
						"-3.76713e-19"
					],
					[
						"7916.960445",
						"-2.26707e-17"
					],
					[
						"7922.478374",
						"-5.71623e-18"
					],
					[
						"7927.996303",
						"3.28314e-17"
					],
					[
						"7933.514231",
						"2.09589e-17"
					],
					[
						"7939.03216",
						"1.46868e-17"
					],
					[
						"7944.550088",
						"1.70636e-17"
					],
					[
						"7950.068017",
						"-9.20306e-18"
					],
					[
						"7955.585946",
						"2.52848e-17"
					],
					[
						"7961.103874",
						"1.3938e-18"
					],
					[
						"7966.621803",
						"9.79463e-18"
					],
					[
						"7972.139731",
						"3.85944e-17"
					],
					[
						"7977.65766",
						"2.41932e-17"
					],
					[
						"7983.175589",
						"1.70352e-18"
					],
					[
						"7988.693517",
						"1.65233e-17"
					],
					[
						"7994.211446",
						"1.33204e-17"
					],
					[
						"7999.729374",
						"1.06589e-17"
					],
					[
						"8005.247303",
						"-1.31876e-18"
					],
					[
						"8010.765232",
						"3.22587e-17"
					],
					[
						"8016.28316",
						"2.20137e-17"
					],
					[
						"8021.801089",
						"1.11669e-18"
					],
					[
						"8027.319017",
						"-8.76085e-18"
					],
					[
						"8032.836946",
						"5.76278e-18"
					],
					[
						"8038.354875",
						"2.31733e-17"
					],
					[
						"8043.872803",
						"3.61306e-17"
					],
					[
						"8049.390732",
						"5.21126e-17"
					],
					[
						"8054.90866",
						"-9.6017e-18"
					],
					[
						"8060.426589",
						"-1.37043e-17"
					],
					[
						"8065.944518",
						"4.51459e-18"
					],
					[
						"8071.462446",
						"1.34456e-18"
					],
					[
						"8076.980375",
						"2.86733e-17"
					],
					[
						"8082.498303",
						"3.67471e-17"
					],
					[
						"8088.016232",
						"-2.05477e-18"
					],
					[
						"8093.534161",
						"-2.53607e-17"
					],
					[
						"8099.052089",
						"7.87291e-18"
					],
					[
						"8104.570018",
						"1.48071e-17"
					],
					[
						"8110.087946",
						"1.46165e-17"
					],
					[
						"8115.605875",
						"2.6992e-17"
					],
					[
						"8121.123804",
						"-1.92392e-17"
					],
					[
						"8126.641732",
						"1.6622e-17"
					],
					[
						"8132.159661",
						"-1.48098e-17"
					],
					[
						"8137.677589",
						"-3.08533e-20"
					],
					[
						"8143.195518",
						"6.47966e-18"
					],
					[
						"8148.713447",
						"6.30745e-18"
					],
					[
						"8154.231375",
						"1.59842e-18"
					],
					[
						"8159.749304",
						"1.18482e-17"
					],
					[
						"8165.267232",
						"3.17944e-17"
					],
					[
						"8170.785161",
						"2.09602e-17"
					],
					[
						"8176.30309",
						"-7.04686e-20"
					],
					[
						"8181.821018",
						"1.98271e-17"
					],
					[
						"8187.338947",
						"2.26533e-17"
					],
					[
						"8192.856875",
						"1.63541e-17"
					],
					[
						"8198.374804",
						"1.19942e-17"
					],
					[
						"8203.892733",
						"-1.24341e-17"
					],
					[
						"8209.410661",
						"-2.17201e-17"
					],
					[
						"8214.92859",
						"5.0079e-19"
					],
					[
						"8220.446518",
						"2.253e-17"
					],
					[
						"8225.964447",
						"1.65092e-17"
					],
					[
						"8231.482376",
						"1.58918e-17"
					],
					[
						"8237.000304",
						"2.10794e-17"
					],
					[
						"8242.518233",
						"1.46992e-17"
					],
					[
						"8248.036161",
						"-4.27571e-18"
					],
					[
						"8253.55409",
						"1.12457e-17"
					],
					[
						"8259.072019",
						"3.67619e-17"
					],
					[
						"8264.589947",
						"1.77244e-17"
					],
					[
						"8270.107876",
						"8.23903e-18"
					],
					[
						"8275.625804",
						"-4.75223e-18"
					],
					[
						"8281.143733",
						"-1.90857e-17"
					],
					[
						"8286.661662",
						"1.12328e-17"
					],
					[
						"8292.17959",
						"1.69486e-17"
					],
					[
						"8297.697519",
						"3.08103e-17"
					],
					[
						"8303.215447",
						"3.55197e-17"
					],
					[
						"8308.733376",
						"1.88261e-17"
					],
					[
						"8314.251305",
						"-3.7503e-18"
					],
					[
						"8319.769233",
						"1.93322e-18"
					],
					[
						"8325.287162",
						"9.99349e-18"
					],
					[
						"8330.80509",
						"3.43299e-17"
					],
					[
						"8336.323019",
						"4.69727e-17"
					],
					[
						"8341.840948",
						"1.51494e-17"
					],
					[
						"8347.358876",
						"1.74884e-17"
					],
					[
						"8352.876805",
						"-1.26947e-17"
					],
					[
						"8358.394733",
						"2.27852e-18"
					],
					[
						"8363.912662",
						"3.76573e-18"
					],
					[
						"8369.430591",
						"-5.03655e-18"
					],
					[
						"8374.948519",
						"3.10955e-17"
					],
					[
						"8380.466448",
						"2.04476e-17"
					],
					[
						"8385.984376",
						"-1.31733e-17"
					],
					[
						"8391.502305",
						"6.38819e-18"
					],
					[
						"8397.020234",
						"-1.57459e-17"
					],
					[
						"8402.538162",
						"4.82283e-17"
					],
					[
						"8408.056091",
						"2.73659e-17"
					],
					[
						"8413.574019",
						"4.8029e-17"
					],
					[
						"8419.091948",
						"2.37769e-17"
					],
					[
						"8424.609877",
						"-2.04163e-17"
					],
					[
						"8430.127805",
						"-1.46448e-17"
					],
					[
						"8435.645734",
						"-4.68703e-18"
					],
					[
						"8441.163662",
						"5.10963e-18"
					],
					[
						"8446.681591",
						"2.31868e-17"
					],
					[
						"8452.19952",
						"-1.38496e-18"
					],
					[
						"8457.717448",
						"-1.39519e-17"
					],
					[
						"8463.235377",
						"-1.72313e-17"
					],
					[
						"8468.753305",
						"-8.78706e-18"
					],
					[
						"8474.271234",
						"1.56023e-19"
					],
					[
						"8479.789163",
						"1.84615e-17"
					],
					[
						"8485.307091",
						"3.66857e-17"
					],
					[
						"8490.82502",
						"8.06709e-18"
					],
					[
						"8496.342948",
						"1.03338e-17"
					],
					[
						"8501.860877",
						"5.30456e-18"
					],
					[
						"8507.378806",
						"5.13903e-18"
					],
					[
						"8512.896734",
						"3.40219e-18"
					],
					[
						"8518.414663",
						"3.12066e-18"
					],
					[
						"8523.932591",
						"1.22527e-17"
					],
					[
						"8529.45052",
						"7.80387e-18"
					],
					[
						"8534.968449",
						"8.53454e-18"
					],
					[
						"8540.486377",
						"-1.54358e-17"
					],
					[
						"8546.004306",
						"-6.02645e-18"
					],
					[
						"8551.522234",
						"-3.91105e-18"
					],
					[
						"8557.040163",
						"1.09099e-17"
					],
					[
						"8562.558092",
						"1.77701e-17"
					],
					[
						"8568.07602",
						"4.70246e-18"
					],
					[
						"8573.593949",
						"1.14592e-17"
					],
					[
						"8579.111877",
						"-9.67082e-18"
					],
					[
						"8584.629806",
						"-4.50273e-18"
					],
					[
						"8590.147735",
						"1.81859e-17"
					],
					[
						"8595.665663",
						"3.35072e-17"
					],
					[
						"8601.183592",
						"1.52431e-17"
					],
					[
						"8606.70152",
						"6.30535e-18"
					],
					[
						"8612.219449",
						"2.18421e-17"
					],
					[
						"8617.737378",
						"4.55122e-18"
					],
					[
						"8623.255306",
						"-1.90078e-17"
					],
					[
						"8628.773235",
						"3.81249e-19"
					],
					[
						"8634.291163",
						"3.61932e-17"
					],
					[
						"8639.809092",
						"2.36232e-17"
					],
					[
						"8645.327021",
						"1.08439e-17"
					],
					[
						"8650.844949",
						"1.72149e-17"
					],
					[
						"8656.362878",
						"-1.41646e-17"
					],
					[
						"8661.880806",
						"1.56897e-18"
					],
					[
						"8667.398735",
						"3.77055e-18"
					],
					[
						"8672.916664",
						"3.54302e-17"
					],
					[
						"8678.434592",
						"1.67711e-17"
					],
					[
						"8683.952521",
						"2.56154e-17"
					],
					[
						"8689.470449",
						"2.30128e-17"
					],
					[
						"8694.988378",
						"2.11813e-17"
					],
					[
						"8700.506307",
						"1.04542e-18"
					],
					[
						"8706.024235",
						"-2.3625e-17"
					],
					[
						"8711.542164",
						"5.66459e-18"
					],
					[
						"8717.060092",
						"9.8102e-18"
					],
					[
						"8722.578021",
						"2.36165e-17"
					],
					[
						"8728.09595",
						"1.24682e-17"
					],
					[
						"8733.613878",
						"5.3585e-18"
					],
					[
						"8739.131807",
						"1.6426e-17"
					],
					[
						"8744.649735",
						"-1.02149e-17"
					],
					[
						"8750.167664",
						"3.85397e-19"
					],
					[
						"8755.685593",
						"1.33135e-17"
					],
					[
						"8761.203521",
						"8.68269e-18"
					],
					[
						"8766.72145",
						"5.38187e-18"
					],
					[
						"8772.239378",
						"-2.09695e-17"
					],
					[
						"8777.757307",
						"-7.16656e-18"
					],
					[
						"8783.275236",
						"1.25102e-17"
					],
					[
						"8788.793164",
						"1.37634e-17"
					],
					[
						"8794.311093",
						"1.85024e-17"
					],
					[
						"8799.829021",
						"7.25186e-18"
					],
					[
						"8805.34695",
						"1.96739e-17"
					],
					[
						"8810.864879",
						"-1.59783e-18"
					],
					[
						"8816.382807",
						"8.62696e-18"
					],
					[
						"8821.900736",
						"9.2832e-18"
					],
					[
						"8827.418664",
						"2.63156e-17"
					],
					[
						"8832.936593",
						"7.66015e-17"
					],
					[
						"8838.454522",
						"6.3332e-17"
					],
					[
						"8843.97245",
						"-5.76867e-18"
					],
					[
						"8849.490379",
						"-2.56813e-17"
					],
					[
						"8855.008307",
						"5.24177e-18"
					],
					[
						"8860.526236",
						"-4.18763e-18"
					],
					[
						"8866.044165",
						"3.01109e-17"
					],
					[
						"8871.562093",
						"2.07112e-17"
					],
					[
						"8877.080022",
						"-4.21271e-17"
					],
					[
						"8882.59795",
						"-1.44533e-17"
					],
					[
						"8888.115879",
						"-1.81826e-17"
					],
					[
						"8893.633808",
						"-2.24017e-17"
					],
					[
						"8899.151736",
						"8.3455e-18"
					],
					[
						"8904.669665",
						"2.28294e-17"
					],
					[
						"8910.187593",
						"2.33324e-18"
					],
					[
						"8915.705522",
						"-2.62221e-18"
					],
					[
						"8921.223451",
						"-1.18161e-17"
					],
					[
						"8926.741379",
						"2.9923e-17"
					],
					[
						"8932.259308",
						"2.01189e-17"
					],
					[
						"8937.777236",
						"2.91618e-17"
					],
					[
						"8943.295165",
						"8.20478e-18"
					],
					[
						"8948.813094",
						"-1.39033e-17"
					],
					[
						"8954.331022",
						"-1.41664e-17"
					],
					[
						"8959.848951",
						"-1.73222e-17"
					],
					[
						"8965.366879",
						"-1.46519e-18"
					],
					[
						"8970.884808",
						"3.23016e-19"
					],
					[
						"8976.402737",
						"9.54986e-18"
					],
					[
						"8981.920665",
						"-2.91884e-18"
					],
					[
						"8987.438594",
						"-3.5196e-17"
					],
					[
						"8992.956522",
						"-1.28636e-17"
					],
					[
						"8998.474451",
						"-7.96e-18"
					],
					[
						"9003.99238",
						"6.77212e-18"
					],
					[
						"9009.510308",
						"1.90907e-17"
					],
					[
						"9015.028237",
						"-1.27871e-17"
					],
					[
						"9020.546165",
						"-4.67283e-17"
					],
					[
						"9026.064094",
						"2.93916e-17"
					],
					[
						"9031.582023",
						"1.17195e-18"
					],
					[
						"9037.099951",
						"3.7954e-17"
					],
					[
						"9042.61788",
						"1.10339e-17"
					],
					[
						"9048.135808",
						"1.20842e-17"
					],
					[
						"9053.653737",
						"-1.10888e-17"
					],
					[
						"9059.171666",
						"-9.44542e-19"
					],
					[
						"9064.689594",
						"3.1553e-17"
					],
					[
						"9070.207523",
						"1.68583e-17"
					],
					[
						"9075.725451",
						"1.42987e-17"
					],
					[
						"9081.24338",
						"-2.5154e-17"
					],
					[
						"9086.761309",
						"-2.09111e-17"
					],
					[
						"9092.279237",
						"-6.93959e-18"
					],
					[
						"9097.797166",
						"8.96058e-18"
					],
					[
						"9103.315094",
						"1.19965e-17"
					],
					[
						"9108.833023",
						"-4.87618e-18"
					],
					[
						"9114.350952",
						"-3.04981e-17"
					],
					[
						"9119.86888",
						"-9.01613e-18"
					],
					[
						"9125.386809",
						"2.0077e-18"
					],
					[
						"9130.904737",
						"-2.98513e-19"
					],
					[
						"9136.422666",
						"-1.4396e-18"
					],
					[
						"9141.940595",
						"-2.82436e-18"
					],
					[
						"9147.458523",
						"-1.20793e-17"
					],
					[
						"9152.976452",
						"3.05598e-18"
					],
					[
						"9158.49438",
						"8.09934e-18"
					],
					[
						"9164.012309",
						"1.27099e-17"
					],
					[
						"9169.530238",
						"3.08145e-19"
					],
					[
						"9175.048166",
						"-2.36102e-17"
					],
					[
						"9180.566095",
						"6.07176e-18"
					],
					[
						"9186.084023",
						"1.01301e-17"
					],
					[
						"9191.601952",
						"-5.18228e-18"
					],
					[
						"9197.119881",
						"7.54066e-18"
					],
					[
						"9202.637809",
						"1.20438e-17"
					],
					[
						"9208.155738",
						"7.34233e-18"
					],
					[
						"9213.673666",
						"-1.37747e-17"
					],
					[
						"9219.191595",
						"-1.54956e-17"
					],
					[
						"9224.709524",
						"-6.50896e-18"
					],
					[
						"9230.227452",
						"4.82597e-18"
					]
				],
				"source":"8"
			}
		]
	}
}