{
	"AT2016idy":{
		"schema":"https://github.com/astrocatalogs/supernovae/blob/a0bc0b9/SCHEMA.md",
		"name":"AT2016idy",
		"sources":[
			{
				"name":"ATel 9540",
				"bibcode":"2016ATel.9540....1P",
				"reference":"Pogrosheva et al. (2016)",
				"url":"http://www.astronomerstelegram.org/?read=9540",
				"alias":"1"
			},
			{
				"name":"ATel 9597",
				"bibcode":"2016ATel.9597....1F",
				"reference":"Frohmaier et al. (2016)",
				"url":"http://www.astronomerstelegram.org/?read=9597",
				"alias":"2"
			},
			{
				"name":"2011ApJ...737..103S",
				"bibcode":"2011ApJ...737..103S",
				"reference":"Schlafly & Finkbeiner (2011)",
				"alias":"3"
			},
			{
				"name":"Transient Name Server",
				"url":"https://wis-tns.weizmann.ac.il/",
				"alias":"4"
			},
			{
				"name":"Pan-STARRS 3Pi",
				"url":"http://psweb.mp.qub.ac.uk/ps1threepi/psdb/",
				"alias":"5"
			},
			{
				"name":"Latest Supernovae",
				"secondary":true,
				"url":"http://www.rochesterastronomy.org/snimages/snredshiftall.html",
				"alias":"6"
			},
			{
				"name":"The Open Supernova Catalog",
				"bibcode":"2017ApJ...835...64G",
				"reference":"Guillochon et al. (2017)",
				"secondary":true,
				"url":"https://sne.space",
				"alias":"7"
			}
		],
		"alias":[
			{
				"value":"AT2016idy",
				"source":"1,2,4,5,6"
			},
			{
				"value":"PS16fbm",
				"source":"1,4,6"
			},
			{
				"value":"MASTER OT J013415.01-174843.9",
				"source":"1,6"
			},
			{
				"value":"MASTER OT JJ013415.01-174843.9",
				"source":"1,2,5"
			}
		],
		"claimedtype":[
			{
				"value":"Candidate",
				"source":"7"
			}
		],
		"dec":[
			{
				"value":"-17:48:43.49",
				"u_value":"degrees",
				"source":"4"
			},
			{
				"value":"-17:48:43.90",
				"u_value":"degrees",
				"source":"1,6"
			},
			{
				"value":"-17:48:43.5",
				"u_value":"degrees",
				"source":"1,2,5"
			}
		],
		"discoverdate":[
			{
				"value":"2016/11/14.355995",
				"source":"4"
			}
		],
		"discoverer":[
			{
				"value":"Pan-STARRS1",
				"source":"4"
			},
			{
				"value":"MASTER",
				"source":"1,6"
			}
		],
		"ebv":[
			{
				"value":"0.0173",
				"derived":true,
				"e_value":"0.0007",
				"source":"3,7"
			}
		],
		"host":[
			{
				"value":"PGC 877124",
				"source":"1,6"
			}
		],
		"maxappmag":[
			{
				"value":"18.91",
				"derived":true,
				"source":"1,2,5,7"
			}
		],
		"maxband":[
			{
				"value":"i",
				"derived":true,
				"source":"1,2,5,7"
			}
		],
		"maxdate":[
			{
				"value":"2016/11/14",
				"derived":true,
				"source":"1,2,5,7"
			}
		],
		"maxvisualappmag":[
			{
				"value":"18.91",
				"derived":true,
				"source":"1,2,5,7"
			}
		],
		"maxvisualband":[
			{
				"value":"i",
				"derived":true,
				"source":"1,2,5,7"
			}
		],
		"maxvisualdate":[
			{
				"value":"2016/11/14",
				"derived":true,
				"source":"1,2,5,7"
			}
		],
		"ra":[
			{
				"value":"01:34:15.05",
				"u_value":"hours",
				"source":"1,2,4,5"
			},
			{
				"value":"01:34:15.010",
				"u_value":"hours",
				"source":"1,6"
			}
		],
		"photometry":[
			{
				"time":"57706.3559954",
				"band":"i",
				"e_magnitude":"0.17",
				"instrument":"GPC1",
				"magnitude":"18.99",
				"observer":"Robot",
				"telescope":"PS1",
				"u_time":"MJD",
				"source":"4"
			},
			{
				"time":"57706.3560682451",
				"band":"i",
				"e_magnitude":"0.172192",
				"instrument":"GPC",
				"magnitude":"18.9926",
				"telescope":"Pan-STARRS1",
				"u_time":"MJD",
				"source":"1,2,5"
			},
			{
				"time":"57706.3677032636",
				"band":"i",
				"e_magnitude":"0.177158",
				"instrument":"GPC",
				"magnitude":"18.9666",
				"telescope":"Pan-STARRS1",
				"u_time":"MJD",
				"source":"1,2,5"
			},
			{
				"time":"57706.3793230309",
				"band":"i",
				"e_magnitude":"0.148606",
				"instrument":"GPC",
				"magnitude":"18.9097",
				"telescope":"Pan-STARRS1",
				"u_time":"MJD",
				"source":"1,2,5"
			},
			{
				"time":"57706.3909423435",
				"band":"i",
				"e_magnitude":"0.155791",
				"instrument":"GPC",
				"magnitude":"18.9546",
				"telescope":"Pan-STARRS1",
				"u_time":"MJD",
				"source":"1,2,5"
			}
		]
	}
}