{
	"AT2016iac":{
		"schema":"https://github.com/astrocatalogs/supernovae/blob/a0bc0b9/SCHEMA.md",
		"name":"AT2016iac",
		"sources":[
			{
				"name":"2011ApJ...737..103S",
				"bibcode":"2011ApJ...737..103S",
				"reference":"Schlafly & Finkbeiner (2011)",
				"alias":"1"
			},
			{
				"name":"Transient Name Server",
				"url":"https://wis-tns.weizmann.ac.il/",
				"alias":"2"
			},
			{
				"name":"Pan-STARRS 3Pi",
				"url":"http://psweb.mp.qub.ac.uk/ps1threepi/psdb/",
				"alias":"3"
			},
			{
				"name":"Latest Supernovae",
				"secondary":true,
				"url":"http://www.rochesterastronomy.org/snimages/snredshiftall.html",
				"alias":"4"
			},
			{
				"name":"The Open Supernova Catalog",
				"bibcode":"2017ApJ...835...64G",
				"reference":"Guillochon et al. (2017)",
				"secondary":true,
				"url":"https://sne.space",
				"alias":"5"
			}
		],
		"alias":[
			{
				"value":"AT2016iac",
				"source":"2,3,4"
			},
			{
				"value":"PS16ezv",
				"source":"2,4"
			}
		],
		"claimedtype":[
			{
				"value":"Candidate",
				"source":"5"
			}
		],
		"dec":[
			{
				"value":"+26:46:07.30",
				"u_value":"degrees",
				"source":"2,4"
			},
			{
				"value":"+26:46:07.2",
				"u_value":"degrees",
				"source":"3"
			}
		],
		"discoverdate":[
			{
				"value":"2016/11/08.600995",
				"source":"2"
			}
		],
		"discoverer":[
			{
				"value":"Pan-STARRS1",
				"source":"2"
			},
			{
				"value":"ASAS-SN",
				"source":"2,4"
			}
		],
		"ebv":[
			{
				"value":"0.0308",
				"derived":true,
				"e_value":"0.0002",
				"source":"1,5"
			}
		],
		"maxappmag":[
			{
				"value":"21.16",
				"derived":true,
				"source":"3,5"
			}
		],
		"maxband":[
			{
				"value":"w",
				"derived":true,
				"source":"3,5"
			}
		],
		"maxdate":[
			{
				"value":"2016/11/08",
				"derived":true,
				"source":"3,5"
			}
		],
		"maxvisualappmag":[
			{
				"value":"21.16",
				"derived":true,
				"source":"3,5"
			}
		],
		"maxvisualband":[
			{
				"value":"w",
				"derived":true,
				"source":"3,5"
			}
		],
		"maxvisualdate":[
			{
				"value":"2016/11/08",
				"derived":true,
				"source":"3,5"
			}
		],
		"ra":[
			{
				"value":"09:06:45.67",
				"u_value":"hours",
				"source":"2"
			},
			{
				"value":"09:06:45.670",
				"u_value":"hours",
				"source":"2,4"
			},
			{
				"value":"09:06:45.65",
				"u_value":"hours",
				"source":"3"
			}
		],
		"photometry":[
			{
				"time":"57700.1009954",
				"band":"w",
				"e_magnitude":"0.09",
				"instrument":"GPC1",
				"magnitude":"21.31",
				"observer":"Robot",
				"telescope":"PS1",
				"u_time":"MJD",
				"source":"2"
			},
			{
				"time":"57700.6007420868",
				"band":"w",
				"e_magnitude":"0.0917709",
				"instrument":"GPC",
				"magnitude":"21.3068",
				"telescope":"Pan-STARRS1",
				"u_time":"MJD",
				"source":"3"
			},
			{
				"time":"57700.6114939475",
				"band":"w",
				"e_magnitude":"0.0762217",
				"instrument":"GPC",
				"magnitude":"21.2525",
				"telescope":"Pan-STARRS1",
				"u_time":"MJD",
				"source":"3"
			},
			{
				"time":"57700.6222382191",
				"band":"w",
				"e_magnitude":"0.0801498",
				"instrument":"GPC",
				"magnitude":"21.1734",
				"telescope":"Pan-STARRS1",
				"u_time":"MJD",
				"source":"3"
			},
			{
				"time":"57700.6330282291",
				"band":"w",
				"e_magnitude":"0.101049",
				"instrument":"GPC",
				"magnitude":"21.1617",
				"telescope":"Pan-STARRS1",
				"u_time":"MJD",
				"source":"3"
			}
		]
	}
}