{
	"AT2016cvo":{
		"schema":"https://github.com/astrocatalogs/supernovae/blob/a0bc0b9/SCHEMA.md",
		"name":"AT2016cvo",
		"sources":[
			{
				"name":"2011ApJ...737..103S",
				"bibcode":"2011ApJ...737..103S",
				"reference":"Schlafly & Finkbeiner (2011)",
				"alias":"1"
			},
			{
				"name":"Transient Name Server",
				"url":"https://wis-tns.weizmann.ac.il/",
				"alias":"2"
			},
			{
				"name":"Pan-STARRS 3Pi",
				"url":"http://psweb.mp.qub.ac.uk/ps1threepi/psdb/",
				"alias":"3"
			},
			{
				"name":"Latest Supernovae",
				"secondary":true,
				"url":"http://www.rochesterastronomy.org/snimages/snredshiftall.html",
				"alias":"4"
			},
			{
				"name":"The Open Supernova Catalog",
				"bibcode":"2017ApJ...835...64G",
				"reference":"Guillochon et al. (2017)",
				"secondary":true,
				"url":"https://sne.space",
				"alias":"5"
			}
		],
		"alias":[
			{
				"value":"AT2016cvo",
				"source":"2,3,4"
			},
			{
				"value":"ATLAS16bes",
				"source":"2,4"
			},
			{
				"value":"PS17ala",
				"source":"2,4"
			}
		],
		"claimedtype":[
			{
				"value":"Candidate",
				"source":"5"
			}
		],
		"dec":[
			{
				"value":"-17:11:00.74",
				"u_value":"degrees",
				"source":"2,4"
			},
			{
				"value":"-17:10:58.5",
				"u_value":"degrees",
				"source":"3"
			}
		],
		"discoverdate":[
			{
				"value":"2016/06/09.355",
				"source":"2"
			}
		],
		"discoverer":[
			{
				"value":"ATLAS",
				"source":"2,4"
			}
		],
		"ebv":[
			{
				"value":"0.0905",
				"derived":true,
				"e_value":"0.0037",
				"source":"1,5"
			}
		],
		"maxappmag":[
			{
				"value":"18.66",
				"derived":true,
				"source":"2,5"
			}
		],
		"maxband":[
			{
				"value":"cyan",
				"derived":true,
				"source":"2,5"
			}
		],
		"maxdate":[
			{
				"value":"2016/06/09",
				"derived":true,
				"source":"2,5"
			}
		],
		"maxvisualappmag":[
			{
				"value":"18.66",
				"derived":true,
				"source":"2,5"
			}
		],
		"maxvisualband":[
			{
				"value":"cyan",
				"derived":true,
				"source":"2,5"
			}
		],
		"maxvisualdate":[
			{
				"value":"2016/06/09",
				"derived":true,
				"source":"2,5"
			}
		],
		"ra":[
			{
				"value":"14:25:37.16",
				"u_value":"hours",
				"source":"2"
			},
			{
				"value":"14:25:37.160",
				"u_value":"hours",
				"source":"2,4"
			},
			{
				"value":"14:25:37.29",
				"u_value":"hours",
				"source":"3"
			}
		],
		"photometry":[
			{
				"time":"57544.4009954",
				"band":"cyan",
				"instrument":"ACAM1",
				"magnitude":"19.6",
				"observer":"Robot",
				"telescope":"ATLAS1",
				"u_time":"MJD",
				"upperlimit":true,
				"source":"2"
			},
			{
				"time":"57548.355",
				"band":"cyan",
				"e_magnitude":"0.12",
				"instrument":"ACAM1",
				"magnitude":"18.66",
				"observer":"Robot",
				"telescope":"ATLAS1",
				"u_time":"MJD",
				"source":"2"
			},
			{
				"time":"57784.623416375",
				"band":"w",
				"e_magnitude":"0.103189",
				"instrument":"GPC",
				"magnitude":"20.0621",
				"telescope":"Pan-STARRS1",
				"u_time":"MJD",
				"source":"3"
			},
			{
				"time":"57784.623416375",
				"band":"w",
				"e_magnitude":"0.111616",
				"instrument":"GPC",
				"magnitude":"20.0827",
				"telescope":"Pan-STARRS1",
				"u_time":"MJD",
				"source":"3"
			},
			{
				"time":"57784.623416375",
				"band":"w",
				"e_magnitude":"0.109478",
				"instrument":"GPC",
				"magnitude":"20.0936",
				"telescope":"Pan-STARRS1",
				"u_time":"MJD",
				"source":"3"
			},
			{
				"time":"57784.623416375",
				"band":"w",
				"e_magnitude":"0.114115",
				"instrument":"GPC",
				"magnitude":"20.0964",
				"telescope":"Pan-STARRS1",
				"u_time":"MJD",
				"source":"3"
			},
			{
				"time":"57784.6347278063",
				"band":"w",
				"e_magnitude":"0.118446",
				"instrument":"GPC",
				"magnitude":"20.1528",
				"telescope":"Pan-STARRS1",
				"u_time":"MJD",
				"source":"3"
			},
			{
				"time":"57784.6347278063",
				"band":"w",
				"e_magnitude":"0.127812",
				"instrument":"GPC",
				"magnitude":"20.21",
				"telescope":"Pan-STARRS1",
				"u_time":"MJD",
				"source":"3"
			},
			{
				"time":"57784.6347278063",
				"band":"w",
				"e_magnitude":"0.130668",
				"instrument":"GPC",
				"magnitude":"20.2318",
				"telescope":"Pan-STARRS1",
				"u_time":"MJD",
				"source":"3"
			},
			{
				"time":"57784.6347278063",
				"band":"w",
				"e_magnitude":"0.126403",
				"instrument":"GPC",
				"magnitude":"20.2355",
				"telescope":"Pan-STARRS1",
				"u_time":"MJD",
				"source":"3"
			},
			{
				"time":"57784.646024826",
				"band":"w",
				"e_magnitude":"0.153566",
				"instrument":"GPC",
				"magnitude":"20.133",
				"telescope":"Pan-STARRS1",
				"u_time":"MJD",
				"source":"3"
			},
			{
				"time":"57784.646024826",
				"band":"w",
				"e_magnitude":"0.145495",
				"instrument":"GPC",
				"magnitude":"20.1703",
				"telescope":"Pan-STARRS1",
				"u_time":"MJD",
				"source":"3"
			},
			{
				"time":"57784.646024826",
				"band":"w",
				"e_magnitude":"0.154995",
				"instrument":"GPC",
				"magnitude":"20.1802",
				"telescope":"Pan-STARRS1",
				"u_time":"MJD",
				"source":"3"
			},
			{
				"time":"57784.646024826",
				"band":"w",
				"e_magnitude":"0.155909",
				"instrument":"GPC",
				"magnitude":"20.1945",
				"telescope":"Pan-STARRS1",
				"u_time":"MJD",
				"source":"3"
			},
			{
				"time":"57784.6573454676",
				"band":"w",
				"e_magnitude":"0.167396",
				"instrument":"GPC",
				"magnitude":"20.1497",
				"telescope":"Pan-STARRS1",
				"u_time":"MJD",
				"source":"3"
			},
			{
				"time":"57784.6573454676",
				"band":"w",
				"e_magnitude":"0.151019",
				"instrument":"GPC",
				"magnitude":"20.1752",
				"telescope":"Pan-STARRS1",
				"u_time":"MJD",
				"source":"3"
			},
			{
				"time":"57784.6573454676",
				"band":"w",
				"e_magnitude":"0.162011",
				"instrument":"GPC",
				"magnitude":"20.1879",
				"telescope":"Pan-STARRS1",
				"u_time":"MJD",
				"source":"3"
			},
			{
				"time":"57784.6573454676",
				"band":"w",
				"e_magnitude":"0.164681",
				"instrument":"GPC",
				"magnitude":"20.2388",
				"telescope":"Pan-STARRS1",
				"u_time":"MJD",
				"source":"3"
			}
		]
	}
}