{
	"AT2016jac":{
		"schema":"https://github.com/astrocatalogs/supernovae/blob/a0bc0b9/SCHEMA.md",
		"name":"AT2016jac",
		"sources":[
			{
				"name":"2011ApJ...737..103S",
				"bibcode":"2011ApJ...737..103S",
				"reference":"Schlafly & Finkbeiner (2011)",
				"alias":"1"
			},
			{
				"name":"Transient Name Server",
				"url":"https://wis-tns.weizmann.ac.il/",
				"alias":"2"
			},
			{
				"name":"Pan-STARRS 3Pi",
				"url":"http://psweb.mp.qub.ac.uk/ps1threepi/psdb/",
				"alias":"3"
			},
			{
				"name":"Latest Supernovae",
				"secondary":true,
				"url":"http://www.rochesterastronomy.org/snimages/snredshiftall.html",
				"alias":"4"
			},
			{
				"name":"The Open Supernova Catalog",
				"bibcode":"2017ApJ...835...64G",
				"reference":"Guillochon et al. (2017)",
				"secondary":true,
				"url":"https://sne.space",
				"alias":"5"
			}
		],
		"alias":[
			{
				"value":"AT2016jac",
				"source":"2,3,4"
			},
			{
				"value":"ATLAS16ebb",
				"source":"2,4"
			},
			{
				"value":"PS17aje",
				"source":"2,4"
			}
		],
		"claimedtype":[
			{
				"value":"Candidate",
				"source":"5"
			}
		],
		"dec":[
			{
				"value":"-01:45:36.56",
				"u_value":"degrees",
				"source":"2,4"
			},
			{
				"value":"-01:45:36.6",
				"u_value":"degrees",
				"source":"3"
			}
		],
		"discoverdate":[
			{
				"value":"2016/12/14.371991",
				"source":"2"
			}
		],
		"discoverer":[
			{
				"value":"ATLAS",
				"source":"2,4"
			}
		],
		"ebv":[
			{
				"value":"0.0257",
				"derived":true,
				"e_value":"0.0009",
				"source":"1,5"
			}
		],
		"host":[
			{
				"value":"2MASX J02240242-0145389",
				"source":"3"
			}
		],
		"hostdec":[
			{
				"value":"-01:45:38.9",
				"derived":true,
				"u_value":"degrees",
				"source":"5"
			}
		],
		"hostoffsetang":[
			{
				"value":"2.863",
				"derived":true,
				"u_value":"arcseconds",
				"source":"2,3,4,5"
			}
		],
		"hostra":[
			{
				"value":"02:24:02.42",
				"derived":true,
				"u_value":"hours",
				"source":"5"
			}
		],
		"maxappmag":[
			{
				"value":"18.06",
				"derived":true,
				"source":"2,5"
			}
		],
		"maxband":[
			{
				"value":"orange",
				"derived":true,
				"source":"2,5"
			}
		],
		"maxdate":[
			{
				"value":"2016/12/14",
				"derived":true,
				"source":"2,5"
			}
		],
		"maxvisualappmag":[
			{
				"value":"18.06",
				"derived":true,
				"source":"2,5"
			}
		],
		"maxvisualband":[
			{
				"value":"orange",
				"derived":true,
				"source":"2,5"
			}
		],
		"maxvisualdate":[
			{
				"value":"2016/12/14",
				"derived":true,
				"source":"2,5"
			}
		],
		"ra":[
			{
				"value":"02:24:02.31",
				"u_value":"hours",
				"source":"2,3"
			},
			{
				"value":"02:24:02.310",
				"u_value":"hours",
				"source":"2,4"
			}
		],
		"photometry":[
			{
				"time":"57736.3589931",
				"band":"orange",
				"instrument":"ACAM1",
				"magnitude":"18.44",
				"observer":"Robot",
				"telescope":"ATLAS1",
				"u_time":"MJD",
				"upperlimit":true,
				"source":"2"
			},
			{
				"time":"57736.3719907",
				"band":"orange",
				"e_magnitude":"0.17",
				"instrument":"ACAM1",
				"magnitude":"18.06",
				"observer":"Robot",
				"telescope":"ATLAS1",
				"u_time":"MJD",
				"source":"2"
			},
			{
				"time":"57765.2289931",
				"band":"i",
				"e_magnitude":"0.07",
				"instrument":"GPC1",
				"magnitude":"19.06",
				"observer":"Robot",
				"telescope":"PS1",
				"u_time":"MJD",
				"source":"2"
			},
			{
				"time":"57765.2294869461",
				"band":"i",
				"e_magnitude":"0.0705389",
				"instrument":"GPC",
				"magnitude":"19.0374",
				"telescope":"Pan-STARRS1",
				"u_time":"MJD",
				"source":"3"
			},
			{
				"time":"57765.2294869461",
				"band":"i",
				"e_magnitude":"0.0681681",
				"instrument":"GPC",
				"magnitude":"19.0637",
				"telescope":"Pan-STARRS1",
				"u_time":"MJD",
				"source":"3"
			},
			{
				"time":"57765.2421700322",
				"band":"i",
				"e_magnitude":"0.0612068",
				"instrument":"GPC",
				"magnitude":"19.0278",
				"telescope":"Pan-STARRS1",
				"u_time":"MJD",
				"source":"3"
			},
			{
				"time":"57765.2421700322",
				"band":"i",
				"e_magnitude":"0.0624148",
				"instrument":"GPC",
				"magnitude":"19.0814",
				"telescope":"Pan-STARRS1",
				"u_time":"MJD",
				"source":"3"
			},
			{
				"time":"57765.2548036943",
				"band":"i",
				"e_magnitude":"0.0853849",
				"instrument":"GPC",
				"magnitude":"19.044",
				"telescope":"Pan-STARRS1",
				"u_time":"MJD",
				"source":"3"
			},
			{
				"time":"57765.2548036943",
				"band":"i",
				"e_magnitude":"0.0890112",
				"instrument":"GPC",
				"magnitude":"19.0677",
				"telescope":"Pan-STARRS1",
				"u_time":"MJD",
				"source":"3"
			},
			{
				"time":"57765.2674413351",
				"band":"i",
				"e_magnitude":"0.0732191",
				"instrument":"GPC",
				"magnitude":"19.0296",
				"telescope":"Pan-STARRS1",
				"u_time":"MJD",
				"source":"3"
			},
			{
				"time":"57765.2674413351",
				"band":"i",
				"e_magnitude":"0.0749795",
				"instrument":"GPC",
				"magnitude":"19.0341",
				"telescope":"Pan-STARRS1",
				"u_time":"MJD",
				"source":"3"
			}
		]
	}
}