{
	"AT2016cla":{
		"schema":"https://github.com/astrocatalogs/supernovae/blob/a0bc0b9/SCHEMA.md",
		"name":"AT2016cla",
		"sources":[
			{
				"name":"2016A&A...594A..13P",
				"bibcode":"2016A&A...594A..13P",
				"reference":"Planck Collaboration et al. (2016)",
				"alias":"1"
			},
			{
				"name":"2011ApJ...737..103S",
				"bibcode":"2011ApJ...737..103S",
				"reference":"Schlafly & Finkbeiner (2011)",
				"alias":"2"
			},
			{
				"name":"Transient Name Server",
				"url":"https://wis-tns.weizmann.ac.il/",
				"alias":"3"
			},
			{
				"name":"Latest Supernovae",
				"secondary":true,
				"url":"http://www.rochesterastronomy.org/snimages/snredshiftall.html",
				"alias":"4"
			},
			{
				"name":"The Open Supernova Catalog",
				"bibcode":"2017ApJ...835...64G",
				"reference":"Guillochon et al. (2017)",
				"secondary":true,
				"url":"https://sne.space",
				"alias":"5"
			}
		],
		"alias":[
			{
				"value":"AT2016cla",
				"source":"3,4"
			}
		],
		"claimedtype":[
			{
				"value":"Candidate",
				"source":"5"
			}
		],
		"comovingdist":[
			{
				"value":"117.2",
				"derived":true,
				"u_value":"Mpc",
				"source":"1,3,5"
			}
		],
		"dec":[
			{
				"value":"+37:09:39.80",
				"u_value":"degrees",
				"source":"3,4"
			}
		],
		"discoverdate":[
			{
				"value":"2016/05/18.3314",
				"source":"3"
			}
		],
		"discoverer":[
			{
				"value":"POSS",
				"source":"3"
			},
			{
				"value":"Tim Puckett et al.",
				"source":"3,4"
			}
		],
		"ebv":[
			{
				"value":"0.0069",
				"derived":true,
				"e_value":"0.0004",
				"source":"2,5"
			}
		],
		"host":[
			{
				"value":"UGC 8695",
				"source":"3,4"
			}
		],
		"hostcomovingdist":[
			{
				"value":"117.2",
				"derived":true,
				"source":"1,3,5"
			}
		],
		"hostlumdist":[
			{
				"value":"120.29",
				"derived":true,
				"source":"1,3,5"
			}
		],
		"hostredshift":[
			{
				"value":"0.02664",
				"source":"3"
			}
		],
		"hostvelocity":[
			{
				"value":"7880",
				"source":"5"
			}
		],
		"lumdist":[
			{
				"value":"120.29",
				"derived":true,
				"u_value":"Mpc",
				"source":"1,3,5"
			}
		],
		"maxabsmag":[
			{
				"value":"-16.573",
				"derived":true,
				"source":"1,3,5"
			}
		],
		"maxappmag":[
			{
				"value":"18.8",
				"derived":true,
				"source":"3,5"
			}
		],
		"maxband":[
			{
				"value":"C",
				"derived":true,
				"source":"3,5"
			}
		],
		"maxdate":[
			{
				"value":"2016/05/18",
				"derived":true,
				"source":"3,5"
			}
		],
		"maxvisualabsmag":[
			{
				"value":"-16.601",
				"derived":true,
				"source":"1,3,5"
			}
		],
		"maxvisualappmag":[
			{
				"value":"18.8",
				"derived":true,
				"source":"3,5"
			}
		],
		"maxvisualband":[
			{
				"value":"C",
				"derived":true,
				"source":"3,5"
			}
		],
		"maxvisualdate":[
			{
				"value":"2016/05/18",
				"derived":true,
				"source":"3,5"
			}
		],
		"ra":[
			{
				"value":"13:44:47.93",
				"u_value":"hours",
				"source":"3"
			},
			{
				"value":"13:44:47.930",
				"u_value":"hours",
				"source":"3,4"
			}
		],
		"redshift":[
			{
				"value":"0.02664",
				"kind":"host",
				"source":"3"
			},
			{
				"value":"0.02664",
				"source":"3,4"
			}
		],
		"velocity":[
			{
				"value":"7880",
				"u_value":"km/s",
				"source":"5"
			}
		],
		"photometry":[
			{
				"time":"57502.333333",
				"band":"C",
				"magnitude":"20",
				"u_time":"MJD",
				"upperlimit":true,
				"source":"3"
			},
			{
				"time":"57526.331412",
				"band":"C",
				"e_magnitude":"0.3",
				"magnitude":"18.8",
				"u_time":"MJD",
				"source":"3"
			}
		]
	}
}