{
	"AT2016bfa":{
		"schema":"https://github.com/astrocatalogs/supernovae/blob/a0bc0b9/SCHEMA.md",
		"name":"AT2016bfa",
		"sources":[
			{
				"name":"ATel 8839",
				"bibcode":"2016ATel.8839....1T",
				"reference":"Tonry et al. (2016)",
				"url":"http://www.astronomerstelegram.org/?read=8839",
				"alias":"1"
			},
			{
				"name":"2011ApJ...737..103S",
				"bibcode":"2011ApJ...737..103S",
				"reference":"Schlafly & Finkbeiner (2011)",
				"alias":"2"
			},
			{
				"name":"Transient Name Server",
				"url":"https://wis-tns.weizmann.ac.il/",
				"alias":"3"
			},
			{
				"name":"Latest Supernovae",
				"secondary":true,
				"url":"http://www.rochesterastronomy.org/snimages/snredshiftall.html",
				"alias":"4"
			},
			{
				"name":"The Open Supernova Catalog",
				"bibcode":"2017ApJ...835...64G",
				"reference":"Guillochon et al. (2017)",
				"secondary":true,
				"url":"https://sne.space",
				"alias":"5"
			}
		],
		"alias":[
			{
				"value":"AT2016bfa",
				"source":"1,3,4"
			},
			{
				"value":"ATLAS16agw",
				"source":"1,3,4"
			}
		],
		"claimedtype":[
			{
				"value":"Candidate",
				"source":"5"
			}
		],
		"dec":[
			{
				"value":"+63:27:30.70",
				"u_value":"degrees",
				"source":"3"
			},
			{
				"value":"+63:27:30.7",
				"u_value":"degrees",
				"source":"1,4"
			}
		],
		"discoverdate":[
			{
				"value":"2016/03/02.56",
				"source":"3"
			}
		],
		"discoverer":[
			{
				"value":"ATLAS",
				"source":"1,3,4"
			}
		],
		"ebv":[
			{
				"value":"0.0169",
				"derived":true,
				"e_value":"0.0003",
				"source":"2,5"
			}
		],
		"maxappmag":[
			{
				"value":"18.87",
				"derived":true,
				"source":"3,5"
			}
		],
		"maxband":[
			{
				"value":"cyan",
				"derived":true,
				"source":"3,5"
			}
		],
		"maxdate":[
			{
				"value":"2016/03/02",
				"derived":true,
				"source":"3,5"
			}
		],
		"maxvisualappmag":[
			{
				"value":"18.87",
				"derived":true,
				"source":"3,5"
			}
		],
		"maxvisualband":[
			{
				"value":"cyan",
				"derived":true,
				"source":"3,5"
			}
		],
		"maxvisualdate":[
			{
				"value":"2016/03/02",
				"derived":true,
				"source":"3,5"
			}
		],
		"ra":[
			{
				"value":"14:58:01.09",
				"u_value":"hours",
				"source":"1,3,4"
			}
		],
		"photometry":[
			{
				"time":"57448.5",
				"magnitude":"18.9",
				"u_time":"MJD",
				"source":"1,4"
			},
			{
				"time":"57449.56",
				"band":"cyan",
				"instrument":"ACAM1",
				"magnitude":"18.87",
				"telescope":"ATLAS1",
				"u_time":"MJD",
				"source":"3"
			}
		]
	}
}