{
	"AT2016ete":{
		"schema":"https://github.com/astrocatalogs/supernovae/blob/a0bc0b9/SCHEMA.md",
		"name":"AT2016ete",
		"sources":[
			{
				"name":"ATel 9369",
				"bibcode":"2016ATel.9369....1T",
				"reference":"Tonry et al. (2016)",
				"url":"http://www.astronomerstelegram.org/?read=9369",
				"alias":"1"
			},
			{
				"name":"2011ApJ...737..103S",
				"bibcode":"2011ApJ...737..103S",
				"reference":"Schlafly & Finkbeiner (2011)",
				"alias":"2"
			},
			{
				"name":"Transient Name Server",
				"url":"https://wis-tns.weizmann.ac.il/",
				"alias":"3"
			},
			{
				"name":"Latest Supernovae",
				"secondary":true,
				"url":"http://www.rochesterastronomy.org/snimages/snredshiftall.html",
				"alias":"4"
			},
			{
				"name":"The Open Supernova Catalog",
				"bibcode":"2017ApJ...835...64G",
				"reference":"Guillochon et al. (2017)",
				"secondary":true,
				"url":"https://sne.space",
				"alias":"5"
			}
		],
		"alias":[
			{
				"value":"AT2016ete",
				"source":"1,3,4"
			},
			{
				"value":"ATLAS16cdo",
				"source":"1,3,4"
			}
		],
		"claimedtype":[
			{
				"value":"Candidate",
				"source":"5"
			}
		],
		"dec":[
			{
				"value":"-15:02:19.07",
				"u_value":"degrees",
				"source":"1,3,4"
			}
		],
		"discoverdate":[
			{
				"value":"2016/08/02.591991",
				"source":"3"
			}
		],
		"discoverer":[
			{
				"value":"ATLAS",
				"source":"1,3,4"
			}
		],
		"ebv":[
			{
				"value":"0.0173",
				"derived":true,
				"e_value":"0.0002",
				"source":"2,5"
			}
		],
		"maxappmag":[
			{
				"value":"19.35",
				"derived":true,
				"source":"3,5"
			}
		],
		"maxband":[
			{
				"value":"cyan",
				"derived":true,
				"source":"3,5"
			}
		],
		"maxdate":[
			{
				"value":"2016/08/02",
				"derived":true,
				"source":"3,5"
			}
		],
		"maxvisualappmag":[
			{
				"value":"19.35",
				"derived":true,
				"source":"3,5"
			}
		],
		"maxvisualband":[
			{
				"value":"cyan",
				"derived":true,
				"source":"3,5"
			}
		],
		"maxvisualdate":[
			{
				"value":"2016/08/02",
				"derived":true,
				"source":"3,5"
			}
		],
		"ra":[
			{
				"value":"01:26:02.09",
				"u_value":"hours",
				"source":"3"
			},
			{
				"value":"01:26:02.090",
				"u_value":"hours",
				"source":"1,4"
			}
		],
		"photometry":[
			{
				"time":"57601.1129977",
				"band":"cyan",
				"instrument":"ACAM1",
				"magnitude":"19.75",
				"observer":"Robot",
				"telescope":"ATLAS1",
				"u_time":"MJD",
				"upperlimit":true,
				"source":"3"
			},
			{
				"time":"57602.0919907",
				"band":"cyan",
				"e_magnitude":"0.2",
				"instrument":"ACAM1",
				"magnitude":"19.35",
				"observer":"Robot",
				"telescope":"ATLAS1",
				"u_time":"MJD",
				"source":"3"
			}
		]
	}
}