{
	"AT2016bez":{
		"schema":"https://github.com/astrocatalogs/supernovae/blob/a0bc0b9/SCHEMA.md",
		"name":"AT2016bez",
		"sources":[
			{
				"name":"ATel 8839",
				"bibcode":"2016ATel.8839....1T",
				"reference":"Tonry et al. (2016)",
				"url":"http://www.astronomerstelegram.org/?read=8839",
				"alias":"1"
			},
			{
				"name":"2011ApJ...737..103S",
				"bibcode":"2011ApJ...737..103S",
				"reference":"Schlafly & Finkbeiner (2011)",
				"alias":"2"
			},
			{
				"name":"Transient Name Server",
				"url":"https://wis-tns.weizmann.ac.il/",
				"alias":"3"
			},
			{
				"name":"Latest Supernovae",
				"secondary":true,
				"url":"http://www.rochesterastronomy.org/snimages/snredshiftall.html",
				"alias":"4"
			},
			{
				"name":"The Open Supernova Catalog",
				"bibcode":"2017ApJ...835...64G",
				"reference":"Guillochon et al. (2017)",
				"secondary":true,
				"url":"https://sne.space",
				"alias":"5"
			}
		],
		"alias":[
			{
				"value":"AT2016bez",
				"source":"1,3,4"
			},
			{
				"value":"ATLAS16ahd",
				"source":"1,3,4"
			}
		],
		"claimedtype":[
			{
				"value":"Candidate",
				"source":"5"
			}
		],
		"dec":[
			{
				"value":"+57:00:47.40",
				"u_value":"degrees",
				"source":"3"
			},
			{
				"value":"+57:00:47.4",
				"u_value":"degrees",
				"source":"1,4"
			}
		],
		"discoverdate":[
			{
				"value":"2016/03/01.569988",
				"source":"3"
			}
		],
		"discoverer":[
			{
				"value":"ATLAS",
				"source":"1,3,4"
			}
		],
		"ebv":[
			{
				"value":"0.013",
				"derived":true,
				"e_value":"0.0004",
				"source":"2,5"
			}
		],
		"maxappmag":[
			{
				"value":"18.5",
				"derived":true,
				"source":"1,4,5"
			}
		],
		"maxdate":[
			{
				"value":"2016/02/29",
				"derived":true,
				"source":"1,4,5"
			}
		],
		"maxvisualappmag":[
			{
				"value":"18.5",
				"derived":true,
				"source":"1,4,5"
			}
		],
		"maxvisualdate":[
			{
				"value":"2016/02/29",
				"derived":true,
				"source":"1,4,5"
			}
		],
		"ra":[
			{
				"value":"14:56:34.08",
				"u_value":"hours",
				"source":"1,3,4"
			}
		],
		"photometry":[
			{
				"time":"57447.5",
				"magnitude":"18.5",
				"u_time":"MJD",
				"source":"1,4"
			},
			{
				"time":"57448.57",
				"band":"cyan",
				"instrument":"ACAM1",
				"magnitude":"18.55",
				"telescope":"ATLAS1",
				"u_time":"MJD",
				"source":"3"
			}
		]
	}
}