{
	"AT2016fbu":{
		"schema":"https://github.com/astrocatalogs/supernovae/blob/a0bc0b9/SCHEMA.md",
		"name":"AT2016fbu",
		"sources":[
			{
				"name":"2011ApJ...737..103S",
				"bibcode":"2011ApJ...737..103S",
				"reference":"Schlafly & Finkbeiner (2011)",
				"alias":"1"
			},
			{
				"name":"Transient Name Server",
				"url":"https://wis-tns.weizmann.ac.il/",
				"alias":"2"
			},
			{
				"name":"Latest Supernovae",
				"secondary":true,
				"url":"http://www.rochesterastronomy.org/snimages/snredshiftall.html",
				"alias":"3"
			},
			{
				"name":"The Open Supernova Catalog",
				"bibcode":"2017ApJ...835...64G",
				"reference":"Guillochon et al. (2017)",
				"secondary":true,
				"url":"https://sne.space",
				"alias":"4"
			}
		],
		"alias":[
			{
				"value":"AT2016fbu",
				"source":"2,3"
			}
		],
		"claimedtype":[
			{
				"value":"Candidate",
				"source":"4"
			}
		],
		"dec":[
			{
				"value":"-60:42:41.00",
				"u_value":"degrees",
				"source":"2,3"
			}
		],
		"discoverdate":[
			{
				"value":"2016/08/16.0646528",
				"source":"2"
			}
		],
		"discoverer":[
			{
				"value":"TAROT",
				"source":"2"
			},
			{
				"value":"Emmanuel Conseil",
				"source":"2,3"
			}
		],
		"ebv":[
			{
				"value":"0.2251",
				"derived":true,
				"e_value":"0.0027",
				"source":"1,4"
			}
		],
		"host":[
			{
				"value":"2MASX J16180412-6041419",
				"source":"2"
			}
		],
		"hostdec":[
			{
				"value":"-60:41:41.9",
				"derived":true,
				"u_value":"degrees",
				"source":"4"
			}
		],
		"hostoffsetang":[
			{
				"value":"73.84",
				"derived":true,
				"u_value":"arcseconds",
				"source":"2,3,4"
			}
		],
		"hostra":[
			{
				"value":"16:18:04.12",
				"derived":true,
				"u_value":"hours",
				"source":"4"
			}
		],
		"maxappmag":[
			{
				"value":"16.7",
				"derived":true,
				"source":"2,4"
			}
		],
		"maxband":[
			{
				"value":"C",
				"derived":true,
				"source":"2,4"
			}
		],
		"maxdate":[
			{
				"value":"2016/08/17",
				"derived":true,
				"source":"2,4"
			}
		],
		"maxvisualappmag":[
			{
				"value":"16.8",
				"derived":true,
				"source":"2,4"
			}
		],
		"maxvisualband":[
			{
				"value":"R",
				"derived":true,
				"source":"2,4"
			}
		],
		"maxvisualdate":[
			{
				"value":"2016/08/16",
				"derived":true,
				"source":"2,4"
			}
		],
		"ra":[
			{
				"value":"16:17:58.09",
				"u_value":"hours",
				"source":"2"
			},
			{
				"value":"16:17:58.090",
				"u_value":"hours",
				"source":"2,3"
			}
		],
		"photometry":[
			{
				"time":"57526.1773032",
				"band":"R",
				"magnitude":"18",
				"system":"Vega",
				"u_time":"MJD",
				"upperlimit":true,
				"source":"2"
			},
			{
				"time":"57616.0646528",
				"band":"R",
				"e_magnitude":"0.3",
				"magnitude":"16.8",
				"system":"Vega",
				"u_time":"MJD",
				"source":"2"
			},
			{
				"time":"57617.4951852",
				"band":"C",
				"magnitude":"16.7",
				"system":"Vega",
				"u_time":"MJD",
				"source":"2"
			}
		]
	}
}