{
	"AT2016iro":{
		"schema":"https://github.com/astrocatalogs/supernovae/blob/a0bc0b9/SCHEMA.md",
		"name":"AT2016iro",
		"sources":[
			{
				"name":"2011ApJ...737..103S",
				"bibcode":"2011ApJ...737..103S",
				"reference":"Schlafly & Finkbeiner (2011)",
				"alias":"1"
			},
			{
				"name":"Transient Name Server",
				"url":"https://wis-tns.weizmann.ac.il/",
				"alias":"2"
			},
			{
				"name":"Latest Supernovae",
				"secondary":true,
				"url":"http://www.rochesterastronomy.org/snimages/snredshiftall.html",
				"alias":"3"
			},
			{
				"name":"The Open Supernova Catalog",
				"bibcode":"2017ApJ...835...64G",
				"reference":"Guillochon et al. (2017)",
				"secondary":true,
				"url":"https://sne.space",
				"alias":"4"
			}
		],
		"alias":[
			{
				"value":"AT2016iro",
				"source":"2,3"
			}
		],
		"claimedtype":[
			{
				"value":"Candidate",
				"source":"4"
			}
		],
		"dec":[
			{
				"value":"-51:11:30.10",
				"u_value":"degrees",
				"source":"2,3"
			}
		],
		"discoverdate":[
			{
				"value":"2016/12/03.416192",
				"source":"2"
			}
		],
		"discoverer":[
			{
				"value":"BOSS",
				"source":"2"
			},
			{
				"value":"Stu Parker",
				"source":"2,3"
			}
		],
		"ebv":[
			{
				"value":"0.0122",
				"derived":true,
				"e_value":"0.0007",
				"source":"1,4"
			}
		],
		"host":[
			{
				"value":"ESO 200-G-054",
				"source":"2"
			},
			{
				"value":"ESO 200-G54",
				"source":"2,3"
			}
		],
		"maxappmag":[
			{
				"value":"18.5",
				"derived":true,
				"source":"2,3,4"
			}
		],
		"maxdate":[
			{
				"value":"2016/12/02",
				"derived":true,
				"source":"2,3,4"
			}
		],
		"maxvisualappmag":[
			{
				"value":"18.5",
				"derived":true,
				"source":"2,3,4"
			}
		],
		"maxvisualdate":[
			{
				"value":"2016/12/02",
				"derived":true,
				"source":"2,3,4"
			}
		],
		"ra":[
			{
				"value":"03:37:34.30",
				"u_value":"hours",
				"source":"2"
			},
			{
				"value":"03:37:34.300",
				"u_value":"hours",
				"source":"2,3"
			}
		],
		"photometry":[
			{
				"time":"57724.5",
				"magnitude":"18.5",
				"u_time":"MJD",
				"source":"2,3"
			}
		]
	}
}