{
	"AT2016ewr":{
		"schema":"https://github.com/astrocatalogs/supernovae/blob/a0bc0b9/SCHEMA.md",
		"name":"AT2016ewr",
		"sources":[
			{
				"name":"2011ApJ...737..103S",
				"bibcode":"2011ApJ...737..103S",
				"reference":"Schlafly & Finkbeiner (2011)",
				"alias":"1"
			},
			{
				"name":"Transient Name Server",
				"url":"https://wis-tns.weizmann.ac.il/",
				"alias":"2"
			},
			{
				"name":"Latest Supernovae",
				"secondary":true,
				"url":"http://www.rochesterastronomy.org/snimages/snredshiftall.html",
				"alias":"3"
			},
			{
				"name":"The Open Supernova Catalog",
				"bibcode":"2017ApJ...835...64G",
				"reference":"Guillochon et al. (2017)",
				"secondary":true,
				"url":"https://sne.space",
				"alias":"4"
			}
		],
		"alias":[
			{
				"value":"AT2016ewr",
				"source":"2,3"
			},
			{
				"value":"kait-16au",
				"source":"2,3"
			}
		],
		"claimedtype":[
			{
				"value":"Candidate",
				"source":"4"
			}
		],
		"dec":[
			{
				"value":"+12:26:17.66",
				"u_value":"degrees",
				"source":"2,3"
			}
		],
		"discoverdate":[
			{
				"value":"2016/08/11.237072",
				"source":"2"
			}
		],
		"discoverer":[
			{
				"value":"LOSS",
				"source":"2,3"
			}
		],
		"ebv":[
			{
				"value":"0.1892",
				"derived":true,
				"e_value":"0.0076",
				"source":"1,4"
			}
		],
		"host":[
			{
				"value":"UGC 11214",
				"source":"2,3"
			}
		],
		"maxappmag":[
			{
				"value":"18.1",
				"derived":true,
				"source":"2,4"
			}
		],
		"maxband":[
			{
				"value":"C",
				"derived":true,
				"source":"2,4"
			}
		],
		"maxdate":[
			{
				"value":"2016/08/11",
				"derived":true,
				"source":"2,4"
			}
		],
		"maxvisualappmag":[
			{
				"value":"18.1",
				"derived":true,
				"source":"2,4"
			}
		],
		"maxvisualband":[
			{
				"value":"C",
				"derived":true,
				"source":"2,4"
			}
		],
		"maxvisualdate":[
			{
				"value":"2016/08/11",
				"derived":true,
				"source":"2,4"
			}
		],
		"ra":[
			{
				"value":"18:22:38.07",
				"u_value":"hours",
				"source":"2"
			},
			{
				"value":"18:22:38.070",
				"u_value":"hours",
				"source":"2,3"
			}
		],
		"photometry":[
			{
				"time":"57610.2490741",
				"band":"C",
				"magnitude":"19.5",
				"observer":"KAIT",
				"system":"Vega",
				"u_time":"MJD",
				"upperlimit":true,
				"source":"2"
			},
			{
				"time":"57611.2370718",
				"band":"C",
				"e_magnitude":"0.1",
				"magnitude":"18.1",
				"observer":"KAIT",
				"system":"Vega",
				"u_time":"MJD",
				"source":"2"
			}
		]
	}
}