{
	"AT2016god":{
		"schema":"https://github.com/astrocatalogs/supernovae/blob/a0bc0b9/SCHEMA.md",
		"name":"AT2016god",
		"sources":[
			{
				"name":"2011ApJ...737..103S",
				"bibcode":"2011ApJ...737..103S",
				"reference":"Schlafly & Finkbeiner (2011)",
				"alias":"1"
			},
			{
				"name":"Transient Name Server",
				"url":"https://wis-tns.weizmann.ac.il/",
				"alias":"2"
			},
			{
				"name":"Pan-STARRS 3Pi",
				"url":"http://star.pst.qub.ac.uk/ps1threepi/psdb/public/",
				"alias":"3"
			},
			{
				"name":"Latest Supernovae",
				"secondary":true,
				"url":"http://www.rochesterastronomy.org/snimages/snredshiftall.html",
				"alias":"4"
			},
			{
				"name":"The Open Supernova Catalog",
				"bibcode":"2017ApJ...835...64G",
				"reference":"Guillochon et al. (2017)",
				"secondary":true,
				"url":"https://sne.space",
				"alias":"5"
			}
		],
		"alias":[
			{
				"value":"AT2016god",
				"source":"2,3,4"
			},
			{
				"value":"PS16elc",
				"source":"2,3,4"
			}
		],
		"claimedtype":[
			{
				"value":"Candidate",
				"source":"5"
			}
		],
		"dec":[
			{
				"value":"-24:42:28.75",
				"u_value":"degrees",
				"source":"2,3,4"
			},
			{
				"value":"-24:42:28.7",
				"u_value":"degrees",
				"source":"3"
			}
		],
		"discoverdate":[
			{
				"value":"2016/09/21.571991",
				"source":"2"
			}
		],
		"discoverer":[
			{
				"value":"Pan-STARRS1",
				"source":"2"
			},
			{
				"value":"Gaia",
				"source":"3,4"
			}
		],
		"ebv":[
			{
				"value":"0.0238",
				"derived":true,
				"e_value":"0.0002",
				"source":"1,5"
			}
		],
		"host":[
			{
				"value":"APMUKS(BJ) B044608.08-244735.4",
				"source":"3"
			}
		],
		"maxappmag":[
			{
				"value":"19.79",
				"derived":true,
				"source":"3,5"
			}
		],
		"maxband":[
			{
				"value":"r",
				"derived":true,
				"source":"3,5"
			}
		],
		"maxdate":[
			{
				"value":"2016/09/21",
				"derived":true,
				"source":"3,5"
			}
		],
		"maxvisualappmag":[
			{
				"value":"19.79",
				"derived":true,
				"source":"3,5"
			}
		],
		"maxvisualband":[
			{
				"value":"r",
				"derived":true,
				"source":"3,5"
			}
		],
		"maxvisualdate":[
			{
				"value":"2016/09/21",
				"derived":true,
				"source":"3,5"
			}
		],
		"ra":[
			{
				"value":"04:48:13.08",
				"u_value":"hours",
				"source":"2"
			},
			{
				"value":"04:48:13.080",
				"u_value":"hours",
				"source":"3,4"
			},
			{
				"value":"04:48:13.07",
				"u_value":"hours",
				"source":"3"
			}
		],
		"photometry":[
			{
				"time":"57652.0719907",
				"band":"r",
				"e_magnitude":"0.1",
				"instrument":"GPC1",
				"magnitude":"19.97",
				"observer":"Robot",
				"telescope":"PS1",
				"u_time":"MJD",
				"source":"2"
			},
			{
				"time":"57652.5719410037",
				"band":"r",
				"e_magnitude":"0.101134",
				"instrument":"GPC",
				"magnitude":"19.9682",
				"telescope":"Pan-STARRS1",
				"u_time":"MJD",
				"source":"3"
			},
			{
				"time":"57652.5816170235",
				"band":"r",
				"e_magnitude":"0.0899948",
				"instrument":"GPC",
				"magnitude":"19.8628",
				"telescope":"Pan-STARRS1",
				"u_time":"MJD",
				"source":"3"
			},
			{
				"time":"57652.5913006901",
				"band":"r",
				"e_magnitude":"0.0642469",
				"instrument":"GPC",
				"magnitude":"19.7888",
				"telescope":"Pan-STARRS1",
				"u_time":"MJD",
				"source":"3"
			},
			{
				"time":"57652.600987878",
				"band":"r",
				"e_magnitude":"0.0650587",
				"instrument":"GPC",
				"magnitude":"19.8311",
				"telescope":"Pan-STARRS1",
				"u_time":"MJD",
				"source":"3"
			},
			{
				"time":"57676.5227641162",
				"band":"i",
				"e_magnitude":"0.139888",
				"instrument":"GPC",
				"magnitude":"20.2012",
				"telescope":"Pan-STARRS1",
				"u_time":"MJD",
				"source":"3"
			}
		]
	}
}