{
	"AT2016jhc":{
		"schema":"https://github.com/astrocatalogs/supernovae/blob/a0bc0b9/SCHEMA.md",
		"name":"AT2016jhc",
		"sources":[
			{
				"name":"2011ApJ...737..103S",
				"bibcode":"2011ApJ...737..103S",
				"reference":"Schlafly & Finkbeiner (2011)",
				"alias":"1"
			},
			{
				"name":"Transient Name Server",
				"url":"https://wis-tns.weizmann.ac.il/",
				"alias":"2"
			},
			{
				"name":"SMT",
				"url":"http://www.mso.anu.edu.au/skymapper/smt/transients/tns/",
				"alias":"3"
			},
			{
				"name":"Latest Supernovae",
				"secondary":true,
				"url":"http://www.rochesterastronomy.org/snimages/snredshiftall.html",
				"alias":"4"
			},
			{
				"name":"The Open Supernova Catalog",
				"bibcode":"2017ApJ...835...64G",
				"reference":"Guillochon et al. (2017)",
				"secondary":true,
				"url":"https://sne.space",
				"alias":"5"
			}
		],
		"alias":[
			{
				"value":"AT2016jhc",
				"source":"2,3,4"
			},
			{
				"value":"SMT17bt",
				"source":"2,3,4"
			}
		],
		"claimedtype":[
			{
				"value":"Candidate",
				"source":"3"
			}
		],
		"dec":[
			{
				"value":"-20:06:26.32",
				"u_value":"degrees",
				"source":"2,4"
			},
			{
				"value":"-20:06:26.28",
				"u_value":"degrees",
				"source":"3"
			}
		],
		"discoverdate":[
			{
				"value":"2016/12/21.586991",
				"source":"2"
			}
		],
		"discoverer":[
			{
				"value":"SkyMapper",
				"source":"2,4"
			}
		],
		"ebv":[
			{
				"value":"0.0325",
				"derived":true,
				"e_value":"0.0008",
				"source":"1,5"
			}
		],
		"maxappmag":[
			{
				"value":"19.8",
				"derived":true,
				"source":"2,5"
			}
		],
		"maxband":[
			{
				"value":"r-SM",
				"derived":true,
				"source":"2,5"
			}
		],
		"maxdate":[
			{
				"value":"2016/12/21",
				"derived":true,
				"source":"2,5"
			}
		],
		"maxvisualappmag":[
			{
				"value":"19.8",
				"derived":true,
				"source":"2,5"
			}
		],
		"maxvisualband":[
			{
				"value":"r-SM",
				"derived":true,
				"source":"2,5"
			}
		],
		"maxvisualdate":[
			{
				"value":"2016/12/21",
				"derived":true,
				"source":"2,5"
			}
		],
		"ra":[
			{
				"value":"02:43:20.46",
				"u_value":"hours",
				"source":"2"
			},
			{
				"value":"02:43:20.460",
				"u_value":"hours",
				"source":"2,4"
			},
			{
				"value":"02:43:20.472",
				"u_value":"hours",
				"source":"3"
			}
		],
		"photometry":[
			{
				"time":"57739.6039931",
				"band":"r-SM",
				"instrument":"SM-WFCam",
				"magnitude":"19.85",
				"observer":"Skymapper Transient Survey",
				"telescope":"SkyMapper 1.35m",
				"u_time":"MJD",
				"upperlimit":true,
				"source":"2"
			},
			{
				"time":"57743.5869907",
				"band":"r-SM",
				"instrument":"SM-WFCam",
				"magnitude":"19.8",
				"telescope":"SkyMapper 1.35m",
				"u_time":"MJD",
				"source":"2"
			}
		]
	}
}