{
	"AT2016frq":{
		"schema":"https://github.com/astrocatalogs/supernovae/blob/a0bc0b9/SCHEMA.md",
		"name":"AT2016frq",
		"sources":[
			{
				"name":"2011ApJ...737..103S",
				"bibcode":"2011ApJ...737..103S",
				"reference":"Schlafly & Finkbeiner (2011)",
				"alias":"1"
			},
			{
				"name":"Transient Name Server",
				"url":"https://wis-tns.weizmann.ac.il/",
				"alias":"2"
			},
			{
				"name":"Latest Supernovae",
				"secondary":true,
				"url":"http://www.rochesterastronomy.org/snimages/snredshiftall.html",
				"alias":"3"
			},
			{
				"name":"The Open Supernova Catalog",
				"bibcode":"2017ApJ...835...64G",
				"reference":"Guillochon et al. (2017)",
				"secondary":true,
				"url":"https://sne.space",
				"alias":"4"
			}
		],
		"alias":[
			{
				"value":"AT2016frq",
				"source":"2,3"
			},
			{
				"value":"PTSS-16nfp",
				"source":"2,3"
			}
		],
		"claimedtype":[
			{
				"value":"Candidate",
				"source":"4"
			}
		],
		"dec":[
			{
				"value":"-04:30:27.77",
				"u_value":"degrees",
				"source":"2,3"
			}
		],
		"discoverdate":[
			{
				"value":"2016/09/02.733079",
				"source":"2"
			}
		],
		"discoverer":[
			{
				"value":"PTSS",
				"source":"2"
			},
			{
				"value":"PMO-Tsinghua Supernova Survey (PTSS)",
				"source":"2,3"
			}
		],
		"ebv":[
			{
				"value":"0.0601",
				"derived":true,
				"e_value":"0.0099",
				"source":"1,4"
			}
		],
		"host":[
			{
				"value":"APMUKS(BJ) B003643.81-044653.4",
				"source":"2"
			}
		],
		"maxappmag":[
			{
				"value":"19.3",
				"derived":true,
				"source":"2,4"
			}
		],
		"maxband":[
			{
				"value":"r",
				"derived":true,
				"source":"2,4"
			}
		],
		"maxdate":[
			{
				"value":"2016/09/02",
				"derived":true,
				"source":"2,4"
			}
		],
		"maxvisualappmag":[
			{
				"value":"19.3",
				"derived":true,
				"source":"2,4"
			}
		],
		"maxvisualband":[
			{
				"value":"r",
				"derived":true,
				"source":"2,4"
			}
		],
		"maxvisualdate":[
			{
				"value":"2016/09/02",
				"derived":true,
				"source":"2,4"
			}
		],
		"ra":[
			{
				"value":"00:39:16.61",
				"u_value":"hours",
				"source":"2"
			},
			{
				"value":"00:39:16.610",
				"u_value":"hours",
				"source":"2,3"
			}
		],
		"photometry":[
			{
				"time":"57633.2330787",
				"band":"r",
				"e_magnitude":"0.1",
				"instrument":"STA1600",
				"magnitude":"19.3",
				"observer":"Bin Li",
				"system":"Vega",
				"telescope":"CNEOST",
				"u_time":"MJD",
				"source":"2"
			}
		]
	}
}