{
	"AT2016iuy":{
		"schema":"https://github.com/astrocatalogs/supernovae/blob/a0bc0b9/SCHEMA.md",
		"name":"AT2016iuy",
		"sources":[
			{
				"name":"2011ApJ...737..103S",
				"bibcode":"2011ApJ...737..103S",
				"reference":"Schlafly & Finkbeiner (2011)",
				"alias":"1"
			},
			{
				"name":"Transient Name Server",
				"url":"https://wis-tns.weizmann.ac.il/",
				"alias":"2"
			},
			{
				"name":"Latest Supernovae",
				"secondary":true,
				"url":"http://www.rochesterastronomy.org/snimages/snredshiftall.html",
				"alias":"3"
			},
			{
				"name":"The Open Supernova Catalog",
				"bibcode":"2017ApJ...835...64G",
				"reference":"Guillochon et al. (2017)",
				"secondary":true,
				"url":"https://sne.space",
				"alias":"4"
			}
		],
		"alias":[
			{
				"value":"AT2016iuy",
				"source":"2,3"
			},
			{
				"value":"SMT16abgg",
				"source":"2,3"
			}
		],
		"claimedtype":[
			{
				"value":"Candidate",
				"source":"4"
			}
		],
		"dec":[
			{
				"value":"-12:05:15.58",
				"u_value":"degrees",
				"source":"2,3"
			}
		],
		"discoverdate":[
			{
				"value":"2016/09/27.465995",
				"source":"2"
			}
		],
		"discoverer":[
			{
				"value":"SkyMapper",
				"source":"2,3"
			}
		],
		"ebv":[
			{
				"value":"0.0345",
				"derived":true,
				"e_value":"0.0002",
				"source":"1,4"
			}
		],
		"maxappmag":[
			{
				"value":"19.6",
				"derived":true,
				"source":"2,4"
			}
		],
		"maxband":[
			{
				"value":"g-SM",
				"derived":true,
				"source":"2,4"
			}
		],
		"maxdate":[
			{
				"value":"2016/09/27",
				"derived":true,
				"source":"2,4"
			}
		],
		"maxvisualappmag":[
			{
				"value":"19.6",
				"derived":true,
				"source":"2,4"
			}
		],
		"maxvisualband":[
			{
				"value":"g-SM",
				"derived":true,
				"source":"2,4"
			}
		],
		"maxvisualdate":[
			{
				"value":"2016/09/27",
				"derived":true,
				"source":"2,4"
			}
		],
		"ra":[
			{
				"value":"22:53:51.61",
				"u_value":"hours",
				"source":"2"
			},
			{
				"value":"22:53:51.610",
				"u_value":"hours",
				"source":"2,3"
			}
		],
		"photometry":[
			{
				"time":"57656.1989931",
				"band":"g-SM",
				"instrument":"SM-WFCam",
				"magnitude":"19.7",
				"observer":"SkyMapper Transient Survey",
				"telescope":"SkyMapper 1.35m",
				"u_time":"MJD",
				"upperlimit":true,
				"source":"2"
			},
			{
				"time":"57658.4659954",
				"band":"g-SM",
				"instrument":"SM-WFCam",
				"magnitude":"19.6",
				"telescope":"SkyMapper 1.35m",
				"u_time":"MJD",
				"source":"2"
			}
		]
	}
}