{
	"AT2016goc":{
		"schema":"https://github.com/astrocatalogs/supernovae/blob/a0bc0b9/SCHEMA.md",
		"name":"AT2016goc",
		"sources":[
			{
				"name":"2011ApJ...737..103S",
				"bibcode":"2011ApJ...737..103S",
				"reference":"Schlafly & Finkbeiner (2011)",
				"alias":"1"
			},
			{
				"name":"Transient Name Server",
				"url":"https://wis-tns.weizmann.ac.il/",
				"alias":"2"
			},
			{
				"name":"Pan-STARRS 3Pi",
				"url":"http://star.pst.qub.ac.uk/ps1threepi/psdb/public/",
				"alias":"3"
			},
			{
				"name":"Latest Supernovae",
				"secondary":true,
				"url":"http://www.rochesterastronomy.org/snimages/snredshiftall.html",
				"alias":"4"
			},
			{
				"name":"The Open Supernova Catalog",
				"bibcode":"2017ApJ...835...64G",
				"reference":"Guillochon et al. (2017)",
				"secondary":true,
				"url":"https://sne.space",
				"alias":"5"
			}
		],
		"alias":[
			{
				"value":"AT2016goc",
				"source":"2,3,4"
			},
			{
				"value":"PS16ela",
				"source":"2,3,4"
			}
		],
		"claimedtype":[
			{
				"value":"Candidate",
				"source":"5"
			}
		],
		"dec":[
			{
				"value":"-26:47:00.11",
				"u_value":"degrees",
				"source":"2,3,4"
			},
			{
				"value":"-26:47:00.1",
				"u_value":"degrees",
				"source":"3"
			}
		],
		"discoverdate":[
			{
				"value":"2016/09/21.418993",
				"source":"2"
			}
		],
		"discoverer":[
			{
				"value":"Pan-STARRS1",
				"source":"2"
			},
			{
				"value":"Gaia",
				"source":"3,4"
			}
		],
		"ebv":[
			{
				"value":"0.0166",
				"derived":true,
				"e_value":"0.0002",
				"source":"1,5"
			}
		],
		"maxappmag":[
			{
				"value":"20.21",
				"derived":true,
				"source":"3,5"
			}
		],
		"maxband":[
			{
				"value":"r",
				"derived":true,
				"source":"3,5"
			}
		],
		"maxdate":[
			{
				"value":"2016/09/21",
				"derived":true,
				"source":"3,5"
			}
		],
		"maxvisualappmag":[
			{
				"value":"20.21",
				"derived":true,
				"source":"3,5"
			}
		],
		"maxvisualband":[
			{
				"value":"r",
				"derived":true,
				"source":"3,5"
			}
		],
		"maxvisualdate":[
			{
				"value":"2016/09/21",
				"derived":true,
				"source":"3,5"
			}
		],
		"ra":[
			{
				"value":"00:57:11.29",
				"u_value":"hours",
				"source":"2,3"
			},
			{
				"value":"00:57:11.290",
				"u_value":"hours",
				"source":"3,4"
			}
		],
		"photometry":[
			{
				"time":"57652.4189931",
				"band":"r",
				"e_magnitude":"0.15",
				"instrument":"GPC1",
				"magnitude":"20.44",
				"observer":"Robot",
				"telescope":"PS1",
				"u_time":"MJD",
				"source":"2"
			},
			{
				"time":"57652.419266595",
				"band":"r",
				"e_magnitude":"0.145097",
				"instrument":"GPC",
				"magnitude":"20.4379",
				"telescope":"Pan-STARRS1",
				"u_time":"MJD",
				"source":"3"
			},
			{
				"time":"57652.4289186708",
				"band":"r",
				"e_magnitude":"0.160793",
				"instrument":"GPC",
				"magnitude":"20.3139",
				"telescope":"Pan-STARRS1",
				"u_time":"MJD",
				"source":"3"
			},
			{
				"time":"57652.4385805921",
				"band":"r",
				"e_magnitude":"0.106664",
				"instrument":"GPC",
				"magnitude":"20.2114",
				"telescope":"Pan-STARRS1",
				"u_time":"MJD",
				"source":"3"
			},
			{
				"time":"57652.4482357986",
				"band":"r",
				"e_magnitude":"0.144615",
				"instrument":"GPC",
				"magnitude":"20.2405",
				"telescope":"Pan-STARRS1",
				"u_time":"MJD",
				"source":"3"
			}
		]
	}
}