{
	"AT2017aty":{
		"schema":"https://github.com/astrocatalogs/supernovae/blob/a0bc0b9/SCHEMA.md",
		"name":"AT2017aty",
		"sources":[
			{
				"name":"2011ApJ...737..103S",
				"bibcode":"2011ApJ...737..103S",
				"reference":"Schlafly & Finkbeiner (2011)",
				"alias":"1"
			},
			{
				"name":"Transient Name Server",
				"url":"https://wis-tns.weizmann.ac.il/",
				"alias":"2"
			},
			{
				"name":"SMT",
				"url":"http://www.mso.anu.edu.au/skymapper/smt/transients/tns/",
				"alias":"3"
			},
			{
				"name":"Latest Supernovae",
				"secondary":true,
				"url":"http://www.rochesterastronomy.org/snimages/snredshiftall.html",
				"alias":"4"
			},
			{
				"name":"The Open Supernova Catalog",
				"bibcode":"2017ApJ...835...64G",
				"reference":"Guillochon et al. (2017)",
				"secondary":true,
				"url":"https://sne.space",
				"alias":"5"
			}
		],
		"alias":[
			{
				"value":"AT2017aty",
				"source":"2,3,4"
			},
			{
				"value":"SMT17ahr",
				"source":"2,3,4"
			}
		],
		"claimedtype":[
			{
				"value":"Candidate",
				"source":"3"
			}
		],
		"dec":[
			{
				"value":"-53:54:40.64",
				"u_value":"degrees",
				"source":"2,4"
			},
			{
				"value":"-53:54:40.68",
				"u_value":"degrees",
				"source":"3"
			}
		],
		"discoverdate":[
			{
				"value":"2017/02/11.580995",
				"source":"2"
			}
		],
		"discoverer":[
			{
				"value":"SkyMapper",
				"source":"2,4"
			}
		],
		"ebv":[
			{
				"value":"0.0094",
				"derived":true,
				"e_value":"0.0006",
				"source":"1,5"
			}
		],
		"maxappmag":[
			{
				"value":"16.65",
				"derived":true,
				"source":"2,5"
			}
		],
		"maxband":[
			{
				"value":"g-SM",
				"derived":true,
				"source":"2,5"
			}
		],
		"maxdate":[
			{
				"value":"2017/02/11",
				"derived":true,
				"source":"2,5"
			}
		],
		"maxvisualappmag":[
			{
				"value":"16.65",
				"derived":true,
				"source":"2,5"
			}
		],
		"maxvisualband":[
			{
				"value":"g-SM",
				"derived":true,
				"source":"2,5"
			}
		],
		"maxvisualdate":[
			{
				"value":"2017/02/11",
				"derived":true,
				"source":"2,5"
			}
		],
		"ra":[
			{
				"value":"04:15:02.73",
				"u_value":"hours",
				"source":"2"
			},
			{
				"value":"04:15:02.730",
				"u_value":"hours",
				"source":"2,4"
			},
			{
				"value":"04:15:02.736",
				"u_value":"hours",
				"source":"3"
			}
		],
		"photometry":[
			{
				"time":"57768.57",
				"band":"r-SM",
				"instrument":"SM-WFCam",
				"magnitude":"19.34",
				"observer":"Skymapper Transient Survey",
				"telescope":"SkyMapper 1.35m",
				"u_time":"MJD",
				"upperlimit":true,
				"source":"2"
			},
			{
				"time":"57795.5809954",
				"band":"g-SM",
				"instrument":"SM-WFCam",
				"magnitude":"16.65",
				"telescope":"SkyMapper 1.35m",
				"u_time":"MJD",
				"source":"2"
			}
		]
	}
}