{
	"AT2016eyv":{
		"schema":"https://github.com/astrocatalogs/supernovae/blob/a0bc0b9/SCHEMA.md",
		"name":"AT2016eyv",
		"sources":[
			{
				"name":"2011ApJ...737..103S",
				"bibcode":"2011ApJ...737..103S",
				"reference":"Schlafly & Finkbeiner (2011)",
				"alias":"1"
			},
			{
				"name":"Transient Name Server",
				"url":"https://wis-tns.weizmann.ac.il/",
				"alias":"2"
			},
			{
				"name":"Latest Supernovae",
				"secondary":true,
				"url":"http://www.rochesterastronomy.org/snimages/snredshiftall.html",
				"alias":"3"
			},
			{
				"name":"The Open Supernova Catalog",
				"bibcode":"2017ApJ...835...64G",
				"reference":"Guillochon et al. (2017)",
				"secondary":true,
				"url":"https://sne.space",
				"alias":"4"
			}
		],
		"alias":[
			{
				"value":"AT2016eyv",
				"source":"2,3"
			}
		],
		"claimedtype":[
			{
				"value":"Candidate",
				"source":"4"
			}
		],
		"dec":[
			{
				"value":"+56:57:53.20",
				"u_value":"degrees",
				"source":"2,3"
			}
		],
		"discoverdate":[
			{
				"value":"2016/08/08.938715",
				"source":"2"
			}
		],
		"discoverer":[
			{
				"value":"RANSSP",
				"source":"2"
			},
			{
				"value":"Grzegorz Duszanowicz and Michal Zolnowski",
				"source":"2,3"
			}
		],
		"ebv":[
			{
				"value":"0.0314",
				"derived":true,
				"e_value":"0.0003",
				"source":"1,4"
			}
		],
		"host":[
			{
				"value":"MCG +10-25-56",
				"source":"2,3"
			}
		],
		"maxappmag":[
			{
				"value":"18.1",
				"derived":true,
				"source":"2,3,4"
			}
		],
		"maxdate":[
			{
				"value":"2016/08/23",
				"derived":true,
				"source":"2,3,4"
			}
		],
		"maxvisualappmag":[
			{
				"value":"18.1",
				"derived":true,
				"source":"2,3,4"
			}
		],
		"maxvisualdate":[
			{
				"value":"2016/08/23",
				"derived":true,
				"source":"2,3,4"
			}
		],
		"ra":[
			{
				"value":"17:30:45.52",
				"u_value":"hours",
				"source":"2"
			},
			{
				"value":"17:30:45.520",
				"u_value":"hours",
				"source":"2,3"
			}
		],
		"photometry":[
			{
				"time":"57266.3740046",
				"band":"L",
				"magnitude":"19.5",
				"observer":"G.Duszanowicz",
				"system":"Vega",
				"u_time":"MJD",
				"upperlimit":true,
				"source":"2"
			},
			{
				"time":"57608.4387153",
				"band":"L",
				"magnitude":"18.6",
				"observer":"G.Duszanowicz",
				"system":"Vega",
				"u_time":"MJD",
				"source":"2"
			},
			{
				"time":"57608.4390509",
				"band":"L",
				"magnitude":"18.9",
				"observer":"G.Duszanowicz",
				"system":"Vega",
				"u_time":"MJD",
				"source":"2"
			},
			{
				"time":"57613.4026389",
				"band":"L",
				"magnitude":"18.7",
				"observer":"G.Duszanowicz",
				"system":"Vega",
				"u_time":"MJD",
				"source":"2"
			},
			{
				"time":"57613.4030903",
				"band":"L",
				"magnitude":"18.5",
				"observer":"G.Duszanowicz",
				"system":"Vega",
				"u_time":"MJD",
				"source":"2"
			},
			{
				"time":"57623.5",
				"magnitude":"18.1",
				"u_time":"MJD",
				"source":"2,3"
			}
		]
	}
}