{
	"AT2016gvh":{
		"schema":"https://github.com/astrocatalogs/supernovae/blob/a0bc0b9/SCHEMA.md",
		"name":"AT2016gvh",
		"sources":[
			{
				"name":"2011ApJ...737..103S",
				"bibcode":"2011ApJ...737..103S",
				"reference":"Schlafly & Finkbeiner (2011)",
				"alias":"1"
			},
			{
				"name":"Transient Name Server",
				"url":"https://wis-tns.weizmann.ac.il/",
				"alias":"2"
			},
			{
				"name":"Pan-STARRS 3Pi",
				"url":"http://psweb.mp.qub.ac.uk/ps1threepi/psdb/",
				"alias":"3"
			},
			{
				"name":"Latest Supernovae",
				"secondary":true,
				"url":"http://www.rochesterastronomy.org/snimages/snredshiftall.html",
				"alias":"4"
			},
			{
				"name":"The Open Supernova Catalog",
				"bibcode":"2017ApJ...835...64G",
				"reference":"Guillochon et al. (2017)",
				"secondary":true,
				"url":"https://sne.space",
				"alias":"5"
			}
		],
		"alias":[
			{
				"value":"AT2016gvh",
				"source":"2,3,4"
			},
			{
				"value":"PTSS-16ppp",
				"source":"2,4"
			},
			{
				"value":"PS16esu",
				"source":"2,4"
			}
		],
		"claimedtype":[
			{
				"value":"Candidate",
				"source":"5"
			}
		],
		"dec":[
			{
				"value":"+07:53:19.75",
				"u_value":"degrees",
				"source":"2,4"
			},
			{
				"value":"+07:53:20.3",
				"u_value":"degrees",
				"source":"3"
			}
		],
		"discoverdate":[
			{
				"value":"2016/10/03.732245",
				"source":"2"
			}
		],
		"discoverer":[
			{
				"value":"PTSS",
				"source":"2"
			},
			{
				"value":"PMO-Tsinghua Supernova Survey (PTSS)",
				"source":"2,4"
			}
		],
		"ebv":[
			{
				"value":"0.0789",
				"derived":true,
				"e_value":"0.0095",
				"source":"1,5"
			}
		],
		"host":[
			{
				"value":"SDSS J014833.57+075320.4",
				"source":"2"
			}
		],
		"hostdec":[
			{
				"value":"+07:53:20.4",
				"derived":true,
				"u_value":"degrees",
				"source":"5"
			}
		],
		"hostoffsetang":[
			{
				"value":"1.103",
				"derived":true,
				"u_value":"arcseconds",
				"source":"2,4,5"
			}
		],
		"hostra":[
			{
				"value":"01:48:33.57",
				"derived":true,
				"u_value":"hours",
				"source":"5"
			}
		],
		"maxappmag":[
			{
				"value":"19",
				"derived":true,
				"source":"2,5"
			}
		],
		"maxband":[
			{
				"value":"r",
				"derived":true,
				"source":"2,5"
			}
		],
		"maxdate":[
			{
				"value":"2016/10/03",
				"derived":true,
				"source":"2,5"
			}
		],
		"maxvisualappmag":[
			{
				"value":"19",
				"derived":true,
				"source":"2,5"
			}
		],
		"maxvisualband":[
			{
				"value":"r",
				"derived":true,
				"source":"2,5"
			}
		],
		"maxvisualdate":[
			{
				"value":"2016/10/03",
				"derived":true,
				"source":"2,5"
			}
		],
		"ra":[
			{
				"value":"01:48:33.63",
				"u_value":"hours",
				"source":"2"
			},
			{
				"value":"01:48:33.630",
				"u_value":"hours",
				"source":"2,4"
			},
			{
				"value":"01:48:33.62",
				"u_value":"hours",
				"source":"3"
			}
		],
		"photometry":[
			{
				"time":"57664.2322454",
				"band":"r",
				"e_magnitude":"0.1",
				"instrument":"STA1600",
				"magnitude":"19",
				"observer":"Bin Li",
				"system":"Vega",
				"telescope":"CNEOST",
				"u_time":"MJD",
				"source":"2"
			},
			{
				"time":"57685.4729977",
				"band":"i",
				"e_magnitude":"0.17",
				"instrument":"GPC1",
				"magnitude":"19.58",
				"observer":"Robot",
				"telescope":"PS1",
				"u_time":"MJD",
				"source":"2"
			},
			{
				"time":"57685.4734025548",
				"band":"i",
				"e_magnitude":"0.173833",
				"instrument":"GPC",
				"magnitude":"19.5782",
				"telescope":"Pan-STARRS1",
				"u_time":"MJD",
				"source":"3"
			},
			{
				"time":"57685.4978335929",
				"band":"i",
				"e_magnitude":"0.13803",
				"instrument":"GPC",
				"magnitude":"19.6245",
				"telescope":"Pan-STARRS1",
				"u_time":"MJD",
				"source":"3"
			},
			{
				"time":"57736.3248599971",
				"band":"i",
				"e_magnitude":"0.103191",
				"instrument":"GPC",
				"magnitude":"19.811",
				"telescope":"Pan-STARRS1",
				"u_time":"MJD",
				"source":"3"
			},
			{
				"time":"57736.3361212408",
				"band":"i",
				"e_magnitude":"0.0940772",
				"instrument":"GPC",
				"magnitude":"19.7317",
				"telescope":"Pan-STARRS1",
				"u_time":"MJD",
				"source":"3"
			},
			{
				"time":"57736.3473207214",
				"band":"i",
				"e_magnitude":"0.134118",
				"instrument":"GPC",
				"magnitude":"19.7093",
				"telescope":"Pan-STARRS1",
				"u_time":"MJD",
				"source":"3"
			},
			{
				"time":"57736.3585464927",
				"band":"i",
				"e_magnitude":"0.144772",
				"instrument":"GPC",
				"magnitude":"19.7609",
				"telescope":"Pan-STARRS1",
				"u_time":"MJD",
				"source":"3"
			}
		]
	}
}