{
	"AT2016cph":{
		"schema":"https://github.com/astrocatalogs/supernovae/blob/a0bc0b9/SCHEMA.md",
		"name":"AT2016cph",
		"sources":[
			{
				"name":"ATel 9110",
				"bibcode":"2016ATel.9110....1T",
				"reference":"Tonry et al. (2016)",
				"url":"http://www.astronomerstelegram.org/?read=9110",
				"alias":"1"
			},
			{
				"name":"2016A&A...594A..13P",
				"bibcode":"2016A&A...594A..13P",
				"reference":"Planck Collaboration et al. (2016)",
				"alias":"2"
			},
			{
				"name":"2011ApJ...737..103S",
				"bibcode":"2011ApJ...737..103S",
				"reference":"Schlafly & Finkbeiner (2011)",
				"alias":"3"
			},
			{
				"name":"Transient Name Server",
				"url":"https://wis-tns.weizmann.ac.il/",
				"alias":"4"
			},
			{
				"name":"Latest Supernovae",
				"secondary":true,
				"url":"http://www.rochesterastronomy.org/snimages/snredshiftall.html",
				"alias":"5"
			},
			{
				"name":"The Open Supernova Catalog",
				"bibcode":"2017ApJ...835...64G",
				"reference":"Guillochon et al. (2017)",
				"secondary":true,
				"url":"https://sne.space",
				"alias":"6"
			}
		],
		"alias":[
			{
				"value":"AT2016cph",
				"source":"1,4,5"
			},
			{
				"value":"ATLAS16ays",
				"source":"1,4,5"
			}
		],
		"claimedtype":[
			{
				"value":"Candidate",
				"source":"6"
			}
		],
		"comovingdist":[
			{
				"value":"85.38",
				"derived":true,
				"u_value":"Mpc",
				"source":"1,2,5,6"
			}
		],
		"dec":[
			{
				"value":"-00:49:43.25",
				"u_value":"degrees",
				"source":"1,4,5"
			}
		],
		"discoverdate":[
			{
				"value":"2016/05/30.58",
				"source":"4"
			}
		],
		"discoverer":[
			{
				"value":"ATLAS",
				"source":"1,4,5"
			}
		],
		"ebv":[
			{
				"value":"0.0556",
				"derived":true,
				"e_value":"0.0019",
				"source":"3,6"
			}
		],
		"host":[
			{
				"value":"NGC 7047",
				"source":"1,5"
			}
		],
		"lumdist":[
			{
				"value":"87.037",
				"derived":true,
				"u_value":"Mpc",
				"source":"1,2,5,6"
			}
		],
		"maxabsmag":[
			{
				"value":"-16.138",
				"derived":true,
				"source":"1,2,5,6"
			}
		],
		"maxappmag":[
			{
				"value":"18.54",
				"derived":true,
				"source":"4,6"
			}
		],
		"maxband":[
			{
				"value":"cyan",
				"derived":true,
				"source":"4,6"
			}
		],
		"maxdate":[
			{
				"value":"2016/05/30",
				"derived":true,
				"source":"4,6"
			}
		],
		"maxvisualabsmag":[
			{
				"value":"-16.159",
				"derived":true,
				"source":"1,2,5,6"
			}
		],
		"maxvisualappmag":[
			{
				"value":"18.54",
				"derived":true,
				"source":"4,6"
			}
		],
		"maxvisualband":[
			{
				"value":"cyan",
				"derived":true,
				"source":"4,6"
			}
		],
		"maxvisualdate":[
			{
				"value":"2016/05/30",
				"derived":true,
				"source":"4,6"
			}
		],
		"ra":[
			{
				"value":"21:16:24.20",
				"u_value":"hours",
				"source":"4"
			},
			{
				"value":"21:16:24.200",
				"u_value":"hours",
				"source":"1,5"
			}
		],
		"redshift":[
			{
				"value":"0.01938",
				"source":"1,5"
			}
		],
		"velocity":[
			{
				"value":"5754",
				"u_value":"km/s",
				"source":"6"
			}
		],
		"photometry":[
			{
				"time":"57383.21",
				"band":"orange",
				"instrument":"ACAM1",
				"magnitude":"18.35",
				"observer":"Robot",
				"telescope":"ATLAS1",
				"u_time":"MJD",
				"upperlimit":true,
				"source":"4"
			},
			{
				"time":"57538.08",
				"band":"cyan",
				"e_magnitude":"0.16",
				"instrument":"ACAM1",
				"magnitude":"18.54",
				"observer":"Robot",
				"telescope":"ATLAS1",
				"u_time":"MJD",
				"source":"4"
			}
		]
	}
}