{
	"AT2016gdp":{
		"schema":"https://github.com/astrocatalogs/supernovae/blob/a0bc0b9/SCHEMA.md",
		"name":"AT2016gdp",
		"sources":[
			{
				"name":"ATel 9466",
				"bibcode":"2016ATel.9466....1B",
				"reference":"Balanutsa et al. (2016)",
				"url":"http://www.astronomerstelegram.org/?read=9466",
				"alias":"1"
			},
			{
				"name":"2011ApJ...737..103S",
				"bibcode":"2011ApJ...737..103S",
				"reference":"Schlafly & Finkbeiner (2011)",
				"alias":"2"
			},
			{
				"name":"Transient Name Server",
				"url":"https://wis-tns.weizmann.ac.il/",
				"alias":"3"
			},
			{
				"name":"Pan-STARRS 3Pi",
				"url":"http://psweb.mp.qub.ac.uk/ps1threepi/psdb/",
				"alias":"4"
			},
			{
				"name":"Latest Supernovae",
				"secondary":true,
				"url":"http://www.rochesterastronomy.org/snimages/snredshiftall.html",
				"alias":"5"
			},
			{
				"name":"The Open Supernova Catalog",
				"bibcode":"2017ApJ...835...64G",
				"reference":"Guillochon et al. (2017)",
				"secondary":true,
				"url":"https://sne.space",
				"alias":"6"
			}
		],
		"alias":[
			{
				"value":"AT2016gdp",
				"source":"1,3,4,5"
			},
			{
				"value":"PTSS-16old",
				"source":"1,3,5"
			},
			{
				"value":"MASTER OT J233608.12+223233.1",
				"source":"1,5"
			},
			{
				"value":"PS16ejj",
				"source":"1,5"
			},
			{
				"value":"MASTER OT JJ233608.12+223233.1",
				"source":"1,4"
			}
		],
		"claimedtype":[
			{
				"value":"Candidate",
				"source":"6"
			}
		],
		"dec":[
			{
				"value":"+22:32:33.43",
				"u_value":"degrees",
				"source":"3"
			},
			{
				"value":"+22:32:33.10",
				"u_value":"degrees",
				"source":"1,5"
			},
			{
				"value":"+22:32:33.1",
				"u_value":"degrees",
				"source":"1,4"
			}
		],
		"discoverdate":[
			{
				"value":"2016/09/20.604769",
				"source":"3"
			}
		],
		"discoverer":[
			{
				"value":"PTSS",
				"source":"3"
			},
			{
				"value":"MASTER",
				"source":"1,5"
			}
		],
		"ebv":[
			{
				"value":"0.0492",
				"derived":true,
				"e_value":"0.0021",
				"source":"2,6"
			}
		],
		"host":[
			{
				"value":"2MASX J23360901+2232428",
				"source":"1,3,4"
			},
			{
				"value":"PGC 1671957",
				"source":"1,5"
			}
		],
		"hostdec":[
			{
				"value":"+22:32:42.8",
				"derived":true,
				"u_value":"degrees",
				"source":"6"
			}
		],
		"hostoffsetang":[
			{
				"value":"15.16",
				"derived":true,
				"u_value":"arcseconds",
				"source":"3,6"
			}
		],
		"hostra":[
			{
				"value":"23:36:09.01",
				"derived":true,
				"u_value":"hours",
				"source":"6"
			}
		],
		"maxappmag":[
			{
				"value":"18.39",
				"derived":true,
				"source":"3,6"
			}
		],
		"maxband":[
			{
				"value":"R",
				"derived":true,
				"source":"3,6"
			}
		],
		"maxdate":[
			{
				"value":"2016/09/09",
				"derived":true,
				"source":"3,6"
			}
		],
		"maxvisualappmag":[
			{
				"value":"18.39",
				"derived":true,
				"source":"3,6"
			}
		],
		"maxvisualband":[
			{
				"value":"R",
				"derived":true,
				"source":"3,6"
			}
		],
		"maxvisualdate":[
			{
				"value":"2016/09/09",
				"derived":true,
				"source":"3,6"
			}
		],
		"ra":[
			{
				"value":"23:36:08.15",
				"u_value":"hours",
				"source":"3"
			},
			{
				"value":"23:36:08.120",
				"u_value":"hours",
				"source":"1,5"
			},
			{
				"value":"23:36:08.12",
				"u_value":"hours",
				"source":"1,4"
			}
		],
		"photometry":[
			{
				"time":"54832.5",
				"band":"R",
				"instrument":"CFH12k",
				"magnitude":"21.5",
				"observer":"iPTF",
				"telescope":"P48",
				"u_time":"MJD",
				"upperlimit":true,
				"source":"3"
			},
			{
				"time":"57640.4779977",
				"band":"R",
				"instrument":"CFH12k",
				"magnitude":"18.3861",
				"observer":"iPTF",
				"telescope":"P48",
				"u_time":"MJD",
				"source":"3"
			},
			{
				"time":"57650.5018011346",
				"band":"i",
				"e_magnitude":"0.0252279",
				"instrument":"GPC",
				"magnitude":"18.7579",
				"telescope":"Pan-STARRS1",
				"u_time":"MJD",
				"source":"1,4"
			},
			{
				"time":"57650.5019907",
				"band":"i",
				"e_magnitude":"0.03",
				"instrument":"GPC1",
				"magnitude":"18.76",
				"observer":"Robot",
				"telescope":"PS1",
				"u_time":"MJD",
				"source":"3"
			},
			{
				"time":"57650.5138915697",
				"band":"i",
				"e_magnitude":"0.0253425",
				"instrument":"GPC",
				"magnitude":"18.7422",
				"telescope":"Pan-STARRS1",
				"u_time":"MJD",
				"source":"1,4"
			},
			{
				"time":"57650.5259754792",
				"band":"i",
				"e_magnitude":"0.0305019",
				"instrument":"GPC",
				"magnitude":"18.7476",
				"telescope":"Pan-STARRS1",
				"u_time":"MJD",
				"source":"1,4"
			},
			{
				"time":"57650.538092956",
				"band":"i",
				"e_magnitude":"0.0305487",
				"instrument":"GPC",
				"magnitude":"18.7514",
				"telescope":"Pan-STARRS1",
				"u_time":"MJD",
				"source":"1,4"
			},
			{
				"time":"57651.1047685",
				"band":"r",
				"e_magnitude":"0.1",
				"instrument":"STA1600",
				"magnitude":"18.6",
				"observer":"Bin Li",
				"system":"Vega",
				"telescope":"CNEOST",
				"u_time":"MJD",
				"source":"3"
			},
			{
				"time":"57652.4691414567",
				"band":"r",
				"e_magnitude":"0.0182359",
				"instrument":"GPC",
				"magnitude":"18.5134",
				"telescope":"Pan-STARRS1",
				"u_time":"MJD",
				"source":"1,4"
			},
			{
				"time":"57652.482038476",
				"band":"r",
				"e_magnitude":"0.0202196",
				"instrument":"GPC",
				"magnitude":"18.5243",
				"telescope":"Pan-STARRS1",
				"u_time":"MJD",
				"source":"1,4"
			},
			{
				"time":"57652.4949164019",
				"band":"r",
				"e_magnitude":"0.0194727",
				"instrument":"GPC",
				"magnitude":"18.5115",
				"telescope":"Pan-STARRS1",
				"u_time":"MJD",
				"source":"1,4"
			},
			{
				"time":"57652.5079228347",
				"band":"r",
				"e_magnitude":"0.0275051",
				"instrument":"GPC",
				"magnitude":"18.4919",
				"telescope":"Pan-STARRS1",
				"u_time":"MJD",
				"source":"1,4"
			},
			{
				"time":"57668.2655874258",
				"band":"i",
				"e_magnitude":"0.0311779",
				"instrument":"GPC",
				"magnitude":"19.0415",
				"telescope":"Pan-STARRS1",
				"u_time":"MJD",
				"source":"1,4"
			},
			{
				"time":"57668.2767890729",
				"band":"i",
				"e_magnitude":"0.025346",
				"instrument":"GPC",
				"magnitude":"19.0281",
				"telescope":"Pan-STARRS1",
				"u_time":"MJD",
				"source":"1,4"
			},
			{
				"time":"57668.2880378543",
				"band":"i",
				"e_magnitude":"0.0269498",
				"instrument":"GPC",
				"magnitude":"19.0268",
				"telescope":"Pan-STARRS1",
				"u_time":"MJD",
				"source":"1,4"
			},
			{
				"time":"57668.2992420723",
				"band":"i",
				"e_magnitude":"0.0303703",
				"instrument":"GPC",
				"magnitude":"18.998",
				"telescope":"Pan-STARRS1",
				"u_time":"MJD",
				"source":"1,4"
			},
			{
				"time":"57678.4256312934",
				"band":"i",
				"e_magnitude":"0.09569",
				"instrument":"GPC",
				"magnitude":"19.4665",
				"telescope":"Pan-STARRS1",
				"u_time":"MJD",
				"source":"1,4"
			},
			{
				"time":"57678.4372462779",
				"band":"i",
				"e_magnitude":"0.0670181",
				"instrument":"GPC",
				"magnitude":"19.4912",
				"telescope":"Pan-STARRS1",
				"u_time":"MJD",
				"source":"1,4"
			},
			{
				"time":"57678.4605947844",
				"band":"i",
				"e_magnitude":"0.0696822",
				"instrument":"GPC",
				"magnitude":"19.4371",
				"telescope":"Pan-STARRS1",
				"u_time":"MJD",
				"source":"1,4"
			}
		]
	}
}