{
	"AT2016izh":{
		"schema":"https://github.com/astrocatalogs/supernovae/blob/a0bc0b9/SCHEMA.md",
		"name":"AT2016izh",
		"sources":[
			{
				"name":"2016A&A...594A..13P",
				"bibcode":"2016A&A...594A..13P",
				"reference":"Planck Collaboration et al. (2016)",
				"alias":"1"
			},
			{
				"name":"2011ApJ...737..103S",
				"bibcode":"2011ApJ...737..103S",
				"reference":"Schlafly & Finkbeiner (2011)",
				"alias":"2"
			},
			{
				"name":"Transient Name Server",
				"url":"https://wis-tns.weizmann.ac.il/",
				"alias":"3"
			},
			{
				"name":"Pan-STARRS 3Pi",
				"url":"http://psweb.mp.qub.ac.uk/ps1threepi/psdb/",
				"alias":"4"
			},
			{
				"name":"Latest Supernovae",
				"secondary":true,
				"url":"http://www.rochesterastronomy.org/snimages/snredshiftall.html",
				"alias":"5"
			},
			{
				"name":"The Open Supernova Catalog",
				"bibcode":"2017ApJ...835...64G",
				"reference":"Guillochon et al. (2017)",
				"secondary":true,
				"url":"https://sne.space",
				"alias":"6"
			}
		],
		"alias":[
			{
				"value":"AT2016izh",
				"source":"3,4,5"
			},
			{
				"value":"ATLAS16eai",
				"source":"3,5"
			},
			{
				"value":"PS17bbg",
				"source":"3,5"
			}
		],
		"claimedtype":[
			{
				"value":"Candidate",
				"source":"6"
			}
		],
		"comovingdist":[
			{
				"value":"100.8",
				"derived":true,
				"u_value":"Mpc",
				"source":"1,3,5,6"
			}
		],
		"dec":[
			{
				"value":"+14:26:48.58",
				"u_value":"degrees",
				"source":"3,5"
			},
			{
				"value":"+14:26:48.4",
				"u_value":"degrees",
				"source":"4"
			}
		],
		"discoverdate":[
			{
				"value":"2016/12/22.45",
				"source":"3"
			}
		],
		"discoverer":[
			{
				"value":"ATLAS",
				"source":"3,5"
			}
		],
		"ebv":[
			{
				"value":"0.5548",
				"derived":true,
				"e_value":"0.0322",
				"source":"2,6"
			}
		],
		"host":[
			{
				"value":"2MASX J05192713+1426368",
				"source":"4"
			}
		],
		"hostdec":[
			{
				"value":"+14:26:36.8",
				"derived":true,
				"u_value":"degrees",
				"source":"6"
			}
		],
		"hostoffsetang":[
			{
				"value":"19.62",
				"derived":true,
				"u_value":"arcseconds",
				"source":"3,5,6"
			}
		],
		"hostoffsetdist":[
			{
				"value":"9.373",
				"source":"1,3,5,6"
			}
		],
		"hostra":[
			{
				"value":"05:19:27.13",
				"derived":true,
				"u_value":"hours",
				"source":"6"
			}
		],
		"lumdist":[
			{
				"value":"103.111",
				"derived":true,
				"u_value":"Mpc",
				"source":"1,3,5,6"
			}
		],
		"maxabsmag":[
			{
				"value":"-17.0219",
				"derived":true,
				"source":"1,3,5,6"
			}
		],
		"maxappmag":[
			{
				"value":"18.02",
				"derived":true,
				"source":"3,6"
			}
		],
		"maxband":[
			{
				"value":"cyan",
				"derived":true,
				"source":"3,6"
			}
		],
		"maxdate":[
			{
				"value":"2016/12/22",
				"derived":true,
				"source":"3,6"
			}
		],
		"maxvisualabsmag":[
			{
				"value":"-17.0465",
				"derived":true,
				"source":"1,3,5,6"
			}
		],
		"maxvisualappmag":[
			{
				"value":"18.02",
				"derived":true,
				"source":"3,6"
			}
		],
		"maxvisualband":[
			{
				"value":"cyan",
				"derived":true,
				"source":"3,6"
			}
		],
		"maxvisualdate":[
			{
				"value":"2016/12/22",
				"derived":true,
				"source":"3,6"
			}
		],
		"ra":[
			{
				"value":"05:19:28.21",
				"u_value":"hours",
				"source":"3"
			},
			{
				"value":"05:19:28.210",
				"u_value":"hours",
				"source":"3,5"
			},
			{
				"value":"05:19:28.23",
				"u_value":"hours",
				"source":"4"
			}
		],
		"redshift":[
			{
				"value":"0.022899",
				"source":"3,5"
			}
		],
		"velocity":[
			{
				"value":"6786.4",
				"u_value":"km/s",
				"source":"6"
			}
		],
		"photometry":[
			{
				"time":"57721.5029977",
				"band":"cyan",
				"instrument":"ACAM1",
				"magnitude":"19.75",
				"observer":"Robot",
				"telescope":"ATLAS1",
				"u_time":"MJD",
				"upperlimit":true,
				"source":"3"
			},
			{
				"time":"57744.45",
				"band":"cyan",
				"e_magnitude":"0.08",
				"instrument":"ACAM1",
				"magnitude":"18.02",
				"observer":"Robot",
				"telescope":"ATLAS1",
				"u_time":"MJD",
				"source":"3"
			},
			{
				"time":"57798.3089931",
				"band":"i",
				"e_magnitude":"0.06",
				"instrument":"GPC1",
				"magnitude":"20.09",
				"observer":"Robot",
				"telescope":"PS1",
				"u_time":"MJD",
				"source":"3"
			},
			{
				"time":"57798.3090837033",
				"band":"i",
				"e_magnitude":"0.0592776",
				"instrument":"GPC",
				"magnitude":"20.088",
				"telescope":"Pan-STARRS1",
				"u_time":"MJD",
				"source":"4"
			},
			{
				"time":"57798.3214588514",
				"band":"i",
				"e_magnitude":"0.0693638",
				"instrument":"GPC",
				"magnitude":"20.0108",
				"telescope":"Pan-STARRS1",
				"u_time":"MJD",
				"source":"4"
			},
			{
				"time":"57798.3337321277",
				"band":"i",
				"e_magnitude":"0.0634087",
				"instrument":"GPC",
				"magnitude":"20.0155",
				"telescope":"Pan-STARRS1",
				"u_time":"MJD",
				"source":"4"
			},
			{
				"time":"57798.3460205699",
				"band":"i",
				"e_magnitude":"0.0491272",
				"instrument":"GPC",
				"magnitude":"20.0812",
				"telescope":"Pan-STARRS1",
				"u_time":"MJD",
				"source":"4"
			}
		]
	}
}