{
	"AT2016gky":{
		"schema":"https://github.com/astrocatalogs/supernovae/blob/a0bc0b9/SCHEMA.md",
		"name":"AT2016gky",
		"sources":[
			{
				"name":"2016A&A...594A..13P",
				"bibcode":"2016A&A...594A..13P",
				"reference":"Planck Collaboration et al. (2016)",
				"alias":"1"
			},
			{
				"name":"2011ApJ...737..103S",
				"bibcode":"2011ApJ...737..103S",
				"reference":"Schlafly & Finkbeiner (2011)",
				"alias":"2"
			},
			{
				"name":"Transient Name Server",
				"url":"https://wis-tns.weizmann.ac.il/",
				"alias":"3"
			},
			{
				"name":"Latest Supernovae",
				"secondary":true,
				"url":"http://www.rochesterastronomy.org/snimages/snredshiftall.html",
				"alias":"4"
			},
			{
				"name":"The Open Supernova Catalog",
				"bibcode":"2017ApJ...835...64G",
				"reference":"Guillochon et al. (2017)",
				"secondary":true,
				"url":"https://sne.space",
				"alias":"5"
			}
		],
		"alias":[
			{
				"value":"AT2016gky",
				"source":"3,4"
			},
			{
				"value":"kait-16bc",
				"source":"3,4"
			}
		],
		"claimedtype":[
			{
				"value":"Candidate",
				"source":"5"
			}
		],
		"comovingdist":[
			{
				"value":"22.47",
				"derived":true,
				"u_value":"Mpc",
				"source":"1,3,5"
			}
		],
		"dec":[
			{
				"value":"+25:57:52.09",
				"u_value":"degrees",
				"source":"3,4"
			}
		],
		"discoverdate":[
			{
				"value":"2016/09/20.291875",
				"source":"3"
			}
		],
		"discoverer":[
			{
				"value":"LOSS",
				"source":"3,4"
			}
		],
		"ebv":[
			{
				"value":"0.2368",
				"derived":true,
				"e_value":"0.0064",
				"source":"2,5"
			}
		],
		"host":[
			{
				"value":"UGC 11651",
				"source":"3,4"
			}
		],
		"hostcomovingdist":[
			{
				"value":"22.47",
				"derived":true,
				"source":"1,3,5"
			}
		],
		"hostlumdist":[
			{
				"value":"22.588",
				"derived":true,
				"source":"1,3,5"
			}
		],
		"hostredshift":[
			{
				"value":"0.005084",
				"source":"3"
			}
		],
		"hostvelocity":[
			{
				"value":"1520",
				"source":"5"
			}
		],
		"lumdist":[
			{
				"value":"22.588",
				"derived":true,
				"u_value":"Mpc",
				"source":"1,3,5"
			}
		],
		"maxabsmag":[
			{
				"value":"-12.764",
				"derived":true,
				"source":"1,3,5"
			}
		],
		"maxappmag":[
			{
				"value":"19",
				"derived":true,
				"source":"3,5"
			}
		],
		"maxband":[
			{
				"value":"C",
				"derived":true,
				"source":"3,5"
			}
		],
		"maxdate":[
			{
				"value":"2016/09/20",
				"derived":true,
				"source":"3,5"
			}
		],
		"maxvisualabsmag":[
			{
				"value":"-12.769",
				"derived":true,
				"source":"1,3,5"
			}
		],
		"maxvisualappmag":[
			{
				"value":"19",
				"derived":true,
				"source":"3,5"
			}
		],
		"maxvisualband":[
			{
				"value":"C",
				"derived":true,
				"source":"3,5"
			}
		],
		"maxvisualdate":[
			{
				"value":"2016/09/20",
				"derived":true,
				"source":"3,5"
			}
		],
		"ra":[
			{
				"value":"20:57:10.20",
				"u_value":"hours",
				"source":"3"
			},
			{
				"value":"20:57:10.200",
				"u_value":"hours",
				"source":"3,4"
			}
		],
		"redshift":[
			{
				"value":"0.005084",
				"kind":"host",
				"source":"3"
			},
			{
				"value":"0.005084",
				"source":"3,4"
			}
		],
		"velocity":[
			{
				"value":"1520",
				"u_value":"km/s",
				"source":"5"
			}
		],
		"photometry":[
			{
				"time":"57650.2960301",
				"band":"C",
				"magnitude":"19.1",
				"observer":"KAIT",
				"system":"Vega",
				"u_time":"MJD",
				"upperlimit":true,
				"source":"3"
			},
			{
				"time":"57651.291875",
				"band":"C",
				"e_magnitude":"0.1",
				"magnitude":"19",
				"observer":"KAIT",
				"system":"Vega",
				"u_time":"MJD",
				"source":"3"
			},
			{
				"time":"57653.5",
				"magnitude":"19.3",
				"u_time":"MJD",
				"source":"3,4"
			}
		]
	}
}