{
	"AT2016jaq":{
		"schema":"https://github.com/astrocatalogs/supernovae/blob/a0bc0b9/SCHEMA.md",
		"name":"AT2016jaq",
		"sources":[
			{
				"name":"2011ApJ...737..103S",
				"bibcode":"2011ApJ...737..103S",
				"reference":"Schlafly & Finkbeiner (2011)",
				"alias":"1"
			},
			{
				"name":"Transient Name Server",
				"url":"https://wis-tns.weizmann.ac.il/",
				"alias":"2"
			},
			{
				"name":"Pan-STARRS 3Pi",
				"url":"http://psweb.mp.qub.ac.uk/ps1threepi/psdb/",
				"alias":"3"
			},
			{
				"name":"Latest Supernovae",
				"secondary":true,
				"url":"http://www.rochesterastronomy.org/snimages/snredshiftall.html",
				"alias":"4"
			},
			{
				"name":"The Open Supernova Catalog",
				"bibcode":"2017ApJ...835...64G",
				"reference":"Guillochon et al. (2017)",
				"secondary":true,
				"url":"https://sne.space",
				"alias":"5"
			}
		],
		"alias":[
			{
				"value":"AT2016jaq",
				"source":"2,3,4"
			},
			{
				"value":"ATLAS16eby",
				"source":"2,4"
			},
			{
				"value":"PS16fki",
				"source":"2,4"
			}
		],
		"claimedtype":[
			{
				"value":"Candidate",
				"source":"5"
			}
		],
		"dec":[
			{
				"value":"+37:24:26.42",
				"u_value":"degrees",
				"source":"2,4"
			},
			{
				"value":"+37:24:26.3",
				"u_value":"degrees",
				"source":"3"
			}
		],
		"discoverdate":[
			{
				"value":"2016/12/24.312998",
				"source":"2"
			}
		],
		"discoverer":[
			{
				"value":"ATLAS",
				"source":"2,4"
			}
		],
		"ebv":[
			{
				"value":"0.0416",
				"derived":true,
				"e_value":"0.0014",
				"source":"1,5"
			}
		],
		"maxappmag":[
			{
				"value":"17.83",
				"derived":true,
				"source":"3,5"
			}
		],
		"maxband":[
			{
				"value":"w",
				"derived":true,
				"source":"3,5"
			}
		],
		"maxdate":[
			{
				"value":"2016/12/24",
				"derived":true,
				"source":"3,5"
			}
		],
		"maxvisualappmag":[
			{
				"value":"17.83",
				"derived":true,
				"source":"3,5"
			}
		],
		"maxvisualband":[
			{
				"value":"w",
				"derived":true,
				"source":"3,5"
			}
		],
		"maxvisualdate":[
			{
				"value":"2016/12/24",
				"derived":true,
				"source":"3,5"
			}
		],
		"ra":[
			{
				"value":"02:37:24.73",
				"u_value":"hours",
				"source":"2"
			},
			{
				"value":"02:37:24.730",
				"u_value":"hours",
				"source":"2,4"
			},
			{
				"value":"02:37:24.72",
				"u_value":"hours",
				"source":"3"
			}
		],
		"photometry":[
			{
				"time":"57718.4229977",
				"band":"cyan",
				"instrument":"ACAM1",
				"magnitude":"19.44",
				"observer":"Robot",
				"telescope":"ATLAS1",
				"u_time":"MJD",
				"upperlimit":true,
				"source":"2"
			},
			{
				"time":"57746.3129977",
				"band":"cyan",
				"e_magnitude":"0.05",
				"instrument":"ACAM1",
				"magnitude":"17.85",
				"observer":"Robot",
				"telescope":"ATLAS1",
				"u_time":"MJD",
				"source":"2"
			},
			{
				"time":"57746.3239931",
				"band":"w",
				"e_magnitude":"0.01",
				"instrument":"GPC1",
				"magnitude":"17.91",
				"observer":"Robot",
				"telescope":"PS1",
				"u_time":"MJD",
				"source":"2"
			},
			{
				"time":"57746.3242409498",
				"band":"w",
				"e_magnitude":"0.0141635",
				"instrument":"GPC",
				"magnitude":"17.9132",
				"telescope":"Pan-STARRS1",
				"u_time":"MJD",
				"source":"3"
			},
			{
				"time":"57746.3362629912",
				"band":"w",
				"e_magnitude":"0.024016",
				"instrument":"GPC",
				"magnitude":"17.8496",
				"telescope":"Pan-STARRS1",
				"u_time":"MJD",
				"source":"3"
			},
			{
				"time":"57746.34831433",
				"band":"w",
				"e_magnitude":"0.0164762",
				"instrument":"GPC",
				"magnitude":"17.832",
				"telescope":"Pan-STARRS1",
				"u_time":"MJD",
				"source":"3"
			}
		]
	}
}