{
	"AT2016fxe":{
		"schema":"https://github.com/astrocatalogs/supernovae/blob/a0bc0b9/SCHEMA.md",
		"name":"AT2016fxe",
		"sources":[
			{
				"name":"ATel 9136",
				"bibcode":"2016ATel.9136....1B",
				"reference":"Balanutsa et al. (2016)",
				"url":"http://www.astronomerstelegram.org/?read=9136",
				"alias":"1"
			},
			{
				"name":"ATel 9120",
				"bibcode":"2016ATel.9120....1G",
				"reference":"Gress et al. (2016)",
				"url":"http://www.astronomerstelegram.org/?read=9120",
				"alias":"2"
			},
			{
				"name":"2011ApJ...737..103S",
				"bibcode":"2011ApJ...737..103S",
				"reference":"Schlafly & Finkbeiner (2011)",
				"alias":"3"
			},
			{
				"name":"Transient Name Server",
				"url":"https://wis-tns.weizmann.ac.il/",
				"alias":"4"
			},
			{
				"name":"Pan-STARRS 3Pi",
				"url":"http://psweb.mp.qub.ac.uk/ps1threepi/psdb/",
				"alias":"5"
			},
			{
				"name":"Latest Supernovae",
				"secondary":true,
				"url":"http://www.rochesterastronomy.org/snimages/snredshiftall.html",
				"alias":"6"
			},
			{
				"name":"The Open Supernova Catalog",
				"bibcode":"2017ApJ...835...64G",
				"reference":"Guillochon et al. (2017)",
				"secondary":true,
				"url":"https://sne.space",
				"alias":"7"
			}
		],
		"alias":[
			{
				"value":"AT2016fxe",
				"source":"1,2,4,5,6,7"
			},
			{
				"value":"MASTER OT J180241.87+090312.9",
				"source":"1,6,7"
			},
			{
				"value":"PS16egu",
				"source":"1,4,6"
			},
			{
				"value":"MASTER OT JJ180241.87+090312.9",
				"source":"1,2,5"
			}
		],
		"claimedtype":[
			{
				"value":"Candidate",
				"source":"7"
			}
		],
		"dec":[
			{
				"value":"+09:03:12.59",
				"u_value":"degrees",
				"source":"4"
			},
			{
				"value":"+09:03:12.90",
				"u_value":"degrees",
				"source":"1,6"
			},
			{
				"value":"+09:03:12.6",
				"u_value":"degrees",
				"source":"1,2,5"
			}
		],
		"discoverdate":[
			{
				"value":"2016/08/19.317998",
				"source":"4"
			}
		],
		"discoverer":[
			{
				"value":"Pan-STARRS1",
				"source":"4"
			},
			{
				"value":"MASTER",
				"source":"1,6"
			}
		],
		"ebv":[
			{
				"value":"0.1808",
				"derived":true,
				"e_value":"0.0041",
				"source":"3,7"
			}
		],
		"host":[
			{
				"value":"PGC 1358789",
				"source":"1,6"
			},
			{
				"value":"CGMW 5-00703",
				"source":"1,2,5"
			}
		],
		"maxappmag":[
			{
				"value":"18.4",
				"derived":true,
				"source":"1,6,7"
			}
		],
		"maxdate":[
			{
				"value":"2016/06/04",
				"derived":true,
				"source":"1,6,7"
			}
		],
		"maxvisualappmag":[
			{
				"value":"18.4",
				"derived":true,
				"source":"1,6,7"
			}
		],
		"maxvisualdate":[
			{
				"value":"2016/06/04",
				"derived":true,
				"source":"1,6,7"
			}
		],
		"ra":[
			{
				"value":"18:02:41.84",
				"u_value":"hours",
				"source":"1,2,4,5"
			},
			{
				"value":"18:02:41.870",
				"u_value":"hours",
				"source":"1,6"
			}
		],
		"photometry":[
			{
				"time":"57543.5",
				"magnitude":"18.4",
				"u_time":"MJD",
				"source":"1,6"
			},
			{
				"time":"57619.3179977",
				"band":"i",
				"e_magnitude":"0.08",
				"instrument":"GPC1",
				"magnitude":"20.55",
				"observer":"Robot",
				"telescope":"PS1",
				"u_time":"MJD",
				"source":"4"
			},
			{
				"time":"57619.3183814049",
				"band":"i",
				"e_magnitude":"0.0789837",
				"instrument":"GPC",
				"magnitude":"20.5508",
				"telescope":"Pan-STARRS1",
				"u_time":"MJD",
				"source":"1,2,5"
			},
			{
				"time":"57619.3309047314",
				"band":"i",
				"e_magnitude":"0.0827686",
				"instrument":"GPC",
				"magnitude":"20.5733",
				"telescope":"Pan-STARRS1",
				"u_time":"MJD",
				"source":"1,2,5"
			},
			{
				"time":"57619.3434246211",
				"band":"i",
				"e_magnitude":"0.0863428",
				"instrument":"GPC",
				"magnitude":"20.4893",
				"telescope":"Pan-STARRS1",
				"u_time":"MJD",
				"source":"1,2,5"
			}
		]
	}
}