{
	"AT2016ckx":{
		"schema":"https://github.com/astrocatalogs/supernovae/blob/a0bc0b9/SCHEMA.md",
		"name":"AT2016ckx",
		"sources":[
			{
				"name":"2016A&A...594A..13P",
				"bibcode":"2016A&A...594A..13P",
				"reference":"Planck Collaboration et al. (2016)",
				"alias":"1"
			},
			{
				"name":"2011ApJ...737..103S",
				"bibcode":"2011ApJ...737..103S",
				"reference":"Schlafly & Finkbeiner (2011)",
				"alias":"2"
			},
			{
				"name":"Transient Name Server",
				"url":"https://wis-tns.weizmann.ac.il/",
				"alias":"3"
			},
			{
				"name":"Gaia Photometric Science Alerts",
				"url":"http://gsaweb.ast.cam.ac.uk/alerts/alertsindex",
				"alias":"4"
			},
			{
				"name":"Latest Supernovae",
				"secondary":true,
				"url":"http://www.rochesterastronomy.org/snimages/snredshiftall.html",
				"alias":"5"
			},
			{
				"name":"The Open Supernova Catalog",
				"bibcode":"2017ApJ...835...64G",
				"reference":"Guillochon et al. (2017)",
				"secondary":true,
				"url":"https://sne.space",
				"alias":"6"
			}
		],
		"alias":[
			{
				"value":"AT2016ckx",
				"source":"3,4,5,6"
			},
			{
				"value":"Gaia16ark",
				"source":"3,5,6"
			},
			{
				"value":"PTSS-16gjn",
				"source":"3,5"
			}
		],
		"claimedtype":[
			{
				"value":"Candidate",
				"source":"4"
			}
		],
		"comovingdist":[
			{
				"value":"210",
				"derived":true,
				"u_value":"Mpc",
				"source":"1,3,6"
			}
		],
		"dec":[
			{
				"value":"+22:32:35.13",
				"u_value":"degrees",
				"source":"3,5"
			},
			{
				"value":"+22:32:35.52",
				"u_value":"degrees",
				"source":"4"
			}
		],
		"discoverdate":[
			{
				"value":"2016/05/16.727222",
				"source":"3"
			}
		],
		"discoverer":[
			{
				"value":"PTSS",
				"source":"3"
			},
			{
				"value":"PMO-Tsinghua Supernova Survey (PTSS)",
				"source":"3,5"
			}
		],
		"ebv":[
			{
				"value":"0.0493",
				"derived":true,
				"e_value":"0.001",
				"source":"2,6"
			}
		],
		"host":[
			{
				"value":"KUG 1558+226",
				"source":"3,5"
			}
		],
		"hostcomovingdist":[
			{
				"value":"210",
				"derived":true,
				"source":"1,3,6"
			}
		],
		"hostlumdist":[
			{
				"value":"215",
				"derived":true,
				"source":"1,3,6"
			}
		],
		"hostredshift":[
			{
				"value":"0.047",
				"source":"3"
			}
		],
		"hostvelocity":[
			{
				"value":"14000",
				"source":"6"
			}
		],
		"lumdist":[
			{
				"value":"215",
				"derived":true,
				"u_value":"Mpc",
				"source":"1,3,6"
			}
		],
		"maxabsmag":[
			{
				"value":"-18.2",
				"derived":true,
				"source":"1,3,6"
			}
		],
		"maxappmag":[
			{
				"value":"18.4",
				"derived":true,
				"source":"3,6"
			}
		],
		"maxband":[
			{
				"value":"r",
				"derived":true,
				"source":"3,6"
			}
		],
		"maxdate":[
			{
				"value":"2016/05/16",
				"derived":true,
				"source":"3,6"
			}
		],
		"maxvisualabsmag":[
			{
				"value":"-17.8",
				"derived":true,
				"source":"1,3,6"
			}
		],
		"maxvisualappmag":[
			{
				"value":"18.82",
				"derived":true,
				"source":"4,6"
			}
		],
		"maxvisualband":[
			{
				"value":"G",
				"derived":true,
				"source":"4,6"
			}
		],
		"maxvisualdate":[
			{
				"value":"2016/06/02",
				"derived":true,
				"source":"4,6"
			}
		],
		"ra":[
			{
				"value":"16:00:38.47",
				"u_value":"hours",
				"source":"3"
			},
			{
				"value":"16:00:38.470",
				"u_value":"hours",
				"source":"3,5"
			},
			{
				"value":"16:00:38.4",
				"u_value":"hours",
				"source":"4"
			}
		],
		"redshift":[
			{
				"value":"0.047",
				"kind":"host",
				"source":"3"
			},
			{
				"value":"0.047",
				"source":"3,5"
			}
		],
		"velocity":[
			{
				"value":"14000",
				"u_value":"km/s",
				"source":"6"
			}
		],
		"photometry":[
			{
				"time":"57491.385",
				"band":"G",
				"instrument":"Gaia-photometric",
				"magnitude":"21.5",
				"observer":"Robot",
				"telescope":"Gaia",
				"u_time":"MJD",
				"upperlimit":true,
				"source":"3"
			},
			{
				"time":"57524.2272222",
				"band":"r",
				"e_magnitude":"0.1",
				"instrument":"STA1600",
				"magnitude":"18.4",
				"observer":"Bin Li",
				"system":"Vega",
				"telescope":"CNEOST",
				"u_time":"MJD",
				"source":"3"
			},
			{
				"time":"57541.0629977",
				"band":"G",
				"e_magnitude":"0.2",
				"instrument":"Gaia-photometric",
				"magnitude":"18.86",
				"observer":"Robot",
				"telescope":"Gaia",
				"u_time":"MJD",
				"source":"3"
			},
			{
				"time":"57541.064",
				"band":"G",
				"e_magnitude":"0.0",
				"magnitude":"18.86",
				"telescope":"GAIA",
				"u_time":"MJD",
				"source":"4"
			},
			{
				"time":"57541.138",
				"band":"G",
				"e_magnitude":"0.0",
				"magnitude":"18.82",
				"telescope":"GAIA",
				"u_time":"MJD",
				"source":"4"
			},
			{
				"time":"57541.314",
				"band":"G",
				"e_magnitude":"0.0",
				"magnitude":"18.89",
				"telescope":"GAIA",
				"u_time":"MJD",
				"source":"4"
			},
			{
				"time":"57541.388",
				"band":"G",
				"e_magnitude":"0.0",
				"magnitude":"18.84",
				"telescope":"GAIA",
				"u_time":"MJD",
				"source":"4"
			},
			{
				"time":"57541.638",
				"band":"G",
				"e_magnitude":"0.0",
				"magnitude":"18.86",
				"telescope":"GAIA",
				"u_time":"MJD",
				"source":"4"
			},
			{
				"time":"57546.391",
				"band":"G",
				"e_magnitude":"0.0",
				"magnitude":"19.01",
				"telescope":"GAIA",
				"u_time":"MJD",
				"source":"4"
			},
			{
				"time":"57546.567",
				"band":"G",
				"e_magnitude":"0.0",
				"magnitude":"19.17",
				"telescope":"GAIA",
				"u_time":"MJD",
				"source":"4"
			},
			{
				"time":"57546.641",
				"band":"G",
				"e_magnitude":"0.0",
				"magnitude":"19.04",
				"telescope":"GAIA",
				"u_time":"MJD",
				"source":"4"
			},
			{
				"time":"57546.817",
				"band":"G",
				"e_magnitude":"0.0",
				"magnitude":"19.03",
				"telescope":"GAIA",
				"u_time":"MJD",
				"source":"4"
			}
		]
	}
}