{
	"AT2016evw":{
		"schema":"https://github.com/astrocatalogs/supernovae/blob/a0bc0b9/SCHEMA.md",
		"name":"AT2016evw",
		"sources":[
			{
				"name":"2016A&A...594A..13P",
				"bibcode":"2016A&A...594A..13P",
				"reference":"Planck Collaboration et al. (2016)",
				"alias":"1"
			},
			{
				"name":"2011ApJ...737..103S",
				"bibcode":"2011ApJ...737..103S",
				"reference":"Schlafly & Finkbeiner (2011)",
				"alias":"2"
			},
			{
				"name":"Transient Name Server",
				"url":"https://wis-tns.weizmann.ac.il/",
				"alias":"3"
			},
			{
				"name":"Latest Supernovae",
				"secondary":true,
				"url":"http://www.rochesterastronomy.org/snimages/snredshiftall.html",
				"alias":"4"
			},
			{
				"name":"The Open Supernova Catalog",
				"bibcode":"2017ApJ...835...64G",
				"reference":"Guillochon et al. (2017)",
				"secondary":true,
				"url":"https://sne.space",
				"alias":"5"
			}
		],
		"alias":[
			{
				"value":"AT2016evw",
				"source":"3,4"
			},
			{
				"value":"DLT128078",
				"source":"3,4"
			}
		],
		"claimedtype":[
			{
				"value":"Candidate",
				"source":"5"
			}
		],
		"comovingdist":[
			{
				"value":"22.2",
				"derived":true,
				"u_value":"Mpc",
				"source":"1,3,5"
			}
		],
		"dec":[
			{
				"value":"-62:09:27.07",
				"u_value":"degrees",
				"source":"3,4"
			}
		],
		"discoverdate":[
			{
				"value":"2016/07/29.0481944",
				"source":"3"
			}
		],
		"discoverer":[
			{
				"value":"Stefano Valenti",
				"source":"3,4"
			}
		],
		"ebv":[
			{
				"value":"0.1198",
				"derived":true,
				"e_value":"0.0048",
				"source":"2,5"
			}
		],
		"host":[
			{
				"value":"ESO 138-014",
				"source":"3"
			},
			{
				"value":"ESO 138-G14",
				"source":"3,4"
			}
		],
		"hostcomovingdist":[
			{
				"value":"22.2",
				"derived":true,
				"source":"1,3,5"
			}
		],
		"hostlumdist":[
			{
				"value":"22.35",
				"derived":true,
				"source":"1,3,5"
			}
		],
		"hostredshift":[
			{
				"value":"0.00503",
				"source":"3"
			}
		],
		"hostvelocity":[
			{
				"value":"1500",
				"source":"5"
			}
		],
		"lumdist":[
			{
				"value":"22.35",
				"derived":true,
				"u_value":"Mpc",
				"source":"1,3,5"
			}
		],
		"maxabsmag":[
			{
				"value":"-15.64",
				"derived":true,
				"source":"1,3,5"
			}
		],
		"maxappmag":[
			{
				"value":"16.1",
				"derived":true,
				"source":"3,5"
			}
		],
		"maxband":[
			{
				"value":"C",
				"derived":true,
				"source":"3,5"
			}
		],
		"maxdate":[
			{
				"value":"2016/07/29",
				"derived":true,
				"source":"3,5"
			}
		],
		"maxvisualabsmag":[
			{
				"value":"-15.65",
				"derived":true,
				"source":"1,3,5"
			}
		],
		"maxvisualappmag":[
			{
				"value":"16.1",
				"derived":true,
				"source":"3,5"
			}
		],
		"maxvisualband":[
			{
				"value":"C",
				"derived":true,
				"source":"3,5"
			}
		],
		"maxvisualdate":[
			{
				"value":"2016/07/29",
				"derived":true,
				"source":"3,5"
			}
		],
		"ra":[
			{
				"value":"17:06:22.70",
				"u_value":"hours",
				"source":"3"
			},
			{
				"value":"17:06:22.700",
				"u_value":"hours",
				"source":"3,4"
			}
		],
		"redshift":[
			{
				"value":"0.00503",
				"kind":"host",
				"source":"3"
			},
			{
				"value":"0.00503",
				"source":"3,4"
			}
		],
		"velocity":[
			{
				"value":"1500",
				"u_value":"km/s",
				"source":"5"
			}
		],
		"photometry":[
			{
				"time":"57597.2134",
				"band":"C",
				"magnitude":"19",
				"observer":"robotic",
				"u_time":"MJD",
				"upperlimit":true,
				"source":"3"
			},
			{
				"time":"57598.0482",
				"band":"C",
				"e_magnitude":"0.1",
				"magnitude":"16.1",
				"observer":"robotic",
				"u_time":"MJD",
				"source":"3"
			},
			{
				"time":"57610.17765",
				"band":"C",
				"e_magnitude":"0.1",
				"magnitude":"17.8",
				"observer":"robotic",
				"u_time":"MJD",
				"source":"3"
			}
		]
	}
}