{
	"AT2016V":{
		"schema":"https://github.com/astrocatalogs/supernovae/blob/a0bc0b9/SCHEMA.md",
		"name":"AT2016V",
		"sources":[
			{
				"name":"2016A&A...594A..13P",
				"bibcode":"2016A&A...594A..13P",
				"reference":"Planck Collaboration et al. (2016)",
				"alias":"1"
			},
			{
				"name":"2011ApJ...737..103S",
				"bibcode":"2011ApJ...737..103S",
				"reference":"Schlafly & Finkbeiner (2011)",
				"alias":"2"
			},
			{
				"name":"Transient Name Server",
				"url":"https://wis-tns.weizmann.ac.il/",
				"alias":"3"
			},
			{
				"name":"Latest Supernovae",
				"secondary":true,
				"url":"http://www.rochesterastronomy.org/snimages/snredshiftall.html",
				"alias":"4"
			},
			{
				"name":"The Open Supernova Catalog",
				"bibcode":"2017ApJ...835...64G",
				"reference":"Guillochon et al. (2017)",
				"secondary":true,
				"url":"https://sne.space",
				"alias":"5"
			}
		],
		"alias":[
			{
				"value":"AT2016V",
				"source":"3,4"
			}
		],
		"claimedtype":[
			{
				"value":"Candidate",
				"source":"5"
			}
		],
		"comovingdist":[
			{
				"value":"123.14",
				"derived":true,
				"u_value":"Mpc",
				"source":"1,3,4,5"
			}
		],
		"dec":[
			{
				"value":"+24:29:47.80",
				"u_value":"degrees",
				"source":"3"
			},
			{
				"value":"+24:29:47.8",
				"u_value":"degrees",
				"source":"3,4"
			}
		],
		"discoverdate":[
			{
				"value":"2016/01/19.84",
				"source":"3"
			}
		],
		"discoverer":[
			{
				"value":"Ron Arbour",
				"source":"3,4"
			}
		],
		"ebv":[
			{
				"value":"0.0726",
				"derived":true,
				"e_value":"0.0031",
				"source":"2,5"
			}
		],
		"host":[
			{
				"value":"NGC 7568",
				"source":"3,4"
			}
		],
		"lumdist":[
			{
				"value":"126.584",
				"derived":true,
				"u_value":"Mpc",
				"source":"1,3,4,5"
			}
		],
		"maxabsmag":[
			{
				"value":"-18.4419",
				"derived":true,
				"source":"1,3,4,5"
			}
		],
		"maxappmag":[
			{
				"value":"17.04",
				"derived":true,
				"source":"3,5"
			}
		],
		"maxband":[
			{
				"value":"C",
				"derived":true,
				"source":"3,5"
			}
		],
		"maxdate":[
			{
				"value":"2016/01/19",
				"derived":true,
				"source":"3,5"
			}
		],
		"maxvisualabsmag":[
			{
				"value":"-18.4719",
				"derived":true,
				"source":"1,3,4,5"
			}
		],
		"maxvisualappmag":[
			{
				"value":"17.04",
				"derived":true,
				"source":"3,5"
			}
		],
		"maxvisualband":[
			{
				"value":"C",
				"derived":true,
				"source":"3,5"
			}
		],
		"maxvisualdate":[
			{
				"value":"2016/01/19",
				"derived":true,
				"source":"3,5"
			}
		],
		"ra":[
			{
				"value":"23:16:25.19",
				"u_value":"hours",
				"source":"3,4"
			}
		],
		"redshift":[
			{
				"value":"0.028006",
				"source":"3,4"
			}
		],
		"velocity":[
			{
				"value":"8278.5",
				"u_value":"km/s",
				"source":"5"
			}
		],
		"photometry":[
			{
				"time":"57364.34",
				"band":"C",
				"magnitude":"18.8",
				"observer":"Ron Arbour",
				"system":"Vega",
				"u_time":"MJD",
				"upperlimit":true,
				"source":"3"
			},
			{
				"time":"57406.33",
				"band":"C",
				"magnitude":"17.04",
				"observer":"Ron Arbour",
				"system":"Vega",
				"u_time":"MJD",
				"source":"3"
			}
		]
	}
}