{
	"AT2016hkr":{
		"schema":"https://github.com/astrocatalogs/supernovae/blob/a0bc0b9/SCHEMA.md",
		"name":"AT2016hkr",
		"sources":[
			{
				"name":"2016A&A...594A..13P",
				"bibcode":"2016A&A...594A..13P",
				"reference":"Planck Collaboration et al. (2016)",
				"alias":"1"
			},
			{
				"name":"2011ApJ...737..103S",
				"bibcode":"2011ApJ...737..103S",
				"reference":"Schlafly & Finkbeiner (2011)",
				"alias":"2"
			},
			{
				"name":"Transient Name Server",
				"url":"https://wis-tns.weizmann.ac.il/",
				"alias":"3"
			},
			{
				"name":"Gaia Photometric Science Alerts",
				"url":"http://gsaweb.ast.cam.ac.uk/alerts/alertsindex",
				"alias":"4"
			},
			{
				"name":"Latest Supernovae",
				"secondary":true,
				"url":"http://www.rochesterastronomy.org/snimages/snredshiftall.html",
				"alias":"5"
			},
			{
				"name":"The Open Supernova Catalog",
				"bibcode":"2017ApJ...835...64G",
				"reference":"Guillochon et al. (2017)",
				"secondary":true,
				"url":"https://sne.space",
				"alias":"6"
			}
		],
		"alias":[
			{
				"value":"AT2016hkr",
				"source":"3,4,5"
			},
			{
				"value":"Gaia16brg",
				"source":"3,5"
			}
		],
		"claimedtype":[
			{
				"value":"Candidate",
				"source":"4"
			}
		],
		"comovingdist":[
			{
				"value":"91.45",
				"derived":true,
				"u_value":"Mpc",
				"source":"1,3,5,6"
			}
		],
		"dec":[
			{
				"value":"+20:18:19.10",
				"u_value":"degrees",
				"source":"3,5"
			},
			{
				"value":"+20:18:18.36",
				"u_value":"degrees",
				"source":"4"
			}
		],
		"discoverdate":[
			{
				"value":"2016/10/25.0908796",
				"source":"3"
			}
		],
		"discoverer":[
			{
				"value":"POSS",
				"source":"3"
			},
			{
				"value":"Tim Puckett et al.",
				"source":"3,5"
			}
		],
		"ebv":[
			{
				"value":"0.0437",
				"derived":true,
				"e_value":"0.0011",
				"source":"2,6"
			}
		],
		"host":[
			{
				"value":"NGC 6321",
				"source":"3,5"
			}
		],
		"lumdist":[
			{
				"value":"93.3487",
				"derived":true,
				"u_value":"Mpc",
				"source":"1,3,5,6"
			}
		],
		"maxabsmag":[
			{
				"value":"-17.8382",
				"derived":true,
				"source":"1,3,5,6"
			}
		],
		"maxappmag":[
			{
				"value":"16.99",
				"derived":true,
				"source":"4,6"
			}
		],
		"maxband":[
			{
				"value":"G",
				"derived":true,
				"source":"4,6"
			}
		],
		"maxdate":[
			{
				"value":"2016/10/30",
				"derived":true,
				"source":"4,6"
			}
		],
		"maxvisualabsmag":[
			{
				"value":"-17.8605",
				"derived":true,
				"source":"1,3,5,6"
			}
		],
		"maxvisualappmag":[
			{
				"value":"16.99",
				"derived":true,
				"source":"4,6"
			}
		],
		"maxvisualband":[
			{
				"value":"G",
				"derived":true,
				"source":"4,6"
			}
		],
		"maxvisualdate":[
			{
				"value":"2016/10/30",
				"derived":true,
				"source":"4,6"
			}
		],
		"ra":[
			{
				"value":"17:14:27.73",
				"u_value":"hours",
				"source":"3"
			},
			{
				"value":"17:14:27.730",
				"u_value":"hours",
				"source":"3,5"
			},
			{
				"value":"17:14:27.6",
				"u_value":"hours",
				"source":"4"
			}
		],
		"redshift":[
			{
				"value":"0.020764",
				"source":"3,5"
			}
		],
		"velocity":[
			{
				"value":"6160.3",
				"u_value":"km/s",
				"source":"6"
			}
		],
		"photometry":[
			{
				"time":"57650.4879977",
				"band":"G",
				"instrument":"Gaia-photometric",
				"magnitude":"21.5",
				"observer":"Robot",
				"telescope":"Gaia",
				"u_time":"MJD",
				"upperlimit":true,
				"source":"3"
			},
			{
				"time":"57661.1298032",
				"band":"C",
				"magnitude":"20",
				"u_time":"MJD",
				"upperlimit":true,
				"source":"3"
			},
			{
				"time":"57686.0908796",
				"band":"C",
				"e_magnitude":"0.1",
				"magnitude":"18.1",
				"u_time":"MJD",
				"source":"3"
			},
			{
				"time":"57691.0419907",
				"band":"G",
				"e_magnitude":"0.2",
				"instrument":"Gaia-photometric",
				"magnitude":"17.01",
				"observer":"Robot",
				"telescope":"Gaia",
				"u_time":"MJD",
				"source":"3"
			},
			{
				"time":"57691.043",
				"band":"G",
				"e_magnitude":"0.0",
				"magnitude":"17.01",
				"telescope":"GAIA",
				"u_time":"MJD",
				"source":"4"
			},
			{
				"time":"57691.220",
				"band":"G",
				"e_magnitude":"0.0",
				"magnitude":"16.99",
				"telescope":"GAIA",
				"u_time":"MJD",
				"source":"4"
			},
			{
				"time":"57691.294",
				"band":"G",
				"e_magnitude":"0.0",
				"magnitude":"17.01",
				"telescope":"GAIA",
				"u_time":"MJD",
				"source":"4"
			},
			{
				"time":"57706.726",
				"band":"G",
				"e_magnitude":"0.0",
				"magnitude":"17.97",
				"telescope":"GAIA",
				"u_time":"MJD",
				"source":"4"
			},
			{
				"time":"57706.800",
				"band":"G",
				"e_magnitude":"0.0",
				"magnitude":"17.99",
				"telescope":"GAIA",
				"u_time":"MJD",
				"source":"4"
			},
			{
				"time":"57706.976",
				"band":"G",
				"e_magnitude":"0.0",
				"magnitude":"18.0",
				"telescope":"GAIA",
				"u_time":"MJD",
				"source":"4"
			},
			{
				"time":"57707.050",
				"band":"G",
				"e_magnitude":"0.0",
				"magnitude":"18.0",
				"telescope":"GAIA",
				"u_time":"MJD",
				"source":"4"
			},
			{
				"time":"57765.220",
				"band":"G",
				"e_magnitude":"0.0",
				"magnitude":"19.9",
				"telescope":"GAIA",
				"u_time":"MJD",
				"source":"4"
			},
			{
				"time":"57765.294",
				"band":"G",
				"e_magnitude":"0.0",
				"magnitude":"19.95",
				"telescope":"GAIA",
				"u_time":"MJD",
				"source":"4"
			},
			{
				"time":"57787.475",
				"band":"G",
				"e_magnitude":"0.0",
				"magnitude":"20.42",
				"telescope":"GAIA",
				"u_time":"MJD",
				"source":"4"
			},
			{
				"time":"57787.549",
				"band":"G",
				"e_magnitude":"0.0",
				"magnitude":"20.4",
				"telescope":"GAIA",
				"u_time":"MJD",
				"source":"4"
			}
		]
	}
}