{
	"AT2016hwc":{
		"schema":"https://github.com/astrocatalogs/supernovae/blob/a0bc0b9/SCHEMA.md",
		"name":"AT2016hwc",
		"sources":[
			{
				"name":"2011ApJ...737..103S",
				"bibcode":"2011ApJ...737..103S",
				"reference":"Schlafly & Finkbeiner (2011)",
				"alias":"1"
			},
			{
				"name":"Transient Name Server",
				"url":"https://wis-tns.weizmann.ac.il/",
				"alias":"2"
			},
			{
				"name":"Latest Supernovae",
				"secondary":true,
				"url":"http://www.rochesterastronomy.org/snimages/snredshiftall.html",
				"alias":"3"
			},
			{
				"name":"The Open Supernova Catalog",
				"bibcode":"2017ApJ...835...64G",
				"reference":"Guillochon et al. (2017)",
				"secondary":true,
				"url":"https://sne.space",
				"alias":"4"
			}
		],
		"alias":[
			{
				"value":"AT2016hwc",
				"source":"2,3"
			},
			{
				"value":"ATLAS16dtz",
				"source":"2,3"
			},
			{
				"value":"CSS161108:092517+553459",
				"source":"2,3"
			}
		],
		"claimedtype":[
			{
				"value":"Candidate",
				"source":"4"
			}
		],
		"dec":[
			{
				"value":"+55:34:59.51",
				"u_value":"degrees",
				"source":"2,3"
			}
		],
		"discoverdate":[
			{
				"value":"2016/10/29.603993",
				"source":"2"
			}
		],
		"discoverer":[
			{
				"value":"ATLAS",
				"source":"2,3"
			}
		],
		"ebv":[
			{
				"value":"0.022",
				"derived":true,
				"e_value":"0.002",
				"source":"1,4"
			}
		],
		"maxappmag":[
			{
				"value":"18",
				"derived":true,
				"source":"2,3,4"
			}
		],
		"maxdate":[
			{
				"value":"2016/11/07",
				"derived":true,
				"source":"2,3,4"
			}
		],
		"maxvisualappmag":[
			{
				"value":"18",
				"derived":true,
				"source":"2,3,4"
			}
		],
		"maxvisualdate":[
			{
				"value":"2016/11/07",
				"derived":true,
				"source":"2,3,4"
			}
		],
		"ra":[
			{
				"value":"09:25:16.53",
				"u_value":"hours",
				"source":"2"
			},
			{
				"value":"09:25:16.530",
				"u_value":"hours",
				"source":"2,3"
			}
		],
		"photometry":[
			{
				"time":"57686.1239931",
				"band":"cyan",
				"instrument":"ACAM1",
				"magnitude":"19.26",
				"observer":"Robot",
				"telescope":"ATLAS1",
				"u_time":"MJD",
				"upperlimit":true,
				"source":"2"
			},
			{
				"time":"57690.1039931",
				"band":"cyan",
				"e_magnitude":"0.14",
				"instrument":"ACAM1",
				"magnitude":"19.06",
				"observer":"Robot",
				"telescope":"ATLAS1",
				"u_time":"MJD",
				"source":"2"
			},
			{
				"time":"57699.5",
				"magnitude":"18.0",
				"u_time":"MJD",
				"source":"2,3"
			}
		]
	}
}