{
	"AT2016aqx":{
		"schema":"https://github.com/astrocatalogs/supernovae/blob/a0bc0b9/SCHEMA.md",
		"name":"AT2016aqx",
		"sources":[
			{
				"name":"2011ApJ...737..103S",
				"bibcode":"2011ApJ...737..103S",
				"reference":"Schlafly & Finkbeiner (2011)",
				"alias":"1"
			},
			{
				"name":"Transient Name Server",
				"url":"https://wis-tns.weizmann.ac.il/",
				"alias":"2"
			},
			{
				"name":"Latest Supernovae",
				"secondary":true,
				"url":"http://www.rochesterastronomy.org/snimages/snredshiftall.html",
				"alias":"3"
			},
			{
				"name":"The Open Supernova Catalog",
				"bibcode":"2017ApJ...835...64G",
				"reference":"Guillochon et al. (2017)",
				"secondary":true,
				"url":"https://sne.space",
				"alias":"4"
			}
		],
		"alias":[
			{
				"value":"AT2016aqx",
				"source":"2,3"
			}
		],
		"claimedtype":[
			{
				"value":"Candidate",
				"source":"4"
			}
		],
		"dec":[
			{
				"value":"+38:56:09.10",
				"u_value":"degrees",
				"source":"2"
			},
			{
				"value":"+38:56:09.1",
				"u_value":"degrees",
				"source":"2,3"
			}
		],
		"discoverdate":[
			{
				"value":"2016/02/29.98125",
				"source":"2"
			}
		],
		"discoverer":[
			{
				"value":"XOSS",
				"source":"2"
			},
			{
				"value":"Xing Gao et al.",
				"source":"2,3"
			}
		],
		"ebv":[
			{
				"value":"0.0592",
				"derived":true,
				"e_value":"0.0023",
				"source":"1,4"
			}
		],
		"host":[
			{
				"value":"PGC 62205",
				"source":"2"
			},
			{
				"value":"UGC 11313",
				"source":"2,3"
			}
		],
		"maxappmag":[
			{
				"value":"17.7",
				"derived":true,
				"source":"2,4"
			}
		],
		"maxband":[
			{
				"value":"C",
				"derived":true,
				"source":"2,4"
			}
		],
		"maxdate":[
			{
				"value":"2016/02/29",
				"derived":true,
				"source":"2,4"
			}
		],
		"maxvisualappmag":[
			{
				"value":"17.7",
				"derived":true,
				"source":"2,4"
			}
		],
		"maxvisualband":[
			{
				"value":"C",
				"derived":true,
				"source":"2,4"
			}
		],
		"maxvisualdate":[
			{
				"value":"2016/02/29",
				"derived":true,
				"source":"2,4"
			}
		],
		"ra":[
			{
				"value":"18:39:18.89",
				"u_value":"hours",
				"source":"2,3"
			}
		],
		"photometry":[
			{
				"time":"57361.5240741",
				"band":"C",
				"magnitude":"19",
				"observer":"X.Gao",
				"system":"Vega",
				"u_time":"MJD",
				"upperlimit":true,
				"source":"2"
			},
			{
				"time":"57447.48125",
				"band":"C",
				"magnitude":"17.7",
				"observer":"Wei Gao,Yang Shen,Ziheng Zhang,Di Hu,Haochen Xue,Mi Zhang,Qiang Yin,Yunxiang Yu,Jiayi Xu,Liangjian Liao,Yanwen Lou,Luze Li,Weizh",
				"system":"Vega",
				"u_time":"MJD",
				"source":"2"
			}
		]
	}
}