{
	"AT2016bfd":{
		"schema":"https://github.com/astrocatalogs/supernovae/blob/a0bc0b9/SCHEMA.md",
		"name":"AT2016bfd",
		"sources":[
			{
				"name":"ATel 8839",
				"bibcode":"2016ATel.8839....1T",
				"reference":"Tonry et al. (2016)",
				"url":"http://www.astronomerstelegram.org/?read=8839",
				"alias":"1"
			},
			{
				"name":"2011ApJ...737..103S",
				"bibcode":"2011ApJ...737..103S",
				"reference":"Schlafly & Finkbeiner (2011)",
				"alias":"2"
			},
			{
				"name":"Transient Name Server",
				"url":"https://wis-tns.weizmann.ac.il/",
				"alias":"3"
			},
			{
				"name":"Pan-STARRS 3Pi",
				"url":"http://psweb.mp.qub.ac.uk/ps1threepi/psdb/",
				"alias":"4"
			},
			{
				"name":"Latest Supernovae",
				"secondary":true,
				"url":"http://www.rochesterastronomy.org/snimages/snredshiftall.html",
				"alias":"5"
			},
			{
				"name":"The Open Supernova Catalog",
				"bibcode":"2017ApJ...835...64G",
				"reference":"Guillochon et al. (2017)",
				"secondary":true,
				"url":"https://sne.space",
				"alias":"6"
			}
		],
		"alias":[
			{
				"value":"AT2016bfd",
				"source":"1,3,4,5"
			},
			{
				"value":"ATLAS16ahb",
				"source":"1,3,5"
			},
			{
				"value":"PS16btu",
				"source":"1,5"
			}
		],
		"claimedtype":[
			{
				"value":"Candidate",
				"source":"6"
			}
		],
		"dec":[
			{
				"value":"+69:15:29.70",
				"u_value":"degrees",
				"source":"3"
			},
			{
				"value":"+69:15:29.7",
				"u_value":"degrees",
				"source":"1,5"
			},
			{
				"value":"+69:15:29.5",
				"u_value":"degrees",
				"source":"1,4"
			}
		],
		"discoverdate":[
			{
				"value":"2016/03/11.62",
				"source":"3"
			}
		],
		"discoverer":[
			{
				"value":"ATLAS",
				"source":"1,3,5"
			}
		],
		"ebv":[
			{
				"value":"0.0407",
				"derived":true,
				"e_value":"0.0032",
				"source":"2,6"
			}
		],
		"host":[
			{
				"value":"2MASX J18025452+6915258",
				"source":"1,4"
			}
		],
		"hostdec":[
			{
				"value":"+69:15:25.8",
				"derived":true,
				"u_value":"degrees",
				"source":"6"
			}
		],
		"hostoffsetang":[
			{
				"value":"5.613",
				"derived":true,
				"u_value":"arcseconds",
				"source":"1,3,5,6"
			}
		],
		"hostra":[
			{
				"value":"18:02:54.52",
				"derived":true,
				"u_value":"hours",
				"source":"6"
			}
		],
		"maxappmag":[
			{
				"value":"17.95",
				"derived":true,
				"source":"3,6"
			}
		],
		"maxband":[
			{
				"value":"cyan",
				"derived":true,
				"source":"3,6"
			}
		],
		"maxdate":[
			{
				"value":"2016/03/11",
				"derived":true,
				"source":"3,6"
			}
		],
		"maxvisualappmag":[
			{
				"value":"20.25",
				"derived":true,
				"source":"1,4,6"
			}
		],
		"maxvisualband":[
			{
				"value":"r",
				"derived":true,
				"source":"1,4,6"
			}
		],
		"maxvisualdate":[
			{
				"value":"2016/05/27",
				"derived":true,
				"source":"1,4,6"
			}
		],
		"ra":[
			{
				"value":"18:02:55.28",
				"u_value":"hours",
				"source":"1,3,5"
			},
			{
				"value":"18:02:55.21",
				"u_value":"hours",
				"source":"1,4"
			}
		],
		"photometry":[
			{
				"time":"57457.5",
				"magnitude":"18.0",
				"u_time":"MJD",
				"source":"1,5"
			},
			{
				"time":"57458.62",
				"band":"cyan",
				"instrument":"ACAM1",
				"magnitude":"17.95",
				"telescope":"ATLAS1",
				"u_time":"MJD",
				"source":"3"
			},
			{
				"time":"57499.5776358559",
				"band":"i",
				"e_magnitude":"0.0534146",
				"instrument":"GPC",
				"magnitude":"19.1117",
				"telescope":"Pan-STARRS1",
				"u_time":"MJD",
				"source":"1,4"
			},
			{
				"time":"57499.5906234196",
				"band":"i",
				"e_magnitude":"0.0601001",
				"instrument":"GPC",
				"magnitude":"19.1204",
				"telescope":"Pan-STARRS1",
				"u_time":"MJD",
				"source":"1,4"
			},
			{
				"time":"57499.6036347815",
				"band":"i",
				"e_magnitude":"0.0509375",
				"instrument":"GPC",
				"magnitude":"19.0557",
				"telescope":"Pan-STARRS1",
				"u_time":"MJD",
				"source":"1,4"
			},
			{
				"time":"57499.6166420883",
				"band":"i",
				"e_magnitude":"0.0663173",
				"instrument":"GPC",
				"magnitude":"19.1865",
				"telescope":"Pan-STARRS1",
				"u_time":"MJD",
				"source":"1,4"
			},
			{
				"time":"57505.6058058409",
				"band":"z",
				"e_magnitude":"0.174632",
				"instrument":"GPC",
				"magnitude":"19.6291",
				"telescope":"Pan-STARRS1",
				"u_time":"MJD",
				"source":"1,4"
			},
			{
				"time":"57535.5222687279",
				"band":"r",
				"e_magnitude":"0.10563",
				"instrument":"GPC",
				"magnitude":"20.292",
				"telescope":"Pan-STARRS1",
				"u_time":"MJD",
				"source":"1,4"
			},
			{
				"time":"57535.5367315723",
				"band":"r",
				"e_magnitude":"0.0876307",
				"instrument":"GPC",
				"magnitude":"20.2892",
				"telescope":"Pan-STARRS1",
				"u_time":"MJD",
				"source":"1,4"
			},
			{
				"time":"57535.5512270378",
				"band":"r",
				"e_magnitude":"0.0794051",
				"instrument":"GPC",
				"magnitude":"20.2524",
				"telescope":"Pan-STARRS1",
				"u_time":"MJD",
				"source":"1,4"
			},
			{
				"time":"57535.5657088788",
				"band":"r",
				"e_magnitude":"0.124694",
				"instrument":"GPC",
				"magnitude":"20.316",
				"telescope":"Pan-STARRS1",
				"u_time":"MJD",
				"source":"1,4"
			}
		]
	}
}