{
	"AT2016jha":{
		"schema":"https://github.com/astrocatalogs/supernovae/blob/a0bc0b9/SCHEMA.md",
		"name":"AT2016jha",
		"sources":[
			{
				"name":"2011ApJ...737..103S",
				"bibcode":"2011ApJ...737..103S",
				"reference":"Schlafly & Finkbeiner (2011)",
				"alias":"1"
			},
			{
				"name":"Transient Name Server",
				"url":"https://wis-tns.weizmann.ac.il/",
				"alias":"2"
			},
			{
				"name":"Latest Supernovae",
				"secondary":true,
				"url":"http://www.rochesterastronomy.org/snimages/snredshiftall.html",
				"alias":"3"
			},
			{
				"name":"The Open Supernova Catalog",
				"bibcode":"2017ApJ...835...64G",
				"reference":"Guillochon et al. (2017)",
				"secondary":true,
				"url":"https://sne.space",
				"alias":"4"
			}
		],
		"alias":[
			{
				"value":"AT2016jha",
				"source":"2,3"
			},
			{
				"value":"ATLAS17apx",
				"source":"2,3"
			}
		],
		"claimedtype":[
			{
				"value":"Candidate",
				"source":"4"
			}
		],
		"dec":[
			{
				"value":"-07:09:47.18",
				"u_value":"degrees",
				"source":"2,3"
			}
		],
		"discoverdate":[
			{
				"value":"2016/12/21.356991",
				"source":"2"
			}
		],
		"discoverer":[
			{
				"value":"ATLAS",
				"source":"2,3"
			}
		],
		"ebv":[
			{
				"value":"0.0237",
				"derived":true,
				"e_value":"0.0002",
				"source":"1,4"
			}
		],
		"maxappmag":[
			{
				"value":"18.96",
				"derived":true,
				"source":"2,4"
			}
		],
		"maxband":[
			{
				"value":"orange",
				"derived":true,
				"source":"2,4"
			}
		],
		"maxdate":[
			{
				"value":"2016/12/21",
				"derived":true,
				"source":"2,4"
			}
		],
		"maxvisualappmag":[
			{
				"value":"18.96",
				"derived":true,
				"source":"2,4"
			}
		],
		"maxvisualband":[
			{
				"value":"orange",
				"derived":true,
				"source":"2,4"
			}
		],
		"maxvisualdate":[
			{
				"value":"2016/12/21",
				"derived":true,
				"source":"2,4"
			}
		],
		"ra":[
			{
				"value":"02:27:19.30",
				"u_value":"hours",
				"source":"2"
			},
			{
				"value":"02:27:19.300",
				"u_value":"hours",
				"source":"2,3"
			}
		],
		"photometry":[
			{
				"time":"57736.3909954",
				"band":"orange",
				"instrument":"ACAM1",
				"magnitude":"18.36",
				"observer":"Robot",
				"telescope":"ATLAS1",
				"u_time":"MJD",
				"upperlimit":true,
				"source":"2"
			},
			{
				"time":"57743.3569907",
				"band":"orange",
				"e_magnitude":"0.17",
				"instrument":"ACAM1",
				"magnitude":"18.96",
				"observer":"Robot",
				"telescope":"ATLAS1",
				"u_time":"MJD",
				"source":"2"
			}
		]
	}
}