{
	"AT2016geo":{
		"schema":"https://github.com/astrocatalogs/supernovae/blob/a0bc0b9/SCHEMA.md",
		"name":"AT2016geo",
		"sources":[
			{
				"name":"ATel 9492",
				"bibcode":"2016ATel.9492....1T",
				"reference":"Tonry et al. (2016)",
				"url":"http://www.astronomerstelegram.org/?read=9492",
				"alias":"1"
			},
			{
				"name":"2016A&A...594A..13P",
				"bibcode":"2016A&A...594A..13P",
				"reference":"Planck Collaboration et al. (2016)",
				"alias":"2"
			},
			{
				"name":"2011ApJ...737..103S",
				"bibcode":"2011ApJ...737..103S",
				"reference":"Schlafly & Finkbeiner (2011)",
				"alias":"3"
			},
			{
				"name":"Transient Name Server",
				"url":"https://wis-tns.weizmann.ac.il/",
				"alias":"4"
			},
			{
				"name":"Latest Supernovae",
				"secondary":true,
				"url":"http://www.rochesterastronomy.org/snimages/snredshiftall.html",
				"alias":"5"
			},
			{
				"name":"The Open Supernova Catalog",
				"bibcode":"2017ApJ...835...64G",
				"reference":"Guillochon et al. (2017)",
				"secondary":true,
				"url":"https://sne.space",
				"alias":"6"
			}
		],
		"alias":[
			{
				"value":"AT2016geo",
				"source":"1,4,5"
			},
			{
				"value":"ATLAS16cro",
				"source":"1,4,5"
			}
		],
		"claimedtype":[
			{
				"value":"Candidate",
				"source":"6"
			}
		],
		"comovingdist":[
			{
				"value":"278",
				"derived":true,
				"u_value":"Mpc",
				"source":"1,2,5,6"
			}
		],
		"dec":[
			{
				"value":"+25:41:37.10",
				"u_value":"degrees",
				"source":"1,4,5"
			}
		],
		"discoverdate":[
			{
				"value":"2016/09/06.253993",
				"source":"4"
			}
		],
		"discoverer":[
			{
				"value":"ATLAS",
				"source":"1,4,5"
			}
		],
		"ebv":[
			{
				"value":"0.047",
				"derived":true,
				"e_value":"0.0017",
				"source":"3,6"
			}
		],
		"lumdist":[
			{
				"value":"295.9",
				"derived":true,
				"u_value":"Mpc",
				"source":"1,2,5,6"
			}
		],
		"maxabsmag":[
			{
				"value":"-18.76",
				"derived":true,
				"source":"1,2,5,6"
			}
		],
		"maxappmag":[
			{
				"value":"18.53",
				"derived":true,
				"source":"4,6"
			}
		],
		"maxband":[
			{
				"value":"cyan",
				"derived":true,
				"source":"4,6"
			}
		],
		"maxdate":[
			{
				"value":"2016/09/06",
				"derived":true,
				"source":"4,6"
			}
		],
		"maxvisualabsmag":[
			{
				"value":"-18.83",
				"derived":true,
				"source":"1,2,5,6"
			}
		],
		"maxvisualappmag":[
			{
				"value":"18.53",
				"derived":true,
				"source":"4,6"
			}
		],
		"maxvisualband":[
			{
				"value":"cyan",
				"derived":true,
				"source":"4,6"
			}
		],
		"maxvisualdate":[
			{
				"value":"2016/09/06",
				"derived":true,
				"source":"4,6"
			}
		],
		"ra":[
			{
				"value":"16:14:27.44",
				"u_value":"hours",
				"source":"4"
			},
			{
				"value":"16:14:27.440",
				"u_value":"hours",
				"source":"1,5"
			}
		],
		"redshift":[
			{
				"value":"0.0638",
				"source":"1,5"
			}
		],
		"velocity":[
			{
				"value":"18500",
				"u_value":"km/s",
				"source":"6"
			}
		],
		"photometry":[
			{
				"time":"57626.3119907",
				"band":"cyan",
				"instrument":"ACAM1",
				"magnitude":"19.68",
				"observer":"Robot",
				"telescope":"ATLAS1",
				"u_time":"MJD",
				"upperlimit":true,
				"source":"4"
			},
			{
				"time":"57637.2539931",
				"band":"cyan",
				"e_magnitude":"0.11",
				"instrument":"ACAM1",
				"magnitude":"18.53",
				"observer":"Robot",
				"telescope":"ATLAS1",
				"u_time":"MJD",
				"source":"4"
			}
		]
	}
}