{
	"AT2016jgk":{
		"schema":"https://github.com/astrocatalogs/supernovae/blob/a0bc0b9/SCHEMA.md",
		"name":"AT2016jgk",
		"sources":[
			{
				"name":"2011ApJ...737..103S",
				"bibcode":"2011ApJ...737..103S",
				"reference":"Schlafly & Finkbeiner (2011)",
				"alias":"1"
			},
			{
				"name":"Transient Name Server",
				"url":"https://wis-tns.weizmann.ac.il/",
				"alias":"2"
			},
			{
				"name":"Pan-STARRS 3Pi",
				"url":"http://psweb.mp.qub.ac.uk/ps1threepi/psdb/",
				"alias":"3"
			},
			{
				"name":"Latest Supernovae",
				"secondary":true,
				"url":"http://www.rochesterastronomy.org/snimages/snredshiftall.html",
				"alias":"4"
			},
			{
				"name":"The Open Supernova Catalog",
				"bibcode":"2017ApJ...835...64G",
				"reference":"Guillochon et al. (2017)",
				"secondary":true,
				"url":"https://sne.space",
				"alias":"5"
			}
		],
		"alias":[
			{
				"value":"AT2016jgk",
				"source":"2,3,4"
			},
			{
				"value":"PTSS-16suq",
				"source":"2,4"
			},
			{
				"value":"PS17axm",
				"source":"2,4"
			}
		],
		"claimedtype":[
			{
				"value":"Candidate",
				"source":"5"
			}
		],
		"dec":[
			{
				"value":"+23:54:02.12",
				"u_value":"degrees",
				"source":"2,4"
			},
			{
				"value":"+23:54:03.5",
				"u_value":"degrees",
				"source":"3"
			}
		],
		"discoverdate":[
			{
				"value":"2016/12/27.693796",
				"source":"2"
			}
		],
		"discoverer":[
			{
				"value":"PTSS",
				"source":"2"
			},
			{
				"value":"PMO-Tsinghua Supernova Survey (PTSS)",
				"source":"2,4"
			}
		],
		"ebv":[
			{
				"value":"0.0491",
				"derived":true,
				"e_value":"0.0024",
				"source":"1,5"
			}
		],
		"maxappmag":[
			{
				"value":"19.1",
				"derived":true,
				"source":"2,4,5"
			}
		],
		"maxdate":[
			{
				"value":"2016/12/26",
				"derived":true,
				"source":"2,4,5"
			}
		],
		"maxvisualappmag":[
			{
				"value":"19.1",
				"derived":true,
				"source":"2,5"
			}
		],
		"maxvisualband":[
			{
				"value":"r",
				"derived":true,
				"source":"2,5"
			}
		],
		"maxvisualdate":[
			{
				"value":"2016/12/27",
				"derived":true,
				"source":"2,5"
			}
		],
		"ra":[
			{
				"value":"07:13:27.71",
				"u_value":"hours",
				"source":"2"
			},
			{
				"value":"07:13:27.710",
				"u_value":"hours",
				"source":"2,4"
			},
			{
				"value":"07:13:27.66",
				"u_value":"hours",
				"source":"3"
			}
		],
		"photometry":[
			{
				"time":"57748.5",
				"magnitude":"19.1",
				"u_time":"MJD",
				"source":"2,4"
			},
			{
				"time":"57749.6937963",
				"band":"r",
				"instrument":"STA1600",
				"magnitude":"19.1",
				"observer":"Bin Li",
				"system":"Vega",
				"telescope":"CNEOST",
				"u_time":"MJD",
				"source":"2"
			},
			{
				"time":"57780.4659954",
				"band":"w",
				"e_magnitude":"0.04",
				"instrument":"GPC1",
				"magnitude":"19.96",
				"observer":"Robot",
				"telescope":"PS1",
				"u_time":"MJD",
				"source":"2"
			},
			{
				"time":"57780.4662336372",
				"band":"w",
				"e_magnitude":"0.0355531",
				"instrument":"GPC",
				"magnitude":"19.9599",
				"telescope":"Pan-STARRS1",
				"u_time":"MJD",
				"source":"3"
			},
			{
				"time":"57780.4788832524",
				"band":"w",
				"e_magnitude":"0.0483934",
				"instrument":"GPC",
				"magnitude":"19.9291",
				"telescope":"Pan-STARRS1",
				"u_time":"MJD",
				"source":"3"
			},
			{
				"time":"57780.4915119269",
				"band":"w",
				"e_magnitude":"0.0498348",
				"instrument":"GPC",
				"magnitude":"19.9189",
				"telescope":"Pan-STARRS1",
				"u_time":"MJD",
				"source":"3"
			},
			{
				"time":"57780.5041695372",
				"band":"w",
				"e_magnitude":"0.0488168",
				"instrument":"GPC",
				"magnitude":"19.9262",
				"telescope":"Pan-STARRS1",
				"u_time":"MJD",
				"source":"3"
			}
		]
	}
}