{
	"AT2016of":{
		"schema":"https://github.com/astrocatalogs/supernovae/blob/a0bc0b9/SCHEMA.md",
		"name":"AT2016of",
		"sources":[
			{
				"name":"2016A&A...594A..13P",
				"bibcode":"2016A&A...594A..13P",
				"reference":"Planck Collaboration et al. (2016)",
				"alias":"1"
			},
			{
				"name":"2011ApJ...737..103S",
				"bibcode":"2011ApJ...737..103S",
				"reference":"Schlafly & Finkbeiner (2011)",
				"alias":"2"
			},
			{
				"name":"Transient Name Server",
				"url":"https://wis-tns.weizmann.ac.il/",
				"alias":"3"
			},
			{
				"name":"Pan-STARRS 3Pi",
				"url":"http://psweb.mp.qub.ac.uk/ps1threepi/psdb/",
				"alias":"4"
			},
			{
				"name":"Latest Supernovae",
				"secondary":true,
				"url":"http://www.rochesterastronomy.org/snimages/snredshiftall.html",
				"alias":"5"
			},
			{
				"name":"The Open Supernova Catalog",
				"bibcode":"2017ApJ...835...64G",
				"reference":"Guillochon et al. (2017)",
				"secondary":true,
				"url":"https://sne.space",
				"alias":"6"
			},
			{
				"name":"NED-D",
				"bibcode":"1991ASSL..171...89H",
				"reference":"Helou et al. (1991)",
				"secondary":true,
				"url":"http://ned.ipac.caltech.edu/Library/Distances/",
				"alias":"7"
			}
		],
		"alias":[
			{
				"value":"AT2016of",
				"source":"3,4,5"
			},
			{
				"value":"PS16pl",
				"source":"3,5"
			},
			{
				"value":"AT2016ccq",
				"source":"3,5"
			}
		],
		"claimedtype":[
			{
				"value":"Candidate",
				"source":"6"
			}
		],
		"comovingdist":[
			{
				"value":"73.6",
				"derived":true,
				"u_value":"Mpc",
				"source":"1,6,7"
			}
		],
		"dec":[
			{
				"value":"+17:30:29.26",
				"u_value":"degrees",
				"source":"3"
			},
			{
				"value":"+17:30:32.50",
				"u_value":"degrees",
				"source":"3,5"
			},
			{
				"value":"+17:30:29.2",
				"u_value":"degrees",
				"source":"4"
			}
		],
		"discoverdate":[
			{
				"value":"2016/01/14.458414",
				"source":"3"
			}
		],
		"discoverer":[
			{
				"value":"Pan-STARRS1",
				"source":"3"
			},
			{
				"value":"Italian Supernovae Search Project",
				"source":"3,5"
			}
		],
		"ebv":[
			{
				"value":"0.0244",
				"derived":true,
				"e_value":"0.0007",
				"source":"2,6"
			}
		],
		"host":[
			{
				"value":"UGC 5651",
				"source":"3,4,5"
			}
		],
		"hostcomovingdist":[
			{
				"value":"73.6",
				"derived":true,
				"source":"1,6,7"
			}
		],
		"hostlumdist":[
			{
				"value":"74.85",
				"derived":true,
				"source":"1,6,7"
			}
		],
		"hostredshift":[
			{
				"value":"0.0167",
				"derived":true,
				"source":"1,7"
			}
		],
		"hostvelocity":[
			{
				"value":"4960",
				"source":"6"
			}
		],
		"lumdist":[
			{
				"value":"74.85",
				"derived":true,
				"u_value":"Mpc",
				"source":"1,6,7"
			}
		],
		"maxabsmag":[
			{
				"value":"-15.85",
				"derived":true,
				"source":"1,6,7"
			}
		],
		"maxappmag":[
			{
				"value":"18.5",
				"derived":true,
				"source":"3,6"
			}
		],
		"maxband":[
			{
				"value":"C",
				"derived":true,
				"source":"3,6"
			}
		],
		"maxdate":[
			{
				"value":"2016/05/07",
				"derived":true,
				"source":"3,6"
			}
		],
		"maxvisualabsmag":[
			{
				"value":"-15.6",
				"derived":true,
				"source":"1,6,7"
			}
		],
		"maxvisualappmag":[
			{
				"value":"18.77",
				"derived":true,
				"source":"4,6"
			}
		],
		"maxvisualband":[
			{
				"value":"r",
				"derived":true,
				"source":"4,6"
			}
		],
		"maxvisualdate":[
			{
				"value":"2016/02/26",
				"derived":true,
				"source":"4,6"
			}
		],
		"ra":[
			{
				"value":"10:26:26.02",
				"u_value":"hours",
				"source":"3,4"
			},
			{
				"value":"10:26:26.000",
				"u_value":"hours",
				"source":"3,5"
			}
		],
		"redshift":[
			{
				"value":"0.0167",
				"derived":true,
				"kind":"host",
				"source":"1,7"
			}
		],
		"velocity":[
			{
				"value":"4960",
				"u_value":"km/s",
				"source":"6"
			}
		],
		"photometry":[
			{
				"time":"57401.4584144",
				"band":"w",
				"instrument":"GPC1",
				"magnitude":"18.8186",
				"telescope":"PS1",
				"u_time":"MJD",
				"source":"3"
			},
			{
				"time":"57401.458417289",
				"band":"w",
				"e_magnitude":"0.0210284",
				"instrument":"GPC",
				"magnitude":"18.8186",
				"telescope":"Pan-STARRS1",
				"u_time":"MJD",
				"source":"4"
			},
			{
				"time":"57401.4715665471",
				"band":"w",
				"e_magnitude":"0.0228259",
				"instrument":"GPC",
				"magnitude":"18.813",
				"telescope":"Pan-STARRS1",
				"u_time":"MJD",
				"source":"4"
			},
			{
				"time":"57401.4846853572",
				"band":"w",
				"e_magnitude":"0.0608658",
				"instrument":"GPC",
				"magnitude":"18.909",
				"telescope":"Pan-STARRS1",
				"u_time":"MJD",
				"source":"4"
			},
			{
				"time":"57401.4978210497",
				"band":"w",
				"e_magnitude":"0.0430469",
				"instrument":"GPC",
				"magnitude":"18.8187",
				"telescope":"Pan-STARRS1",
				"u_time":"MJD",
				"source":"4"
			},
			{
				"time":"57408.4359362429",
				"band":"i",
				"e_magnitude":"0.0700921",
				"instrument":"GPC",
				"magnitude":"18.8901",
				"telescope":"Pan-STARRS1",
				"u_time":"MJD",
				"source":"4"
			},
			{
				"time":"57408.4501529801",
				"band":"i",
				"e_magnitude":"0.10283",
				"instrument":"GPC",
				"magnitude":"18.9064",
				"telescope":"Pan-STARRS1",
				"u_time":"MJD",
				"source":"4"
			},
			{
				"time":"57408.4643930984",
				"band":"i",
				"e_magnitude":"0.0831514",
				"instrument":"GPC",
				"magnitude":"18.8239",
				"telescope":"Pan-STARRS1",
				"u_time":"MJD",
				"source":"4"
			},
			{
				"time":"57408.478469943",
				"band":"i",
				"e_magnitude":"0.0663022",
				"instrument":"GPC",
				"magnitude":"18.7842",
				"telescope":"Pan-STARRS1",
				"u_time":"MJD",
				"source":"4"
			},
			{
				"time":"57421.4146388662",
				"band":"w",
				"e_magnitude":"0.0290114",
				"instrument":"GPC",
				"magnitude":"18.9711",
				"telescope":"Pan-STARRS1",
				"u_time":"MJD",
				"source":"4"
			},
			{
				"time":"57421.4264960372",
				"band":"w",
				"e_magnitude":"0.0273614",
				"instrument":"GPC",
				"magnitude":"18.9327",
				"telescope":"Pan-STARRS1",
				"u_time":"MJD",
				"source":"4"
			},
			{
				"time":"57421.4383686902",
				"band":"w",
				"e_magnitude":"0.0351958",
				"instrument":"GPC",
				"magnitude":"18.9965",
				"telescope":"Pan-STARRS1",
				"u_time":"MJD",
				"source":"4"
			},
			{
				"time":"57421.4502870363",
				"band":"w",
				"e_magnitude":"0.0412788",
				"instrument":"GPC",
				"magnitude":"18.9725",
				"telescope":"Pan-STARRS1",
				"u_time":"MJD",
				"source":"4"
			},
			{
				"time":"57423.3898691204",
				"band":"w",
				"e_magnitude":"0.0259185",
				"instrument":"GPC",
				"magnitude":"18.9876",
				"telescope":"Pan-STARRS1",
				"u_time":"MJD",
				"source":"4"
			},
			{
				"time":"57423.4028579408",
				"band":"w",
				"e_magnitude":"0.0317408",
				"instrument":"GPC",
				"magnitude":"18.9981",
				"telescope":"Pan-STARRS1",
				"u_time":"MJD",
				"source":"4"
			},
			{
				"time":"57423.4158389694",
				"band":"w",
				"e_magnitude":"0.0235402",
				"instrument":"GPC",
				"magnitude":"18.9664",
				"telescope":"Pan-STARRS1",
				"u_time":"MJD",
				"source":"4"
			},
			{
				"time":"57423.4289322673",
				"band":"w",
				"e_magnitude":"0.0253361",
				"instrument":"GPC",
				"magnitude":"18.9405",
				"telescope":"Pan-STARRS1",
				"u_time":"MJD",
				"source":"4"
			},
			{
				"time":"57424.56170569",
				"band":"w",
				"e_magnitude":"0.0186743",
				"instrument":"GPC",
				"magnitude":"18.9374",
				"telescope":"Pan-STARRS1",
				"u_time":"MJD",
				"source":"4"
			},
			{
				"time":"57424.5743893694",
				"band":"w",
				"e_magnitude":"0.020118",
				"instrument":"GPC",
				"magnitude":"18.9363",
				"telescope":"Pan-STARRS1",
				"u_time":"MJD",
				"source":"4"
			},
			{
				"time":"57424.5871266202",
				"band":"w",
				"e_magnitude":"0.0229084",
				"instrument":"GPC",
				"magnitude":"18.9615",
				"telescope":"Pan-STARRS1",
				"u_time":"MJD",
				"source":"4"
			},
			{
				"time":"57424.5998833631",
				"band":"w",
				"e_magnitude":"0.02677",
				"instrument":"GPC",
				"magnitude":"18.9551",
				"telescope":"Pan-STARRS1",
				"u_time":"MJD",
				"source":"4"
			},
			{
				"time":"57444.5409525344",
				"band":"r",
				"e_magnitude":"0.104747",
				"instrument":"GPC",
				"magnitude":"18.8452",
				"telescope":"Pan-STARRS1",
				"u_time":"MJD",
				"source":"4"
			},
			{
				"time":"57444.5549667198",
				"band":"r",
				"e_magnitude":"0.0569474",
				"instrument":"GPC",
				"magnitude":"18.7659",
				"telescope":"Pan-STARRS1",
				"u_time":"MJD",
				"source":"4"
			},
			{
				"time":"57444.5692857323",
				"band":"r",
				"e_magnitude":"0.0941759",
				"instrument":"GPC",
				"magnitude":"18.7761",
				"telescope":"Pan-STARRS1",
				"u_time":"MJD",
				"source":"4"
			},
			{
				"time":"57444.5830500298",
				"band":"r",
				"e_magnitude":"0.107646",
				"instrument":"GPC",
				"magnitude":"18.8055",
				"telescope":"Pan-STARRS1",
				"u_time":"MJD",
				"source":"4"
			},
			{
				"time":"57458.313323379",
				"band":"w",
				"e_magnitude":"0.0523482",
				"instrument":"GPC",
				"magnitude":"19.0822",
				"telescope":"Pan-STARRS1",
				"u_time":"MJD",
				"source":"4"
			},
			{
				"time":"57458.3274597315",
				"band":"w",
				"e_magnitude":"0.0676495",
				"instrument":"GPC",
				"magnitude":"19.1361",
				"telescope":"Pan-STARRS1",
				"u_time":"MJD",
				"source":"4"
			},
			{
				"time":"57458.341689987",
				"band":"w",
				"e_magnitude":"0.0651341",
				"instrument":"GPC",
				"magnitude":"19.1065",
				"telescope":"Pan-STARRS1",
				"u_time":"MJD",
				"source":"4"
			},
			{
				"time":"57472.4139492185",
				"band":"i",
				"e_magnitude":"0.0331741",
				"instrument":"GPC",
				"magnitude":"18.6061",
				"telescope":"Pan-STARRS1",
				"u_time":"MJD",
				"source":"4"
			},
			{
				"time":"57472.4269822119",
				"band":"i",
				"e_magnitude":"0.0312694",
				"instrument":"GPC",
				"magnitude":"18.6226",
				"telescope":"Pan-STARRS1",
				"u_time":"MJD",
				"source":"4"
			},
			{
				"time":"57472.4400862119",
				"band":"i",
				"e_magnitude":"0.0399626",
				"instrument":"GPC",
				"magnitude":"18.678",
				"telescope":"Pan-STARRS1",
				"u_time":"MJD",
				"source":"4"
			},
			{
				"time":"57472.4532626787",
				"band":"i",
				"e_magnitude":"0.0518491",
				"instrument":"GPC",
				"magnitude":"18.7692",
				"telescope":"Pan-STARRS1",
				"u_time":"MJD",
				"source":"4"
			},
			{
				"time":"57481.2471236973",
				"band":"w",
				"e_magnitude":"0.0161277",
				"instrument":"GPC",
				"magnitude":"18.9582",
				"telescope":"Pan-STARRS1",
				"u_time":"MJD",
				"source":"4"
			},
			{
				"time":"57481.2587539736",
				"band":"w",
				"e_magnitude":"0.016635",
				"instrument":"GPC",
				"magnitude":"18.9584",
				"telescope":"Pan-STARRS1",
				"u_time":"MJD",
				"source":"4"
			},
			{
				"time":"57481.2704638946",
				"band":"w",
				"e_magnitude":"0.0174303",
				"instrument":"GPC",
				"magnitude":"18.9828",
				"telescope":"Pan-STARRS1",
				"u_time":"MJD",
				"source":"4"
			},
			{
				"time":"57481.282207977",
				"band":"w",
				"e_magnitude":"0.0168578",
				"instrument":"GPC",
				"magnitude":"18.9666",
				"telescope":"Pan-STARRS1",
				"u_time":"MJD",
				"source":"4"
			},
			{
				"time":"57499.3567741705",
				"band":"i",
				"e_magnitude":"0.0415235",
				"instrument":"GPC",
				"magnitude":"18.7933",
				"telescope":"Pan-STARRS1",
				"u_time":"MJD",
				"source":"4"
			},
			{
				"time":"57499.3689436931",
				"band":"i",
				"e_magnitude":"0.0408375",
				"instrument":"GPC",
				"magnitude":"18.7943",
				"telescope":"Pan-STARRS1",
				"u_time":"MJD",
				"source":"4"
			},
			{
				"time":"57499.3813091964",
				"band":"i",
				"e_magnitude":"0.0719492",
				"instrument":"GPC",
				"magnitude":"18.7679",
				"telescope":"Pan-STARRS1",
				"u_time":"MJD",
				"source":"4"
			},
			{
				"time":"57499.3934792612",
				"band":"i",
				"e_magnitude":"0.0377688",
				"instrument":"GPC",
				"magnitude":"18.8107",
				"telescope":"Pan-STARRS1",
				"u_time":"MJD",
				"source":"4"
			},
			{
				"time":"57514.3034904819",
				"band":"w",
				"e_magnitude":"0.0319188",
				"instrument":"GPC",
				"magnitude":"19.1045",
				"telescope":"Pan-STARRS1",
				"u_time":"MJD",
				"source":"4"
			},
			{
				"time":"57514.3152999515",
				"band":"w",
				"e_magnitude":"0.0269412",
				"instrument":"GPC",
				"magnitude":"19.1131",
				"telescope":"Pan-STARRS1",
				"u_time":"MJD",
				"source":"4"
			},
			{
				"time":"57514.3271729257",
				"band":"w",
				"e_magnitude":"0.029727",
				"instrument":"GPC",
				"magnitude":"19.1075",
				"telescope":"Pan-STARRS1",
				"u_time":"MJD",
				"source":"4"
			},
			{
				"time":"57514.3390381345",
				"band":"w",
				"e_magnitude":"0.0305321",
				"instrument":"GPC",
				"magnitude":"19.0764",
				"telescope":"Pan-STARRS1",
				"u_time":"MJD",
				"source":"4"
			},
			{
				"time":"57515.3611111",
				"band":"C",
				"magnitude":"18.5",
				"observer":"Paolo Campaner",
				"u_time":"MJD",
				"source":"3"
			},
			{
				"time":"57766.5",
				"magnitude":"18.8",
				"u_time":"MJD",
				"source":"3,5"
			}
		]
	}
}