{
	"AT2016arl":{
		"schema":"https://github.com/astrocatalogs/supernovae/blob/a0bc0b9/SCHEMA.md",
		"name":"AT2016arl",
		"sources":[
			{
				"name":"2011ApJ...737..103S",
				"bibcode":"2011ApJ...737..103S",
				"reference":"Schlafly & Finkbeiner (2011)",
				"alias":"1"
			},
			{
				"name":"Transient Name Server",
				"url":"https://wis-tns.weizmann.ac.il/",
				"alias":"2"
			},
			{
				"name":"Pan-STARRS 3Pi",
				"url":"http://psweb.mp.qub.ac.uk/ps1threepi/psdb/",
				"alias":"3"
			},
			{
				"name":"Latest Supernovae",
				"secondary":true,
				"url":"http://www.rochesterastronomy.org/snimages/snredshiftall.html",
				"alias":"4"
			},
			{
				"name":"The Open Supernova Catalog",
				"bibcode":"2017ApJ...835...64G",
				"reference":"Guillochon et al. (2017)",
				"secondary":true,
				"url":"https://sne.space",
				"alias":"5"
			}
		],
		"alias":[
			{
				"value":"AT2016arl",
				"source":"2,3,4"
			},
			{
				"value":"LSQ16zj",
				"source":"2,4"
			},
			{
				"value":"PS16bam",
				"source":"2,4"
			}
		],
		"claimedtype":[
			{
				"value":"Candidate",
				"source":"5"
			}
		],
		"dec":[
			{
				"value":"-01:32:08.09",
				"u_value":"degrees",
				"source":"2"
			},
			{
				"value":"-01:32:08.1",
				"u_value":"degrees",
				"source":"2,4"
			},
			{
				"value":"-01:32:07.9",
				"u_value":"degrees",
				"source":"3"
			}
		],
		"discoverdate":[
			{
				"value":"2016/03/03.260197",
				"source":"2"
			}
		],
		"discoverer":[
			{
				"value":"LSQ",
				"source":"2"
			},
			{
				"value":"La Silla-QUEST",
				"source":"2,4"
			}
		],
		"ebv":[
			{
				"value":"0.0169",
				"derived":true,
				"e_value":"0.0005",
				"source":"1,5"
			}
		],
		"host":[
			{
				"value":"APMUKS(BJ) B120820.36-011526.9",
				"source":"3"
			}
		],
		"maxappmag":[
			{
				"value":"18.73",
				"derived":true,
				"source":"3,5"
			}
		],
		"maxband":[
			{
				"value":"w",
				"derived":true,
				"source":"3,5"
			}
		],
		"maxdate":[
			{
				"value":"2016/03/10",
				"derived":true,
				"source":"3,5"
			}
		],
		"maxvisualappmag":[
			{
				"value":"18.73",
				"derived":true,
				"source":"3,5"
			}
		],
		"maxvisualband":[
			{
				"value":"w",
				"derived":true,
				"source":"3,5"
			}
		],
		"maxvisualdate":[
			{
				"value":"2016/03/10",
				"derived":true,
				"source":"3,5"
			}
		],
		"ra":[
			{
				"value":"12:10:54.61",
				"u_value":"hours",
				"source":"2,4"
			},
			{
				"value":"12:10:54.57",
				"u_value":"hours",
				"source":"3"
			}
		],
		"photometry":[
			{
				"time":"57446.3105903",
				"band":"gr",
				"instrument":"QUEST",
				"magnitude":"21.5",
				"telescope":"ESO-1m",
				"u_time":"MJD",
				"upperlimit":true,
				"source":"2"
			},
			{
				"time":"57450.2601968",
				"band":"gr",
				"instrument":"QUEST",
				"magnitude":"19.1213",
				"telescope":"ESO-1m",
				"u_time":"MJD",
				"source":"2"
			},
			{
				"time":"57457.4082397198",
				"band":"w",
				"e_magnitude":"0.0185917",
				"instrument":"GPC",
				"magnitude":"18.7394",
				"telescope":"Pan-STARRS1",
				"u_time":"MJD",
				"source":"3"
			},
			{
				"time":"57457.4205323398",
				"band":"w",
				"e_magnitude":"0.0176145",
				"instrument":"GPC",
				"magnitude":"18.7301",
				"telescope":"Pan-STARRS1",
				"u_time":"MJD",
				"source":"3"
			},
			{
				"time":"57457.4327676916",
				"band":"w",
				"e_magnitude":"0.0206516",
				"instrument":"GPC",
				"magnitude":"18.7493",
				"telescope":"Pan-STARRS1",
				"u_time":"MJD",
				"source":"3"
			},
			{
				"time":"57457.4449716452",
				"band":"w",
				"e_magnitude":"0.0243221",
				"instrument":"GPC",
				"magnitude":"18.7347",
				"telescope":"Pan-STARRS1",
				"u_time":"MJD",
				"source":"3"
			},
			{
				"time":"57458.4645040213",
				"band":"w",
				"e_magnitude":"0.0388739",
				"instrument":"GPC",
				"magnitude":"18.8264",
				"telescope":"Pan-STARRS1",
				"u_time":"MJD",
				"source":"3"
			},
			{
				"time":"57458.4776390303",
				"band":"w",
				"e_magnitude":"0.0394121",
				"instrument":"GPC",
				"magnitude":"18.8201",
				"telescope":"Pan-STARRS1",
				"u_time":"MJD",
				"source":"3"
			},
			{
				"time":"57458.4907966331",
				"band":"w",
				"e_magnitude":"0.0346406",
				"instrument":"GPC",
				"magnitude":"18.8275",
				"telescope":"Pan-STARRS1",
				"u_time":"MJD",
				"source":"3"
			},
			{
				"time":"57458.5039167985",
				"band":"w",
				"e_magnitude":"0.0366218",
				"instrument":"GPC",
				"magnitude":"18.8133",
				"telescope":"Pan-STARRS1",
				"u_time":"MJD",
				"source":"3"
			},
			{
				"time":"57479.3631261941",
				"band":"w",
				"e_magnitude":"0.0238284",
				"instrument":"GPC",
				"magnitude":"19.6242",
				"telescope":"Pan-STARRS1",
				"u_time":"MJD",
				"source":"3"
			},
			{
				"time":"57479.3754393976",
				"band":"w",
				"e_magnitude":"0.0225025",
				"instrument":"GPC",
				"magnitude":"19.62",
				"telescope":"Pan-STARRS1",
				"u_time":"MJD",
				"source":"3"
			},
			{
				"time":"57479.3877462718",
				"band":"w",
				"e_magnitude":"0.0219901",
				"instrument":"GPC",
				"magnitude":"19.6142",
				"telescope":"Pan-STARRS1",
				"u_time":"MJD",
				"source":"3"
			},
			{
				"time":"57479.4000822314",
				"band":"w",
				"e_magnitude":"0.0251435",
				"instrument":"GPC",
				"magnitude":"19.6424",
				"telescope":"Pan-STARRS1",
				"u_time":"MJD",
				"source":"3"
			},
			{
				"time":"57480.3688305639",
				"band":"w",
				"e_magnitude":"0.0494893",
				"instrument":"GPC",
				"magnitude":"19.6446",
				"telescope":"Pan-STARRS1",
				"u_time":"MJD",
				"source":"3"
			},
			{
				"time":"57480.3694812837",
				"band":"w",
				"e_magnitude":"0.067168",
				"instrument":"GPC",
				"magnitude":"19.738",
				"telescope":"Pan-STARRS1",
				"u_time":"MJD",
				"source":"3"
			},
			{
				"time":"57480.3804889135",
				"band":"w",
				"e_magnitude":"0.0628884",
				"instrument":"GPC",
				"magnitude":"19.6733",
				"telescope":"Pan-STARRS1",
				"u_time":"MJD",
				"source":"3"
			},
			{
				"time":"57480.3811311442",
				"band":"w",
				"e_magnitude":"0.0492532",
				"instrument":"GPC",
				"magnitude":"19.6825",
				"telescope":"Pan-STARRS1",
				"u_time":"MJD",
				"source":"3"
			},
			{
				"time":"57480.3921764263",
				"band":"w",
				"e_magnitude":"0.0294892",
				"instrument":"GPC",
				"magnitude":"19.6449",
				"telescope":"Pan-STARRS1",
				"u_time":"MJD",
				"source":"3"
			},
			{
				"time":"57480.3928295387",
				"band":"w",
				"e_magnitude":"0.0348468",
				"instrument":"GPC",
				"magnitude":"19.6545",
				"telescope":"Pan-STARRS1",
				"u_time":"MJD",
				"source":"3"
			},
			{
				"time":"57480.4038584578",
				"band":"w",
				"e_magnitude":"0.024808",
				"instrument":"GPC",
				"magnitude":"19.6155",
				"telescope":"Pan-STARRS1",
				"u_time":"MJD",
				"source":"3"
			},
			{
				"time":"57480.4045068015",
				"band":"w",
				"e_magnitude":"0.0250135",
				"instrument":"GPC",
				"magnitude":"19.6395",
				"telescope":"Pan-STARRS1",
				"u_time":"MJD",
				"source":"3"
			},
			{
				"time":"57488.3491006018",
				"band":"w",
				"e_magnitude":"0.0260089",
				"instrument":"GPC",
				"magnitude":"19.7165",
				"telescope":"Pan-STARRS1",
				"u_time":"MJD",
				"source":"3"
			},
			{
				"time":"57488.3620057344",
				"band":"w",
				"e_magnitude":"0.0337554",
				"instrument":"GPC",
				"magnitude":"19.7278",
				"telescope":"Pan-STARRS1",
				"u_time":"MJD",
				"source":"3"
			},
			{
				"time":"57488.3749777884",
				"band":"w",
				"e_magnitude":"0.033822",
				"instrument":"GPC",
				"magnitude":"19.732",
				"telescope":"Pan-STARRS1",
				"u_time":"MJD",
				"source":"3"
			},
			{
				"time":"57488.3881321572",
				"band":"w",
				"e_magnitude":"0.0314946",
				"instrument":"GPC",
				"magnitude":"19.7153",
				"telescope":"Pan-STARRS1",
				"u_time":"MJD",
				"source":"3"
			},
			{
				"time":"57488.4490242288",
				"band":"w",
				"e_magnitude":"0.0346827",
				"instrument":"GPC",
				"magnitude":"19.7557",
				"telescope":"Pan-STARRS1",
				"u_time":"MJD",
				"source":"3"
			},
			{
				"time":"57488.4624083777",
				"band":"w",
				"e_magnitude":"0.035807",
				"instrument":"GPC",
				"magnitude":"19.7889",
				"telescope":"Pan-STARRS1",
				"u_time":"MJD",
				"source":"3"
			},
			{
				"time":"57488.4754406349",
				"band":"w",
				"e_magnitude":"0.0370022",
				"instrument":"GPC",
				"magnitude":"19.7824",
				"telescope":"Pan-STARRS1",
				"u_time":"MJD",
				"source":"3"
			},
			{
				"time":"57488.4887524854",
				"band":"w",
				"e_magnitude":"0.0326094",
				"instrument":"GPC",
				"magnitude":"19.8039",
				"telescope":"Pan-STARRS1",
				"u_time":"MJD",
				"source":"3"
			},
			{
				"time":"57512.3721049963",
				"band":"w",
				"e_magnitude":"0.208726",
				"instrument":"GPC",
				"magnitude":"21.0367",
				"telescope":"Pan-STARRS1",
				"u_time":"MJD",
				"source":"3"
			},
			{
				"time":"57512.3855795292",
				"band":"w",
				"e_magnitude":"0.208632",
				"instrument":"GPC",
				"magnitude":"21.0381",
				"telescope":"Pan-STARRS1",
				"u_time":"MJD",
				"source":"3"
			}
		]
	}
}