{
	"AT2016cch":{
		"schema":"https://github.com/astrocatalogs/supernovae/blob/a0bc0b9/SCHEMA.md",
		"name":"AT2016cch",
		"sources":[
			{
				"name":"2011ApJ...737..103S",
				"bibcode":"2011ApJ...737..103S",
				"reference":"Schlafly & Finkbeiner (2011)",
				"alias":"1"
			},
			{
				"name":"Transient Name Server",
				"url":"https://wis-tns.weizmann.ac.il/",
				"alias":"2"
			},
			{
				"name":"Latest Supernovae",
				"secondary":true,
				"url":"http://www.rochesterastronomy.org/snimages/snredshiftall.html",
				"alias":"3"
			},
			{
				"name":"The Open Supernova Catalog",
				"bibcode":"2017ApJ...835...64G",
				"reference":"Guillochon et al. (2017)",
				"secondary":true,
				"url":"https://sne.space",
				"alias":"4"
			}
		],
		"alias":[
			{
				"value":"AT2016cch",
				"source":"2,3"
			},
			{
				"value":"ATLAS16arq",
				"source":"2,3"
			}
		],
		"claimedtype":[
			{
				"value":"Candidate",
				"source":"4"
			}
		],
		"dec":[
			{
				"value":"+16:59:17.70",
				"u_value":"degrees",
				"source":"2,3"
			}
		],
		"discoverdate":[
			{
				"value":"2016/04/27.232917",
				"source":"2"
			}
		],
		"discoverer":[
			{
				"value":"ATLAS",
				"source":"2,3"
			}
		],
		"ebv":[
			{
				"value":"0.0462",
				"derived":true,
				"e_value":"0.0011",
				"source":"1,4"
			}
		],
		"maxappmag":[
			{
				"value":"16.9",
				"derived":true,
				"source":"2,3,4"
			}
		],
		"maxdate":[
			{
				"value":"2016/05/03",
				"derived":true,
				"source":"2,3,4"
			}
		],
		"maxvisualappmag":[
			{
				"value":"16.9",
				"derived":true,
				"source":"2,3,4"
			}
		],
		"maxvisualdate":[
			{
				"value":"2016/05/03",
				"derived":true,
				"source":"2,3,4"
			}
		],
		"ra":[
			{
				"value":"08:09:13.74",
				"u_value":"hours",
				"source":"2"
			},
			{
				"value":"08:09:13.740",
				"u_value":"hours",
				"source":"2,3"
			}
		],
		"photometry":[
			{
				"time":"57505.23292",
				"band":"orange",
				"instrument":"ACAM1",
				"magnitude":"17.35",
				"telescope":"ATLAS1",
				"u_time":"MJD",
				"source":"2"
			},
			{
				"time":"57511.5",
				"magnitude":"16.9",
				"u_time":"MJD",
				"source":"2,3"
			}
		]
	}
}