{
	"AT2016hly":{
		"schema":"https://github.com/astrocatalogs/supernovae/blob/a0bc0b9/SCHEMA.md",
		"name":"AT2016hly",
		"sources":[
			{
				"name":"2016A&A...594A..13P",
				"bibcode":"2016A&A...594A..13P",
				"reference":"Planck Collaboration et al. (2016)",
				"alias":"1"
			},
			{
				"name":"2011ApJ...737..103S",
				"bibcode":"2011ApJ...737..103S",
				"reference":"Schlafly & Finkbeiner (2011)",
				"alias":"2"
			},
			{
				"name":"Transient Name Server",
				"url":"https://wis-tns.weizmann.ac.il/",
				"alias":"3"
			},
			{
				"name":"Gaia Photometric Science Alerts",
				"url":"http://gsaweb.ast.cam.ac.uk/alerts/alertsindex",
				"alias":"4"
			},
			{
				"name":"Latest Supernovae",
				"secondary":true,
				"url":"http://www.rochesterastronomy.org/snimages/snredshiftall.html",
				"alias":"5"
			},
			{
				"name":"The Open Supernova Catalog",
				"bibcode":"2017ApJ...835...64G",
				"reference":"Guillochon et al. (2017)",
				"secondary":true,
				"url":"https://sne.space",
				"alias":"6"
			}
		],
		"alias":[
			{
				"value":"AT2016hly",
				"source":"3,4,5"
			},
			{
				"value":"ATLAS16dok",
				"source":"3,5"
			},
			{
				"value":"Gaia16bsu",
				"source":"3,5"
			}
		],
		"claimedtype":[
			{
				"value":"Candidate",
				"source":"6"
			}
		],
		"comovingdist":[
			{
				"value":"219.84",
				"derived":true,
				"u_value":"Mpc",
				"source":"1,3,5,6"
			}
		],
		"dec":[
			{
				"value":"+50:03:15.84",
				"u_value":"degrees",
				"source":"3,4,5"
			}
		],
		"discoverdate":[
			{
				"value":"2016/10/25.608993",
				"source":"3"
			}
		],
		"discoverer":[
			{
				"value":"ATLAS",
				"source":"3,5"
			}
		],
		"ebv":[
			{
				"value":"0.0071",
				"derived":true,
				"e_value":"0.0005",
				"source":"2,6"
			}
		],
		"host":[
			{
				"value":"KUG 1002+502",
				"source":"3,5"
			}
		],
		"lumdist":[
			{
				"value":"230.888",
				"derived":true,
				"u_value":"Mpc",
				"source":"1,3,5,6"
			}
		],
		"maxabsmag":[
			{
				"value":"-18.9738",
				"derived":true,
				"source":"1,3,5,6"
			}
		],
		"maxappmag":[
			{
				"value":"17.79",
				"derived":true,
				"source":"3,6"
			}
		],
		"maxband":[
			{
				"value":"cyan",
				"derived":true,
				"source":"3,6"
			}
		],
		"maxdate":[
			{
				"value":"2016/10/25",
				"derived":true,
				"source":"3,6"
			}
		],
		"maxvisualabsmag":[
			{
				"value":"-18.767",
				"derived":true,
				"source":"1,3,5,6"
			}
		],
		"maxvisualappmag":[
			{
				"value":"18.05",
				"derived":true,
				"source":"4,6"
			}
		],
		"maxvisualband":[
			{
				"value":"G",
				"derived":true,
				"source":"4,6"
			}
		],
		"maxvisualdate":[
			{
				"value":"2016/11/07",
				"derived":true,
				"source":"4,6"
			}
		],
		"ra":[
			{
				"value":"10:05:19.64",
				"u_value":"hours",
				"source":"3"
			},
			{
				"value":"10:05:19.640",
				"u_value":"hours",
				"source":"3,5"
			},
			{
				"value":"10:05:19.68",
				"u_value":"hours",
				"source":"4"
			}
		],
		"redshift":[
			{
				"value":"0.050265",
				"source":"3,5"
			}
		],
		"velocity":[
			{
				"value":"14691",
				"u_value":"km/s",
				"source":"6"
			}
		],
		"photometry":[
			{
				"time":"57664.3039931",
				"band":"G",
				"instrument":"Gaia-photometric",
				"magnitude":"21.5",
				"observer":"Robot",
				"telescope":"Gaia",
				"u_time":"MJD",
				"upperlimit":true,
				"source":"3"
			},
			{
				"time":"57678.15",
				"band":"orange",
				"instrument":"ACAM1",
				"magnitude":"17.43",
				"observer":"Robot",
				"telescope":"ATLAS1",
				"u_time":"MJD",
				"upperlimit":true,
				"source":"3"
			},
			{
				"time":"57686.1089931",
				"band":"cyan",
				"e_magnitude":"0.1",
				"instrument":"ACAM1",
				"magnitude":"17.79",
				"observer":"Robot",
				"telescope":"ATLAS1",
				"u_time":"MJD",
				"source":"3"
			},
			{
				"time":"57699.1089931",
				"band":"G",
				"e_magnitude":"0.2",
				"instrument":"Gaia-photometric",
				"magnitude":"18.07",
				"observer":"Robot",
				"telescope":"Gaia",
				"u_time":"MJD",
				"source":"3"
			},
			{
				"time":"57699.110",
				"band":"G",
				"e_magnitude":"0.0",
				"magnitude":"18.07",
				"telescope":"GAIA",
				"u_time":"MJD",
				"source":"4"
			},
			{
				"time":"57699.286",
				"band":"G",
				"e_magnitude":"0.0",
				"magnitude":"18.05",
				"telescope":"GAIA",
				"u_time":"MJD",
				"source":"4"
			},
			{
				"time":"57736.253",
				"band":"G",
				"e_magnitude":"0.0",
				"magnitude":"19.85",
				"telescope":"GAIA",
				"u_time":"MJD",
				"source":"4"
			},
			{
				"time":"57748.332",
				"band":"G",
				"e_magnitude":"0.0",
				"magnitude":"20.27",
				"telescope":"GAIA",
				"u_time":"MJD",
				"source":"4"
			},
			{
				"time":"57748.508",
				"band":"G",
				"e_magnitude":"0.0",
				"magnitude":"20.21",
				"telescope":"GAIA",
				"u_time":"MJD",
				"source":"4"
			}
		]
	}
}