{
	"AT2017awx":{
		"schema":"https://github.com/astrocatalogs/supernovae/blob/a0bc0b9/SCHEMA.md",
		"name":"AT2017awx",
		"sources":[
			{
				"name":"2011ApJ...737..103S",
				"bibcode":"2011ApJ...737..103S",
				"reference":"Schlafly & Finkbeiner (2011)",
				"alias":"1"
			},
			{
				"name":"Transient Name Server",
				"url":"https://wis-tns.weizmann.ac.il/",
				"alias":"2"
			},
			{
				"name":"Latest Supernovae",
				"secondary":true,
				"url":"http://www.rochesterastronomy.org/snimages/snredshiftall.html",
				"alias":"3"
			},
			{
				"name":"The Open Supernova Catalog",
				"bibcode":"2017ApJ...835...64G",
				"reference":"Guillochon et al. (2017)",
				"secondary":true,
				"url":"https://sne.space",
				"alias":"4"
			}
		],
		"alias":[
			{
				"value":"AT2017awx",
				"source":"2,3"
			},
			{
				"value":"ATLAS17bau",
				"source":"2,3"
			}
		],
		"claimedtype":[
			{
				"value":"Candidate",
				"source":"4"
			}
		],
		"dec":[
			{
				"value":"+17:50:27.35",
				"u_value":"degrees",
				"source":"2,3"
			}
		],
		"discoverdate":[
			{
				"value":"2017/02/05.412998",
				"source":"2"
			}
		],
		"discoverer":[
			{
				"value":"ATLAS",
				"source":"2,3"
			}
		],
		"ebv":[
			{
				"value":"0.0306",
				"derived":true,
				"e_value":"0.0003",
				"source":"1,4"
			}
		],
		"maxappmag":[
			{
				"value":"18.55",
				"derived":true,
				"source":"2,4"
			}
		],
		"maxband":[
			{
				"value":"orange",
				"derived":true,
				"source":"2,4"
			}
		],
		"maxdate":[
			{
				"value":"2017/02/05",
				"derived":true,
				"source":"2,4"
			}
		],
		"maxvisualappmag":[
			{
				"value":"18.55",
				"derived":true,
				"source":"2,4"
			}
		],
		"maxvisualband":[
			{
				"value":"orange",
				"derived":true,
				"source":"2,4"
			}
		],
		"maxvisualdate":[
			{
				"value":"2017/02/05",
				"derived":true,
				"source":"2,4"
			}
		],
		"ra":[
			{
				"value":"09:12:38.65",
				"u_value":"hours",
				"source":"2"
			},
			{
				"value":"09:12:38.650",
				"u_value":"hours",
				"source":"2,3"
			}
		],
		"photometry":[
			{
				"time":"57781.4579977",
				"band":"cyan",
				"instrument":"ACAM1",
				"magnitude":"19.77",
				"observer":"Robot",
				"telescope":"ATLAS1",
				"u_time":"MJD",
				"upperlimit":true,
				"source":"2"
			},
			{
				"time":"57789.4129977",
				"band":"orange",
				"e_magnitude":"0.17",
				"instrument":"ACAM1",
				"magnitude":"18.55",
				"observer":"Robot",
				"telescope":"ATLAS1",
				"u_time":"MJD",
				"source":"2"
			}
		]
	}
}