{
	"AT2016ayh":{
		"schema":"https://github.com/astrocatalogs/supernovae/blob/a0bc0b9/SCHEMA.md",
		"name":"AT2016ayh",
		"sources":[
			{
				"name":"2011ApJ...737..103S",
				"bibcode":"2011ApJ...737..103S",
				"reference":"Schlafly & Finkbeiner (2011)",
				"alias":"1"
			},
			{
				"name":"Transient Name Server",
				"url":"https://wis-tns.weizmann.ac.il/",
				"alias":"2"
			},
			{
				"name":"Latest Supernovae",
				"secondary":true,
				"url":"http://www.rochesterastronomy.org/snimages/snredshiftall.html",
				"alias":"3"
			},
			{
				"name":"The Open Supernova Catalog",
				"bibcode":"2017ApJ...835...64G",
				"reference":"Guillochon et al. (2017)",
				"secondary":true,
				"url":"https://sne.space",
				"alias":"4"
			}
		],
		"alias":[
			{
				"value":"AT2016ayh",
				"source":"2,3"
			},
			{
				"value":"PTSS-16kg",
				"source":"2,3"
			}
		],
		"claimedtype":[
			{
				"value":"Candidate",
				"source":"4"
			}
		],
		"dec":[
			{
				"value":"+17:06:53.36",
				"u_value":"degrees",
				"source":"2"
			},
			{
				"value":"+17:06:53.4",
				"u_value":"degrees",
				"source":"2,3"
			}
		],
		"discoverdate":[
			{
				"value":"2016/03/10.475255",
				"source":"2"
			}
		],
		"discoverer":[
			{
				"value":"PMO-Tsinghua Supernova Survey (PTSS)",
				"source":"2,3"
			}
		],
		"ebv":[
			{
				"value":"0.0289",
				"derived":true,
				"e_value":"0.0006",
				"source":"1,4"
			}
		],
		"host":[
			{
				"value":"SDSS J074157.12+170654.1",
				"source":"2"
			}
		],
		"hostdec":[
			{
				"value":"+17:06:54.1",
				"derived":true,
				"u_value":"degrees",
				"source":"4"
			}
		],
		"hostoffsetang":[
			{
				"value":"0.7936",
				"derived":true,
				"u_value":"arcseconds",
				"source":"2,3,4"
			}
		],
		"hostra":[
			{
				"value":"07:41:57.12",
				"derived":true,
				"u_value":"hours",
				"source":"4"
			}
		],
		"maxappmag":[
			{
				"value":"19.1",
				"derived":true,
				"source":"2,4"
			}
		],
		"maxband":[
			{
				"value":"r",
				"derived":true,
				"source":"2,4"
			}
		],
		"maxdate":[
			{
				"value":"2016/03/10",
				"derived":true,
				"source":"2,4"
			}
		],
		"maxvisualappmag":[
			{
				"value":"19.1",
				"derived":true,
				"source":"2,4"
			}
		],
		"maxvisualband":[
			{
				"value":"r",
				"derived":true,
				"source":"2,4"
			}
		],
		"maxvisualdate":[
			{
				"value":"2016/03/10",
				"derived":true,
				"source":"2,4"
			}
		],
		"ra":[
			{
				"value":"07:41:57.14",
				"u_value":"hours",
				"source":"2,3"
			}
		],
		"photometry":[
			{
				"time":"57457.4752546",
				"band":"r",
				"e_magnitude":"0.08",
				"magnitude":"19.1",
				"observer":"Bin Li",
				"system":"Vega",
				"u_time":"MJD",
				"source":"2"
			}
		]
	}
}