{
	"AT2015cd":{
		"schema":"https://github.com/astrocatalogs/supernovae/blob/a0bc0b9/SCHEMA.md",
		"name":"AT2015cd",
		"sources":[
			{
				"name":"2016A&A...594A..13P",
				"bibcode":"2016A&A...594A..13P",
				"reference":"Planck Collaboration et al. (2016)",
				"alias":"1"
			},
			{
				"name":"2015ATel.6977....1Z",
				"bibcode":"2015ATel.6977....1Z",
				"reference":"Zhang et al. (2015)",
				"alias":"2"
			},
			{
				"name":"2011ApJ...737..103S",
				"bibcode":"2011ApJ...737..103S",
				"reference":"Schlafly & Finkbeiner (2011)",
				"alias":"3"
			},
			{
				"name":"Transient Name Server",
				"url":"https://wis-tns.weizmann.ac.il/",
				"alias":"4"
			},
			{
				"name":"Latest Supernovae",
				"secondary":true,
				"url":"http://www.rochesterastronomy.org/snimages/snredshiftall.html",
				"alias":"5"
			},
			{
				"name":"The Open Supernova Catalog",
				"bibcode":"2017ApJ...835...64G",
				"reference":"Guillochon et al. (2017)",
				"secondary":true,
				"url":"https://sne.space",
				"alias":"6"
			},
			{
				"name":"SIMBAD astronomical database",
				"bibcode":"2000A&AS..143....9W",
				"reference":"Wenger et al. (2000)",
				"secondary":true,
				"url":"http://simbad.u-strasbg.fr/",
				"alias":"7"
			}
		],
		"alias":[
			{
				"value":"AT2015cd",
				"source":"4,5"
			},
			{
				"value":"PSN J09351328+5028219",
				"source":"4,5,7"
			}
		],
		"claimedtype":[
			{
				"value":"IIn",
				"source":"2,4,5,7"
			}
		],
		"comovingdist":[
			{
				"value":"290.79",
				"derived":true,
				"u_value":"Mpc",
				"source":"1,4,5,6"
			}
		],
		"dec":[
			{
				"value":"+50:28:21.90",
				"u_value":"degrees",
				"source":"4,5"
			}
		],
		"discoverdate":[
			{
				"value":"2015/01/20.76",
				"source":"4"
			}
		],
		"discoverer":[
			{
				"value":"TNTS",
				"source":"4,5"
			}
		],
		"ebv":[
			{
				"value":"0.0111",
				"derived":true,
				"e_value":"0.0005",
				"source":"3,6"
			}
		],
		"lumdist":[
			{
				"value":"310.199",
				"derived":true,
				"u_value":"Mpc",
				"source":"1,4,5,6"
			}
		],
		"maxabsmag":[
			{
				"value":"-19.088",
				"derived":true,
				"source":"1,4,5,6"
			}
		],
		"maxappmag":[
			{
				"value":"18.3",
				"derived":true,
				"source":"4,5,6"
			}
		],
		"maxdate":[
			{
				"value":"2015/01/19",
				"derived":true,
				"source":"4,5,6"
			}
		],
		"maxvisualabsmag":[
			{
				"value":"-19.1582",
				"derived":true,
				"source":"1,4,5,6"
			}
		],
		"maxvisualappmag":[
			{
				"value":"18.3",
				"derived":true,
				"source":"4,5,6"
			}
		],
		"maxvisualdate":[
			{
				"value":"2015/01/19",
				"derived":true,
				"source":"4,5,6"
			}
		],
		"ra":[
			{
				"value":"09:35:13.28",
				"u_value":"hours",
				"source":"4"
			},
			{
				"value":"09:35:13.280",
				"u_value":"hours",
				"source":"4,5"
			}
		],
		"redshift":[
			{
				"value":"0.066751",
				"source":"4,5"
			}
		],
		"velocity":[
			{
				"value":"19345",
				"u_value":"km/s",
				"source":"6"
			}
		],
		"photometry":[
			{
				"time":"57041.5",
				"magnitude":"18.3",
				"u_time":"MJD",
				"source":"4,5"
			}
		]
	}
}