{
	"AT2017axi":{
		"schema":"https://github.com/astrocatalogs/supernovae/blob/a0bc0b9/SCHEMA.md",
		"name":"AT2017axi",
		"sources":[
			{
				"name":"2016A&A...594A..13P",
				"bibcode":"2016A&A...594A..13P",
				"reference":"Planck Collaboration et al. (2016)",
				"alias":"1"
			},
			{
				"name":"2011ApJ...737..103S",
				"bibcode":"2011ApJ...737..103S",
				"reference":"Schlafly & Finkbeiner (2011)",
				"alias":"2"
			},
			{
				"name":"Transient Name Server",
				"url":"https://wis-tns.weizmann.ac.il/",
				"alias":"3"
			},
			{
				"name":"The Open Supernova Catalog",
				"bibcode":"2017ApJ...835...64G",
				"reference":"Guillochon et al. (2017)",
				"secondary":true,
				"url":"https://sne.space",
				"alias":"4"
			},
			{
				"name":"NED-D",
				"bibcode":"1991ASSL..171...89H",
				"reference":"Helou et al. (1991)",
				"secondary":true,
				"url":"http://ned.ipac.caltech.edu/Library/Distances/",
				"alias":"5"
			}
		],
		"alias":[
			{
				"value":"AT2017axi",
				"source":"3"
			}
		],
		"claimedtype":[
			{
				"value":"Candidate",
				"source":"4"
			}
		],
		"comovingdist":[
			{
				"value":"0.774",
				"derived":true,
				"u_value":"Mpc",
				"source":"1,4,5"
			}
		],
		"dec":[
			{
				"value":"+41:14:10.70",
				"u_value":"degrees",
				"source":"3"
			}
		],
		"discoverdate":[
			{
				"value":"2017/02/18.746516",
				"source":"3"
			}
		],
		"discoverer":[
			{
				"value":"ISSP",
				"source":"3"
			}
		],
		"ebv":[
			{
				"value":"0.441",
				"derived":true,
				"e_value":"0.1145",
				"source":"2,4"
			}
		],
		"host":[
			{
				"value":"M31",
				"source":"3"
			}
		],
		"hostcomovingdist":[
			{
				"value":"0.774",
				"derived":true,
				"source":"1,4,5"
			}
		],
		"hostlumdist":[
			{
				"value":"0.7746",
				"derived":true,
				"source":"1,4,5"
			}
		],
		"hostredshift":[
			{
				"value":"0.000175",
				"derived":true,
				"source":"1,5"
			}
		],
		"hostvelocity":[
			{
				"value":"52.5",
				"source":"4"
			}
		],
		"lumdist":[
			{
				"value":"0.7746",
				"derived":true,
				"u_value":"Mpc",
				"source":"1,4,5"
			}
		],
		"maxabsmag":[
			{
				"value":"-6.145",
				"derived":true,
				"source":"1,4,5"
			}
		],
		"maxappmag":[
			{
				"value":"18.3",
				"derived":true,
				"source":"3,4"
			}
		],
		"maxband":[
			{
				"value":"C",
				"derived":true,
				"source":"3,4"
			}
		],
		"maxdate":[
			{
				"value":"2017/02/18",
				"derived":true,
				"source":"3,4"
			}
		],
		"maxvisualabsmag":[
			{
				"value":"-6.145",
				"derived":true,
				"source":"1,4,5"
			}
		],
		"maxvisualappmag":[
			{
				"value":"18.3",
				"derived":true,
				"source":"3,4"
			}
		],
		"maxvisualband":[
			{
				"value":"C",
				"derived":true,
				"source":"3,4"
			}
		],
		"maxvisualdate":[
			{
				"value":"2017/02/18",
				"derived":true,
				"source":"3,4"
			}
		],
		"ra":[
			{
				"value":"00:42:38.12",
				"u_value":"hours",
				"source":"3"
			}
		],
		"redshift":[
			{
				"value":"0.000175",
				"derived":true,
				"kind":"host",
				"source":"1,5"
			}
		],
		"velocity":[
			{
				"value":"52.5",
				"u_value":"km/s",
				"source":"4"
			}
		],
		"photometry":[
			{
				"time":"57802.7465162",
				"band":"C",
				"magnitude":"18.3",
				"observer":"R.Belligoli",
				"u_time":"MJD",
				"source":"3"
			}
		]
	}
}