{
	"AT2016jar":{
		"schema":"https://github.com/astrocatalogs/supernovae/blob/a0bc0b9/SCHEMA.md",
		"name":"AT2016jar",
		"sources":[
			{
				"name":"2011ApJ...737..103S",
				"bibcode":"2011ApJ...737..103S",
				"reference":"Schlafly & Finkbeiner (2011)",
				"alias":"1"
			},
			{
				"name":"Transient Name Server",
				"url":"https://wis-tns.weizmann.ac.il/",
				"alias":"2"
			},
			{
				"name":"Pan-STARRS 3Pi",
				"url":"http://psweb.mp.qub.ac.uk/ps1threepi/psdb/",
				"alias":"3"
			},
			{
				"name":"Latest Supernovae",
				"secondary":true,
				"url":"http://www.rochesterastronomy.org/snimages/snredshiftall.html",
				"alias":"4"
			},
			{
				"name":"The Open Supernova Catalog",
				"bibcode":"2017ApJ...835...64G",
				"reference":"Guillochon et al. (2017)",
				"secondary":true,
				"url":"https://sne.space",
				"alias":"5"
			}
		],
		"alias":[
			{
				"value":"AT2016jar",
				"source":"2,3,4"
			},
			{
				"value":"ATLAS16ecf",
				"source":"2,4"
			},
			{
				"value":"PS17ajc",
				"source":"2,4"
			}
		],
		"claimedtype":[
			{
				"value":"Candidate",
				"source":"5"
			}
		],
		"dec":[
			{
				"value":"+19:48:57.07",
				"u_value":"degrees",
				"source":"2,4"
			},
			{
				"value":"+19:48:56.7",
				"u_value":"degrees",
				"source":"3"
			}
		],
		"discoverdate":[
			{
				"value":"2016/12/15.281991",
				"source":"2"
			}
		],
		"discoverer":[
			{
				"value":"ATLAS",
				"source":"2,4"
			}
		],
		"ebv":[
			{
				"value":"0.0333",
				"derived":true,
				"e_value":"0.0019",
				"source":"1,5"
			}
		],
		"maxappmag":[
			{
				"value":"18.28",
				"derived":true,
				"source":"2,5"
			}
		],
		"maxband":[
			{
				"value":"orange",
				"derived":true,
				"source":"2,5"
			}
		],
		"maxdate":[
			{
				"value":"2016/12/15",
				"derived":true,
				"source":"2,5"
			}
		],
		"maxvisualappmag":[
			{
				"value":"18.28",
				"derived":true,
				"source":"2,5"
			}
		],
		"maxvisualband":[
			{
				"value":"orange",
				"derived":true,
				"source":"2,5"
			}
		],
		"maxvisualdate":[
			{
				"value":"2016/12/15",
				"derived":true,
				"source":"2,5"
			}
		],
		"ra":[
			{
				"value":"01:10:49.29",
				"u_value":"hours",
				"source":"2"
			},
			{
				"value":"01:10:49.290",
				"u_value":"hours",
				"source":"2,4"
			},
			{
				"value":"01:10:49.28",
				"u_value":"hours",
				"source":"3"
			}
		],
		"photometry":[
			{
				"time":"57721.3579977",
				"band":"cyan",
				"instrument":"ACAM1",
				"magnitude":"19.81",
				"observer":"Robot",
				"telescope":"ATLAS1",
				"u_time":"MJD",
				"upperlimit":true,
				"source":"2"
			},
			{
				"time":"57737.2819907",
				"band":"orange",
				"e_magnitude":"0.17",
				"instrument":"ACAM1",
				"magnitude":"18.28",
				"observer":"Robot",
				"telescope":"ATLAS1",
				"u_time":"MJD",
				"source":"2"
			},
			{
				"time":"57766.2337115752",
				"band":"i",
				"e_magnitude":"0.0700981",
				"instrument":"GPC",
				"magnitude":"19.3099",
				"telescope":"Pan-STARRS1",
				"u_time":"MJD",
				"source":"3"
			},
			{
				"time":"57766.2339931",
				"band":"i",
				"e_magnitude":"0.07",
				"instrument":"GPC1",
				"magnitude":"19.31",
				"observer":"Robot",
				"telescope":"PS1",
				"u_time":"MJD",
				"source":"2"
			},
			{
				"time":"57766.2470611268",
				"band":"i",
				"e_magnitude":"0.0792041",
				"instrument":"GPC",
				"magnitude":"19.3712",
				"telescope":"Pan-STARRS1",
				"u_time":"MJD",
				"source":"3"
			},
			{
				"time":"57766.260420626",
				"band":"i",
				"e_magnitude":"0.089279",
				"instrument":"GPC",
				"magnitude":"19.4126",
				"telescope":"Pan-STARRS1",
				"u_time":"MJD",
				"source":"3"
			},
			{
				"time":"57766.2737916416",
				"band":"i",
				"e_magnitude":"0.0869911",
				"instrument":"GPC",
				"magnitude":"19.4164",
				"telescope":"Pan-STARRS1",
				"u_time":"MJD",
				"source":"3"
			}
		]
	}
}