{
	"AT2016hzz":{
		"schema":"https://github.com/astrocatalogs/supernovae/blob/a0bc0b9/SCHEMA.md",
		"name":"AT2016hzz",
		"sources":[
			{
				"name":"2011ApJ...737..103S",
				"bibcode":"2011ApJ...737..103S",
				"reference":"Schlafly & Finkbeiner (2011)",
				"alias":"1"
			},
			{
				"name":"Transient Name Server",
				"url":"https://wis-tns.weizmann.ac.il/",
				"alias":"2"
			},
			{
				"name":"Pan-STARRS 3Pi",
				"url":"http://psweb.mp.qub.ac.uk/ps1threepi/psdb/",
				"alias":"3"
			},
			{
				"name":"Latest Supernovae",
				"secondary":true,
				"url":"http://www.rochesterastronomy.org/snimages/snredshiftall.html",
				"alias":"4"
			},
			{
				"name":"The Open Supernova Catalog",
				"bibcode":"2017ApJ...835...64G",
				"reference":"Guillochon et al. (2017)",
				"secondary":true,
				"url":"https://sne.space",
				"alias":"5"
			}
		],
		"alias":[
			{
				"value":"AT2016hzz",
				"source":"2,3,4"
			},
			{
				"value":"PS16ezt",
				"source":"2,4"
			}
		],
		"claimedtype":[
			{
				"value":"Candidate",
				"source":"5"
			}
		],
		"dec":[
			{
				"value":"+20:41:26.06",
				"u_value":"degrees",
				"source":"2,4"
			},
			{
				"value":"+20:41:26.0",
				"u_value":"degrees",
				"source":"3"
			}
		],
		"discoverdate":[
			{
				"value":"2016/11/08.553993",
				"source":"2"
			}
		],
		"discoverer":[
			{
				"value":"Pan-STARRS1",
				"source":"2"
			},
			{
				"value":"ASAS-SN",
				"source":"2,4"
			}
		],
		"ebv":[
			{
				"value":"0.0242",
				"derived":true,
				"e_value":"0.0009",
				"source":"1,5"
			}
		],
		"maxappmag":[
			{
				"value":"20.91",
				"derived":true,
				"source":"3,5"
			}
		],
		"maxband":[
			{
				"value":"w",
				"derived":true,
				"source":"3,5"
			}
		],
		"maxdate":[
			{
				"value":"2016/11/08",
				"derived":true,
				"source":"3,5"
			}
		],
		"maxvisualappmag":[
			{
				"value":"20.91",
				"derived":true,
				"source":"3,5"
			}
		],
		"maxvisualband":[
			{
				"value":"w",
				"derived":true,
				"source":"3,5"
			}
		],
		"maxvisualdate":[
			{
				"value":"2016/11/08",
				"derived":true,
				"source":"3,5"
			}
		],
		"ra":[
			{
				"value":"09:00:11.18",
				"u_value":"hours",
				"source":"2"
			},
			{
				"value":"09:00:11.180",
				"u_value":"hours",
				"source":"2,4"
			},
			{
				"value":"09:00:11.17",
				"u_value":"hours",
				"source":"3"
			}
		],
		"photometry":[
			{
				"time":"57700.0539931",
				"band":"w",
				"e_magnitude":"0.14",
				"instrument":"GPC1",
				"magnitude":"21.06",
				"observer":"Robot",
				"telescope":"PS1",
				"u_time":"MJD",
				"source":"2"
			},
			{
				"time":"57700.5537084714",
				"band":"w",
				"e_magnitude":"0.14317",
				"instrument":"GPC",
				"magnitude":"21.0558",
				"telescope":"Pan-STARRS1",
				"u_time":"MJD",
				"source":"3"
			},
			{
				"time":"57700.566031606",
				"band":"w",
				"e_magnitude":"0.161866",
				"instrument":"GPC",
				"magnitude":"21.2509",
				"telescope":"Pan-STARRS1",
				"u_time":"MJD",
				"source":"3"
			},
			{
				"time":"57700.5783449164",
				"band":"w",
				"e_magnitude":"0.124918",
				"instrument":"GPC",
				"magnitude":"21.0296",
				"telescope":"Pan-STARRS1",
				"u_time":"MJD",
				"source":"3"
			},
			{
				"time":"57700.5907545235",
				"band":"w",
				"e_magnitude":"0.105252",
				"instrument":"GPC",
				"magnitude":"20.9085",
				"telescope":"Pan-STARRS1",
				"u_time":"MJD",
				"source":"3"
			}
		]
	}
}