{
	"AT2016gvb":{
		"schema":"https://github.com/astrocatalogs/supernovae/blob/a0bc0b9/SCHEMA.md",
		"name":"AT2016gvb",
		"sources":[
			{
				"name":"2011ApJ...737..103S",
				"bibcode":"2011ApJ...737..103S",
				"reference":"Schlafly & Finkbeiner (2011)",
				"alias":"1"
			},
			{
				"name":"Transient Name Server",
				"url":"https://wis-tns.weizmann.ac.il/",
				"alias":"2"
			},
			{
				"name":"Pan-STARRS 3Pi",
				"url":"http://star.pst.qub.ac.uk/ps1threepi/psdb/public/",
				"alias":"3"
			},
			{
				"name":"Latest Supernovae",
				"secondary":true,
				"url":"http://www.rochesterastronomy.org/snimages/snredshiftall.html",
				"alias":"4"
			},
			{
				"name":"The Open Supernova Catalog",
				"bibcode":"2017ApJ...835...64G",
				"reference":"Guillochon et al. (2017)",
				"secondary":true,
				"url":"https://sne.space",
				"alias":"5"
			}
		],
		"alias":[
			{
				"value":"AT2016gvb",
				"source":"2,3,4"
			},
			{
				"value":"PS16emc",
				"source":"2,3,4"
			}
		],
		"claimedtype":[
			{
				"value":"Candidate",
				"source":"5"
			}
		],
		"dec":[
			{
				"value":"+15:38:22.99",
				"u_value":"degrees",
				"source":"2,3,4"
			},
			{
				"value":"+15:38:23.0",
				"u_value":"degrees",
				"source":"3"
			}
		],
		"discoverdate":[
			{
				"value":"2016/09/30.576991",
				"source":"2"
			}
		],
		"discoverer":[
			{
				"value":"Pan-STARRS1",
				"source":"2"
			},
			{
				"value":"PTF",
				"source":"3,4"
			}
		],
		"ebv":[
			{
				"value":"0.161",
				"derived":true,
				"e_value":"0.0057",
				"source":"1,5"
			}
		],
		"maxappmag":[
			{
				"value":"19.15",
				"derived":true,
				"source":"3,5"
			}
		],
		"maxband":[
			{
				"value":"i",
				"derived":true,
				"source":"3,5"
			}
		],
		"maxdate":[
			{
				"value":"2016/10/24",
				"derived":true,
				"source":"3,5"
			}
		],
		"maxvisualappmag":[
			{
				"value":"19.15",
				"derived":true,
				"source":"3,5"
			}
		],
		"maxvisualband":[
			{
				"value":"i",
				"derived":true,
				"source":"3,5"
			}
		],
		"maxvisualdate":[
			{
				"value":"2016/10/24",
				"derived":true,
				"source":"3,5"
			}
		],
		"ra":[
			{
				"value":"02:22:30.19",
				"u_value":"hours",
				"source":"2"
			},
			{
				"value":"02:22:30.190",
				"u_value":"hours",
				"source":"3,4"
			},
			{
				"value":"02:22:30.18",
				"u_value":"hours",
				"source":"3"
			}
		],
		"photometry":[
			{
				"time":"57661.0769907",
				"band":"w",
				"e_magnitude":"0.11",
				"instrument":"GPC1",
				"magnitude":"20.1",
				"observer":"Robot",
				"telescope":"PS1",
				"u_time":"MJD",
				"source":"2"
			},
			{
				"time":"57661.5770913583",
				"band":"w",
				"e_magnitude":"0.106028",
				"instrument":"GPC",
				"magnitude":"20.1024",
				"telescope":"Pan-STARRS1",
				"u_time":"MJD",
				"source":"3"
			},
			{
				"time":"57661.5885152486",
				"band":"w",
				"e_magnitude":"0.066669",
				"instrument":"GPC",
				"magnitude":"20.07",
				"telescope":"Pan-STARRS1",
				"u_time":"MJD",
				"source":"3"
			},
			{
				"time":"57661.5999158993",
				"band":"w",
				"e_magnitude":"0.0692314",
				"instrument":"GPC",
				"magnitude":"20.0877",
				"telescope":"Pan-STARRS1",
				"u_time":"MJD",
				"source":"3"
			},
			{
				"time":"57661.6113996315",
				"band":"w",
				"e_magnitude":"0.0824618",
				"instrument":"GPC",
				"magnitude":"20.0759",
				"telescope":"Pan-STARRS1",
				"u_time":"MJD",
				"source":"3"
			},
			{
				"time":"57685.5429396789",
				"band":"i",
				"e_magnitude":"0.169108",
				"instrument":"GPC",
				"magnitude":"19.1758",
				"telescope":"Pan-STARRS1",
				"u_time":"MJD",
				"source":"3"
			},
			{
				"time":"57685.5544418879",
				"band":"i",
				"e_magnitude":"0.194929",
				"instrument":"GPC",
				"magnitude":"19.154",
				"telescope":"Pan-STARRS1",
				"u_time":"MJD",
				"source":"3"
			}
		]
	}
}