{
	"AT2016cnz":{
		"schema":"https://github.com/astrocatalogs/supernovae/blob/a0bc0b9/SCHEMA.md",
		"name":"AT2016cnz",
		"sources":[
			{
				"name":"2016A&A...594A..13P",
				"bibcode":"2016A&A...594A..13P",
				"reference":"Planck Collaboration et al. (2016)",
				"alias":"1"
			},
			{
				"name":"2011ApJ...737..103S",
				"bibcode":"2011ApJ...737..103S",
				"reference":"Schlafly & Finkbeiner (2011)",
				"alias":"2"
			},
			{
				"name":"Transient Name Server",
				"url":"https://wis-tns.weizmann.ac.il/",
				"alias":"3"
			},
			{
				"name":"Latest Supernovae",
				"secondary":true,
				"url":"http://www.rochesterastronomy.org/snimages/snredshiftall.html",
				"alias":"4"
			},
			{
				"name":"The Open Supernova Catalog",
				"bibcode":"2017ApJ...835...64G",
				"reference":"Guillochon et al. (2017)",
				"secondary":true,
				"url":"https://sne.space",
				"alias":"5"
			}
		],
		"alias":[
			{
				"value":"AT2016cnz",
				"source":"3,4"
			}
		],
		"claimedtype":[
			{
				"value":"Candidate",
				"source":"5"
			}
		],
		"comovingdist":[
			{
				"value":"78.108",
				"derived":true,
				"u_value":"Mpc",
				"source":"1,3,5"
			}
		],
		"dec":[
			{
				"value":"-71:24:40.70",
				"u_value":"degrees",
				"source":"3,4"
			}
		],
		"discoverdate":[
			{
				"value":"2016/05/25.378368",
				"source":"3"
			}
		],
		"discoverer":[
			{
				"value":"BOSS",
				"source":"3"
			},
			{
				"value":"Stu Parker",
				"source":"3,4"
			}
		],
		"ebv":[
			{
				"value":"0.141",
				"derived":true,
				"e_value":"0.0031",
				"source":"2,5"
			}
		],
		"host":[
			{
				"value":"NGC 2466",
				"source":"3,4"
			}
		],
		"hostcomovingdist":[
			{
				"value":"78.108",
				"derived":true,
				"source":"1,3,5"
			}
		],
		"hostlumdist":[
			{
				"value":"79.492",
				"derived":true,
				"source":"1,3,5"
			}
		],
		"hostredshift":[
			{
				"value":"0.017722",
				"source":"3"
			}
		],
		"hostvelocity":[
			{
				"value":"5265.9",
				"source":"5"
			}
		],
		"lumdist":[
			{
				"value":"79.492",
				"derived":true,
				"u_value":"Mpc",
				"source":"1,3,5"
			}
		],
		"maxabsmag":[
			{
				"value":"-16.7825",
				"derived":true,
				"source":"1,3,5"
			}
		],
		"maxappmag":[
			{
				"value":"17.7",
				"derived":true,
				"source":"3,4,5"
			}
		],
		"maxdate":[
			{
				"value":"2016/05/24",
				"derived":true,
				"source":"3,4,5"
			}
		],
		"maxvisualabsmag":[
			{
				"value":"-16.8016",
				"derived":true,
				"source":"1,3,5"
			}
		],
		"maxvisualappmag":[
			{
				"value":"17.7",
				"derived":true,
				"source":"3,4,5"
			}
		],
		"maxvisualdate":[
			{
				"value":"2016/05/24",
				"derived":true,
				"source":"3,4,5"
			}
		],
		"ra":[
			{
				"value":"07:45:22.97",
				"u_value":"hours",
				"source":"3"
			},
			{
				"value":"07:45:22.970",
				"u_value":"hours",
				"source":"3,4"
			}
		],
		"redshift":[
			{
				"value":"0.017722",
				"kind":"host",
				"source":"3"
			},
			{
				"value":"0.017722",
				"source":"3,4"
			}
		],
		"velocity":[
			{
				"value":"5265.9",
				"u_value":"km/s",
				"source":"5"
			}
		],
		"photometry":[
			{
				"time":"57532.5",
				"magnitude":"17.7",
				"u_time":"MJD",
				"source":"3,4"
			}
		]
	}
}