{
	"AT2016gsj":{
		"schema":"https://github.com/astrocatalogs/supernovae/blob/a0bc0b9/SCHEMA.md",
		"name":"AT2016gsj",
		"sources":[
			{
				"name":"2011ApJ...737..103S",
				"bibcode":"2011ApJ...737..103S",
				"reference":"Schlafly & Finkbeiner (2011)",
				"alias":"1"
			},
			{
				"name":"Transient Name Server",
				"url":"https://wis-tns.weizmann.ac.il/",
				"alias":"2"
			},
			{
				"name":"Latest Supernovae",
				"secondary":true,
				"url":"http://www.rochesterastronomy.org/snimages/snredshiftall.html",
				"alias":"3"
			},
			{
				"name":"The Open Supernova Catalog",
				"bibcode":"2017ApJ...835...64G",
				"reference":"Guillochon et al. (2017)",
				"secondary":true,
				"url":"https://sne.space",
				"alias":"4"
			}
		],
		"alias":[
			{
				"value":"AT2016gsj",
				"source":"2,3"
			},
			{
				"value":"ATLAS16dad",
				"source":"2,3"
			}
		],
		"claimedtype":[
			{
				"value":"Candidate",
				"source":"4"
			}
		],
		"dec":[
			{
				"value":"+45:29:35.00",
				"u_value":"degrees",
				"source":"2,3"
			}
		],
		"discoverdate":[
			{
				"value":"2016/09/29.267998",
				"source":"2"
			}
		],
		"discoverer":[
			{
				"value":"ATLAS",
				"source":"2"
			},
			{
				"value":"ASAS-SN",
				"source":"2,3"
			}
		],
		"ebv":[
			{
				"value":"0.0629",
				"derived":true,
				"e_value":"0.002",
				"source":"1,4"
			}
		],
		"maxappmag":[
			{
				"value":"18.19",
				"derived":true,
				"source":"2,4"
			}
		],
		"maxband":[
			{
				"value":"cyan",
				"derived":true,
				"source":"2,4"
			}
		],
		"maxdate":[
			{
				"value":"2016/09/29",
				"derived":true,
				"source":"2,4"
			}
		],
		"maxvisualappmag":[
			{
				"value":"18.19",
				"derived":true,
				"source":"2,4"
			}
		],
		"maxvisualband":[
			{
				"value":"cyan",
				"derived":true,
				"source":"2,4"
			}
		],
		"maxvisualdate":[
			{
				"value":"2016/09/29",
				"derived":true,
				"source":"2,4"
			}
		],
		"ra":[
			{
				"value":"18:41:21.94",
				"u_value":"hours",
				"source":"2"
			},
			{
				"value":"18:41:21.940",
				"u_value":"hours",
				"source":"2,3"
			}
		],
		"photometry":[
			{
				"time":"57652.3319907",
				"band":"orange",
				"instrument":"ACAM1",
				"magnitude":"19.44",
				"observer":"Robot",
				"telescope":"ATLAS1",
				"u_time":"MJD",
				"upperlimit":true,
				"source":"2"
			},
			{
				"time":"57660.2679977",
				"band":"cyan",
				"e_magnitude":"0.06",
				"instrument":"ACAM1",
				"magnitude":"18.19",
				"observer":"Robot",
				"telescope":"ATLAS1",
				"u_time":"MJD",
				"source":"2"
			}
		]
	}
}