{
	"AT2016jhf":{
		"schema":"https://github.com/astrocatalogs/supernovae/blob/a0bc0b9/SCHEMA.md",
		"name":"AT2016jhf",
		"sources":[
			{
				"name":"2011ApJ...737..103S",
				"bibcode":"2011ApJ...737..103S",
				"reference":"Schlafly & Finkbeiner (2011)",
				"alias":"1"
			},
			{
				"name":"Transient Name Server",
				"url":"https://wis-tns.weizmann.ac.il/",
				"alias":"2"
			},
			{
				"name":"Gaia Photometric Science Alerts",
				"url":"http://gsaweb.ast.cam.ac.uk/alerts/alertsindex",
				"alias":"3"
			},
			{
				"name":"SMT",
				"url":"http://www.mso.anu.edu.au/skymapper/smt/transients/tns/",
				"alias":"4"
			},
			{
				"name":"Latest Supernovae",
				"secondary":true,
				"url":"http://www.rochesterastronomy.org/snimages/snredshiftall.html",
				"alias":"5"
			},
			{
				"name":"The Open Supernova Catalog",
				"bibcode":"2017ApJ...835...64G",
				"reference":"Guillochon et al. (2017)",
				"secondary":true,
				"url":"https://sne.space",
				"alias":"6"
			}
		],
		"alias":[
			{
				"value":"AT2016jhf",
				"source":"2,3,4,5"
			},
			{
				"value":"SMT17ada",
				"source":"2,3,4,5"
			},
			{
				"value":"Gaia17anh",
				"source":"2,5"
			}
		],
		"claimedtype":[
			{
				"value":"Candidate",
				"source":"3,4"
			}
		],
		"dec":[
			{
				"value":"-35:56:12.30",
				"u_value":"degrees",
				"source":"2,5"
			},
			{
				"value":"-35:56:12.48",
				"u_value":"degrees",
				"source":"3,4"
			}
		],
		"discoverdate":[
			{
				"value":"2016/04/21.43",
				"source":"2"
			}
		],
		"discoverer":[
			{
				"value":"SkyMapper",
				"source":"2,5"
			}
		],
		"ebv":[
			{
				"value":"0.0445",
				"derived":true,
				"e_value":"0.0014",
				"source":"1,6"
			}
		],
		"maxappmag":[
			{
				"value":"17.99",
				"derived":true,
				"source":"3,6"
			}
		],
		"maxband":[
			{
				"value":"G",
				"derived":true,
				"source":"3,6"
			}
		],
		"maxdate":[
			{
				"value":"2017/02/23",
				"derived":true,
				"source":"3,6"
			}
		],
		"maxvisualappmag":[
			{
				"value":"17.99",
				"derived":true,
				"source":"3,6"
			}
		],
		"maxvisualband":[
			{
				"value":"G",
				"derived":true,
				"source":"3,6"
			}
		],
		"maxvisualdate":[
			{
				"value":"2017/02/23",
				"derived":true,
				"source":"3,6"
			}
		],
		"ra":[
			{
				"value":"13:22:10.90",
				"u_value":"hours",
				"source":"2"
			},
			{
				"value":"13:22:10.900",
				"u_value":"hours",
				"source":"2,5"
			},
			{
				"value":"13:22:10.8",
				"u_value":"hours",
				"source":"3,4"
			}
		],
		"photometry":[
			{
				"time":"57495.4489931",
				"band":"i-SM",
				"instrument":"SM-WFCam",
				"magnitude":"19.31",
				"observer":"Skymapper Transient Survey",
				"telescope":"SkyMapper 1.35m",
				"u_time":"MJD",
				"upperlimit":true,
				"source":"2"
			},
			{
				"time":"57499.43",
				"band":"g-SM",
				"instrument":"SM-WFCam",
				"magnitude":"20.64",
				"telescope":"SkyMapper 1.35m",
				"u_time":"MJD",
				"source":"2"
			},
			{
				"time":"57807.071",
				"band":"G",
				"e_magnitude":"0.0",
				"magnitude":"17.99",
				"telescope":"GAIA",
				"u_time":"MJD",
				"source":"3"
			},
			{
				"time":"57807.145",
				"band":"G",
				"e_magnitude":"0.0",
				"magnitude":"18.03",
				"telescope":"GAIA",
				"u_time":"MJD",
				"source":"3"
			},
			{
				"time":"57823.152",
				"band":"G",
				"e_magnitude":"0.0",
				"magnitude":"18.88",
				"telescope":"GAIA",
				"u_time":"MJD",
				"source":"3"
			},
			{
				"time":"57823.328",
				"band":"G",
				"e_magnitude":"0.0",
				"magnitude":"18.82",
				"telescope":"GAIA",
				"u_time":"MJD",
				"source":"3"
			},
			{
				"time":"57823.402",
				"band":"G",
				"e_magnitude":"0.0",
				"magnitude":"18.89",
				"telescope":"GAIA",
				"u_time":"MJD",
				"source":"3"
			}
		]
	}
}