{
	"AT2016cnw":{
		"schema":"https://github.com/astrocatalogs/supernovae/blob/a0bc0b9/SCHEMA.md",
		"name":"AT2016cnw",
		"sources":[
			{
				"name":"2016A&A...594A..13P",
				"bibcode":"2016A&A...594A..13P",
				"reference":"Planck Collaboration et al. (2016)",
				"alias":"1"
			},
			{
				"name":"2011ApJ...737..103S",
				"bibcode":"2011ApJ...737..103S",
				"reference":"Schlafly & Finkbeiner (2011)",
				"alias":"2"
			},
			{
				"name":"Transient Name Server",
				"url":"https://wis-tns.weizmann.ac.il/",
				"alias":"3"
			},
			{
				"name":"Latest Supernovae",
				"secondary":true,
				"url":"http://www.rochesterastronomy.org/snimages/snredshiftall.html",
				"alias":"4"
			},
			{
				"name":"The Open Supernova Catalog",
				"bibcode":"2017ApJ...835...64G",
				"reference":"Guillochon et al. (2017)",
				"secondary":true,
				"url":"https://sne.space",
				"alias":"5"
			}
		],
		"alias":[
			{
				"value":"AT2016cnw",
				"source":"3,4"
			},
			{
				"value":"PTSS-16gxi",
				"source":"3,4"
			}
		],
		"claimedtype":[
			{
				"value":"Candidate",
				"source":"5"
			}
		],
		"comovingdist":[
			{
				"value":"300",
				"derived":true,
				"u_value":"Mpc",
				"source":"1,3,5"
			}
		],
		"dec":[
			{
				"value":"+27:22:24.04",
				"u_value":"degrees",
				"source":"3,4"
			}
		],
		"discoverdate":[
			{
				"value":"2016/05/24.565822",
				"source":"3"
			}
		],
		"discoverer":[
			{
				"value":"PTSS",
				"source":"3"
			},
			{
				"value":"PMO-Tsinghua Supernova Survey (PTSS)",
				"source":"3,4"
			}
		],
		"ebv":[
			{
				"value":"0.0185",
				"derived":true,
				"e_value":"0.0006",
				"source":"2,5"
			}
		],
		"host":[
			{
				"value":"SDSS J121627.34+272223.5",
				"source":"3"
			}
		],
		"hostcomovingdist":[
			{
				"value":"300",
				"derived":true,
				"source":"1,3,5"
			}
		],
		"hostdec":[
			{
				"value":"+27:22:23.5",
				"derived":true,
				"u_value":"degrees",
				"source":"5"
			}
		],
		"hostlumdist":[
			{
				"value":"380",
				"derived":true,
				"source":"1,3,5"
			}
		],
		"hostoffsetang":[
			{
				"value":"2.98",
				"derived":true,
				"u_value":"arcseconds",
				"source":"3,4,5"
			}
		],
		"hostoffsetdist":[
			{
				"value":"4.01",
				"source":"1,3,4,5"
			}
		],
		"hostra":[
			{
				"value":"12:16:27.34",
				"derived":true,
				"u_value":"hours",
				"source":"5"
			}
		],
		"hostredshift":[
			{
				"value":"0.08",
				"source":"3"
			}
		],
		"hostvelocity":[
			{
				"value":"20000",
				"source":"5"
			}
		],
		"lumdist":[
			{
				"value":"380",
				"derived":true,
				"u_value":"Mpc",
				"source":"1,3,5"
			}
		],
		"maxabsmag":[
			{
				"value":"-19",
				"derived":true,
				"source":"1,3,5"
			}
		],
		"maxappmag":[
			{
				"value":"19.1",
				"derived":true,
				"source":"3,5"
			}
		],
		"maxband":[
			{
				"value":"r",
				"derived":true,
				"source":"3,5"
			}
		],
		"maxdate":[
			{
				"value":"2016/05/24",
				"derived":true,
				"source":"3,5"
			}
		],
		"maxvisualabsmag":[
			{
				"value":"-19",
				"derived":true,
				"source":"1,3,5"
			}
		],
		"maxvisualappmag":[
			{
				"value":"19.1",
				"derived":true,
				"source":"3,5"
			}
		],
		"maxvisualband":[
			{
				"value":"r",
				"derived":true,
				"source":"3,5"
			}
		],
		"maxvisualdate":[
			{
				"value":"2016/05/24",
				"derived":true,
				"source":"3,5"
			}
		],
		"ra":[
			{
				"value":"12:16:27.12",
				"u_value":"hours",
				"source":"3"
			},
			{
				"value":"12:16:27.120",
				"u_value":"hours",
				"source":"3,4"
			}
		],
		"redshift":[
			{
				"value":"0.08",
				"kind":"host",
				"source":"3"
			},
			{
				"value":"0.08",
				"source":"3,4"
			}
		],
		"velocity":[
			{
				"value":"20000",
				"u_value":"km/s",
				"source":"5"
			}
		],
		"photometry":[
			{
				"time":"57532.0658218",
				"band":"r",
				"e_magnitude":"0.1",
				"instrument":"STA1600",
				"magnitude":"19.1",
				"observer":"Bin Li",
				"system":"Vega",
				"telescope":"CNEOST",
				"u_time":"MJD",
				"source":"3"
			}
		]
	}
}