{
	"AT2016ive":{
		"schema":"https://github.com/astrocatalogs/supernovae/blob/a0bc0b9/SCHEMA.md",
		"name":"AT2016ive",
		"sources":[
			{
				"name":"2016A&A...594A..13P",
				"bibcode":"2016A&A...594A..13P",
				"reference":"Planck Collaboration et al. (2016)",
				"alias":"1"
			},
			{
				"name":"2011ApJ...737..103S",
				"bibcode":"2011ApJ...737..103S",
				"reference":"Schlafly & Finkbeiner (2011)",
				"alias":"2"
			},
			{
				"name":"Transient Name Server",
				"url":"https://wis-tns.weizmann.ac.il/",
				"alias":"3"
			},
			{
				"name":"Gaia Photometric Science Alerts",
				"url":"http://gsaweb.ast.cam.ac.uk/alerts/alertsindex",
				"alias":"4"
			},
			{
				"name":"Pan-STARRS 3Pi",
				"url":"http://psweb.mp.qub.ac.uk/ps1threepi/psdb/",
				"alias":"5"
			},
			{
				"name":"Latest Supernovae",
				"secondary":true,
				"url":"http://www.rochesterastronomy.org/snimages/snredshiftall.html",
				"alias":"6"
			},
			{
				"name":"The Open Supernova Catalog",
				"bibcode":"2017ApJ...835...64G",
				"reference":"Guillochon et al. (2017)",
				"secondary":true,
				"url":"https://sne.space",
				"alias":"7"
			}
		],
		"alias":[
			{
				"value":"AT2016ive",
				"source":"3,4,5,6"
			},
			{
				"value":"Gaia17ace",
				"source":"3,6"
			},
			{
				"value":"PS17ajb",
				"source":"3,6"
			}
		],
		"claimedtype":[
			{
				"value":"Candidate",
				"source":"4"
			}
		],
		"comovingdist":[
			{
				"value":"110",
				"derived":true,
				"u_value":"Mpc",
				"source":"1,3,7"
			}
		],
		"dec":[
			{
				"value":"+07:29:21.80",
				"u_value":"degrees",
				"source":"3,6"
			},
			{
				"value":"+07:29:21.624",
				"u_value":"degrees",
				"source":"4"
			},
			{
				"value":"+07:29:21.7",
				"u_value":"degrees",
				"source":"5"
			}
		],
		"discoverdate":[
			{
				"value":"2016/12/13.93",
				"source":"3"
			}
		],
		"discoverer":[
			{
				"value":"TNTS",
				"source":"3,6"
			}
		],
		"ebv":[
			{
				"value":"0.0207",
				"derived":true,
				"e_value":"0.0005",
				"source":"2,7"
			}
		],
		"host":[
			{
				"value":"SDSS J122835.99+072917.6",
				"source":"3"
			},
			{
				"value":"SDSS J122835.99+072917.7",
				"source":"5"
			}
		],
		"hostcomovingdist":[
			{
				"value":"110",
				"derived":true,
				"source":"1,3,7"
			}
		],
		"hostdec":[
			{
				"value":"+07:29:17.6",
				"derived":true,
				"u_value":"degrees",
				"source":"7"
			}
		],
		"hostlumdist":[
			{
				"value":"113",
				"derived":true,
				"source":"1,3,7"
			}
		],
		"hostoffsetang":[
			{
				"value":"4.624",
				"derived":true,
				"u_value":"arcseconds",
				"source":"3,6,7"
			}
		],
		"hostoffsetdist":[
			{
				"value":"2.406",
				"source":"1,3,6,7"
			}
		],
		"hostra":[
			{
				"value":"12:28:35.99",
				"derived":true,
				"u_value":"hours",
				"source":"7"
			}
		],
		"hostredshift":[
			{
				"value":"0.025",
				"source":"3"
			}
		],
		"hostvelocity":[
			{
				"value":"7400",
				"source":"7"
			}
		],
		"lumdist":[
			{
				"value":"113",
				"derived":true,
				"u_value":"Mpc",
				"source":"1,3,7"
			}
		],
		"maxabsmag":[
			{
				"value":"-16.6",
				"derived":true,
				"source":"1,3,7"
			}
		],
		"maxappmag":[
			{
				"value":"18.64",
				"derived":true,
				"source":"5,7"
			}
		],
		"maxband":[
			{
				"value":"w",
				"derived":true,
				"source":"5,7"
			}
		],
		"maxdate":[
			{
				"value":"2017/01/04",
				"derived":true,
				"source":"5,7"
			}
		],
		"maxvisualabsmag":[
			{
				"value":"-16.6",
				"derived":true,
				"source":"1,3,7"
			}
		],
		"maxvisualappmag":[
			{
				"value":"18.7",
				"derived":true,
				"source":"4,7"
			}
		],
		"maxvisualband":[
			{
				"value":"G",
				"derived":true,
				"source":"4,7"
			}
		],
		"maxvisualdate":[
			{
				"value":"2017/01/09",
				"derived":true,
				"source":"4,7"
			}
		],
		"ra":[
			{
				"value":"12:28:35.86",
				"u_value":"hours",
				"source":"3"
			},
			{
				"value":"12:28:35.860",
				"u_value":"hours",
				"source":"3,6"
			},
			{
				"value":"12:28:36",
				"u_value":"hours",
				"source":"4"
			},
			{
				"value":"12:28:35.92",
				"u_value":"hours",
				"source":"5"
			}
		],
		"redshift":[
			{
				"value":"0.025",
				"kind":"host",
				"source":"3"
			},
			{
				"value":"0.025",
				"source":"3,6"
			}
		],
		"velocity":[
			{
				"value":"7400",
				"u_value":"km/s",
				"source":"7"
			}
		],
		"photometry":[
			{
				"time":"57733.1059954",
				"band":"G",
				"instrument":"Gaia-photometric",
				"magnitude":"21.5",
				"observer":"Robot",
				"telescope":"Gaia",
				"u_time":"MJD",
				"upperlimit":true,
				"source":"3"
			},
			{
				"time":"57735.43",
				"band":"C",
				"instrument":"BATC",
				"magnitude":"19",
				"system":"Vega",
				"telescope":"BAO-0.6m",
				"u_time":"MJD",
				"source":"3"
			},
			{
				"time":"57757.0819907",
				"band":"w",
				"e_magnitude":"0.02",
				"instrument":"GPC1",
				"magnitude":"18.64",
				"observer":"Robot",
				"telescope":"PS1",
				"u_time":"MJD",
				"source":"3"
			},
			{
				"time":"57757.5821195431",
				"band":"w",
				"e_magnitude":"0.0207068",
				"instrument":"GPC",
				"magnitude":"18.6351",
				"telescope":"Pan-STARRS1",
				"u_time":"MJD",
				"source":"5"
			},
			{
				"time":"57757.5932640351",
				"band":"w",
				"e_magnitude":"0.0273382",
				"instrument":"GPC",
				"magnitude":"18.6677",
				"telescope":"Pan-STARRS1",
				"u_time":"MJD",
				"source":"5"
			},
			{
				"time":"57757.6044151801",
				"band":"w",
				"e_magnitude":"0.0254678",
				"instrument":"GPC",
				"magnitude":"18.6489",
				"telescope":"Pan-STARRS1",
				"u_time":"MJD",
				"source":"5"
			},
			{
				"time":"57757.6155551363",
				"band":"w",
				"e_magnitude":"0.0282865",
				"instrument":"GPC",
				"magnitude":"18.6892",
				"telescope":"Pan-STARRS1",
				"u_time":"MJD",
				"source":"5"
			},
			{
				"time":"57762.3439931",
				"band":"G",
				"e_magnitude":"0.2",
				"instrument":"Gaia-photometric",
				"magnitude":"18.78",
				"observer":"Robot",
				"telescope":"Gaia",
				"u_time":"MJD",
				"source":"3"
			},
			{
				"time":"57762.345",
				"band":"G",
				"e_magnitude":"0.0",
				"magnitude":"18.78",
				"telescope":"GAIA",
				"u_time":"MJD",
				"source":"4"
			},
			{
				"time":"57762.522",
				"band":"G",
				"e_magnitude":"0.0",
				"magnitude":"18.7",
				"telescope":"GAIA",
				"u_time":"MJD",
				"source":"4"
			},
			{
				"time":"57808.5723648131",
				"band":"w",
				"e_magnitude":"0.0244753",
				"instrument":"GPC",
				"magnitude":"18.8617",
				"telescope":"Pan-STARRS1",
				"u_time":"MJD",
				"source":"5"
			}
		]
	}
}