{
	"AT2016cpu":{
		"schema":"https://github.com/astrocatalogs/supernovae/blob/a0bc0b9/SCHEMA.md",
		"name":"AT2016cpu",
		"sources":[
			{
				"name":"ATel 9110",
				"bibcode":"2016ATel.9110....1T",
				"reference":"Tonry et al. (2016)",
				"url":"http://www.astronomerstelegram.org/?read=9110",
				"alias":"1"
			},
			{
				"name":"2011ApJ...737..103S",
				"bibcode":"2011ApJ...737..103S",
				"reference":"Schlafly & Finkbeiner (2011)",
				"alias":"2"
			},
			{
				"name":"Transient Name Server",
				"url":"https://wis-tns.weizmann.ac.il/",
				"alias":"3"
			},
			{
				"name":"Latest Supernovae",
				"secondary":true,
				"url":"http://www.rochesterastronomy.org/snimages/snredshiftall.html",
				"alias":"4"
			},
			{
				"name":"The Open Supernova Catalog",
				"bibcode":"2017ApJ...835...64G",
				"reference":"Guillochon et al. (2017)",
				"secondary":true,
				"url":"https://sne.space",
				"alias":"5"
			}
		],
		"alias":[
			{
				"value":"AT2016cpu",
				"source":"1,3,4,5"
			},
			{
				"value":"CSS160605:130101-011237",
				"source":"1,4,5"
			},
			{
				"value":"ATLAS16bac",
				"source":"1,3,4"
			}
		],
		"claimedtype":[
			{
				"value":"Candidate",
				"source":"5"
			}
		],
		"dec":[
			{
				"value":"-01:12:38.12",
				"u_value":"degrees",
				"source":"1,3,4"
			}
		],
		"discoverdate":[
			{
				"value":"2016/05/30.33",
				"source":"3"
			}
		],
		"discoverer":[
			{
				"value":"ATLAS",
				"source":"1,3,4"
			}
		],
		"ebv":[
			{
				"value":"0.02",
				"derived":true,
				"e_value":"0.0011",
				"source":"2,5"
			}
		],
		"maxappmag":[
			{
				"value":"18.9",
				"derived":true,
				"source":"1,4,5"
			}
		],
		"maxdate":[
			{
				"value":"2016/06/04",
				"derived":true,
				"source":"1,4,5"
			}
		],
		"maxvisualappmag":[
			{
				"value":"18.9",
				"derived":true,
				"source":"1,4,5"
			}
		],
		"maxvisualdate":[
			{
				"value":"2016/06/04",
				"derived":true,
				"source":"1,4,5"
			}
		],
		"ra":[
			{
				"value":"13:01:01.35",
				"u_value":"hours",
				"source":"3"
			},
			{
				"value":"13:01:01.350",
				"u_value":"hours",
				"source":"1,4"
			}
		],
		"photometry":[
			{
				"time":"57514.39",
				"band":"cyan",
				"instrument":"ACAM1",
				"magnitude":"19.59",
				"observer":"Robot",
				"telescope":"ATLAS1",
				"u_time":"MJD",
				"upperlimit":true,
				"source":"3"
			},
			{
				"time":"57538.33",
				"band":"cyan",
				"e_magnitude":"0.19",
				"instrument":"ACAM1",
				"magnitude":"19.11",
				"observer":"Robot",
				"telescope":"ATLAS1",
				"u_time":"MJD",
				"source":"3"
			},
			{
				"time":"57543.5",
				"magnitude":"18.9",
				"u_time":"MJD",
				"source":"1,4"
			}
		]
	}
}