{
	"AT2016hzu":{
		"schema":"https://github.com/astrocatalogs/supernovae/blob/a0bc0b9/SCHEMA.md",
		"name":"AT2016hzu",
		"sources":[
			{
				"name":"2011ApJ...737..103S",
				"bibcode":"2011ApJ...737..103S",
				"reference":"Schlafly & Finkbeiner (2011)",
				"alias":"1"
			},
			{
				"name":"Transient Name Server",
				"url":"https://wis-tns.weizmann.ac.il/",
				"alias":"2"
			},
			{
				"name":"Pan-STARRS 3Pi",
				"url":"http://psweb.mp.qub.ac.uk/ps1threepi/psdb/",
				"alias":"3"
			},
			{
				"name":"Latest Supernovae",
				"secondary":true,
				"url":"http://www.rochesterastronomy.org/snimages/snredshiftall.html",
				"alias":"4"
			},
			{
				"name":"The Open Supernova Catalog",
				"bibcode":"2017ApJ...835...64G",
				"reference":"Guillochon et al. (2017)",
				"secondary":true,
				"url":"https://sne.space",
				"alias":"5"
			}
		],
		"alias":[
			{
				"value":"AT2016hzu",
				"source":"2,3,4"
			},
			{
				"value":"PS16ezl",
				"source":"2,4"
			}
		],
		"claimedtype":[
			{
				"value":"Candidate",
				"source":"5"
			}
		],
		"dec":[
			{
				"value":"+21:43:49.83",
				"u_value":"degrees",
				"source":"2,4"
			},
			{
				"value":"+21:43:49.9",
				"u_value":"degrees",
				"source":"3"
			}
		],
		"discoverdate":[
			{
				"value":"2016/11/08.547998",
				"source":"2"
			}
		],
		"discoverer":[
			{
				"value":"Pan-STARRS1",
				"source":"2"
			},
			{
				"value":"ASAS-SN",
				"source":"2,4"
			}
		],
		"ebv":[
			{
				"value":"0.0395",
				"derived":true,
				"e_value":"0.0011",
				"source":"1,5"
			}
		],
		"maxappmag":[
			{
				"value":"21.04",
				"derived":true,
				"source":"3,5"
			}
		],
		"maxband":[
			{
				"value":"w",
				"derived":true,
				"source":"3,5"
			}
		],
		"maxdate":[
			{
				"value":"2016/11/08",
				"derived":true,
				"source":"3,5"
			}
		],
		"maxvisualappmag":[
			{
				"value":"21.04",
				"derived":true,
				"source":"3,5"
			}
		],
		"maxvisualband":[
			{
				"value":"w",
				"derived":true,
				"source":"3,5"
			}
		],
		"maxvisualdate":[
			{
				"value":"2016/11/08",
				"derived":true,
				"source":"3,5"
			}
		],
		"ra":[
			{
				"value":"08:23:02.23",
				"u_value":"hours",
				"source":"2,3"
			},
			{
				"value":"08:23:02.230",
				"u_value":"hours",
				"source":"2,4"
			}
		],
		"photometry":[
			{
				"time":"57700.0479977",
				"band":"w",
				"e_magnitude":"0.18",
				"instrument":"GPC1",
				"magnitude":"21.25",
				"observer":"Robot",
				"telescope":"PS1",
				"u_time":"MJD",
				"source":"2"
			},
			{
				"time":"57700.5479109035",
				"band":"w",
				"e_magnitude":"0.181368",
				"instrument":"GPC",
				"magnitude":"21.2547",
				"telescope":"Pan-STARRS1",
				"u_time":"MJD",
				"source":"3"
			},
			{
				"time":"57700.5601858427",
				"band":"w",
				"e_magnitude":"0.0976721",
				"instrument":"GPC",
				"magnitude":"21.0424",
				"telescope":"Pan-STARRS1",
				"u_time":"MJD",
				"source":"3"
			},
			{
				"time":"57700.5725343978",
				"band":"w",
				"e_magnitude":"0.0818267",
				"instrument":"GPC",
				"magnitude":"21.045",
				"telescope":"Pan-STARRS1",
				"u_time":"MJD",
				"source":"3"
			},
			{
				"time":"57700.5849030977",
				"band":"w",
				"e_magnitude":"0.0871366",
				"instrument":"GPC",
				"magnitude":"21.087",
				"telescope":"Pan-STARRS1",
				"u_time":"MJD",
				"source":"3"
			}
		]
	}
}