{
	"AT2016dac":{
		"schema":"https://github.com/astrocatalogs/supernovae/blob/a0bc0b9/SCHEMA.md",
		"name":"AT2016dac",
		"sources":[
			{
				"name":"2011ApJ...737..103S",
				"bibcode":"2011ApJ...737..103S",
				"reference":"Schlafly & Finkbeiner (2011)",
				"alias":"1"
			},
			{
				"name":"Transient Name Server",
				"url":"https://wis-tns.weizmann.ac.il/",
				"alias":"2"
			},
			{
				"name":"Pan-STARRS 3Pi",
				"url":"http://psweb.mp.qub.ac.uk/ps1threepi/psdb/",
				"alias":"3"
			},
			{
				"name":"Latest Supernovae",
				"secondary":true,
				"url":"http://www.rochesterastronomy.org/snimages/snredshiftall.html",
				"alias":"4"
			},
			{
				"name":"The Open Supernova Catalog",
				"bibcode":"2017ApJ...835...64G",
				"reference":"Guillochon et al. (2017)",
				"secondary":true,
				"url":"https://sne.space",
				"alias":"5"
			}
		],
		"alias":[
			{
				"value":"AT2016dac",
				"source":"2,3,4"
			},
			{
				"value":"ATLAS16bqs",
				"source":"2,4"
			},
			{
				"value":"PS16dze",
				"source":"2,4"
			}
		],
		"claimedtype":[
			{
				"value":"Candidate",
				"source":"5"
			}
		],
		"dec":[
			{
				"value":"-21:45:45.13",
				"u_value":"degrees",
				"source":"2,4"
			},
			{
				"value":"-21:45:45.2",
				"u_value":"degrees",
				"source":"3"
			}
		],
		"discoverdate":[
			{
				"value":"2016/07/06.582998",
				"source":"2"
			}
		],
		"discoverer":[
			{
				"value":"ATLAS",
				"source":"2,4"
			}
		],
		"ebv":[
			{
				"value":"0.0147",
				"derived":true,
				"e_value":"0.0002",
				"source":"1,5"
			}
		],
		"host":[
			{
				"value":"APMUKS(BJ) B001528.37-220227.8",
				"source":"3"
			}
		],
		"maxappmag":[
			{
				"value":"17.16",
				"derived":true,
				"source":"2,5"
			}
		],
		"maxband":[
			{
				"value":"cyan",
				"derived":true,
				"source":"2,5"
			}
		],
		"maxdate":[
			{
				"value":"2016/07/06",
				"derived":true,
				"source":"2,5"
			}
		],
		"maxvisualappmag":[
			{
				"value":"17.16",
				"derived":true,
				"source":"2,5"
			}
		],
		"maxvisualband":[
			{
				"value":"cyan",
				"derived":true,
				"source":"2,5"
			}
		],
		"maxvisualdate":[
			{
				"value":"2016/07/06",
				"derived":true,
				"source":"2,5"
			}
		],
		"ra":[
			{
				"value":"00:18:00.34",
				"u_value":"hours",
				"source":"2"
			},
			{
				"value":"00:18:00.340",
				"u_value":"hours",
				"source":"2,4"
			},
			{
				"value":"00:18:00.33",
				"u_value":"hours",
				"source":"3"
			}
		],
		"photometry":[
			{
				"time":"57559.1189931",
				"band":"orange",
				"instrument":"ACAM1",
				"magnitude":"17.94",
				"observer":"Robot",
				"telescope":"ATLAS1",
				"u_time":"MJD",
				"upperlimit":true,
				"source":"2"
			},
			{
				"time":"57575.0829977",
				"band":"cyan",
				"e_magnitude":"0.04",
				"instrument":"ACAM1",
				"magnitude":"17.16",
				"observer":"Robot",
				"telescope":"ATLAS1",
				"u_time":"MJD",
				"source":"2"
			},
			{
				"time":"57608.1209954",
				"band":"z",
				"e_magnitude":"0.09",
				"instrument":"GPC1",
				"magnitude":"19.51",
				"observer":"Robot",
				"telescope":"PS1",
				"u_time":"MJD",
				"source":"2"
			},
			{
				"time":"57608.6206268058",
				"band":"z",
				"e_magnitude":"0.087508",
				"instrument":"GPC",
				"magnitude":"19.5137",
				"telescope":"Pan-STARRS1",
				"u_time":"MJD",
				"source":"3"
			},
			{
				"time":"57608.6281556411",
				"band":"z",
				"e_magnitude":"0.0963249",
				"instrument":"GPC",
				"magnitude":"19.3957",
				"telescope":"Pan-STARRS1",
				"u_time":"MJD",
				"source":"3"
			}
		]
	}
}