{
	"AT2016bar":{
		"schema":"https://github.com/astrocatalogs/supernovae/blob/a0bc0b9/SCHEMA.md",
		"name":"AT2016bar",
		"sources":[
			{
				"name":"ATel 8808",
				"bibcode":"2016ATel.8808....1N",
				"reference":"Niu et al. (2016)",
				"url":"http://www.astronomerstelegram.org/?read=8808",
				"alias":"1"
			},
			{
				"name":"2016A&A...594A..13P",
				"bibcode":"2016A&A...594A..13P",
				"reference":"Planck Collaboration et al. (2016)",
				"alias":"2"
			},
			{
				"name":"2011ApJ...737..103S",
				"bibcode":"2011ApJ...737..103S",
				"reference":"Schlafly & Finkbeiner (2011)",
				"alias":"3"
			},
			{
				"name":"Transient Name Server",
				"url":"https://wis-tns.weizmann.ac.il/",
				"alias":"4"
			},
			{
				"name":"Pan-STARRS 3Pi",
				"url":"http://psweb.mp.qub.ac.uk/ps1threepi/psdb/",
				"alias":"5"
			},
			{
				"name":"Latest Supernovae",
				"secondary":true,
				"url":"http://www.rochesterastronomy.org/snimages/snredshiftall.html",
				"alias":"6"
			},
			{
				"name":"The Open Supernova Catalog",
				"bibcode":"2017ApJ...835...64G",
				"reference":"Guillochon et al. (2017)",
				"secondary":true,
				"url":"https://sne.space",
				"alias":"7"
			}
		],
		"alias":[
			{
				"value":"AT2016bar",
				"source":"1,4,5,6"
			},
			{
				"value":"XTSS-16A",
				"source":"1,4,6"
			},
			{
				"value":"PS16bke",
				"source":"1,6"
			}
		],
		"claimedtype":[
			{
				"value":"Candidate",
				"source":"7"
			}
		],
		"comovingdist":[
			{
				"value":"257",
				"derived":true,
				"u_value":"Mpc",
				"source":"2,4,7"
			}
		],
		"dec":[
			{
				"value":"+53:40:06.30",
				"u_value":"degrees",
				"source":"4"
			},
			{
				"value":"+53:40:06.3",
				"u_value":"degrees",
				"source":"1,6"
			},
			{
				"value":"+53:40:06.5",
				"u_value":"degrees",
				"source":"1,5"
			}
		],
		"discoverdate":[
			{
				"value":"2016/03/05.699988",
				"source":"4"
			}
		],
		"discoverer":[
			{
				"value":"XTSS",
				"source":"4"
			},
			{
				"value":"XAO-THU Supernova Survey (XTSS)",
				"source":"1,6"
			}
		],
		"ebv":[
			{
				"value":"0.0146",
				"derived":true,
				"e_value":"0.0005",
				"source":"3,7"
			}
		],
		"host":[
			{
				"value":"MCG +09-20-097",
				"source":"1,4,5"
			},
			{
				"value":"MCG +09-20-97",
				"source":"1,6"
			}
		],
		"hostcomovingdist":[
			{
				"value":"257",
				"derived":true,
				"source":"2,4,7"
			}
		],
		"hostlumdist":[
			{
				"value":"272.2",
				"derived":true,
				"source":"2,4,7"
			}
		],
		"hostredshift":[
			{
				"value":"0.0589",
				"source":"4"
			}
		],
		"hostvelocity":[
			{
				"value":"17100",
				"source":"7"
			}
		],
		"lumdist":[
			{
				"value":"272.2",
				"derived":true,
				"u_value":"Mpc",
				"source":"2,4,7"
			}
		],
		"maxabsmag":[
			{
				"value":"-17.83",
				"derived":true,
				"source":"2,4,7"
			}
		],
		"maxappmag":[
			{
				"value":"19.28",
				"derived":true,
				"source":"1,5,7"
			}
		],
		"maxband":[
			{
				"value":"i",
				"derived":true,
				"source":"1,5,7"
			}
		],
		"maxdate":[
			{
				"value":"2016/03/20",
				"derived":true,
				"source":"1,5,7"
			}
		],
		"maxvisualabsmag":[
			{
				"value":"-17.27",
				"derived":true,
				"source":"2,4,7"
			}
		],
		"maxvisualappmag":[
			{
				"value":"19.9",
				"derived":true,
				"source":"4,7"
			}
		],
		"maxvisualband":[
			{
				"value":"B",
				"derived":true,
				"source":"4,7"
			}
		],
		"maxvisualdate":[
			{
				"value":"2016/03/05",
				"derived":true,
				"source":"4,7"
			}
		],
		"ra":[
			{
				"value":"12:07:07.30",
				"u_value":"hours",
				"source":"1,4,6"
			},
			{
				"value":"12:07:07.27",
				"u_value":"hours",
				"source":"1,5"
			}
		],
		"redshift":[
			{
				"value":"0.0589",
				"kind":"host",
				"source":"4"
			},
			{
				"value":"0.0589",
				"source":"1,6"
			}
		],
		"velocity":[
			{
				"value":"17100",
				"u_value":"km/s",
				"source":"7"
			}
		],
		"photometry":[
			{
				"time":"57100.25",
				"band":"B",
				"magnitude":"21",
				"observer":"Hubiao Niu",
				"system":"Vega",
				"u_time":"MJD",
				"upperlimit":true,
				"source":"4"
			},
			{
				"time":"57452.1999884",
				"band":"B",
				"magnitude":"19.9",
				"observer":"Hubiao Niu",
				"system":"Vega",
				"u_time":"MJD",
				"source":"4"
			},
			{
				"time":"57467.3795570643",
				"band":"i",
				"e_magnitude":"0.0569972",
				"instrument":"GPC",
				"magnitude":"19.2826",
				"telescope":"Pan-STARRS1",
				"u_time":"MJD",
				"source":"1,5"
			},
			{
				"time":"57467.392673343",
				"band":"i",
				"e_magnitude":"0.05154",
				"instrument":"GPC",
				"magnitude":"19.289",
				"telescope":"Pan-STARRS1",
				"u_time":"MJD",
				"source":"1,5"
			},
			{
				"time":"57467.4057893916",
				"band":"i",
				"e_magnitude":"0.0578514",
				"instrument":"GPC",
				"magnitude":"19.399",
				"telescope":"Pan-STARRS1",
				"u_time":"MJD",
				"source":"1,5"
			},
			{
				"time":"57467.4188990419",
				"band":"i",
				"e_magnitude":"0.0917444",
				"instrument":"GPC",
				"magnitude":"19.3328",
				"telescope":"Pan-STARRS1",
				"u_time":"MJD",
				"source":"1,5"
			},
			{
				"time":"57494.3593937862",
				"band":"r",
				"e_magnitude":"0.107834",
				"instrument":"GPC",
				"magnitude":"19.8547",
				"telescope":"Pan-STARRS1",
				"u_time":"MJD",
				"source":"1,5"
			},
			{
				"time":"57494.3714262783",
				"band":"r",
				"e_magnitude":"0.0600207",
				"instrument":"GPC",
				"magnitude":"19.8471",
				"telescope":"Pan-STARRS1",
				"u_time":"MJD",
				"source":"1,5"
			},
			{
				"time":"57494.3834375306",
				"band":"r",
				"e_magnitude":"0.0661005",
				"instrument":"GPC",
				"magnitude":"19.7462",
				"telescope":"Pan-STARRS1",
				"u_time":"MJD",
				"source":"1,5"
			},
			{
				"time":"57494.3954186497",
				"band":"r",
				"e_magnitude":"0.0707439",
				"instrument":"GPC",
				"magnitude":"19.9252",
				"telescope":"Pan-STARRS1",
				"u_time":"MJD",
				"source":"1,5"
			},
			{
				"time":"57503.4320918323",
				"band":"i",
				"e_magnitude":"0.0857931",
				"instrument":"GPC",
				"magnitude":"19.9991",
				"telescope":"Pan-STARRS1",
				"u_time":"MJD",
				"source":"1,5"
			},
			{
				"time":"57503.445220435",
				"band":"i",
				"e_magnitude":"0.0923684",
				"instrument":"GPC",
				"magnitude":"20.0037",
				"telescope":"Pan-STARRS1",
				"u_time":"MJD",
				"source":"1,5"
			},
			{
				"time":"57503.4583431519",
				"band":"i",
				"e_magnitude":"0.0890817",
				"instrument":"GPC",
				"magnitude":"20.0737",
				"telescope":"Pan-STARRS1",
				"u_time":"MJD",
				"source":"1,5"
			}
		]
	}
}