{
	"AT2017axg":{
		"schema":"https://github.com/astrocatalogs/supernovae/blob/a0bc0b9/SCHEMA.md",
		"name":"AT2017axg",
		"sources":[
			{
				"name":"2011ApJ...737..103S",
				"bibcode":"2011ApJ...737..103S",
				"reference":"Schlafly & Finkbeiner (2011)",
				"alias":"1"
			},
			{
				"name":"Transient Name Server",
				"url":"https://wis-tns.weizmann.ac.il/",
				"alias":"2"
			},
			{
				"name":"Gaia Photometric Science Alerts",
				"url":"http://gsaweb.ast.cam.ac.uk/alerts/alertsindex",
				"alias":"3"
			},
			{
				"name":"Latest Supernovae",
				"secondary":true,
				"url":"http://www.rochesterastronomy.org/snimages/snredshiftall.html",
				"alias":"4"
			},
			{
				"name":"The Open Supernova Catalog",
				"bibcode":"2017ApJ...835...64G",
				"reference":"Guillochon et al. (2017)",
				"secondary":true,
				"url":"https://sne.space",
				"alias":"5"
			}
		],
		"alias":[
			{
				"value":"AT2017axg",
				"source":"2,3,4"
			},
			{
				"value":"ATLAS17bcb",
				"source":"2,3,4"
			},
			{
				"value":"Gaia17aka",
				"source":"2,4"
			},
			{
				"value":"PS17bvi",
				"source":"2,4"
			}
		],
		"claimedtype":[
			{
				"value":"Candidate",
				"source":"3"
			}
		],
		"dec":[
			{
				"value":"+51:38:40.11",
				"u_value":"degrees",
				"source":"2,4"
			},
			{
				"value":"+51:38:39.84",
				"u_value":"degrees",
				"source":"3"
			}
		],
		"discoverdate":[
			{
				"value":"2017/02/02.531991",
				"source":"2"
			}
		],
		"discoverer":[
			{
				"value":"ATLAS",
				"source":"2,4"
			}
		],
		"ebv":[
			{
				"value":"0.013",
				"derived":true,
				"e_value":"0.0007",
				"source":"1,5"
			}
		],
		"maxappmag":[
			{
				"value":"18.05",
				"derived":true,
				"source":"3,5"
			}
		],
		"maxband":[
			{
				"value":"G",
				"derived":true,
				"source":"3,5"
			}
		],
		"maxdate":[
			{
				"value":"2017/02/10",
				"derived":true,
				"source":"3,5"
			}
		],
		"maxvisualappmag":[
			{
				"value":"18.05",
				"derived":true,
				"source":"3,5"
			}
		],
		"maxvisualband":[
			{
				"value":"G",
				"derived":true,
				"source":"3,5"
			}
		],
		"maxvisualdate":[
			{
				"value":"2017/02/10",
				"derived":true,
				"source":"3,5"
			}
		],
		"ra":[
			{
				"value":"12:36:30.73",
				"u_value":"hours",
				"source":"2"
			},
			{
				"value":"12:36:30.730",
				"u_value":"hours",
				"source":"2,4"
			},
			{
				"value":"12:36:30.72",
				"u_value":"hours",
				"source":"3"
			}
		],
		"photometry":[
			{
				"time":"54832.0",
				"band":"R",
				"instrument":"CFH12k",
				"magnitude":"21.5",
				"observer":"iPTF",
				"telescope":"P48",
				"u_time":"MJD",
				"upperlimit":true,
				"source":"2"
			},
			{
				"time":"57753.5729977",
				"band":"G",
				"instrument":"Gaia-photometric",
				"magnitude":"21.5",
				"observer":"Robot",
				"telescope":"Gaia",
				"u_time":"MJD",
				"upperlimit":true,
				"source":"2"
			},
			{
				"time":"57782.5889931",
				"band":"cyan",
				"instrument":"ACAM1",
				"magnitude":"19.84",
				"observer":"Robot",
				"telescope":"ATLAS1",
				"u_time":"MJD",
				"upperlimit":true,
				"source":"2"
			},
			{
				"time":"57786.5319907",
				"band":"cyan",
				"e_magnitude":"0.18",
				"instrument":"ACAM1",
				"magnitude":"18.99",
				"observer":"Robot",
				"telescope":"ATLAS1",
				"u_time":"MJD",
				"source":"2"
			},
			{
				"time":"57794.7529977",
				"band":"G",
				"e_magnitude":"0.2",
				"instrument":"Gaia-photometric",
				"magnitude":"18.05",
				"observer":"Robot",
				"telescope":"Gaia",
				"u_time":"MJD",
				"source":"2"
			},
			{
				"time":"57794.754",
				"band":"G",
				"e_magnitude":"0.0",
				"magnitude":"18.05",
				"telescope":"GAIA",
				"u_time":"MJD",
				"source":"3"
			},
			{
				"time":"57794.828",
				"band":"G",
				"e_magnitude":"0.0",
				"magnitude":"18.09",
				"telescope":"GAIA",
				"u_time":"MJD",
				"source":"3"
			},
			{
				"time":"57803.832",
				"band":"G",
				"e_magnitude":"0.0",
				"magnitude":"18.31",
				"telescope":"GAIA",
				"u_time":"MJD",
				"source":"3"
			},
			{
				"time":"57804.008",
				"band":"G",
				"e_magnitude":"0.0",
				"magnitude":"18.32",
				"telescope":"GAIA",
				"u_time":"MJD",
				"source":"3"
			},
			{
				"time":"57808.55",
				"band":"I",
				"instrument":"CFH12k",
				"magnitude":"18.39",
				"observer":"iPTF",
				"telescope":"P48",
				"u_time":"MJD",
				"source":"2"
			},
			{
				"time":"57827.4839931",
				"band":"i",
				"e_magnitude":"0.07",
				"instrument":"GPC1",
				"magnitude":"19.33",
				"observer":"Robot",
				"telescope":"PS1",
				"u_time":"MJD",
				"source":"2"
			}
		]
	}
}