{
	"AT2016cbw":{
		"schema":"https://github.com/astrocatalogs/supernovae/blob/a0bc0b9/SCHEMA.md",
		"name":"AT2016cbw",
		"sources":[
			{
				"name":"2016A&A...594A..13P",
				"bibcode":"2016A&A...594A..13P",
				"reference":"Planck Collaboration et al. (2016)",
				"alias":"1"
			},
			{
				"name":"2011ApJ...737..103S",
				"bibcode":"2011ApJ...737..103S",
				"reference":"Schlafly & Finkbeiner (2011)",
				"alias":"2"
			},
			{
				"name":"Transient Name Server",
				"url":"https://wis-tns.weizmann.ac.il/",
				"alias":"3"
			},
			{
				"name":"Latest Supernovae",
				"secondary":true,
				"url":"http://www.rochesterastronomy.org/snimages/snredshiftall.html",
				"alias":"4"
			},
			{
				"name":"The Open Supernova Catalog",
				"bibcode":"2017ApJ...835...64G",
				"reference":"Guillochon et al. (2017)",
				"secondary":true,
				"url":"https://sne.space",
				"alias":"5"
			}
		],
		"alias":[
			{
				"value":"AT2016cbw",
				"source":"3,4"
			}
		],
		"claimedtype":[
			{
				"value":"Candidate",
				"source":"5"
			}
		],
		"comovingdist":[
			{
				"value":"104.51",
				"derived":true,
				"u_value":"Mpc",
				"source":"1,3,5"
			}
		],
		"dec":[
			{
				"value":"-67:30:16.40",
				"u_value":"degrees",
				"source":"3"
			},
			{
				"value":"-67:30:16.4",
				"u_value":"degrees",
				"source":"3,4"
			}
		],
		"discoverdate":[
			{
				"value":"2016/04/26.42772",
				"source":"3"
			}
		],
		"discoverer":[
			{
				"value":"BOSS",
				"source":"3"
			},
			{
				"value":"Stu Parker",
				"source":"3,4"
			}
		],
		"ebv":[
			{
				"value":"0.0921",
				"derived":true,
				"e_value":"0.003",
				"source":"2,5"
			}
		],
		"host":[
			{
				"value":"ESO -89-0G17",
				"source":"3"
			},
			{
				"value":"ESO 89-G17",
				"source":"3,4"
			}
		],
		"hostcomovingdist":[
			{
				"value":"104.51",
				"derived":true,
				"source":"1,3,5"
			}
		],
		"hostlumdist":[
			{
				"value":"106.992",
				"derived":true,
				"source":"1,3,5"
			}
		],
		"hostredshift":[
			{
				"value":"0.023746",
				"source":"3"
			}
		],
		"hostvelocity":[
			{
				"value":"7034.4",
				"source":"5"
			}
		],
		"lumdist":[
			{
				"value":"106.992",
				"derived":true,
				"u_value":"Mpc",
				"source":"1,3,5"
			}
		],
		"maxabsmag":[
			{
				"value":"-17.6213",
				"derived":true,
				"source":"1,3,5"
			}
		],
		"maxappmag":[
			{
				"value":"17.5",
				"derived":true,
				"source":"3,4,5"
			}
		],
		"maxdate":[
			{
				"value":"2016/04/25",
				"derived":true,
				"source":"3,4,5"
			}
		],
		"maxvisualabsmag":[
			{
				"value":"-17.6468",
				"derived":true,
				"source":"1,3,5"
			}
		],
		"maxvisualappmag":[
			{
				"value":"17.5",
				"derived":true,
				"source":"3,4,5"
			}
		],
		"maxvisualdate":[
			{
				"value":"2016/04/25",
				"derived":true,
				"source":"3,4,5"
			}
		],
		"ra":[
			{
				"value":"08:19:09.33",
				"u_value":"hours",
				"source":"3,4"
			}
		],
		"redshift":[
			{
				"value":"0.023746",
				"kind":"host",
				"source":"3"
			},
			{
				"value":"0.023746",
				"source":"3,4"
			}
		],
		"velocity":[
			{
				"value":"7034.4",
				"u_value":"km/s",
				"source":"5"
			}
		],
		"photometry":[
			{
				"time":"57503.5",
				"magnitude":"17.5",
				"u_time":"MJD",
				"source":"3,4"
			}
		]
	}
}