{
	"AT2016fvn":{
		"schema":"https://github.com/astrocatalogs/supernovae/blob/a0bc0b9/SCHEMA.md",
		"name":"AT2016fvn",
		"sources":[
			{
				"name":"2011ApJ...737..103S",
				"bibcode":"2011ApJ...737..103S",
				"reference":"Schlafly & Finkbeiner (2011)",
				"alias":"1"
			},
			{
				"name":"Transient Name Server",
				"url":"https://wis-tns.weizmann.ac.il/",
				"alias":"2"
			},
			{
				"name":"Latest Supernovae",
				"secondary":true,
				"url":"http://www.rochesterastronomy.org/snimages/snredshiftall.html",
				"alias":"3"
			},
			{
				"name":"The Open Supernova Catalog",
				"bibcode":"2017ApJ...835...64G",
				"reference":"Guillochon et al. (2017)",
				"secondary":true,
				"url":"https://sne.space",
				"alias":"4"
			}
		],
		"alias":[
			{
				"value":"AT2016fvn",
				"source":"2,3"
			}
		],
		"claimedtype":[
			{
				"value":"Candidate",
				"source":"4"
			}
		],
		"dec":[
			{
				"value":"+70:43:58.80",
				"u_value":"degrees",
				"source":"2,3"
			}
		],
		"discoverdate":[
			{
				"value":"2016/09/05.212836",
				"source":"2"
			}
		],
		"discoverer":[
			{
				"value":"POSS",
				"source":"2"
			},
			{
				"value":"Tim Puckett et al.",
				"source":"2,3"
			}
		],
		"ebv":[
			{
				"value":"0.0498",
				"derived":true,
				"e_value":"0.0009",
				"source":"1,4"
			}
		],
		"host":[
			{
				"value":"UGC 11363",
				"source":"2,3"
			}
		],
		"maxappmag":[
			{
				"value":"17.3",
				"derived":true,
				"source":"2,3,4"
			}
		],
		"maxdate":[
			{
				"value":"2016/09/06",
				"derived":true,
				"source":"2,3,4"
			}
		],
		"maxvisualappmag":[
			{
				"value":"17.3",
				"derived":true,
				"source":"2,3,4"
			}
		],
		"maxvisualdate":[
			{
				"value":"2016/09/06",
				"derived":true,
				"source":"2,3,4"
			}
		],
		"ra":[
			{
				"value":"18:47:38.32",
				"u_value":"hours",
				"source":"2"
			},
			{
				"value":"18:47:38.320",
				"u_value":"hours",
				"source":"2,3"
			}
		],
		"photometry":[
			{
				"time":"57625.2419907",
				"band":"C",
				"magnitude":"20.9",
				"u_time":"MJD",
				"upperlimit":true,
				"source":"2"
			},
			{
				"time":"57636.2128356",
				"band":"C",
				"e_magnitude":"0.3",
				"magnitude":"18.9",
				"u_time":"MJD",
				"source":"2"
			},
			{
				"time":"57637.5",
				"magnitude":"17.3",
				"u_time":"MJD",
				"source":"2,3"
			}
		]
	}
}