{
	"AT2016jao":{
		"schema":"https://github.com/astrocatalogs/supernovae/blob/a0bc0b9/SCHEMA.md",
		"name":"AT2016jao",
		"sources":[
			{
				"name":"2011ApJ...737..103S",
				"bibcode":"2011ApJ...737..103S",
				"reference":"Schlafly & Finkbeiner (2011)",
				"alias":"1"
			},
			{
				"name":"Transient Name Server",
				"url":"https://wis-tns.weizmann.ac.il/",
				"alias":"2"
			},
			{
				"name":"Gaia Photometric Science Alerts",
				"url":"http://gsaweb.ast.cam.ac.uk/alerts/alertsindex",
				"alias":"3"
			},
			{
				"name":"CPCS Alert 26480",
				"url":"http://gsaweb.ast.cam.ac.uk/followup/get_alert_lc_data?alert_id=26480",
				"alias":"4"
			},
			{
				"name":"Cambridge Photometric Calibration Server",
				"secondary":true,
				"url":"http://gsaweb.ast.cam.ac.uk/followup/",
				"alias":"5"
			},
			{
				"name":"Latest Supernovae",
				"secondary":true,
				"url":"http://www.rochesterastronomy.org/snimages/snredshiftall.html",
				"alias":"6"
			},
			{
				"name":"The Open Supernova Catalog",
				"bibcode":"2017ApJ...835...64G",
				"reference":"Guillochon et al. (2017)",
				"secondary":true,
				"url":"https://sne.space",
				"alias":"7"
			}
		],
		"alias":[
			{
				"value":"AT2016jao",
				"source":"2,3,6"
			},
			{
				"value":"ATLAS16ece",
				"source":"2,6"
			},
			{
				"value":"Gaia17aeb",
				"source":"2,5,6"
			}
		],
		"claimedtype":[
			{
				"value":"Candidate",
				"source":"7"
			}
		],
		"dec":[
			{
				"value":"+29:07:31.72",
				"u_value":"degrees",
				"source":"2,6"
			},
			{
				"value":"+29:07:31.8",
				"u_value":"degrees",
				"source":"3,5"
			}
		],
		"discoverdate":[
			{
				"value":"2016/12/23.277998",
				"source":"2"
			}
		],
		"discoverer":[
			{
				"value":"ATLAS",
				"source":"2,6"
			}
		],
		"ebv":[
			{
				"value":"0.0616",
				"derived":true,
				"e_value":"0.0017",
				"source":"1,7"
			}
		],
		"maxappmag":[
			{
				"value":"18.11",
				"derived":true,
				"source":"2,7"
			}
		],
		"maxband":[
			{
				"value":"cyan",
				"derived":true,
				"source":"2,7"
			}
		],
		"maxdate":[
			{
				"value":"2016/12/23",
				"derived":true,
				"source":"2,7"
			}
		],
		"maxvisualappmag":[
			{
				"value":"19.6",
				"derived":true,
				"source":"4,5,7"
			}
		],
		"maxvisualband":[
			{
				"value":"g",
				"derived":true,
				"source":"4,5,7"
			}
		],
		"maxvisualdate":[
			{
				"value":"2017/02/01",
				"derived":true,
				"source":"4,5,7"
			}
		],
		"ra":[
			{
				"value":"01:01:57.57",
				"u_value":"hours",
				"source":"2"
			},
			{
				"value":"01:01:57.570",
				"u_value":"hours",
				"source":"2,6"
			},
			{
				"value":"01:01:57.576",
				"u_value":"hours",
				"source":"3,5"
			}
		],
		"photometry":[
			{
				"time":"57735.1889931",
				"band":"G",
				"instrument":"Gaia-photometric",
				"magnitude":"21.5",
				"observer":"Robot",
				"telescope":"Gaia",
				"u_time":"MJD",
				"upperlimit":true,
				"source":"2"
			},
			{
				"time":"57737.305",
				"band":"orange",
				"instrument":"ACAM1",
				"magnitude":"18.76",
				"observer":"Robot",
				"telescope":"ATLAS1",
				"u_time":"MJD",
				"upperlimit":true,
				"source":"2"
			},
			{
				"time":"57745.2779977",
				"band":"cyan",
				"e_magnitude":"0.08",
				"instrument":"ACAM1",
				"magnitude":"18.11",
				"observer":"Robot",
				"telescope":"ATLAS1",
				"u_time":"MJD",
				"source":"2"
			},
			{
				"time":"57771.1539931",
				"band":"G",
				"e_magnitude":"0.2",
				"instrument":"Gaia-photometric",
				"magnitude":"18.59",
				"observer":"Robot",
				"telescope":"Gaia",
				"u_time":"MJD",
				"source":"2"
			},
			{
				"time":"57771.155",
				"band":"G",
				"e_magnitude":"0.0",
				"magnitude":"18.59",
				"telescope":"GAIA",
				"u_time":"MJD",
				"source":"3"
			},
			{
				"time":"57771.229",
				"band":"G",
				"e_magnitude":"0.0",
				"magnitude":"18.65",
				"telescope":"GAIA",
				"u_time":"MJD",
				"source":"3"
			},
			{
				"time":"57785.809",
				"band":"g",
				"e_magnitude":"0.0773",
				"magnitude":"19.6008",
				"observatory":"T100,Hasan Esenoglu",
				"u_time":"MJD",
				"source":"4,5"
			},
			{
				"time":"57785.8195",
				"band":"r",
				"e_magnitude":"0.0629",
				"magnitude":"19.0671",
				"observatory":"T100,Hasan Esenoglu",
				"u_time":"MJD",
				"source":"4,5"
			},
			{
				"time":"57809.761",
				"band":"G",
				"e_magnitude":"0.0",
				"magnitude":"19.71",
				"telescope":"GAIA",
				"u_time":"MJD",
				"source":"3"
			},
			{
				"time":"57809.938",
				"band":"G",
				"e_magnitude":"0.0",
				"magnitude":"19.71",
				"telescope":"GAIA",
				"u_time":"MJD",
				"source":"3"
			},
			{
				"time":"57810.012",
				"band":"G",
				"e_magnitude":"0.0",
				"magnitude":"19.77",
				"telescope":"GAIA",
				"u_time":"MJD",
				"source":"3"
			},
			{
				"time":"57817.191",
				"band":"G",
				"e_magnitude":"0.0",
				"magnitude":"19.74",
				"telescope":"GAIA",
				"u_time":"MJD",
				"source":"3"
			},
			{
				"time":"57817.265",
				"band":"G",
				"e_magnitude":"0.0",
				"magnitude":"19.75",
				"telescope":"GAIA",
				"u_time":"MJD",
				"source":"3"
			},
			{
				"time":"57817.441",
				"band":"G",
				"e_magnitude":"0.0",
				"magnitude":"19.52",
				"telescope":"GAIA",
				"u_time":"MJD",
				"source":"3"
			},
			{
				"time":"57817.515",
				"band":"G",
				"e_magnitude":"0.0",
				"magnitude":"19.77",
				"telescope":"GAIA",
				"u_time":"MJD",
				"source":"3"
			},
			{
				"time":"57817.692",
				"band":"G",
				"e_magnitude":"0.0",
				"magnitude":"19.73",
				"telescope":"GAIA",
				"u_time":"MJD",
				"source":"3"
			},
			{
				"time":"57817.766",
				"band":"G",
				"e_magnitude":"0.0",
				"magnitude":"19.72",
				"telescope":"GAIA",
				"u_time":"MJD",
				"source":"3"
			}
		]
	}
}