{
	"AT2016ipe":{
		"schema":"https://github.com/astrocatalogs/supernovae/blob/a0bc0b9/SCHEMA.md",
		"name":"AT2016ipe",
		"sources":[
			{
				"name":"2011ApJ...737..103S",
				"bibcode":"2011ApJ...737..103S",
				"reference":"Schlafly & Finkbeiner (2011)",
				"alias":"1"
			},
			{
				"name":"Transient Name Server",
				"url":"https://wis-tns.weizmann.ac.il/",
				"alias":"2"
			},
			{
				"name":"Gaia Photometric Science Alerts",
				"url":"http://gsaweb.ast.cam.ac.uk/alerts/alertsindex",
				"alias":"3"
			},
			{
				"name":"Pan-STARRS 3Pi",
				"url":"http://psweb.mp.qub.ac.uk/ps1threepi/psdb/",
				"alias":"4"
			},
			{
				"name":"Latest Supernovae",
				"secondary":true,
				"url":"http://www.rochesterastronomy.org/snimages/snredshiftall.html",
				"alias":"5"
			},
			{
				"name":"The Open Supernova Catalog",
				"bibcode":"2017ApJ...835...64G",
				"reference":"Guillochon et al. (2017)",
				"secondary":true,
				"url":"https://sne.space",
				"alias":"6"
			}
		],
		"alias":[
			{
				"value":"AT2016ipe",
				"source":"2,3,4,5"
			},
			{
				"value":"ATLAS16dyu",
				"source":"2,5"
			},
			{
				"value":"Gaia16bzj",
				"source":"2,5"
			},
			{
				"value":"PS17aer",
				"source":"2,5"
			}
		],
		"claimedtype":[
			{
				"value":"Candidate",
				"source":"3"
			}
		],
		"dec":[
			{
				"value":"+16:59:23.18",
				"u_value":"degrees",
				"source":"2,5"
			},
			{
				"value":"+16:59:23.28",
				"u_value":"degrees",
				"source":"3"
			},
			{
				"value":"+16:59:23.3",
				"u_value":"degrees",
				"source":"4"
			}
		],
		"discoverdate":[
			{
				"value":"2016/11/29.340995",
				"source":"2"
			}
		],
		"discoverer":[
			{
				"value":"ATLAS",
				"source":"2,5"
			}
		],
		"ebv":[
			{
				"value":"0.0483",
				"derived":true,
				"e_value":"0.0006",
				"source":"1,6"
			}
		],
		"maxappmag":[
			{
				"value":"17.87",
				"derived":true,
				"source":"3,6"
			}
		],
		"maxband":[
			{
				"value":"G",
				"derived":true,
				"source":"3,6"
			}
		],
		"maxdate":[
			{
				"value":"2016/12/10",
				"derived":true,
				"source":"3,6"
			}
		],
		"maxvisualappmag":[
			{
				"value":"17.87",
				"derived":true,
				"source":"3,6"
			}
		],
		"maxvisualband":[
			{
				"value":"G",
				"derived":true,
				"source":"3,6"
			}
		],
		"maxvisualdate":[
			{
				"value":"2016/12/10",
				"derived":true,
				"source":"3,6"
			}
		],
		"ra":[
			{
				"value":"01:07:27.88",
				"u_value":"hours",
				"source":"2"
			},
			{
				"value":"01:07:27.880",
				"u_value":"hours",
				"source":"2,5"
			},
			{
				"value":"01:07:27.912",
				"u_value":"hours",
				"source":"3"
			},
			{
				"value":"01:07:27.89",
				"u_value":"hours",
				"source":"4"
			}
		],
		"photometry":[
			{
				"time":"57628.3439931",
				"band":"G",
				"instrument":"Gaia-photometric",
				"magnitude":"21.5",
				"observer":"Robot",
				"telescope":"Gaia",
				"u_time":"MJD",
				"upperlimit":true,
				"source":"2"
			},
			{
				"time":"57713.3619907",
				"band":"cyan",
				"instrument":"ACAM1",
				"magnitude":"18.96",
				"observer":"Robot",
				"telescope":"ATLAS1",
				"u_time":"MJD",
				"upperlimit":true,
				"source":"2"
			},
			{
				"time":"57721.3409954",
				"band":"cyan",
				"e_magnitude":"0.08",
				"instrument":"ACAM1",
				"magnitude":"18.35",
				"observer":"Robot",
				"telescope":"ATLAS1",
				"u_time":"MJD",
				"source":"2"
			},
			{
				"time":"57722.1749884",
				"band":"G",
				"e_magnitude":"0.2",
				"instrument":"Gaia-photometric",
				"magnitude":"18.28",
				"observer":"Robot",
				"telescope":"Gaia",
				"u_time":"MJD",
				"source":"2"
			},
			{
				"time":"57722.176",
				"band":"G",
				"e_magnitude":"0.0",
				"magnitude":"18.28",
				"telescope":"GAIA",
				"u_time":"MJD",
				"source":"3"
			},
			{
				"time":"57722.250",
				"band":"G",
				"e_magnitude":"0.0",
				"magnitude":"18.29",
				"telescope":"GAIA",
				"u_time":"MJD",
				"source":"3"
			},
			{
				"time":"57732.930",
				"band":"G",
				"e_magnitude":"0.0",
				"magnitude":"17.87",
				"telescope":"GAIA",
				"u_time":"MJD",
				"source":"3"
			},
			{
				"time":"57733.004",
				"band":"G",
				"e_magnitude":"0.0",
				"magnitude":"17.9",
				"telescope":"GAIA",
				"u_time":"MJD",
				"source":"3"
			},
			{
				"time":"57766.2339931",
				"band":"i",
				"e_magnitude":"0.07",
				"instrument":"GPC1",
				"magnitude":"19.27",
				"observer":"Robot",
				"telescope":"PS1",
				"u_time":"MJD",
				"source":"2"
			},
			{
				"time":"57766.234366022",
				"band":"i",
				"e_magnitude":"0.0720588",
				"instrument":"GPC",
				"magnitude":"19.2682",
				"telescope":"Pan-STARRS1",
				"u_time":"MJD",
				"source":"4"
			},
			{
				"time":"57766.2477034013",
				"band":"i",
				"e_magnitude":"0.0784253",
				"instrument":"GPC",
				"magnitude":"19.2416",
				"telescope":"Pan-STARRS1",
				"u_time":"MJD",
				"source":"4"
			},
			{
				"time":"57766.2610635129",
				"band":"i",
				"e_magnitude":"0.0923391",
				"instrument":"GPC",
				"magnitude":"19.2663",
				"telescope":"Pan-STARRS1",
				"u_time":"MJD",
				"source":"4"
			},
			{
				"time":"57766.2744325478",
				"band":"i",
				"e_magnitude":"0.0838987",
				"instrument":"GPC",
				"magnitude":"19.1941",
				"telescope":"Pan-STARRS1",
				"u_time":"MJD",
				"source":"4"
			},
			{
				"time":"57768.649",
				"band":"G",
				"e_magnitude":"0.0",
				"magnitude":"19.65",
				"telescope":"GAIA",
				"u_time":"MJD",
				"source":"3"
			},
			{
				"time":"57768.723",
				"band":"G",
				"e_magnitude":"0.0",
				"magnitude":"19.66",
				"telescope":"GAIA",
				"u_time":"MJD",
				"source":"3"
			}
		]
	}
}