{
	"AT2017atx":{
		"schema":"https://github.com/astrocatalogs/supernovae/blob/a0bc0b9/SCHEMA.md",
		"name":"AT2017atx",
		"sources":[
			{
				"name":"2011ApJ...737..103S",
				"bibcode":"2011ApJ...737..103S",
				"reference":"Schlafly & Finkbeiner (2011)",
				"alias":"1"
			},
			{
				"name":"Transient Name Server",
				"url":"https://wis-tns.weizmann.ac.il/",
				"alias":"2"
			},
			{
				"name":"Gaia Photometric Science Alerts",
				"url":"http://gsaweb.ast.cam.ac.uk/alerts/alertsindex",
				"alias":"3"
			},
			{
				"name":"SMT",
				"url":"http://www.mso.anu.edu.au/skymapper/smt/transients/tns/",
				"alias":"4"
			},
			{
				"name":"Latest Supernovae",
				"secondary":true,
				"url":"http://www.rochesterastronomy.org/snimages/snredshiftall.html",
				"alias":"5"
			},
			{
				"name":"The Open Supernova Catalog",
				"bibcode":"2017ApJ...835...64G",
				"reference":"Guillochon et al. (2017)",
				"secondary":true,
				"url":"https://sne.space",
				"alias":"6"
			}
		],
		"alias":[
			{
				"value":"AT2017atx",
				"source":"2,3,4,5"
			},
			{
				"value":"SMT17ahn",
				"source":"2,4,5"
			},
			{
				"value":"Gaia17aow",
				"source":"2,5"
			}
		],
		"claimedtype":[
			{
				"value":"Candidate",
				"source":"3,4"
			}
		],
		"dec":[
			{
				"value":"-32:53:20.80",
				"u_value":"degrees",
				"source":"2,5"
			},
			{
				"value":"-32:53:20.76",
				"u_value":"degrees",
				"source":"3,4"
			}
		],
		"discoverdate":[
			{
				"value":"2017/02/08.475995",
				"source":"2"
			}
		],
		"discoverer":[
			{
				"value":"SkyMapper",
				"source":"2,5"
			}
		],
		"ebv":[
			{
				"value":"0.0045",
				"derived":true,
				"e_value":"0.0005",
				"source":"1,6"
			}
		],
		"maxappmag":[
			{
				"value":"18.12",
				"derived":true,
				"source":"2,6"
			}
		],
		"maxband":[
			{
				"value":"r-SM",
				"derived":true,
				"source":"2,6"
			}
		],
		"maxdate":[
			{
				"value":"2017/02/08",
				"derived":true,
				"source":"2,6"
			}
		],
		"maxvisualappmag":[
			{
				"value":"18.44",
				"derived":true,
				"source":"3,6"
			}
		],
		"maxvisualband":[
			{
				"value":"G",
				"derived":true,
				"source":"3,6"
			}
		],
		"maxvisualdate":[
			{
				"value":"2017/02/06",
				"derived":true,
				"source":"3,6"
			}
		],
		"ra":[
			{
				"value":"04:03:09.15",
				"u_value":"hours",
				"source":"2"
			},
			{
				"value":"04:03:09.150",
				"u_value":"hours",
				"source":"2,5"
			},
			{
				"value":"04:03:09.168",
				"u_value":"hours",
				"source":"3"
			},
			{
				"value":"04:03:09.144",
				"u_value":"hours",
				"source":"4"
			}
		],
		"photometry":[
			{
				"time":"57760.43",
				"band":"G",
				"instrument":"Gaia-photometric",
				"magnitude":"21.5",
				"observer":"Robot",
				"telescope":"Gaia",
				"u_time":"MJD",
				"upperlimit":true,
				"source":"2"
			},
			{
				"time":"57771.6189931",
				"band":"r-SM",
				"instrument":"SM-WFCam",
				"magnitude":"19.68",
				"observer":"Skymapper Transient Survey",
				"telescope":"SkyMapper 1.35m",
				"u_time":"MJD",
				"upperlimit":true,
				"source":"2"
			},
			{
				"time":"57790.415",
				"band":"G",
				"e_magnitude":"0.2",
				"instrument":"Gaia-photometric",
				"magnitude":"18.44",
				"observer":"Robot",
				"telescope":"Gaia",
				"u_time":"MJD",
				"source":"2"
			},
			{
				"time":"57790.416",
				"band":"G",
				"e_magnitude":"0.0",
				"magnitude":"18.44",
				"telescope":"GAIA",
				"u_time":"MJD",
				"source":"3"
			},
			{
				"time":"57792.4759954",
				"band":"r-SM",
				"instrument":"SM-WFCam",
				"magnitude":"18.12",
				"telescope":"SkyMapper 1.35m",
				"u_time":"MJD",
				"source":"2"
			},
			{
				"time":"57815.390",
				"band":"G",
				"e_magnitude":"0.0",
				"magnitude":"18.84",
				"telescope":"GAIA",
				"u_time":"MJD",
				"source":"3"
			}
		]
	}
}