{
	"AT2016ggg":{
		"schema":"https://github.com/astrocatalogs/supernovae/blob/a0bc0b9/SCHEMA.md",
		"name":"AT2016ggg",
		"sources":[
			{
				"name":"ATel 9496",
				"bibcode":"2016ATel.9496....1T",
				"reference":"Tonry et al. (2016)",
				"url":"http://www.astronomerstelegram.org/?read=9496",
				"alias":"1"
			},
			{
				"name":"2011ApJ...737..103S",
				"bibcode":"2011ApJ...737..103S",
				"reference":"Schlafly & Finkbeiner (2011)",
				"alias":"2"
			},
			{
				"name":"Transient Name Server",
				"url":"https://wis-tns.weizmann.ac.il/",
				"alias":"3"
			},
			{
				"name":"Gaia Photometric Science Alerts",
				"url":"http://gsaweb.ast.cam.ac.uk/alerts/alertsindex",
				"alias":"4"
			},
			{
				"name":"Latest Supernovae",
				"secondary":true,
				"url":"http://www.rochesterastronomy.org/snimages/snredshiftall.html",
				"alias":"5"
			},
			{
				"name":"The Open Supernova Catalog",
				"bibcode":"2017ApJ...835...64G",
				"reference":"Guillochon et al. (2017)",
				"secondary":true,
				"url":"https://sne.space",
				"alias":"6"
			}
		],
		"alias":[
			{
				"value":"AT2016ggg",
				"source":"1,3,4,5"
			},
			{
				"value":"ATLAS16csy",
				"source":"1,3,5"
			},
			{
				"value":"Gaia16bud",
				"source":"1,5"
			}
		],
		"claimedtype":[
			{
				"value":"Candidate",
				"source":"4"
			}
		],
		"dec":[
			{
				"value":"-33:38:38.81",
				"u_value":"degrees",
				"source":"1,3,5"
			},
			{
				"value":"-33:38:39.12",
				"u_value":"degrees",
				"source":"4"
			}
		],
		"discoverdate":[
			{
				"value":"2016/08/16.611991",
				"source":"3"
			}
		],
		"discoverer":[
			{
				"value":"ATLAS",
				"source":"1,3,5"
			}
		],
		"ebv":[
			{
				"value":"0.0171",
				"derived":true,
				"e_value":"0.0008",
				"source":"2,6"
			}
		],
		"maxappmag":[
			{
				"value":"18.19",
				"derived":true,
				"source":"3,6"
			}
		],
		"maxband":[
			{
				"value":"orange",
				"derived":true,
				"source":"3,6"
			}
		],
		"maxdate":[
			{
				"value":"2016/08/16",
				"derived":true,
				"source":"3,6"
			}
		],
		"maxvisualappmag":[
			{
				"value":"18.58",
				"derived":true,
				"source":"4,6"
			}
		],
		"maxvisualband":[
			{
				"value":"G",
				"derived":true,
				"source":"4,6"
			}
		],
		"maxvisualdate":[
			{
				"value":"2016/11/12",
				"derived":true,
				"source":"4,6"
			}
		],
		"ra":[
			{
				"value":"01:31:57.60",
				"u_value":"hours",
				"source":"3"
			},
			{
				"value":"01:31:57.600",
				"u_value":"hours",
				"source":"1,5"
			},
			{
				"value":"01:31:57.6",
				"u_value":"hours",
				"source":"4"
			}
		],
		"photometry":[
			{
				"time":"57407.2279977",
				"band":"orange",
				"instrument":"ACAM1",
				"magnitude":"18.52",
				"observer":"Robot",
				"telescope":"ATLAS1",
				"u_time":"MJD",
				"upperlimit":true,
				"source":"3"
			},
			{
				"time":"57584.395",
				"band":"G",
				"instrument":"Gaia-photometric",
				"magnitude":"21.5",
				"observer":"Robot",
				"telescope":"Gaia",
				"u_time":"MJD",
				"upperlimit":true,
				"source":"3"
			},
			{
				"time":"57616.1119907",
				"band":"orange",
				"e_magnitude":"0.14",
				"instrument":"ACAM1",
				"magnitude":"18.19",
				"observer":"Robot",
				"telescope":"ATLAS1",
				"u_time":"MJD",
				"source":"3"
			},
			{
				"time":"57704.1409954",
				"band":"G",
				"e_magnitude":"0.2",
				"instrument":"Gaia-photometric",
				"magnitude":"18.58",
				"observer":"Robot",
				"telescope":"Gaia",
				"u_time":"MJD",
				"source":"3"
			},
			{
				"time":"57704.642",
				"band":"G",
				"e_magnitude":"0.0",
				"magnitude":"18.58",
				"telescope":"GAIA",
				"u_time":"MJD",
				"source":"4"
			},
			{
				"time":"57704.716",
				"band":"G",
				"e_magnitude":"0.0",
				"magnitude":"18.61",
				"telescope":"GAIA",
				"u_time":"MJD",
				"source":"4"
			},
			{
				"time":"57728.465",
				"band":"G",
				"e_magnitude":"0.0",
				"magnitude":"18.85",
				"telescope":"GAIA",
				"u_time":"MJD",
				"source":"4"
			},
			{
				"time":"57728.641",
				"band":"G",
				"e_magnitude":"0.0",
				"magnitude":"18.85",
				"telescope":"GAIA",
				"u_time":"MJD",
				"source":"4"
			},
			{
				"time":"57758.375",
				"band":"G",
				"e_magnitude":"0.0",
				"magnitude":"19.13",
				"telescope":"GAIA",
				"u_time":"MJD",
				"source":"4"
			},
			{
				"time":"57758.449",
				"band":"G",
				"e_magnitude":"0.0",
				"magnitude":"19.19",
				"telescope":"GAIA",
				"u_time":"MJD",
				"source":"4"
			},
			{
				"time":"57797.211",
				"band":"G",
				"e_magnitude":"0.0",
				"magnitude":"19.48",
				"telescope":"GAIA",
				"u_time":"MJD",
				"source":"4"
			},
			{
				"time":"57807.141",
				"band":"G",
				"e_magnitude":"0.0",
				"magnitude":"19.48",
				"telescope":"GAIA",
				"u_time":"MJD",
				"source":"4"
			}
		]
	}
}