{
	"AT2016gzq":{
		"schema":"https://github.com/astrocatalogs/supernovae/blob/a0bc0b9/SCHEMA.md",
		"name":"AT2016gzq",
		"sources":[
			{
				"name":"2011ApJ...737..103S",
				"bibcode":"2011ApJ...737..103S",
				"reference":"Schlafly & Finkbeiner (2011)",
				"alias":"1"
			},
			{
				"name":"Transient Name Server",
				"url":"https://wis-tns.weizmann.ac.il/",
				"alias":"2"
			},
			{
				"name":"Gaia Photometric Science Alerts",
				"url":"http://gsaweb.ast.cam.ac.uk/alerts/alertsindex",
				"alias":"3"
			},
			{
				"name":"Latest Supernovae",
				"secondary":true,
				"url":"http://www.rochesterastronomy.org/snimages/snredshiftall.html",
				"alias":"4"
			},
			{
				"name":"The Open Supernova Catalog",
				"bibcode":"2017ApJ...835...64G",
				"reference":"Guillochon et al. (2017)",
				"secondary":true,
				"url":"https://sne.space",
				"alias":"5"
			}
		],
		"alias":[
			{
				"value":"AT2016gzq",
				"source":"2,3,4"
			},
			{
				"value":"ATLAS16dig",
				"source":"2,4"
			},
			{
				"value":"Gaia16bnm",
				"source":"2,4"
			}
		],
		"claimedtype":[
			{
				"value":"Candidate",
				"source":"5"
			}
		],
		"dec":[
			{
				"value":"+42:38:33.84",
				"u_value":"degrees",
				"source":"2,4"
			},
			{
				"value":"+42:38:33.36",
				"u_value":"degrees",
				"source":"3"
			}
		],
		"discoverdate":[
			{
				"value":"2016/10/07.547998",
				"source":"2"
			}
		],
		"discoverer":[
			{
				"value":"ATLAS",
				"source":"2,4"
			}
		],
		"ebv":[
			{
				"value":"0.204",
				"derived":true,
				"e_value":"0.005",
				"source":"1,5"
			}
		],
		"maxappmag":[
			{
				"value":"17.15",
				"derived":true,
				"source":"2,5"
			}
		],
		"maxband":[
			{
				"value":"cyan",
				"derived":true,
				"source":"2,5"
			}
		],
		"maxdate":[
			{
				"value":"2016/10/07",
				"derived":true,
				"source":"2,5"
			}
		],
		"maxvisualappmag":[
			{
				"value":"18.03",
				"derived":true,
				"source":"3,5"
			}
		],
		"maxvisualband":[
			{
				"value":"G",
				"derived":true,
				"source":"3,5"
			}
		],
		"maxvisualdate":[
			{
				"value":"2016/10/14",
				"derived":true,
				"source":"3,5"
			}
		],
		"ra":[
			{
				"value":"06:04:46.14",
				"u_value":"hours",
				"source":"2"
			},
			{
				"value":"06:04:46.140",
				"u_value":"hours",
				"source":"2,4"
			},
			{
				"value":"06:04:46.152",
				"u_value":"hours",
				"source":"3"
			}
		],
		"photometry":[
			{
				"time":"57642.1489931",
				"band":"G",
				"instrument":"Gaia-photometric",
				"magnitude":"21.5",
				"observer":"Robot",
				"telescope":"Gaia",
				"u_time":"MJD",
				"upperlimit":true,
				"source":"2"
			},
			{
				"time":"57660.1409954",
				"band":"cyan",
				"instrument":"ACAM1",
				"magnitude":"18.98",
				"observer":"Robot",
				"telescope":"ATLAS1",
				"u_time":"MJD",
				"upperlimit":true,
				"source":"2"
			},
			{
				"time":"57668.0479977",
				"band":"cyan",
				"e_magnitude":"0.05",
				"instrument":"ACAM1",
				"magnitude":"17.15",
				"observer":"Robot",
				"telescope":"ATLAS1",
				"u_time":"MJD",
				"source":"2"
			},
			{
				"time":"57675.3029977",
				"band":"G",
				"e_magnitude":"0.2",
				"instrument":"Gaia-photometric",
				"magnitude":"18.03",
				"observer":"Robot",
				"telescope":"Gaia",
				"u_time":"MJD",
				"source":"2"
			},
			{
				"time":"57675.304",
				"band":"G",
				"e_magnitude":"0.0",
				"magnitude":"18.03",
				"telescope":"GAIA",
				"u_time":"MJD",
				"source":"3"
			},
			{
				"time":"57675.378",
				"band":"G",
				"e_magnitude":"0.0",
				"magnitude":"18.1",
				"telescope":"GAIA",
				"u_time":"MJD",
				"source":"3"
			},
			{
				"time":"57692.882",
				"band":"G",
				"e_magnitude":"0.0",
				"magnitude":"19.31",
				"telescope":"GAIA",
				"u_time":"MJD",
				"source":"3"
			},
			{
				"time":"57693.058",
				"band":"G",
				"e_magnitude":"0.0",
				"magnitude":"19.32",
				"telescope":"GAIA",
				"u_time":"MJD",
				"source":"3"
			}
		]
	}
}