{
	"AT2016aym":{
		"schema":"https://github.com/astrocatalogs/supernovae/blob/a0bc0b9/SCHEMA.md",
		"name":"AT2016aym",
		"sources":[
			{
				"name":"ATel 8805",
				"bibcode":"2016ATel.8805....1T",
				"reference":"Tonry et al. (2016)",
				"url":"http://www.astronomerstelegram.org/?read=8805",
				"alias":"1"
			},
			{
				"name":"2011ApJ...737..103S",
				"bibcode":"2011ApJ...737..103S",
				"reference":"Schlafly & Finkbeiner (2011)",
				"alias":"2"
			},
			{
				"name":"Transient Name Server",
				"url":"https://wis-tns.weizmann.ac.il/",
				"alias":"3"
			},
			{
				"name":"Gaia Photometric Science Alerts",
				"url":"http://gsaweb.ast.cam.ac.uk/alerts/alertsindex",
				"alias":"4"
			},
			{
				"name":"Latest Supernovae",
				"secondary":true,
				"url":"http://www.rochesterastronomy.org/snimages/snredshiftall.html",
				"alias":"5"
			},
			{
				"name":"The Open Supernova Catalog",
				"bibcode":"2017ApJ...835...64G",
				"reference":"Guillochon et al. (2017)",
				"secondary":true,
				"url":"https://sne.space",
				"alias":"6"
			}
		],
		"alias":[
			{
				"value":"AT2016aym",
				"source":"1,3,4,5"
			},
			{
				"value":"ATLAS16acs",
				"source":"1,3,5"
			},
			{
				"value":"Gaia16aif",
				"source":"1,5"
			}
		],
		"claimedtype":[
			{
				"value":"Candidate",
				"source":"6"
			}
		],
		"dec":[
			{
				"value":"+46:28:08.10",
				"u_value":"degrees",
				"source":"3"
			},
			{
				"value":"+46:28:08.1",
				"u_value":"degrees",
				"source":"1,5"
			},
			{
				"value":"+46:28:07.68",
				"u_value":"degrees",
				"source":"4"
			}
		],
		"discoverdate":[
			{
				"value":"2016/02/22.33",
				"source":"3"
			}
		],
		"discoverer":[
			{
				"value":"ATLAS",
				"source":"1,3,5"
			}
		],
		"ebv":[
			{
				"value":"0.075",
				"derived":true,
				"e_value":"0.0014",
				"source":"2,6"
			}
		],
		"maxappmag":[
			{
				"value":"17.78",
				"derived":true,
				"source":"3,6"
			}
		],
		"maxband":[
			{
				"value":"orange",
				"derived":true,
				"source":"3,6"
			}
		],
		"maxdate":[
			{
				"value":"2016/02/22",
				"derived":true,
				"source":"3,6"
			}
		],
		"maxvisualappmag":[
			{
				"value":"18.18",
				"derived":true,
				"source":"4,6"
			}
		],
		"maxvisualband":[
			{
				"value":"G",
				"derived":true,
				"source":"4,6"
			}
		],
		"maxvisualdate":[
			{
				"value":"2016/03/13",
				"derived":true,
				"source":"4,6"
			}
		],
		"ra":[
			{
				"value":"07:20:21.81",
				"u_value":"hours",
				"source":"1,3,5"
			},
			{
				"value":"07:20:21.84",
				"u_value":"hours",
				"source":"4"
			}
		],
		"photometry":[
			{
				"time":"57320.2569907",
				"band":"G",
				"instrument":"Gaia-photometric",
				"magnitude":"21.5",
				"observer":"Robot",
				"telescope":"Gaia",
				"u_time":"MJD",
				"upperlimit":true,
				"source":"3"
			},
			{
				"time":"57440.33",
				"band":"orange",
				"instrument":"ACAM1",
				"magnitude":"17.78",
				"telescope":"ATLAS1",
				"u_time":"MJD",
				"source":"3"
			},
			{
				"time":"57460.0699884",
				"band":"G",
				"e_magnitude":"0.2",
				"instrument":"Gaia-photometric",
				"magnitude":"18.19",
				"observer":"Robot",
				"telescope":"Gaia",
				"u_time":"MJD",
				"source":"3"
			},
			{
				"time":"57460.571",
				"band":"G",
				"e_magnitude":"0.0",
				"magnitude":"18.19",
				"telescope":"GAIA",
				"u_time":"MJD",
				"source":"4"
			},
			{
				"time":"57460.645",
				"band":"G",
				"e_magnitude":"0.0",
				"magnitude":"18.18",
				"telescope":"GAIA",
				"u_time":"MJD",
				"source":"4"
			},
			{
				"time":"57486.635",
				"band":"G",
				"e_magnitude":"0.0",
				"magnitude":"19.23",
				"telescope":"GAIA",
				"u_time":"MJD",
				"source":"4"
			},
			{
				"time":"57513.627",
				"band":"G",
				"e_magnitude":"0.0",
				"magnitude":"20.23",
				"telescope":"GAIA",
				"u_time":"MJD",
				"source":"4"
			}
		]
	}
}