{
	"AT2016clg":{
		"schema":"https://github.com/astrocatalogs/supernovae/blob/a0bc0b9/SCHEMA.md",
		"name":"AT2016clg",
		"sources":[
			{
				"name":"2011ApJ...737..103S",
				"bibcode":"2011ApJ...737..103S",
				"reference":"Schlafly & Finkbeiner (2011)",
				"alias":"1"
			},
			{
				"name":"Transient Name Server",
				"url":"https://wis-tns.weizmann.ac.il/",
				"alias":"2"
			},
			{
				"name":"Latest Supernovae",
				"secondary":true,
				"url":"http://www.rochesterastronomy.org/snimages/snredshiftall.html",
				"alias":"3"
			},
			{
				"name":"The Open Supernova Catalog",
				"bibcode":"2017ApJ...835...64G",
				"reference":"Guillochon et al. (2017)",
				"secondary":true,
				"url":"https://sne.space",
				"alias":"4"
			}
		],
		"alias":[
			{
				"value":"AT2016clg",
				"source":"2,3"
			}
		],
		"claimedtype":[
			{
				"value":"Candidate",
				"source":"4"
			}
		],
		"dec":[
			{
				"value":"+42:39:23.20",
				"u_value":"degrees",
				"source":"2,3"
			}
		],
		"discoverdate":[
			{
				"value":"2016/05/19.203032",
				"source":"2"
			}
		],
		"discoverer":[
			{
				"value":"POSS",
				"source":"2"
			},
			{
				"value":"Tim Puckett et al.",
				"source":"2,3"
			}
		],
		"ebv":[
			{
				"value":"0.0128",
				"derived":true,
				"e_value":"0.0011",
				"source":"1,4"
			}
		],
		"host":[
			{
				"value":"PGC 27854",
				"source":"2,3"
			}
		],
		"maxappmag":[
			{
				"value":"18.4",
				"derived":true,
				"source":"2,4"
			}
		],
		"maxband":[
			{
				"value":"V",
				"derived":true,
				"source":"2,4"
			}
		],
		"maxdate":[
			{
				"value":"2016/05/19",
				"derived":true,
				"source":"2,4"
			}
		],
		"maxvisualappmag":[
			{
				"value":"18.4",
				"derived":true,
				"source":"2,4"
			}
		],
		"maxvisualband":[
			{
				"value":"V",
				"derived":true,
				"source":"2,4"
			}
		],
		"maxvisualdate":[
			{
				"value":"2016/05/19",
				"derived":true,
				"source":"2,4"
			}
		],
		"ra":[
			{
				"value":"09:43:51.13",
				"u_value":"hours",
				"source":"2"
			},
			{
				"value":"09:43:51.130",
				"u_value":"hours",
				"source":"2,3"
			}
		],
		"photometry":[
			{
				"time":"57521.0794907",
				"band":"C",
				"magnitude":"19",
				"u_time":"MJD",
				"upperlimit":true,
				"source":"2"
			},
			{
				"time":"57527.203044",
				"band":"V",
				"e_magnitude":"0.3",
				"magnitude":"18.4",
				"u_time":"MJD",
				"source":"2"
			}
		]
	}
}