{
	"AT2016cpf":{
		"schema":"https://github.com/astrocatalogs/supernovae/blob/a0bc0b9/SCHEMA.md",
		"name":"AT2016cpf",
		"sources":[
			{
				"name":"ATel 9110",
				"bibcode":"2016ATel.9110....1T",
				"reference":"Tonry et al. (2016)",
				"url":"http://www.astronomerstelegram.org/?read=9110",
				"alias":"1"
			},
			{
				"name":"2011ApJ...737..103S",
				"bibcode":"2011ApJ...737..103S",
				"reference":"Schlafly & Finkbeiner (2011)",
				"alias":"2"
			},
			{
				"name":"Transient Name Server",
				"url":"https://wis-tns.weizmann.ac.il/",
				"alias":"3"
			},
			{
				"name":"Latest Supernovae",
				"secondary":true,
				"url":"http://www.rochesterastronomy.org/snimages/snredshiftall.html",
				"alias":"4"
			},
			{
				"name":"The Open Supernova Catalog",
				"bibcode":"2017ApJ...835...64G",
				"reference":"Guillochon et al. (2017)",
				"secondary":true,
				"url":"https://sne.space",
				"alias":"5"
			}
		],
		"alias":[
			{
				"value":"AT2016cpf",
				"source":"1,3,4"
			},
			{
				"value":"ATLAS16ayr",
				"source":"1,3,4"
			}
		],
		"claimedtype":[
			{
				"value":"Candidate",
				"source":"5"
			}
		],
		"dec":[
			{
				"value":"-18:34:16.55",
				"u_value":"degrees",
				"source":"1,3,4"
			}
		],
		"discoverdate":[
			{
				"value":"2016/05/30.26",
				"source":"3"
			}
		],
		"discoverer":[
			{
				"value":"ATLAS",
				"source":"1,3,4"
			}
		],
		"ebv":[
			{
				"value":"0.0405",
				"derived":true,
				"e_value":"0.0008",
				"source":"2,5"
			}
		],
		"maxappmag":[
			{
				"value":"18.54",
				"derived":true,
				"source":"3,5"
			}
		],
		"maxband":[
			{
				"value":"cyan",
				"derived":true,
				"source":"3,5"
			}
		],
		"maxdate":[
			{
				"value":"2016/05/30",
				"derived":true,
				"source":"3,5"
			}
		],
		"maxvisualappmag":[
			{
				"value":"18.54",
				"derived":true,
				"source":"3,5"
			}
		],
		"maxvisualband":[
			{
				"value":"cyan",
				"derived":true,
				"source":"3,5"
			}
		],
		"maxvisualdate":[
			{
				"value":"2016/05/30",
				"derived":true,
				"source":"3,5"
			}
		],
		"ra":[
			{
				"value":"10:41:50.03",
				"u_value":"hours",
				"source":"3"
			},
			{
				"value":"10:41:50.030",
				"u_value":"hours",
				"source":"1,4"
			}
		],
		"photometry":[
			{
				"time":"57526.29",
				"band":"orange",
				"instrument":"ACAM1",
				"magnitude":"18.33",
				"observer":"Robot",
				"telescope":"ATLAS1",
				"u_time":"MJD",
				"upperlimit":true,
				"source":"3"
			},
			{
				"time":"57538.26",
				"band":"cyan",
				"e_magnitude":"0.13",
				"instrument":"ACAM1",
				"magnitude":"18.54",
				"observer":"Robot",
				"telescope":"ATLAS1",
				"u_time":"MJD",
				"source":"3"
			}
		]
	}
}