{
	"AT2016iee":{
		"schema":"https://github.com/astrocatalogs/supernovae/blob/a0bc0b9/SCHEMA.md",
		"name":"AT2016iee",
		"sources":[
			{
				"name":"2011ApJ...737..103S",
				"bibcode":"2011ApJ...737..103S",
				"reference":"Schlafly & Finkbeiner (2011)",
				"alias":"1"
			},
			{
				"name":"Transient Name Server",
				"url":"https://wis-tns.weizmann.ac.il/",
				"alias":"2"
			},
			{
				"name":"Pan-STARRS 3Pi",
				"url":"http://psweb.mp.qub.ac.uk/ps1threepi/psdb/",
				"alias":"3"
			},
			{
				"name":"Latest Supernovae",
				"secondary":true,
				"url":"http://www.rochesterastronomy.org/snimages/snredshiftall.html",
				"alias":"4"
			},
			{
				"name":"The Open Supernova Catalog",
				"bibcode":"2017ApJ...835...64G",
				"reference":"Guillochon et al. (2017)",
				"secondary":true,
				"url":"https://sne.space",
				"alias":"5"
			}
		],
		"alias":[
			{
				"value":"AT2016iee",
				"source":"2,3,4"
			},
			{
				"value":"ATLAS16dwt",
				"source":"2,4"
			},
			{
				"value":"PS16ffy",
				"source":"2,4"
			}
		],
		"claimedtype":[
			{
				"value":"Candidate",
				"source":"5"
			}
		],
		"dec":[
			{
				"value":"-31:37:01.68",
				"u_value":"degrees",
				"source":"2,4"
			},
			{
				"value":"-31:37:02.0",
				"u_value":"degrees",
				"source":"3"
			}
		],
		"discoverdate":[
			{
				"value":"2016/11/03.315",
				"source":"2"
			}
		],
		"discoverer":[
			{
				"value":"ATLAS",
				"source":"2,4"
			}
		],
		"ebv":[
			{
				"value":"0.0123",
				"derived":true,
				"e_value":"0.0003",
				"source":"1,5"
			}
		],
		"host":[
			{
				"value":"2dFGRS S411Z139",
				"source":"2,3,4"
			}
		],
		"maxappmag":[
			{
				"value":"18.6",
				"derived":true,
				"source":"2,5"
			}
		],
		"maxband":[
			{
				"value":"cyan",
				"derived":true,
				"source":"2,5"
			}
		],
		"maxdate":[
			{
				"value":"2016/11/03",
				"derived":true,
				"source":"2,5"
			}
		],
		"maxvisualappmag":[
			{
				"value":"18.6",
				"derived":true,
				"source":"2,5"
			}
		],
		"maxvisualband":[
			{
				"value":"cyan",
				"derived":true,
				"source":"2,5"
			}
		],
		"maxvisualdate":[
			{
				"value":"2016/11/03",
				"derived":true,
				"source":"2,5"
			}
		],
		"ra":[
			{
				"value":"22:23:21.60",
				"u_value":"hours",
				"source":"2"
			},
			{
				"value":"22:23:21.600",
				"u_value":"hours",
				"source":"2,4"
			},
			{
				"value":"22:23:21.62",
				"u_value":"hours",
				"source":"3"
			}
		],
		"photometry":[
			{
				"time":"57680.2908824448",
				"band":"i",
				"e_magnitude":"0.0358932",
				"instrument":"GPC",
				"magnitude":"19.1352",
				"telescope":"Pan-STARRS1",
				"u_time":"MJD",
				"source":"3"
			},
			{
				"time":"57680.2909954",
				"band":"i",
				"e_magnitude":"0.04",
				"instrument":"GPC1",
				"magnitude":"19.14",
				"observer":"Robot",
				"telescope":"PS1",
				"u_time":"MJD",
				"source":"2"
			},
			{
				"time":"57680.3012070087",
				"band":"i",
				"e_magnitude":"0.0386643",
				"instrument":"GPC",
				"magnitude":"19.1966",
				"telescope":"Pan-STARRS1",
				"u_time":"MJD",
				"source":"3"
			},
			{
				"time":"57680.3114981122",
				"band":"i",
				"e_magnitude":"0.0393132",
				"instrument":"GPC",
				"magnitude":"19.156",
				"telescope":"Pan-STARRS1",
				"u_time":"MJD",
				"source":"3"
			},
			{
				"time":"57680.3217976172",
				"band":"i",
				"e_magnitude":"0.0493059",
				"instrument":"GPC",
				"magnitude":"19.2083",
				"telescope":"Pan-STARRS1",
				"u_time":"MJD",
				"source":"3"
			},
			{
				"time":"57695.3019907",
				"band":"cyan",
				"instrument":"ACAM1",
				"magnitude":"19.42",
				"observer":"Robot",
				"telescope":"ATLAS1",
				"u_time":"MJD",
				"upperlimit":true,
				"source":"2"
			},
			{
				"time":"57695.315",
				"band":"cyan",
				"e_magnitude":"0.12",
				"instrument":"ACAM1",
				"magnitude":"18.6",
				"observer":"Robot",
				"telescope":"ATLAS1",
				"u_time":"MJD",
				"source":"2"
			}
		]
	}
}