{
	"AT2017awv":{
		"schema":"https://github.com/astrocatalogs/supernovae/blob/a0bc0b9/SCHEMA.md",
		"name":"AT2017awv",
		"sources":[
			{
				"name":"2011ApJ...737..103S",
				"bibcode":"2011ApJ...737..103S",
				"reference":"Schlafly & Finkbeiner (2011)",
				"alias":"1"
			},
			{
				"name":"Transient Name Server",
				"url":"https://wis-tns.weizmann.ac.il/",
				"alias":"2"
			},
			{
				"name":"Latest Supernovae",
				"secondary":true,
				"url":"http://www.rochesterastronomy.org/snimages/snredshiftall.html",
				"alias":"3"
			},
			{
				"name":"The Open Supernova Catalog",
				"bibcode":"2017ApJ...835...64G",
				"reference":"Guillochon et al. (2017)",
				"secondary":true,
				"url":"https://sne.space",
				"alias":"4"
			}
		],
		"alias":[
			{
				"value":"AT2017awv",
				"source":"2,3"
			}
		],
		"claimedtype":[
			{
				"value":"Candidate",
				"source":"4"
			}
		],
		"dec":[
			{
				"value":"+13:30:24.70",
				"u_value":"degrees",
				"source":"2,3"
			}
		],
		"discoverdate":[
			{
				"value":"2017/02/16.743009",
				"source":"2"
			}
		],
		"discoverer":[
			{
				"value":"PIKA",
				"source":"2"
			},
			{
				"value":"J. Vales",
				"source":"2,3"
			}
		],
		"ebv":[
			{
				"value":"0.2621",
				"derived":true,
				"e_value":"0.0115",
				"source":"1,4"
			}
		],
		"maxappmag":[
			{
				"value":"17.5",
				"derived":true,
				"source":"2,3,4"
			}
		],
		"maxdate":[
			{
				"value":"2017/02/15",
				"derived":true,
				"source":"2,3,4"
			}
		],
		"maxvisualappmag":[
			{
				"value":"17.5",
				"derived":true,
				"source":"2,3,4"
			}
		],
		"maxvisualdate":[
			{
				"value":"2017/02/15",
				"derived":true,
				"source":"2,3,4"
			}
		],
		"ra":[
			{
				"value":"03:28:23.43",
				"u_value":"hours",
				"source":"2"
			},
			{
				"value":"03:28:23.430",
				"u_value":"hours",
				"source":"2,3"
			}
		],
		"photometry":[
			{
				"time":"57799.5",
				"magnitude":"17.5",
				"u_time":"MJD",
				"source":"2,3"
			},
			{
				"time":"57800.7430093",
				"band":"C",
				"magnitude":"17.5",
				"observer":"Jan Vales",
				"u_time":"MJD",
				"source":"2"
			}
		]
	}
}