{
	"AT2016gjs":{
		"schema":"https://github.com/astrocatalogs/supernovae/blob/a0bc0b9/SCHEMA.md",
		"name":"AT2016gjs",
		"sources":[
			{
				"name":"ATel 9542",
				"bibcode":"2016ATel.9542....1P",
				"reference":"Prentice et al. (2016)",
				"url":"http://www.astronomerstelegram.org/?read=9542",
				"alias":"1"
			},
			{
				"name":"2011ApJ...737..103S",
				"bibcode":"2011ApJ...737..103S",
				"reference":"Schlafly & Finkbeiner (2011)",
				"alias":"2"
			},
			{
				"name":"Transient Name Server",
				"url":"https://wis-tns.weizmann.ac.il/",
				"alias":"3"
			},
			{
				"name":"Pan-STARRS 3Pi",
				"url":"http://psweb.mp.qub.ac.uk/ps1threepi/psdb/",
				"alias":"4"
			},
			{
				"name":"Latest Supernovae",
				"secondary":true,
				"url":"http://www.rochesterastronomy.org/snimages/snredshiftall.html",
				"alias":"5"
			},
			{
				"name":"The Open Supernova Catalog",
				"bibcode":"2017ApJ...835...64G",
				"reference":"Guillochon et al. (2017)",
				"secondary":true,
				"url":"https://sne.space",
				"alias":"6"
			}
		],
		"alias":[
			{
				"value":"AT2016gjs",
				"source":"1,3,4,5"
			},
			{
				"value":"PTSS-16olg",
				"source":"3,5"
			},
			{
				"value":"PS16ejn",
				"source":"3,5"
			}
		],
		"claimedtype":[
			{
				"value":"Candidate",
				"source":"6"
			}
		],
		"dec":[
			{
				"value":"+19:46:28.68",
				"u_value":"degrees",
				"source":"3,5"
			},
			{
				"value":"+19:46:28.7",
				"u_value":"degrees",
				"source":"1,4"
			}
		],
		"discoverdate":[
			{
				"value":"2016/09/20.607419",
				"source":"3"
			}
		],
		"discoverer":[
			{
				"value":"PTSS",
				"source":"3"
			},
			{
				"value":"PMO-Tsinghua Supernova Survey (PTSS)",
				"source":"3,5"
			}
		],
		"ebv":[
			{
				"value":"0.1109",
				"derived":true,
				"e_value":"0.0044",
				"source":"2,6"
			}
		],
		"host":[
			{
				"value":"2MASX J23285488+1946286",
				"source":"1,3,4"
			}
		],
		"hostdec":[
			{
				"value":"+19:46:28.6",
				"derived":true,
				"u_value":"degrees",
				"source":"6"
			}
		],
		"hostoffsetang":[
			{
				"value":"5.223",
				"derived":true,
				"u_value":"arcseconds",
				"source":"3,5,6"
			}
		],
		"hostra":[
			{
				"value":"23:28:54.88",
				"derived":true,
				"u_value":"hours",
				"source":"6"
			}
		],
		"maxappmag":[
			{
				"value":"18.05",
				"derived":true,
				"source":"1,4,6"
			}
		],
		"maxband":[
			{
				"value":"r",
				"derived":true,
				"source":"1,4,6"
			}
		],
		"maxdate":[
			{
				"value":"2016/09/21",
				"derived":true,
				"source":"1,4,6"
			}
		],
		"maxvisualappmag":[
			{
				"value":"18.05",
				"derived":true,
				"source":"1,4,6"
			}
		],
		"maxvisualband":[
			{
				"value":"r",
				"derived":true,
				"source":"1,4,6"
			}
		],
		"maxvisualdate":[
			{
				"value":"2016/09/21",
				"derived":true,
				"source":"1,4,6"
			}
		],
		"ra":[
			{
				"value":"23:28:54.51",
				"u_value":"hours",
				"source":"3"
			},
			{
				"value":"23:28:54.510",
				"u_value":"hours",
				"source":"3,5"
			},
			{
				"value":"23:28:54.63",
				"u_value":"hours",
				"source":"1,4"
			}
		],
		"photometry":[
			{
				"time":"57651.107419",
				"band":"r",
				"e_magnitude":"0.1",
				"instrument":"STA1600",
				"magnitude":"18.5",
				"observer":"Bin Li",
				"system":"Vega",
				"telescope":"CNEOST",
				"u_time":"MJD",
				"source":"3"
			},
			{
				"time":"57652.4669907",
				"band":"r",
				"e_magnitude":"0.02",
				"instrument":"GPC1",
				"magnitude":"18.07",
				"observer":"Robot",
				"telescope":"PS1",
				"u_time":"MJD",
				"source":"3"
			},
			{
				"time":"57652.4671869925",
				"band":"r",
				"e_magnitude":"0.0173966",
				"instrument":"GPC",
				"magnitude":"18.0702",
				"telescope":"Pan-STARRS1",
				"u_time":"MJD",
				"source":"1,4"
			},
			{
				"time":"57652.4801101984",
				"band":"r",
				"e_magnitude":"0.0218034",
				"instrument":"GPC",
				"magnitude":"18.0518",
				"telescope":"Pan-STARRS1",
				"u_time":"MJD",
				"source":"1,4"
			},
			{
				"time":"57652.4929825916",
				"band":"r",
				"e_magnitude":"0.0186637",
				"instrument":"GPC",
				"magnitude":"18.0573",
				"telescope":"Pan-STARRS1",
				"u_time":"MJD",
				"source":"1,4"
			},
			{
				"time":"57652.5059771751",
				"band":"r",
				"e_magnitude":"0.0227617",
				"instrument":"GPC",
				"magnitude":"18.0844",
				"telescope":"Pan-STARRS1",
				"u_time":"MJD",
				"source":"1,4"
			},
			{
				"time":"57668.2623571054",
				"band":"i",
				"e_magnitude":"0.0385219",
				"instrument":"GPC",
				"magnitude":"18.8564",
				"telescope":"Pan-STARRS1",
				"u_time":"MJD",
				"source":"1,4"
			},
			{
				"time":"57668.2735744324",
				"band":"i",
				"e_magnitude":"0.02783",
				"instrument":"GPC",
				"magnitude":"18.8254",
				"telescope":"Pan-STARRS1",
				"u_time":"MJD",
				"source":"1,4"
			},
			{
				"time":"57668.2847942851",
				"band":"i",
				"e_magnitude":"0.035789",
				"instrument":"GPC",
				"magnitude":"18.8381",
				"telescope":"Pan-STARRS1",
				"u_time":"MJD",
				"source":"1,4"
			},
			{
				"time":"57668.296016131",
				"band":"i",
				"e_magnitude":"0.0352598",
				"instrument":"GPC",
				"magnitude":"18.8522",
				"telescope":"Pan-STARRS1",
				"u_time":"MJD",
				"source":"1,4"
			},
			{
				"time":"57678.4236840123",
				"band":"i",
				"e_magnitude":"0.0570726",
				"instrument":"GPC",
				"magnitude":"19.02",
				"telescope":"Pan-STARRS1",
				"u_time":"MJD",
				"source":"1,4"
			},
			{
				"time":"57678.4353143811",
				"band":"i",
				"e_magnitude":"0.0613729",
				"instrument":"GPC",
				"magnitude":"19.0293",
				"telescope":"Pan-STARRS1",
				"u_time":"MJD",
				"source":"1,4"
			},
			{
				"time":"57678.4470587209",
				"band":"i",
				"e_magnitude":"0.0874701",
				"instrument":"GPC",
				"magnitude":"19.0243",
				"telescope":"Pan-STARRS1",
				"u_time":"MJD",
				"source":"1,4"
			},
			{
				"time":"57678.4586641957",
				"band":"i",
				"e_magnitude":"0.0555019",
				"instrument":"GPC",
				"magnitude":"18.9732",
				"telescope":"Pan-STARRS1",
				"u_time":"MJD",
				"source":"1,4"
			}
		]
	}
}